200
0.871275 -1.148307 -1.321173 -0.129160 0.402005 -1.272404 -0.274037 0.799781 0.475797 0.133575 -0.621884 0.483744 1.187272 0.152253 0.314643 -0.698163 -1.292532 -0.159624 1.484564 -0.074839 0.030648 -0.226864 0.531026 -0.205325 0.374885 -1.449419 -0.068570 -0.792428 -1.684635 0.109233 -0.115620 -0.292924 1.371352 -0.890097 -0.783009 -0.269295 1.027675 0.139744 -1.521456 0.926710 0.674226 -0.211169 1.243198 -0.964551 0.511804 -1.334835 -0.380807 -0.540401 0.557977 -0.498927 0.076246 -0.563122 1.127428 -0.192011 2.605248 -0.020114 0.066105 0.171842 -0.887137 0.433371 -1.426661 0.310846 0.770582 1.229485 0.142743 -1.227763 0.730608 0.009481 -0.767023 1.105111 -0.679217 -1.600935 -2.294966 -2.114186 1.390920 0.340539 0.753350 0.719936 -1.737822 0.501339 -1.932873 0.800305 0.452261 -1.766206 1.935424 0.907495 0.051382 -0.468674 0.986650 0.024684 -0.586805 -0.277224 0.889558 -1.101964 0.776868 2.110100 -0.008323 0.029916 1.153288 -0.015135 -0.061630 0.546478 -1.904638 -0.317069 0.447775 -0.013115 -0.276503 -1.098829 0.942191 0.041063 -0.235484 0.772411 -0.853720 -1.314868 1.363432 -1.172240 1.199606 -0.048429 -0.794119 0.561266 0.228616 -1.689687 0.510443 -0.972744 0.307917 0.937631 1.194511 0.007767 -0.154977 0.464137 1.002692 -0.456200 0.057714 0.116747 1.027695 -0.479939 1.629917 0.666610 0.499234 -0.857463 0.280069 -0.149505 2.266435 0.818734 -0.328254 -0.560837 -0.603221 0.556515 -1.509201 -0.676218 -0.046600 -0.613825 -2.339306 1.255933 -0.568979 -0.478936 -1.266116 1.333690 1.150810 0.338335 -0.382202 -0.326635 -1.583675 1.157936 2.573204 -0.485949 0.754512 -0.265155 0.641508 -0.306329 1.532753 0.776867 0.443880 -0.097207 -1.681965 -0.132090 -0.516149 1.381087 0.499358 -0.506610 0.471295 -1.238346 0.064109 0.596216 -0.035769 -0.171970 -0.758756 0.065641 0.202510 -0.143826 0.210401 -1.766736 0.937124 0.096418 -0.006195 -0.443205 1.673074 0.983130 -0.407758 0.574063
-1.909816 1.031691 0.683057 0.690723 -0.488150 -0.808345 0.084787 0.673709 -1.266136 -2.050812 1.439915 -0.559631 -0.863296 0.032579 -0.610632 0.071912 -0.710494 0.063721 0.503905 0.332553 -0.132091 2.024183 0.278879 0.655088 0.714270 0.365975 0.582513 0.678341 -1.992764 0.454732 -0.292409 1.303621 -1.814428 -0.201616 -0.047207 0.356534 0.651549 -0.835858 0.360213 -0.253144 -0.738444 -0.222137 0.659565 -1.697646 0.422384 -0.935780 -0.895762 -0.599716 -1.113632 -0.852434 0.893820 -1.128409 -0.219987 0.843644 -1.251320 -0.809218 -2.739880 -1.983166 -0.233406 -0.000046 0.523949 -0.695002 -0.552441 2.270053 0.178095 -0.684613 0.211709 0.627699 -0.850923 -0.074550 -0.422185 0.298074 1.237770 0.290200 -1.279958 0.148658 -0.841516 -1.708755 0.208887 2.870819 1.637688 0.346061 0.507335 -0.025585 0.263632 -0.127964 1.362413 -1.259458 -0.848433 0.877852 -0.319186 2.949148 1.730409 -0.557430 -0.436309 -0.554955 -0.120229 0.241656 0.014280 0.890307 -0.468538 0.719480 -0.642090 -0.265654 0.814999 -0.919554 -0.881016 0.824266 0.099655 -0.591323 -0.663070 1.213953 -0.222131 -0.562358 1.487120 1.842004 -0.882299 -2.110189 1.475484 0.700216 0.432883 1.042897 -0.653353 1.557231 -0.761415 -0.625521 -0.164466 -0.392802 -0.608466 0.788869 -1.208184 0.532440 -1.219263 0.458392 0.682578 -1.410621 1.264602 -1.378313 -0.498090 -0.628078 -1.303966 0.331466 1.152005 1.455075 -1.387082 0.927950 -0.824039 0.038482 -0.243911 0.450919 0.648813 -1.559887 -1.185431 -0.070473 0.238588 0.508316 -0.421038 2.059568 0.470832 -0.053168 -0.237473 0.757636 1.981159 0.126028 -1.040582 -1.116043 -1.673875 -0.601621 0.027261 -2.689547 -1.757585 0.450987 0.400322 1.056798 -0.906027 -1.676858 -0.310550 -2.404746 -0.738262 -0.408714 0.399783 -0.643376 0.737434 0.175056 1.206672 -0.376678 -1.698943 -0.423805 0.400799 -0.374826 0.219661 -0.698681 -0.480641 -0.453859 -0.462169 -0.288591 -1.065914 0.012921 -1.240710 -0.504705
-1.200001 -0.939347 0.239062 -0.663077 -1.914696 -1.818448 2.121191 1.116231 0.555226 -2.354546 -1.653158 1.713520 1.282457 -0.190926 1.150877 1.384372 -0.085395 2.254208 -1.943870 -0.819346 0.123096 0.629792 0.851254 0.928532 -1.641761 0.499662 0.543279 -1.006251 1.735037 -1.082343 1.390517 0.862190 -2.798044 2.065337 0.208811 -0.938977 0.792838 0.686794 1.843378 -0.904964 -1.086924 1.694287 0.250210 0.192213 -0.754699 -0.194410 -0.877208 -1.342295 -2.124440 -1.105471 0.951743 -0.833918 1.397414 -0.186648 0.932333 0.596335 0.049298 -0.798390 -0.693296 0.731304 -0.702269 -0.527298 -0.625786 0.074757 0.405234 0.456941 -0.530725 -1.573748 -0.294239 0.734583 0.418447 0.758383 -0.874061 1.957646 -0.054879 1.008690 0.027364 0.618873 -0.571892 2.008470 -0.363293 -1.950748 -0.514012 0.285203 2.018327 -0.564689 0.930450 -0.341338 0.216053 1.828122 -0.061106 1.287233 0.774468 0.310824 -0.685544 2.724148 -0.050626 -1.547651 0.174668 -1.003485 -0.836700 0.444997 -0.089905 -1.976336 1.040850 -0.388453 0.018977 0.403525 0.672105 -0.345833 -1.484067 -0.044006 -1.744924 0.735008 -0.196502 0.092775 -1.680142 -0.155184 0.091210 -1.746978 -0.340461 -1.128530 -0.395755 -0.657165 -0.489846 -0.111242 1.091033 0.215504 0.401223 -1.139682 -0.257832 0.701900 -0.286449 1.130067 0.309863 0.307829 0.365097 -1.326427 -0.628085 -1.040172 -0.721574 -1.625570 0.562502 1.697136 1.559212 -0.583251 -0.127508 1.874909 -2.017188 0.035299 1.385164 1.225721 1.346313 -0.192410 -0.048343 -1.427034 1.126586 -0.435304 -1.418272 0.782884 1.010447 1.294110 0.543939 -1.292510 0.204111 -0.765025 1.269119 0.065688 -0.318895 -0.885827 -0.574267 0.702491 -0.434190 -0.932777 0.420921 -1.199311 0.048282 -0.215846 0.784479 -0.322699 -1.065437 0.410181 -0.032880 0.580086 0.889060 0.289175 -0.375970 -0.719131 1.049953 1.540477 -1.152814 0.286615 0.332656 -0.557040 -0.513773 -1.672522 0.545584 -0.054054 -0.118164 1.688140
-0.161454 0.895024 -1.254595 1.577270 0.467409 0.220522 0.523455 -0.089933 1.729653 -0.342193 -0.802944 -0.108306 -1.013987 0.148292 0.541665 0.748680 -0.881202 -1.827065 1.197168 0.577166 -1.880688 -0.823911 1.197746 0.847328 0.297098 0.279405 2.262334 0.016409 1.859554 0.106222 -0.880526 1.888686 0.244964 0.187380 0.664514 0.130553 -0.844924 0.495641 0.081925 0.525082 -1.719351 0.510556 0.601653 -0.215582 0.198522 -1.931143 -0.866565 0.151450 0.125059 -0.470853 -0.789868 2.136968 -0.364940 0.921666 1.924771 -1.529895 0.404587 -1.070481 -0.511079 -2.009468 -0.954088 0.951869 -0.565438 -0.086765 0.409173 -1.333292 0.922371 1.062440 -0.494997 -0.154371 -1.894056 0.352042 0.689965 0.268370 1.511980 0.289288 1.286932 1.460451 0.816649 -1.099895 0.158539 0.884706 0.254810 -0.080400 -0.686200 1.380394 -1.207667 0.961742 -0.116000 1.270002 2.172030 0.106663 -0.503254 -0.319557 0.253072 0.225856 -0.734675 -0.493160 0.059435 0.576866 -0.450501 -0.187415 -0.031441 -0.610714 -0.740925 0.128962 -1.304271 0.032531 1.328212 -1.881356 -1.570278 0.234387 1.650389 1.145742 -0.534066 -1.213107 -0.897336 -1.942654 -1.326757 -0.046835 -0.329583 -0.419888 1.437310 0.068940 0.847094 -0.847740 -0.793324 1.840369 1.049091 1.175859 0.641156 0.170711 0.067094 0.808463 0.641177 -1.396409 0.492936 1.744975 0.277570 0.869618 -0.719496 -0.968364 1.608893 -0.981837 -0.658499 0.047565 -0.160801 1.400032 -1.682670 -0.711145 0.094489 -0.018454 -0.391727 0.727438 -0.786517 1.997081 -0.874111 -0.041774 0.478469 -0.202479 -1.254082 0.374930 -0.722267 -0.383300 -1.493666 0.647739 -1.405280 -1.784349 -2.272727 0.212218 0.304817 0.680387 -0.801497 1.618379 -0.624642 -1.675590 -0.183684 -0.744232 0.402959 0.466550 -0.803156 -0.123350 0.064274 -0.823781 -0.390788 0.907331 -0.336470 1.636154 -0.156540 2.527599 -0.363771 -1.854310 -0.124944 0.340005 0.772264 0.208732 -0.756781 0.964778 -0.661523 -0.375862
-0.392252 -1.185651 -0.011125 -1.245511 -1.877564 -0.576727 -0.727283 1.519613 -1.053116 1.427914 -1.083795 0.296219 0.064926 0.532238 -0.173620 0.166151 -0.234222 0.844062 0.547122 -1.334051 0.082205 -0.136245 -1.240408 -0.392710 -0.222027 0.216835 1.625426 -0.520764 0.984672 1.090084 0.047424 -0.173280 -0.007371 0.273675 0.316043 2.462334 0.851556 -0.496200 -1.200637 -0.098576 -0.145387 0.590933 -0.681220 0.164138 2.243319 1.147711 -1.750164 -1.007305 0.030848 -0.023543 -0.111942 0.759604 1.336535 -2.007256 -1.098387 0.455223 0.162682 0.740213 -0.957243 0.664104 -0.881526 -0.214356 0.246889 0.318292 -0.706819 -1.610435 -0.407704 -0.456744 1.616304 2.472162 -0.026653 0.017506 -0.359056 -0.297385 0.009229 0.343468 2.325105 2.041517 -0.079297 -1.444019 1.321431 -1.993423 -2.319823 1.406764 0.218878 0.956095 0.455205 0.707341 -0.665363 0.419370 -0.255570 0.515233 -0.271492 1.137341 -0.848846 0.383084 1.395199 -0.014458 -0.129504 0.226823 0.114924 -0.688177 1.790892 -0.276601 0.909596 -0.925922 0.839958 0.787653 -0.337371 0.670022 -0.931681 -0.320381 -0.963376 0.110511 -1.078078 -0.482081 -0.306588 1.297824 -0.443003 -2.052777 0.246620 -0.318436 -1.456678 -0.238308 0.887973 -1.774936 -0.189396 0.035240 1.216029 0.498080 1.969778 -0.523319 0.790336 -2.085677 0.690745 0.258024 0.343907 0.441613 -2.274218 -0.725062 -0.489830 -0.067835 1.026646 1.522034 2.101481 1.070312 2.002050 0.203710 -0.652184 1.407832 0.507850 -0.490090 -1.098054 0.837364 -0.689641 -1.109998 0.579187 -0.208772 -0.031823 0.087516 1.659812 -1.828322 -0.680657 -0.362689 -0.293301 -0.149026 -0.288948 0.270258 -0.190127 0.203088 0.743347 0.429331 0.252162 0.029549 0.226876 -1.947457 -1.237551 -0.163102 -0.707062 -0.962214 -0.364101 1.190860 -1.308199 0.365167 -0.455051 1.688540 -2.625777 0.126215 -2.307836 -0.043728 -1.445531 -0.369776 -1.461429 -0.317784 0.893092 1.762372 0.035296 -0.956089 -0.213361 0.607802
-0.957876 -0.025718 1.468263 1.790848 1.058021 -0.453427 0.388171 -0.012489 0.931840 -1.072180 -0.880649 -0.560592 0.490533 0.847456 0.268912 0.617464 1.178947 0.434932 -1.926242 -0.680948 0.173737 -0.824750 -0.720003 -0.556851 -0.630307 0.077961 -1.144540 0.301155 -0.066535 0.836256 0.991613 0.151881 -0.442286 -0.835882 0.881233 -0.189211 -1.984287 -0.152047 -0.987012 0.304697 -0.097339 0.013282 0.009024 1.111811 1.253197 0.465823 -0.893598 0.985800 0.108687 0.322063 0.445583 -0.109714 -0.524910 -0.885226 0.217777 1.987760 -0.360483 -1.552362 -0.564222 0.579677 0.290872 -1.919639 1.891629 -0.797792 0.967805 1.027671 0.726575 0.541177 1.946920 0.491908 -1.405179 -1.300142 -0.478521 -1.479165 -1.361574 0.244401 0.183423 0.078898 -1.354331 0.854867 -0.370625 0.562878 1.744349 -0.101469 1.647065 -1.619769 -0.843529 -1.124348 1.151211 1.145107 1.744353 0.308988 0.172717 -0.556576 -0.062700 -0.040336 0.356466 -0.328937 1.002908 1.163554 0.194038 0.399325 -0.350756 -1.080745 0.569635 -1.734735 2.043928 -0.556924 0.680130 -0.550073 0.551584 1.115148 -1.136284 0.062251 0.579272 0.315042 -0.756483 -1.489072 -0.429193 -0.279537 -1.205830 -1.512352 -1.086977 -1.839535 -0.611291 0.911110 0.892197 -1.258523 -0.927876 -1.064010 -0.187361 -0.798454 -0.198138 1.005294 1.427806 -0.622089 -1.077932 0.535900 1.061760 -0.674178 -0.942595 0.261112 -1.309950 -0.895481 1.207860 -0.535194 0.184329 -0.271248 -0.000355 -0.879967 0.753356 -1.080612 -1.809394 -1.684356 -0.059867 0.658016 -0.612218 0.387674 -0.883611 1.469765 1.000648 1.155214 0.647793 0.850329 0.406230 -0.354316 -1.163225 0.898556 -0.477922 0.520691 1.157107 -0.273443 2.026016 -0.446272 -0.912780 0.256145 0.324016 0.179138 -1.890742 1.522844 1.947253 -0.904850 -1.661903 0.437197 -0.942945 0.202921 -1.846819 1.462451 -1.112135 -0.314679 -0.077662 -1.751966 -0.604378 -0.187388 0.576440 -1.120586 0.873800 1.073607 -0.545222 -1.138695
-0.170938 1.160438 -0.141265 0.378228 0.227492 -0.160441 0.136369 0.802969 2.047574 1.534559 -0.883410 -0.418818 -0.509303 0.381814 -2.236194 -0.978454 -0.682647 1.259129 -0.200967 -0.464848 -0.690031 -1.164252 1.119221 -1.282020 0.001591 0.496011 0.717893 0.154828 1.278033 0.413281 -1.703392 -0.096814 -1.053287 -0.761044 1.303269 -0.052648 -1.012752 1.381287 0.028875 0.790967 -0.518314 -2.431881 -0.536223 -0.038860 0.429709 -0.850928 0.332245 -0.570138 1.972845 0.801339 0.029012 1.027530 0.985711 0.643343 -0.346729 -0.525014 -1.997049 0.443293 0.235950 -0.575529 0.419893 -0.085657 -1.931885 0.034045 0.466996 -1.014284 -0.435834 -0.585481 1.427490 -1.130859 1.390366 2.127867 0.469340 -0.399172 0.356553 -1.130961 0.054749 -0.390088 0.266668 0.629563 -0.693411 -0.290435 -1.152114 -0.408530 1.429128 0.850706 1.621847 -0.424096 0.857785 0.044212 0.033322 0.669789 -0.002611 -1.206662 0.225426 -0.673042 0.282112 -0.730988 0.572251 0.143841 -0.136890 -0.031746 0.309962 0.456260 -0.362680 -0.387690 -1.798622 -0.324731 0.884186 -0.034836 -0.496605 1.583804 -1.064375 -0.057550 -1.937193 1.455490 0.421599 -0.987328 0.777756 1.012870 0.378295 0.436491 -0.466860 0.779162 0.507521 1.159785 0.339621 -0.856073 -0.940973 0.719362 -0.909816 -1.579716 0.895474 -0.432940 1.252030 -0.120407 -0.091347 -0.331196 -0.221970 0.306456 1.251923 0.306532 1.868533 1.439572 -1.831721 0.203144 -0.312379 0.089646 0.598683 0.280684 -0.895005 -1.566982 -0.053464 -0.230009 0.697969 0.775989 -1.001014 0.465349 0.047875 -0.446135 -0.317036 2.060608 0.056636 -0.090994 -0.935345 -0.782036 1.367167 -1.045184 2.461345 -0.747451 1.750975 -0.908738 0.451549 -1.006675 1.669559 -0.146464 -1.914569 -0.231749 0.026677 0.113532 0.842037 1.307616 1.020989 -1.737695 -0.761786 0.927596 -0.319440 0.689982 0.290778 -0.456383 -1.478865 0.173620 1.055093 0.244338 -0.103672 0.965959 -0.138434 -0.795415 -1.894543 1.104635
1.381057 -0.319065 1.831024 0.731755 -0.288770 -1.030417 1.964549 -0.748217 -0.654166 1.422179 -0.634428 -0.610592 -0.788908 1.546776 1.549115 0.362004 -0.270136 0.930205 0.609522 -0.953089 0.286920 -1.874653 0.927241 0.796304 0.623408 0.204255 -2.524374 -0.810842 -0.659351 1.128860 -0.918879 1.328281 -0.897550 -1.253236 1.112570 0.052719 -0.963531 -0.667951 -0.645867 1.219402 -2.147122 0.855705 0.007169 0.384284 -0.237004 -0.314966 -0.176840 0.881222 -1.560024 -1.892137 0.875934 -0.013973 0.170096 -1.486110 -0.061420 -0.117697 0.616667 0.419018 -0.063559 0.269958 -1.570440 0.080801 1.103272 -0.589491 -1.802337 0.665125 -0.742742 -0.121812 -0.409761 -1.009012 0.310810 0.758581 0.571132 0.366583 -0.867473 -0.608128 0.779311 0.260094 0.893869 0.901091 -0.079245 -1.575693 -1.453728 0.614467 0.751673 0.382752 0.187042 -0.278771 0.074010 -0.414256 1.353191 0.027027 0.073828 1.889823 -1.224161 -1.868809 0.945543 1.469012 0.655579 0.179889 0.439330 0.221182 0.817995 0.605667 -0.283400 0.040878 -2.533970 0.425593 1.323179 0.143757 0.933192 0.319478 -1.286106 -0.853343 0.520288 0.151234 -0.077579 -0.828581 -0.204216 0.081864 0.598059 -2.334397 -1.062499 -0.902580 -1.208916 0.518656 -1.047905 2.555772 1.856575 -1.568692 -0.372625 -0.905641 0.249834 -0.288558 1.132584 0.150870 1.094465 -0.256484 0.973099 0.154107 -0.166783 -0.101066 -1.398358 -0.463005 -1.413721 -0.753366 1.046473 -0.117038 0.510168 -0.947209 0.248592 -0.912190 2.212348 -0.525429 -0.216176 1.125554 0.285435 -0.577373 0.084532 0.341225 -0.121203 0.836286 0.727971 0.615081 -0.307448 0.307758 1.082784 -0.586008 0.518627 0.998994 -0.843138 -1.307826 -0.537242 -1.618308 -0.666721 1.942323 -0.052425 0.508509 -0.400890 0.516099 -0.551300 -0.352804 0.809757 1.748851 -0.817700 0.672696 1.241743 -1.469404 -1.336692 -0.645453 0.841475 -2.134301 -0.415417 -0.764892 0.915397 -0.391731 1.485885 -2.279835 -0.505625 -0.966467
1.082053 0.303630 -0.435077 -0.587011 -1.124570 0.247351 -0.533340 0.923731 0.238499 0.210362 0.971933 0.871378 1.539796 -0.408877 -1.536031 1.088476 0.897210 -0.940227 -0.596415 0.235479 1.156189 -0.147243 -1.187554 -1.960275 -0.616714 1.259505 0.238651 -0.555720 0.809961 -1.788210 0.007532 -0.235331 -1.671234 -0.937389 0.770434 -0.554582 -2.445977 0.065223 -0.024347 0.996027 0.396252 -1.027326 0.700279 0.092288 -1.816818 0.554924 -0.981472 0.954893 -0.631432 -0.535921 -1.785522 -1.143095 -1.564651 0.168308 0.492438 -0.159650 0.350206 -0.225901 -0.936399 0.299529 -1.256210 0.761167 -0.784095 1.430506 0.258891 0.511810 0.337554 -2.198693 0.228745 0.860490 0.006899 -1.353233 0.296555 0.499327 -0.088212 3.085759 -2.077779 -0.696397 -0.721004 -0.059742 -0.074845 -1.015308 0.959181 1.132336 -1.456633 -0.869473 -0.230088 -0.486219 0.247892 -0.813135 -0.606945 -0.202687 -0.080208 -1.131290 -0.779845 -0.235255 -1.151164 1.436280 1.198448 -0.421777 1.984622 0.708867 -0.929040 -0.454584 0.265145 -0.255495 0.818926 0.031580 0.323618 -1.421716 0.054261 0.875559 -1.389627 0.236653 0.785032 -2.723340 -0.484117 -0.221462 -0.885718 1.736474 -1.237049 0.492499 -1.113559 0.404403 0.243684 1.324804 0.651765 1.438313 0.337836 1.954542 0.580824 -0.429537 0.096505 -0.868826 -0.679906 -0.619489 0.749385 0.726900 -2.208874 0.073642 -1.093193 -1.283883 -0.867901 1.262725 -0.227042 -0.731022 0.580462 1.130169 -1.321822 -0.982614 0.439320 -1.149001 1.033311 -0.813575 -0.512685 0.317932 -0.614803 0.686430 -0.094294 0.939558 0.625361 -1.221539 -0.054595 0.868059 1.138402 -0.614477 -1.339960 -1.792113 1.408837 0.025264 0.413032 0.950584 0.815827 -0.275903 0.944061 -0.529046 1.782720 0.007951 -0.887083 0.657302 0.638015 0.494076 0.531008 0.025313 -0.980091 0.089471 -0.913165 -1.071072 -0.581680 0.398560 -0.406736 -0.493886 -1.077622 0.673950 -2.721635 -0.255660 -1.041500 0.181539 0.312706 -1.345599
-0.263266 0.564114 -0.735301 0.010154 -0.669697 1.247950 -1.510591 -1.058486 0.210064 -1.577252 -1.492929 0.449413 -0.960216 0.597588 -0.772725 0.168967 -0.628425 -0.954642 0.829834 0.453189 -1.235468 1.056406 0.755230 -0.079869 0.297498 -0.848900 0.679184 -0.488451 -0.726245 -3.198053 1.694497 -0.723551 0.176649 1.696761 -1.328684 0.148990 -0.695435 1.994795 0.080237 2.455682 1.016519 0.217736 -0.081582 -0.697215 1.534734 -1.187253 1.127088 0.899802 -2.938659 -0.606264 -2.713557 0.825149 1.468383 -0.102770 0.740438 -0.954237 0.033094 0.363509 -1.638255 -1.002203 -0.755985 1.269750 -0.149026 -0.862646 -1.324439 0.576310 -0.228663 -1.696604 0.292554 -2.245832 -0.029871 -0.764846 -0.257436 0.493602 0.416496 -0.913173 -0.144852 -1.215240 1.197652 -2.039470 -1.915183 -1.147578 -1.476391 0.660741 0.676653 0.530334 -0.721374 -0.534575 0.152775 -0.514553 0.206019 0.491494 1.069867 0.649416 0.949271 -0.627796 -0.194644 0.027546 0.337607 0.013340 0.291342 -1.102871 -1.097748 -0.023253 -0.508878 -0.300363 -1.395474 -0.809182 1.207559 -0.525974 0.626352 1.824480 -0.896909 0.636689 -0.871040 0.634385 -0.129336 -0.829056 -0.308266 1.071989 -0.179539 1.907857 -0.286897 1.313662 0.262668 -0.414303 1.099839 -0.573155 -0.833884 -2.382706 -0.811927 0.086368 0.861021 -0.659649 -0.216574 0.141074 0.273998 -0.495954 0.832376 -0.223485 -0.815876 2.339294 -0.471722 -0.014006 -0.580696 1.771559 0.884498 1.239904 -0.070040 -1.159144 0.019051 -0.475724 0.947299 -0.230546 -1.013248 0.125344 -1.150677 0.253884 -2.382638 -0.600328 -0.044307 -0.212847 0.442426 1.492940 -0.525359 -0.351278 -1.389880 2.542753 -0.593151 -1.298527 0.029148 -0.689102 -0.268391 0.604725 -0.657360 -1.658803 -0.305135 0.050957 -0.805563 -0.619722 0.678760 -0.374312 -0.345786 -0.012731 -2.425764 -0.671690 1.999986 0.090039 -0.449482 -1.170532 -0.542749 1.177027 -2.212004 -0.291653 0.570879 1.042470 -0.298084 -0.356385 0.074480 -0.812516
1.589207 -0.364991 1.077429 1.297051 1.750224 0.726216 -0.125344 -0.013918 0.243606 -0.596178 -0.323074 1.214397 -0.296028 -1.131908 1.062899 -1.075325 -0.569754 0.179230 -0.402976 2.031990 -1.156670 0.214572 1.233453 -0.822202 0.803975 1.323540 0.287177 -2.091079 1.718350 0.427065 2.705756 -1.364600 0.657155 -1.042777 -1.022164 0.202774 0.643391 -0.187259 -0.278524 1.558242 1.118939 -0.225603 -0.215824 0.980844 0.256003 -0.003748 0.230120 0.365003 -1.380907 -0.543060 0.891952 1.674954 0.582209 1.299673 -0.162884 -0.956940 0.628387 -0.912712 0.055393 -0.888481 0.570463 -1.080407 0.122004 -0.941352 0.711727 -0.266640 -1.252004 0.119303 1.623928 -1.424634 -1.219019 -0.266722 0.394551 -0.748255 0.095689 1.087226 1.421562 0.353879 0.149739 1.926538 -0.467787 1.597419 0.238818 0.638750 -1.352351 1.160983 1.001003 0.868092 1.111374 -0.108729 -0.988890 0.085408 0.882170 1.209928 -0.688899 0.266461 -1.994247 -1.469636 -0.126168 -0.275922 0.122927 0.593914 -0.237266 0.034060 0.901687 -0.235870 -1.741118 -0.181062 -0.409181 -0.763210 0.598862 1.488618 1.317974 0.808634 -0.425076 -1.388032 0.095059 -0.187138 -1.307351 -1.026275 1.720362 -0.630651 0.885291 -0.797653 1.140176 1.195085 -1.107722 1.397497 -1.350441 -0.555682 1.103782 0.063743 -1.578576 -1.615375 -1.317667 -0.684740 -0.220156 -0.947845 0.859969 -1.380709 -0.802606 0.258822 -0.019929 -1.327219 -0.280967 -0.377470 -0.007658 -0.258399 -1.886503 -2.223602 1.035417 -0.984154 0.520223 -0.184713 -0.048869 -0.534107 0.697755 -0.195075 -0.087406 0.420450 -1.647941 -0.695304 -0.597683 -0.950048 -1.565992 0.757974 -0.191107 -0.039214 0.470773 -0.329913 -0.021804 1.288677 1.550116 -0.840060 -0.806736 -1.516190 -1.434619 0.475956 -0.677319 0.902013 1.644034 -0.092910 -2.751454 -0.232639 0.416362 0.136077 -0.648956 -0.465396 1.018106 1.505065 0.860334 -0.296559 0.713936 -0.862751 -0.474773 -0.696983 -0.288776 -0.390595 -0.900563 0.463719
-0.582069 -0.946525 -0.445641 0.191302 0.456988 -0.516897 -1.187577 0.459273 -1.871258 1.100578 0.639995 -1.267029 2.768064 -1.122501 -0.699346 -0.201155 -0.803754 -1.524443 0.496162 -1.834220 -0.193589 1.619301 -0.083257 -0.463735 0.638523 0.365724 -0.850646 -0.970226 1.381104 0.065817 -0.535233 -0.689223 0.788824 0.042206 1.169722 -0.029117 -0.886398 0.507029 -0.126066 -0.863724 -0.944374 0.200957 -1.035224 -1.429653 0.217042 -0.012381 0.206430 1.150211 -0.992081 0.231177 -0.885465 1.461049 0.640825 0.886583 0.137070 -0.642323 -0.103962 2.045533 -0.509418 0.422287 -2.295220 -0.556893 -0.214161 0.413606 -1.480306 0.537687 0.373810 0.000955 -0.566005 -1.853790 1.532014 -0.346101 -0.722823 -1.742144 0.067452 -0.690239 -1.213353 -1.275530 -0.350559 -0.846835 -0.236442 0.194256 0.194798 -0.168711 1.635488 -0.398466 -1.636048 -0.067279 0.483359 -0.126744 1.038623 -1.190746 -0.870773 -0.974259 1.915725 2.216910 -0.276362 -0.559766 0.091294 -0.963410 0.332462 0.865193 -0.912459 -1.402112 0.007798 0.553124 -0.179339 -2.337660 -0.587356 0.411338 0.802978 0.978663 0.826347 0.428702 0.192248 0.072592 0.012238 1.108598 1.758347 -0.414055 3.007097 -0.220521 -1.348410 -1.228394 -0.866878 -0.059698 -1.072280 0.891839 0.492141 0.116151 0.526978 0.813182 -0.836121 0.467120 -0.312453 -0.158272 0.674381 -0.193510 0.433604 1.233659 -0.587705 -1.245528 0.443089 -0.242043 -0.260138 0.342340 1.916812 1.535647 0.543910 0.891822 1.073263 -0.960531 -0.192070 -0.981609 -0.280532 -1.489248 -0.379631 -0.077872 -0.289836 -0.746650 0.573078 -0.193183 -1.340445 1.859807 -0.167462 -0.357280 1.557165 -0.621181 1.715647 0.541874 -0.428909 1.454671 0.457054 -1.878240 -1.394685 0.258352 0.109251 -1.463292 -0.263877 -0.615969 -0.645628 -1.925821 0.606042 -1.133326 0.662635 -0.223094 0.503111 0.082379 0.084566 -0.889334 -0.655436 0.634437 -0.869634 1.609775 -0.103418 -1.021383 -1.567052 -1.507072 -0.468626 0.633205
-0.681015 -2.006930 1.094434 -0.505231 -0.484884 -0.526595 -0.180506 0.385751 -1.370047 -0.579083 -2.157671 -0.619400 -0.220671 0.112844 1.309010 0.215143 0.561247 -0.242720 1.187593 0.658484 -0.549076 0.024028 -0.532289 -0.407879 -0.432269 0.254311 -0.321618 -0.808885 0.832110 0.316399 1.224834 0.285407 0.453676 -0.094372 0.678721 0.911300 0.382729 -0.708373 -1.178986 -0.674162 -0.209680 0.345523 -1.368825 -0.867613 -2.340750 1.801799 -0.298175 -0.423409 1.358376 -0.259183 0.103168 -0.542935 -1.019654 1.587366 0.954547 -1.412176 0.344234 -1.417564 0.870033 -0.216501 -0.667404 1.489081 0.290322 0.105128 -0.485899 0.662970 -0.055299 -0.213779 -1.199451 -0.126021 0.653305 -1.653127 -1.364120 -0.496001 1.283018 0.869596 -1.230100 -1.629767 -0.010960 0.326389 1.304267 0.086169 -1.717671 0.109988 0.385364 0.940010 -2.029894 -0.149358 0.872856 0.165203 0.591272 1.610278 -0.091545 0.303610 1.415887 -0.081371 -0.463557 0.044802 0.318712 -0.097332 0.304830 1.535609 0.310777 -0.917453 0.278285 1.250724 0.941802 1.803908 -0.404491 -1.205102 -0.328843 -0.481748 -0.271094 -1.152705 1.316014 0.023027 -0.009317 -0.143777 0.766681 0.020804 -0.777441 -0.581972 -0.716675 0.773236 0.532774 1.410317 2.641579 1.381602 1.454536 0.723503 -1.478248 1.688389 0.100289 1.080461 0.454813 0.680496 0.581368 -1.730685 -0.133398 -0.046415 -0.744526 0.012293 0.104256 0.741547 1.298625 -0.393622 -0.808120 -0.080445 0.974314 -0.291248 0.170708 -0.381345 0.347505 0.400603 0.090235 0.293323 -0.075391 0.000982 -0.490958 -0.001177 -0.439997 1.683369 0.272540 -0.732835 -0.007749 -0.170121 1.081023 -0.053392 -0.522646 -0.444639 0.740438 -0.568246 -0.088453 -0.366630 -1.184578 -1.366226 -0.103172 0.538216 -0.367830 1.251292 1.809110 -0.733738 -0.261654 -1.364550 -1.254561 0.648700 0.395756 0.432610 2.712181 1.091023 0.028623 1.344746 0.069585 -0.217711 -1.104415 -0.566489 0.015426 1.036009 -0.453610 0.779352
-1.172801 1.403754 -0.940211 0.289137 -1.195583 -0.470167 1.472684 1.667112 -1.399034 0.330676 -1.027740 -1.538965 -0.132730 -1.317043 -1.699148 0.501582 -1.754550 -0.964183 -0.165227 1.153227 -3.116356 -0.299350 0.756371 0.005894 0.778055 1.302623 -1.954714 0.570615 0.452672 0.377679 0.250212 -0.226997 -1.149338 1.425876 -0.003585 1.481697 -0.620607 -0.298950 0.346975 1.038982 0.945654 -0.377488 0.029575 0.826596 -0.140740 1.025750 1.053199 0.154487 1.018121 0.507395 1.254855 -2.463348 -0.373446 1.443271 0.365405 1.183465 -0.718739 0.932609 -0.673748 -0.774132 -0.516519 -1.450691 1.098657 -1.244337 -0.763820 0.088281 0.794460 -0.917043 0.257242 0.827667 -0.709685 0.514027 3.117912 -0.002361 -2.275601 -1.475990 -0.758775 -0.909430 -0.055286 0.162042 1.113017 1.321897 0.398174 -1.629127 -0.405458 -0.027241 1.503170 0.248832 -0.754869 -0.643739 -0.641544 -0.512282 -1.687279 -0.749552 1.204127 -0.221156 -0.651264 2.429124 -0.221625 1.856833 -1.859991 0.367118 -1.757325 0.231778 -2.206166 -1.535825 -0.343909 0.571293 -0.134876 0.827696 -1.280818 1.087962 1.987751 0.474812 -0.183341 -0.332910 0.943032 0.702554 -0.582545 -0.876669 0.196277 -1.777390 1.521359 -0.543918 -1.614171 -0.265561 -0.007387 0.313444 0.230596 1.120007 2.069808 1.170402 1.292894 1.703288 -0.956978 0.081380 -1.352149 0.006021 0.691407 -0.465541 2.284142 1.240570 -0.923888 -0.921012 -1.401496 1.555401 0.454480 0.094689 -0.944461 1.081800 0.192887 -0.183302 1.492767 -0.905304 -0.172840 0.801709 -0.274286 -0.828123 1.079138 0.077919 1.460548 -0.871891 -1.475071 -0.179168 -0.274147 -0.259320 0.672908 -1.360130 0.463566 0.742371 -2.104143 -0.115418 -0.593666 0.177371 2.525190 -0.886631 -0.324235 -0.774050 -1.448435 -0.520941 0.755670 -0.900562 0.569415 0.917658 -1.287381 1.095986 -1.395285 -0.829280 -1.051846 0.908453 0.435204 -0.949146 1.795402 0.446255 0.442744 0.866500 0.216233 0.834087 0.407637 1.030449
0.659173 0.386692 0.312511 -1.090059 -0.295760 1.374611 -0.532218 -0.855000 -1.223904 -0.181133 0.012944 0.203844 -0.111552 -1.056705 -1.256126 1.503691 0.717076 -0.318161 1.168414 -0.091428 -1.836711 0.608388 -0.774480 -0.067360 1.508012 -0.295708 -0.407982 -1.287438 0.602132 -1.576151 -1.087347 3.022909 -1.315409 1.764468 1.048774 0.349144 0.265203 -0.287736 2.221175 1.172395 -0.857759 0.735871 -1.756398 1.115988 0.641509 -0.656652 0.716904 0.888304 1.162091 -0.238719 -0.815772 -0.950297 0.161003 0.567166 0.268382 -0.399095 -1.517136 -0.926524 0.075148 1.121823 0.377232 0.864706 -0.685304 -0.489590 -0.819186 0.822001 0.736995 -0.133873 -0.036909 0.437672 -0.264353 0.978137 -0.741126 0.223837 0.252686 0.470266 -1.061800 0.512837 -0.889143 1.682286 -0.734733 0.539392 -0.085268 1.846790 2.310249 0.110932 -1.471639 0.665474 0.037862 -2.345153 -1.685073 0.237891 -0.804541 -0.260933 0.589825 -0.927976 0.845887 1.396578 0.992996 0.280478 -0.243953 -0.005877 1.786836 0.461989 -0.132855 -0.719270 0.073769 -1.452237 0.206340 0.237278 -1.617967 0.871571 0.392459 0.642524 -0.735081 0.109707 1.009148 -0.040258 -1.525610 1.846090 -0.106479 0.441106 0.425238 0.385766 -0.066627 1.597041 -1.252987 0.184117 0.512208 -0.436027 0.362438 -2.077783 -0.420215 0.533959 1.452202 -0.481450 -0.630803 -1.001215 1.066389 -1.886506 0.919295 -0.416595 1.406937 0.319849 0.366220 -0.052750 -0.452108 -1.220372 0.986798 0.904622 1.450726 2.131266 1.780856 -1.761567 -0.155861 -0.446762 -1.054992 0.698296 -0.199506 -0.102035 -0.564849 0.478942 -1.325153 -0.318865 1.396454 0.993078 1.818179 0.642182 -0.271543 -1.013592 -1.220915 -0.527831 -0.056070 -0.791300 -0.288402 1.772156 0.315832 -0.357998 1.270608 -1.352126 -0.022083 0.454296 -1.041355 2.496549 -0.571067 -1.462140 0.304642 -0.288293 0.344571 2.539625 -0.890528 -1.111417 -0.492361 -0.493471 0.718012 -3.057479 0.853685 -0.268141 -0.002016 0.155715
0.669122 -1.129614 0.605286 0.309538 0.393451 -0.530076 0.483248 0.412300 -2.197889 -0.263040 1.415143 -0.461002 1.306931 -0.442625 2.197805 -0.233456 -1.346467 -1.044276 1.436437 0.781608 -0.530135 -0.243927 -1.082367 0.303264 -0.169666 0.413777 0.278349 -0.557199 -0.192759 1.985021 -0.890067 -0.765097 -1.044919 -1.092312 -2.392137 -0.153118 0.910185 -1.251059 -0.870513 -1.103201 -0.480112 -0.331632 0.011766 -2.064870 0.695716 0.666700 0.066011 2.545247 0.708184 0.699481 0.580952 1.455451 -0.319758 -1.170086 0.037718 0.283920 0.629739 -0.137774 0.335803 2.181400 0.155752 0.338503 0.098113 -0.445647 -0.781713 -1.498204 0.872976 -0.361126 0.727569 0.661546 -0.275974 1.600253 0.689681 -1.053130 2.731531 0.241588 -0.489956 -0.578024 0.786637 0.144392 0.036767 0.662333 -0.923078 0.442284 0.686456 1.150903 -0.105122 2.185402 0.147692 -0.480623 1.119405 0.501503 -0.470283 0.780717 1.174179 -1.498261 0.557429 -0.721153 -0.456600 1.047758 0.853535 -1.265959 0.196110 -0.200675 -0.220893 1.361989 0.933932 -0.270242 0.165189 0.605704 1.182852 -1.217032 0.216275 -2.141386 0.403401 -0.568559 1.682621 1.375670 0.952565 -1.797716 -0.948249 -0.804032 -0.180721 0.543341 -1.748262 -0.812625 0.879404 1.012250 1.927132 0.933063 0.777076 -1.318638 -0.011031 1.726710 1.274096 1.526251 0.855790 0.112048 0.593344 -1.113483 -1.630295 -0.603583 0.012863 -0.053302 -0.085413 1.375619 -0.067373 -0.569153 -1.097386 -0.473596 0.926901 0.536593 1.316145 0.734727 -0.648418 -0.437819 0.947467 -0.246164 -0.905661 0.905402 1.051862 -1.780687 0.495128 -1.185100 0.298967 -2.425530 1.808344 1.376476 0.840359 -0.819991 0.017459 -0.224553 -0.342543 1.132956 -0.168958 0.092655 1.410839 -0.395796 0.402127 -0.502063 -1.126091 -0.243029 0.744312 -0.276183 -0.096914 0.900781 1.283430 0.027203 -0.431073 -0.691933 0.480025 0.366435 1.245904 -0.809117 -0.539383 0.172962 -2.445744 0.632435 -0.853256 0.664073
1.807540 -0.150559 0.484312 -0.395515 -0.022551 0.098149 -0.560127 -0.568090 -0.459360 -0.517401 0.826837 -0.409572 0.282739 0.623899 1.613393 -0.740759 -1.134804 -1.437913 -0.187299 -0.207586 -0.862524 -0.254576 -1.049780 0.561139 0.553263 1.420365 1.228820 -0.953001 -0.743883 -1.495824 -0.603096 -0.188702 -1.798125 0.167804 0.597502 2.509979 0.286960 -1.692874 -0.433279 0.784448 -1.287373 -0.479700 -0.224900 1.044269 0.343811 0.256590 0.469063 1.180719 -0.626577 0.875881 1.390314 -1.963043 0.284946 0.330662 -1.594768 -0.664424 -0.324314 0.522733 0.186293 -0.621684 0.351665 -1.641037 0.236505 -0.538688 0.563175 1.523120 1.247629 -0.092847 -0.048940 -0.227505 -1.756749 -1.013800 -1.242099 -1.689915 -0.831733 -0.418474 -0.264861 -0.307836 1.450585 -0.570989 0.174588 1.211412 0.574583 0.366821 0.584442 0.391236 1.467241 1.071235 -3.162898 0.551939 0.465804 -0.456870 0.104684 -2.619694 0.912962 -2.090285 0.665778 1.609074 1.503769 1.548877 1.049966 -0.624104 1.207921 1.353658 -0.240169 -0.616510 -0.898825 1.142263 -0.076278 0.553766 -1.121441 0.524841 1.645059 0.582895 -0.713233 1.363273 1.262518 0.077119 -0.800332 -1.680306 1.504114 -0.477498 1.069560 -0.612623 -0.637609 0.625464 -2.093798 -1.731946 1.554435 0.872545 -0.775703 -1.638318 2.130897 -1.364509 2.271395 -0.072367 0.401784 -0.814646 0.451474 0.967052 -0.029847 0.282753 -0.328815 -1.470686 -2.598320 -0.849466 1.391787 0.068315 0.251004 0.851099 0.354985 0.355858 -0.320405 -0.629231 1.884075 0.609687 -2.220033 0.338457 1.471572 0.124319 -0.067187 0.335575 -0.216653 -1.201671 -0.147384 1.078531 0.371280 0.337430 -0.757383 -0.003675 -0.218383 1.384700 0.019640 1.267564 0.500999 -0.847316 -1.249458 0.789279 3.209306 -0.999253 1.383192 0.425252 0.385099 1.692974 0.182508 0.889671 -1.063355 -2.463319 1.278660 0.162860 -0.544257 0.511157 0.409411 1.135648 1.229793 -0.166768 -0.104665 -1.120672 -2.399642 -0.949342
0.371696 0.139356 1.068571 0.225958 1.737514 -0.579263 0.504805 0.099930 -0.459401 0.599505 1.459416 0.105770 -0.844782 -1.244708 0.372202 0.160394 -1.275813 0.423185 -0.337059 -0.001045 0.579506 0.824643 -0.452061 -0.057734 0.947139 0.318362 -1.612371 0.870763 -0.175958 1.832464 1.257768 0.102991 1.941551 1.060213 0.060141 -0.541544 -0.854594 0.267165 -0.615015 0.942283 1.777331 0.017778 -0.561528 -0.375168 -0.008190 0.663152 -1.907526 -1.110586 -0.089182 -0.508591 0.214583 -1.026508 -1.228272 -0.606265 -0.932646 -1.101691 -1.161714 -0.884565 -0.083049 1.916297 -0.021166 -0.250653 0.957878 -1.053510 0.212895 -1.440767 -0.625331 0.509308 -0.207103 0.638022 -1.172859 0.871009 0.501572 1.188621 -0.138226 0.037535 -1.359620 0.269528 0.063277 -0.000978 -0.035762 -0.280436 1.763922 0.850146 -0.097220 -0.266500 0.995060 -0.127844 -0.291663 0.072524 1.519164 0.005961 -0.730486 0.359984 0.829549 -0.625325 -0.153697 -1.236054 0.376470 -1.797983 -1.876292 0.868885 1.219526 0.610607 1.633432 -2.552337 -0.791399 1.204477 -0.900868 0.011185 1.451234 -0.087020 -1.693936 -0.060632 0.504107 -0.054202 -0.758783 0.193845 -1.498460 1.997903 -0.830960 -0.071723 0.779164 -1.961487 -1.091712 -0.194833 1.017812 -1.588399 -0.870985 0.217038 -1.854687 -1.027579 -1.896825 0.380658 -0.535326 1.081881 1.092953 2.564645 -0.972763 1.535080 1.517721 0.976077 2.101274 0.280749 2.116111 0.126860 2.078014 0.603044 2.365646 -0.696262 -1.301978 -0.921483 0.142953 0.403230 -0.752851 -1.395877 -1.446668 0.589060 1.127059 -0.609566 -1.235588 0.441474 0.488546 1.037391 -0.643340 1.308866 0.188844 0.928521 -1.033299 -0.785423 -0.000856 0.993935 0.895124 0.510408 0.334289 -0.164874 0.079188 -0.586961 0.252129 2.007830 0.829428 0.651142 -0.584914 1.675705 -0.609055 1.994362 -0.237705 0.285742 0.305612 0.139114 0.021256 -0.250476 -0.126953 -0.678528 -0.239672 0.595397 -1.374030 -1.407950 1.363124 1.598535
0.359493 -0.313179 -0.776509 0.252754 -0.209993 1.191779 -0.810453 0.245959 1.118864 0.678010 -0.259794 0.154826 -1.064994 -0.391993 0.627117 0.654875 0.223103 -1.966168 0.445838 0.098419 -0.919418 -0.243293 0.885890 -1.551082 -0.516186 0.665387 1.060248 1.254668 0.966732 0.797349 0.561544 1.282635 0.756103 -0.248065 -0.698002 -1.069419 0.321102 -1.063342 -0.179973 0.035677 0.375707 0.448452 -0.832060 0.113176 0.350065 -1.472728 -0.317709 0.997932 2.190396 0.102327 0.473393 -0.437069 -0.980568 1.288320 0.058624 2.250477 -0.208877 -0.979373 1.783599 -1.288121 1.169706 1.287626 1.758551 0.129221 0.004012 -0.176354 -0.587319 0.809342 2.246068 0.437887 0.091826 -0.237525 0.276371 0.049441 -1.902261 2.269031 0.971976 0.009146 -0.509627 -0.978657 1.766536 0.461073 1.855515 -0.321842 0.816587 -1.351949 -0.598109 1.528902 -0.230366 -1.465765 0.678239 0.955057 -0.599546 1.784090 -0.939796 -0.668083 -1.228515 0.538700 0.158624 -0.121156 -1.529325 0.943504 -1.123357 -0.129119 -0.685423 -0.393939 1.122997 -1.865821 -0.386512 1.623833 0.650821 0.450008 1.337258 1.829014 -0.356015 -0.051719 -1.202324 -1.608145 -0.762205 -0.074389 -0.637897 -0.623816 -1.873488 1.422240 -1.123195 0.878125 -0.006960 0.632925 -1.016148 -3.015338 0.773150 0.404606 0.589413 0.776430 0.717286 0.286707 -0.735662 0.147966 -1.797102 -0.338803 0.445154 -1.083789 -1.741562 -0.055166 0.912792 0.381562 -0.514696 -0.013129 1.053977 -0.704828 -0.073569 -0.271157 0.071692 0.029136 -0.710743 -1.850584 0.433711 0.797185 1.515283 0.330353 0.031983 0.780378 1.199947 -0.675753 0.029130 -0.524022 1.641573 -0.153502 2.185227 -0.450923 0.393436 -1.199153 1.471433 -0.471948 1.267044 -2.132154 -1.025550 1.920061 -0.432811 -0.522358 -0.420307 -1.742047 1.959615 -0.072173 -0.388171 -2.509602 -0.216006 0.852826 -0.458396 1.560865 0.528425 -1.751402 0.401783 0.393939 1.114871 -0.452412 2.336466 -0.012501 0.976872 0.849807
0.799183 -1.521695 -1.158160 -1.323878 0.620602 0.578343 0.412462 1.092864 -0.025035 1.695728 -0.719173 0.997749 0.023299 0.000524 -1.052231 1.238584 0.794872 -0.706413 0.459456 1.043230 -0.555725 -1.392462 0.278204 -0.341818 -0.845619 0.482550 -0.920856 -2.631647 0.558438 -0.760080 1.000114 0.083663 0.932400 -0.862937 1.303400 2.120453 0.027721 -0.730796 1.430253 -0.181160 -0.200636 -0.437203 2.259180 -0.237593 -0.054594 2.340970 0.199447 0.484609 0.385575 -0.374256 -0.413749 -1.125604 -0.727928 0.259960 -2.455040 -0.324220 -0.649783 -1.264126 0.308936 -0.225887 0.603765 0.787168 -0.573363 -0.776355 1.000503 0.938271 -1.077646 1.931276 -0.135034 2.202907 -1.421823 1.308705 0.909991 -0.822797 0.336657 0.349213 -0.336034 1.593874 -1.326472 -0.553633 0.797802 0.314199 0.369364 -0.842424 -0.007804 -0.863094 -0.323479 -1.498675 -0.779638 -0.049951 1.530109 0.161579 0.994537 1.238702 -0.371375 -0.330034 -0.551433 0.068235 1.097420 0.770287 -0.330080 -2.476818 1.689973 0.510436 0.354025 -0.358201 -0.437475 2.061554 -0.328461 -0.577989 0.711409 -1.562081 0.960383 0.581733 -1.125165 0.652854 -0.186901 0.112471 1.158431 -0.185008 -1.546227 0.540788 -0.407098 -0.505809 -1.069003 1.287099 0.104122 -0.425993 0.993776 -0.525109 -0.784155 1.186397 -1.906607 -0.912979 0.681544 0.361422 0.828568 -0.110027 0.691232 -0.725611 0.943425 -0.372157 -1.092489 1.097851 -1.034513 1.314171 0.969930 -0.472590 1.045343 -0.162812 0.068336 -0.499428 0.201543 0.437702 -0.006499 0.984002 0.091762 -0.851150 -0.411348 -0.770806 0.219941 0.307705 -1.221177 1.030568 -0.645719 0.823434 -0.398981 0.681977 0.195930 1.206740 -0.732497 -0.500731 0.684133 -0.844923 1.600545 -0.361931 -0.357359 -0.547537 0.577891 -0.940457 0.186446 -0.298158 0.261979 -0.786839 -0.059099 0.244197 0.659134 -0.442622 -0.719533 -0.227847 -0.678861 0.776671 1.206423 0.107427 -0.390553 -2.832924 0.775836 0.992218 -0.824029 0.449281
-1.336010 0.241335 -0.153089 0.105076 -0.128271 0.634986 0.232192 0.373668 -0.993585 -0.397037 -0.633634 -0.507963 0.117118 0.405591 1.072353 -0.947012 0.344476 -1.459820 -1.176137 -0.721602 -1.109386 -1.897012 -0.449731 0.777084 0.526253 1.889466 1.259799 -2.572494 0.627793 0.699258 0.133506 2.589993 -2.099401 1.578246 -1.173724 -0.539502 0.043721 0.451324 -0.320116 -0.997977 0.731063 -0.836011 -1.365918 0.132413 -1.985250 -1.297007 1.321442 0.214294 -2.004025 -0.210744 -0.447943 0.192707 -1.741559 -0.273593 0.320051 -0.836259 0.918701 0.296461 0.706326 -0.907830 1.137402 -0.760884 0.630741 -0.378254 -1.292517 -0.884380 -1.555634 0.167010 -0.499275 0.637570 1.341592 -0.469008 1.465855 -1.686393 1.268043 0.520530 1.078674 -0.996381 -0.374544 -0.619647 0.756866 -1.426372 0.375047 -1.245282 -1.119110 0.595378 1.281351 1.119646 -2.215159 -1.561110 -0.455489 -0.715521 -0.434463 1.748816 -1.029859 0.867664 -1.201572 0.185013 -0.655978 -0.444117 0.128260 -2.291014 0.405189 2.090013 -0.591973 -0.853807 0.271799 1.296136 -1.004265 -0.136633 -0.359611 0.494632 0.039843 -0.219315 0.157226 -0.275944 0.396650 1.566162 -0.249917 0.496282 -0.099752 -0.777230 -0.605883 -0.428094 -0.406200 0.406764 -1.190101 -0.235274 0.619734 -1.937108 -2.657914 0.831892 -0.108347 -0.316141 -0.330195 -0.385703 0.023046 1.011851 1.349312 0.829538 0.619656 -0.652924 -0.671383 -0.247996 1.571003 1.117244 -0.764272 -2.260870 1.892925 1.631012 0.543586 -1.760134 -0.347089 0.501120 1.146374 -0.540832 0.781203 -0.934509 0.091431 0.177999 -0.521279 0.262168 -1.010299 0.392493 0.766821 -0.842587 0.281294 -0.014095 -1.672448 1.483772 1.757945 -1.449641 0.026229 -1.668178 0.181119 0.011510 -0.915884 -1.813486 0.306969 1.909710 -0.738728 1.808099 0.360222 -1.654305 1.122848 1.978481 0.920995 -1.008353 -1.734959 0.036553 1.049328 0.143370 0.254725 0.281463 1.465876 0.064401 2.059044 -0.161542 -0.401541 0.140312
1.304782 -0.443935 0.611819 2.425075 0.866352 -0.574151 -0.272745 -1.047608 -0.411361 -0.964249 -1.526214 -0.194637 -0.038567 -0.806860 -0.288331 -0.055167 0.247374 0.362114 1.384976 0.792031 -0.409547 0.114689 0.501455 0.619982 1.023176 0.552667 0.102622 -0.324119 -1.189621 0.343440 0.923433 -0.091976 -0.810711 0.806239 -0.778769 0.516152 0.092027 0.503917 1.004120 -0.983824 -1.613041 1.498014 -0.373548 -0.037053 1.075095 -1.257944 0.780927 1.461257 0.291467 -1.373044 -0.337889 -0.285416 0.315566 1.487175 0.594210 2.214886 -1.346068 0.772783 1.038479 -0.662288 0.920473 -0.291651 1.003052 -2.265805 0.152905 -0.958882 0.407289 0.741258 -2.385694 -0.413766 0.080159 -0.323164 0.045921 2.088287 -0.414054 0.295333 0.709344 0.626235 0.362482 -1.055570 0.604773 0.730073 0.047394 -2.186913 0.476416 0.244763 -1.523183 -0.628926 0.372078 -0.297930 -0.111127 1.242374 -0.510189 -0.595388 -0.553345 0.798854 -0.025833 0.644505 -0.172611 -0.349677 -2.112491 1.154343 -0.434252 -0.647482 -1.968515 -0.679392 -0.660365 -0.147277 1.030858 0.552290 1.099751 0.467896 -0.706869 0.570477 -0.125248 0.733968 0.002433 -0.160346 0.418635 1.859077 -0.910267 -1.161301 1.692552 -1.430205 0.348379 -0.731329 0.563063 0.270316 0.410742 2.010586 0.208473 -1.003599 -1.977238 -0.764255 -0.797214 -2.309969 -0.218130 0.693363 -1.974131 -0.194909 -0.004166 1.328241 1.377604 0.144039 -0.773928 -0.066007 -0.609146 2.178203 0.693954 0.291553 -0.434075 -0.098171 0.750969 1.120048 -0.301900 2.199893 -0.375564 -0.089946 -1.092378 1.241643 0.623137 0.750402 -0.240122 1.072158 -0.085087 -0.237955 -0.186647 0.290492 0.178210 -1.119472 1.423728 0.100123 -1.683462 -0.402103 -1.041496 -0.822250 2.456783 0.569261 0.759506 -2.228772 -0.030849 0.176722 1.285916 -0.984447 -0.083248 -0.184530 -0.661566 0.202207 -0.403074 1.956893 0.509592 0.079321 -0.042958 0.633216 0.418128 0.196195 1.558732 1.139132 0.732625 -1.558768
-0.887719 -1.527218 -0.601849 -1.024034 0.195022 -0.421877 0.465288 1.139667 0.808335 2.866107 1.113449 -1.545786 -0.209629 0.450918 -0.199365 0.777267 0.404188 0.797838 -0.093687 0.902536 -0.475341 -2.736726 2.443856 -0.005062 -0.714172 2.777102 -0.603344 0.978097 0.270536 -0.904677 -0.207695 0.601208 -1.455984 0.244642 -0.260440 -0.845624 -0.563957 1.731473 0.690238 0.021495 0.931903 -0.021923 -0.081503 -0.141107 0.669349 -0.509969 0.947647 -1.696887 0.253229 0.387024 1.338669 -0.052954 0.088834 0.200632 0.395143 0.010983 0.699417 -1.420664 -2.418348 -0.255842 -0.841883 -1.091841 -0.651968 0.111343 0.997424 -0.485732 0.775314 0.072572 -0.498600 0.255295 -0.098281 1.095168 1.525220 -0.140662 -0.776860 -0.112409 2.087174 -0.820979 -0.246427 1.683200 -0.262041 -0.486940 -2.328451 -1.756480 -0.024680 -0.632971 0.818646 0.599857 -0.761206 1.009177 0.433226 -0.905710 -0.644873 0.811508 -0.655768 0.823970 -0.158888 -0.103442 -0.018706 -0.595375 0.332597 -1.283375 1.129935 -0.976064 -0.620857 -0.429047 -1.291345 -0.270018 0.804504 -0.046716 0.896229 0.598114 -0.485608 -1.652744 -0.779434 -0.289060 1.189966 1.219998 -1.116827 0.659331 -0.597251 0.179814 1.341023 0.773234 -0.323028 -2.111814 1.758722 1.801910 1.755295 0.858136 1.079740 0.134784 -0.888563 -0.381064 0.563556 0.665993 -0.097195 -0.149347 -0.787771 -0.162300 -2.080916 -0.957118 0.227567 1.962379 0.485304 -1.369875 1.966667 -0.706929 0.123732 -0.991960 -1.456679 1.394709 0.276836 -0.994651 0.721622 1.210661 0.500363 -1.509822 0.534138 0.989488 -0.327153 -0.979125 0.682355 -1.305106 -0.245013 0.490611 2.252850 1.335434 -0.745998 -0.554561 0.477016 1.168781 -0.300748 1.636898 0.685261 -1.234064 -1.082813 1.463059 -0.138166 -0.158667 0.152230 -0.740793 1.050707 0.554889 -0.189737 0.250102 -0.471917 0.490863 0.981563 -1.534213 1.133044 -1.435973 -1.615276 -1.047707 0.384095 0.802163 1.569884 -2.586442 -0.640523 0.495080
0.696585 -0.538595 -1.567646 1.000415 -0.015135 -0.426069 -1.304982 0.771404 -2.299157 -1.324235 -0.483684 0.556834 0.268091 1.022463 0.326643 -2.018464 -0.627304 0.830243 0.284758 2.435076 0.700431 -1.396196 -0.457764 0.218192 0.075982 1.564769 -0.545150 1.056827 0.250724 -0.841341 -0.928049 0.101304 -0.577751 1.142567 0.332113 -0.074218 0.701409 -3.060352 -0.906394 -0.077357 -0.232985 0.163794 1.805337 0.888648 -0.897406 -0.881059 2.257049 -1.014885 0.472114 0.251988 -0.853424 0.271036 1.343209 -1.880462 -0.915927 -0.395500 -0.872610 0.771814 -0.224701 -0.318012 -0.750878 -0.132378 1.190566 1.510205 -0.657392 0.899172 0.249586 0.279643 -0.236757 2.355128 -0.850504 0.396168 -2.593827 -1.534727 -0.763635 -0.253971 -0.593240 1.308629 -0.721688 0.329359 -1.134857 -1.654261 -1.012574 -0.438996 -2.680919 -0.945343 -1.787319 -1.250901 -0.023831 -0.874165 0.212400 0.148601 -0.403643 2.226855 0.449098 0.764391 -0.003317 0.130132 -2.501666 0.064070 1.291556 -0.528917 -0.831164 -1.058706 -1.461275 -1.338066 0.658221 -2.654538 -1.169285 1.140044 0.750373 -1.187260 0.591330 0.360861 -0.717665 1.351068 0.830914 0.817608 0.717787 0.951239 1.024006 -0.047883 -0.419269 0.103762 1.378642 1.077543 0.300477 0.348588 0.117493 0.614597 0.092748 1.994666 0.953473 1.302185 -1.363728 -1.409165 -0.606862 1.689046 -0.519900 0.520715 -0.846144 1.867820 1.157511 0.415133 -2.632784 1.093455 -0.175494 -0.400797 0.832207 2.257881 -0.908570 0.841417 0.833511 -0.673056 1.248082 -0.986518 -0.429607 -0.122939 0.145057 1.169799 -0.790005 0.266570 1.136177 0.022038 -0.399978 0.329456 1.159420 -1.965300 -1.624798 1.683505 -1.099098 -0.140493 -1.121918 -1.094149 -0.036957 -1.255814 -1.526502 -0.648440 -0.188803 -0.061782 0.388994 -0.791686 -0.640566 0.016489 -0.988276 1.415334 -0.880183 -0.083123 -0.914352 0.477738 -0.212232 -0.405532 0.880461 1.135240 -0.110401 1.279870 0.769264 -0.751967 -0.873065 1.146812
-1.328245 -0.276991 0.338775 -0.052920 -1.455856 -0.341657 0.623066 0.310338 1.376722 -0.692117 -0.289099 2.008708 0.097087 -1.957586 1.694861 0.082303 0.269985 -0.393582 -0.915769 -1.551373 0.649521 0.043619 0.699671 -0.915563 0.753308 -1.246017 -0.583784 1.181309 1.430485 -2.687415 -1.762856 0.718078 -1.009358 0.396570 0.011761 -3.062065 -0.427664 -1.046192 0.147417 0.418822 0.415737 0.950615 -1.168459 0.431564 -0.241729 -1.649912 -0.228079 1.166973 -0.154431 2.616452 -0.730694 -0.010633 0.050855 0.164430 0.899768 -0.732091 -0.081684 0.264457 -0.979942 2.002464 0.122726 -2.140561 -0.811274 -1.811123 -1.830651 0.986026 0.404372 -0.953509 -0.978181 -0.185618 0.526675 -0.559561 -0.381257 -0.277991 0.045265 -0.080130 -0.539392 2.487819 1.388509 -0.920410 -0.394435 -0.115818 1.553827 -0.855295 -0.435372 -0.703218 -0.488000 0.709337 -1.116735 -0.862095 1.498153 -1.161168 -0.401431 1.392247 0.210382 0.499939 -2.542381 0.820608 -0.938022 0.552989 -0.283412 0.524143 1.734863 -0.017850 -3.319108 0.642651 -0.361449 0.406911 -0.726246 2.038585 -0.600168 -2.072590 -1.123809 0.830473 0.312682 -0.402416 -2.030304 0.292709 0.694757 0.394389 0.683927 -0.177491 1.057978 0.191483 0.113980 -1.392576 -0.601948 1.645483 0.621803 0.172417 2.859322 -0.617151 0.758082 -1.125549 -2.059448 1.949953 -0.549542 2.414865 0.402193 -0.645038 -0.685360 -0.567411 1.303946 -0.816351 0.982101 0.476812 1.533498 -2.382563 -0.152383 -0.291407 0.030457 -0.420314 0.538860 -0.624780 0.121013 -1.666223 -0.526461 -0.107948 -0.407223 0.262744 1.898654 1.706293 0.066247 -1.172189 0.384503 0.846886 -2.876256 0.950091 0.060090 0.652194 1.539134 1.257280 0.038915 -0.798193 0.759689 -0.740452 -0.681814 0.262092 1.605847 0.311569 -1.116282 0.974512 -0.139606 -0.280714 -0.878627 0.321890 1.059647 1.426886 -0.489952 -1.238625 -0.179672 -0.001281 -0.330093 -0.729959 0.441841 0.313237 0.606562 -2.642065 -0.069431 1.426402
-1.161619 -0.432758 -0.326415 -0.893038 0.402052 1.804226 -0.825265 0.781030 -0.575577 -0.734786 0.477242 0.790828 0.902116 -0.327688 0.167636 0.381359 0.591544 -1.434447 -0.026352 0.034687 1.932077 -0.586970 -0.749482 -0.885535 0.890514 -0.328461 -1.663545 0.452537 0.627636 -0.543615 -1.506859 1.400537 0.854318 1.091793 0.651167 -0.750361 -0.921944 -0.164513 -0.250528 -0.715297 -0.109919 -0.126597 0.850454 -0.014113 0.371418 -0.351207 1.433707 -0.070222 0.419086 0.202327 1.092696 0.940274 -1.402997 1.475870 -0.938262 0.424111 -0.403628 1.126160 0.078653 -0.293152 -0.901106 -1.538705 -0.244632 0.258341 0.598595 -1.215926 0.199951 1.409750 0.979777 -0.124814 0.188748 0.108327 -0.651891 -3.668215 -0.584393 0.654614 0.138068 -0.175388 -1.416716 -1.571792 -0.198073 -0.316476 -0.456645 2.811059 -1.781774 0.999596 -1.678969 0.898409 0.901794 2.358917 0.608065 -1.312737 -0.103852 -0.985109 -0.574485 0.204107 1.264101 -2.593251 0.652050 0.581511 0.993380 -0.693976 1.864760 -0.904202 -0.841224 -0.304718 0.578010 -1.496727 1.790833 0.644308 -2.260879 -0.512080 -0.342327 0.138204 0.549990 -0.013941 1.164649 1.939517 1.296489 -0.211193 0.517510 -0.252937 0.847877 0.337952 -0.337150 -1.713594 0.456037 -0.968905 1.399618 0.744974 -2.638095 1.518623 -1.278308 0.328686 2.748206 -0.578957 -1.363865 0.273640 0.540433 1.265330 -1.985275 -0.457112 0.290679 1.792649 -1.539824 -0.645542 0.026564 0.201247 0.667552 -1.237436 0.198844 -0.126600 -0.035681 -1.187354 0.199146 -2.196330 0.598893 -0.920420 0.384784 1.200892 2.074303 -0.861621 0.499306 1.096090 1.093191 -1.117147 0.157725 -0.352624 -0.286762 0.436814 1.279078 0.462366 0.208864 1.001765 1.163080 -1.393149 -0.213946 -0.970719 0.163412 0.225920 -0.640421 1.387567 0.687077 0.671364 -0.289631 -0.703390 -0.864940 -0.438306 -0.123322 1.193299 -1.476954 -1.111675 -1.312665 0.578513 0.293690 -1.340521 0.398663 1.149171 -0.348874 -0.824569
-0.148997 -0.350560 -0.663144 0.501924 -0.048716 -1.258438 -0.165730 0.812142 -0.025828 0.581037 -2.378274 -0.683355 -0.440288 -0.086991 -0.324669 -0.508870 -0.831865 -0.438859 -0.290621 0.196559 0.474653 0.260637 -2.144870 1.230207 0.487445 -0.016080 -0.159744 -0.592286 1.366506 0.689745 -0.247661 -1.196724 0.059377 1.026092 0.827863 2.359750 -1.677430 2.298753 -0.906139 0.985048 1.456353 0.000703 1.287567 -1.046718 -0.453818 -1.676007 -0.866360 0.208913 1.492422 -0.004173 0.843572 -0.834316 -0.299014 1.670343 2.241886 -0.601318 -0.833975 1.671039 -1.658991 -1.048107 -0.667765 -1.408905 -0.306867 0.587930 -0.123580 0.507378 -0.609650 0.908638 0.405465 0.625452 -2.089760 -0.534558 -0.048784 -0.740724 -1.236830 0.799937 -0.309839 -0.656615 1.501234 1.095388 0.327539 0.998967 -0.291438 -0.209782 0.597953 1.225984 0.075532 -0.381042 2.615535 0.335516 0.125099 -0.539642 -0.759443 1.287281 -0.208355 0.212298 0.056965 1.331432 0.069988 -1.088239 -1.538001 0.042263 -1.022823 0.242341 1.182871 -0.478792 -0.866230 0.210385 1.262821 0.132471 -1.218488 -0.441065 -0.526348 -0.569313 -0.572808 -0.151359 1.480255 -0.129875 0.245238 -1.545980 2.968925 1.272583 -0.229916 0.364242 1.153047 0.233302 -2.409315 0.463978 -2.820858 -1.369820 -0.373065 1.073529 1.041544 1.464023 0.280412 1.510635 -1.115598 -0.907242 0.948445 1.211765 -0.085355 0.273098 -0.044952 -0.650926 1.018451 -0.132804 1.322581 -0.672533 -0.807244 1.729382 -1.610121 0.114379 -0.989314 1.871401 -0.429728 0.499800 1.703230 1.128421 -0.595113 0.561651 -0.154171 0.203510 0.802647 0.901436 0.012672 0.012238 -1.028983 -0.659957 0.581976 0.842394 1.799177 -0.399573 -0.138231 -0.043617 -0.473693 -0.451155 -0.867915 -0.887867 -1.878855 0.202388 -0.387701 0.245364 -0.146473 0.652152 -0.239054 0.835139 -0.214200 1.067182 0.856596 0.834125 0.803777 -1.355921 0.152346 -0.906375 0.605666 0.576125 1.423794 0.241984 1.094460 0.041521
-1.882101 0.368360 -0.798068 1.472799 1.215362 -1.433269 -0.067470 -0.000662 -0.345971 1.822747 -0.264883 -0.504030 -0.640600 -0.248798 0.679418 -1.665595 0.315236 0.738705 -0.945568 -0.234887 -1.429217 0.518859 0.645900 -0.623102 1.918919 -0.152027 0.287327 -1.770085 0.441889 0.017206 0.565230 -1.456380 -0.959984 -0.496374 0.127609 0.550894 -1.150962 1.513068 0.250720 -0.279079 -1.404902 -1.153348 -0.513309 0.630655 -0.275909 1.035001 0.708344 0.479954 -0.553608 0.837777 -1.238196 -0.141142 -0.274363 -0.037754 -2.056384 -2.011649 -1.747086 0.542340 0.977365 -0.508288 -0.061486 0.701830 -0.031126 0.174266 -1.538811 -0.625476 -0.048425 -2.040875 0.886747 0.220916 1.188021 -0.399030 0.051418 -0.665430 -0.166846 -0.067075 0.052032 -0.174428 1.632737 -0.016922 0.746806 -0.410310 -0.565793 -0.669116 0.551695 -2.775142 0.586080 0.346719 0.192231 1.986599 2.184000 -0.883403 0.451090 0.484323 0.037347 -0.736908 -0.007648 -1.182300 -2.976853 0.287028 -1.208505 0.142591 1.203592 0.294522 0.689978 0.184748 -1.924227 0.481536 1.990003 0.984643 -0.888329 0.052936 1.618828 1.527277 -1.738130 0.394663 -0.797166 0.971102 -0.335854 1.184781 0.081898 0.222076 -1.367071 -0.491794 0.660165 -0.513842 0.753110 0.386614 -0.239267 -1.212788 -0.137408 -0.155873 1.060911 -0.663971 -1.936291 -0.493226 -0.482930 0.006183 -0.131857 -1.541493 0.761272 1.352988 1.297848 -0.180837 -0.226078 0.879562 -1.266973 -0.327758 1.381242 -0.910104 -0.922051 1.233222 -0.306647 -2.649666 0.205302 -0.099876 2.056323 1.268092 -0.691297 -0.433412 -1.117447 -1.431919 -0.646942 0.294685 -0.646591 -0.115703 -0.227500 -0.418592 0.139786 0.588306 -1.093381 -0.040256 -1.898341 0.249058 0.907052 0.922777 -0.664672 0.370655 -0.053931 -0.116935 -1.224024 -1.528601 -0.344127 -0.104725 -1.329132 -1.402765 -0.047330 -0.289704 -0.812993 -0.768670 -1.207247 0.496557 -2.188695 -0.907863 0.795464 1.671553 2.749892 0.381043 1.390524 1.639992
0.941074 -0.169841 1.688945 1.760537 1.139876 0.417914 0.049542 -0.209784 1.880123 -1.046629 -0.187711 0.791793 1.625726 -0.750140 0.647454 -0.221702 -0.203599 -0.991623 -0.238574 1.591965 -0.549387 1.263358 0.678588 0.119043 2.079917 0.793505 -0.496536 -1.247736 -0.141321 0.969313 0.664889 0.959229 -0.483715 -1.343942 1.337425 1.676224 -1.118258 -0.697029 0.076282 0.106342 0.732588 -2.249633 -1.475915 0.418001 -0.491903 0.726196 -0.783689 0.874915 -0.575318 0.797778 -0.535912 0.442462 -0.484111 -1.292606 0.166431 -0.227102 1.095965 0.339314 -0.322645 0.910299 -0.450979 -1.610474 -0.205415 -1.406723 0.013151 -0.180501 -0.564754 0.206184 0.746862 0.868159 -0.934698 0.118510 -0.853567 0.948431 -0.238676 -1.173375 -0.832051 0.214665 -1.865739 1.515335 -0.098596 0.349156 -1.477242 0.632367 0.241214 1.203365 -0.615291 -0.462255 -0.999054 -1.360027 1.243233 2.683189 0.310708 0.131272 -0.889545 -0.562816 -0.445501 -0.213829 0.553970 0.247084 0.681596 0.347590 0.221840 1.874129 -1.352720 1.240465 -2.357291 -0.648065 0.007611 2.736779 -0.186428 -0.718438 0.523165 -2.177471 0.857783 -0.422804 0.703821 -1.337354 0.302129 -0.341694 -0.257738 0.715746 -1.664961 -0.300085 0.142388 -1.528719 0.775221 -1.383392 1.880614 -0.694432 -0.312869 1.048800 0.735863 -0.606228 -0.084351 0.411679 -0.712928 1.043512 -1.177496 -1.443723 -2.178404 -0.876381 0.723211 -1.135308 -0.408789 1.193909 -0.583907 0.916953 -0.267184 -0.405081 -1.017917 0.321810 0.123770 0.991712 -0.381912 -0.233532 0.036649 -1.179820 0.962391 -0.614239 0.354925 0.546611 -0.385550 -0.017218 0.684348 -0.343444 0.840650 -0.425388 -0.968557 0.865688 2.261997 -0.418855 -0.853860 -0.936471 -0.584242 -0.664768 1.585555 0.023237 -0.855640 -0.844439 0.842092 -1.411617 -0.488400 0.606534 0.337879 -0.045039 -0.338282 -1.262774 0.189901 1.501829 -1.165468 -0.782244 -0.592848 -0.650378 1.493755 1.437292 -0.994375 0.326559 -0.637257 0.931873
1.295976 -0.348161 0.151843 -0.729039 0.945563 -1.490913 -0.246549 -1.194635 -0.727993 -0.593935 0.160674 -1.168721 -0.421355 0.290127 -1.764290 -0.108648 0.587128 2.081632 -1.197998 -1.727097 -0.852395 0.349105 -0.986589 -0.841623 2.015996 -0.671184 0.163351 0.502686 -0.569881 2.253156 -0.010440 1.765055 -1.468660 -1.757279 0.209646 0.966351 0.134222 -1.433723 -0.531518 -0.395752 -0.072420 0.555069 -0.159243 1.344498 1.008401 -0.122482 -0.224463 1.335899 1.849901 -0.221758 -0.948897 0.200321 -0.153930 0.830621 0.242919 -0.006524 -0.442913 0.354655 -0.262917 -0.908876 0.327771 -0.983861 0.095953 0.975115 -0.184866 -0.195033 -0.077028 -0.574678 0.645464 0.363726 -0.616700 1.271547 0.175549 0.282640 -0.768676 -0.062186 1.439237 -1.198972 1.504102 0.626644 -1.675974 -1.111928 -0.754581 0.122612 1.663985 -0.757117 0.249355 -1.500702 0.170333 -1.197476 0.186331 -0.523959 -0.569603 0.361381 0.803499 0.803710 -0.557849 -0.912813 0.186856 -1.428508 -0.087424 0.128303 -0.215684 -3.130417 1.044312 0.344491 -0.009341 -1.055357 1.137344 -0.520717 -0.657457 -0.057261 1.135242 -0.029770 0.830105 -1.249105 1.186917 0.581931 -1.160968 0.918713 -0.431259 -0.017870 0.030411 0.847813 -0.938507 0.663554 0.018146 -0.461417 1.203999 1.053292 -0.522484 0.295009 0.862816 -1.871466 0.445639 1.302692 0.411669 -0.119574 0.709464 0.415054 1.338153 -0.956388 -0.810155 1.882215 -0.840194 1.489777 0.248041 -0.061139 -0.520870 0.220331 -0.680673 0.263283 -1.710748 1.616541 1.298178 -0.310031 0.493238 -0.725693 -0.856303 0.322213 1.260057 0.991847 1.234178 -1.194111 -0.440600 0.902549 -0.110471 0.448106 -0.538907 -0.444590 0.524044 0.466733 -0.209596 -0.055196 2.769649 -0.210342 -0.025110 -0.185637 -0.755004 1.576553 0.154795 0.034434 1.748936 0.229189 0.021510 1.149309 1.081420 -2.052002 0.416727 -1.560977 -1.689238 -1.079388 0.712652 0.560883 -0.026208 -1.634149 0.077967 0.619884 -0.244960 -0.499464
1.440957 -2.341180 0.617952 -0.745044 0.184256 0.237859 -1.432585 -0.645064 0.856402 -1.572570 1.632793 0.153215 0.303324 0.586207 -2.005961 1.203371 0.692865 1.277253 -1.201309 1.079998 -0.621741 0.527216 2.744998 0.741542 -0.914539 -0.781112 -0.117251 -0.321398 -0.885772 0.104590 -0.258137 0.534716 -0.567525 0.152905 -0.805326 -0.107044 -0.693096 -2.113183 0.781758 -0.507100 0.329990 1.484004 0.565697 0.077432 0.215964 -1.902214 -1.187812 0.946125 -1.289109 -1.095730 1.324109 -1.398170 -0.191621 -1.645738 -0.338682 -0.204782 1.206353 0.493169 0.206404 -1.500873 0.474983 -0.162161 -0.902494 -0.912228 -0.868120 0.301083 -1.161994 -0.394766 -0.169726 -0.639592 0.665610 0.312087 1.254708 0.048666 0.244866 1.415129 -1.362785 -0.053456 0.284043 0.870835 1.535188 0.861605 -1.636350 1.064748 -1.229287 0.209173 0.464734 0.977839 -0.005959 -0.079739 0.417475 0.981082 -0.206442 -0.916493 0.505203 -0.324569 -1.568628 0.539218 0.322267 -1.090344 0.736756 -0.137149 -1.643761 0.349794 -1.993630 0.623802 0.431441 -0.683409 0.905602 -0.376898 1.724307 -1.519581 0.808514 -0.154241 0.015321 -0.938777 -1.326257 -1.309751 0.627300 -0.471302 -0.704258 -0.275906 1.605647 0.724934 -1.778496 -0.155570 -0.681332 0.678810 -0.930392 1.260191 -1.318612 -0.129239 -1.278896 0.043121 -0.118815 -1.251164 0.040489 -1.023775 -1.401955 -0.846677 1.268425 -0.328873 1.658111 0.181381 0.315553 -0.403212 0.026923 -0.689372 -0.900034 -0.427444 0.006611 1.632426 1.736644 -0.150581 -0.269343 0.556797 -1.092229 1.404920 -1.456786 -0.161268 -0.178092 0.880787 -1.987297 0.496774 -0.494925 1.090645 0.336055 2.327109 -0.110640 0.489686 1.945224 -0.652704 0.515641 0.523988 -0.168076 0.406652 0.796127 -0.192012 -0.234078 -1.677786 -0.579913 0.320481 -0.640480 0.744850 -0.441438 1.166304 -0.831091 0.996218 -0.292947 1.120434 1.135454 -0.280052 -0.486802 -0.232624 0.191523 2.645103 0.577772 0.681014 0.269619 -0.166536
0.030840 1.259272 -0.197758 0.804561 -1.788624 -1.004730 -1.021327 -1.636294 0.139752 -0.210655 0.095946 -0.253904 0.604331 -0.087298 0.170224 -1.380084 -0.444361 -1.449730 0.083554 -1.247190 0.102377 1.230750 0.479798 0.227469 1.537516 1.795418 -0.833041 1.224117 0.125459 -0.280299 1.035226 -0.371675 1.026554 -0.430494 0.618459 1.071233 -1.070818 0.201490 1.977181 0.355342 0.371225 0.483573 0.178261 -0.550160 -0.000443 0.550216 -1.263213 0.116703 -0.435312 2.423382 1.774963 -2.076810 0.466457 1.657870 1.677530 0.291340 0.193716 2.645953 -0.038293 0.109289 0.412475 0.776744 -0.096834 0.660550 -0.933785 0.103755 1.011656 0.137514 0.239044 1.293186 -1.373799 -0.219478 0.299486 -0.750194 -1.637549 1.197433 -0.398449 1.238867 0.214165 0.623514 -0.417569 -0.772019 -1.758215 -0.799644 0.752466 -0.824334 -0.945243 -2.001065 0.845224 -1.249762 0.991664 0.591510 0.103031 1.169849 0.819561 -0.172454 0.995371 0.788659 0.102702 -0.332691 -1.153211 0.491159 -1.266316 -0.823914 0.454463 1.526750 -0.746031 0.736128 -0.643550 0.736688 -1.966251 -1.284815 0.650218 1.181039 -1.972033 0.152529 0.300370 -1.737945 1.209038 -0.017920 0.500466 -1.614770 -1.073226 1.465796 0.196319 -1.278926 -0.634570 0.883691 2.157419 1.169360 0.569024 1.674817 -0.057309 0.527746 -0.175870 -1.004177 0.491813 -0.263879 1.566935 1.243581 1.889393 -0.289968 -0.980097 -1.430895 -0.751490 0.053932 -0.715224 -0.035930 -0.100546 1.970092 1.381932 1.072065 -0.798844 -0.603631 -2.292668 0.479650 1.692383 0.096945 -0.874931 -1.825932 -0.997586 0.895578 0.663607 2.032874 0.542486 0.447061 1.079010 -0.313656 -1.642399 0.733254 0.764767 1.932706 0.930701 -0.872768 0.381495 -2.394028 -0.169779 -0.486743 -1.779484 -0.220256 0.900292 -0.790308 1.241385 -0.777845 -0.786013 0.357371 -0.145513 -0.057454 0.460887 0.692579 -0.723329 0.709276 1.075477 0.903280 -0.374074 0.545500 1.456076 0.334176 -1.574115 0.260030
-0.694934 0.257013 0.326747 0.335720 -0.614975 -0.589934 -0.566174 0.403705 1.901636 -0.311491 -0.447547 2.106976 0.862240 0.760377 -0.208760 0.736764 -0.255382 -0.493753 0.588818 0.014254 1.904768 -1.674049 1.565093 -0.980448 -0.941544 -2.175379 0.874940 0.929240 1.221122 -1.035161 0.253488 1.557121 1.533393 0.362400 -1.666190 0.110999 -0.440352 -0.368764 0.475387 1.420078 -1.213544 0.697532 -2.037590 -1.781373 0.861348 0.177787 0.392006 1.266801 2.203740 0.443018 0.000479 -0.778334 1.230342 -1.105720 -1.525311 -0.739762 -0.969736 -0.750214 0.554439 0.865014 0.476485 0.236318 1.306787 0.209411 -0.552582 1.123780 0.205489 -0.389079 0.956607 0.939509 0.172995 -1.102174 -1.531131 -0.964660 1.748753 -0.731438 0.727497 -0.148457 -0.703583 -0.448151 -1.222447 -2.973897 1.068741 -1.285315 -0.098349 1.338557 -0.227974 0.278980 0.891226 0.164883 -0.732941 0.044561 0.109730 -0.542986 -0.494333 0.082838 -0.732216 -0.140276 1.060851 1.039263 -2.589893 0.483733 -0.996218 -0.485516 1.026556 -0.927683 0.906879 -0.257424 0.150766 1.370721 -0.514847 0.903712 0.119037 -0.754228 0.908602 0.293124 -0.542158 -1.231010 -1.520353 -0.780960 0.357990 0.141229 0.916932 -0.022986 1.070810 0.184622 0.004156 2.276874 -0.522951 -0.442155 0.109625 0.095992 -1.919396 -2.520738 2.075262 0.016440 0.289621 0.433101 0.924129 -0.530531 0.211931 0.105671 -0.192867 -1.150453 0.953959 1.828096 0.583933 1.004038 0.533506 0.416489 -0.653551 0.496653 -0.118590 0.696479 1.308909 -1.849488 -0.592178 3.059950 0.565052 -1.410760 -0.487325 -0.615225 -1.188796 -0.173217 -0.430749 0.083147 -0.385337 -0.638526 -0.708046 0.463703 1.387935 1.171783 0.893418 0.513987 -1.151200 -0.348488 -1.927582 -1.035913 -1.654133 -0.654769 -1.003694 -0.512649 0.006759 1.621202 1.714856 -1.061003 -1.614604 1.251873 -0.088246 -0.181989 -0.889356 -0.019252 0.190534 -0.402966 -0.660886 1.726399 -0.476693 -0.655595 -1.648466 -1.088435
0.409220 0.473678 -0.389884 1.662952 0.731755 0.191411 -1.606297 0.693923 -0.451892 -0.777574 -1.040956 -1.322817 1.683023 -0.137133 -0.480503 1.513535 -1.246742 0.596089 0.014117 -1.431150 0.034863 -1.007073 1.036476 -4.095565 -0.592856 -0.460285 -2.203708 0.365762 -0.515413 -0.963388 -1.900518 -0.124539 0.354147 1.328952 1.207804 1.340746 -1.104891 -0.508554 0.154515 -1.519962 0.052875 -1.385787 0.024452 0.469615 -1.273009 0.396587 -0.201002 1.164051 -0.617464 1.283574 1.068887 1.396569 2.030399 -0.756736 0.347651 0.154581 -0.541392 -0.276168 -0.223594 -0.271261 0.686855 -1.558651 -0.894467 0.319228 -0.915369 -0.319629 0.608922 -0.414143 0.364820 -1.438533 -0.243126 0.067441 1.131576 0.520036 0.842459 -0.841881 -0.896704 0.179185 0.061697 -1.132021 1.195307 -0.762596 -0.123991 0.327217 1.520508 -0.497192 0.116283 1.543555 0.919703 1.104635 0.092382 -0.555575 0.593939 0.637490 -0.497834 0.099123 -0.305189 -0.965677 0.274452 -1.036108 -1.183578 1.199353 1.263561 0.035394 0.412704 0.935035 -0.078218 1.080392 -1.346777 -0.596245 -0.621943 0.285104 0.132512 0.246975 -0.314843 0.433538 -1.504038 0.995001 -0.761468 0.667892 -0.481961 -0.395787 -1.944332 0.444671 0.724082 -0.225607 0.026697 0.028637 -0.657612 0.657037 0.060820 0.561131 0.037610 -1.144301 -0.347530 -0.195868 1.608133 1.500549 0.170339 -0.257097 -0.217641 0.408797 -0.071474 -0.090168 -1.878232 -0.270584 -0.997143 -1.436496 0.453737 0.246012 -0.207279 -0.412352 2.203049 1.463555 -1.277253 0.351575 0.250817 -0.347065 2.018062 -0.055822 -0.975806 1.354694 -1.107072 1.022315 -1.098441 0.695381 1.174903 -2.054708 -0.446501 -1.032041 -0.293397 1.005645 0.198163 0.518233 1.083492 -0.158680 -0.520673 1.550236 -0.979110 1.706368 -0.177594 -1.017512 -0.600394 0.539033 -0.256578 0.346911 0.788908 0.209356 1.209579 0.042515 0.689177 0.250806 0.814920 -1.273736 0.610565 -1.838476 -1.544548 -0.405871 0.579901 -0.019940
0.605631 -0.421124 0.296518 1.973484 1.981689 -1.518424 0.282244 0.887568 1.083825 -0.021311 -2.698235 -0.332806 -0.308057 0.323993 2.433888 0.640380 -0.794200 -1.475452 0.817896 -1.201199 0.760250 1.800538 0.993045 -0.890538 0.475999 -2.196950 0.982197 -0.430881 -0.192711 -0.529498 -0.355620 -0.001878 -0.376853 -1.216054 -0.965773 -1.001848 -0.628207 -1.789686 0.253549 -1.128816 0.286474 0.795708 -0.391862 -1.190325 1.549274 0.106478 -0.908115 -0.205009 0.354773 -1.540244 0.207195 -0.364346 0.151394 0.135598 0.612290 -0.768815 0.775439 -1.034486 -1.574022 -0.324576 1.113066 0.457363 -1.470184 -0.872672 0.530439 0.065704 0.250948 -0.910948 -0.073696 -0.610309 -0.539983 -0.021264 0.404495 -0.994561 0.161171 -0.541239 0.283208 0.684469 -0.841942 -0.566641 -1.811297 -0.150195 -0.078874 1.744101 1.195077 1.386394 -0.609988 1.274572 -0.680969 -0.439401 2.209649 0.347892 -0.346770 -0.238152 -0.702836 -1.134581 -0.613485 -1.068466 -0.116442 1.116977 -0.995960 1.285379 1.053117 2.425429 -0.167339 -0.117250 0.314306 0.657881 -0.858049 -0.356393 -0.199446 -1.728354 -0.738490 -0.280824 2.506919 0.637377 -0.497023 0.212867 -0.982302 1.000664 -0.387116 0.074288 -0.326890 -0.517937 -2.277448 -0.427964 0.341288 -0.568013 -0.833537 1.037394 0.391247 -0.195457 -1.376374 0.148107 -1.206036 0.547109 1.057460 -0.362678 1.161830 0.816543 -0.080799 -1.230876 1.317521 0.813448 -1.338204 1.728774 1.512706 -1.018342 1.114035 -0.002770 0.099755 -0.013018 -0.258246 -2.447148 -2.516171 0.569471 -0.525944 1.021040 0.270021 -0.925537 -1.152625 -0.158584 -2.286898 1.157966 -0.258516 -0.395664 -0.740769 0.358486 0.465010 0.699340 -1.008313 0.118160 -0.386575 -0.241012 -0.792654 -0.577750 0.107940 1.464666 0.913727 -1.282831 -0.040856 1.050025 -0.496478 0.679069 -0.728997 -0.383167 -0.734251 0.398148 1.540373 0.723429 0.020437 0.485790 -0.520864 -0.892858 0.488067 -0.342703 -0.590538 -0.077761 1.044120 -0.749178
-0.365674 -1.520344 1.180049 0.940753 -0.545887 -0.670302 -0.848274 0.534851 -0.816398 0.660353 0.625171 -0.742391 -0.651787 -0.458419 -1.217926 -1.207273 1.550671 -1.154088 -1.781088 0.162599 -0.016584 -1.157567 0.818390 -1.689089 -0.747479 0.505504 -1.004552 0.426684 0.235990 -0.394413 -0.679793 -0.997114 1.097654 0.061866 0.899523 -0.584723 0.695626 -0.839685 0.979602 -1.455547 -0.195280 -2.205855 0.120437 -1.401106 -0.459436 -0.258654 0.082908 -0.302806 -1.142119 0.648091 0.327537 1.143095 -2.322285 2.275373 1.099037 -0.250437 1.262458 0.609289 -0.335046 1.509983 0.712055 -0.722221 -0.527138 1.441182 1.918208 -0.118413 -1.160938 0.369405 -0.489177 0.547072 0.054370 0.578191 -0.226525 -0.359924 -1.158560 1.541989 1.017646 0.225219 -0.693159 1.803137 0.482745 1.581432 -0.087934 1.756654 0.706595 1.731007 0.595385 1.675051 0.165650 0.303504 0.470931 -0.357029 1.810251 1.308658 1.124576 -0.238054 -0.744418 0.163915 2.339266 0.889331 0.454705 -1.376772 -0.260581 0.850192 -1.569066 2.171687 0.009118 0.941656 0.319061 -0.621504 -1.198979 -0.089443 -0.714622 -0.015864 -1.721324 0.363851 -0.507335 1.738512 0.149293 0.710508 -1.480225 0.615614 -2.807768 -0.248979 0.375506 0.158463 0.376881 1.480879 0.566934 -0.069055 -1.021382 0.410917 1.557869 -1.437371 1.250292 -1.297902 0.311136 -0.089180 -0.421903 -0.241591 0.685993 -0.537175 -1.194184 1.674319 -0.656242 0.221502 -0.577729 -0.180882 -1.078913 1.737321 -0.379073 -0.087551 -0.257374 0.951552 -0.855276 0.602018 0.299532 0.224157 -0.000445 -0.961726 -0.174488 -0.329483 -1.286101 0.260897 -1.143456 1.585762 -1.970624 1.029875 -0.331269 1.269987 -2.129701 1.013954 1.499399 -0.952731 1.092373 0.155709 0.669202 0.221385 0.589255 -1.227959 -0.801149 0.813812 2.173213 -1.281307 1.016012 -1.274149 -0.139183 -1.278173 -1.259455 -0.802903 -0.660106 -0.084004 -0.105125 1.848624 -0.429918 0.124342 0.032878 0.645009 -1.380320 -0.682239
-0.022420 -1.563592 1.597522 -0.277873 -0.876829 -0.088046 0.653548 -0.007568 1.493200 1.126162 -1.466825 1.259562 0.878046 1.439464 0.242081 -0.995634 0.009894 -0.484572 -0.529679 0.329339 -0.178175 1.379711 0.616989 -2.093312 -1.441293 0.482932 0.546075 0.998816 0.098906 -0.225932 -0.257949 -1.753259 1.247003 -0.338134 0.367560 0.138692 2.586517 0.305593 -0.420008 -1.365427 -0.920065 1.431872 -0.209489 0.059355 -0.135846 -2.453395 0.935200 0.703553 -1.077144 0.926188 1.150710 -1.306593 -1.721524 -0.769462 -0.208611 0.684301 -0.772317 -1.361433 1.366387 0.586703 0.536550 -0.786023 1.294378 -0.665089 0.981138 1.483984 -1.090068 0.538514 -0.997228 -1.491511 0.671568 0.684312 -0.056349 -1.302171 -1.360683 -0.858170 2.794392 0.750352 0.404788 0.323724 0.125594 -1.068570 0.338930 2.009883 2.029125 0.154154 1.160528 1.446181 -0.705055 0.937129 0.615509 0.606687 0.878861 1.030169 -1.975409 0.005361 -0.299594 0.879927 -1.094370 0.271814 -1.874228 -0.432736 0.054012 -1.201196 -1.192869 1.487111 0.064029 0.218895 0.459478 1.711494 0.182993 -0.060775 0.470888 0.248403 0.154436 0.605770 1.077431 -0.526215 1.978027 -0.852045 0.416263 1.177458 -0.093686 0.881304 -0.082411 0.677705 2.077801 1.340436 0.122827 0.993068 -0.322086 -0.043895 -0.541895 -1.708141 1.105991 0.741045 1.189244 -0.397524 0.773637 0.797155 0.898063 -0.836217 -0.041894 1.354981 -2.270347 1.708358 0.358052 -2.379745 -0.773505 -0.411953 0.840620 -0.277013 -0.183927 -1.591343 -0.673117 -0.436778 -2.417544 0.407330 -0.023691 -0.931351 0.328054 0.818855 -1.421140 0.575671 1.742326 0.363191 1.277838 0.307355 -0.761803 0.004730 0.061828 -1.691122 -2.446338 0.511875 0.451381 0.476327 -2.046362 1.914898 0.359447 -1.694991 -0.349075 -2.617347 1.493166 1.409194 2.028246 -0.674168 -0.356962 -0.665873 -0.448235 -2.310655 0.574602 -0.107158 1.372533 -0.096788 -0.216839 -2.514750 0.380057 0.648169 -0.516406 0.442995
-0.697181 -1.055583 1.765124 0.818438 1.638741 -0.534911 -0.425378 -0.188993 2.569877 -0.258968 -1.672317 0.624087 0.527020 -1.220137 0.082538 -0.010625 -2.475907 -0.303636 0.466581 -1.837903 -0.930168 -0.487051 0.845429 0.893808 -0.854359 0.797490 1.251541 -1.434431 1.230800 0.402924 2.873733 -0.867515 0.947781 -0.612418 0.115874 0.978663 -0.374596 0.191519 -1.892874 -0.740806 1.163011 -0.235996 1.015050 0.772383 -0.623172 1.883810 -1.573639 -0.858254 0.743503 0.371197 0.344281 2.258880 1.707159 1.738895 1.115348 -1.163903 0.543018 -0.036381 -0.394578 0.949211 -0.615248 0.483680 -2.431379 0.193448 0.412823 0.383169 -1.540396 -0.972300 -0.448763 -1.361746 0.052107 0.858308 0.481500 -0.156754 0.595984 0.491538 -0.528154 -0.521859 2.156843 -0.178071 -0.169497 -0.028368 1.246868 -1.291653 -1.047632 -0.447639 0.257799 1.073723 2.233007 0.998202 1.399358 1.332634 1.489452 -0.167007 -1.864917 1.034763 0.945123 0.752257 -1.052791 1.241242 2.459762 0.199474 -0.149220 -1.552181 -0.676445 0.441342 -0.140699 0.372493 0.715389 -1.580106 0.183356 0.680441 -0.089645 -0.005444 -0.355982 0.710709 -0.663882 0.708932 3.074560 -2.051943 1.587520 -0.934839 -0.975364 -1.053350 0.303014 -2.022692 0.625137 -1.080332 0.048890 -0.769413 -0.186166 0.291530 -0.175115 -0.852847 0.516334 -1.440184 0.791054 -0.251955 0.383966 0.860740 -0.174691 1.789697 0.123492 -0.283577 -0.500659 -1.184616 1.465926 0.433835 0.399461 2.686986 0.479101 -0.828838 0.535224 0.232635 0.482775 1.562222 -0.483878 -0.049441 1.729400 -1.371844 1.749420 2.039362 -0.027178 0.908069 0.394691 -0.024336 -0.469668 -0.629895 0.290190 -0.920906 -0.626242 -0.654532 0.848251 -0.499163 -0.193122 0.966038 -0.304396 0.667856 1.973905 -1.120691 -1.264340 -0.065226 -0.155805 0.801417 0.643977 -0.994147 -2.576009 -0.333868 0.517501 0.407599 -0.507261 -0.227861 0.338655 -1.768930 0.165848 1.026412 -0.552861 -0.130775 -0.559974 2.290461
0.349626 0.262864 -0.558368 1.374668 0.402550 -0.644640 1.050076 0.369691 0.485871 -0.494679 -1.735196 -0.053105 -0.465162 0.591723 -0.257361 -1.471510 1.857017 -0.176790 -0.697324 -0.197596 -1.015490 0.357662 -0.453461 -1.348064 0.719407 0.725550 0.685679 0.591608 -0.574789 -0.577268 0.479594 -0.030474 0.279222 1.009420 -0.483742 1.867533 -0.630879 -0.315537 -1.127091 -0.568130 0.953993 2.003281 0.675434 -0.498810 -0.117693 -1.082283 -2.327001 1.846386 1.129393 0.211729 -0.918072 0.192969 -0.890998 -1.056490 0.916376 -0.664020 -0.246838 -0.113206 -1.886970 1.886103 -1.099949 -0.217308 -0.795770 -0.694388 0.916044 -1.455569 -0.892057 0.945802 -0.132968 0.486196 0.212335 0.143492 -0.129782 0.431888 1.188553 0.820392 -0.413321 0.409877 -1.139519 -0.240004 -0.672593 -0.046200 -0.201211 1.608586 0.531954 1.032714 -0.360328 -0.204503 0.148649 -0.178868 0.648689 1.890662 0.069207 0.054029 0.540082 -0.843224 -0.812322 0.744856 -0.204733 0.934146 0.587629 -1.597428 0.515962 1.321516 0.270926 -1.540856 -0.378316 0.039180 1.650282 -0.018208 1.253188 -0.332964 0.897500 0.453859 -0.218526 2.288986 1.442714 -1.508452 -0.405947 -1.206462 0.070230 0.046638 0.465935 -1.382112 1.285280 0.905974 -0.837173 1.014666 -0.112301 0.638118 -0.754247 -0.394430 1.130134 0.087987 -1.369204 -0.915080 1.078497 0.257853 0.685130 -0.008469 1.131208 0.321128 -0.597804 -0.262164 0.243533 -0.634530 1.242330 1.099865 1.141591 -0.255786 -0.799524 1.942435 0.874213 -0.344505 -1.089746 -0.007250 0.195865 -1.316822 -0.798288 0.966599 0.594621 0.819953 0.675562 0.376214 -1.468990 -0.930202 0.122404 -0.775332 -0.093555 0.618211 0.332822 -0.536332 1.715936 -0.374422 -0.171369 0.291295 -0.747680 0.756738 0.978738 -0.399413 -0.292289 -0.694450 0.570465 0.303513 0.487801 0.689387 -1.570119 -0.796884 0.557503 -0.857788 1.447372 -0.863304 -0.795156 0.788122 -0.798014 0.405057 0.657521 1.079250 1.399796 0.668688
0.029740 -0.688332 -0.366106 -0.286844 0.796237 0.831329 0.781101 0.769768 0.872022 0.712288 -1.445079 -1.011628 -1.001630 1.236657 -1.174744 0.843236 1.350147 0.116696 -0.381813 2.317090 -0.222753 0.568777 0.339019 -0.751324 -0.017854 1.160438 0.659875 -0.868380 0.162375 -0.426688 -0.393724 0.549250 -0.240555 -0.124707 0.140251 -0.216955 0.375086 -0.639518 0.147608 0.970427 1.119663 -0.669313 -0.912271 -0.877317 0.195216 0.663221 0.075352 -0.916237 -1.503392 0.029076 -1.247705 -1.305790 0.532374 -1.324593 0.716580 0.169634 -0.895113 0.630604 -0.045521 -1.755707 -1.863594 -0.742392 -0.162886 0.393878 1.603688 1.167944 0.769218 0.049903 0.967388 -0.305775 -0.239697 1.391181 -0.432299 -0.502254 0.330380 1.130398 0.697383 0.528283 -0.041196 2.438159 -0.488321 1.026332 -0.413467 0.078245 -1.178540 0.763747 2.526717 0.412989 0.202511 -0.497399 0.773136 -0.902947 -1.079220 -0.549256 0.049601 -0.188376 0.556358 -1.133357 1.520093 -0.774406 -0.712256 -1.033567 1.852196 1.078071 0.221989 -0.637884 1.554926 0.250384 0.624375 1.096735 1.730090 -0.027051 0.243325 -1.866482 0.649749 -0.180607 -0.636945 -0.505109 -0.169525 1.376200 -0.634350 3.072474 0.515438 0.710252 0.545090 2.648140 0.058520 -0.117823 -0.535342 0.210240 -1.189578 -0.689377 -0.507241 -0.155768 -1.213812 0.121907 0.075695 1.328828 -0.146549 0.171503 -1.152605 -0.827335 -0.663502 -0.820913 0.676507 1.104739 3.681608 -1.207178 -1.622427 0.191618 -1.291288 -1.014704 -0.526541 -1.126024 1.052655 -1.266227 0.479968 -2.685420 -1.760940 -0.536170 -0.669228 1.258872 -0.515143 0.399565 0.654716 0.294525 -1.024246 -1.577348 0.139557 0.896006 -1.354106 0.383902 -0.017483 -0.922574 0.403823 0.128064 0.729802 -1.292006 1.357530 0.349977 -0.359193 1.551399 -0.028039 0.131789 0.677029 -0.242851 -1.339059 -0.079699 0.870410 0.414931 0.960879 -1.573562 2.023282 1.694616 0.166391 0.044684 -1.026215 -0.067454 -0.635993 -0.302911
0.510669 0.414901 0.915102 -0.142504 -0.720518 0.711784 0.747232 -0.605190 1.435911 0.208367 -0.279644 -1.652490 0.888162 -0.227342 -0.297158 1.131827 0.903686 1.474851 1.458698 -0.021310 -0.549924 -0.533086 1.380682 -1.155631 1.196070 -2.218100 0.314037 0.831080 0.763539 -1.561951 -0.674059 -0.263648 -0.047281 0.412140 0.050652 -0.687057 0.326268 -0.516281 0.853851 -0.987239 -0.818668 0.126003 -1.228454 1.512023 -0.813206 -1.153703 -0.674751 -1.195753 -1.350231 -0.015158 0.637936 -0.407156 -0.769436 -1.530352 -1.661323 -0.154595 -0.694753 -0.187277 0.037344 -0.895116 -0.880276 0.885119 -0.357993 0.699987 1.477773 -0.362009 -1.115932 0.899085 0.323175 -0.863965 -0.020876 -1.511020 -0.506494 -0.194980 -1.178399 0.120892 0.173715 -0.830453 -1.015861 -0.958690 -0.573025 -0.327882 -1.050182 -0.591713 0.231045 1.287213 -1.255723 -0.652278 0.298202 1.007228 -1.060646 1.053860 -0.797079 -1.780983 0.524001 0.088085 0.311838 -0.223292 0.684503 -0.796682 0.066380 0.378859 1.615320 -0.528161 -1.013393 1.325181 0.928675 1.698451 -0.431867 -0.750801 -0.839248 -2.609943 -0.161658 -0.229458 -0.074270 -0.065385 -0.653131 2.195608 0.904251 0.342563 0.386219 -0.497343 0.222123 1.312266 -0.405108 2.043889 1.060555 -1.612049 1.280131 -1.657474 0.836683 0.961856 0.262593 -0.941947 -1.011186 0.084910 1.301120 -1.313542 -0.111413 -0.204392 1.070697 -0.556527 1.758616 -1.068328 0.551484 0.517979 0.644405 0.225970 -1.060354 -0.888668 0.491465 -1.723831 0.444632 -0.145125 -2.065530 -0.104572 0.309957 -0.742305 0.343564 1.307586 -1.723006 1.681848 -1.563839 0.625797 0.277053 0.001507 0.455909 -0.012514 1.176602 1.768068 2.197329 0.697396 1.151267 -0.393834 0.453145 -0.021186 0.173366 0.766603 -0.247286 -0.677262 1.319962 0.350482 -0.061438 1.769150 -0.164754 1.047300 -0.932371 -0.510281 -1.477211 1.519536 0.988292 0.756528 -1.404285 0.724527 -0.042297 -0.989322 0.286681 -0.276396 1.277696 0.790231
-0.288029 0.679464 0.773473 1.629743 -0.199687 0.251393 0.657880 0.272397 -2.126817 -0.326770 0.072043 1.593633 -0.699227 0.902050 1.244269 0.392894 -1.066898 0.580439 -0.799342 -0.019013 0.543785 1.580937 -0.334895 -0.526275 0.236700 0.343682 0.313873 0.517650 -0.662586 0.741996 -0.754937 0.064492 0.488972 0.476960 1.202243 1.437124 0.258735 0.006979 0.409558 -0.911815 1.002795 0.577327 0.095164 -0.307843 -0.157618 -1.615770 1.012927 0.614056 -0.769234 2.199909 -0.719795 -0.017175 -1.267172 0.271739 0.966352 -0.347855 2.167634 0.407808 0.854698 0.229423 -1.378501 1.460630 -1.313775 -0.265666 -0.853521 0.265387 -1.404224 0.399510 0.597017 -0.726682 -1.349210 1.078852 0.655837 -0.805238 -1.604567 0.566907 0.560584 -1.099954 0.266181 -0.198058 1.983757 0.061182 -0.802558 -0.879746 0.855540 0.006180 2.355366 0.130665 -0.144515 -1.356797 0.172794 0.418949 -2.298970 0.256460 -0.057495 0.204191 0.527804 0.093826 0.953085 1.392629 0.107678 -0.522505 -0.844098 -0.374743 0.217499 0.265347 -0.014234 1.334658 0.428017 1.311713 -1.024445 -0.369654 1.655065 -2.479210 0.561278 0.719583 1.910581 -1.680677 -1.532588 0.421799 0.615833 -0.561845 0.565121 -0.700624 0.786374 -1.142988 -0.311035 1.074066 -0.347280 0.608332 -0.317673 -0.353871 -2.230896 1.477456 -1.110261 -0.880703 0.343564 0.941902 0.515219 1.858199 0.694805 -0.916778 -1.018105 -1.281530 0.805054 0.037878 1.448937 -0.040847 0.061291 0.723924 -1.149539 -0.447958 1.096758 -0.697476 0.364420 0.190386 0.044911 0.189068 0.053821 1.445450 1.080905 1.617635 -0.335270 0.416814 -0.893188 0.158050 -0.849592 1.760125 -0.078790 1.394223 1.397552 1.045530 -1.270304 0.248403 -1.003490 0.893221 -0.501186 -0.270408 2.831637 -0.038227 -1.736350 0.197581 -1.863616 0.258013 1.284340 1.045442 -0.506540 -0.138562 1.498252 -0.982332 1.093045 -0.605891 1.296993 -1.215403 0.047528 -0.825506 -0.295676 1.075078 -0.154885 1.045366
-0.769150 0.475834 0.891648 1.960421 -1.159397 -0.196885 0.437613 0.170913 0.149097 -0.098837 1.070377 0.351143 -0.707980 -0.788870 -0.761515 -1.208805 1.041359 -0.219786 -1.035567 -2.049428 0.588328 1.439202 -0.163846 0.536316 0.000813 0.132933 -2.023958 -0.070967 1.257148 0.402956 1.882609 0.942033 -0.973422 0.237108 0.544990 1.888472 -0.230094 0.697108 -0.457950 0.382072 -0.182048 0.363252 -1.138470 0.678397 -1.523455 -0.746101 1.566898 0.641573 0.338162 -0.857846 0.078183 1.155492 -1.218309 0.580416 -0.678872 -1.974180 -0.163168 0.355839 0.580673 0.103691 -2.283076 0.625200 -0.015134 -0.125547 2.801933 0.870824 -0.102200 -1.608366 -1.912663 0.776554 -0.409897 0.309587 0.185309 -0.713306 0.046188 0.073165 0.289989 0.034323 -0.915997 -0.142661 -0.998883 -0.126737 1.155681 -0.566142 0.495534 -0.152916 0.169264 -0.213493 -1.929703 0.852375 1.402644 -1.122221 -1.642317 -0.468527 1.350586 0.982839 0.172912 1.735921 0.790025 1.484557 -1.268592 0.195495 2.695728 -0.849285 -1.681324 -0.216388 -2.376247 0.443400 -2.820321 0.214151 0.468783 -0.626058 -1.480491 1.745485 -0.318400 -0.618934 1.941553 -0.777680 -1.165115 -0.516043 -0.866601 0.355021 2.020391 -0.409837 -0.321874 0.530704 -0.186877 0.262923 -1.173372 -0.625512 -1.421094 -0.232600 -1.359375 0.047284 -0.408157 0.507375 0.060323 1.344702 0.556695 -0.729066 -0.433138 -1.823177 0.815838 -2.298793 0.351093 1.131500 -0.431319 0.160462 1.443109 1.100256 -0.675348 -0.742589 -0.272274 0.431997 1.027882 -0.787890 -0.054803 1.368237 -0.284594 0.008870 0.545986 0.059404 0.960910 -0.501431 0.324478 0.129620 0.310091 -0.301120 -1.399486 0.803503 -0.193955 -0.492989 0.166734 0.960249 -1.250517 0.126536 1.312890 0.978914 -0.785628 0.462094 1.680311 -0.534765 0.483651 -0.404051 -0.033815 0.925648 -0.393026 -1.314146 0.089747 -0.479434 0.283535 2.877572 1.123846 -0.554613 1.294553 1.572828 2.368089 -1.476621 0.582619 -2.404152
0.595015 -0.401951 0.762122 -0.412037 0.851864 -0.816629 -2.277131 0.723426 -0.037639 -0.646320 -0.484111 1.126834 -1.318164 1.000231 -0.522271 -0.956484 -1.079111 0.236627 -1.175637 -0.661855 -1.579042 0.319463 1.229302 -0.608838 -1.263995 -0.300984 0.653828 -0.229768 0.015736 0.451656 -0.416881 -0.317487 -0.204045 1.473707 -0.556423 -0.638446 0.349151 0.069508 0.957136 -0.009989 0.045399 0.560975 0.619703 0.820403 0.287070 1.161220 -2.374940 -1.741651 -0.992727 0.911485 -0.648812 0.692165 -1.061464 1.957677 0.818202 -0.258344 1.139719 -1.221246 -0.374588 1.837388 0.667140 0.665811 -1.764250 2.036295 -1.425003 0.043002 -2.154577 -1.849186 -1.927286 0.351450 1.703673 -0.272519 -1.527635 0.529954 -0.558004 1.241141 -1.855935 -0.999215 0.127743 -1.438500 0.578454 -2.173176 -0.157585 0.227233 0.880600 -0.873423 -0.937990 1.223361 1.232951 1.947588 -0.569108 0.961174 1.106801 -0.009409 0.990800 -0.359806 -0.688100 -0.766706 0.846897 -0.947892 -0.374733 0.239909 2.277342 0.899169 -0.390858 0.609687 -0.239674 -0.500789 -0.372945 -2.916790 -0.403476 -0.533937 -0.912053 -1.020350 1.164301 -0.667782 0.458454 -2.090771 -0.211451 1.635549 1.723209 -1.003973 -0.498950 -0.204868 -1.619409 -2.144887 0.871633 -0.840361 -0.041936 -1.870931 0.620884 -0.088888 0.494412 1.101652 0.635502 -0.373943 1.698517 0.077973 0.274879 -0.119507 -0.172388 0.967041 -0.373148 0.429968 -0.731940 0.641615 1.087058 1.222837 -1.132489 1.708433 1.000002 1.244636 -1.548109 -0.098080 -0.050273 -0.664976 0.337396 1.103833 -0.893473 -1.658786 0.495873 -0.860526 0.685452 0.412163 -1.159235 -0.738137 -0.377675 -0.527920 -1.105309 -2.964890 -0.763341 0.036032 0.399134 1.673237 -0.449530 -0.340790 0.445135 -0.545607 0.918828 0.279662 -1.090135 -0.759244 -1.993603 -1.205180 1.361919 1.290090 -0.650975 1.270474 0.222670 0.244211 -0.943212 0.691969 -0.579384 -0.249507 0.559547 -0.233988 0.569743 -0.743888 2.259948 0.000816
1.356818 0.522863 1.711802 0.204482 -1.618063 -0.059616 0.209868 -0.695801 0.625455 0.411511 -0.835582 -0.674078 -0.598238 -0.518338 1.132453 0.096696 0.536176 0.129972 -0.419599 0.804678 -1.048078 1.194138 -0.974191 0.704175 0.269654 -0.712516 0.159895 -0.150797 -0.461428 -1.217703 -0.223625 -0.072369 -0.494993 -2.862519 2.031036 0.658189 0.438372 -0.358197 -0.337251 -2.240991 -0.410453 -0.125446 -1.042423 -0.981826 -0.339466 -0.702544 -0.292863 -0.332542 -1.200203 0.944393 0.160952 -0.381037 -2.158670 -0.374269 0.223282 1.003044 0.232660 1.490186 -0.439939 1.177156 0.299588 0.033324 0.229336 0.657307 0.016514 0.400031 0.718180 -1.752891 -0.981125 -1.177690 1.677670 -1.142928 1.270728 -2.100301 -0.863916 -1.103974 0.576611 0.344452 -1.204343 0.756735 0.251305 -1.019908 -0.103018 1.848102 -0.479681 1.343366 -0.648258 -0.751763 0.320694 0.553516 0.176272 0.772356 1.357834 0.070070 1.415890 0.463957 0.091386 0.858578 1.178542 -0.187890 0.608486 -1.581528 1.541778 2.021495 -1.881919 0.123686 0.598513 -0.358139 -1.244026 1.319932 1.423317 1.254304 -0.569185 0.426825 2.186829 -0.242633 0.837841 1.513047 -0.497480 -2.611194 -0.035733 0.568774 1.910961 -1.205347 -1.199323 0.544989 3.071429 1.267313 -1.318480 -0.000968 0.522980 -0.672463 1.600923 -0.792441 0.972634 -0.242732 -1.181249 0.609223 -1.255558 0.432297 -0.348211 -1.368531 -0.906170 -0.856784 3.076234 -0.680893 0.066234 1.549264 -0.006645 -0.458672 -1.420245 0.730594 1.599964 0.852247 0.397152 0.762718 -0.504359 -0.533075 -0.786587 0.020156 0.703398 -0.841033 0.128902 -0.100804 -0.350336 -0.384958 -1.785502 1.090658 2.128929 0.032508 -0.431784 -0.908693 0.845979 0.791123 -0.201639 -0.896651 1.026607 -1.237828 -0.740179 0.193324 1.191623 -0.989989 0.366044 -1.353927 0.318142 -0.592159 0.805061 0.662142 2.120570 -0.412370 1.104539 -1.045292 -0.315714 -0.211928 -1.002831 -0.021335 -0.722299 -0.140136 1.026020 -0.869188
-0.456789 -1.322194 -0.642216 -0.581699 1.479873 0.119624 -0.266802 0.099255 -0.243633 2.040744 -1.603311 -0.520779 0.018981 -1.099927 0.795567 0.643870 -0.165026 -0.428266 -1.547963 1.381624 0.868199 -0.745125 -1.302461 0.804763 -0.100161 -0.292823 -1.258405 -0.564400 -1.105945 -0.180990 -0.338105 -0.996189 1.719982 -1.023958 -0.112724 -0.369447 -2.284647 0.088632 -0.364376 2.448052 0.589606 0.482905 1.497439 -1.174891 0.467135 -0.375032 -0.827308 0.903338 -0.077600 -0.743768 1.880949 0.568344 -0.120630 -0.076137 2.039594 0.121189 0.557822 1.756494 -0.327481 -0.511030 2.379645 0.007767 -0.390201 -0.088756 -1.132040 -0.602291 -0.645304 0.436862 1.662048 1.144337 -0.704572 0.624755 -0.324085 -1.704856 -0.990190 -0.061404 0.379553 -0.303160 0.286723 -1.028869 -0.502379 1.367553 1.570515 -0.204764 -1.361725 0.419088 0.361396 0.043283 0.650117 0.068925 -0.596564 -1.151715 0.968794 -0.379137 -0.632728 0.932436 0.004963 -0.124569 0.960978 -2.078863 0.092950 0.105959 -0.472642 -0.556801 0.591026 0.665530 -0.241806 0.232728 0.466225 -0.834159 -1.116353 0.108683 1.702895 -0.066979 -0.329933 0.689761 -0.276178 -1.387776 0.418982 0.744308 0.669012 -1.087612 0.714705 -0.480672 -1.506839 0.361957 0.472875 0.847913 1.333992 2.824443 1.882949 2.374202 0.719088 -0.085117 0.639999 -1.033983 -1.510218 1.007553 0.385066 -0.929079 -0.702224 0.869328 0.530716 1.026028 -0.255972 -0.576983 -0.510480 0.039969 -0.515913 -0.363349 1.413411 -0.419908 1.456307 -0.360300 0.828315 -0.781653 0.614071 2.101210 -1.223126 -0.021633 -0.740267 -0.366430 0.249181 -0.528903 -0.857244 -1.379914 0.403671 1.307158 1.719065 0.440402 2.178699 0.211200 -2.496563 -0.341978 -0.316146 -0.134694 0.058370 1.232512 0.761944 1.488800 -0.423301 -0.397199 0.138923 -0.875524 0.002530 -0.355419 -1.590189 -0.512545 -0.665708 1.224876 -0.465877 -1.501961 0.675897 -0.799300 1.328156 -1.176532 1.193956 -1.480383 -0.291516 1.603536
0.612418 -0.707445 1.010751 -1.012834 -0.418373 -0.529104 0.278697 1.500968 1.033416 -0.648657 -0.766409 0.157014 0.888723 1.907404 0.288851 0.338307 0.893855 0.041819 -0.020727 1.052451 -0.623758 -0.254784 -0.924782 0.079030 -1.319638 0.091547 -0.654956 -0.701631 0.010969 -0.295366 -0.523864 -0.431793 0.599091 1.365935 -1.076270 -1.129234 -0.855628 0.032359 0.894538 1.967317 0.548673 0.473023 0.365390 -1.303937 -0.714169 0.698931 -0.486014 0.638265 0.020722 -0.843831 -0.548489 -1.502320 -1.650377 -0.393283 -0.361886 1.320478 -0.331072 -0.725418 -0.195116 0.458663 1.275827 0.455478 -0.750215 -1.268626 0.425434 0.519499 -0.779874 1.318921 -1.010281 -0.150059 1.115538 0.892494 -0.090009 -0.429052 0.317467 -0.556907 2.111073 0.359032 -1.482607 0.961071 -0.675973 1.431022 0.386548 -0.227197 -0.743945 -0.750090 -0.417176 -0.823331 -1.503418 0.784137 0.584120 0.286076 -0.409727 -0.928785 0.043064 0.844184 0.045470 0.535531 -0.366294 -0.653028 0.126178 -1.199882 0.757858 -1.154883 1.595822 1.707451 -0.661902 -0.080820 1.019216 -1.098515 -0.322694 -1.684055 -0.579622 0.563138 -0.908045 -0.233772 -0.105095 0.897999 -0.908782 -0.122392 3.126962 -0.772930 0.311563 -1.406778 0.693673 -0.828047 0.794467 0.566748 0.086177 -0.282954 -0.203532 -0.960554 0.652162 0.041639 -0.603777 0.444858 -1.218857 -0.353893 -1.579553 0.269065 0.691330 0.336011 0.705302 -1.254943 -0.291066 0.581383 -0.012906 1.561401 -0.060454 -0.160832 0.911113 -0.033636 -0.609315 0.196087 0.055122 -0.047408 -1.102509 -0.473750 0.580713 -0.651508 -0.081222 0.390280 0.130272 -0.168699 0.078748 -2.076237 0.124849 -1.769506 0.182486 -2.337798 1.706050 -1.636414 -1.137689 -2.454962 2.755089 -0.556580 -0.043924 0.909979 -0.289973 -0.106562 2.261819 1.962128 1.312020 -0.440200 -0.070837 0.531937 0.161261 0.842177 0.760744 -0.143809 -0.165865 0.687192 -1.722960 1.310411 0.550933 1.146818 -0.748506 1.085006 -0.800846 0.282590
-0.156118 1.004065 -0.251576 0.405188 0.863721 -1.042416 1.543508 -0.683333 -0.818425 -0.884902 -0.318877 1.706055 1.376237 0.410630 1.089499 0.487968 0.517873 1.026655 0.528420 0.442935 0.423169 0.186252 1.006592 -0.750062 -1.581147 0.824742 -0.559002 1.049995 0.030303 -0.671388 0.220557 1.522304 -0.545095 -1.451647 0.215652 -0.774238 0.498994 0.570913 0.935682 0.275896 -0.874985 -0.393197 -1.546995 0.399179 0.615099 1.189923 0.704896 0.008784 -0.110226 -0.290204 0.635088 0.524551 0.615573 -0.601836 -0.268837 0.081378 0.065405 -0.014689 -0.808552 -0.547814 0.180777 -0.514637 -1.798272 -0.233379 0.246967 2.032820 -1.648219 -0.520310 0.086386 0.360009 -1.321306 -0.251056 -0.670749 -0.866720 0.045674 -0.653388 1.142411 -1.814893 0.398942 -0.559478 0.082230 -0.175115 -1.083674 -0.261261 0.802150 0.357937 -0.742108 0.036536 2.299393 1.209168 -2.573948 0.040999 -0.051624 2.208012 3.024239 -0.721594 -0.326589 0.344158 0.014098 -0.453489 0.793869 0.441867 -1.362153 -0.281469 -0.810265 -0.345999 0.775809 2.204434 0.940144 2.328092 -0.343630 -1.587312 0.587653 -1.160274 -1.622025 -1.061636 -0.162562 -0.998064 1.024881 -0.534138 0.824443 -0.463004 -0.990086 -0.343823 -1.617014 0.454031 -1.921511 0.898420 0.677906 -0.271994 1.010831 -0.520380 0.281937 0.358286 -1.007791 0.977322 0.650748 -1.378094 0.878803 -0.386624 -0.348378 0.630919 -1.158210 0.086703 0.671377 0.790368 0.522279 -0.091831 0.544536 -1.186092 1.329386 -0.832268 -0.166516 -0.131916 0.863644 -1.231090 -0.528295 1.848537 0.444896 1.813219 0.418021 0.132150 -2.216134 -0.853828 0.633308 -0.915091 -0.137129 -0.272238 0.454523 -1.580928 -0.486134 1.710171 -1.828412 0.877739 -0.500775 -0.184170 1.089065 0.740657 1.193329 0.708190 -0.397897 -0.121685 -0.961202 -0.100530 -0.910473 -0.641800 -1.058728 1.029048 -1.516486 0.195253 0.727730 -0.236897 -0.241693 0.096861 -0.958845 -0.992560 0.483437 0.188576 -0.977636 0.330745
-2.332229 0.475086 1.413126 0.703568 1.127157 -1.039158 -0.201796 -0.031191 -0.612382 0.795068 -1.439015 0.923763 1.398959 -1.124140 -0.144737 0.499734 -0.576871 -0.132291 0.106331 1.256023 0.827451 0.894787 -0.884553 0.222109 -0.510681 -1.846696 -0.365692 1.164043 1.444752 -1.878891 0.035948 0.629119 0.778932 0.000677 0.270962 -0.108233 0.089053 -2.284831 -0.161581 0.615606 0.366266 -0.693018 0.833738 2.831782 0.876226 -1.095105 0.846481 -0.991957 0.696024 0.347534 -0.438849 -1.423482 -1.325661 0.107738 -1.164109 2.029254 -1.200559 -1.264503 -0.369119 -1.997669 0.870359 -0.251451 -0.978036 -0.162719 -0.238765 0.558101 1.313536 -0.938171 -0.077448 -0.088274 0.525268 -1.560855 1.745902 0.324017 0.509782 -0.358857 -0.511131 0.089268 -0.066498 -0.733037 0.829180 0.355343 0.523675 0.755127 -0.881783 0.618683 1.744640 0.844831 0.623629 0.305363 0.252085 0.968192 0.253838 -0.471177 -0.081481 -1.555296 -0.150288 -1.209061 0.211497 -0.170080 1.513338 0.147691 -0.816606 0.160665 -0.862011 0.968675 0.272203 -1.012896 -0.545316 -0.269413 1.169024 -0.232302 -0.234099 1.170495 1.251664 -1.103822 -0.686553 1.428579 0.532442 -0.378839 -0.304776 -0.602547 -0.262989 1.647145 1.875109 1.261060 1.445598 0.728473 1.020530 0.848747 -0.167431 -0.051051 1.029685 -0.026193 1.524914 1.780194 -1.821551 1.625788 -1.465130 1.229039 0.453757 -0.178595 -0.048424 -0.405752 -0.667876 -0.903140 -1.114828 -1.506343 -0.686218 -1.304700 0.136873 -0.720520 0.453393 -0.774597 1.336317 0.997121 -0.718746 0.362123 -0.287867 -1.356774 0.490668 -0.062375 -1.652728 0.760791 1.574019 0.254632 -0.289429 0.369262 1.256472 -0.079878 2.072301 -2.182380 -0.358083 -2.181334 1.025988 1.388860 -1.169363 -0.026528 0.562544 -0.047694 0.384248 2.052376 -0.538939 -0.752821 -0.739584 1.048853 -1.038854 -0.600736 0.636629 1.239040 -0.402377 -0.309867 1.906210 -2.036216 -1.209429 0.166865 -0.838453 -0.919319 -1.060376 1.302956
0.952602 -0.963111 1.262105 0.079947 -1.117110 1.074652 -1.015805 -0.115138 0.290476 -1.675255 -0.305031 0.165309 -0.628024 1.432316 -2.221880 0.259894 1.119939 1.169260 0.854887 -0.746693 0.050737 0.602102 -1.436054 2.495944 0.277052 -0.435489 0.003779 1.059340 0.026903 0.105255 -1.368911 0.742999 0.730874 -1.077904 -1.371983 -0.524609 1.090071 -0.037167 1.242148 -1.018530 0.219203 1.237487 -1.351661 -1.288923 2.880089 -0.324015 0.964079 0.098830 -0.392639 -0.357061 0.537849 -0.159313 1.034167 -2.354947 2.208382 -0.271901 0.639481 0.266889 0.935974 0.876114 0.768697 -0.579096 -0.275221 1.394647 0.880219 1.837517 -0.477029 0.084698 -0.072202 0.458660 1.081841 -0.578529 -0.225183 -0.302737 -0.763844 -0.064074 0.412306 1.750963 0.371880 2.918426 -0.431244 0.679106 1.737994 -0.475792 -1.102211 -0.053841 1.222971 -0.410622 -0.747355 -1.906883 0.877860 -2.096016 1.261986 0.409305 0.224150 -2.249400 -0.183710 -0.037614 -1.932610 -0.862686 0.146170 -1.209202 -0.836497 -0.868363 -0.181551 -0.668172 0.747110 -0.871169 -1.174678 1.085020 -2.168879 -0.798168 0.248571 -1.610526 0.330839 -1.116524 -0.142864 -0.671015 0.805698 0.888529 0.452687 -1.117849 -0.025843 -0.629920 -0.763025 0.276078 -1.228399 -0.513343 -1.153202 0.078150 -1.794592 -0.952630 -1.199041 2.763973 0.534719 -0.469716 -0.920099 -0.709578 -0.189922 0.679923 0.169594 -1.360924 -0.740293 0.973914 -0.334650 0.981245 -0.273268 0.540438 -0.540601 -0.901152 -2.401884 0.976008 1.474190 0.528123 0.569357 1.167011 -0.444057 -0.337297 -2.034237 -1.138558 -0.395753 0.753222 0.328988 1.003438 1.042210 0.108690 -0.811404 -1.815137 0.186410 2.017321 -0.063814 0.986255 -1.447344 0.262006 0.520772 -0.939306 -1.265117 -1.034231 0.627886 -0.775274 -0.640418 -0.837786 0.352007 -1.042012 -0.494553 -0.497280 -0.302382 -1.618939 -0.125797 -1.104232 -1.346939 0.652849 -0.516965 -1.574563 -1.018368 -0.587020 -2.049156 1.531947 0.479061 1.885449
1.355191 0.533011 -0.543710 0.779665 0.722610 -1.128530 -0.359071 1.556750 -1.506051 -0.904529 1.724521 -1.386118 -0.757862 0.373305 0.017693 -1.555075 -0.991219 0.667571 -0.701548 -0.091635 -1.194383 0.362435 -0.668375 1.161556 -0.371749 0.562536 -0.532527 -1.810640 -0.036971 -0.347807 -0.021568 -1.678722 0.576904 -0.117141 0.670666 0.530555 -0.508872 1.036563 -0.266871 1.162293 -1.791653 -1.535490 -0.639556 0.315641 -0.301065 1.222476 0.545239 1.205661 -1.120291 -0.648264 -0.773231 -0.562474 -0.685219 1.365174 -1.182151 -0.191229 -0.205147 0.745715 1.410262 -0.739568 -0.064134 -1.876406 -0.447253 0.036073 0.110046 0.827475 -0.602426 0.469455 2.332213 1.223480 1.158254 -1.050494 -0.321508 0.189558 -0.091446 -0.173373 -1.019788 -0.149683 0.112753 0.895555 2.389731 0.448341 1.479527 -0.107432 0.312382 -0.127081 0.156447 0.691227 -1.084038 0.072275 -0.202072 0.369158 -1.529165 0.956956 1.596083 0.072055 -0.484705 0.630132 -1.159277 1.195730 1.197421 -0.080549 1.701017 1.293436 -0.733956 -1.659128 0.867654 -1.086855 0.081796 0.720647 -0.385709 0.341253 -0.612597 0.227494 -1.032863 -0.954800 0.911226 0.786586 1.531680 -0.353152 -0.139995 1.341697 -0.837187 1.069430 0.576536 -0.344201 1.078535 1.327794 0.173797 -0.882578 -1.385209 -0.806291 -1.684185 0.350484 1.589439 0.383644 1.434718 1.289037 -0.501713 -1.521990 1.002515 -1.607055 -0.478736 -0.650647 1.976012 0.214024 -0.781575 -1.328557 0.597282 -0.738033 0.045650 0.969325 0.116955 -0.089530 -1.285515 0.439269 0.244620 -0.056709 -1.700350 -0.202922 -0.378933 -1.134405 -0.047209 -1.019844 0.827316 -0.441137 0.969829 -2.013859 -1.438376 -0.299063 1.387324 -1.613176 -0.613862 -0.682455 -0.654633 1.086715 -0.947401 -0.809391 -0.395783 0.056694 1.328548 0.242923 0.269942 0.797395 -1.972180 0.487761 0.391434 -1.838035 0.055383 -0.756998 1.442342 1.077395 -0.748088 0.588220 0.603880 0.024212 1.278656 1.118900 -0.963581 1.100657
-0.292707 -1.586921 0.898490 0.663813 -1.124649 0.498240 0.320075 -0.249392 0.873718 -0.034837 1.017662 -0.897273 2.102951 1.804980 -0.838577 -0.560688 -0.192092 -0.364482 -0.625755 -0.432868 -0.411235 -1.146224 0.216986 -0.386995 -0.526223 0.311515 0.473434 -0.540330 1.741254 0.612472 -0.551770 1.116776 -0.260141 -0.835427 0.223009 1.126012 -0.278009 -0.279370 1.810661 -1.617433 -1.417390 1.369287 0.259177 1.961082 0.331381 0.062178 0.494283 -0.286776 1.697507 -0.531194 -0.229940 -0.428948 1.115823 -0.496230 0.462734 0.248919 -0.152322 -0.591977 0.355991 -0.256369 -1.257296 0.236194 0.238686 -0.851923 -0.966778 -1.111806 -1.336321 1.481225 0.251712 0.245949 -1.511055 1.180387 -0.705247 -0.381135 -0.889471 -0.105207 0.867738 0.124261 1.075449 0.282632 0.737901 -1.977849 1.569700 1.890753 -1.230284 1.685341 0.084762 -0.313588 -1.570528 2.358340 1.067920 -0.522330 0.964641 0.491190 0.256131 1.444441 0.355148 -0.674892 -0.238207 -0.448347 1.358233 -1.335774 -1.479395 -0.456620 0.966699 1.970999 -0.081758 0.268780 1.881149 -0.471797 1.707805 -0.395536 -1.500771 1.119940 1.194970 0.540262 -0.234355 1.271081 0.430124 0.158681 0.643142 0.911283 0.923125 -0.022603 0.030671 -0.734592 -2.391673 1.992779 -1.025174 -0.048914 0.008633 2.431407 0.670045 1.808278 0.298559 -1.856630 0.307415 1.619014 0.047477 0.649245 1.027691 -0.860031 -1.207667 0.171220 1.099614 0.104914 0.160951 0.500411 0.161202 1.447190 -1.584845 0.108436 0.846458 0.023912 1.206675 0.164392 -1.017778 -1.609909 0.442784 1.119757 -0.271557 -1.738530 -0.402783 -0.463031 -0.206057 0.683642 1.276797 0.086240 -0.240065 0.025020 -2.175896 0.209592 -0.700478 -0.957399 1.029507 0.890288 0.495310 -1.500209 -1.847774 1.527012 2.017303 0.240261 1.512675 0.740887 -1.263539 -0.812802 1.364658 -1.064182 0.382386 -0.499935 0.295956 0.503764 1.171939 -0.435364 -0.827090 -0.923923 -1.967340 -0.140703 0.275807 1.318220
0.382068 -0.040339 0.743392 1.503920 -0.608059 0.928510 1.419199 0.999593 -0.304939 -2.813107 0.481824 -0.663482 -1.408610 -0.626358 -0.371171 -0.769619 0.326742 0.680850 0.057188 -1.298449 -0.802200 -0.787702 -0.646981 0.090323 -1.701285 -0.115960 0.309348 -0.022710 0.417944 -3.064073 1.326729 0.249196 0.533809 0.434952 0.628444 -0.472285 0.529576 0.419229 1.353610 -0.331621 -0.148497 -0.851873 0.493810 -0.958241 -1.253304 -1.347118 -0.517014 2.515178 -1.453818 1.448552 0.372586 0.754406 2.395904 0.463407 0.176249 0.117857 -2.224240 0.396543 0.131901 0.517269 -0.657814 -0.568390 -0.209259 -0.866398 0.276516 0.926752 -0.368965 0.691487 -1.126273 1.020885 0.121722 -0.640195 1.714123 -2.308300 -0.394669 -0.843795 0.125995 -0.165650 -1.975890 0.596162 0.195332 0.332301 1.805177 -0.327321 -0.180508 2.620220 2.350099 -0.920396 0.589573 0.174355 0.616806 -0.175537 -0.479913 2.033502 0.451007 1.600649 -0.278947 0.752355 -1.068654 0.074363 0.352512 -0.791307 2.241361 1.075642 0.354716 -0.377085 0.175644 -0.760772 0.192191 0.697093 -0.555128 0.333274 0.309395 -0.876209 -0.421700 2.099084 -0.265385 -2.654320 -0.374243 0.036983 -2.026922 0.446143 -0.967964 0.795449 0.880562 0.579112 -0.081854 -0.314269 -0.215697 -0.443231 0.139025 1.796028 0.131691 -0.762064 -0.636856 -0.057027 -1.144711 0.387633 -1.049081 0.647547 0.471488 0.392412 -0.109928 1.565337 0.782848 -0.546188 2.602708 -0.169232 -1.011367 -1.397741 0.945100 -0.282818 0.313160 1.583231 0.185518 -0.288806 -0.901043 1.321994 1.448265 -0.274442 -0.966401 0.876165 -3.176703 -1.339026 -1.204224 0.387397 1.021048 1.018466 0.560251 -0.871200 -0.623728 0.420043 -0.477162 0.852764 2.184658 -1.060960 -0.148539 -0.670312 0.077005 -0.508829 -1.141083 0.528664 -0.388141 -0.910865 0.807750 -0.628866 -0.870872 0.626153 -0.869051 1.341738 0.050314 0.772724 0.558970 2.723267 0.860888 -0.454953 0.415740 -0.593161 -1.081932 -0.678749
-0.122660 0.833467 -0.543334 0.879864 -0.286440 0.725080 -0.583218 0.918398 0.943815 0.330637 -0.285875 -0.885431 0.350875 0.453530 0.736731 -0.590657 0.072919 0.045502 -0.427226 0.459880 -0.486426 -1.415511 0.286576 -0.892828 0.921199 0.590174 1.169398 -0.859771 0.004471 -0.220029 1.768226 1.497385 -0.466652 1.663684 -0.450520 -0.299505 -0.811141 0.486435 0.981203 -0.626595 0.805266 -1.204854 0.467797 1.201290 0.189442 -0.337538 1.000767 0.851046 1.121285 -0.184980 1.046048 1.447253 0.807364 0.052630 0.296279 -1.141248 1.564736 -0.545746 -1.928064 -1.762511 -1.049450 0.352184 1.105292 0.178614 -0.471294 0.016306 -0.140718 -0.299602 0.745766 1.479294 -0.917130 -1.208127 0.053376 1.153869 0.345127 -0.112534 0.219996 1.015172 -0.276952 -0.845965 0.497054 1.324993 -0.670459 -0.049045 0.659845 -0.392313 0.128609 0.089736 -0.613895 0.200936 0.785719 -0.419281 0.271995 -1.115035 -0.596977 0.496639 -0.634613 0.593471 -1.145562 0.711557 2.134630 -0.592536 0.852597 0.342230 1.258185 -1.610135 -0.767371 0.270115 -0.665310 -0.079353 -2.709263 -0.194717 0.527959 1.429454 0.299899 -0.793195 -1.064596 0.857547 -1.070822 -0.770715 -1.608305 -0.108483 0.532119 0.355582 -0.596930 -0.689238 -0.011754 -0.551389 -0.620037 -1.310153 -0.943639 1.088300 2.854634 -0.028054 0.537254 0.920865 1.975689 -0.128698 -1.225242 1.271158 -0.466754 0.870053 1.166707 -1.607137 -0.413144 0.034533 -0.162009 -0.265494 0.534816 -0.129022 0.429771 0.088373 -1.269999 -0.177726 0.116580 -0.140347 0.474819 -0.254696 -0.446505 -0.031404 0.354283 -0.510495 -0.513380 -0.426700 2.339337 0.628763 -0.166484 -0.832017 0.445505 -1.734141 -0.581777 0.839716 -1.091091 0.204212 -0.247154 0.872705 -0.614216 -0.059004 0.220733 -0.553185 0.420550 0.924242 0.395481 0.383222 0.137862 0.925203 1.182491 1.047056 0.789611 0.216415 -1.007046 -0.521771 0.117314 -1.083490 -0.088226 -1.209251 -0.041345 -0.620955 -1.295616 -0.222705
1.072972 -1.265222 -0.551831 -0.077390 -0.142367 -0.173922 -1.180937 1.258692 -1.747634 0.618344 -0.224351 -0.062123 0.194629 -0.375349 0.210654 0.457890 1.365452 -2.043054 0.762739 1.047283 1.157268 0.004118 1.741004 -0.016847 0.370291 0.862081 2.966940 0.251146 -0.074276 1.164310 -0.801944 0.691983 -0.305957 0.589506 0.496683 -0.666276 -1.841630 -1.019024 2.466473 0.897117 0.771633 -0.828151 -0.278012 0.671930 -1.595054 -1.240359 0.897902 0.721734 0.003618 -0.143575 -0.418020 -0.800167 0.738364 0.280656 -0.835708 1.164686 -0.306746 0.630550 -0.353919 -0.866632 0.020337 -0.889452 -0.098917 -1.178576 -0.239826 1.262757 -0.950587 -0.031606 -0.677365 1.396788 -0.683779 0.358028 -1.340919 -1.772336 -1.784899 -0.694386 -0.916564 -0.137073 0.259979 1.465870 1.171804 1.897218 0.531430 1.595265 1.137302 -0.826158 -0.365928 1.945922 0.806763 0.108697 0.795340 -0.800470 0.940492 -1.073044 0.247145 2.583815 -0.532737 0.208548 -1.423139 -0.259864 1.765079 0.153918 1.027832 -1.063883 0.581227 -0.430877 0.611492 -1.923304 0.166105 -0.752016 0.327601 1.175867 -1.059095 -0.783216 0.951167 0.043656 0.224305 -1.280614 2.054601 0.311935 0.696553 2.606894 0.046101 0.510025 -0.045587 0.860198 -0.774705 0.811437 -0.560731 -0.006613 1.299571 -0.236220 0.282351 -0.895165 -0.479039 -0.387374 -0.886603 1.437826 0.605682 -0.675407 -1.095565 0.213192 0.755911 -2.147677 0.270439 0.268289 -0.863444 -0.932823 -0.450300 0.776664 0.227232 0.469353 0.864703 0.085885 -0.966444 1.671860 -0.465631 0.563270 1.031125 0.941207 -0.486862 -0.396465 0.643977 0.386988 -0.141291 0.577476 1.177274 -0.775726 -0.258901 -0.565031 0.391939 0.632846 0.186391 -0.022676 -1.688062 -0.211134 -2.091671 0.358318 -0.304861 -1.037422 0.975872 0.256153 -1.063851 -1.298035 -0.157732 1.273683 -0.315194 0.180098 0.022275 -0.700014 -1.668134 -2.019743 0.467712 1.141975 0.356770 0.574416 0.623978 -0.546679 0.450281 -0.700807
-1.115258 0.241023 -0.514620 0.188193 0.094816 0.171670 -0.184028 -1.241725 2.050847 0.845522 -1.253096 -0.687590 1.251493 0.655051 0.918865 -0.226175 -0.245504 -0.326875 0.752507 0.229529 0.632796 -0.285454 -0.335595 0.754116 -0.192115 1.741838 -2.071644 -0.841405 0.198633 0.684669 -0.313423 3.726037 -0.747149 1.253377 0.717474 1.039532 -0.442132 -0.239075 0.223227 1.631482 -1.120284 -0.019855 -0.180254 -0.209863 -1.220776 0.511676 1.629902 -0.269629 0.750363 -0.412358 -1.874053 -0.785121 2.494317 -1.174263 0.450372 -1.816157 0.052928 -0.205015 1.078751 -0.144004 -0.811819 -0.173569 0.198813 -0.081567 -1.765949 -0.549122 -1.379528 -1.447108 0.260140 1.373550 0.315301 -0.939980 0.237773 0.499720 -0.867795 1.881244 -0.211337 -1.128711 1.333917 0.909356 -1.593783 1.274245 0.873053 1.120200 -0.951544 -0.224045 0.115882 -1.754128 -0.380231 -0.369802 0.387751 0.208593 -0.351810 1.860469 -1.358757 0.636860 0.444813 1.065849 0.114559 -1.013362 1.026789 0.500417 -2.044654 -0.161417 0.600913 -0.000104 -0.100193 1.633384 0.006620 -0.683452 1.107288 0.371617 0.916301 -0.305374 -1.310140 -0.016920 -1.445675 0.651300 0.347365 1.649893 0.019880 -1.332575 0.635856 0.549400 -1.355939 0.043696 -1.759114 -2.142243 -0.250045 1.347227 -0.465925 1.775381 2.476241 -1.264150 -0.251023 -0.681620 0.474194 -2.144980 -0.850557 0.160111 -0.756049 -1.565787 -1.839888 -1.331394 1.111302 -0.615526 0.046545 1.145497 1.555141 -1.617629 -1.369887 -0.318361 1.919527 0.406258 0.593048 -0.234043 0.168269 -0.750156 1.501444 0.857849 -0.400116 -1.155432 -0.211193 -1.325857 -2.135327 -2.147274 1.085584 0.952524 0.908738 1.002634 1.600094 -0.180878 1.350494 -0.341987 -1.274477 0.871602 1.374673 1.505496 -0.395472 -0.875010 0.521375 -1.077590 0.007364 0.242728 1.157882 -0.560342 0.132162 -1.383278 0.030168 -0.599530 -0.391618 0.478851 -0.092701 1.472197 -0.463873 1.303576 0.013460 1.640794 -1.639324 -1.010309
0.335218 0.448414 -0.955802 0.133922 -0.232485 -0.182272 1.183528 0.641184 -0.736921 1.103839 0.667467 -0.818230 1.015623 -0.237699 -0.661834 0.707079 -0.872073 0.198477 -1.744301 -0.280187 0.167316 -0.620898 1.855480 -0.312896 0.636932 -0.071868 -0.597953 -0.973134 1.116455 -0.482729 -1.547514 -0.551548 -0.660241 -0.684923 -1.180586 0.270782 0.521866 -1.036855 0.773798 1.349748 1.608163 1.765150 -0.497490 -0.544140 1.309531 1.092943 -0.915314 -0.256326 -2.670699 0.466275 -1.056754 -1.435454 0.096764 0.040013 -0.972266 0.388979 1.076933 0.906004 1.065950 -0.273989 1.414405 -0.090595 3.092430 -0.667535 0.597653 -0.751732 0.846805 -0.296671 -0.362669 1.621417 -1.619667 0.856262 0.787415 -0.275779 -0.126084 -1.193108 -0.378289 -0.356097 -0.257805 -1.034927 -1.081214 -0.417563 0.691595 0.222648 -0.389527 0.846170 1.270891 -0.109011 0.422896 0.314127 -0.823595 1.432908 -0.576807 0.315541 -1.606328 1.527090 0.530517 0.423414 1.064170 -1.938738 0.136744 0.116848 -0.102340 -0.936860 -0.296908 -0.434403 -0.311276 1.206753 -1.046614 -0.114709 -0.190481 -1.555536 2.119314 0.538120 0.202064 3.250891 1.126113 0.183537 -0.083295 -1.123966 0.229113 -2.022950 0.625138 1.108202 0.902290 -0.147940 1.128238 -0.076301 -0.141533 0.683997 -0.467845 -0.297744 2.094366 -1.077880 -0.458491 2.215149 0.762341 -0.117844 0.272948 -0.048535 -0.464187 -0.040546 0.117295 -0.217867 0.279406 -1.216275 0.148386 0.380087 -1.262722 0.852851 -0.267148 0.542072 0.224003 0.408210 -0.430787 -0.488871 0.621205 1.240070 -0.576695 0.924091 0.326890 1.252938 1.441509 1.088103 2.739164 0.959144 -2.483210 -0.394648 1.360546 1.297492 0.182375 1.689323 1.612158 -1.090507 0.827853 0.529959 -1.441785 1.208348 -0.985577 -1.068913 1.483692 -0.202843 0.522350 -1.281528 0.309298 0.251715 0.204461 2.881375 -0.390468 -0.388058 -1.529609 1.210476 0.829519 -1.682538 0.922992 -0.792384 0.013770 -0.919470 -0.260428 0.193662
0.290410 -1.710697 -0.128281 -0.503674 0.925540 -0.491190 -0.816615 -0.731344 -1.476249 -0.698902 0.178646 -0.105707 1.176577 1.979017 -0.274539 -0.093781 0.698531 0.204032 1.502315 -1.872142 0.144314 -0.305798 -0.082056 0.983038 -0.334369 -1.784428 0.032455 -0.095061 0.509891 -0.008729 1.370860 -0.486009 0.857201 -1.916354 -1.319221 0.158183 0.432638 0.280285 0.030159 -0.237906 -0.769910 -0.076225 1.437122 -1.519852 0.358344 1.662505 0.247941 -1.042298 -0.154382 0.468186 -0.864038 -2.366522 -0.477750 -0.501894 1.319378 0.672013 -0.998896 -0.485835 0.231290 1.678123 0.799736 0.802245 -1.151355 -1.332462 0.508499 0.178593 -0.384764 0.698069 -0.274104 1.728332 -0.555098 0.640602 -0.647585 0.059462 -0.560114 0.557435 0.019125 0.035487 1.308801 1.803983 1.108914 0.079359 -1.026287 1.056084 -0.813059 1.481136 2.080514 -0.709758 -0.078652 1.371278 0.464388 -1.093839 0.467292 -2.315467 0.406007 0.909427 0.252025 1.092416 -2.178446 -0.093603 -0.725976 -0.987191 -1.236201 -1.169426 1.663956 0.383123 -0.139022 -0.267873 -1.064438 1.211909 -0.498926 0.691867 -0.878424 -0.290163 -1.172476 0.710603 -0.711631 -1.820260 0.815737 -0.655294 -0.705266 0.651332 -0.553133 1.104183 0.996801 0.077502 -0.189221 1.620296 -0.537915 -0.309567 0.227015 1.101036 -1.495991 -0.017060 -0.192806 -0.283950 -0.704625 -0.690387 -0.699196 -1.411780 -1.386450 0.226662 -0.185821 0.967832 0.803056 0.092057 -1.193524 -0.218280 0.648646 -1.006927 0.966759 -1.975392 -0.549955 0.892417 -1.620137 0.006679 1.763571 -0.685046 -1.801374 -0.938801 -0.050890 0.637835 -0.334405 1.137378 0.097268 0.570800 -0.616124 -0.629502 1.530204 1.114334 0.684265 0.637891 -0.990820 -0.077067 0.792418 1.275345 0.586320 1.184176 0.631137 0.223770 1.190183 -0.738753 -1.479822 0.298153 -0.340665 -0.137542 -0.389161 -2.399554 -0.821263 -0.691373 -1.188186 1.212415 0.419347 -0.607070 -0.593945 -0.123965 -0.233515 0.476378 0.899980 -1.447447
-0.720872 0.484481 0.933323 0.748990 -1.418778 -1.688789 0.175819 0.677695 -0.058495 0.670287 0.484352 -0.391750 0.102184 1.649134 -1.497737 0.657047 0.766134 0.437880 0.696221 0.392925 -0.310595 -0.888897 1.325236 2.262008 0.366865 -2.077927 0.152474 0.573780 0.557581 -1.568429 -0.463454 0.375653 -0.048334 0.334688 2.166075 0.054101 1.484670 0.339092 1.481912 -0.871431 0.030935 -1.171874 1.395333 0.463049 -1.018126 -1.707888 0.270934 -0.872182 1.722190 -1.273761 -0.389119 -0.534670 -0.685255 0.596413 -0.759599 0.541013 1.257924 -0.212809 0.647900 -0.297859 2.323765 -2.393196 0.028024 1.445396 -1.337913 -0.743879 0.283549 -0.078161 0.203736 -1.247258 -0.531000 -1.939763 -1.299828 0.493687 0.575105 0.404421 -1.479877 -0.328013 -0.170868 0.388588 1.212800 -0.358075 0.878495 1.944962 0.343699 -1.008688 -0.720978 -0.923996 -0.251644 -2.550210 -0.148041 -1.496982 0.494525 1.335379 0.427472 -1.005828 0.661466 -1.163452 2.235355 -1.690849 0.524917 0.900332 -0.099928 -0.402281 -0.010631 0.248868 1.549686 1.978863 0.294993 -0.030165 1.777214 0.240365 0.172186 0.704157 -0.265532 -0.443965 -0.155219 -0.809516 -0.281529 -0.744219 0.137106 0.184501 0.032053 0.673142 0.732995 0.402755 -0.107282 -0.530785 0.207020 0.415402 -0.344493 2.222988 -0.476884 -1.617764 0.067597 -0.166999 -2.219029 -0.287362 -0.442646 0.602185 0.309574 1.261611 -0.415169 -0.905784 1.348464 0.270588 -0.724012 -0.839399 -0.288395 0.310343 0.011495 -0.792448 0.070998 -0.200716 1.215885 0.329836 -1.561741 -0.212895 0.512771 -0.835159 -0.279038 -1.508892 -0.533399 0.421376 0.963954 -0.529420 0.334554 -0.551780 -0.122793 -1.435247 0.124876 1.272620 1.464198 0.754708 -0.297161 -1.022665 -1.051550 -1.457262 1.499733 -0.032365 -2.648905 0.617456 -1.274707 -0.525678 0.301051 1.320631 -1.289403 0.523437 -0.641039 0.397084 -1.164723 -0.534185 0.074329 1.043493 -0.505251 0.268630 0.070387 1.174109 -0.354557 -0.146455
-0.331292 0.164210 2.043124 -0.367057 1.335865 -0.903792 0.148866 1.560737 -0.737494 -0.382909 0.011320 -0.292209 -0.021349 1.249472 0.474853 0.695405 -0.352283 0.012182 -0.629449 -1.031206 1.145687 1.649204 0.734489 1.361475 -0.538898 0.748783 -1.824736 1.378513 -0.115319 -0.697249 0.857269 -0.302415 -0.978631 -1.445051 -0.332233 -0.212184 0.564518 0.098798 0.216197 -0.222561 0.850740 -1.929820 0.627606 1.657065 0.103407 0.989241 -0.565740 0.604081 -0.925868 0.579136 -0.137360 1.929036 0.849267 -1.386738 -1.032466 -1.947995 -0.387413 0.981596 0.150119 0.264609 0.602161 0.690584 -0.206521 -2.869005 -0.178230 0.770946 -1.398786 0.412307 1.104050 0.223290 -0.392170 1.014230 -0.903306 -0.220288 -1.248737 -0.013635 -1.166516 0.620742 -1.436936 0.323612 0.925181 1.720789 -0.473448 0.053208 -1.789898 -0.033254 -0.988786 0.174374 -0.616622 1.428778 0.174206 -0.861398 -1.172689 -0.680598 -0.886812 -0.599768 0.714359 -0.323860 -2.421311 -0.981750 -0.256320 -0.607654 0.534530 -0.154774 0.512447 -1.079557 0.482282 -0.725512 0.603278 -1.026341 -0.789497 0.786848 -0.558675 -1.264291 -0.390949 -0.177048 1.480974 0.944078 1.548318 0.379240 0.466444 1.947118 2.040546 -0.041952 2.868736 -0.779036 -0.918700 1.327228 -0.184764 -0.029529 0.801932 0.089188 0.522920 2.643706 2.055798 0.047933 0.998524 0.226012 1.677757 -0.112486 1.161343 -0.044049 0.360073 0.012129 -0.146975 0.235984 0.219316 -1.384813 -1.042690 0.777368 1.221610 0.127989 1.112151 -0.155794 -0.331584 0.733327 1.405921 0.620556 1.976731 -0.567613 -0.915734 -0.942156 0.847392 2.174491 1.842522 0.130295 0.278393 0.113840 -0.668570 0.418031 -1.349793 0.156085 -2.190925 -0.336790 -0.050383 -1.129304 0.047948 -1.162448 0.840935 0.696650 -0.336429 0.764507 1.142128 -0.392725 1.242109 -1.172621 0.706240 -1.655871 -0.637500 -0.337056 -1.084115 0.422975 -2.139184 0.296286 -1.803790 0.407267 -0.300245 -0.617190 2.378128 0.037666
-0.284670 0.460500 0.087823 -0.055012 0.501329 0.364988 -0.713284 -0.651269 1.171433 0.182173 -0.740435 -1.461211 0.393394 -0.520309 -0.807763 -0.153271 0.556160 -0.794630 -0.487118 0.296702 0.262023 0.187596 -0.342029 -0.908149 -0.913487 -0.058353 0.047913 -0.542977 1.680605 0.364885 -0.118016 -1.146737 0.509834 1.746187 -0.861562 -1.336106 -0.561537 -1.422321 -0.310292 -0.158234 -0.709535 0.982505 0.166985 1.229661 0.237566 -1.004706 -0.185190 -1.034876 0.974550 -1.268879 -1.709550 -0.586269 -0.258642 0.253164 -0.580923 1.373661 -0.656126 -0.194595 -1.234087 -0.183183 0.129984 1.489615 -0.306408 -0.141034 0.691353 0.701238 -1.430451 -0.154538 1.052660 -0.098522 -0.364435 -0.111949 1.865844 0.418965 -0.386669 0.249785 0.734741 0.180211 1.374147 -1.072220 -0.641781 0.130597 0.913139 -1.569671 0.007792 -1.604740 0.822211 -1.244519 0.317606 0.246712 -0.993837 0.668966 0.101698 -1.778282 -0.527830 -0.243675 1.531835 1.249426 1.135047 1.907335 1.037644 1.294075 -0.901235 -2.475487 0.849147 -1.981681 -0.069301 1.230216 2.240985 0.428605 -1.628265 -0.597279 0.407848 0.922427 0.496369 -0.280016 -0.948488 1.270185 -0.687384 -0.681396 -2.186190 -0.965866 0.092227 0.027057 -0.626867 0.162213 0.150788 -1.584170 0.062833 0.431725 1.033451 -0.554953 -1.212167 0.000600 0.127668 0.489619 -0.290347 0.927318 1.161473 -0.651915 -0.841782 0.877652 -1.733455 -0.710657 -1.028020 -0.391300 1.071320 0.111049 -0.740146 -0.498301 -1.770967 0.305981 -0.400950 0.277209 0.266782 0.733925 0.493040 -0.667587 -0.132550 0.033080 -1.058160 0.777642 -0.807490 1.372670 1.479146 1.440687 2.655329 0.533194 -0.446860 -0.628774 -0.675719 1.641372 0.169424 0.303772 -1.595761 -0.335888 2.474379 0.503550 0.476058 -3.060574 -1.451707 -0.449922 0.719661 -0.698037 -0.520629 0.026580 -0.784350 -0.417918 -0.782165 0.686691 -0.651388 0.330951 0.673555 0.844245 0.257658 -0.807636 1.560011 -0.640369 0.434840 0.906903
0.908816 -0.042571 -1.046070 -0.571348 2.033648 -0.324339 0.031566 -1.831359 0.042882 -1.151873 -0.516311 0.596324 -0.061315 -1.102289 0.529223 -0.136699 -0.162782 0.147500 0.001485 -1.201187 -1.073361 -0.274446 -0.419073 0.639430 0.090391 2.448706 1.083389 0.072248 -1.666114 -0.938935 -0.606476 -0.773044 -0.166696 -0.764055 1.449131 1.335697 1.384223 0.610628 1.484159 0.224423 -0.388541 0.847385 0.531279 0.431604 1.121920 -0.082083 -0.624666 -0.894993 0.916288 -1.205001 -0.404466 0.194166 -0.486257 0.514099 -0.953205 -0.625462 -0.217118 0.641409 -1.299231 -0.247578 -0.041061 0.505638 0.278933 1.734357 -0.145386 1.026626 1.560599 -0.455162 1.536415 0.619195 -0.006547 -1.810122 0.024812 0.137507 -0.442402 -0.467194 -0.141616 -0.738707 0.490291 -1.172103 0.566129 0.293086 0.210982 0.136057 -0.581041 -0.924194 -0.117396 2.140552 0.155935 -0.816969 0.101337 -0.672274 0.918336 1.318621 -0.027580 -0.862309 -0.511148 -0.202574 -0.420355 -1.243136 -1.690147 -1.207029 -1.107494 1.398258 0.271129 -1.205289 0.026515 0.747385 -0.593939 0.300791 -0.906410 -0.548457 0.472438 -0.555555 0.169908 -0.711241 0.107963 0.040655 -0.796847 -1.154639 -0.812019 0.192204 -0.718810 -0.248895 -0.736935 -0.724968 -0.225818 -1.297541 -0.440814 0.842590 0.789533 1.146508 -0.814354 -0.547961 -1.035430 0.629787 0.172527 -2.528493 0.717689 -0.337047 -0.913524 -0.160542 -0.523319 0.273429 -0.389188 0.058715 1.052294 0.720911 0.876970 0.735739 0.257257 0.683277 0.219968 2.043332 -1.155902 1.973689 1.299860 -0.419938 -0.169564 -1.621681 -1.577804 -0.375550 -0.481454 1.097562 -0.640328 -0.137015 -2.337595 1.555129 0.198602 1.359388 -0.235116 -1.979116 -1.006782 0.216362 0.386079 -0.290186 0.945960 -1.179773 -1.676410 1.247968 0.928548 -0.530040 -0.987574 0.011447 1.083947 -0.478548 -0.296626 0.630134 0.721920 1.607972 0.171704 0.903794 -1.352858 -1.478903 -2.223682 -1.630221 0.387526 0.681062 0.358817 0.643291
-0.417462 -0.799211 -0.511149 0.972470 -1.475411 0.842797 0.453669 -1.274972 3.745135 -0.981093 -0.427467 1.361336 1.163475 0.278651 0.147187 0.536468 0.152452 -0.353929 -1.581661 -0.603875 0.486213 -1.063807 1.772352 -1.738462 0.052081 -0.423702 0.390581 0.283700 -0.028897 1.013372 0.950328 0.442510 1.563070 0.552605 0.114768 1.475395 0.368052 0.303094 1.941089 0.068287 -0.357920 -0.152263 -0.779035 0.293284 -0.138408 0.171076 0.527659 0.425339 -1.835777 0.086207 -0.145991 1.043250 0.160359 -0.708026 0.853440 0.463726 1.579484 -0.269159 0.120013 -0.497522 1.105850 0.005545 0.123803 -0.672305 -0.453436 0.572420 -0.794757 -1.004289 -0.537357 1.695425 -0.445059 0.173038 0.277170 -0.709728 0.703787 -0.008857 -0.662222 1.093895 -1.424020 -0.855803 -0.211869 0.563951 0.499114 -1.443346 -0.631097 -0.197103 0.412300 -0.226272 -0.784095 0.909912 -1.537775 -0.297550 -2.518773 -0.263920 0.768373 1.001308 0.982974 0.380961 0.098685 -0.310982 0.754634 -1.810212 -1.132717 0.229413 -1.033334 0.091738 0.759309 -0.129414 -0.245699 0.046841 -0.466077 -0.847960 0.874517 -1.739991 0.406256 0.005097 -0.165151 -0.163411 2.006057 -2.203870 0.947302 -0.175701 0.034532 -1.283925 0.358324 -0.810895 0.211064 0.961804 -1.538625 1.010641 0.470083 0.591407 -0.993921 1.769739 -0.822172 1.397991 -1.710836 -0.521491 0.193538 0.589661 1.529663 1.932947 -1.165000 0.527458 0.224844 0.989039 -1.282720 -1.182302 -1.667118 -0.843823 0.725286 -0.536349 0.421498 0.545800 0.876477 -0.224025 -0.070017 1.558848 0.544264 0.081439 1.932356 2.739266 0.812208 0.074515 0.296374 0.118401 -0.714345 0.862265 -1.336359 1.063254 0.938680 -0.146764 1.576232 0.855777 -0.436848 -0.262892 2.341121 0.853782 2.194946 -1.313861 0.469983 0.973629 -3.010451 -1.411075 1.597325 -0.945587 -0.642431 -0.032390 1.309529 2.459328 -1.819786 -0.519633 0.275748 -0.441382 1.407452 -0.865280 1.284134 -0.552085 0.572314 -0.516528
2.023257 -0.225742 0.221282 0.368411 -1.194925 -0.512268 1.684164 -0.953502 -0.873158 0.225520 0.953112 -0.167280 0.012731 0.372687 0.396671 1.467665 -2.031213 1.268268 0.992763 0.365278 1.090230 -0.815763 0.751459 0.740581 -0.806330 1.377500 -2.485872 0.545474 2.245183 0.305573 0.623527 0.658917 -0.781584 -1.534276 0.682376 0.063250 -0.366185 1.832792 0.061086 0.971533 -0.762992 -0.548863 -0.347536 -0.016985 1.001623 -0.583637 -1.115892 0.510751 0.423094 0.978417 -0.474683 1.082729 -0.384729 -0.367611 0.536578 -1.511567 -1.531999 -0.396376 0.878280 0.452510 -0.281113 0.665910 0.111268 1.850696 0.800643 0.418890 -2.162659 0.055458 0.386955 1.349783 -1.293751 -0.626605 -0.474066 0.358041 0.053906 0.785670 -1.313887 -0.063923 0.206273 0.975480 -1.902074 2.056097 -0.264159 -1.005868 0.992458 -1.366471 0.056468 -0.971331 -0.456770 -0.099104 0.106080 0.979020 -2.663017 -0.866453 -0.788515 0.227700 -0.625892 -0.672068 1.228777 0.651704 -0.485680 0.467214 -0.241071 1.671761 -1.048303 0.289879 2.427926 -0.531867 -0.819990 -1.040445 2.076927 0.836954 0.272725 -0.770451 0.484756 0.030176 1.156932 -1.279728 -0.142060 -0.346955 -0.082158 -0.187475 -0.546008 -0.117247 0.415338 0.223670 0.413021 0.535068 0.654516 -1.317548 -1.505316 0.562354 -2.505484 2.374511 -1.854992 0.264721 0.305887 -1.810973 -1.040287 1.293150 -0.011359 0.569033 0.628283 1.914632 0.671360 -0.057595 -0.751365 -0.842988 0.121582 -2.514129 -1.093115 0.800275 -0.270118 2.255098 0.860750 0.779678 0.186190 0.512553 0.188472 -0.141147 -0.780094 -0.013184 -0.804714 0.552742 -0.416492 -2.221452 2.433636 0.587881 -1.074282 0.366556 0.226768 0.415752 -1.485972 0.010018 0.414472 -1.424388 0.461020 3.081574 -1.868013 -0.077843 -0.839416 0.418117 1.359523 0.861797 0.919576 0.591451 -3.095094 -0.275599 0.156909 -0.244974 1.181989 -0.556740 0.752850 -1.088401 0.594088 -0.697274 0.321891 -0.067008 -0.191944 0.385996
-0.561182 1.452644 1.175445 -0.386924 -0.683282 -0.937984 -1.299010 0.030559 -0.266391 1.860634 -1.178796 -1.205835 -0.137023 1.255340 -0.220039 0.071153 -0.586023 -0.109168 -0.746749 1.306115 1.968128 -0.516407 0.690666 -1.046062 0.234356 -0.104405 -0.222794 1.423117 0.814838 -0.690862 -0.274860 -0.150670 0.300346 -0.027135 1.274558 0.659934 0.703607 0.751803 0.959409 -0.740697 0.028553 -2.125884 2.934941 -0.386432 -0.111502 -1.809039 -1.444192 0.177994 0.112357 0.425558 -0.941211 -1.923024 0.407511 0.931132 -0.490950 0.630935 -0.816226 1.270119 0.581615 -0.631998 0.230933 1.903741 -1.143216 0.356040 0.771229 0.605258 -0.829386 -0.478204 -0.808263 -0.339357 0.215222 0.497848 0.217875 -0.163449 -0.415786 0.909472 -0.705112 1.817848 1.039918 0.662042 -1.539984 -1.696972 1.711845 0.010762 -1.941137 1.069762 -0.086971 -0.207646 -0.984348 0.552676 0.298389 0.799154 1.000166 0.537940 0.006814 0.296577 -1.445925 1.315323 0.107749 1.168109 -1.521843 -0.408016 0.632329 -0.305663 1.029268 -0.551530 -0.872963 0.339731 0.200959 0.573917 1.546082 1.135317 0.747899 -0.029393 -0.765167 -0.135144 0.593865 2.681395 -0.113357 0.938619 0.277891 0.804974 -0.408018 -0.622995 0.395783 -0.913096 -0.486174 1.013460 -0.020466 0.331268 0.778729 -0.930583 0.837454 -1.899253 -0.643232 -0.264820 1.282789 0.319276 -2.394488 -0.585520 0.026250 -0.457394 -0.891498 -0.565178 -0.451666 -0.849929 0.404733 0.051899 0.670638 -2.083171 -2.075183 -0.902682 0.714766 0.071228 1.000220 -0.287532 1.512111 0.029282 -0.210467 -0.126174 0.608040 -0.456496 1.613081 -0.258139 -0.586501 0.956416 0.489954 0.846881 -0.921028 1.450894 2.069068 -0.468648 0.044453 -0.002661 0.049194 0.294460 -0.683074 -0.120951 1.513423 0.777770 -0.750765 -1.110928 0.491167 0.028381 0.754132 1.707199 -0.051127 -0.243814 -0.822660 -1.981194 -0.708015 1.027142 -0.212923 0.362064 1.189808 -0.403615 -0.599351 -2.600980 0.778572 -0.497711
-0.308030 -0.503470 1.739004 -1.096087 0.696230 0.156450 0.981679 0.785361 0.357380 0.910738 0.424941 -0.198244 -0.408721 -1.029011 -0.079198 0.781304 1.476952 0.498566 1.251720 -0.085342 -0.671096 1.111779 -0.028384 0.402931 -1.248074 0.127747 -0.225261 1.285295 1.304088 2.181911 -0.831114 0.006934 2.004713 0.596144 -0.917650 -0.273651 -0.072191 1.982221 0.808655 -0.018705 0.781893 -2.951052 -0.899619 0.469735 0.143765 0.023729 1.430950 1.432148 -0.297622 -0.354643 1.314432 1.943372 -0.410258 0.691164 0.052046 -0.127376 0.388120 -0.612623 -0.407648 2.240684 0.317031 1.449077 0.454711 0.401547 -1.233992 1.936398 1.386531 0.338480 -0.998870 0.348747 0.197109 0.607630 -0.028918 -0.879195 1.843623 1.094569 1.204222 0.178086 -0.073059 1.718135 -1.429856 0.358218 0.777278 0.908298 -0.049584 -0.831198 -0.850296 0.541488 0.946329 -0.188488 0.757632 -0.625705 2.486112 -0.064030 -1.478345 1.997173 0.290410 1.185166 1.347190 -0.184199 0.695189 -1.589189 0.134579 0.860631 0.258585 0.699755 -0.337152 -0.004593 2.074997 -0.398045 0.782429 -1.605539 -0.364032 0.079249 -1.019135 0.360738 -0.230199 0.331882 -1.527584 -0.768884 0.480727 -0.217107 0.330230 2.000929 0.274976 -0.409293 0.996632 1.077182 -1.257863 -1.401514 2.123902 1.018369 -0.966446 0.974294 -0.251824 1.148564 -0.758602 0.262273 -0.718722 -1.392438 0.362568 0.084800 0.679231 0.955566 -1.966943 -0.455920 -0.231809 1.652804 -0.694338 0.418978 -1.549931 0.796715 0.381512 -0.348702 -1.510318 -1.643374 -0.444299 -0.318666 0.567968 -1.619335 0.608744 0.719453 1.441872 -0.384250 -0.392414 -0.198060 1.389686 0.451563 0.423861 -0.824357 -0.899163 -0.747805 -0.182856 0.827338 -0.487089 1.809074 -0.301474 -1.096693 0.276471 -0.115688 0.888333 0.798462 -0.738386 -2.210927 -1.348449 0.401143 -0.086007 -0.088784 -0.098049 -0.662175 1.966661 -1.420605 -0.789165 1.059588 -0.377614 1.221786 0.317518 0.383823 -0.314561 -0.677299
-0.338445 0.061982 0.737684 0.947911 1.092913 0.099783 -0.108816 1.730166 -2.308520 1.457778 -0.940910 -0.280971 1.752664 1.030279 -0.021665 0.978326 -1.110802 -0.096257 -0.196727 -0.352775 -2.464719 0.224687 -1.503160 -0.620798 0.323039 0.415839 0.475738 0.168642 0.359693 0.665525 -0.861430 0.259272 -1.122089 -0.644442 -0.550932 -0.741779 1.899552 1.411557 0.407855 0.317403 1.164254 -0.142275 -0.971605 1.075456 -1.868469 0.291417 1.030161 0.566091 -0.446493 1.140295 -1.117459 1.409302 0.895709 -0.741661 1.946852 0.967874 0.336596 0.989605 1.048740 0.874898 0.164403 -0.607188 -0.472293 -0.231631 0.341071 -0.762412 -0.467714 0.449449 -0.942556 -0.700220 0.705681 -0.337758 -0.654462 1.999132 0.923241 -0.198064 -1.718219 0.536790 0.158394 1.433725 1.505640 0.252525 0.592838 -0.967567 0.089457 0.946702 0.639979 0.920262 -1.798737 -0.552812 -0.346073 0.885518 -0.379768 0.708082 -0.094324 -0.186753 1.351746 1.220257 -1.819706 0.017406 -1.392805 0.197323 0.303643 -0.988811 -0.600332 1.638606 0.299526 -0.213255 2.168846 -0.623023 2.546756 0.538733 -0.069165 -0.860998 0.753649 2.751535 -0.479003 0.508773 0.344921 0.991411 -0.259985 -0.807393 0.271628 0.789446 -2.898742 0.653149 0.204989 0.709721 -0.133059 1.803500 0.658601 0.821286 -1.347553 2.079892 -2.455134 0.223505 -0.730643 -1.159090 -0.221252 0.276551 0.328312 -0.396861 -0.505467 -0.959382 0.863964 -0.832597 -0.077285 -2.077696 -0.651230 -0.333181 1.029586 -0.634638 1.443834 1.033105 0.927288 -0.250271 -0.192006 1.781919 0.777995 -1.079055 0.016800 -0.175612 -0.173088 -0.381796 0.551188 1.030296 -0.188623 1.787883 0.195155 -0.660601 -1.162256 0.189992 -0.394559 0.389383 0.954091 1.192122 0.782651 1.905846 -0.774789 0.110141 0.348510 -2.421351 0.440846 -0.303698 -1.807103 -0.632240 -1.046972 -1.511707 1.260482 -1.201682 0.290498 -2.209284 -1.161011 0.108087 -0.369554 -0.351721 1.052105 1.004179 -0.023461 -1.626108
-1.033911 1.154968 0.837935 0.075943 -0.709914 1.185476 0.730703 -1.504791 0.198878 1.675013 -0.049098 0.196571 2.592593 -0.446280 -0.439055 1.007451 0.077102 -0.614844 0.860580 -0.901928 -1.610146 0.914715 -0.180092 -0.618493 0.127444 -1.884177 0.607154 1.778190 -0.083179 2.058043 0.829044 1.623656 -2.072112 0.560477 -0.496947 1.244035 1.125156 0.123999 1.609808 -1.315690 1.322725 -0.222595 0.308196 -0.056462 0.679459 -1.773232 -0.810319 -0.156631 0.469298 -0.354239 1.567578 -0.349996 -0.987106 0.555643 0.581264 -0.440680 -0.177422 0.543078 0.192920 0.628081 0.305661 0.007129 0.293316 -0.211013 0.971547 -0.048369 -1.412024 -0.383349 0.775133 1.781636 1.305326 -0.637205 -0.618988 2.265138 -1.145971 1.131085 1.639349 1.055736 -0.020633 -1.847623 -1.002982 -0.302009 -0.339406 -0.099508 0.875612 0.526050 0.753793 -0.216561 -0.694035 0.633340 -0.352047 -2.095001 1.088773 -0.037291 0.884538 0.985533 -1.882755 0.979933 -0.964644 -0.021844 0.797296 -0.341302 -0.417147 0.079546 -0.109611 0.858397 -0.527027 1.157352 2.791636 -0.274775 -0.173939 0.394960 -0.204411 -0.471214 -0.785433 0.171012 -0.193576 1.038971 -1.675049 0.236088 -0.638968 -0.266672 -3.419940 0.460891 -0.287050 0.796989 -0.742848 0.637210 0.278317 -0.934650 -0.536093 0.784906 -0.668386 -0.344654 0.221607 -0.426668 0.582794 -3.250889 1.059114 -1.333009 2.258924 1.987578 1.200452 1.747286 2.246872 0.936749 1.170214 0.073474 0.920893 1.756795 0.396734 -0.333884 0.027309 -1.181813 -0.908278 0.095419 -0.421325 0.502194 -0.985980 0.104637 -0.560069 0.823539 -0.660193 0.925507 0.135416 0.600225 -1.380321 -0.378875 0.272962 -0.409557 0.503347 -1.072607 -0.487956 0.015540 -0.673516 1.309009 2.069557 -0.088462 0.128585 1.122111 1.539340 -0.982801 -0.813559 -0.913132 -0.169993 -0.516384 -1.284958 -0.530269 -2.397441 -0.719967 0.767506 0.104202 1.241139 0.944339 -1.069683 1.481822 0.237539 0.425888 -0.908258 0.467193
0.461262 -0.587019 -1.064090 1.131714 -1.249634 -0.058285 -0.954135 1.317158 -0.997910 1.995211 1.036082 -0.184598 1.979664 -0.515918 -0.096263 -0.226017 1.231881 0.654154 0.208297 -0.664476 -0.209112 -2.094582 0.409566 0.454382 0.972438 -0.204476 0.978547 0.166123 0.931094 -3.267937 1.572610 -0.064129 1.901242 0.784272 -0.033786 -0.643922 1.345180 -0.893030 0.239961 -0.646081 -1.653055 -0.389703 0.395575 0.628849 -0.771445 -0.845375 0.044403 -0.230597 -0.608410 -0.594969 -0.266339 0.141186 0.514981 1.000951 1.252331 1.308587 0.278964 -1.075882 0.212886 1.001239 2.132650 -1.839760 -0.734399 -0.436246 -0.376544 0.593048 -0.417294 2.332957 -0.931069 1.652948 2.276859 2.812191 -1.271562 -0.736869 0.708600 -0.777419 -0.114459 -0.107434 0.751951 -1.571733 1.517680 0.300261 -1.868526 0.450273 -0.218410 -0.000858 0.150529 -0.603740 -0.006862 1.539053 -0.298276 -1.893106 0.716278 1.034454 -2.274367 -0.006902 0.339779 1.762203 0.796991 0.574927 -1.543943 -0.957959 -0.195761 2.359639 0.111360 1.035847 -0.959578 -1.245799 0.047451 -0.989289 0.995708 -0.737208 -1.479586 -0.647277 -0.272547 0.174374 1.569697 -0.062062 -0.252450 0.150351 0.207269 1.391807 -0.703201 0.347456 -0.816865 1.690636 -0.269435 -1.206099 1.429079 -0.545214 -1.347823 -0.512138 0.062947 1.648839 0.651703 -0.717483 -1.499792 0.990612 -0.025252 -0.897711 0.497507 1.882070 1.269018 0.200609 -1.759550 0.534447 0.596407 -0.380369 0.140578 -0.478890 0.395051 -0.884310 -1.909783 -1.828802 -1.504892 1.812279 0.789496 -0.388096 0.286258 1.128666 0.560060 1.330565 -0.041183 -2.470240 0.495761 1.427811 0.929036 -0.199616 1.378299 1.408887 0.844479 -0.798966 -0.570491 0.816867 -0.906763 -0.337124 -1.508872 -0.942076 -1.154386 0.400671 -0.600694 0.861280 1.328811 0.115392 0.165830 -0.212657 2.343749 1.727693 -1.556347 -0.754254 0.265934 0.965242 -2.381175 -0.392271 0.691171 -0.519438 -0.755059 -0.893947 -1.764082 0.362547
1.531743 -0.621469 0.144643 -0.209558 0.878173 -0.648339 1.192216 1.189051 -0.377118 -1.725647 0.432135 0.433990 -0.794003 -0.781535 0.018246 -0.175464 -1.285251 -1.586877 -0.461411 0.057146 0.006721 0.580678 -0.212137 1.397554 -1.086716 -0.587014 1.536188 -0.756666 -1.096441 -1.349338 -1.258605 0.462444 -1.659926 1.316348 0.235090 -1.244125 0.757778 0.139259 0.942178 1.706797 0.017480 -1.760551 0.643236 0.720887 0.743831 1.377063 -1.723107 -0.904989 1.417324 -0.237687 -1.719503 -0.732594 1.606101 0.299125 -0.840479 -1.089429 0.656298 -0.670866 0.123032 0.758809 1.280417 -0.580047 -0.080181 0.497457 0.823743 0.675399 -0.756853 1.244199 0.265026 2.090947 0.372849 1.060892 1.356775 -0.072333 -0.026298 -0.087855 2.271895 2.205722 -0.471818 -1.115719 -1.172294 -0.423416 1.893942 -0.116770 1.893765 1.835410 0.135446 0.876051 -0.374031 0.391320 -0.861740 0.085568 0.998926 0.167787 0.856019 0.492938 0.765768 -0.642279 0.105193 -0.240899 -2.151104 -0.786297 -0.467723 1.264004 0.650037 0.205762 -0.120484 -1.553828 1.017298 -1.371915 0.460691 0.163515 1.356370 -0.130736 0.806427 0.564961 -0.620829 -1.007611 2.334441 -0.595708 0.354154 -1.812384 0.184306 0.362198 2.136587 -0.363857 -0.254111 0.819755 0.064215 -0.342057 0.250100 -0.523738 0.877669 -0.791665 1.092808 0.014990 -0.218960 -1.548616 0.659643 -0.435632 -0.740098 -1.013105 0.243985 0.909557 1.310793 0.522960 0.965439 0.720132 0.791338 0.273422 0.228463 -0.601419 -0.535744 1.077684 -0.297095 1.842886 -2.435654 -1.172323 -0.200576 0.143367 -1.341159 0.618071 -0.158546 -0.162550 1.372813 0.909990 -1.309268 -2.150192 0.391782 0.076657 -0.656034 -0.174364 -1.314334 -2.056178 -0.678354 1.764940 2.142039 -1.800474 0.156625 -0.790115 -0.899901 0.778055 -0.833589 -0.816893 0.082307 0.084542 -2.618166 -0.579380 -0.240946 -0.095982 1.233738 0.279926 -1.425113 2.301330 0.468181 1.346606 0.787899 0.017855 -0.770204 -0.541270
1.242045 0.690454 -0.294886 -0.427749 0.237879 -0.786365 0.968083 0.092562 -1.899307 1.057197 -0.436046 -0.464096 -1.269596 0.140509 -0.000854 0.662103 0.703898 0.745725 0.078395 -0.732920 0.819692 0.225496 0.638800 0.102763 -0.796663 0.630401 0.704240 -0.315789 0.118471 1.065009 -0.694131 0.251084 1.228213 -1.019837 0.325621 -1.794746 1.659726 -0.642732 -0.378673 -1.484449 1.277857 1.135001 -0.292634 -1.116233 -1.601297 0.433531 0.092495 -1.137146 -0.560746 -1.956775 -1.068990 -0.545459 -0.125501 0.323575 -0.948282 -0.661428 3.987675 -0.120927 0.215244 0.616789 0.524231 0.673660 -0.405024 0.565475 0.187855 0.045687 2.591019 -0.506102 -0.652158 -1.206056 -0.478093 0.550663 1.646735 0.717722 -0.350161 0.771806 -0.125073 -0.893885 -0.288573 0.045963 1.640509 -1.607210 -0.022726 -0.549010 -2.263503 -1.449631 0.673566 2.485610 0.540207 1.024157 -1.617638 0.787212 -0.892040 2.574843 -0.811277 0.072430 -0.418950 -0.406671 -1.804884 -1.114099 -1.442251 -1.141806 -0.622908 -1.798945 1.078321 0.394289 -0.504046 0.722075 0.776182 -1.428126 1.676893 -0.232742 -0.670966 1.295264 0.370764 -0.868028 -2.533592 1.291848 0.510960 0.727035 -0.069588 0.704798 1.043111 -0.442546 0.549407 -3.299687 1.455429 -0.371199 0.596631 0.653193 0.054802 1.231822 0.458605 0.047794 0.538442 -1.758677 0.054539 0.707796 0.118650 -0.134386 -2.120536 0.457905 1.312334 -1.974276 1.102052 -0.628257 0.000127 -0.512017 1.285798 0.692145 -0.333952 -1.219167 0.464976 0.038723 1.704149 0.074187 1.095348 0.490237 1.489906 -1.908914 0.455352 -1.703287 -0.260186 -0.408677 0.337522 0.122640 0.010761 -0.595173 -0.399682 -0.731774 0.407165 -0.460410 0.857811 0.987990 -0.807827 -0.619369 0.010512 -1.877802 1.533957 2.675361 0.783227 -1.153421 0.597867 -1.315332 0.677258 0.545939 0.727563 -0.878515 -0.308456 -0.213869 -0.748619 -0.994310 -0.430064 -1.724320 1.086306 -1.633101 1.652214 -0.423329 -0.184038 -0.410104
0.663830 1.797470 -1.218007 1.210083 0.276165 -0.345984 -0.222758 -0.271740 0.786441 0.098832 0.507789 -0.487529 -1.709184 -1.012888 0.028025 2.584632 -1.388586 1.818788 0.923093 -0.549888 -1.275086 -1.011672 -0.661216 -1.853478 -0.653798 1.147263 -2.649453 -0.502593 -0.298951 0.655859 1.409186 1.136474 -0.843667 -0.079374 -0.077720 0.593358 -0.068607 -0.697727 -0.783915 2.323245 -1.840630 -0.948986 -0.606990 -0.688765 -0.351863 -0.140836 0.900402 -0.130378 -1.217034 -1.363336 -0.330185 -0.375978 0.419564 0.292743 0.922654 1.635807 0.004919 -0.887662 1.592379 -1.447569 1.076634 0.333385 -0.557632 1.452388 0.182302 -1.421115 -0.115246 -0.813587 0.133969 -0.944790 1.858434 1.174429 0.371605 1.133048 0.587144 1.024028 -1.182470 1.861545 2.010390 -1.060960 -0.121313 -0.074200 -0.777369 -0.660365 0.902304 1.019029 0.274810 -0.834246 1.956208 0.824735 -0.663763 -0.930032 0.631641 -0.731549 -1.687826 0.690146 -0.143721 -0.544032 0.458408 0.934777 -1.104301 -0.419141 0.496295 -0.237054 0.410740 -2.522389 0.315497 0.324695 0.507233 0.645022 -0.999415 0.215132 0.281537 -0.884331 0.701779 -0.564200 -0.366299 0.194305 0.125366 0.603888 0.750106 0.759114 0.297833 -0.674775 0.250410 -0.220724 -0.140391 -0.228639 1.007571 1.330413 -1.598347 1.129175 -1.881388 -1.104697 -0.113333 -0.959111 0.813382 -0.462025 -1.295660 -0.208360 0.964545 -0.080217 1.177356 0.211661 1.604862 -1.250738 -0.818566 1.939973 0.069796 -0.167714 -0.626820 -1.679908 -0.654299 0.497659 -1.365856 0.766196 0.623052 0.304790 1.390110 -1.948118 1.108051 0.972926 -0.619457 0.643946 0.638037 0.376808 -0.646621 -0.147582 -0.813847 0.779339 -2.069562 1.169658 -0.122857 0.083940 2.064493 0.580407 -0.088154 -0.481079 -0.700125 -1.650005 0.386323 -1.885497 0.073973 0.879533 0.842883 -1.269957 0.428217 -0.823006 0.755039 -0.931087 -0.523938 2.278002 1.092066 0.740787 -0.781172 0.646039 1.927664 0.037095 -1.571117 0.174996
1.066623 1.603187 -0.674078 0.740393 -0.894618 1.603973 0.624447 0.882829 -1.006669 0.290278 0.454113 -0.590696 1.319965 1.056458 -0.611367 0.161199 0.407962 2.312313 1.334321 -0.807517 1.250611 -1.050086 0.860413 -0.637304 -0.486979 -0.085446 0.790577 -1.606021 2.538389 1.232963 0.611987 0.308016 -1.589922 1.230282 1.096551 0.446559 1.289129 0.645443 0.660786 0.417431 0.041324 -1.191304 -1.337105 -3.160106 1.442050 1.044779 0.913849 -0.758077 0.124445 -1.861862 0.241161 -1.032958 -2.946251 0.471075 0.136671 1.558925 -0.268897 -0.129064 0.517547 -1.087880 -0.406119 -1.192610 0.758265 -0.107442 -1.463279 0.427518 -0.582351 -0.814377 -0.940168 -0.201572 -0.336490 1.370972 -1.118499 -0.236722 -1.940548 0.589446 -1.881056 -2.755510 -0.744860 1.387609 0.787649 1.501135 -1.119725 2.485384 1.640765 -0.088663 -1.140143 -0.551768 -1.118123 -1.545543 0.505769 1.581333 -0.524104 0.591327 0.625177 -0.059127 0.557791 -0.424667 0.977146 -1.436376 0.111307 -0.603570 -0.410289 -0.390011 1.752293 -2.386617 -0.712961 0.503858 1.204383 0.435880 -0.202929 -2.229685 -1.424771 0.038251 2.468486 -0.192143 0.729144 0.980003 -1.463442 -1.065040 2.062912 1.461157 -0.438550 0.055196 -0.801347 0.435174 1.850211 -0.505393 -0.307295 -0.046259 1.003412 0.117578 -0.283869 -0.124935 -1.729370 1.127774 2.048957 -0.300845 2.155588 -0.653435 0.523268 0.734017 -1.171126 -0.929722 0.316709 -0.335656 1.434391 0.804091 -0.685478 -1.268158 0.976713 -0.379824 0.990487 -0.472276 0.373256 1.406972 1.055030 0.025574 1.597502 -0.705350 -1.100789 -0.702315 0.308007 -0.676343 0.499724 1.961466 1.474716 1.227983 -0.512737 0.804705 -0.102562 -0.587881 1.649035 -0.088902 -0.046243 -0.686139 0.818763 2.843764 -0.693497 0.050440 0.166276 0.387820 -1.127602 0.376031 -0.064390 -0.729440 0.349011 0.901172 0.586966 -0.506615 -0.894696 0.079586 0.407850 1.504400 1.083340 0.880052 -0.422058 0.187043 0.848830 0.213883
0.624925 -0.503215 -1.018148 0.272048 0.735471 -0.055156 -1.489617 -0.822516 -1.760657 -1.183369 0.503786 0.405946 -1.276641 -1.247169 0.883254 -0.412739 -0.630944 -0.417422 -0.038439 -1.474515 -0.447691 -0.044622 -0.299048 2.659109 -0.395773 -0.245701 -0.701457 -0.967079 1.453035 -0.077164 -2.128637 -0.515986 1.381198 0.318672 -0.767079 1.100694 0.572773 -0.595626 0.045661 0.122146 -0.276680 0.861898 -1.371742 -0.570122 -0.330655 -1.199658 -0.200871 -0.546899 -1.319678 -1.350108 0.149517 -0.199965 0.142093 0.945397 0.667928 0.190866 0.342507 -0.387430 0.667161 1.604465 1.372316 0.076244 -1.208018 -0.777656 -0.548917 -2.230872 -0.108878 -0.871718 0.921832 0.092870 -1.279692 0.626290 0.659975 -0.518936 0.093865 0.372818 0.129797 -0.220452 1.404592 0.052276 -1.713601 0.127128 -0.060137 -0.659520 1.077943 0.898464 -1.650695 -2.170824 0.428470 1.030752 -0.654396 2.604827 1.982905 -0.237013 0.626454 0.490344 0.986536 -0.536385 -0.439597 -0.471787 -1.322312 0.006486 -0.246321 -0.290557 1.042162 -0.662043 -1.222325 1.041694 -0.694828 -0.333945 0.795101 0.207631 -0.295784 -1.269383 0.485262 0.940438 0.774297 -0.179547 0.481196 0.380014 -0.313418 -0.784377 -1.022715 -1.095258 0.238025 -0.813128 -0.384809 0.626542 0.016498 -1.404925 -0.224989 -0.449598 2.023312 -0.461557 -3.210929 0.502903 1.384344 0.165000 2.122401 0.456463 -0.183507 -0.495647 -0.064211 -0.758938 0.323682 -0.597997 -0.084996 0.191040 0.752234 -0.189235 -1.398865 -0.166935 -1.473815 -0.101839 0.409464 -1.334331 0.165634 0.331953 -0.439406 -0.396093 0.416847 -0.018781 0.297279 0.499659 -0.180947 0.401909 -0.814506 -0.509550 -0.035736 1.303096 0.022848 0.522202 -0.611618 1.623952 -0.112470 -0.387983 -0.452185 0.818381 1.290997 -0.717658 -0.928799 -2.089312 -0.326874 0.088254 2.101286 -0.076067 -0.330714 1.396520 -2.038609 0.336618 -0.363481 1.526504 0.447420 0.229595 0.960138 -0.546499 2.138942 0.251987 -0.299020 0.880237
0.163793 0.894852 0.515686 0.318747 -0.685700 -2.281246 -1.178283 -1.836451 2.390895 -0.353350 -0.760877 -0.084923 0.591105 -1.649340 0.624051 1.581847 -0.399289 1.392573 -0.818258 0.157940 -0.730602 -0.840715 -0.173658 -0.295214 0.920825 1.616017 0.703426 -1.147021 -0.083880 0.197488 1.116126 -0.372436 -0.538009 -1.326138 -0.012747 0.758349 -1.151362 -1.721735 -0.217538 0.701487 1.116579 0.712219 1.442421 1.151183 -0.419539 0.233348 -0.509364 1.008658 -0.250185 0.310202 0.158740 -0.757374 -1.209331 0.243909 -0.979929 -1.063685 -0.372584 0.540507 0.204282 1.711881 -1.456924 -1.173728 -1.065506 -0.614340 0.408308 1.638919 -0.002544 -0.131322 -0.404877 -0.377256 -0.743521 -0.492044 1.309279 -1.935550 0.508818 1.228900 0.058018 -1.089818 0.495962 1.014825 1.079056 1.032947 -0.425133 -0.219721 1.701735 -0.923854 1.990378 0.496192 1.172937 2.008794 -0.176823 0.790012 -0.924041 1.846549 -1.035198 -1.773482 -0.582141 -0.395145 0.340030 0.949240 -0.116170 0.638133 -1.086138 -1.038341 -1.148012 -1.060119 0.262782 -1.675262 -0.102600 -0.228820 -0.836593 0.483999 -1.627674 -0.418525 0.131252 1.253850 -1.363041 -2.501767 -0.720567 -0.479266 -0.149418 0.933639 0.993048 -0.200818 1.292489 1.126470 -0.038884 1.327620 0.475730 0.624504 -0.837312 0.993703 -1.310612 1.157326 0.254192 0.717776 0.333743 -0.540741 0.178519 -1.593624 0.894440 0.248219 -0.793073 0.467150 -0.217742 -1.454482 -1.259897 0.013040 -0.962482 1.805933 -0.094637 0.541574 1.956512 -0.292191 -0.790632 -1.654455 1.846970 0.082422 -1.945300 -0.413901 0.692755 -0.349954 0.287710 -0.061841 0.541435 -1.062955 -1.292501 -0.792194 1.030640 -0.550494 0.293440 1.171227 2.105747 -2.257394 0.879794 -1.324959 -0.934514 0.464481 -0.203241 2.806693 -0.783352 0.917135 -0.040933 -1.091410 0.293240 1.337176 -1.051778 -0.822954 0.496898 0.793741 -0.110530 -0.902761 0.437342 -0.503921 0.611783 0.024947 -0.007243 0.317796 1.035152 -0.706117
-1.621249 -0.430724 -0.255766 -0.569265 -0.498338 0.407775 0.497724 1.102987 0.094774 1.147318 -0.006539 0.990477 -1.689487 0.510192 2.033473 -1.692844 0.998763 -0.542450 -0.413931 -0.216571 0.229531 1.142424 0.113043 0.576893 -0.966773 -0.695856 0.233693 0.313359 -0.068483 1.424491 1.063831 -1.028179 0.945142 0.935377 -1.429107 -1.136466 0.805624 -1.392458 -0.049166 -0.593359 -0.279076 -0.164365 1.465687 1.023063 -0.760019 -0.844330 -1.334241 1.033740 1.838369 -0.219172 0.765599 -1.429389 -1.849094 0.015139 -0.738223 1.150412 2.331995 -0.721844 1.815194 0.821397 0.026065 0.385027 -1.450972 1.113769 0.188136 0.221344 -0.491332 0.586643 -1.671009 -1.542026 -0.187209 1.021203 1.365446 1.831750 -0.083149 -0.159900 0.706420 -1.488357 -0.335070 1.088331 -0.296588 0.982519 0.241784 1.168206 0.774466 0.349282 -0.485402 -1.406754 0.055079 -1.653515 2.055188 1.687283 -0.538039 -0.473396 0.304922 -1.161871 0.624052 -1.317889 -1.087776 -0.793032 -0.041417 -0.279404 0.313718 -2.242847 1.126404 0.892856 -0.557146 -1.046897 0.488144 -0.464152 1.432371 0.241314 0.756530 0.746184 -0.461275 -0.114795 0.393469 2.949660 -0.506160 0.335487 0.108386 0.768634 -1.601344 -0.873366 0.748460 1.332229 1.462181 -0.211114 0.839554 1.820404 -1.075233 0.350444 1.321742 2.035916 1.746506 -1.068642 -0.248540 0.836547 2.361475 -2.173276 -1.943214 -1.372256 1.873691 -0.571528 -1.457905 -2.237156 0.214150 1.667394 -0.465950 0.538223 -0.375336 0.950460 -0.110638 -1.119323 -0.510342 0.214881 -0.675907 -0.945654 -1.304561 0.196314 -1.088797 -0.421562 -0.861742 2.639079 -0.353878 -1.038246 1.555515 0.372580 -0.099227 0.314075 0.372163 0.609812 0.148886 0.973847 0.192560 -1.641773 -0.478879 0.481525 -0.327807 -0.092855 -0.086841 -0.768871 -0.370523 1.636854 0.926077 1.146161 1.209429 0.700582 -0.748116 -2.207257 -0.861619 0.351224 0.405565 -1.309799 -2.165167 0.040074 -0.326290 -0.219560 -0.334816 0.917415
-2.264415 0.190509 0.711680 -1.098563 0.998084 -0.890726 -0.495409 -0.093587 0.526089 -1.115896 -0.810092 -0.688329 -0.365627 -0.135040 1.006731 -0.611265 0.909251 -1.622408 -0.539713 -0.977365 0.730916 0.294228 -0.110979 -0.584828 0.727863 -0.288923 0.362878 -0.660196 -1.416817 0.618034 0.178781 2.714435 0.450693 -1.227440 -0.086327 -0.431339 -0.889752 -2.754799 0.876914 0.515779 1.480803 -1.444654 1.229227 -0.520725 1.170145 1.377480 -0.113603 -1.179209 -0.033664 -0.264365 0.691809 -1.791572 -0.104425 0.155450 -0.430284 -2.202213 -0.473376 -1.063438 0.910345 -0.664716 -0.618176 -0.431778 1.369408 -0.014503 -0.767694 -0.222678 -1.876714 0.422816 -1.093113 -0.303097 0.163345 0.592945 -0.142742 0.443051 0.590842 0.281361 -1.679442 -1.243740 -0.021329 0.625839 -0.524462 0.384120 -2.303100 1.233003 -0.900246 -1.460477 1.949772 -0.202963 -1.412786 -0.511651 -0.117676 -0.968439 -0.416088 -0.124456 -0.870461 0.324737 0.944825 -0.486163 0.083481 0.582539 0.199665 -0.124867 -0.456224 2.258978 0.397368 0.242854 1.187961 -0.379762 -1.412193 -0.281345 -0.091195 0.290856 1.156662 0.418064 1.013310 -0.552940 1.150841 0.029325 0.637415 0.200749 -0.035328 -0.208846 0.991263 -0.304278 0.219405 -0.019036 1.689907 0.871983 -0.309159 -0.523084 -2.184229 -0.402477 -0.335082 -0.410870 0.410501 1.344856 -1.405222 -1.497108 -0.025662 1.737704 0.311429 -0.573377 0.899547 2.990441 0.332910 -0.451718 -1.511893 0.336042 2.114905 1.976419 2.742372 -1.124001 -1.661945 0.465715 -0.294017 -0.188376 -0.800095 -0.003400 -1.440294 1.202774 -0.340156 0.651045 -0.800702 -1.168430 -0.444691 0.345214 0.650956 0.502677 -0.754353 0.800421 -0.483696 0.800399 0.479683 -0.851480 0.465454 0.721246 -0.358356 1.593951 -0.984368 -1.677073 -1.657008 -2.150266 0.104340 0.730627 0.433432 -0.504351 1.947699 -0.421018 -0.070712 0.795955 2.307349 -0.312363 0.250694 0.587312 -0.728520 0.072098 -1.657577 -0.088711 0.001027 1.789510
1.212932 -0.289698 -1.121146 0.015877 0.119899 -0.623689 0.830365 -0.489894 1.095604 1.079441 -0.822473 -0.843260 0.707124 -0.815329 -0.355395 -0.317070 -0.013311 0.357842 1.404805 -0.410724 0.635846 -0.155877 -0.937803 -0.287191 -1.009382 -0.521027 0.254737 0.134025 0.634380 -0.757080 -0.108261 1.196274 0.797247 1.452134 0.705425 1.053419 0.866114 1.051500 1.840032 0.772894 -0.133588 0.460675 -0.589792 -0.713076 -0.849849 0.145287 0.616370 0.494242 1.092305 1.105016 -0.205762 1.516880 0.900630 -0.522923 1.537736 1.220247 0.861411 1.522339 -0.049043 -0.710771 -0.906067 -0.636208 -1.327605 -1.659816 2.411339 -0.324339 -0.110534 0.314460 -1.158222 -0.369385 1.639311 -0.582452 -2.087298 1.780572 1.821378 -0.403747 0.475260 2.226008 1.137259 0.269030 1.186636 -0.530327 -0.769793 -0.901711 -1.519146 0.735536 -2.196654 -0.851200 -0.365768 0.435141 -0.163522 -2.198456 0.343905 -0.921190 -0.360860 -0.443370 -0.447684 1.186078 -0.392510 0.098026 -1.905624 0.882158 -0.589690 0.939595 0.224777 -0.218656 -0.066332 0.948157 0.659707 1.864908 -1.194828 0.374419 -1.046406 -0.194745 -1.739411 -0.423119 0.428049 0.137862 1.361771 0.875773 -0.314257 -1.106341 -1.318934 -0.540932 0.204296 -2.152771 -1.583948 0.365776 1.308472 -0.408509 0.754090 -0.039819 -2.100111 0.110935 -0.425197 -0.794261 1.177094 -1.942698 -0.912540 -1.057269 0.673261 0.183492 0.742875 -0.245561 -0.378915 -0.579865 0.146161 -1.032679 1.354464 -0.243383 -0.793415 1.210477 -0.005493 -0.541244 0.125537 1.536527 1.549938 -1.708782 -1.071160 0.050521 0.959290 -1.033832 1.110733 -0.397584 0.742997 0.423570 -0.078871 0.435503 -0.255322 0.183156 0.129479 -0.087665 -1.932325 0.564741 -0.434119 2.226739 0.705487 1.452735 -0.083460 1.302248 0.487289 0.949599 1.009201 0.008452 -0.485373 -0.221511 0.461264 0.222920 0.160943 -0.045478 0.480452 1.569922 -0.084922 1.783887 -0.178644 0.871037 0.807640 0.383843 0.777982 1.139198
-0.159194 -1.811422 -0.920502 -0.698402 -0.041753 0.224148 1.811306 0.184137 -1.177365 -0.904327 -0.500284 0.656881 -0.373800 -0.492099 -1.328440 -0.449045 0.475485 -0.408483 -1.228925 1.137112 -1.961422 -0.655779 -0.023281 0.011315 -1.947716 -0.604274 0.067731 1.021767 -1.590172 0.255594 -0.575817 0.953258 -1.482566 -0.473881 1.389011 -0.543238 -0.186176 -0.169971 -1.599042 1.189622 0.259329 1.232076 2.597512 -0.501225 0.758724 -0.445834 -0.513357 -1.298036 -0.224098 0.694788 1.059988 -0.889140 0.445617 -0.843461 -0.874426 0.289424 1.158675 0.704859 -1.235139 -0.298152 -1.074542 -0.789505 1.346559 -0.009598 -2.244518 1.721604 0.322074 -0.302604 -1.227295 -0.490079 -0.360654 1.289988 -0.130373 -1.666455 -0.917938 -0.953855 0.096028 -0.849234 1.096428 0.898485 -0.584216 1.023888 -0.475080 -0.320699 1.152412 -1.195193 -1.402297 -0.150217 -0.075787 -0.164019 -0.117138 1.323324 2.264936 -1.340519 0.622532 -1.884877 0.973063 -0.699067 -1.010552 -0.464024 -1.996833 -0.150130 0.063978 1.089850 0.604828 -0.271402 0.515341 -1.071270 0.703805 -0.385163 -0.472612 0.841616 0.449300 -0.269319 -0.493784 0.718969 1.483080 -0.187247 0.674129 3.066281 -0.803176 -1.243885 -0.123430 0.480739 0.068462 0.017769 0.232404 0.681091 1.629390 -0.574018 -0.783294 -0.169714 0.978956 1.009386 -2.250589 -1.314285 1.115540 0.729585 -1.304737 0.543910 -1.292992 2.314258 -0.954108 0.328420 -0.195874 0.110187 0.019251 -0.600732 -0.687441 -0.889979 -1.260714 0.649018 1.227883 0.215249 0.001489 -0.800230 -0.405953 -0.987457 0.186749 -0.633710 -0.951939 -0.968162 1.930568 -0.836589 1.304906 1.052108 0.060906 -0.522223 1.483486 0.534724 -0.969463 0.094589 -0.364024 1.892921 2.530146 -1.241842 -0.000950 -1.820453 -0.541773 -0.637993 1.842017 0.298134 -0.982390 -0.603984 -3.039597 0.329617 -0.761333 1.404861 0.165090 0.064162 1.030172 0.752183 0.691678 1.070702 -1.377843 2.033845 -2.292413 -0.113823 1.755078 2.186416
-0.007553 2.289444 0.302416 0.124248 -0.947107 -1.129592 -0.855721 0.689285 0.134331 -0.912050 -0.725181 1.518643 1.820322 -0.083901 -0.019411 -2.277328 0.578794 -0.760936 -0.384045 -2.332389 0.323315 -0.138782 -0.673747 0.035878 -1.395206 -0.479682 0.529856 1.257083 0.303843 1.018549 1.942211 -0.270177 -0.380265 -0.319769 -1.234199 2.306599 0.067205 0.960501 -1.796489 -0.146343 2.506843 0.650930 -1.453124 -1.463560 -1.561471 1.112609 -1.627818 0.202706 -0.300245 -1.209045 0.960152 -0.500484 0.141785 -0.354023 -0.117428 -0.052208 0.654835 0.934428 0.560517 2.141807 0.263540 0.152331 -1.519466 0.707887 -1.131114 -0.479609 -1.871516 -0.353796 0.793054 -0.087178 0.193329 0.366281 1.102486 -0.559715 0.457647 -0.379107 1.587717 -1.131571 0.221542 2.180956 0.218393 -1.596574 -0.480414 -0.325838 0.570050 -1.548563 1.347894 0.979743 -1.593772 0.081179 -1.159771 -0.060401 1.149353 -0.189842 0.591242 0.290503 1.121738 0.342920 -0.472087 1.410672 -0.030797 -1.172533 0.645117 -0.475580 -0.990901 -0.036818 0.560380 -0.433674 -2.073547 -0.066658 -1.676512 -0.179747 0.319709 0.431008 -0.926520 1.898219 0.140687 -1.520984 1.442959 0.140594 -0.936199 1.704124 -0.300181 -1.736542 1.223278 1.423738 -0.279471 2.269820 -0.572799 -0.343542 -0.319630 1.360941 0.437862 0.326233 0.703792 -0.451900 -0.127687 0.062445 -1.244808 -0.734089 1.442971 -0.605845 0.197525 0.829050 1.069255 -0.420945 -1.299587 0.088512 -0.888156 -0.335619 -0.092718 0.215940 -0.839703 -2.559111 -0.229426 -0.482595 1.942836 0.102494 1.685960 1.537961 1.092342 0.212683 0.464485 -0.013624 -0.391414 -1.539773 -0.053179 2.105912 -0.513052 0.473269 -1.429922 -0.742420 -0.324298 -0.532668 -1.116120 -0.554013 1.977216 1.386894 -0.365570 -0.835408 0.407800 -1.726550 -2.354059 0.503528 0.983727 0.803707 0.843563 -0.398864 0.286266 0.805681 -0.452231 -0.961908 -0.885462 -1.497754 -0.319564 0.397917 0.767697 0.264798 -0.839673 -0.962486
0.595194 0.922460 0.098911 0.428114 0.250268 -0.589240 0.951551 0.238904 2.302641 -0.267848 1.421650 -0.492198 -0.721616 -0.649649 -0.561580 0.255702 0.658709 -0.921771 -0.297316 0.000053 -0.211518 -1.153297 1.247336 0.511206 1.629832 1.030017 -0.413010 -0.921639 -0.911614 -0.737545 -0.218010 -0.916269 -1.082115 -3.123535 -0.417340 -0.191454 -1.188220 -0.277018 0.239598 0.493774 0.860876 -0.951704 -0.495744 0.307515 -0.247521 1.402806 -0.418356 0.440780 0.654653 -1.026468 -0.306485 -0.457777 0.373193 -0.385786 0.651003 -0.805895 0.806639 2.821527 -2.070096 1.594437 0.517013 0.719872 -0.979300 0.032736 1.410542 0.765255 -0.519622 0.005992 0.726355 -0.344113 -0.273059 0.464455 1.604339 -2.000066 -0.059246 0.092878 0.275393 -0.676178 -1.765407 2.091455 0.977373 -1.108487 -1.265245 -1.015246 -0.461267 -0.690309 -1.456096 -1.304678 0.107245 -1.125594 0.860001 1.359768 0.502772 -0.550178 0.145232 0.205521 1.179448 -1.147723 0.844759 0.896749 0.278843 -0.234789 -1.371243 1.163647 -0.159439 0.573430 0.185714 -0.390372 0.001083 -0.063888 -0.104193 0.715683 -0.604457 0.609032 -0.758213 1.658725 -0.553730 -0.861780 -1.138747 1.613637 0.176742 1.971773 0.871368 -1.296612 -1.149133 -0.141451 -0.748846 1.214680 -0.472719 0.894096 1.339003 1.723240 -1.409319 0.013898 0.110905 -1.597906 0.094969 0.345042 -0.890272 -0.476452 -0.861511 -0.956845 -0.938476 1.595828 -1.497290 -1.332368 0.867305 0.034689 -0.430791 -0.790825 0.234403 0.090027 -0.263270 -1.440460 0.393704 -0.199275 -1.817422 0.520428 0.480458 0.110660 1.542163 -0.153060 -0.558773 -1.922385 -0.575189 -0.000358 0.641059 -0.098310 0.573897 -0.845848 -1.047081 -1.483609 0.823536 0.822955 -0.083187 -0.018946 -0.536631 -0.819219 -0.522077 -1.524794 -0.109100 0.699986 -0.493591 -0.726224 0.077384 -0.955341 1.513322 -0.290565 1.510967 0.716919 -0.194733 0.397406 -1.375717 -0.209308 -0.840851 1.655540 1.565508 -1.358136 -0.717881 0.428660
-0.454038 2.905134 -1.086498 0.684527 -0.577554 -0.333096 0.397360 -0.259511 -0.392438 0.733933 0.809220 -0.792135 1.759419 0.410301 0.988153 0.331675 0.266952 1.459899 -1.038829 1.469013 -0.305071 0.706791 0.642884 1.442675 -0.240488 -0.585151 -0.632804 -0.188049 -0.485973 -1.983254 2.243009 1.112730 0.759923 1.383786 0.865331 -1.126057 -0.521929 0.173947 -0.556970 -1.950388 -0.113157 -0.415821 -0.992343 -1.184676 -0.298143 1.369256 2.015793 -2.105983 -0.044780 -0.474706 -0.350588 -0.678721 -1.554598 -0.538487 1.183227 0.142460 0.381512 -1.701526 0.984109 0.617565 0.287625 1.040160 -1.056896 0.483285 0.494673 1.854258 1.066597 -0.067321 0.541487 -0.324699 -1.743550 0.044949 0.716078 0.809480 -1.155878 -1.589397 0.627926 0.072899 -0.683494 -0.117550 -0.108322 0.705836 -1.411748 -1.696724 0.502769 -0.092809 -0.997921 -0.575189 -1.718391 -1.241054 -0.105210 1.945207 -0.639678 0.275275 1.232862 0.643079 2.405805 -0.155647 0.339784 -1.030244 -0.541194 -1.691143 1.471133 1.372792 -0.353092 0.279149 -0.444697 -0.183180 -0.176622 -0.653694 0.116247 -2.138698 0.862726 0.011000 -0.466952 0.803801 -0.606951 0.166428 0.380877 1.210505 -0.847867 -0.416248 0.048590 -0.712771 0.943468 -0.588904 1.171406 -0.912143 1.258311 0.604186 0.382397 1.669090 -0.422441 0.770851 0.265767 -0.349750 -0.177541 -0.810099 0.229873 0.304068 -0.177562 1.962887 -1.367047 -0.114029 -1.123283 1.080760 0.785079 1.556132 -0.990926 0.153007 -0.713904 -0.801181 -0.582786 1.780932 1.168875 0.918435 1.206037 1.346173 -0.291747 0.956976 0.051744 0.431066 0.272037 0.392705 -1.978525 -0.232965 0.075211 -0.382909 -1.306670 1.648577 -0.880033 1.404391 -0.008282 0.351171 0.106669 0.931238 -0.234773 0.184734 -1.038228 -1.140037 0.138496 -0.440317 0.671917 -1.172488 1.358674 -0.596370 -0.758440 0.987076 -0.281166 -1.065121 0.311891 0.492957 -1.012192 -0.457740 -0.636661 -1.099372 0.416399 -0.421364 0.627602 1.236669
0.356778 -0.247634 -2.256179 0.891246 -1.268450 -0.802594 0.971864 0.818848 0.144312 2.235851 1.520795 -1.395684 0.473511 -0.428249 0.672383 -0.497830 -0.417873 0.757209 -1.377602 0.290166 -1.531776 1.014503 -0.375769 1.284584 0.815574 0.644659 -1.157343 -0.664678 -0.946052 -0.236995 1.207719 -0.772950 0.583318 -0.308604 1.012280 -0.854846 0.143530 -2.362699 0.630751 -0.995426 -1.956149 -0.901925 -0.673087 -0.669793 0.530595 -1.336210 0.299904 -1.025961 -0.861632 1.204006 -0.163142 0.141094 -0.197639 -0.380354 0.529048 -0.387867 -0.835290 -0.359961 -1.580530 -1.063050 0.611464 -0.597054 0.134669 -0.344931 0.229334 0.237520 -2.169449 1.913227 0.312831 -0.982044 -0.300549 0.238684 0.823742 -0.635084 -0.662941 0.144670 1.087013 -0.798278 0.132115 0.543049 -1.112976 -1.678107 -0.472843 0.405180 0.668215 -1.911722 0.265440 1.386620 0.692311 0.379039 0.438555 -0.591263 1.496514 -0.517222 -0.844337 1.445035 -0.043482 1.143278 -0.003905 -0.886422 0.808514 0.567274 -0.412785 2.807161 0.161502 -0.157253 -0.851837 -1.142427 -1.821250 -0.007214 0.647376 0.429602 -0.213526 -0.764809 -0.391066 2.039696 -0.491614 -0.553337 -0.079025 -0.314704 1.580779 0.270412 1.276118 1.346332 0.137962 -1.444872 0.450269 0.372422 -0.527046 1.580329 -0.964825 -1.095561 -0.489558 0.823329 -1.117043 0.709424 0.452726 1.569578 0.395942 1.362851 0.087937 -0.947446 0.136747 -2.057930 0.372174 0.573019 0.264921 0.284431 -0.415863 -0.494923 -1.121735 0.200162 -0.006213 -1.887573 0.350826 0.032488 -0.722351 -0.731024 0.461900 0.214484 -1.348935 -0.788844 0.184129 -0.500948 -2.042861 -0.843670 -0.072285 -1.364804 0.479515 0.766721 -0.219242 -0.584500 -0.168999 0.031958 -0.756299 -0.729382 -2.281236 -0.256789 -0.625340 0.939573 0.293387 1.964009 0.282609 0.108781 0.856855 0.690555 2.126780 -0.319158 -0.647202 -0.151333 1.371164 0.971288 0.231560 0.135725 -0.974747 0.317251 2.027229 1.270358 0.638873 -1.124269
0.193229 -0.888206 0.666826 0.327366 -0.066592 -0.464575 1.722643 -3.168305 -0.442885 0.929192 -0.389362 0.348248 -0.556145 1.257366 0.235912 1.987230 -0.867595 0.326899 -0.649498 -0.902920 0.365478 0.057268 1.255213 0.021118 -0.352880 1.120932 -0.338341 -1.244550 -0.372440 -0.237254 -0.394208 -0.611664 -0.691682 0.224249 1.561664 -0.643356 -0.403970 2.038710 -0.569659 -0.905076 -0.457027 0.475429 -0.792834 -0.235881 -1.048772 -1.100302 -0.280003 -0.830881 0.137174 -1.102821 0.401938 -1.836531 1.284119 -0.744409 0.735082 0.582273 -1.878787 -0.760120 0.376949 -0.819061 -1.048736 -0.913721 0.127740 0.609225 0.713037 1.014270 -0.097231 0.946393 0.025403 0.506093 0.085728 -1.353381 -1.293641 0.261809 0.167611 0.884931 2.160911 0.060491 -0.268450 0.545035 0.612536 -0.027999 -0.069537 -0.439777 0.567085 0.479917 0.672518 -1.290189 -0.037044 -0.215567 -0.957010 0.400169 -0.343858 0.257104 -0.182049 0.096085 0.121455 -1.459805 0.208441 -1.108401 1.140374 -0.512968 0.212841 0.259512 1.634282 -0.213383 0.761309 1.410471 0.209952 -0.405302 -0.663510 -1.905760 1.014533 -2.410936 -0.870556 0.279453 -1.359887 -1.020064 -0.159677 -0.857605 -2.311274 -0.422079 0.432421 0.650302 0.727065 0.811512 1.548760 0.784860 1.576035 -0.396344 0.187399 -0.093639 -0.613411 -0.165716 0.603968 0.214057 -0.845505 0.042413 -0.550901 -1.909966 0.088483 0.249850 1.501202 0.036772 0.099734 2.437285 -0.675164 -0.721894 0.630337 0.380301 1.697081 0.537790 -0.039241 -0.292861 -0.441409 1.278056 0.302022 -0.702001 -0.405224 1.402167 -1.751277 0.502667 -0.185859 0.403352 -0.745506 -1.565248 0.922285 0.588627 2.423524 -1.625156 0.781389 -0.474334 -0.354595 0.841106 0.228107 0.108480 0.137485 0.030926 0.833199 -0.460147 -0.372227 0.355388 -1.186180 -1.780259 2.620349 1.160866 0.023854 1.502638 0.997913 1.073867 -1.357555 0.222928 -0.551786 -0.255668 0.021867 -1.109796 0.417020 0.241307 -1.559983 0.306731
0.099783 0.348156 -0.037434 -0.831195 1.700579 0.467182 1.250183 0.602479 -0.831261 0.233958 0.301566 1.701123 -0.718585 0.118515 -0.106981 0.481039 0.732749 0.557507 -0.266009 -0.259332 -0.703551 0.095050 1.621213 -1.057856 -1.133884 -0.283852 0.764196 -0.908094 -1.419630 0.667841 1.518761 0.015727 -1.711192 -1.604422 -1.431393 1.678821 -0.290547 -1.182824 -1.653360 -0.882730 0.713959 0.279026 -1.130592 0.466000 0.258550 -0.295019 2.995887 -0.877084 -0.225030 -1.091343 0.846774 -1.551492 1.786837 0.941394 0.641318 2.471790 1.040689 0.888598 0.810359 -0.757404 -0.349888 -0.766117 -0.339935 0.290425 -0.482594 0.383840 -1.426430 -0.365207 0.636441 -0.487921 -1.766825 0.668774 1.076241 -0.122133 2.775136 0.409235 -1.898507 0.457834 -0.886070 -0.933096 1.098804 -0.090978 -0.107456 -0.730268 -0.158744 1.877518 1.395827 0.260265 -2.749177 -0.076770 -0.116001 0.797983 0.030236 -0.320807 0.782184 -2.392026 -1.063451 1.669835 -0.956625 0.286309 0.240991 -1.671140 1.310609 0.791694 -0.670775 -1.203069 1.227239 -0.801978 -0.933627 -0.651068 -0.022366 0.320078 -0.475811 -0.377961 0.665124 1.495307 -0.119986 -0.004313 -1.020268 -1.895338 -1.275166 0.419686 -0.237790 -0.946404 -0.874785 0.047706 0.078717 -1.266555 -0.223966 0.719445 -0.599960 0.590880 -1.313104 0.606662 0.603934 -0.414179 -1.233482 1.168710 0.683656 -0.474083 -0.112088 -1.201518 -0.878834 -0.137923 0.452520 -0.248753 1.282382 0.341289 0.418606 -1.141964 -0.188564 -0.460729 -0.237122 0.697348 -1.461753 0.238422 -0.630136 -1.910365 0.448556 -0.761129 -0.452631 0.051468 -0.494713 -0.706027 0.351685 -0.090019 1.106872 -0.493485 -0.350150 -0.590266 -0.880294 -2.075662 -0.287086 -0.303411 0.976192 0.344181 1.138660 0.510960 -0.165599 -1.395431 -0.543122 0.102939 -0.687263 1.095312 0.333180 0.085564 -1.705421 -1.116161 -1.106854 1.214570 0.334042 1.522859 0.246676 0.994897 -0.432143 0.963568 0.939940 1.447369 1.216924 -1.867650
-0.410375 -1.176284 0.094744 -0.733719 -0.087454 0.765306 -0.430700 0.828216 -0.016256 -0.781268 0.195021 1.345068 0.312070 -1.259373 1.006317 0.642322 0.313102 0.404729 -0.075893 0.058808 -1.215876 -0.530960 -0.992069 0.691326 0.671833 0.516782 -0.464836 0.649418 -0.061964 1.984001 1.591308 0.226642 -0.681507 0.626649 0.715970 1.040095 1.219196 0.879543 1.254988 1.248618 1.229684 -0.603255 -0.821570 -1.063273 1.319535 0.922875 0.012156 0.267209 -1.719017 -0.630412 0.465664 0.352454 0.529970 -0.827424 -1.108131 -0.879032 2.226269 -0.739081 0.655440 0.032618 1.079227 -1.678449 0.710829 -1.270940 -0.555510 1.548346 0.155977 -0.985024 0.767657 -0.849288 -1.027618 -0.362210 -0.272567 1.458512 -0.545941 0.119165 -0.629305 0.045644 -1.156862 1.582157 1.032716 -0.019377 -1.049544 -0.043315 -0.787752 1.449495 -1.443292 -2.301283 0.024536 1.313878 -2.420662 -2.010932 0.367127 -0.459973 -0.068707 1.440456 1.386231 0.401470 0.609446 0.576759 -0.118829 -0.272604 -0.669333 0.839267 -0.529625 0.176625 -0.139339 0.780917 -3.264324 -0.569845 -1.008735 0.228683 -0.697180 -0.293355 -0.090546 0.582127 -0.504967 0.321573 -1.123863 -1.354383 -1.412066 -1.135076 0.077897 0.266525 -1.073800 -0.406727 -0.111679 -0.721593 0.186437 0.876136 -0.182134 -0.864651 1.138350 0.078697 0.639390 -0.707670 1.199953 -1.448823 -0.669159 0.690975 -0.054921 -0.740700 -0.412951 1.279221 0.671857 -1.731006 0.405214 0.977808 0.280793 -0.677642 1.837454 -0.036058 0.511783 0.880168 0.377239 -0.150449 0.095072 -0.351304 -0.674389 -0.085334 -0.565679 0.804548 0.323753 0.345614 -1.242123 0.485756 -1.260436 0.574988 1.702031 -1.783504 3.124468 -1.006702 0.702726 -2.227263 0.490574 0.646572 -1.325780 0.362576 1.728295 -1.313145 0.616061 0.487102 0.071676 2.129031 0.883963 0.741229 -0.614333 0.558797 -0.337861 0.895173 0.739289 -1.232917 -0.195726 0.016707 -1.885796 -0.461367 -1.488453 -0.951807 1.450363 2.080028
-0.797212 -2.353979 -0.955331 -0.621969 -0.524096 -0.443372 -0.517868 1.932592 -0.068137 0.167132 -0.587236 0.731439 -1.106307 -0.050041 0.326112 1.180906 -0.719851 -0.072185 1.160704 0.181462 1.201439 0.556579 -1.066587 1.217273 0.039140 -3.139323 -0.578288 0.056086 -0.264499 1.936924 0.655178 -1.770129 2.185455 0.649969 -0.201794 -2.049886 -0.648883 2.207540 0.242154 -0.908433 -1.259375 -1.995096 1.344266 -0.832541 1.148244 0.340310 2.030382 1.786801 0.089367 0.707678 -1.561961 -1.796553 -1.964711 -0.903238 0.699234 0.770118 0.885977 -0.800255 0.018813 1.189585 -1.369966 0.747969 -2.047353 -0.966799 1.523112 -0.056955 1.807027 0.137856 0.493186 1.814643 0.801490 0.836035 -1.895505 -0.614413 -0.398499 -0.451495 -0.293557 0.839227 -0.142363 -1.962017 -1.237912 -0.059119 -0.576521 1.087654 0.029765 1.111591 1.627911 -1.603664 0.876057 2.094401 0.988442 -1.063390 0.037862 -0.364584 -0.216769 -0.932623 -1.434531 -2.020488 -0.829704 -0.275822 0.623282 1.492956 2.101537 -1.563952 0.498760 -0.875981 1.218791 0.074236 0.341787 -0.179770 -0.090011 0.080243 0.377578 -0.747752 -0.076513 0.582471 0.385468 -1.408640 -1.783324 0.438025 -0.039507 -2.159936 0.609481 -0.889145 1.095536 0.651842 0.550962 0.867484 0.120281 0.433406 0.114348 -0.519408 -1.550093 0.972619 -0.416646 1.124854 0.783540 -0.128224 -0.769537 0.084878 0.027399 -0.861040 0.669395 -0.210162 0.104857 -1.476238 -1.839410 -0.969855 0.089633 0.141449 -0.200680 1.508617 -0.600483 -0.945796 -0.179693 -1.195976 0.693395 -0.462023 -0.741989 -1.704185 2.026480 -0.035308 -0.611401 -0.077656 0.390680 0.127821 -0.366953 0.781477 -1.105451 0.679765 1.369280 1.272427 0.971686 -0.021371 -0.060225 0.130383 0.978782 0.817543 -0.319445 -1.352868 -0.737778 1.180509 0.304240 -0.906017 -0.084854 -0.977239 0.848757 0.551962 0.830240 -0.725174 -1.608758 0.916947 -1.149892 -0.296362 -1.597835 -2.616502 -0.397016 -0.729816 0.584955 0.379462
0.194564 -0.441323 -0.531289 -0.477394 -0.645043 -0.603685 0.091635 -0.873752 1.738627 -0.753225 2.205598 0.385084 1.209931 0.050318 1.936205 1.098554 -1.048237 1.000675 -1.022978 -0.688396 -1.228692 -0.478429 0.945045 -0.179227 -0.012731 -1.610962 1.418448 0.285810 0.060467 -0.750734 1.174658 -0.766656 1.119613 0.050406 -0.002053 0.333953 -0.773208 -0.262357 0.795061 -0.866855 -0.713113 -0.031803 -0.278515 0.246467 -0.693877 0.744889 -0.160929 -1.104477 -2.322359 -0.794099 0.532631 1.574283 -1.417117 -1.168037 -0.482891 1.566293 -0.458396 1.590708 -0.120462 1.890304 -0.235635 -1.253264 1.797343 0.698425 0.392585 -0.109350 1.408621 1.102640 1.610733 -1.838629 1.019331 1.232509 0.412538 1.385746 0.657709 0.215704 1.244942 -0.593406 0.601639 -0.250847 -1.621000 -0.373591 2.633570 0.197828 1.646849 1.188635 -0.382139 -0.197200 0.066110 1.432897 -0.204972 0.498445 -0.416786 0.547055 -0.018950 -2.180853 -0.369107 1.102451 -1.107246 0.225265 1.863826 -0.355632 -0.178416 1.696842 -0.267408 -1.097010 -0.765004 2.041609 -1.581077 -1.034679 -0.154819 1.981059 1.609191 1.203308 1.802374 0.539994 -0.011184 -0.443200 -0.240510 0.826843 -2.339878 -2.339588 -0.688671 -1.374472 1.434872 -0.100748 -1.134756 -1.884677 0.579002 0.304175 0.770480 -1.212102 -0.430917 -2.390642 -0.416156 -2.241802 0.154378 -1.678311 0.766479 -0.009838 -0.116729 -1.078784 -1.748924 -1.072649 0.940291 -2.789168 -0.656908 -1.061755 1.221819 -1.250924 -0.657179 0.265889 1.488633 -0.119535 0.558190 -0.074398 1.212657 -1.811568 1.758953 -0.285679 -0.520676 0.729386 0.961345 0.694907 -1.877452 0.628868 -2.209716 -1.731398 -0.031161 1.150970 0.945135 0.313112 -0.413272 -0.557496 0.105750 -1.198649 -1.933975 -0.667998 1.197881 0.406525 -0.593201 -0.891517 1.042190 0.807556 -0.388613 -0.978107 -0.999639 1.430020 -2.627553 -0.857348 1.179743 -3.148244 1.545751 0.520655 -0.407352 -1.374514 1.329432 0.848454 -2.177429 -0.360470
-1.785559 0.132803 0.545901 -0.265176 -0.585011 -0.463802 1.038425 0.070613 0.371276 -0.239223 -0.553165 0.802642 1.698871 2.922293 1.533528 -0.878592 -0.448013 2.143934 0.225633 -0.715609 0.875478 0.896387 1.877183 -0.217649 -0.393356 -0.653925 -1.208407 0.286504 0.064288 1.211176 -0.853169 -0.129431 -1.152048 -1.394461 0.776697 -1.790322 -1.433165 -0.345091 -0.264810 0.998124 -2.610917 -0.924133 -0.947569 0.631899 -0.737826 0.006047 -1.877531 -1.691070 -0.001412 -0.964565 0.207277 1.398587 0.493139 -0.393114 0.373414 0.005462 1.564628 -0.553550 -0.247582 0.623542 -1.128537 0.451318 -0.882289 -0.896334 0.795190 -2.294758 -0.023489 0.030884 1.168274 0.010768 -0.665684 -0.647198 0.199815 -0.154327 0.629595 0.063471 0.172672 -2.142856 1.195085 -1.322951 0.092263 -0.852650 0.463988 0.570129 1.225561 0.990898 0.650064 -0.994687 -0.793314 -2.293910 -0.590865 0.330808 0.341802 -0.482505 0.690745 -1.266363 0.964015 -0.787896 0.641635 1.704675 0.657178 -0.086102 0.280484 0.382086 0.174406 -2.781389 1.193558 2.710028 0.063507 -1.726567 0.543573 -1.347163 1.621915 1.724571 0.063450 -0.030765 -0.501503 -0.648441 -1.333140 2.005663 0.297204 -0.423645 0.172855 1.430849 0.557337 -0.332994 -0.921002 -0.561602 0.671231 -0.407277 -0.253426 -0.770008 -0.076766 1.355949 1.032081 0.921479 -1.328891 1.137170 -0.436792 0.494852 -1.352624 1.535262 -1.050652 -1.907686 1.310408 0.499894 -2.174421 -0.919691 0.527038 1.062671 -0.670886 0.173599 0.490471 1.674668 0.671924 3.397744 -0.158041 2.218870 1.006461 -1.873295 -0.453223 -0.936513 -0.210339 -0.077817 -0.256765 0.058421 0.598461 -0.612085 -2.441964 1.451533 -0.124650 0.180180 1.176990 1.189991 -0.164259 -1.073207 0.315012 0.031612 -0.755576 0.337802 0.997005 0.462410 1.296696 -0.646571 -0.871444 -0.801931 0.834938 1.189189 0.282351 -0.420991 -0.092733 1.358926 -1.259362 1.279256 0.635676 -0.643447 0.003864 1.092465 -1.680041 0.714635
0.895057 0.895366 1.041333 3.603242 -1.000640 -1.836319 -0.652464 -0.183905 -2.621770 0.426429 0.406687 1.607280 -0.825485 -1.255885 1.867891 -0.103515 1.888736 1.438935 -0.157369 -0.598555 -0.225521 -1.185402 0.738773 1.031975 -1.359955 -0.203069 0.335103 0.591323 -1.612439 0.266010 -0.317431 0.452369 0.933934 -0.401227 0.461813 0.704411 0.174699 0.669701 0.743623 1.218435 2.317598 0.934547 -1.265404 -0.961080 1.230641 -0.841628 -0.473481 0.042886 -0.420850 0.346680 -1.022783 0.670723 -1.082874 0.387597 -1.657891 0.058671 -0.961118 0.632894 0.256242 -0.601809 -0.119194 -0.985652 1.120211 -0.659901 0.490044 0.068516 0.658011 0.032683 -1.826495 0.447345 0.281038 -1.362457 0.951111 0.567480 0.673364 0.198694 -0.810790 1.136779 1.135412 2.439798 0.638980 0.812977 -0.864169 1.196049 -0.390609 0.843421 0.558943 0.622915 0.544325 -1.006751 -1.585482 0.110709 1.024468 -1.209869 -1.621438 0.442285 -1.510979 1.946973 0.691383 -0.785609 -0.655493 -1.944070 -0.476065 0.837487 0.646936 -0.933522 -0.535516 0.635808 1.034141 -1.452386 -0.082900 -0.136331 -1.606764 1.451341 -0.103195 -0.636440 0.471742 0.747620 0.504721 1.471608 -0.934024 0.893697 1.069520 1.121450 -0.151700 -2.215704 0.697200 0.113520 1.132132 -1.038846 1.065272 -0.845004 2.205539 -0.538840 0.351852 -0.672614 -0.202816 -0.128498 0.122452 -1.612343 -0.222154 -2.389577 -0.371288 0.035977 -1.041909 -0.441143 1.070302 1.430766 0.807179 0.482135 -1.087501 -2.228645 -0.443974 -0.210461 0.367255 -0.799604 -1.081087 -0.951921 -0.352685 -0.308369 0.316573 0.564407 0.545575 -0.741011 -2.347221 1.294981 0.078202 0.190856 -0.742540 1.689694 -0.580563 -1.532957 -0.002376 0.314169 1.339502 -0.528400 2.039360 0.211676 0.743771 1.251027 -0.801587 -2.270871 -0.401877 0.480394 0.081221 -0.335624 0.026827 -0.833234 1.739853 1.721840 -0.756125 -0.207223 -0.415476 1.529401 1.156969 1.774273 -0.105680 0.605564 0.749535 -0.581688
2.011078 1.298806 -0.247092 2.120172 1.024318 -0.421810 -0.209121 -0.206741 1.037802 -0.369258 -1.573113 0.041007 1.227552 1.676581 0.365463 -1.092036 1.704073 0.769291 -0.312389 -0.273792 0.001070 1.185484 -1.626864 -0.412609 -0.802920 0.871005 1.030261 -1.277704 -1.403392 -1.529803 1.317565 0.752903 0.614107 0.043431 -1.492986 0.629046 -0.786873 -0.887154 -0.526243 -0.875600 -0.031471 0.520149 1.420926 -2.048535 0.430237 1.067191 0.171460 1.597534 -0.604863 0.416167 0.299381 0.373880 -0.288362 -0.356374 -0.655431 1.226239 -0.916597 -1.051695 -1.328309 -0.087577 0.438376 0.419647 -0.645019 0.475099 0.965690 -0.229057 -1.899614 2.352495 -0.148429 0.346925 -1.288055 1.972314 -1.492666 1.013730 0.557967 -0.861216 0.318233 -0.597396 -1.366372 1.328786 -1.165516 0.813175 0.586913 0.327291 1.377865 -0.034489 -1.655868 -0.735194 -1.850706 0.593210 -1.492328 -0.783794 -0.626342 -1.804123 1.092131 0.345756 1.498282 -0.488497 -1.099851 -0.612160 0.820303 1.351459 1.136338 2.049254 1.147470 -1.143499 0.783015 1.895505 -0.121297 0.375168 -0.075775 -0.584322 1.731045 -0.149311 0.629576 -0.030659 0.964458 1.283639 -0.985692 0.518767 1.014507 -1.612733 -0.500469 0.452012 0.856698 -1.233148 -0.313696 -0.667753 0.162825 0.618803 -0.448888 -0.310399 -1.589541 -0.538757 0.648219 1.786490 -0.343475 1.864695 -1.043835 1.207542 0.025324 -0.562803 -0.061622 -1.381010 0.281485 0.420596 -0.679080 -1.661069 1.631573 -1.919227 0.543577 0.323873 1.518398 -0.466869 0.814859 -0.830629 0.337306 -0.308653 1.587824 -1.134785 -0.448246 -1.165064 -1.536177 -1.741451 -0.933904 -0.686866 0.124146 -0.411630 -1.816994 -0.298193 0.333019 0.283333 1.570002 0.039489 0.664589 0.378227 0.412137 0.131178 -0.696016 0.925399 -0.162338 -1.667743 0.000020 -0.072185 -0.538626 0.242025 -0.368560 -0.459924 -0.460009 -0.661723 0.145684 -1.829551 -0.349310 1.339670 -3.981854 0.300932 0.642077 -0.791385 0.220246 -0.478281
1.352155 1.086599 1.587670 0.871822 -0.211233 0.547310 -0.886353 0.352824 0.042850 1.263353 -1.520391 -0.046089 0.607676 -0.117827 0.636844 -1.572596 0.184485 0.031511 0.448958 0.793850 0.184556 -0.050373 1.023684 -0.911209 -0.463503 0.522108 -0.057130 0.988014 0.735268 2.421972 0.001828 -1.164623 -0.552458 0.394041 0.824291 -0.492194 1.877161 1.428244 0.958360 0.701569 -0.379470 -0.044756 2.103940 1.382709 -0.579724 0.779316 -1.155246 0.952227 0.206162 1.033710 -0.393203 -0.224413 -1.463719 -0.608622 0.282757 0.980890 0.461445 0.447408 0.163639 1.816309 0.376241 0.358425 0.106244 -0.448560 -0.574733 -0.486979 0.218375 0.448589 1.547587 1.479397 -0.849401 -0.212716 -1.745768 1.016377 0.022178 -1.041112 0.504918 -0.666957 -0.365723 0.401467 -0.019028 0.546026 1.199849 1.538361 0.555985 0.034831 -0.373287 -1.062960 -0.555763 2.196596 -1.355718 -2.211793 0.473300 1.427726 -0.619535 -0.330868 1.740870 -1.007736 0.862135 0.378334 0.526569 -1.509995 0.555260 0.144089 -0.844172 -1.600680 0.805317 0.148406 -1.374821 0.606460 1.358933 -0.235773 -0.123820 -0.100929 -1.308639 0.539058 -1.828736 -2.118258 -1.072919 -0.152563 -0.030325 2.003973 -0.504113 0.817697 -0.461905 0.676573 -0.515623 -1.045774 -0.722664 -2.282437 -0.078806 0.218054 0.413676 0.121419 -0.031761 -0.975586 0.513259 -1.886386 0.626449 0.198238 0.733298 0.229337 1.019976 1.351529 0.389773 0.329879 2.101494 -1.749526 -0.599615 -0.031376 -0.544426 -0.148317 -0.389496 -1.374446 0.406780 0.058217 1.371300 -0.285866 0.388580 -0.661553 0.626971 -0.869291 -0.119039 -0.008000 0.359904 1.870985 -0.605340 0.292695 -0.187700 -1.296870 0.053264 -0.565168 -2.104208 -0.025255 -0.419146 -0.068960 -1.340909 -1.070572 0.092521 -0.194907 1.306955 0.336393 0.178449 0.482663 -0.591768 -0.168302 -0.782013 1.446559 -0.562894 0.668420 0.972347 2.485525 -0.393914 0.042614 -1.330006 -0.753095 -0.252837 2.849303 -1.283897 0.877874
0.056731 -0.659667 0.915783 -0.523137 -0.865453 -0.061530 2.842408 0.355361 0.040953 0.111358 1.650529 -0.287095 0.569016 0.370967 1.125553 0.154527 -0.453446 -0.188454 2.280952 0.030707 -0.685346 -0.855022 0.756662 -0.522754 1.028217 0.239333 -0.133409 -0.407710 0.059562 -0.406393 0.588167 0.822122 0.844870 0.499621 -0.516047 -0.917947 0.003803 0.159765 -0.433746 -0.469661 -0.717463 -1.435118 -0.484943 -0.550114 -1.451112 1.258971 -0.875547 1.569558 0.620005 -1.147627 -1.271641 -0.512302 -0.465102 2.685388 -0.858683 0.781778 -1.225269 -1.516884 -0.150364 0.951783 -0.402553 -0.778150 -0.236590 1.345605 -0.842008 0.875194 -0.605923 0.484264 -1.343645 0.811091 1.599616 -1.360465 0.690994 -0.318202 -0.799207 -0.933809 -0.781019 -0.233128 -0.721661 -0.515149 0.940336 0.835039 -0.152447 0.362012 1.998568 0.617069 -0.876830 0.297557 -1.213445 0.210352 0.667619 0.333408 -0.208370 0.289066 0.629372 -0.757523 1.142840 0.305840 -1.413122 0.302653 0.518637 1.470950 0.646103 1.052403 -0.867034 -0.133485 0.597902 -1.906991 0.412966 0.086155 1.023365 -1.200148 -0.270088 -1.393576 -1.526616 -0.576164 1.103920 -1.285658 0.081100 0.291377 -0.442972 0.122629 1.469004 -0.189074 0.792211 -0.574248 1.625805 -1.264538 0.023737 -0.750300 0.273883 -0.098522 0.211441 1.682989 1.492033 1.367850 -2.366918 -1.033394 -0.608573 -0.689242 -0.229906 0.349134 0.267794 -0.050311 0.712133 0.769026 -0.921405 -0.330698 -1.466999 -1.045612 -0.036421 -0.673483 0.597392 0.327830 0.627785 -1.019553 0.876356 0.916939 -0.480675 -0.242122 -0.436000 0.687142 -1.479969 -0.793097 0.373260 -0.592973 0.201438 0.887589 -0.920166 1.184285 -0.693464 1.097244 1.284200 -0.699666 -1.511380 -0.762163 0.972097 -1.076065 1.212804 -1.026217 -0.374023 0.498127 -0.242190 0.320747 1.021351 1.910203 1.359510 0.446278 1.159526 2.529575 -1.523257 -0.279755 -0.509373 -0.884503 -1.070552 -0.183758 -0.153936 -1.176598 0.761387 0.855785
-0.468879 0.476883 -0.363010 1.377285 0.447858 -0.267873 0.799230 0.840197 -0.571472 -1.468372 0.635323 -0.942667 -1.891747 -2.628864 1.735692 1.147715 1.370910 -0.148798 -0.361900 0.347182 2.347309 0.186942 -0.517914 -0.509655 -0.511024 -1.722517 -2.326788 -0.139849 0.387722 -1.365579 0.327553 -0.071051 -0.116932 -0.955529 0.226315 0.996240 -2.170158 0.526792 -0.932039 -0.997228 -0.039359 0.428398 -0.731248 1.206980 -0.090410 0.142551 -0.554819 -1.465327 0.324785 0.089895 -0.570830 0.093865 -0.523350 1.275266 0.577505 -0.048025 2.509672 0.001303 -0.138599 0.099501 -1.071508 1.847557 -0.190029 -0.240738 -0.496659 0.103387 0.040212 -0.107143 -1.124356 0.743269 -1.287242 0.524947 0.513127 0.749877 -3.272486 -1.265465 0.232617 0.631536 -0.515673 -0.240854 -0.621725 0.173950 0.135691 0.727219 -0.514975 -1.128490 -1.135583 1.319881 1.146318 -0.742187 1.349650 0.358665 1.652282 -0.070278 -0.816118 -0.182080 -0.753221 -0.097722 -1.119485 -1.041296 0.870164 0.088761 0.220330 0.671079 -0.735483 -0.972312 -0.232839 -0.463568 1.242615 -1.242425 0.511884 -1.151378 -0.173824 0.506948 0.910737 -0.285944 2.328950 0.769743 -1.229525 -1.157847 0.076462 1.532489 0.904218 -0.020282 0.152537 -3.187797 0.300963 -0.280448 -1.179496 -0.595886 1.864655 -1.133981 1.506342 0.984616 -0.144442 -2.061912 -1.529781 0.367761 1.392883 0.544823 0.042674 -0.625084 0.238316 1.256289 1.752038 -2.737739 0.041232 -2.071666 -0.531396 -1.077927 0.430223 -0.191560 0.959745 1.200401 -1.070428 -0.121944 0.173830 -0.330732 0.600468 -0.058239 0.485934 1.426350 -1.473910 -0.507704 0.089573 0.889783 -0.162400 0.142731 2.536675 0.026870 -0.075843 -0.034706 -0.465147 0.887122 0.227867 -0.038824 2.676754 -0.007029 0.131565 -0.986033 -0.586077 -0.372083 1.141253 1.746481 -0.231018 -0.819682 -0.893699 0.592333 -0.935057 1.228492 1.086302 1.301746 -0.294103 0.370999 0.184027 0.623955 0.399631 -1.463774 0.700254 1.738775
0.114679 0.004239 0.121468 1.441676 0.977906 -0.390133 -0.157408 0.670628 -0.087950 0.408096 -0.674460 -0.424926 0.289882 1.663611 -0.189066 0.436380 1.386164 1.798951 -1.203935 -1.800302 0.087549 0.172867 -1.896444 1.117572 1.469345 0.202175 0.762157 0.207044 1.507919 0.083780 0.306777 -0.993944 0.345529 -0.949647 0.166506 1.515916 -0.863689 2.152839 2.386507 -0.197459 -0.608195 -0.884612 -1.373684 -2.070864 -1.119014 1.175112 1.824694 1.458265 0.555495 -0.523532 0.875953 -0.110828 0.335399 0.097241 -0.376468 0.148927 1.061987 -0.901793 -1.167991 -0.338457 0.266097 0.402331 -0.345270 -0.111761 0.065584 0.018544 1.218140 -0.030199 -0.703044 0.110500 1.197224 -0.506543 -1.064914 -0.199324 0.769346 -0.693310 0.604940 -1.094527 0.914265 -0.098095 0.247608 1.907134 -0.445976 1.051605 0.416463 0.961094 0.546873 -0.425928 0.069516 -0.990342 -0.271097 2.035185 0.984869 0.359735 -0.466433 -0.399794 1.100176 0.427986 -0.809763 -0.333744 -0.701058 -1.254241 0.675553 -0.437492 1.690454 0.230547 1.161280 -0.122447 -0.490975 0.014305 0.411256 0.477967 1.009641 1.465095 -1.009460 0.763338 0.102549 0.025136 0.030739 0.033121 0.492095 -0.460431 1.048251 0.100641 0.623724 1.428270 2.628569 0.277972 -1.301264 -1.233782 0.498087 1.006596 1.265435 0.849896 1.537519 0.999343 0.864953 -0.593582 -0.152218 -0.639553 -0.665807 -0.603196 2.045583 -0.246640 -1.312069 0.223496 -0.995306 0.575733 -0.202738 0.151549 0.100259 1.460297 -0.622228 1.553097 2.273472 -0.579537 0.222045 -0.342099 -0.011799 0.257669 -0.241099 0.891922 0.459232 -0.603496 -1.109902 -2.053988 0.170752 -0.463417 -0.396601 0.081756 -0.248771 -0.892161 -0.651280 0.461119 -2.231491 -1.206533 -0.203183 0.071388 2.650887 -0.527606 -1.139430 -0.739076 -0.622724 -1.523933 -0.290000 -0.470749 -0.338784 0.770967 -0.360583 1.771686 -0.402862 -1.765174 -0.900593 0.982762 1.198105 -0.299191 1.854647 1.310205 -0.645778 1.602286
-0.002728 0.683601 -0.277374 -0.501467 0.173776 1.753226 0.547659 2.275175 0.821721 -0.559827 -1.687047 1.350281 -0.428915 1.960596 0.953069 -1.912980 0.641627 0.872549 -1.508854 -0.685996 0.503780 -0.488400 1.447196 -0.582322 0.527684 -0.870831 -0.864794 0.657750 -0.079031 -1.129161 -0.423022 -1.540457 0.101607 -0.774169 -1.506523 -1.144663 -0.463294 0.661104 -1.128638 1.137516 -0.471367 1.785873 0.183661 1.380788 0.039877 0.336496 0.314878 0.272205 -0.664348 -0.014016 -0.286094 -0.786368 -0.678076 0.763088 0.148012 -2.908752 2.741078 0.356544 -0.397973 -1.417543 0.966746 -1.400252 -1.303929 1.200870 -0.831104 -1.067922 -0.681224 -1.401192 -0.238305 0.430245 0.047244 0.606839 -0.178188 0.182496 2.178373 -1.427426 -1.454450 0.701823 -1.367512 0.329183 0.387843 -0.552539 -0.893952 -1.442034 -0.214580 -0.103901 0.013545 0.258029 -1.161098 0.441561 -1.308272 -0.503505 0.842249 -0.676781 -0.636198 -1.857397 0.188676 -0.755880 -1.088411 -0.474866 0.336659 -0.158858 -0.344881 0.701158 -0.133519 -1.754500 -0.524951 0.111760 -1.262035 -0.517390 1.949813 -0.259052 -0.131405 0.229043 -0.100942 1.410060 1.095035 -0.099562 -0.415539 -1.654543 0.866502 0.563285 -0.032552 0.082405 -0.410184 -0.925268 -0.980890 1.415092 0.779759 -0.126949 -0.455167 0.120025 0.320348 0.054425 -0.131601 0.155025 1.369302 0.317800 -1.002095 0.536527 -1.210313 0.066683 0.530339 0.406788 -1.349442 -0.512157 0.821248 1.872277 0.643111 0.698888 -0.380275 -0.240216 1.068309 0.731771 -0.068480 -0.015526 1.093211 0.449547 1.558631 0.146226 -0.593789 -0.057791 -0.612746 -0.360192 -0.098047 -0.906357 0.811284 -1.501090 0.415095 -0.127399 0.035169 -1.122455 -0.996308 -1.320695 -0.001787 -0.896750 1.058081 1.012353 -1.555446 0.493514 -0.565698 -0.008651 -0.882085 1.078079 0.298939 -2.023190 -1.352406 1.378821 0.778785 -0.185936 0.686583 0.482777 2.121279 -1.147194 -0.520591 -0.476560 -2.305221 0.130813 0.294724 2.065801
-3.530982 0.792887 -0.855065 -1.505873 0.484721 0.463349 -0.122275 -0.530282 -0.302242 -0.192471 0.949153 -0.220004 -1.793853 -0.043960 -0.827960 -0.914358 -1.148816 0.938629 0.678514 0.746723 1.845694 1.106406 -1.428361 0.968537 -0.796376 -0.615179 -0.287696 -0.289049 -1.629310 -0.651800 -0.416847 0.648952 1.704021 -1.596005 0.374272 0.166322 -1.249980 -1.677820 -0.122923 -1.622265 -0.202573 0.455444 -0.342786 0.318785 0.090658 1.391018 -1.048714 -0.416437 0.594564 0.714062 0.460636 0.911562 0.626447 0.088058 -1.122005 1.329000 1.387489 -0.934040 -0.398828 0.378450 -1.282612 -1.030846 -1.088884 0.604304 -1.399747 -0.231957 -0.145960 -1.939392 -1.273608 -0.745895 -0.093949 2.546818 1.155137 0.100425 1.532563 -0.511295 -0.610976 -1.275984 1.116510 0.008564 0.961278 -0.332020 -0.848204 -1.457783 -0.682283 -0.657210 1.212252 -0.165458 -1.698957 0.473342 -0.267608 0.579731 -0.007247 -0.373352 -0.017659 0.601587 1.368644 1.498130 -0.455287 -0.554066 1.008259 -0.622553 -0.594920 1.489008 0.963582 1.069839 0.606391 -1.718993 -0.221310 0.197774 -1.109027 0.268817 -1.353314 1.631326 -1.464475 0.326255 0.798798 0.911933 -0.924704 0.554638 -1.919280 0.837483 0.435523 -0.765836 -1.671241 -1.087402 -1.481785 -0.067188 -0.681984 0.807645 0.510381 0.335248 1.887436 1.883462 -0.774883 1.035273 -1.797100 0.077823 -1.843849 0.717309 -1.659585 -1.088532 -0.417908 -0.282101 -0.335373 1.186170 0.074917 0.237604 0.636271 0.597349 -0.040091 0.031287 0.436629 0.354979 2.413246 -0.015511 -0.034300 -0.241990 -0.801680 -1.192185 -0.081776 0.659140 0.241167 -0.308629 1.544421 0.686956 2.479035 1.372943 -1.181151 -0.741514 0.609304 0.485372 0.500919 1.243840 0.664392 0.956400 -0.511444 -0.629024 -0.264296 -1.667361 0.889077 0.835639 -0.279568 0.472598 0.336398 0.372560 -0.261925 -0.551964 -0.825652 -0.731055 0.302703 -1.269833 0.275414 0.060127 -1.742211 -1.692820 -0.063956 1.477134 -0.088684 0.632784
-2.432353 -0.037999 0.472157 -0.642502 -0.068907 -0.313062 -1.009542 0.310378 -1.213498 -0.329566 0.786836 -0.623260 0.682987 -2.718540 0.463778 1.448160 -0.332769 0.244816 0.435619 -1.164630 -0.482846 -0.505552 0.830342 -0.043836 1.332692 -0.851561 -1.053732 -2.006776 -0.054600 -0.074357 -0.792584 0.229668 1.335858 1.214128 0.791898 0.752862 -0.841479 -0.082422 -0.469460 0.660452 0.674163 0.228882 -1.364262 1.026189 -1.371045 -0.119912 0.045557 0.154994 -0.136608 0.841215 -0.169893 0.238040 -2.011203 0.819271 -0.275564 0.564567 0.543565 -1.719748 0.274198 0.057472 1.323348 -0.124803 -1.186351 -1.345084 1.436398 -0.505308 -1.196975 0.761422 1.136651 -0.756574 0.943346 -1.035729 0.453061 -0.799049 -1.332976 -0.482706 0.318466 -2.585216 -0.185688 0.527157 0.824715 0.309429 -0.073786 1.127733 1.267483 -0.000078 0.722113 -0.911466 0.861089 1.275597 -1.352595 -0.098372 1.287791 0.915932 -1.879262 -0.301907 -0.168147 2.102591 -1.201782 0.856267 -0.173436 -1.298568 -1.282336 0.213683 -0.390433 -2.038527 -0.782820 -0.973572 -0.590362 -0.631501 -0.054093 0.430867 2.519205 1.574095 0.451879 1.008841 -0.074720 -1.571861 0.082968 2.464683 -1.132096 -1.689350 -1.151341 -0.871663 -0.343330 -1.111080 0.999459 -1.212818 1.307979 -1.059109 -0.281111 1.770704 1.035987 -0.126749 0.150246 -2.175042 0.317758 1.470397 -1.604860 0.046829 -0.594110 1.766237 -0.426152 0.768789 -0.034728 -0.549915 0.479322 -1.103614 0.045429 -1.001146 1.598539 -1.554417 -1.066892 0.855375 -1.169611 -1.941137 -1.051830 0.349739 -1.543444 -0.691895 0.208035 1.827915 -0.221704 -1.012787 1.715425 -0.830474 0.922880 -0.458849 1.782335 0.973702 0.383785 -1.093160 1.214847 -0.640548 -0.081249 -1.220242 -1.564349 0.699687 0.081825 -3.252356 1.972496 0.606969 -0.249672 -2.920212 1.041578 1.043262 0.425813 -1.571589 -1.260236 0.469754 -1.000944 -1.271445 1.233856 -1.139128 0.391955 -1.108600 -0.094187 -0.719975 -0.533773 0.429202
-1.816509 -1.412109 -0.088834 1.990677 -0.225273 -0.937722 -0.005004 -0.420897 0.113241 0.271179 0.357726 3.413862 -0.530517 -0.466071 0.513111 -1.562772 -0.533930 -2.310971 1.317638 -2.088132 0.484366 0.107316 -0.561982 0.425274 1.972486 -1.195837 1.075164 -0.084850 -1.739833 2.169236 -0.672097 0.092513 -1.604704 1.054682 -0.074180 -1.698604 1.142990 0.872658 -0.183710 -1.298048 0.320362 0.534648 2.530757 3.256274 -1.388945 -0.408282 -0.114587 1.189801 1.279463 0.529356 0.248087 0.961048 0.404411 0.272037 0.637239 -1.871541 -0.240929 -1.456174 0.037175 0.196811 -1.273008 0.081318 1.507490 0.128174 0.923996 0.654566 -1.138762 0.436428 -0.351126 -2.360469 1.161005 1.068737 1.877431 -0.096664 0.090562 0.243842 -1.813573 1.403317 0.570155 -1.555465 0.436813 0.889546 0.247872 1.353879 0.632437 -1.915898 -0.727564 -1.680028 0.572585 1.407930 -0.304209 0.053353 1.332592 -1.937331 1.360146 -1.386733 0.460744 -0.782660 -0.441502 -0.463003 1.581543 1.035199 0.260871 -0.252245 0.404105 0.972447 -1.307813 -0.156322 -0.820534 -1.296066 -0.337612 0.162787 -0.075104 -0.505849 1.129720 -0.376835 0.456207 1.231106 -0.140194 0.249626 -1.443180 -1.006976 -0.358397 -1.142365 1.134596 -1.346996 -0.639443 -1.129973 0.989051 0.327221 -1.566432 0.113067 0.775002 1.765681 0.158415 1.296205 -1.282195 1.990751 0.119832 1.474688 -0.865829 -1.479773 -0.498925 -0.869989 -0.915892 -0.127524 -2.156169 -0.373062 0.066913 1.572612 -0.136211 -0.521676 -0.422213 -0.382256 2.407144 1.088310 -2.533473 -0.087311 -0.239819 -0.750437 -0.883166 -0.366366 1.594466 -0.015519 1.479682 -0.063102 -0.480757 0.055566 -0.128030 -1.986073 1.116626 -0.042431 -0.454701 -0.209714 -1.024813 -0.930088 1.118918 -0.787152 -0.162714 0.752246 -1.283648 -0.156781 0.775024 0.729260 -0.809174 -1.012627 0.426522 0.601774 0.068982 -1.174459 0.833389 0.168612 -0.956227 1.513263 -0.554703 0.146419 -1.300707 0.991084 0.854701 -0.063220
0.608413 0.877338 -0.935751 -0.090840 -1.325848 0.834212 0.239371 0.224735 -1.120679 -0.738122 0.342138 -1.724025 0.035567 -0.063510 0.369965 2.196621 -1.372087 1.107246 -0.993723 -1.561168 2.013945 0.830381 -1.017791 0.428980 1.562454 -0.809390 -0.323071 0.641412 0.527121 -0.123210 0.503635 -0.153201 -0.916124 0.882248 -0.738543 1.300817 -1.146568 -0.921318 -2.147716 -0.454288 0.237484 0.410710 -1.824515 -1.354872 -1.615449 0.088980 -0.282796 0.718000 0.248412 1.764448 -0.327984 0.412805 0.496452 0.567278 0.496767 0.632859 -1.023737 0.356479 0.995461 0.324255 -0.732806 -0.517966 1.187651 -0.975505 -0.902893 1.284963 1.112624 -0.030004 1.695136 0.672314 0.076407 -0.389721 0.911907 0.751886 0.153610 -1.387981 0.684178 1.503071 1.291311 -1.700325 -1.404458 0.786971 -0.359068 0.138942 1.048050 -0.654769 -0.076516 -1.429600 -1.299970 0.231879 -1.322091 -1.189259 -1.575099 -2.122627 -0.592389 0.572607 -0.734451 0.647669 -0.496206 1.328787 1.427485 -0.534435 0.433704 0.877686 -0.347309 -1.064652 -0.429043 1.301397 -0.666600 1.430527 1.226851 -0.422850 -0.543694 -0.614939 1.263692 1.666245 -0.827942 0.107360 1.102509 -2.001009 -0.177516 0.231843 -0.751557 0.496785 0.635407 -1.762576 0.923164 0.136710 1.194842 -0.192392 1.138548 -0.606187 0.829595 -1.310994 0.640397 0.129997 0.158122 0.384476 1.041847 1.032493 0.248901 2.107363 -1.675930 -0.713236 0.631802 2.537574 -0.803189 2.172019 0.964058 1.054462 1.123363 -1.039821 0.624268 -0.718537 -0.804631 0.058503 -0.745261 0.409697 1.101716 -0.775641 -1.393450 -0.143381 1.087839 -0.023815 1.796446 -0.256835 -0.609433 1.914863 0.071739 0.384140 0.439391 -1.316345 -0.951262 0.536441 -0.914164 1.159680 0.352651 0.295644 -0.529981 -2.174466 0.199511 1.007681 1.352783 0.753727 -1.463049 1.731208 -0.011038 -0.845578 -0.816813 0.890245 1.430151 0.936248 1.355912 0.804474 -1.776150 0.880037 0.057663 -0.151154 1.319739 0.535079
0.415679 -0.279337 0.176989 0.457783 -0.622435 -0.593769 -0.698530 -0.071570 0.599677 0.382374 -0.307091 0.828566 -0.399185 -0.116256 -0.677371 -1.041421 -0.124411 -0.321803 -0.152708 -0.736411 -0.525696 0.756704 0.314718 0.713004 1.255152 -1.899885 1.014892 1.542165 1.484013 -0.197642 -1.022798 -0.020294 -1.232296 -0.496531 1.535559 -0.175255 0.704391 0.837976 1.132800 -0.774063 -1.239355 -0.026704 -0.086190 1.113325 1.052858 -0.574185 -1.927894 -0.584608 -1.644886 -0.216060 -1.772965 0.675806 0.323000 -0.456906 0.795651 -1.114469 1.194606 1.116429 -1.365030 -1.059628 -0.203508 -1.990095 -1.311597 -2.253564 -1.315396 -0.394378 1.096184 -0.732423 0.481686 1.475545 0.574588 -0.024407 0.162013 -0.218083 -1.382153 -0.195899 0.103048 -0.373647 0.239119 -0.302875 0.110297 0.185929 -1.522819 -0.004912 1.433626 -0.213742 0.308478 1.051695 -1.404428 0.886972 -0.374032 -0.310978 1.557258 -0.036966 -0.630639 0.850892 0.265211 0.012251 -0.048212 -0.283898 1.212889 -0.698495 0.036063 -0.233357 -0.613001 0.623994 0.431301 -0.126121 1.341115 -0.887714 0.304721 1.507664 -0.736894 -0.196734 1.201335 0.674510 0.302928 0.315849 0.095328 -1.077373 0.573727 -1.703865 -0.126568 0.787841 -1.460688 -1.090005 -0.271633 0.566692 1.033296 -0.513661 0.819455 0.546766 -0.077741 1.137576 -0.188681 0.612664 0.304287 -1.821548 0.375868 0.008331 0.321803 0.599670 0.160165 -0.295157 -1.722171 -0.834644 0.206203 -0.289960 0.334051 0.453238 -0.242316 0.826259 1.581173 -1.457843 0.597650 -1.149197 -1.112320 1.434721 0.783429 -0.398454 -0.451353 -1.035643 0.630615 -0.221934 1.052538 0.948246 -1.978332 0.278673 0.453415 0.125036 1.437874 0.656939 2.428554 -0.788850 -1.599660 0.952584 0.385036 -1.917837 0.331576 0.221178 -1.236524 -0.020390 0.371961 -1.049251 -0.617636 -0.706528 1.017831 0.563482 1.858379 -0.588098 -0.364668 -0.185165 -0.682916 -1.117235 -1.040024 0.119322 1.746488 -0.483437 -1.290351 1.447716
0.314173 -1.075568 -0.813208 -1.509421 1.571564 -0.384971 -1.368291 -0.339125 0.026001 -0.506126 -0.618241 -0.204422 0.241392 1.370690 -0.831284 1.960375 1.333836 -0.527210 -0.923769 0.539566 -0.190257 -1.119117 -0.243605 0.201907 0.417327 0.422605 -0.775234 0.005239 0.317253 0.543839 -1.004754 0.889792 -0.635562 -0.327109 -0.653592 -0.366277 1.341386 -0.269860 -1.641170 -0.393727 1.132322 -1.326281 -1.114675 0.872525 0.833037 0.944347 -0.213933 -0.816544 -0.246606 -0.004149 -0.169598 -1.224631 -1.178369 -0.524893 1.111607 -0.769851 -1.707405 0.037419 0.481545 -1.160788 0.327886 0.764071 -0.741519 -0.362825 -1.045381 -0.572139 0.186350 1.107898 0.999859 0.824484 -0.278437 -1.637619 0.682048 0.846247 0.448688 -0.271847 1.862011 -0.686515 -0.648849 -0.094569 0.611197 -0.369086 -2.205215 -1.626197 1.706466 0.332125 -0.185153 0.265709 -0.914576 1.212493 0.941146 0.091111 0.037612 0.527356 0.662340 1.323162 0.188552 -0.430510 -0.755981 0.011409 -0.241870 -0.088952 -0.689868 -0.240773 0.262196 -1.503112 -2.005108 -0.283331 -0.193759 0.231691 -0.131492 0.410324 0.805780 -0.358806 0.247841 0.010473 -0.302114 -0.674265 -0.196251 0.825596 1.278273 0.579971 -0.090168 -0.739320 -0.437496 1.053617 -0.207325 0.323302 -1.266266 0.627809 -0.920422 0.867685 0.269101 -0.547127 -0.215468 -2.490798 0.523155 -0.028817 0.510789 0.274761 -2.314811 -0.932205 -0.114367 0.422719 0.710625 0.429911 0.881797 -0.255567 1.246543 -0.212923 0.995760 0.009935 0.280494 2.626920 0.108276 -0.415629 0.026710 -0.381993 -0.352995 0.351045 0.098508 0.273861 -2.049485 -0.360605 -0.123258 0.498222 -0.565775 -1.620320 -0.850076 1.006871 -0.297388 -1.117729 0.554405 -1.096879 -1.276878 -0.502774 -0.359796 0.050511 1.719676 -0.434870 1.757927 -1.355888 0.824371 1.093127 -1.481224 -0.122429 -0.306233 -1.508025 -0.508227 1.073541 -0.368566 -2.597788 1.545861 1.257308 -0.633557 0.933242 -1.342322 -0.636970 0.854782 0.736778
-0.024150 -1.890071 1.452188 -0.347037 -0.607378 -0.235819 1.193324 3.117033 -0.939327 0.926693 0.545296 0.724225 -0.277168 -0.579577 0.974508 -0.587458 1.595010 1.159520 -0.091506 1.694598 1.464182 0.324835 1.621223 0.587952 0.604713 -0.477011 -0.436166 0.089072 1.205433 1.316905 0.133321 0.217647 0.245490 -0.939774 0.244266 0.823467 -1.558999 -0.851233 -1.670456 0.378893 0.726334 -0.420089 0.005809 -0.711456 0.502735 -0.569614 -0.107385 1.057543 -1.344732 0.972788 -0.754766 -0.463609 0.268364 -0.674370 1.085791 -1.116721 2.724117 -1.229422 -0.171429 -0.296968 -1.226370 0.206262 0.507826 2.425123 1.012082 -0.832473 -0.266815 -1.167242 -2.248693 -0.365364 1.448899 0.756575 -1.173768 0.736571 0.870419 -0.188059 -0.657500 -1.927239 0.121565 0.299032 0.416553 -0.257441 1.531458 1.338726 -2.334818 -0.343178 0.155608 -0.823918 -1.740511 0.049435 -0.279175 -0.029375 0.614425 0.298385 -1.293827 0.149608 -2.268406 -1.373960 -1.678871 -0.104660 2.216907 0.708225 0.759000 -0.380426 -0.841611 -0.349325 0.656351 1.333303 -0.317242 1.029634 -0.377548 -0.857997 -1.229709 0.912098 0.667946 -1.159958 0.677717 0.411700 0.373488 0.041331 1.050915 0.377053 -0.479736 -0.960554 -0.281102 -1.343202 0.341239 0.798115 -0.089572 1.322557 -0.555754 -2.828519 -0.942575 -1.003821 2.259455 -1.216517 -0.826597 0.826065 1.001758 -0.312718 0.163850 -0.368520 0.358204 -1.598678 0.474517 0.006390 2.324763 -1.084787 0.370110 1.053252 0.463511 -0.193707 -0.807381 1.734397 0.511090 -0.394376 -2.904019 -0.588834 -0.266234 -0.365403 0.625045 -1.249258 -0.006004 0.901513 0.210271 0.251739 -1.270583 0.900736 -0.680255 0.804639 0.955844 -0.781602 0.501624 -0.586634 -0.600488 -0.300936 -1.528943 -0.183314 1.383312 -0.610006 0.766974 -0.936917 -0.454949 0.403934 2.218479 -1.195031 -0.071924 -1.315255 2.177993 0.740019 1.681800 -0.101259 -0.738893 1.146231 -0.981474 -0.288048 0.679175 0.293485 -0.666973 -0.197896
1.510135 1.478919 0.192655 1.694627 -2.326002 0.103733 1.307632 1.719191 0.938127 0.798530 1.821288 0.235027 0.073925 -0.925738 1.485988 -0.433566 0.070294 1.391826 -0.074548 -1.262951 0.122364 0.398372 0.176410 -0.764297 1.853429 -0.911590 -0.232088 0.483653 0.964098 0.415415 -1.179969 -0.504946 1.842478 0.631587 -0.364980 0.856641 0.507957 -0.258080 -1.577908 -0.595423 -0.916387 1.875330 -0.053806 -1.172585 2.053144 -0.666080 -0.518043 -0.187149 0.416313 0.140996 -0.850461 -0.610730 0.098146 -2.057313 0.629304 0.441781 -0.287414 -0.629378 0.185680 0.040532 -1.376068 -1.760049 -0.256425 1.771120 -0.261798 0.516218 -1.266675 1.513629 -0.736055 -0.321258 -1.169635 -0.005333 -0.002966 -0.179720 1.528881 0.302159 -0.059355 0.500254 0.648561 0.880392 -1.625521 2.405661 -0.170899 0.574311 -0.308098 1.716236 -1.080333 0.510139 -0.078095 -0.132841 -0.350803 0.070616 -2.205266 -0.892775 -0.598699 1.212774 -0.628639 0.787087 -1.080937 -0.492008 -0.541278 2.576892 0.273451 -1.395558 0.503848 0.584067 0.078755 -1.208658 -0.959580 0.903840 0.619054 0.117951 -0.764201 1.302845 -0.562273 1.039954 -0.073524 0.212038 -0.899491 0.153813 -1.009341 -1.117072 0.967480 -0.884905 -0.461715 -0.825223 -1.326395 1.005905 -0.368337 -1.640681 0.260373 0.507526 0.804872 -2.333402 2.538459 1.766289 -0.381214 0.756756 -3.047758 -1.796467 0.981428 1.171655 1.213924 0.624410 1.001700 0.641034 -0.478888 -0.706081 -1.163555 -1.070241 -0.571292 -0.280111 1.004702 -0.217461 0.520157 1.698873 -0.385238 0.714925 -1.184633 -0.884086 0.137724 1.010448 2.083119 0.247074 0.342820 0.162635 1.387798 0.466133 0.705493 -1.631513 0.687612 0.209983 0.496123 1.656404 -0.634684 -1.068986 1.119250 0.817772 -0.279584 1.365572 0.325673 1.308682 -0.078933 0.832542 -1.080266 0.172934 0.529253 -0.319623 -0.082966 -0.872435 0.253271 -0.126939 0.404551 0.580555 2.030750 -0.358913 1.592092 0.373122 0.586087 -0.153834
0.692737 1.098028 -0.714692 -1.925584 0.863288 -1.476581 3.171782 -0.805115 -0.145496 0.090627 -1.243574 0.550721 -0.129796 -0.115405 2.922582 -0.127351 0.522977 0.813387 1.693807 0.243795 -0.288450 -0.606379 -2.806696 -1.003110 -0.558757 0.518692 -0.770495 0.271569 0.003955 -0.411505 0.442086 0.099059 -0.153774 -0.378155 -0.302425 -0.330352 -1.314554 0.954689 -0.674753 0.861432 -0.277254 0.010973 0.030317 0.211970 0.108585 -0.200028 -1.380937 -0.854873 -0.412213 3.031096 -1.418850 -1.250447 -0.586163 -0.522959 -1.230152 1.462737 -0.156911 -0.186664 0.749686 1.105872 -1.092398 2.156475 0.280891 0.236001 -1.254903 1.001548 -0.255367 -0.264313 -0.684221 -0.881127 0.618675 -0.272264 -0.304981 -1.928504 1.206330 -0.797128 -0.127858 1.362966 0.431185 1.288874 0.719618 0.240028 -1.338921 -0.066994 -0.912294 -0.726014 -1.433805 -1.568270 0.413177 -0.616139 0.810853 -0.827559 -1.393667 0.925166 0.522369 0.074909 -0.049176 0.233731 1.041998 0.056050 -0.610633 -0.442285 0.043632 -0.518667 0.930416 -0.921742 0.847327 1.156212 -1.814531 -0.121513 -1.647916 1.083383 -2.829776 1.981917 -0.203169 0.045772 -0.116361 1.335963 -1.258906 0.856734 2.324169 -0.182861 -0.324645 0.375045 0.745353 -0.079830 0.063854 0.836570 0.274772 -1.082050 0.700014 0.434114 -0.418345 0.608769 -1.131641 -0.669208 0.630633 -0.075995 0.381653 -0.938811 0.126455 -0.445435 -0.610233 -0.772095 1.340205 0.250397 -1.344697 1.222874 0.168931 0.498857 0.452429 0.367930 -0.288333 -2.820294 -0.053683 1.036708 0.719608 -0.010551 1.186435 -0.152743 -0.004723 0.408366 -0.063235 0.357447 0.540780 0.156667 -0.327960 -0.602351 1.300440 -0.447363 -0.048884 -0.492646 -2.230202 0.527857 -1.569878 1.159638 0.424637 0.898863 0.330323 1.564097 -0.582234 1.176311 -1.183895 -1.470352 -0.439080 1.736149 0.190820 0.615889 0.768103 -0.351994 -0.284835 1.057297 -0.750500 0.021225 0.170092 -0.139152 -0.570369 -0.416259 -0.858249 1.026123
0.182670 -0.375237 1.390753 0.914734 0.545000 0.757767 -0.177382 0.251259 1.095251 -0.793712 0.177315 1.129099 0.785932 1.320355 0.978747 0.263601 0.637107 0.023173 0.146849 1.356322 -0.094027 0.406209 -1.188886 -0.483810 -2.056816 -1.174418 -0.536911 0.542970 0.267178 -0.495798 -0.327343 -1.711756 -0.363619 -1.277072 1.487345 -1.353925 -1.552821 1.101224 -1.068848 -1.715381 -0.555910 -0.584754 -0.201495 0.232199 -0.720506 -1.490309 0.159802 0.810331 -0.859720 -1.424894 -0.399660 1.577786 -0.602955 -1.111871 -0.568426 1.763572 1.360891 0.115702 -1.188201 1.012632 1.586479 1.924345 -0.081864 1.657963 0.118155 -0.296977 0.298658 0.148995 0.257329 -0.042364 -1.225964 0.717936 0.634165 -2.453856 -0.322883 -0.718120 -0.959361 -0.254557 2.690928 2.172154 -0.394652 -0.937276 0.407541 1.667526 -1.110859 0.112884 -1.693073 -0.224394 0.556745 1.054495 1.081887 -0.045835 1.408299 0.188650 -0.028255 -0.257527 -0.874487 -0.025500 1.337319 -0.343443 -0.728835 -0.104543 2.128049 0.168269 -0.699548 0.471946 1.738801 -2.209269 1.526418 0.587607 2.558450 -0.682906 0.498853 0.015528 -0.298040 -0.551786 -0.138528 -0.761196 -0.307972 -0.630686 0.198392 -0.445834 0.029284 0.810419 -1.346323 -0.479143 -0.636073 -0.398673 1.590204 -1.119941 -0.913345 -0.366917 -0.486065 1.673958 2.660874 -1.386687 -0.647889 0.270742 0.531270 -1.874432 1.923720 -0.960632 0.728554 -0.575001 -0.818933 1.222686 1.064990 -0.005548 -0.252329 -1.268196 0.350635 -0.343299 -0.434074 0.262969 -0.392525 -0.423605 -0.867563 0.245442 -0.054987 -0.679709 -1.697654 1.817846 -0.028959 -0.892767 -0.107624 0.586898 -0.556210 0.841320 -0.142335 -0.855893 -1.885760 0.477065 -1.390191 -0.589750 1.747324 0.316644 -0.736225 1.641445 -0.200897 -0.736134 0.249871 0.829589 1.432289 -0.672507 0.431770 -0.350440 0.194550 1.237722 -0.782887 -1.176678 -0.639804 0.917758 -0.066318 -0.250151 -1.546503 -0.265528 0.688339 -0.426297 0.990304 -0.929815
0.697827 0.053917 1.496527 1.112824 1.545991 0.476164 0.416060 0.454826 -1.348892 0.385775 0.090274 -0.562542 0.292541 -0.425734 -0.728332 -1.116463 2.060965 -1.412648 0.774897 0.719486 -1.333031 0.253664 -2.460251 2.064822 0.159882 0.319240 1.281462 -1.110347 -1.015575 1.098512 1.204356 0.232116 -0.622203 0.849495 0.843173 0.560869 -0.205913 -0.057850 0.777597 0.817224 -1.216582 -0.068825 -0.597478 -0.355528 0.866707 -1.723180 -0.599780 -0.214470 1.016913 -0.447324 1.097825 1.171022 0.383421 1.238580 -0.900441 -1.837686 0.944276 1.037847 -0.958089 -0.363169 0.932747 0.351134 0.061362 0.972164 -0.530067 -1.469703 0.587157 0.806600 0.842588 -0.908608 0.166886 -0.185333 -1.257963 -0.340139 0.593161 -1.492687 1.148317 -0.189049 -0.206879 0.873764 -1.068988 1.004183 2.119028 1.292789 0.214815 0.157184 0.697711 -0.813733 -0.559977 -1.099314 0.424316 0.271539 0.743029 -0.492483 -0.131216 -0.817154 -0.781392 0.227663 -0.652006 -1.394942 0.063208 0.048974 1.571671 -0.728725 1.644090 1.979125 0.803034 0.368083 0.282780 -0.934847 -1.053636 1.406529 1.180698 0.072504 -0.881791 0.017141 1.030428 -0.347379 -1.512781 -0.001892 0.044449 0.039620 0.434511 0.013808 -0.730301 -1.642600 -0.809332 -0.429036 -0.536275 -1.235198 0.709842 -0.603044 -1.536622 1.597478 -0.436674 -0.146534 0.296996 -0.446648 -0.639639 -0.461802 -0.596622 -0.635524 0.577626 -0.450935 0.642893 -0.018285 -0.036185 -0.370761 0.693757 -0.301149 0.109541 1.617766 -0.327395 0.080945 -1.173183 -0.069588 0.290387 -1.823087 0.359670 1.137239 -0.366795 -0.101980 1.133127 -0.932690 2.102046 1.788029 -1.869077 0.474377 2.758348 -1.547605 -1.040786 0.660439 -0.741019 -0.053556 -0.596594 1.005582 -0.905184 -0.767193 0.486688 2.300955 -0.209271 1.276923 0.927730 -0.757846 0.826701 -0.498027 -1.944033 -0.125524 0.336957 -0.884936 0.520140 -0.162136 0.044029 0.904589 0.812596 -0.335051 -1.486516 -1.835488 0.653151 -0.473538
0.637222 -0.765865 0.358420 0.538550 0.205765 0.192427 -0.973616 1.893005 2.322348 0.453917 1.892932 0.592469 1.528128 1.017233 -0.296463 2.279456 -0.885111 -0.095409 1.553772 0.308700 -0.226561 -0.288996 0.512927 2.073937 1.535321 -1.045431 0.722187 0.232310 -0.294411 0.219333 -0.802137 0.709975 0.464382 1.721302 -0.116700 0.170021 0.879584 0.367920 -1.098687 0.016755 -0.272375 1.176065 0.420332 -1.189731 -2.051769 -0.626996 -0.628192 0.010083 0.578398 -0.313149 -0.976606 -0.262511 1.381049 1.043182 0.962388 0.106086 -0.064487 1.441086 -1.025915 0.964752 1.483703 2.607054 -1.604911 0.102608 -0.754596 0.562684 0.444174 -1.152814 0.223602 -1.635113 2.100383 0.789046 0.246405 -0.521535 0.713348 0.282971 -1.175480 1.349163 0.814809 -0.845251 -0.853002 1.965631 -2.036409 -0.606536 -0.957376 -0.288684 0.114791 -0.433489 0.837755 -0.606677 0.599531 1.816041 -0.010106 0.383312 -0.118383 1.805845 0.747728 -0.966248 -0.404698 -0.235979 0.372501 0.410756 -0.315776 -0.172091 0.176078 0.188130 -0.607330 0.224611 -0.879748 0.084384 0.422444 -0.361281 -0.238070 0.586935 1.218629 -1.162498 -0.441214 0.499840 -0.377731 1.483621 0.456602 0.126439 -0.250873 0.089535 1.379170 0.038749 1.468746 -0.936545 -1.446872 -1.519918 -0.203003 0.195811 -0.783285 0.534655 -0.925114 -0.459652 0.247557 0.616573 2.469631 -1.014787 0.838827 1.080540 1.695369 0.809436 -0.237319 0.220538 -0.712052 -1.494524 2.008269 -0.383672 -0.393046 0.658755 0.249424 0.648167 0.364596 0.720293 0.378847 0.214062 0.470440 0.904714 -0.313873 -0.386448 -0.193749 -0.367037 0.059241 -0.273104 1.242615 2.191100 -0.327244 -0.059831 -1.396239 -0.085066 0.358532 -0.314908 0.679985 -0.142897 -0.497585 -0.780201 0.551163 -0.112157 -0.126235 0.633430 -0.180998 -2.035774 -1.904280 0.474493 0.034395 0.341758 0.815320 -0.838839 -0.688679 -0.306737 0.480083 2.402180 1.631535 1.165541 0.949995 -1.268564 -0.209914 -0.917802
0.638950 -1.800527 -0.414589 -0.973231 0.111208 0.502449 -0.060274 -0.708688 0.325407 -0.215702 0.967436 -1.679173 -1.311175 -0.372970 0.566640 -0.067391 0.996359 0.287330 0.156296 1.031476 -0.811641 1.720445 0.920704 0.474724 0.418181 -0.991520 -0.495253 -0.193223 0.714734 1.571970 -1.153347 -0.124523 0.425371 0.978123 -0.174202 0.480583 -1.823702 0.129658 0.329635 0.132547 -0.876673 0.767962 0.440186 2.084413 -1.135858 1.477989 -0.475807 -0.997785 -1.123843 0.697313 0.434209 -0.761370 1.341561 -0.231523 -0.132321 -1.353271 -0.785640 -1.840757 -0.435406 -1.361064 1.146346 0.433219 0.173636 -0.406143 0.457325 2.929565 0.158073 -0.990088 -0.727745 -0.650568 -0.438526 0.301847 -0.572259 -0.471489 -0.591201 1.761150 0.680755 0.832844 0.806188 0.436925 0.703683 -1.321994 1.158002 -0.796119 1.721018 -0.353297 0.378253 -0.689900 0.763151 -1.419125 1.665027 0.077752 0.048560 -2.314994 -0.198060 -0.242095 -0.098747 -0.926730 -0.285461 -0.152531 -0.399207 0.941406 -0.628431 0.601045 1.286254 -0.126363 0.286494 0.491774 -2.979461 0.584866 -0.305316 0.745924 -0.574912 1.859839 0.744518 -0.264330 -1.179393 -0.819357 0.281292 -1.036442 -0.264351 0.995493 0.022919 -1.158833 -0.981618 -0.684186 -0.133105 -0.475142 0.003672 0.854471 0.002490 -0.194723 -0.164718 0.762691 -0.457222 -0.601532 -0.717368 -0.101479 0.081675 -2.044024 -1.532515 0.192196 -1.182207 2.452361 -1.057038 1.028033 0.408731 1.640974 -0.618587 0.352196 0.748808 0.788219 -0.083107 -0.657846 -0.067512 -0.541628 0.263214 -1.826375 -1.742483 0.802093 -2.695062 1.897111 -0.339043 0.791932 -0.689665 0.201226 0.742986 -1.350280 -1.268016 1.016744 -0.259069 1.135864 -0.302175 -0.372648 -0.192276 0.245505 0.002239 0.081461 -2.408601 -1.902369 -0.168374 0.362144 0.010279 0.295769 0.400982 0.414072 0.885319 -0.342427 0.097380 -0.359824 -0.790638 -0.383754 0.438704 -0.251156 2.255875 2.751730 -2.125462 0.930012 0.901833 0.398488
-1.656283 0.785107 -1.226135 -1.419558 0.000781 0.077581 0.907440 1.580732 0.229431 -0.887070 0.923431 0.390940 -0.748758 1.080512 0.930268 0.017003 1.305001 -0.564836 1.451537 -0.247881 -1.319391 -1.353714 0.410145 -0.282773 -0.108080 1.214053 0.617965 0.457058 0.547422 -0.616012 -0.343854 0.883693 -1.263949 -0.998133 -1.167962 -0.760357 1.526773 0.480538 0.429731 -1.600397 -2.352941 -0.176007 1.394947 0.859681 -0.541823 -0.747082 -0.534663 1.323027 -0.252994 0.833665 -1.049025 0.609723 -0.731818 -1.063584 0.220553 -0.908270 -0.766962 -0.492044 -1.379343 2.751368 0.066731 -0.527230 1.051232 -2.070548 -0.316603 -0.623173 0.272308 -0.624787 1.453114 0.114647 -0.503007 1.176562 1.338813 0.896683 -0.157861 0.263324 -0.951204 0.461518 0.226993 0.861673 1.092709 -2.415025 -1.376012 0.568283 -1.435452 0.928610 1.821436 0.301688 0.724505 -0.439448 0.457748 0.101360 -1.356639 -1.072047 -1.735395 -0.508179 -0.243935 1.004928 -1.968229 -0.380874 0.271599 0.254384 -1.893758 1.196654 0.935145 2.115425 1.330981 0.338430 -0.440040 0.361748 0.871646 -1.171588 1.599646 -0.516133 -0.527868 -0.388231 -0.462746 -0.897723 -0.523840 0.702003 0.827635 -0.209712 -0.133607 1.522740 1.080121 0.469255 -0.720001 -0.139712 1.195469 1.120241 0.217797 -0.045849 -0.312120 -2.697494 -0.571318 0.011948 -0.340225 2.222673 -0.493562 -1.725969 0.839998 -0.946814 0.442823 -1.105869 -0.784272 -0.048885 0.682172 -2.041395 0.278473 -0.641059 0.681461 0.854360 0.115353 -0.095252 -0.360031 0.217545 0.221970 0.117411 1.100885 0.473738 -1.847078 0.905675 0.186790 -0.538744 0.331296 -2.286730 -1.204807 0.488246 -0.155467 -0.045971 -0.502973 -0.201485 1.759212 0.614140 -3.124306 -1.253648 -0.849414 -0.531801 0.382418 1.135344 -0.308580 -0.932483 0.817876 0.490564 -1.112995 0.708974 1.369204 0.126759 -0.188095 -0.998453 2.097564 0.855123 -0.480468 2.077907 -0.592129 0.274765 0.704459 0.242452 0.422960 1.316675
-2.299875 -1.126753 -0.711808 0.702726 -0.003362 0.977256 -1.832011 -0.055190 -0.004285 -0.472241 1.122730 -0.435352 1.426895 2.438517 -0.564348 -0.422235 -2.272149 -0.543197 -0.947805 1.720691 0.110204 0.663898 0.640563 -0.808571 -0.931251 -0.229248 0.868977 0.321894 0.880149 1.787021 0.700880 0.172926 1.713509 -1.478005 1.652433 -2.501012 -0.020332 -1.272327 -1.349744 -0.420192 -0.472545 0.136850 0.038631 1.137863 1.558767 0.248759 -0.815700 -2.668711 -0.391065 0.003171 -1.685627 -1.502958 -1.159848 0.732990 0.842776 0.616353 -0.856341 0.948316 0.866775 -1.399393 0.824025 0.013817 -0.597741 0.405286 1.661174 -0.019594 1.965795 0.181173 0.614509 -0.204061 -0.035637 -0.858307 -2.057709 -2.404465 -0.821958 0.978671 -0.721165 -0.788196 -1.332467 0.656750 1.384622 0.153224 -1.661163 0.784913 -0.568365 1.641397 0.029963 -0.142769 2.093218 0.829629 0.049727 0.973612 0.485386 0.524909 0.585171 -1.607000 1.560568 1.089402 -2.109845 -0.916710 -0.862986 0.045849 0.074883 -0.349565 0.668867 1.098269 -0.647605 -0.937904 0.689104 -0.122256 -0.040322 0.466474 0.383794 1.658014 -0.554879 -0.787328 1.368039 1.196794 1.046821 0.941925 0.743089 -0.570493 1.836305 -0.367317 -0.865932 0.011571 -0.585091 0.514209 1.346008 0.312516 1.843423 1.192572 -0.213571 -1.322728 -0.076715 -0.729200 -0.030771 0.195603 -0.323932 -0.889462 -0.302462 0.717753 2.597405 -0.689186 -0.774393 -1.237083 1.364785 -0.367079 -1.500759 -1.435135 -0.480013 1.535053 -0.670500 -0.578930 1.805077 0.779796 -0.252178 -0.520607 -0.408372 0.909115 -0.958268 0.415341 -1.579585 -2.414431 1.075402 -0.721121 -0.932907 0.065107 -1.120291 -0.425668 0.351491 -0.594215 0.165478 0.180655 -0.196487 1.139496 1.364767 0.426979 -0.732381 1.001611 -1.576606 -0.741085 0.303081 -1.538887 -0.094424 -0.956088 0.186511 -1.102212 -0.573819 -1.113597 1.010238 0.441544 0.101007 0.598215 1.740638 0.508371 0.828148 -0.218679 -0.051417 -1.071630
0.469539 -1.130954 0.345333 -0.360342 -1.336127 -0.342418 -0.373533 1.122003 -0.292158 -0.452765 -0.499016 -1.236814 1.447072 1.911208 -2.094669 -1.138108 0.411730 -0.675859 0.333467 -0.120626 -1.676155 2.315358 0.382054 0.866856 -1.137975 0.889625 0.398597 0.120976 1.562351 -0.125739 0.578205 0.327355 0.247726 0.202257 1.565317 0.429542 0.314138 -1.008037 -0.346033 -0.449578 1.480352 -0.693600 2.161425 -0.614094 0.360852 -1.112698 0.647697 0.733996 0.538758 -0.301209 -0.673008 -0.560772 0.680148 0.548389 0.989147 -0.294266 0.816670 -1.448431 0.494487 -2.998515 0.715291 -0.810284 -1.213284 0.357000 -0.057056 0.239434 0.155348 1.281185 -0.181349 1.040131 1.290964 -0.572545 -0.167783 0.689993 1.165289 -0.749517 0.518243 -0.413633 1.415974 0.274688 0.001693 -1.262977 0.735498 -1.971754 1.216812 0.507982 0.315050 0.447580 -1.474408 1.911462 -0.635691 1.177203 0.539985 0.278261 0.076587 -0.167461 0.619577 0.066632 -1.799056 -0.725923 -0.483539 1.272944 -0.985074 0.678989 0.363018 -1.056862 -0.577144 -2.273805 0.148716 -1.147502 0.722004 1.111471 -0.316993 -0.061237 -1.011121 -1.455768 0.269335 -1.792086 0.908272 0.840355 -1.503906 0.915971 -1.222021 -0.167992 -0.157027 1.761820 0.185980 1.001268 -1.026512 -0.495186 -0.824957 1.089831 -0.990983 0.201480 1.691505 0.474073 -0.514249 1.379676 0.686939 0.994721 0.271611 -0.386603 -3.228119 0.445722 0.916195 0.973834 0.915265 -1.841041 1.614572 1.621102 0.381743 -0.641789 0.589424 0.353451 -0.238331 0.131197 -1.081516 -0.640505 -1.864000 -0.997824 -0.899140 -1.388985 -0.971024 -0.806052 -0.435469 0.670661 -0.976539 0.407112 1.556229 1.694181 0.520458 0.694029 0.435587 -0.646369 1.086415 -0.559865 -0.214744 0.294788 0.593858 1.189640 -0.274059 0.149575 -0.608012 -0.085364 0.128072 -1.446515 -0.133795 1.460002 -0.163607 -1.078377 1.716125 -0.237660 -1.254374 -0.525185 -0.996710 0.716179 0.503200 0.181696 -1.280842 -1.190672
-0.623606 -0.666869 0.782372 -0.521725 0.792389 -0.436102 1.586667 0.955239 1.340087 0.657419 -1.245142 -0.647369 -0.618848 0.421292 -1.108781 -0.868890 0.913769 -0.138582 1.447937 1.801306 1.164079 -0.647174 -0.605463 0.274115 -0.079183 -1.036353 -0.947424 0.405840 1.391447 0.730062 -0.801285 0.356919 -0.395324 1.623883 -0.567372 0.189251 -0.710966 -0.621047 1.272267 0.769484 0.280424 -0.982419 -1.871261 0.462289 1.370183 0.634250 -1.445156 0.441681 -2.063952 -0.056171 0.019151 -0.699088 0.718708 -0.852716 0.987727 -0.726562 1.592519 -0.729047 0.381329 0.372049 -1.005193 0.541896 0.809261 -0.834580 -0.006200 -0.737900 -0.703512 -0.316775 -0.689070 1.063825 0.383446 -1.555690 -2.376803 -2.155181 -0.761377 -1.615176 0.796428 0.044637 1.762662 1.918519 0.685559 2.386632 -0.435450 0.450440 0.188542 -0.301620 -0.733060 0.363469 -1.209711 -0.404429 -0.505215 1.717796 0.284682 0.533939 0.987651 -0.151320 0.335415 0.162325 -1.578400 -0.436365 0.278715 -1.017738 -0.851860 -0.317254 1.221015 -0.594271 1.544065 0.606488 2.912138 0.193069 -0.912408 -0.996601 -0.729531 -0.640014 0.300285 -1.098300 -0.949404 0.515869 -0.907352 1.024354 -0.748840 0.607286 0.376319 0.933901 -0.195326 0.217220 -0.714452 0.022523 -1.141737 0.174117 0.360323 1.048924 -2.232388 1.810958 1.492281 2.114017 2.092938 -1.202329 0.022427 0.694266 1.235903 -1.973500 -0.965155 -0.840184 -0.178345 -0.804951 -1.238820 -0.816796 -1.312126 -1.412682 0.643310 0.408590 0.041629 1.128460 -1.586482 0.038705 1.262760 -0.306784 0.774647 -0.217106 0.420707 -0.356211 -1.670121 -2.787818 -0.593201 -1.121757 -0.748355 -1.328707 -1.503308 0.141317 0.208258 -1.184667 -1.004012 -0.377344 -0.412435 -0.966089 0.849883 0.238164 -0.099695 -0.439034 -1.470009 1.619601 -0.242937 -1.059653 0.941331 0.501229 -0.853340 0.727987 1.888985 -0.393917 0.483270 -0.897698 -0.582494 -0.633752 0.253997 1.174772 1.170077 0.362484 -0.471970 -0.655848
0.189974 0.023750 0.193741 -0.327270 0.212027 -0.126986 0.631896 1.180237 -1.804423 0.453302 0.954553 -1.544946 0.700046 1.168400 0.248304 0.238059 0.484930 -0.136632 2.653776 -0.194160 0.696240 -0.702283 0.347051 0.225143 0.093572 1.332635 -0.319948 1.449060 0.959082 1.620027 -0.986522 1.559853 -0.053289 0.134497 1.557005 -2.235014 -0.739682 0.189742 -1.296083 0.749944 1.597012 0.538930 -0.157003 1.485420 -1.345721 -1.018167 1.425539 0.409789 0.594699 -1.058736 -0.074799 1.233241 -1.666272 -0.638818 0.433828 0.075751 -0.526032 0.840076 2.082614 -0.421692 1.315865 -0.224793 1.603713 -0.839695 -1.423997 -0.455873 1.629247 -0.942585 0.239387 -1.438302 0.007334 1.053250 0.463537 1.518251 0.068517 -0.255713 1.591472 0.302124 -1.052077 0.386804 0.006012 -0.088405 1.813888 1.131153 0.167246 1.830090 0.491339 -0.815396 -0.718180 -0.309930 -1.375066 -1.858301 0.977251 0.726749 0.752442 -0.383151 0.500290 0.442305 -0.305244 -0.723854 -0.007756 -0.432732 0.440913 -2.221203 -1.175681 0.692553 -0.117577 -1.289079 0.598628 -1.856888 -0.990559 0.676305 -0.496570 -0.883860 -0.318365 0.998186 -2.957291 0.984894 -0.142749 -1.793733 0.183567 0.199829 0.756605 0.256035 -0.699450 -0.000833 0.129293 -0.389713 -0.771439 0.340161 -0.833530 1.201965 1.756264 0.144839 -0.244435 0.453204 -0.992258 -0.175998 -1.344395 0.243761 -0.037426 3.009990 0.801997 0.959613 -1.779694 -0.292201 0.511959 -0.037045 0.264285 0.241319 -1.414419 -0.169613 -0.187531 -1.121791 0.399187 0.499470 -0.313676 -0.484579 1.534341 -0.579395 -0.639810 -1.165438 0.704994 -0.375755 1.650629 0.386691 -0.385206 0.739784 3.143525 -0.025034 -1.460003 -0.185904 1.009760 0.673870 1.136785 0.067647 0.498411 -2.146499 0.010287 -0.754746 1.246663 0.545327 1.704987 -0.107262 -1.638417 1.497379 0.601928 1.479345 -0.989617 -1.067476 -1.441826 -1.771300 0.323552 1.911052 -0.578317 -0.304651 -0.917392 0.944611 1.523897 0.696425
1.211341 -0.152948 -1.935321 1.150270 0.112350 -1.600512 -0.620521 -1.236854 1.166911 -1.133311 1.558245 -0.912321 -0.127254 0.666673 -0.108176 -1.902429 1.825250 -0.140321 1.893649 0.682776 1.333637 -1.069154 -0.986396 1.765035 2.284934 -0.798384 -0.442368 0.043893 -0.169384 1.070829 0.859658 -0.865604 0.814726 -0.875642 0.670057 0.772656 -0.075640 -0.120153 0.105747 0.152389 1.238231 0.080377 -1.406393 -0.015771 -0.463119 1.680949 -0.951476 -1.173780 1.104057 -1.206086 0.039292 0.290092 -0.487900 -0.255139 -0.511156 -0.206983 0.208913 1.171040 -0.305071 1.145125 -0.362143 -1.027396 0.164792 -2.592888 0.538898 0.238866 0.599339 0.379741 0.023945 -1.299160 0.163770 0.016160 0.081096 0.613724 -0.944957 -1.067653 1.530892 -0.502759 -0.547733 -0.580650 -0.339222 -2.960403 0.853066 -0.214814 -0.506457 -0.062571 0.480572 -0.870541 -0.971973 0.879984 -0.025685 -0.034381 0.116006 0.310507 0.543701 2.489252 0.132854 -0.361878 -0.299007 -0.276007 -0.036154 0.829450 -0.805307 0.073913 -1.418560 -2.023538 -1.326628 -0.478560 0.978050 1.351095 1.004612 -0.497250 1.658395 -0.129342 -0.240995 0.795533 -0.439057 1.432681 1.391475 -1.551395 0.559348 -0.226585 0.338057 1.369373 0.373350 2.510124 1.192352 -1.380076 -0.497581 1.104918 1.344758 0.309730 0.413993 -0.444489 -0.552715 0.179489 -0.534665 0.645109 0.708427 0.440100 -0.874490 -1.694460 0.082629 -0.871734 -1.506071 -1.304862 -1.859692 1.746954 0.107345 -0.603017 -2.100168 0.696887 -0.205257 -1.943602 1.225225 0.498761 -2.398504 0.241463 0.257543 0.372577 -1.439307 -1.095405 -1.322968 0.090315 0.319676 0.409363 0.371238 1.625152 -0.123924 -0.501995 -1.252205 1.620712 0.441684 0.729846 1.212795 -0.637892 0.704320 1.023053 -0.415116 0.579573 -0.898027 1.673709 1.788777 0.755942 1.191782 -0.488127 0.840187 0.803267 0.889246 -0.740013 1.720305 1.047000 -0.191500 -0.412558 0.224561 1.639405 -1.555879 -0.215775 0.710689 0.292968
1.178400 -0.870670 1.191436 0.390694 -2.023674 -0.045070 -0.670606 -1.853358 0.782027 -0.745722 -1.394561 -1.033385 -1.093168 -1.815237 -1.025951 -1.497658 0.396437 1.682756 -0.111870 0.988184 0.366757 0.664151 0.519688 1.447752 2.213176 -0.694079 -0.252669 -0.079461 0.501484 -0.042082 1.057441 0.073847 1.245187 -1.913604 0.892233 -0.009804 1.349746 -0.553386 -0.293967 -0.266931 0.325608 0.347924 0.289520 1.595351 -0.380361 -0.922014 -0.297972 -0.101624 0.232942 -0.721791 1.149610 -0.373829 -0.358033 2.102649 1.391910 1.304592 -0.073909 -1.053953 -1.312709 0.896684 -0.921920 2.018475 0.375724 0.658700 0.379164 -2.921744 -0.606546 -0.835912 2.067993 -0.671241 -0.338001 1.709951 -0.746887 -0.086681 0.074364 -1.136926 -0.179637 -0.106385 0.060427 0.291047 1.426543 -0.596669 -1.425391 0.881012 -1.180726 -0.236906 0.933402 0.233331 0.670684 0.723970 1.531727 1.248895 0.674110 -0.101644 -1.189069 -0.139627 -1.462430 0.579910 0.389632 -0.715057 -0.658211 -0.205883 -0.194218 0.366747 -0.652445 -0.126712 -0.513529 0.838009 0.032639 -0.238148 1.005259 -1.080593 -2.378210 1.261595 0.920446 0.458760 0.571714 0.502408 -0.295694 0.157593 0.488414 -0.934919 0.921835 0.772021 -0.178082 -0.310142 -0.953426 -1.536229 0.594118 0.333585 -0.473480 0.232078 0.882498 -0.401107 1.000641 0.948997 1.069851 -1.008277 0.666098 0.546968 -0.276813 0.026032 -0.727834 -1.117193 -0.329887 1.490600 1.826222 2.078134 -2.903243 -0.034125 1.646976 0.795296 1.379453 -0.437521 0.123023 -1.132003 -0.471071 1.303245 1.500428 1.288153 -0.145787 -0.701772 -0.568876 -0.621741 0.952550 -1.654719 0.986648 -1.218797 0.054098 -0.201024 0.189441 1.359485 1.326831 -2.430174 -0.889283 -0.876172 0.156830 -0.059947 -0.049707 -0.100240 0.742276 -1.461002 -0.600118 0.744869 0.361916 -0.377527 -0.012395 -0.814218 0.948319 0.071838 -0.026771 -1.516565 -1.011672 0.159245 0.602780 -1.521964 0.507770 0.926665 0.319088 0.830376
-0.728193 -1.414237 0.775608 -0.545191 1.387408 -0.142022 -1.589153 0.813166 -3.537013 0.276195 0.909857 -0.299416 -0.378615 0.231824 -0.314076 0.051475 -1.245151 -0.541900 -0.952097 -0.252088 0.277255 0.336792 0.804248 0.425450 2.468274 -2.101789 1.205933 0.743819 -0.125237 -2.197990 -0.172659 0.154433 0.183298 0.845775 0.005422 0.456646 -0.161986 0.528973 1.988478 -1.878947 -0.034595 0.487474 0.292153 0.369040 -0.069866 0.103718 0.091279 -1.060832 -0.954791 0.261753 0.913954 -0.363703 0.570242 -0.360861 -0.261328 1.698319 1.372365 -1.253309 0.338251 0.346972 -0.196264 -0.476564 -0.916799 0.363904 -1.048561 -0.530152 -1.044546 -0.879518 -0.401775 1.268112 0.193658 -0.619936 -0.087247 0.774438 -0.192070 0.299845 0.375928 0.063474 -1.562965 -0.425558 -1.377134 0.019573 -0.823905 -3.305052 0.425112 -0.790427 -0.272997 -0.179540 1.665159 -1.624866 -0.132267 -0.249191 -1.383594 0.998979 0.739026 -0.077171 -0.909408 -0.487430 1.028442 1.415506 0.233631 0.569004 -0.240082 -0.659269 0.623399 -0.139038 -0.204229 -1.257856 1.304063 0.421619 1.010026 0.699171 0.369882 -0.412208 1.504573 -0.077256 1.390129 0.051291 2.524062 -0.426052 -1.425133 0.236043 1.440791 -1.094094 -1.618626 -0.484059 0.344418 0.998506 -0.225306 0.046128 -1.329894 0.446085 1.570562 0.415099 -1.302029 0.120065 -2.187540 -1.426824 -1.072740 0.393308 -0.530129 0.175814 -1.005191 -1.073582 -0.751123 -0.254729 1.960787 -1.521413 0.673541 0.405770 -0.599658 -0.315769 -1.041183 -0.446370 0.577551 -0.925996 1.307241 -0.805784 0.041078 -0.048264 -0.418981 0.896164 -0.279538 -0.410421 -0.760956 -0.168809 0.537548 -1.402878 0.684836 -0.240579 1.558511 -0.755326 -0.932657 -1.748685 -0.240672 -0.140398 -0.675059 0.332890 0.305134 0.279988 -0.758435 0.622346 -1.361744 0.596292 0.308673 0.731586 -0.978419 1.377178 -0.382233 1.200698 0.238961 0.587360 -1.418337 -0.849785 0.427516 0.945571 1.494184 -0.421560 -0.416053 1.043295
-0.858665 0.009424 2.214161 1.079010 0.469423 -0.460638 0.349880 -0.113557 1.890681 -1.169926 -0.572793 -0.746020 -1.051131 -1.437946 0.958991 2.354611 0.112720 -0.535241 -0.072920 -0.290487 -1.049904 0.389772 -1.460446 0.022047 -0.679630 0.966231 1.269301 0.958477 -0.206030 -0.160744 1.584400 -2.033765 0.820334 -0.554057 -0.582509 1.535163 -0.077037 -2.540455 -1.689954 -0.407680 -1.728889 0.228471 -0.742441 0.949996 1.931995 -0.282975 -0.135928 1.614573 0.320507 1.116301 1.353815 -0.892406 0.147160 -0.369850 0.202637 0.092775 -2.199024 -1.306272 -1.289408 0.228856 0.135558 1.881896 -0.127515 0.476206 -0.568142 -1.371347 -0.669788 2.065395 1.000656 0.715753 0.193833 0.119813 -0.840414 1.513153 2.043261 -0.901989 0.659448 -0.754412 -0.810412 -1.905934 0.209611 -0.168170 -0.361883 1.651048 -1.281555 0.030484 0.325166 0.712060 -0.069164 -0.098563 -1.418560 -0.625777 1.621286 0.474283 1.303541 -1.214219 -0.818954 1.141564 0.579505 1.155837 -0.233528 1.130029 2.736024 2.252757 -0.872204 -0.449851 -0.507862 -0.129404 0.182453 0.030303 -0.772961 -0.046192 -0.349802 -1.123906 -0.700048 1.067118 0.739521 1.020828 -0.606931 0.562517 0.468432 0.766172 0.369836 -0.087393 -0.535532 -1.109492 2.414248 0.241012 0.885838 0.716346 -0.111438 -1.584711 0.083443 -0.293489 -0.402680 0.031221 0.830779 -1.013571 -0.086676 -0.565743 0.768078 1.539099 1.020192 -0.271503 -0.747495 -1.226544 -1.364763 0.506359 0.101636 -1.005821 -2.332775 -1.299448 0.842770 0.424816 0.543921 2.403829 1.557578 -1.161102 -0.028470 -0.159462 0.837639 -0.404974 -1.175515 0.079649 0.392597 0.368435 -1.554591 0.302990 0.259858 0.062870 0.474584 -2.235645 0.392770 0.369182 0.592135 -0.353144 -0.531241 1.138473 -0.834970 -0.796651 -0.525881 -0.943549 -0.285807 0.328655 0.172226 1.062920 -0.515830 0.939652 1.759455 -1.383711 -0.060545 -0.217215 0.682130 0.015764 -1.052313 -0.154411 1.008610 0.373399 -0.495015 -1.033794
-1.861412 -0.567270 -0.694112 0.092978 -1.937914 0.022386 -0.242076 -0.549243 0.087349 0.028368 1.211538 0.185026 0.296355 1.367096 0.102093 0.188372 -0.434661 0.085725 -1.274568 0.121900 0.552711 0.138171 0.962082 -0.562513 -1.020701 0.681886 0.044203 -0.639135 0.573672 0.491742 -1.326037 -0.223772 0.456715 1.412779 1.369612 0.583329 -2.225343 0.257231 -1.171141 1.608501 0.982324 -0.275241 1.005005 0.572206 0.177358 -0.567225 1.505549 -0.574926 -0.041877 0.153089 -1.035131 0.402461 -0.840969 -2.323389 -1.281256 -0.544892 -0.876654 -1.115569 1.903722 -1.444314 0.319573 0.858824 0.293169 0.683482 -0.515139 -0.736687 0.283654 -2.265099 -0.820131 1.790529 -1.428581 -0.407458 -0.103341 -1.264858 -0.245362 -1.581380 1.219898 0.288723 -1.256197 0.525832 -0.668899 0.258860 -0.147215 0.245429 0.416368 0.822408 0.740049 0.721343 0.535234 0.938892 0.433026 0.477687 -1.201699 0.515933 0.691910 -1.177485 0.685988 0.225839 0.091651 -0.872739 -1.478984 0.291837 1.056444 0.291247 -0.152937 0.389808 -0.634951 0.933391 0.743122 0.074514 -2.703291 -0.097987 -0.289606 -1.731345 0.288432 0.104909 0.408572 -0.524029 -1.122591 -1.623137 -0.476993 1.325488 -1.822864 0.298965 -0.155922 -2.228846 -0.534145 0.023404 -1.529359 -0.321526 -1.178688 -0.191290 -0.596449 -0.668763 0.164221 0.311660 2.341470 0.425506 0.528214 -0.020255 0.138652 -0.576930 -0.866117 0.946407 -2.655539 2.260723 -1.696626 0.708190 -1.909444 1.506908 -0.351964 2.096904 -0.458552 0.494976 -0.047602 0.726459 -0.495078 -0.916876 -1.381034 0.177334 -0.883295 -0.914338 0.771287 -0.509128 0.016226 -0.273173 2.469607 -0.709075 -0.335766 0.323768 0.895493 1.050220 -1.018926 -2.338430 -0.304029 1.538215 -1.561126 -0.533844 1.251333 -0.390157 0.029703 0.712608 0.409555 0.068597 0.063914 -0.483931 1.373122 -3.040712 0.358052 0.427903 -1.101147 -1.340275 -1.236838 -0.081166 -2.298085 0.242452 -0.415322 0.834889 0.219537 -0.547908
-2.738729 0.222985 0.339873 0.557559 -0.317642 -0.571746 -1.627655 -0.154635 -0.547573 0.203292 0.656523 0.379532 -0.589181 -1.276643 -1.157423 -0.073066 -0.070612 0.399005 0.084903 0.016169 -0.116824 0.820301 0.002004 0.506189 -1.898926 0.238505 -0.495238 -1.505943 0.834478 0.681466 -1.305589 -0.312617 0.036165 -0.179188 2.058940 -1.234271 0.536132 0.842921 0.667002 -2.361417 0.875882 -0.573213 -0.447620 -0.638472 -0.058521 0.070732 -0.494260 0.708959 -0.817176 -0.437245 -0.820769 0.348726 -0.114202 0.935573 -0.891214 -1.459559 0.420729 0.592399 -1.671696 0.025964 0.145441 1.373018 -1.460309 -1.136577 0.864378 -0.522635 0.648683 -0.995456 -0.961992 0.422265 2.513819 -0.138170 -1.548415 -2.222966 1.017124 -0.078102 0.208195 -1.199013 -1.705363 1.318253 2.557553 -0.565736 -1.048060 -0.519577 0.821380 -0.901251 1.339455 -0.887335 0.470184 -1.050888 -2.600187 1.106021 0.010434 -1.287932 -0.033556 -0.209793 1.798103 0.387565 0.314870 -2.185262 -0.425901 -0.532285 -0.733529 -0.352260 0.988854 -0.025527 0.266514 0.990550 0.063528 -1.317554 -1.104932 -2.372550 -0.519169 1.775606 -0.812582 -0.876505 -0.385652 1.535178 0.401202 -0.177027 0.765560 0.035318 0.964516 -0.623098 0.659463 -0.288334 -0.446649 1.907913 0.478752 -0.510271 -1.219075 0.612727 1.311479 0.687800 -0.583526 0.433634 0.005463 0.041134 0.842262 0.681982 -0.241308 -0.445551 0.332819 -0.281668 -1.018603 -1.097080 1.627696 -0.441387 -2.472755 -0.042514 -0.823507 -0.071387 -0.087957 0.409147 -1.650421 -0.047984 0.515431 0.207851 -0.791376 1.480430 1.425843 -0.963139 -0.668557 -0.281268 1.224384 1.491962 -1.149931 -0.521175 0.228168 -0.190075 -1.136737 -0.193279 1.584082 -1.566334 -0.932641 0.066289 -0.925895 0.036904 0.397998 1.140386 2.220324 0.631079 1.311594 -0.741160 0.608761 -0.961158 0.800950 -0.914449 0.239340 -0.322210 0.811002 0.647075 -0.076046 -0.517756 -0.513330 -0.070405 0.940916 -0.832795 2.598256 0.919076
0.700212 0.110662 0.776159 0.559391 0.893049 -0.369439 -0.638137 -1.349957 0.364134 -0.932710 -0.664367 -0.630739 0.667622 0.659137 1.071183 -0.170466 -0.392507 -0.827826 -1.208252 -0.930507 0.221745 -1.236517 -0.348009 -1.329017 2.148992 0.021181 -0.028463 0.695962 0.391127 0.103467 -1.438450 -0.277949 -0.811967 -0.939778 -0.374752 -1.089132 -1.073908 0.342608 1.197311 -0.346450 1.295554 0.273088 2.583258 -1.273052 -0.022339 -0.283643 -0.072049 0.395573 -0.227371 -0.562667 1.111220 0.340373 0.659666 0.586186 0.992197 -1.792219 -0.363447 -0.643934 -1.747278 1.546686 -0.831121 -0.954046 0.755042 -0.152790 1.953210 -0.574366 0.180644 2.071310 -0.701548 -1.455864 -0.891629 -0.539002 1.181437 -1.654614 -0.594080 -0.480158 0.310961 0.020041 0.918374 -1.523571 1.466430 0.023117 -2.062254 0.476410 -0.642067 -2.009384 0.034031 -0.527749 -1.069394 -1.506682 -2.507203 0.015298 0.293374 -0.298711 1.948931 0.039977 1.946182 -0.449430 -2.002007 0.363569 0.425587 0.082764 -0.578378 0.159144 1.556945 -0.482705 -0.214534 0.343612 -1.059852 0.272891 -1.214771 1.608801 1.277949 1.153970 1.268244 1.146607 0.049609 0.865657 0.749523 0.078332 -1.072457 -0.086929 1.329152 -0.971547 -0.171209 -0.697482 0.002225 1.954658 -0.976068 -0.623311 1.065044 -0.413642 -1.828716 -0.157739 0.018731 0.361212 -1.268788 0.006309 2.495811 -0.547292 -0.504513 0.368507 1.071610 0.116308 -0.312917 -1.518391 -0.365031 1.373258 -0.610166 -0.968980 -0.800143 -0.465598 -1.221435 -0.394430 1.753188 0.728021 -1.951140 0.190439 1.356930 -0.388189 0.615454 1.285626 1.379205 -0.061732 -0.016614 -0.802450 0.591185 0.633327 -0.289967 0.353672 0.101951 -0.044034 -0.851041 -0.147896 -1.316456 -1.912356 -1.015562 -1.036122 -0.918075 1.214716 -0.929255 1.274364 -0.689771 0.323853 -0.074750 0.338885 0.324982 -0.035978 -2.353810 -0.872228 1.508613 -0.376641 -2.540945 1.273243 0.669438 0.158051 -0.248923 -1.331938 -1.220908 1.058735
0.259460 0.339358 1.030177 -0.136453 -0.196960 0.005529 -0.595719 0.223634 -0.837931 -0.545376 -0.597089 0.527592 -1.014435 -0.084583 0.453711 -0.118579 -0.321945 -1.812480 0.635814 -0.019447 0.355810 0.913575 0.997481 0.180207 -0.243145 -0.841553 -0.101270 -0.967497 -0.201944 -1.642380 0.523215 0.395505 0.318325 -0.113522 1.662279 -1.025245 1.010909 -1.109443 -0.423480 1.654838 0.337762 -0.275847 -0.686578 -2.228820 -0.311288 -0.032256 -0.084477 0.356490 0.177008 -0.481632 -0.121812 1.077325 -0.887064 0.404631 0.660719 -0.243440 -0.729349 -0.363878 0.821213 0.297964 1.117522 0.782984 0.586264 -1.563710 -0.645479 -1.232252 -0.784771 0.416024 -1.567731 0.122883 -0.212518 0.319043 0.049799 -0.573035 0.532429 1.860469 -0.824717 0.147135 -0.424818 -0.676802 -1.459332 0.825731 0.936476 0.487404 -0.857490 -0.843187 -0.612266 0.510413 -0.778988 0.464620 0.747291 0.668507 -0.118592 0.987119 2.390603 -0.359476 1.319832 -1.438539 0.220310 -0.687025 0.180565 -0.015805 0.982525 0.967504 1.179726 -0.457804 -1.096330 0.328461 0.394498 0.857947 0.153872 -1.326669 -1.167067 0.206997 0.843171 -0.803562 -0.501279 2.220249 -1.145314 -1.469555 -1.650728 0.842138 2.768564 0.419404 0.920709 1.003123 1.220335 -0.992807 0.219352 0.584146 -0.394895 0.608741 1.316269 0.677883 2.093274 -0.624090 -0.407310 -0.579631 0.288326 -0.648864 0.937551 0.383713 -0.825069 -0.510028 0.217727 -0.756280 0.590354 -0.753307 0.857196 0.848607 -0.690496 -0.483813 -0.931483 -1.719197 0.772312 0.974636 -2.194651 -0.826479 1.796174 0.883624 -0.027371 1.227782 1.414574 0.203190 0.727795 -1.769268 -0.269070 -0.327418 0.548518 -1.604425 0.277801 -0.069601 0.393988 0.546326 0.513419 0.461077 -1.424566 0.984111 0.833808 1.813173 0.527078 0.188200 0.987952 -0.700618 -1.124630 -0.783608 0.120966 0.709567 -0.938627 1.115803 0.715281 -0.111120 0.863609 0.160353 -0.636615 1.268297 1.336843 0.463684 -0.597021 0.132522
-1.083560 -0.181233 0.134578 0.237884 -0.036501 0.420324 0.840435 -0.637360 0.529374 -0.621860 -1.146610 0.583939 0.481640 0.533317 -2.398038 0.769551 -1.368796 -0.505697 0.062939 -1.180426 1.056646 2.124499 1.183660 0.878841 -0.298430 0.516924 1.356393 -0.138412 0.909437 0.246911 -0.102289 1.194493 -1.017582 -0.123631 1.332492 1.672533 0.938731 0.132182 0.954361 1.528715 -0.404440 -1.183244 1.197307 0.925713 -0.304889 -0.730824 2.195819 -0.617581 0.517534 -0.809241 -0.809455 0.143979 -0.447383 0.601518 -0.593997 -0.945468 -1.663217 0.203184 -1.509315 0.386398 0.064902 0.307234 0.625573 1.495959 -0.096591 -0.224965 -1.477224 -0.166907 0.464584 -0.475971 -0.983288 -2.268260 -0.100112 1.786874 2.511085 1.126968 1.324090 0.172759 -0.008324 -0.629375 -1.391436 0.470466 -1.410131 0.784123 -1.130147 0.053232 -0.780600 1.104353 0.742477 0.123477 -0.904201 0.997785 -0.984434 -0.481285 -0.261131 -0.414854 -1.442147 -0.581304 -1.282268 0.090206 0.017217 -0.334356 1.097802 -1.169389 0.628666 0.404424 -1.123463 -0.132214 -0.049195 -0.371159 0.218347 1.156211 -0.561218 0.620570 -2.187331 -1.226054 0.378204 -0.168077 1.512570 0.604283 -0.007677 0.088997 1.308801 0.043181 0.770557 0.666063 -0.098223 1.408895 -0.676846 -0.664305 -1.499704 0.971921 -0.509487 0.875168 -1.275433 -3.111471 0.643669 0.245292 0.847145 -0.114052 -0.339539 0.798837 -0.202023 -0.431918 -0.920486 -0.776863 -1.017593 0.449844 0.262759 -0.520914 1.077109 -0.841096 1.023625 1.362631 0.889658 0.852640 -0.780865 1.229920 -0.246802 0.942981 1.596179 -1.623654 -1.733394 -0.196349 -1.109498 0.822397 0.337662 0.638469 0.528709 1.094334 1.082137 1.024524 1.441798 -3.778567 -0.259754 0.704972 -1.344571 0.021992 0.402086 -1.452160 1.037841 -0.628235 1.294139 0.440662 -1.378504 0.192134 0.082931 -2.965079 -0.183486 -1.339500 2.801962 -0.572076 0.234708 -1.756846 -0.245182 -0.049228 -0.946372 0.997484 -0.529106 -2.291264
-2.138244 -0.870568 0.477223 0.291231 -0.485736 -0.525540 0.031433 0.508785 -0.269667 0.014552 1.353954 1.078058 -2.395528 -0.730537 1.082977 0.069195 0.682254 1.148578 0.266503 -0.538429 -1.201648 1.438071 0.405292 0.010064 -1.404815 -1.703411 -0.473674 0.731594 1.113856 -0.053585 0.913383 0.401097 -1.555271 -0.878532 -0.927359 -0.887151 1.243091 0.653177 -0.612819 -0.421121 0.064178 0.003252 -0.607514 -0.018713 0.371808 -1.010092 -0.205045 0.561123 1.605200 -0.455779 0.504244 0.886074 -1.254731 2.639914 0.338685 -0.978974 -0.159817 -0.460879 0.006843 -0.096798 0.271687 1.881656 0.550293 0.535750 0.545844 -0.544902 0.590650 -0.581380 0.355027 0.287206 -0.067897 0.369578 -1.124464 -1.234729 -0.612847 -0.767081 0.765015 1.637869 0.025930 -0.673782 -0.887379 -1.421579 0.493966 1.248647 -0.876188 -0.041906 0.621902 1.164777 0.121079 -1.070830 0.321420 -0.613061 -0.335308 0.149480 -1.250732 1.205692 0.583441 -1.503953 0.483722 -1.703483 -0.997354 -1.405178 -0.082649 0.135878 0.689939 -0.539420 -0.324131 -1.265217 0.573701 -0.897687 0.869460 1.358358 0.489911 -1.577642 -1.683847 0.188040 -1.362809 0.305889 -0.344764 -1.837040 1.135034 0.508346 -0.754045 0.977180 -0.109681 0.118789 1.080619 0.829079 0.897158 2.436513 -1.471353 1.489686 0.457413 0.217379 -0.657817 -0.789551 -0.509204 -2.888929 -0.155516 3.130134 0.036414 1.911421 -0.568100 -0.228488 0.319086 -0.231166 -1.400882 -1.496277 -2.037292 -0.456311 0.153920 0.708627 0.232452 0.107869 -1.021576 0.651184 0.377033 -1.141115 0.431710 -1.592026 0.506493 0.388046 -0.190311 0.843768 -2.134535 -0.311286 -0.210653 -0.432007 0.217905 0.100891 -0.750472 -0.594061 0.327488 0.410277 -0.263863 0.558694 -0.997446 -1.680688 1.881827 0.412118 0.780959 0.521104 0.705876 1.355428 -0.113610 -0.730584 0.347453 -0.659966 -0.085087 0.653774 -0.146200 1.345945 -1.912339 -1.728081 0.649189 1.382374 -0.772679 -0.017156 -0.658018 -0.712763
-0.948269 -0.816176 0.541722 0.030996 0.048725 0.512765 0.160018 0.186102 -0.997443 0.170030 -0.940867 -0.556396 0.762046 -0.665438 -1.313967 -1.201696 0.384630 -1.515783 0.669452 1.115292 -1.057976 1.559645 0.376275 -0.939782 -0.302783 0.372324 0.285125 0.164661 -0.219323 -1.826167 0.891454 -0.462740 2.212080 -0.313414 -0.222756 -0.333702 1.278365 0.125627 0.645038 -1.032583 -0.340667 0.313724 0.642707 -2.287113 1.790521 -1.358333 -0.962212 -0.105204 0.424600 1.696132 -0.883953 -0.668010 -1.139706 -1.704969 -1.442070 0.147144 1.424933 1.154700 -0.447359 -1.266139 -0.837337 0.054500 0.845942 -0.753686 -0.638653 -0.482771 -0.466039 -0.161092 -0.220285 -1.496267 -0.454335 -0.954475 0.496842 1.060818 -0.607574 1.092647 0.359146 0.316181 0.442632 0.326825 0.710646 1.592685 0.181590 -0.364969 -0.889136 0.608951 0.991680 -2.419019 0.426421 -1.625855 -1.570536 -1.057307 -0.641861 -0.108240 -0.247075 -2.412294 0.201297 2.936134 0.967359 0.177511 0.848044 -0.464220 -0.865062 -0.700160 -0.764936 -1.186058 1.237559 -0.633019 0.057635 -1.569519 -1.623761 -0.968631 1.577776 0.804654 -0.779581 -0.273945 0.808186 0.033070 1.169481 -0.203996 0.420592 0.662638 -0.642978 0.826667 -0.688399 1.639241 -0.115642 1.100174 0.737617 0.206484 -0.551739 -0.767806 -0.158259 -0.232975 0.250166 -1.652987 -0.018623 0.351103 0.304095 -1.295895 -1.519227 -1.503543 1.297845 0.269964 1.678928 -0.142061 -0.307029 -1.120027 -0.951858 -0.724424 0.400067 0.592993 2.198550 0.609373 -0.845685 0.583260 -0.424419 -0.339512 -0.153833 -0.158339 0.760366 0.345520 -0.559451 1.729224 1.285243 -0.923871 -0.165745 -2.124486 0.362694 0.447818 1.087817 3.456774 0.984777 -1.754384 0.344851 0.294080 -1.046571 -0.480776 1.068572 0.500154 -0.008822 -0.627960 -1.101636 0.021001 0.415599 -0.244553 0.039359 0.436567 -2.171550 0.044178 0.727698 -0.539244 0.002212 -0.293231 -0.751181 -0.097348 -0.037609 0.603982 1.185407 -1.005174
-1.394060 -0.460873 0.656005 -0.799591 0.667722 1.667835 1.539390 -1.618662 2.831425 1.106719 0.015722 1.358043 -1.009351 -0.037022 -0.226011 0.769612 -0.748474 -1.852361 0.518024 -1.201197 -0.362080 -0.486548 -1.976934 -0.075088 0.492036 -0.169018 -1.193181 -0.695686 -0.639055 0.272383 0.255391 0.561827 0.706965 -0.170921 0.078295 -0.430913 -0.173140 -0.596543 1.101321 0.019282 0.480734 -0.847533 0.988185 -0.133612 -0.093748 0.504843 1.337383 -0.655959 0.548884 -1.086431 0.831790 -0.029004 0.307379 0.545793 0.390108 1.265820 -0.123494 0.989537 -0.184384 -1.016670 0.322797 2.123174 0.681036 0.149604 -0.154697 -0.166695 -0.170164 -0.444440 1.034069 0.278409 0.352616 1.332028 0.246277 2.208232 -0.636886 1.032153 0.393500 -0.173842 0.072559 0.645157 0.635208 0.893612 0.219735 -0.531511 -0.101873 -1.840294 0.475140 -0.013024 -0.165235 -0.114155 -0.604651 0.213177 0.526280 0.753886 2.127242 -1.188428 -1.646338 0.746869 1.627604 -0.399260 -0.277385 -1.133281 -2.198398 1.721792 -1.259132 -1.716259 -0.678152 -0.571230 0.620961 -0.549784 -0.278627 1.513367 -0.834658 1.187924 -0.759290 -1.022914 0.668314 1.401679 -1.087027 1.405901 0.588198 -0.386512 -0.324040 0.943525 0.293944 -0.167755 0.514843 1.146053 0.927229 0.244648 -0.281218 -0.283943 -0.670062 -0.372607 -1.041182 -2.218851 0.885952 2.354481 -1.481577 -0.550929 1.931409 -0.169675 -0.890296 0.921146 0.714305 -1.237795 -0.783482 -0.242548 0.505809 -0.078226 0.150134 0.175658 -0.627141 -0.651742 0.220284 0.274550 1.544758 -0.020297 -1.656859 1.829432 0.225368 -0.041325 -0.277315 0.446704 0.103125 0.200556 -0.163640 0.100855 -0.135681 0.671661 0.180187 0.012016 -2.036985 -0.257122 1.472621 1.524744 0.495201 2.195737 -1.030607 0.356152 1.677025 0.213072 0.685294 -0.185398 0.223688 0.806532 0.658454 0.145887 0.033027 -0.900071 -0.254568 -0.226474 -0.552027 -0.255795 0.429316 -0.961819 0.342410 0.183991 1.137262 -0.108251
-0.330565 0.983185 -1.900820 0.901421 1.152799 1.786364 1.505402 -1.077912 -0.502319 -1.257281 0.399342 -0.202063 -0.123927 -0.006222 -1.032422 0.736750 2.274909 1.940569 1.001846 -0.367828 -0.353965 -0.093626 -0.245625 -0.207872 -0.040025 -0.350549 -0.802826 -0.840287 -0.574877 0.153747 -0.338312 -1.148796 -0.394927 -0.152204 -0.093006 0.698585 0.922754 -0.261904 -0.179222 0.546161 0.934683 0.399932 0.366290 -0.359091 0.879135 0.523176 -0.800077 0.779153 0.550957 0.544493 0.742371 -0.005135 -1.261672 -1.807648 -0.248253 0.429052 -0.895315 0.817202 -0.159990 0.385890 1.370572 -0.613378 0.770465 -0.690107 0.258149 -0.692327 -0.912243 -0.998053 0.703794 0.463422 1.953939 0.351769 -0.312739 -1.385023 1.725737 -0.912326 -0.562513 -0.580147 -0.815471 -0.964022 0.211591 -1.893517 1.417520 -0.001543 -1.440044 0.600797 0.020312 -2.738344 0.210563 -0.266906 -2.036152 -0.756799 0.492482 -1.145061 0.477278 -0.677750 0.268028 0.045133 1.514376 0.140608 -0.321975 -0.188337 -0.208397 0.961601 1.328405 0.544864 -1.372914 0.928930 -0.939858 1.226030 0.039840 -2.590941 -0.549255 -1.129134 -0.329773 -1.068301 -0.918765 -2.976073 -1.004559 -0.942802 0.075535 -0.359755 1.296741 0.406157 0.771436 0.370871 0.580028 2.332709 0.331332 -1.200871 -0.015049 -0.554639 -1.770134 -2.165787 1.063999 -0.529275 0.119273 0.763930 -1.001553 -0.047282 0.021885 1.532426 -0.671403 0.731505 1.030702 2.642626 -0.281636 0.615688 0.549048 1.101320 -1.602734 -2.339895 -1.305811 -0.687274 0.062687 1.956801 0.747852 -0.220962 -1.270048 0.479047 1.525378 0.104124 0.307661 -0.677765 0.028552 1.342532 0.464134 0.378621 1.103892 0.032803 -0.196407 -2.918712 0.912780 -0.206328 0.287493 -1.089458 0.041442 0.671195 0.004014 1.378840 -1.758409 -1.005828 0.162559 -1.921120 0.406366 -0.340256 -1.713198 0.966089 1.149446 -1.344393 -0.627356 -0.279371 -0.177673 0.321380 0.463025 -1.180432 0.174841 0.301993 -0.620063 0.292328
0.649151 -0.207501 0.995907 0.468135 -0.615069 0.845638 0.971831 1.925447 0.159273 0.633067 1.184985 1.852352 -0.243502 -1.246248 0.077201 0.948082 -0.307842 -0.909751 0.574512 0.057466 1.409720 0.791890 1.292652 -0.527292 -1.994000 0.777661 0.279463 0.359717 -0.216409 0.811836 -0.418778 -0.344014 0.316498 0.561525 0.422562 1.066754 0.219494 -0.248157 0.757868 -1.193082 0.546295 0.353103 -0.534316 1.321407 2.209125 0.440039 -0.000614 0.646150 -0.312213 -0.933583 -0.969113 1.121313 -0.841151 -0.715712 1.029910 -1.231799 -1.380752 2.501250 0.902279 1.056725 -0.997791 -0.333055 0.521552 1.035133 0.755815 1.462773 1.139313 -0.322602 1.777272 0.953046 0.133001 -0.880041 -0.609313 -1.196433 1.951922 -0.275255 1.157691 0.976979 -0.976070 2.054923 -0.013184 -1.040848 -1.364360 1.665636 0.184311 -0.589079 0.576328 0.315556 0.317418 -0.685276 0.197942 -1.147045 0.449196 0.580960 0.903107 0.040329 0.553323 -1.800677 1.256947 2.307500 0.093984 -0.649553 0.466114 -1.436552 0.706705 0.979330 0.014306 0.403335 0.699910 0.082944 0.116086 -0.925165 -0.949141 0.721238 -0.146836 -0.796694 -1.029888 -1.111290 1.124648 -0.077429 -1.215898 -0.555709 -0.408644 1.889268 1.343072 -1.322640 -0.949730 -0.660866 -0.809371 -1.041180 -0.896118 0.567617 1.113243 0.548514 0.598804 0.023610 3.175253 -0.226081 1.763356 -0.564141 -2.815789 -0.608052 1.747643 -1.057809 -0.315238 0.179170 -0.481372 -0.436064 -0.630897 -0.001770 -2.242722 -0.424506 -0.514942 1.436201 -1.464010 -0.725907 -0.373085 -0.297130 0.433444 0.573698 1.522929 0.881208 -1.784001 -0.443324 1.560576 -0.360738 1.263883 -0.938839 -0.988928 0.667315 0.009651 0.097610 -0.616367 -0.536057 -0.135242 -1.944799 -0.359144 -0.634963 -2.029473 1.120929 0.039095 -0.220179 0.055706 -0.011843 -2.044791 -0.114369 0.171960 1.490307 0.034028 -2.186408 0.195009 0.028850 -0.838398 0.619959 0.126415 1.022439 -0.200678 -0.076773 0.164434 -1.909499
-0.630416 -0.086399 2.257462 0.907221 -0.724020 1.678896 0.961181 -1.969166 -0.060349 -1.362679 0.039347 0.114075 0.253723 -1.578440 1.451744 2.351361 0.691284 0.439466 -0.431454 -0.970834 1.049996 -0.959068 0.626562 0.130703 -0.077266 -1.389891 0.434968 0.012792 -2.321363 0.704519 -0.022673 -1.403892 0.285454 -1.322489 -0.430546 -0.173246 -0.642643 1.373703 -0.765965 0.681877 -0.620063 -1.443742 0.772494 0.799327 -0.141972 0.016542 -1.816122 0.314287 -1.432009 -0.666282 -0.378846 -0.862317 -0.622780 1.167978 -0.488912 -0.054202 -0.844641 0.362441 -1.842431 -0.976387 1.195571 -1.374987 1.690344 -0.643500 -1.134394 0.177662 -0.185804 0.032266 2.266791 -0.447421 1.426178 -0.058772 0.150562 0.099725 -1.150557 1.055957 0.130849 -1.288011 -0.236650 0.229395 -0.721698 1.515908 0.317080 0.687709 1.099904 1.042045 0.811480 0.536448 -1.725252 -1.498981 -0.057217 0.000301 0.278858 -0.768687 -1.141840 -1.544570 0.460306 -0.010146 -1.760180 -0.340223 0.332729 0.891379 1.018609 0.252601 -0.490247 -1.356197 -0.355555 0.228089 0.176156 -0.537648 0.778978 -0.506460 1.130147 0.680608 0.439231 0.416341 -1.449030 -0.698232 0.035283 0.206044 0.445836 0.609406 -1.120368 1.870770 -0.519308 1.493160 0.122097 0.659487 -0.070082 0.057289 -0.730896 1.704698 0.434456 -1.057018 -0.823662 0.201227 -0.162472 0.479842 0.598225 -0.415116 -0.345630 0.273516 0.042213 0.919845 0.906199 -1.094634 -0.312575 -1.002847 -0.979017 -0.749884 -0.298150 -0.758175 -2.023213 -0.985958 -0.017730 1.193305 -0.780527 -1.055001 -0.727485 0.958941 -0.323314 0.483297 0.219615 -0.676840 -0.078357 -2.259814 -0.287708 0.639603 -1.207508 -0.077592 -1.092379 -0.521378 -0.173555 -0.085307 0.085155 -1.618208 0.213179 0.884916 0.060842 -0.478919 -1.147816 -0.279666 1.197571 0.341567 1.159052 -1.811793 -1.495144 -0.924231 0.040204 0.047619 1.121547 0.499455 -0.082851 0.419066 0.203863 0.605028 0.755495 0.150447 -0.019844 0.428967
-0.463214 1.916642 -0.298570 -0.567651 0.464466 0.785984 0.364512 1.994490 -0.960146 -0.341401 1.249888 -0.078366 1.639878 -2.296141 1.638297 1.430057 0.694947 0.708711 1.413892 0.481583 0.394057 1.645849 -0.466282 -0.166912 -1.260276 0.890226 -0.103154 0.470341 0.473280 -0.147450 -0.536601 0.134074 2.074832 -0.848083 1.463016 -0.078191 1.521982 -0.558906 -0.756848 -1.964180 0.667018 -0.606738 1.205189 -0.713525 0.465344 -0.107364 1.106264 1.054811 -1.756945 -1.279573 -0.470375 -0.654117 0.580997 -0.835797 0.613537 -0.664841 -0.157844 0.113750 0.492305 -0.479913 1.285005 -1.771604 0.543620 1.612189 -0.348908 -1.844826 -1.205570 -1.625180 -0.558853 -0.990495 2.449352 0.838109 -0.841978 1.063126 1.849338 -0.451178 -0.288861 -0.181020 -0.555337 0.436540 0.425736 -0.390469 -0.818628 0.174036 -0.506232 1.553568 -0.802160 0.418364 -0.069797 0.516483 -1.411373 1.105526 -0.676975 -0.199419 -0.275565 -0.769991 0.412918 -0.904042 0.121370 -0.674010 -0.880522 -1.222450 0.875978 1.015934 -3.369499 -0.467983 0.196010 -0.234559 -0.999007 0.033579 1.661234 -0.124203 -0.110376 1.447340 -1.451081 0.722171 0.241369 0.880803 -1.707261 -0.971663 -1.599444 0.838094 -1.559291 0.205850 -1.600204 0.074459 -0.679313 0.301692 -0.433521 -0.137767 0.344909 1.920289 -0.557982 -0.600006 0.573274 -1.751452 1.409232 -1.382064 0.121363 0.669552 0.776489 -0.501448 -0.166176 0.111950 1.234624 -1.133810 0.982920 -0.869575 -1.787048 -0.476855 0.890552 -1.307030 -0.463386 -1.192522 -0.805804 1.120040 -0.399125 2.004604 -0.935648 0.199565 0.183765 0.942674 0.432626 -0.174125 1.302052 -0.649236 -0.111552 -0.787595 1.409636 -0.099848 -0.501613 1.245664 -3.028478 0.163519 -1.001763 -0.025137 1.517689 -0.675905 -0.585361 -1.852343 -2.088013 -1.345079 0.725000 -0.027392 0.667812 -2.746899 3.104918 -0.839527 -1.017073 -0.867868 0.374122 0.596673 0.031261 -0.702335 1.149475 0.012140 0.301292 0.634359 -0.117384 -1.111694
-1.656953 1.140900 0.428971 1.909726 2.367200 -1.217602 -0.956954 0.236907 -0.472773 2.941631 -1.068330 1.826009 -0.083199 1.005122 2.132466 -0.271453 0.614826 1.414627 -1.893112 0.900327 0.320446 -0.109649 0.242791 -0.989533 1.245765 -0.209569 0.478320 -1.426437 -1.020668 -0.908662 -0.115793 -0.686592 2.181605 -0.764129 -0.696438 0.102236 0.314671 0.561984 -0.978426 -0.563157 0.381401 0.082152 1.035912 0.303076 -0.055697 0.048617 -0.787241 -1.786414 0.968239 -0.096987 -2.722464 -0.030926 -0.929535 0.909145 1.362344 1.278604 -1.013241 -0.172819 0.055269 0.425394 0.156050 -0.727512 -0.765789 -0.361730 0.466378 -0.871470 0.638165 0.924523 -0.195857 -0.666024 0.375021 -0.002978 -0.461471 -0.464090 -0.772032 0.645001 -0.877248 0.798576 -0.978868 -0.671292 -0.308328 -1.042006 0.038332 0.937936 -0.861250 0.905931 1.309100 -0.227095 -0.376773 1.272030 -1.695480 0.213546 -0.932172 -0.958320 -0.212635 -1.340064 1.384241 -1.439129 1.245141 1.620548 0.915083 -0.637831 0.941418 0.112150 1.324295 0.232691 -0.467915 0.685039 -0.483095 1.205846 0.399971 -1.805338 0.121963 -0.293277 -0.441059 -0.499843 0.120890 -0.098352 0.598305 -0.426281 -0.146247 0.878971 -1.461832 -1.157080 0.107876 -1.426663 -2.952970 -1.244063 0.242017 0.249384 1.109492 0.850712 1.029837 -2.452771 -0.467678 0.286571 -0.636361 0.053442 0.310850 -0.530536 0.395457 -0.423926 -0.483434 -0.331700 -0.927047 1.177001 -1.954672 0.505002 0.788523 -0.040048 -0.626602 0.378851 0.731301 1.274693 0.926000 1.932995 0.620285 0.299218 0.610851 -0.080168 -0.545241 2.247636 1.184560 1.504997 -0.553650 0.839226 0.719267 -0.329640 1.581509 0.537556 -1.109885 1.271607 -1.367738 0.690697 2.505755 0.383367 -0.414887 -0.583527 0.932037 0.677111 -0.170863 1.217458 -0.898027 0.516302 0.009597 -1.191972 -0.109585 0.744965 -1.040429 -1.636193 0.260173 -0.517327 -3.194641 -1.453607 0.399331 0.447362 0.665691 0.841347 -0.497136 -0.348703
0.343459 -0.288874 -1.087917 -0.163585 -0.737754 0.529769 0.111040 -0.148407 0.455533 0.116246 -0.389583 -0.631333 0.214658 -1.578932 0.007185 0.015711 0.220472 -0.650289 1.221186 0.095829 0.941118 -1.633756 1.735711 -2.157341 -0.862196 0.059809 0.263763 0.616000 1.007711 0.511660 -3.038612 -2.007996 0.602935 -0.157083 1.081303 -1.742379 0.609093 0.485504 -0.485941 0.443358 0.571063 -1.049891 1.677920 0.086608 0.567387 0.503514 0.114411 -0.629447 -0.613942 -0.581773 -0.005048 0.366368 1.316463 -0.494645 -1.169323 -1.649033 0.380086 1.565054 -0.849966 -0.262462 1.007674 -1.042996 -0.540928 0.922995 1.674710 0.096332 0.655684 0.934497 0.532742 0.333950 0.453290 -1.169270 -0.242914 -0.172376 -1.729754 0.490109 0.409525 -0.201161 -0.667931 0.779738 0.475812 0.836855 -1.953256 1.201047 0.580614 -1.024139 0.075369 0.487186 -0.480519 -0.175442 -1.341992 -0.470114 1.106662 0.966412 0.147840 0.986139 -2.243579 -2.514168 -1.417013 -1.274872 -1.803506 -0.127116 2.402221 2.012931 -0.461693 0.614312 -0.270775 0.639642 0.023187 -0.444879 0.289184 -1.379678 -0.317551 1.500841 0.982357 0.826378 -1.940388 1.360704 -2.486907 0.437861 -0.218519 0.493589 -0.240231 -0.474041 1.939785 0.686543 -2.101502 -0.691519 1.941803 -0.239690 0.023988 -1.906141 -0.121833 -0.579153 1.269423 1.527198 0.409252 -1.462278 1.031728 0.833762 -0.820395 -2.422479 -2.961625 0.170950 -1.074468 1.062346 -0.562795 0.748916 -0.883485 -0.233025 1.338567 -0.363980 0.239284 -0.458499 0.262438 -0.997993 -0.057312 1.284810 1.873634 0.199025 -0.677308 -0.446259 -1.224655 -0.715466 1.962265 0.335091 -0.160074 -0.035511 -0.108573 -0.041517 0.391230 0.543386 0.923759 1.349427 0.784148 -1.173314 -0.706758 -0.432795 1.762940 -0.156462 1.759507 0.681386 -1.513977 1.198110 0.552641 0.771248 1.193363 0.754537 -0.410804 0.502918 1.861921 -0.498498 0.796193 0.646499 -0.444695 -0.994768 -0.987279 -0.351854 0.572998 1.225660
0.775428 -0.018888 0.437881 0.201752 -2.413634 0.908930 -0.041976 -1.018594 -0.813241 0.100606 0.035574 -1.471901 0.271013 1.016615 -0.397957 1.739812 -1.310794 -1.339118 -1.248006 -0.000677 0.461593 -1.785183 0.082815 0.443703 1.562025 0.056335 1.537020 0.104926 0.976264 -2.785250 -0.620051 -0.289712 -2.309701 -0.262528 0.327132 0.357666 -0.386487 -1.279871 -0.525968 0.407896 1.408074 -0.129613 -2.677051 -0.494634 0.603342 0.949146 -0.088409 0.806019 -0.191129 -0.195532 -0.124967 -0.667762 0.428598 -1.900815 1.282787 -0.559451 -0.088747 -0.747857 0.408952 1.097961 -1.988053 0.335643 0.131361 -0.049389 0.005542 -1.371855 1.554273 -0.306617 1.764908 0.157779 0.874867 1.091876 1.352069 -0.520344 -0.770485 0.921169 -0.139948 1.174618 -0.482263 -1.725543 0.808456 -0.890177 1.303577 -0.238095 0.505632 0.132627 1.113476 0.187828 -0.348783 1.144750 -0.528396 -0.112979 -0.143095 1.674882 0.695622 0.022562 -0.283585 1.127575 -0.702232 -0.239312 0.200482 -0.638199 1.093102 -0.293997 -0.740339 0.405564 -1.927258 0.926474 -0.479021 0.533898 -0.178399 -0.150054 -0.820041 -1.774414 -0.956873 0.478800 0.647356 0.909345 -0.731868 0.999604 -0.249969 2.128512 -0.292206 0.545088 0.422729 -0.515049 -0.544720 0.162779 -2.838133 -0.774501 -0.749335 0.759098 1.792594 0.001303 -0.628543 0.350733 1.533403 1.077368 2.349476 -1.166867 -1.006235 -0.093089 0.859034 0.358609 -2.206197 0.822840 0.116391 0.196109 -1.725973 -0.449922 -0.873363 0.696660 -1.687715 -0.428159 -1.056784 -0.789667 0.231667 -0.917059 -1.616713 0.918288 1.734062 1.708693 0.373116 -0.127502 -1.105751 -0.278850 0.547220 0.770891 -1.108731 1.068595 -0.358858 1.175461 0.193586 1.821580 0.488688 0.037792 0.007405 0.488629 -0.799249 1.371367 0.956617 -0.010983 -0.278711 0.900726 0.600083 -0.955953 -3.468009 0.674649 1.711609 -1.017606 0.757835 -0.146803 -1.495773 0.197002 -0.331199 -0.767986 -0.049779 -1.683634 1.405887 -0.223458
-0.870980 0.630195 -1.371945 -1.576494 1.936445 0.700811 0.843313 -0.525852 -0.169198 -0.214490 1.904804 -0.221250 0.386368 -0.206414 -0.150965 -0.147407 0.777477 -0.925972 0.207371 -1.747054 1.464278 -0.171737 1.317196 -1.263039 -1.031998 -0.625701 -0.259800 1.951655 1.195397 -0.579648 -1.443720 0.209319 0.322679 -0.240891 -0.716899 1.489937 -0.248122 1.413559 -0.768955 0.216044 -0.917079 -0.746990 1.059027 0.452816 -0.955030 0.452251 -0.414670 -0.330666 -1.336050 -0.248484 -0.725593 0.148627 1.654982 -1.598409 -0.271531 0.823989 -0.303141 0.360876 -1.691681 0.172597 0.759724 -0.622365 -0.625620 -0.830637 0.591576 0.691973 -0.803987 0.336689 -2.222651 -0.419535 0.988242 0.785241 -1.238355 1.243438 1.141416 -0.090905 1.283754 0.484508 -0.542148 -0.638657 0.293196 1.816720 1.669539 -0.166662 0.852750 -0.268701 -0.051364 -0.346133 0.320341 -0.033060 1.584031 -2.504267 0.462848 1.501869 0.828816 -3.162807 1.240582 -0.676422 0.686673 1.236700 -1.192065 0.600545 1.717318 0.737864 -0.658815 0.018977 0.754496 -1.073989 -1.149199 0.459110 -0.349787 -2.354526 -1.166471 0.889985 0.312465 1.947171 0.277783 -1.276445 0.271230 -0.830621 0.601326 0.382967 -0.732323 -0.671218 1.215206 -0.005571 -0.610572 0.889856 2.396479 -1.868856 -1.233495 -0.575000 1.337770 -0.351619 2.067934 -0.291792 0.159471 0.590804 2.341803 0.893026 0.361432 0.187237 -0.984548 1.139531 -0.250276 -0.617204 -1.176814 0.607564 1.207969 0.652240 -0.578510 -0.807511 1.541032 0.369655 0.017095 1.705418 -1.204768 1.663791 -0.721416 0.700569 -0.298761 -1.045717 -0.660462 0.352361 0.936959 -0.926804 0.226252 -0.870634 -2.446791 -0.092246 -0.253089 -2.423064 0.253900 0.905248 1.171253 -0.239955 0.563095 2.153669 0.805782 -2.093562 0.110844 0.359048 1.001150 -0.992336 1.249490 -1.269247 -0.251201 0.564003 -0.110588 1.661683 0.032972 0.063143 0.500274 -0.846770 0.129546 -1.044102 -0.467715 -0.670343 -1.598202 1.611153
0.751806 0.065873 -1.938219 -0.166947 0.856128 -0.460910 1.516745 -1.334345 1.691765 -0.392497 -0.100321 -0.573011 1.656602 -1.005009 -0.396033 -0.537852 -1.343012 0.006188 0.293448 1.653119 -0.543131 0.411402 -0.754615 0.354813 -0.411867 0.067781 -0.294456 1.097606 -0.345969 -0.437608 1.356100 -1.683213 -0.588435 1.514822 0.972600 -1.681669 0.890373 -0.678917 -1.377873 -0.511851 1.504828 0.111351 0.359188 -0.808777 -1.802377 0.184086 0.581863 0.246048 -0.023904 0.155553 -1.503686 1.553648 1.594743 -0.475225 0.703187 -1.186931 0.233051 -1.714702 -0.433896 -0.373770 -1.941599 0.558952 0.450007 0.293413 1.349448 -1.281964 0.741360 -0.949584 -0.629099 1.721201 0.312320 -0.351310 0.989812 0.316657 0.889844 -0.781716 0.595014 -0.685023 -1.453244 0.792542 -0.728647 -0.011035 -0.640563 -0.375840 0.546092 0.277585 1.257681 1.159963 2.199372 -0.365700 -2.045522 1.243844 -0.902368 0.513416 0.026328 -0.003499 0.634631 0.595854 -0.751467 -0.270865 -0.724796 0.031563 0.134515 -1.811106 -1.387708 1.439541 1.058995 0.186116 1.871877 -0.205185 0.365297 0.775133 -0.634574 2.560693 1.163946 1.030757 -0.007603 1.116272 -1.174807 0.618686 2.426609 -0.452407 -0.670518 1.324181 -1.241839 0.603066 -1.063697 -0.351325 -0.621100 -0.053047 -1.319021 1.607971 1.882559 -1.088130 0.619522 -0.212577 0.232936 0.879208 -0.634188 -0.267389 1.068215 -1.095968 0.958920 0.211117 0.966638 0.923789 0.676219 -1.014933 -0.932588 2.137280 0.617923 -0.556618 -0.672413 -0.049329 -0.535392 2.009415 0.056922 -1.195328 -0.075413 0.554476 1.726789 -0.188290 -0.490502 0.675224 -0.109590 -0.460187 0.386713 -1.339332 -0.905019 0.524191 -1.205750 0.029233 -2.057813 0.050436 0.110282 0.591699 0.777305 0.248246 -1.077853 -1.079639 0.684034 -0.364164 -0.274900 -0.545117 0.166494 0.823895 0.454483 0.402506 0.807013 -0.839836 -0.318990 2.122526 -1.135054 0.248994 -0.402371 1.248992 0.402802 -1.776545 0.858719 0.104248
-0.021656 -0.417802 -0.351516 -0.927198 -0.030859 0.219561 -0.075635 0.709626 -0.962062 -1.748817 -1.802963 -1.348824 -1.077547 2.075580 0.790346 0.618355 -0.163934 1.613021 -2.425030 0.084049 -0.622009 -1.624915 0.053580 0.258257 0.395536 -0.542239 0.485160 -0.177843 0.141950 0.533300 1.049470 -0.094281 0.117558 -0.066771 -1.545093 -0.340278 -0.800347 1.061736 -1.003295 -0.130691 -0.756717 -0.266664 0.313827 -2.275163 -0.669359 2.227323 -0.490625 -0.299811 -1.031054 -0.875451 -0.445085 0.441583 -0.144106 -0.545852 0.434042 -0.101489 -2.771996 -2.299374 1.047693 -0.735090 0.327304 -1.097655 0.635698 1.401464 -0.150476 -1.513839 2.295143 -1.318694 -0.645152 0.949379 1.518837 -0.693588 -0.210459 -0.758221 -0.722903 -0.678714 0.652501 -1.426518 1.378894 0.669510 -0.166422 0.366148 1.977983 0.475041 0.209779 0.700046 -0.657480 -0.009134 -0.206303 -0.563202 2.041603 -0.829014 0.968868 -1.762911 -0.717698 1.527151 -0.816307 0.081164 -0.707543 -1.721708 0.225964 -2.255492 1.740590 1.535911 -0.643127 2.643048 -0.320991 -0.674528 1.960764 0.134322 -1.675206 -0.840132 0.281583 -0.173379 -0.364070 0.568474 -0.941277 -0.738528 1.601367 -0.708954 -0.167090 0.073589 -0.961706 0.929606 -0.182389 0.353850 0.618156 1.346723 -0.827040 0.680847 -2.553123 -1.481629 1.860946 0.346191 -0.465364 0.013319 0.622207 0.866403 0.155038 0.176035 0.394313 -0.624642 0.237322 0.000309 -0.173166 -0.197249 0.297583 0.819784 -1.464607 1.340093 -1.427054 0.120569 1.360686 -0.039215 0.347286 -0.303535 0.050141 0.180411 0.848057 -1.009223 -0.304020 -1.863585 0.818247 0.812252 -0.698200 -0.999316 0.621992 -1.765157 -0.778443 1.355266 1.139101 -0.240947 -0.537447 0.232831 -0.893548 -0.444554 -0.884589 -1.762859 -1.023357 -0.357030 0.674894 -0.159465 -0.539946 1.020578 -0.175456 -0.719111 0.262417 0.930120 0.720768 -0.269451 -0.523832 0.644359 -0.620158 -0.927248 1.657807 0.824351 -0.317716 0.949283 -1.245742 0.728018
-1.221082 -0.174324 -1.469372 -0.040840 -0.727387 -1.936231 0.531176 0.802345 0.478447 -0.589673 1.157058 -0.529943 -0.452520 0.590269 -1.139104 1.184580 -1.614094 0.361360 -0.104551 -0.826224 0.820568 -0.232727 -0.321215 1.057614 1.072549 2.145275 -0.281145 0.962618 -0.323250 -1.439176 -0.074499 0.458793 1.525278 -0.803790 -0.490021 0.232763 -1.582042 -0.165371 0.800221 -0.287875 -1.165653 0.922685 0.265429 0.088573 1.579586 -0.307696 1.398394 -1.781015 -0.106623 0.134506 -0.141207 -0.190026 1.908079 0.952051 0.188191 -0.296431 -1.245638 -0.634892 0.801105 0.257172 0.194407 0.465613 0.693407 -0.739882 1.445681 1.526211 -1.383525 0.374983 -1.460822 0.563018 -1.207813 -1.439421 -0.216061 -0.892417 -1.072954 -1.841686 -0.011171 -1.116695 0.537475 0.120929 -0.324486 1.462696 0.475970 -3.331599 -1.513704 0.841209 0.599816 -1.095146 0.032336 2.863887 -2.504695 0.419408 -0.136924 0.816481 0.781428 0.351857 0.286484 -0.017349 -1.843651 -0.051363 0.412925 -0.878737 1.429702 -0.855392 -0.387533 -1.159543 -0.900355 0.062087 0.341010 1.104326 0.497352 0.663621 -0.681100 -0.151214 0.363095 1.908055 -2.246191 0.502323 1.747112 3.119457 -0.292064 -1.240368 -1.183507 -1.843156 -0.508522 -1.348431 1.073966 0.027065 -0.376118 0.191707 -1.349537 0.742630 -2.744790 2.264454 0.662699 0.904207 1.178317 0.442568 -0.468078 0.851526 0.824995 -0.123749 0.000582 -0.537382 0.689295 1.590593 3.050544 -1.021797 0.018949 -0.279674 -0.234388 -0.216103 -1.466744 0.959904 -0.178706 -0.911914 0.283545 1.818033 1.126819 -0.537590 -0.526378 1.227061 0.364357 0.914044 0.697021 0.258495 0.256755 0.597613 -0.171742 -0.606383 1.669609 -0.437213 -0.511975 2.621655 0.408723 0.292405 0.280998 -0.108769 0.872269 -1.683473 -0.369623 1.185869 2.563416 -0.232338 -0.946841 0.130210 -0.222546 -1.135858 0.778100 0.126445 1.502559 1.053040 -0.672348 -0.411423 -1.442619 -0.719799 0.370478 -0.494281 -0.228417 1.659524
-1.430965 -1.200571 -0.626867 -0.648365 0.243862 2.333961 -1.824094 1.063808 1.078191 -0.043659 0.391306 0.806077 0.509539 -0.833638 1.038391 -0.004468 1.216801 0.057300 1.091180 0.389388 -0.417697 -1.467541 0.206072 1.598011 -2.546755 -0.832206 1.137873 -1.099902 -0.617040 0.778678 0.268649 0.912915 -1.709408 -0.584352 -0.268343 0.537030 0.923542 1.342172 0.091575 -0.200112 -1.547735 -0.894125 -2.293009 -1.470447 1.151377 0.778321 0.460079 0.004402 0.461133 -0.605327 0.890746 -0.055226 0.388763 0.240035 -1.013979 2.556118 -0.009798 0.563266 -0.849833 0.415082 -0.209901 -0.697503 -0.566414 -0.620213 -1.407606 0.639354 0.261328 -1.343186 0.061895 -0.518815 1.151436 1.143585 -0.761462 0.571850 -1.226189 0.375249 -1.892790 0.456943 0.077063 0.336427 -0.070914 0.267412 0.166327 0.681547 -0.516842 -1.027984 0.608189 0.222860 1.509372 0.009841 -1.187904 1.833210 -0.330500 -0.098753 -1.018140 0.762196 -0.190838 0.538557 1.132224 1.415031 -0.294604 -1.324438 0.439776 -0.097425 0.248279 1.031056 -0.073582 1.170063 0.497123 1.329787 0.479158 0.241017 -0.786890 0.550783 0.199972 -1.262975 -0.196815 -1.429640 0.078945 -2.326320 -0.824761 -0.168320 0.976174 -0.391870 0.377012 0.382374 0.320626 -0.169750 -0.474902 -0.090283 0.529685 -0.324299 -0.036553 -1.954578 0.080473 -0.391119 0.728570 -0.806596 -2.599598 0.199687 0.525962 -0.212876 1.447319 0.316924 2.041679 0.528234 1.849101 -0.121471 0.973670 0.083461 -1.197767 -0.220555 0.562799 2.022705 -0.346509 1.464183 1.216919 -0.932834 -0.583998 -1.997551 0.807242 0.050271 1.201903 1.208102 -0.751384 0.447561 1.336515 0.142688 -0.653049 -0.010419 -0.608919 -0.348798 -0.426565 -1.551628 1.371744 -1.607267 -0.289426 1.103077 0.983490 -1.252338 1.202113 -0.875136 0.718370 -0.088784 -0.450351 1.303387 -0.410557 1.226583 0.455209 1.245010 0.728437 -0.362293 -0.308441 1.752319 0.157396 0.748438 -1.010694 -0.491027 -1.263606 1.542482
0.221023 0.455858 0.577275 -1.824767 0.983584 -1.074773 0.549122 -0.147524 -2.772701 -0.335423 0.504558 2.176684 1.174378 -0.124211 -0.116552 0.024458 0.745981 0.146363 1.635327 0.960601 1.750277 1.722634 0.689287 -1.118876 0.849260 -0.617451 1.241213 -2.026940 -1.595008 0.178340 0.312783 0.558165 1.178648 -0.153280 1.848258 -0.993752 -0.958295 -1.461078 2.196936 -0.281667 0.646100 0.492910 -0.403031 -0.138322 -0.925669 -0.621381 -0.237599 -1.107436 -0.627190 0.405214 -0.745622 -0.835668 -1.167757 -0.520428 -0.372760 1.322615 0.808510 -1.110289 1.580399 -0.314008 -0.650426 -0.041076 -0.906207 -1.634504 1.816507 1.196480 0.275202 -0.186636 0.203430 0.246401 2.848454 0.336661 -0.322887 -1.217374 0.423585 -0.187500 0.963457 -1.923644 0.025589 -0.609612 0.007838 1.497786 -1.327621 0.281243 -0.017365 0.854142 -0.430101 0.430309 0.201793 -1.461781 -1.213931 -0.705532 -0.113378 0.545787 -1.322936 0.040651 1.305261 -0.275115 0.556548 -0.857230 -0.224085 -0.582839 -2.438940 -1.097252 1.652123 -1.309825 -0.604612 0.114976 0.627611 0.626993 1.131457 -0.251808 0.393297 -0.772544 1.162856 -2.013814 0.701833 -1.899139 -0.613537 -1.775037 -1.197836 -1.224480 -1.354042 -1.257349 -0.353819 1.227705 1.963103 0.944897 1.751077 -0.199924 0.482903 0.416665 0.590700 -1.527612 0.995081 -0.575558 -0.352185 0.721107 0.284533 -0.473843 0.301212 0.298330 -0.044145 0.448864 -1.958452 -0.598479 -0.972819 -0.735778 0.308031 -0.853830 0.039469 -1.704423 -1.401366 0.265142 0.594431 0.842797 0.304065 -0.029013 0.372774 -0.518480 -0.168511 0.461976 0.954709 0.040740 -0.014257 -0.471365 0.349055 1.568440 -0.515034 0.183673 -1.316036 0.865394 0.244760 -0.730439 -1.114649 0.960907 0.023997 0.177933 -0.366347 -1.073295 -0.506476 1.434116 1.562780 0.387594 1.116024 -0.197340 -0.776480 0.534862 0.582007 0.012821 1.010768 -1.727179 0.153193 -0.854637 0.271904 0.803385 -0.537436 0.323627 0.281084 0.045801
-0.452680 -0.492978 -1.197224 0.058171 1.154207 0.015913 -0.216100 -1.140946 -1.711214 -1.439629 -0.303218 -0.370963 -1.714671 1.505128 0.754563 -0.610450 0.931612 0.386827 -0.927807 0.696433 0.249599 -0.484440 -1.938587 -0.751438 0.494531 1.056111 0.203974 -0.993310 -1.617229 -0.295641 0.399791 -0.907536 0.608202 0.204635 0.745261 0.984809 1.825903 1.292667 0.619277 0.042353 -0.457524 0.728263 1.049978 1.307934 -0.550931 -0.112581 -0.324496 0.119160 -0.243732 0.295397 0.092336 0.008625 0.366638 0.066992 0.925037 0.216823 -0.068954 0.126433 -1.528813 1.909320 -1.793545 1.660804 -0.411865 -0.373897 -0.738259 -0.233205 -1.020913 0.171092 -2.328974 -0.807634 0.787140 1.376177 -0.752561 -0.648009 -0.410165 -1.927614 1.472736 -0.515651 0.358606 -0.079714 1.125608 -0.436930 -1.046518 -0.418666 0.769350 -0.831589 0.581641 -0.862155 -1.275464 0.097441 0.070864 -0.205451 0.381099 -1.581106 -0.901694 -0.382104 -0.553080 -0.299973 -0.488513 -0.010878 -1.217301 1.144620 0.147397 1.300764 -0.598640 -0.130606 -0.785016 -0.159511 0.401433 0.420531 0.336972 -0.502909 0.584583 -1.168641 1.371122 -2.139771 -1.454538 0.945544 -0.550153 0.451644 -0.527504 1.376615 -0.050767 2.260773 -0.914795 -1.423147 0.640361 -0.851643 -2.431388 1.076319 0.022290 -0.213565 -0.213330 -0.712896 2.115645 -0.488066 -0.802850 -1.171023 1.347350 -0.938291 -0.899516 1.038944 0.127223 0.674625 -1.810826 2.135568 0.866049 -0.798147 -1.336506 -0.164943 0.808149 -0.242950 -0.123714 1.278057 -0.438308 -0.997850 1.379083 -1.606400 1.452017 -1.442047 -2.048786 0.810196 -2.432402 -0.463930 -0.764470 -0.042288 -1.124427 -1.145616 -0.474317 0.224965 -1.729823 0.380199 -0.730679 -0.583604 0.986342 1.702297 0.860315 1.124404 -1.737127 0.327972 0.869643 -0.269986 -0.894166 0.934013 -0.959081 -0.010361 0.847364 -1.282020 -0.885106 -1.993808 0.562607 -0.031861 1.736280 -0.915512 0.403428 0.681835 1.056596 -0.563110 0.233993 -0.663747
-0.593508 -0.236232 0.536309 0.804323 -1.785113 0.335440 0.256232 1.270938 0.598029 1.205697 -0.901893 -0.461205 -0.001964 0.847551 -1.400615 -0.837179 0.817315 -0.252883 -0.729554 -0.881877 1.193097 -0.137802 -0.807976 0.089584 0.324957 0.576139 -0.991078 0.652064 -0.188183 0.467331 0.182178 0.559323 -0.464573 1.104742 1.458861 -0.211930 -0.145225 0.914477 -0.653236 0.961678 -0.677627 0.575499 -0.886448 0.125953 -1.308265 0.163679 1.282336 -1.163553 -0.737502 0.948769 1.284689 0.448586 0.237051 -0.546683 0.598492 0.804774 -1.398433 -1.522804 2.555407 -0.401697 -1.243997 1.082003 1.341024 -0.251861 2.945796 -0.671265 1.645178 -1.011421 1.324368 -1.434652 -3.188246 -0.722470 1.415445 0.392279 1.229916 -0.289849 0.189737 1.104810 -0.104026 1.834576 -1.202718 0.514116 -0.309407 0.296459 0.304189 -1.026802 -0.788435 2.098346 -1.841272 -0.396911 -0.274143 -0.356600 -1.113972 1.664313 1.145662 -1.195740 1.586317 -1.207813 1.188448 0.902717 0.213171 0.382636 -0.077515 -0.273996 -0.875421 1.219345 -1.558469 1.149822 -1.812842 -0.400196 0.135910 -1.113471 1.149926 -0.811746 -0.196928 0.022137 2.761844 0.098000 -0.920638 0.158758 1.816567 -0.751579 0.573682 -0.006978 0.494979 1.118370 1.229143 -1.469487 -1.034717 -0.609578 0.128146 0.449698 0.795238 1.079972 0.638641 0.062018 0.485575 -0.777658 -1.042751 0.512057 0.240496 -0.777951 -0.363558 2.458198 0.267922 0.670195 0.486941 -0.779464 -1.879311 -0.044495 -0.720653 0.494996 -0.297498 -0.653556 -0.377763 -0.711188 -0.124785 1.359363 -0.309594 -0.055973 0.063275 1.114601 2.057909 -0.276525 0.250586 0.772292 0.125366 -0.440023 1.590673 1.961685 0.719776 -0.132534 -1.735200 -0.864279 1.065375 0.090492 0.936032 0.277728 0.225753 -2.125451 -1.078814 -2.588710 1.241224 -1.500169 -0.444413 -1.222163 0.697437 0.091090 -0.522708 -0.047669 -1.211982 0.120002 -0.432734 -0.069723 -0.753664 0.300799 1.192688 -1.306736 -0.340197 -0.020308
-0.184484 0.171055 0.929692 0.808668 -0.361116 -2.388737 1.304279 0.036635 -2.006666 1.304155 -0.156180 -0.699670 -0.787061 -1.974034 0.887093 -1.393449 1.532294 0.969229 -2.273282 -0.525446 -1.302428 1.098989 0.208344 -1.212230 1.126044 -0.470952 0.543850 1.250798 1.543746 -1.313038 -0.741806 -1.168423 0.054454 0.981124 -0.887559 -1.813427 0.941263 -0.412972 0.030817 1.228073 -0.618316 -0.611550 -0.615853 -0.690757 1.043289 -0.057674 -0.376889 -0.166391 -1.069525 -1.066707 0.585407 0.641128 -0.709936 0.465122 -1.228936 -0.475237 -0.120122 0.446901 0.567413 -0.523359 -1.286178 0.416388 -1.832734 0.769835 -0.168803 0.004110 1.938883 1.692353 -0.087264 0.252597 0.207708 -1.789875 -0.337355 -0.745068 0.647721 0.328017 0.111960 0.550009 -0.838000 -0.820487 -0.056660 -1.518262 0.331315 0.559325 -1.075001 3.167530 1.096874 1.127877 1.732652 0.808336 1.171235 -1.165420 -0.413755 0.990315 -0.949618 -0.013958 0.117483 1.010463 -0.875898 -0.171284 -2.623377 -0.394120 0.921301 1.049878 -0.624492 -1.119668 -0.531424 -1.226876 0.267032 -0.485207 1.730974 -2.012443 2.669394 -1.992494 0.517956 0.551978 1.555885 -0.848387 -1.078748 -1.519110 0.366595 -0.156352 1.531050 -1.206919 -1.156016 -0.065401 -0.358455 0.376015 -0.646268 -0.749805 0.635314 0.459273 0.388868 0.594482 -0.511324 0.090190 -1.203081 -0.166721 -1.333286 -0.642237 0.434847 0.281157 -0.502466 1.720116 -1.929182 1.163620 -0.073022 1.784271 0.019127 -1.620584 0.526002 1.859674 0.573390 1.000006 2.167939 -0.603743 3.672625 1.605698 -0.169522 -1.677738 -1.226980 0.064823 0.645008 0.891692 -0.204024 1.153611 -0.502537 0.306317 0.802734 -0.055528 0.897072 0.064954 -1.139066 -1.098192 1.235833 0.537002 0.990299 -1.433140 -0.526839 0.212261 0.255708 0.301499 -0.129066 1.114384 -0.254226 -0.570512 0.516874 0.430203 -0.500676 2.040125 -0.140372 0.999677 -0.431465 -1.189241 0.942409 1.391922 -0.030734 0.625396 1.924316 -0.532487
1.026802 0.672196 -1.175247 -1.304130 -0.332546 2.766652 0.638544 -0.396191 -0.172911 -0.684047 1.073463 -0.361610 0.348011 0.389121 0.007287 0.328545 -0.438714 -0.914327 0.164149 -0.641981 0.621105 0.527881 -0.581467 -0.874618 -0.873458 0.913609 -0.961223 -0.315311 0.993442 0.392046 -0.127680 0.879115 -0.357789 -0.294949 -0.895324 0.793106 0.600356 -0.318656 1.255565 -0.805151 0.366255 2.515860 -0.680717 0.269303 -0.014080 -0.802225 -0.297612 -1.016212 -0.376014 -0.292877 0.157436 -0.869881 -0.443339 -0.372397 0.750799 -0.340128 1.332636 0.643347 -0.883242 -0.763897 -0.180944 -0.384196 -0.118032 -0.131474 0.508314 0.394429 0.229512 1.566211 -0.169575 -0.658018 0.639937 -1.377732 -1.097480 -1.253406 2.013677 0.132560 0.963496 1.805290 -0.077580 -0.887570 1.904460 0.378667 -1.396985 0.008331 0.110414 -0.213266 -1.119647 0.883921 -0.359632 1.011204 -0.080846 -0.178711 0.750372 -0.796269 1.029226 -0.518331 0.359808 -0.261723 -0.014429 0.073237 0.290711 -0.724285 -1.224358 0.764284 0.304710 0.172034 1.502437 0.192219 0.846149 -0.126813 0.150841 -1.186996 -1.137860 0.855074 -1.405649 -0.395239 0.638902 1.539302 -0.885141 -1.225030 0.234516 -0.438192 -0.491343 -1.370295 0.810274 0.071613 1.121386 -0.345736 0.195008 -1.290075 -1.428646 1.469508 -0.208501 0.656154 -0.720418 0.416299 -1.492993 2.298562 0.768858 1.323425 -1.031529 0.529764 -1.008801 -1.991339 0.403715 0.381294 0.344356 0.333220 0.146480 -0.525319 -0.677576 0.349655 -0.994976 0.142420 -0.523483 0.127163 2.374862 0.665636 -1.691469 -0.755271 0.842154 0.816834 2.145953 0.777476 0.575158 -0.414204 0.251835 -0.998797 -0.289115 1.533445 -0.543724 -0.588650 -0.463606 0.524989 -0.727253 -0.039266 -0.191827 0.757732 0.970427 -0.642270 -0.464692 0.423600 0.125312 1.223488 -0.367334 -0.420239 0.821287 1.268786 -0.395248 1.505683 0.034306 0.992662 2.090213 0.525851 0.697609 -2.533506 0.372304 1.325132 0.867688 0.789940
0.878309 -0.780657 -1.412165 -0.003806 0.536756 1.472884 0.501162 0.427975 -0.329948 -0.588509 -0.516966 0.881479 -0.275470 -2.141204 0.837857 0.842760 -0.046782 1.753091 0.390642 -0.406976 0.620336 1.345774 -0.036463 -2.022034 0.790520 -0.939953 -1.557491 1.576684 -0.692149 -0.223856 -0.161060 0.752106 0.885590 -0.621351 0.167638 1.969124 0.326360 0.916323 0.135671 0.444018 -0.376880 -0.017631 -0.818802 0.698239 -1.561010 -0.528370 0.460796 0.257171 0.213134 -0.188588 0.698365 0.202466 -0.216584 0.322780 0.260249 -1.361966 1.007642 0.306169 -1.228598 0.531075 0.060998 1.199844 -0.577716 -0.734549 1.129009 0.656402 0.507405 -0.728402 -1.726750 0.588726 1.441585 1.599769 -0.859699 -1.101648 0.378251 0.970512 0.223359 0.007793 0.251434 0.969586 -1.460088 1.839528 -1.614333 1.513844 -0.081237 0.251093 -0.179591 -0.438322 -1.181865 -2.145895 -1.387564 -0.561115 -2.185666 -0.571743 -0.131305 -0.324637 0.721143 -1.468713 0.919800 -0.590776 2.975712 -0.651030 0.185806 -1.147817 0.204449 -0.973904 -0.330130 -0.285569 -1.155159 -2.113594 -1.062785 -1.260952 0.615471 0.484034 0.458885 0.160952 -0.298247 -1.469447 0.071947 -1.244577 0.678108 -0.449022 0.484625 -0.946820 -1.121207 0.335356 0.543644 0.257093 1.307941 0.571146 0.533040 -0.228740 -0.774032 0.368968 0.940416 0.256000 0.315565 0.072118 1.027451 -0.524563 0.718998 0.105880 -0.436605 -1.337619 0.000947 0.581744 1.409494 -0.049458 0.385651 0.916481 -0.762858 0.073216 0.553954 -0.393900 0.033135 -1.253866 -0.429841 0.381192 0.177354 -0.706574 -0.854777 0.992695 0.497782 -1.416938 0.289884 0.108631 0.039029 0.982226 0.358028 0.959256 -0.970792 -0.109723 0.215976 -0.513866 -0.838688 0.768264 1.139149 -0.713342 1.357381 0.699474 2.074479 -1.180055 0.053516 0.412460 0.905403 0.081535 0.563220 1.239741 -1.357458 -0.869715 0.445560 2.201573 1.786903 0.988749 -0.786764 0.971109 -0.296053 1.695961 0.573195 0.899105
0.827778 2.028853 -1.776651 0.177224 0.863610 -0.863297 0.684396 -1.945886 -0.475873 -0.565050 -1.570844 1.854190 0.270178 -1.258828 -2.313242 -0.614274 0.885574 0.279529 0.661497 1.068491 0.626252 0.740086 0.075225 1.371387 0.899602 -0.117989 -1.037361 0.289406 -0.057720 0.076548 1.928340 -1.900175 -0.384200 -0.082915 1.309511 -0.211366 -0.996432 -1.382919 -1.125804 -1.452795 -0.742759 -0.695200 -0.929607 -1.461321 1.604309 -0.211588 0.462812 1.501923 0.379316 -1.491467 0.571261 0.455538 -0.676278 -1.162945 0.443038 0.857112 0.372942 0.037900 0.693241 0.765213 -0.702556 0.163330 -1.584644 -0.444671 0.224921 0.490892 -2.532354 0.936736 0.476972 0.585727 -0.211121 0.257488 -2.306270 -0.016748 -0.753668 -0.391058 -0.873810 -0.130504 -1.072770 0.119840 0.320008 0.833622 -0.151883 0.088595 -0.991257 1.114247 -1.796185 -2.091892 0.382572 -1.466045 0.799510 0.864807 -1.475611 -1.972022 -1.521146 1.588198 0.151262 0.290781 0.862824 0.209837 -0.376296 -0.255760 -0.675621 0.775920 2.754248 -1.224576 0.327901 0.084029 0.061482 2.211260 -0.402549 0.272710 -0.273790 1.497828 0.443107 -0.705170 0.706585 -0.383203 -0.905197 1.446020 0.400794 0.684878 -1.219229 -1.856575 0.828772 0.143887 -0.663322 0.448205 0.486249 0.976359 -0.864527 0.154497 0.650848 -1.576401 -0.301419 -0.861639 -1.367290 -0.974840 -0.819207 0.417988 0.457820 -0.864829 0.192286 0.827915 -1.017290 -2.480622 1.793892 0.118363 -1.598722 0.685457 -0.137839 0.246925 0.034917 -0.645437 -0.672189 -0.891700 -0.166532 0.781515 0.765004 -0.052784 0.537771 -0.956175 -0.099031 -0.499044 -0.858960 1.378778 0.135461 0.104016 1.816030 -2.061805 0.659929 -0.777362 -1.225740 -1.023519 -0.979044 -0.626712 -0.036234 -1.406551 0.525373 0.265892 -0.640900 0.536028 1.787056 -0.152995 0.267711 0.945199 -1.980797 0.506243 -3.252985 0.453218 -0.254734 -0.214700 0.073681 0.768909 0.066035 -0.306072 -0.059987 -0.716454 -0.023118 -1.505263
-0.218076 0.535008 0.788399 1.214400 0.200447 -1.639636 -0.716615 2.373252 -0.890339 -0.040390 -0.076375 -0.306496 0.241863 -1.104906 -0.579165 0.005743 -1.007256 0.358217 -1.986545 0.521548 0.951916 -0.652480 -0.200600 0.284574 0.034682 -0.204349 -2.164692 -0.192096 1.365480 -0.517987 -0.040536 -0.130384 -2.351174 0.173374 -2.596994 0.616614 -1.404187 0.459640 0.238511 -1.337325 -0.346424 0.925958 -0.506190 -0.241647 -0.002962 -0.141261 -0.232957 -0.212804 1.115481 -1.639923 -2.205906 -0.180924 0.456187 -1.137315 -0.269345 0.025909 -0.199149 -0.346894 -0.266656 -0.840082 -1.375500 -0.060464 1.155299 -0.349810 0.292964 -0.857322 -1.109274 -2.310706 -0.439793 0.687508 1.290585 1.568028 0.719606 -0.381315 -0.217119 -0.860852 -0.255982 0.966840 -0.389421 0.653290 -1.640473 -0.262135 -0.472338 -1.631357 -2.150450 0.967713 -1.208909 -0.595375 -0.290422 0.059797 -0.506406 0.309442 0.424793 1.938163 0.730535 0.842057 -0.510916 0.962616 0.642174 -1.241246 1.512892 0.073240 -1.604482 -2.115854 -1.525003 -0.943920 -1.953662 0.232688 0.864853 1.021884 -1.178581 -0.067841 -0.306827 -0.538398 0.968427 1.247231 0.158709 -0.581376 -1.060377 -0.123735 0.399948 0.242980 -1.657427 0.688419 0.125053 0.879971 -0.906819 -0.668265 1.364685 -1.080242 -0.967551 0.382027 0.094279 0.576526 2.004921 1.004080 -0.378438 0.644903 -0.714751 -0.817967 0.707235 -2.026318 0.367100 1.161859 0.690388 1.446443 0.736288 0.764325 -1.208824 0.305660 0.191593 0.296880 -1.751836 0.447189 -0.606938 -0.033840 1.418952 -0.312943 -1.983159 0.336515 -0.275551 -1.432465 -1.007465 -0.221348 1.026463 0.538136 1.629091 1.898904 0.264523 0.074800 -0.147443 0.289580 0.007109 -0.361075 -0.834342 -0.508044 -1.634561 1.254913 0.709904 -0.774591 0.753795 -1.034913 -0.274782 2.044509 -1.364072 1.235427 -0.887973 0.092813 -1.618394 0.907997 0.132255 1.484716 -0.700595 0.551334 0.286279 -0.616963 -1.602902 -0.713908 -0.089711 0.706800
0.045865 -0.858237 0.123359 -0.096733 -0.265677 -1.345321 0.858644 -1.384100 0.619767 1.262584 -0.729284 0.971502 -1.525353 0.003643 -1.679846 -0.733843 -0.911035 2.243357 -0.360336 -1.003454 -1.499751 0.649159 -0.990091 -0.605947 -1.224236 2.056208 -0.137277 0.223691 -0.374441 0.158766 -0.089920 0.933645 -0.715254 -0.101494 1.304819 -0.799465 0.359326 0.038830 0.716278 0.270659 -1.771692 0.809319 0.594115 0.364822 -0.886006 0.011345 0.226136 -0.009133 -0.285984 0.832010 -1.820634 0.389795 -1.443364 1.589608 -2.588418 0.662594 1.321204 1.743504 0.320232 -1.139717 -1.686842 1.053969 -0.849125 -1.299057 -1.564079 0.133264 -0.641679 0.995693 -1.558477 -1.112041 0.064289 0.297299 0.285418 0.634973 -0.424611 0.429229 1.450396 -0.181131 -0.119172 -0.134599 -0.283107 -0.552570 0.082305 -2.490095 -0.998482 1.816612 -0.034140 -0.074498 0.027785 0.413627 0.227935 1.063603 -0.859679 1.302307 -0.826451 0.195786 0.554782 -2.263302 0.193113 1.540550 0.739387 -0.769643 0.035430 -0.291392 -0.020940 -0.718699 0.615254 -0.074506 1.046569 1.647198 0.025441 0.686849 -0.327523 0.613187 1.185855 -1.024305 -1.365402 0.224742 -0.608515 1.823632 -0.522776 -0.097001 -1.581298 -0.513433 0.843096 1.473624 -1.134203 0.673726 0.773093 0.318202 -0.550093 -0.639886 0.102802 1.291199 -0.211121 0.233340 0.351132 -0.140360 -0.363980 0.113545 1.645160 -0.136481 0.204647 0.215732 -0.636931 -0.315171 0.852660 1.290636 0.869394 1.866514 -0.416010 0.680970 -0.122762 0.248185 -0.778764 -1.649768 1.177830 -0.731531 -0.423512 -1.326949 1.380027 -2.157944 0.305570 1.522474 -0.618636 0.575792 1.470846 -0.386214 1.635325 0.889119 0.968928 -0.877193 0.278618 -0.402819 -0.392442 -0.581221 -0.455474 1.095295 0.244727 -0.114477 0.348341 -1.478404 -1.824991 -0.320706 -0.027972 -0.645014 1.467352 -0.696905 -0.879960 -1.808268 -1.204671 -1.822496 -0.789576 0.058082 -0.184792 -0.717254 -0.122716 -0.499301 1.975784 -0.833250
-1.493873 0.713737 -0.288280 -0.060673 -0.081696 0.274362 -0.179957 -0.574028 0.457767 -0.647410 -0.277972 1.622234 -0.281313 0.263618 -1.076374 -0.711031 0.323244 -0.724313 -0.419488 -0.563492 0.602655 -0.102543 0.336036 0.126569 -1.047294 0.162645 0.351139 1.238243 1.021638 -0.709143 0.190791 -1.356996 0.769990 -0.745878 -0.369023 -0.659383 -0.651651 0.404008 0.742682 -1.284201 -0.120019 -1.120691 0.278908 -0.144921 -1.496219 -0.163005 0.439467 -1.910284 1.056307 -0.681217 0.131660 -1.902733 0.128538 -0.148096 0.241927 0.690750 -1.241134 -1.058904 -0.422981 -0.877217 -0.873917 -0.129472 0.964623 -0.725617 0.115982 -0.567144 -0.363156 0.361880 0.710921 -0.757415 0.120711 -0.383983 -0.494476 -1.369129 -1.872689 -0.157968 -0.402929 -0.463644 -2.069463 -0.216511 0.932242 -2.063116 0.674103 -0.952823 -0.662273 0.535350 1.631654 -0.573038 0.252983 0.123653 -0.652408 0.519559 1.121752 0.140688 2.610908 2.151056 0.546132 -0.630293 -0.220841 -0.602936 0.775688 -0.743961 0.052733 0.697392 0.560688 0.685465 2.269906 0.900182 0.474553 0.969328 -2.844884 0.538432 -0.905648 -0.146631 2.022187 2.319456 -1.180043 0.652663 -0.219271 -0.533852 -0.910940 2.338309 -0.907763 -1.600770 0.192680 -0.545117 -0.187916 -0.558684 -1.880490 0.452448 0.860245 0.425581 0.340053 0.611279 0.221840 -0.077724 1.071826 -1.165899 0.634863 1.023380 0.295340 0.327373 -0.728023 0.788625 -0.378066 0.409340 -0.733382 1.070323 -0.124633 0.443964 -0.875438 0.477845 -1.248140 0.431990 -0.346904 0.342277 -0.167395 0.189020 1.087495 0.257604 -1.161670 -0.441897 0.314691 -0.530412 0.651433 0.738620 1.721758 1.081596 0.313288 -0.569117 -1.433566 -0.851034 0.004167 -0.607178 -0.280368 -1.073906 0.364148 0.534215 0.425904 -0.223380 0.895857 0.869473 -0.237504 -0.957412 -0.333097 0.523789 0.538001 1.068786 0.385860 0.849495 0.393386 0.750788 -0.141562 1.135623 1.033972 1.244319 2.101578 0.229897 0.310146 -1.050318
0.782876 0.993592 0.524826 0.189951 -0.158522 -0.038798 -0.610292 1.162346 0.771983 -0.194090 -0.734700 1.378696 -1.528267 0.406599 0.138202 0.911553 1.822732 1.110178 0.468282 -0.723196 -0.590031 -0.577299 -1.178873 -0.088830 1.703371 0.247953 -0.359100 -2.379002 1.295652 -1.126746 -1.659267 -0.593592 -0.286066 0.305815 0.359144 -1.198861 -0.562740 -0.125071 1.311191 -0.757471 -0.415754 0.574083 -0.396237 -0.194800 1.259438 -0.300331 -0.047802 0.249605 1.054889 2.252954 0.244831 0.027282 -0.598794 -0.770631 1.561831 0.153428 1.368111 -0.237075 -0.047014 0.161868 2.161705 0.696263 0.924291 1.267436 -0.976287 1.179739 0.162357 1.501040 0.691510 0.153146 -1.365742 -0.769461 0.300135 0.398770 0.551464 2.094211 -1.418848 -0.619590 -0.807611 -1.429135 0.534350 0.262346 0.162534 -0.425879 0.243430 0.332033 -0.207563 0.077745 -2.145757 -0.367343 0.378135 1.121928 -0.726767 -0.831457 -0.829112 0.298654 -0.238142 -0.521339 -1.440463 -0.351340 -2.747472 -0.415833 -1.470352 0.067062 1.218269 0.754326 -0.204304 1.269368 1.093986 -1.082712 -1.530377 -0.551344 1.042849 0.671600 -0.611508 -0.284230 1.913247 -1.143647 -0.872695 1.477938 -0.524943 0.061847 0.120163 -0.222828 -0.592333 -1.243919 0.759222 0.126006 0.870695 -0.267166 -0.373562 1.443316 1.077728 0.014791 -1.042557 0.488105 0.371141 -1.013320 0.072486 0.704530 -0.289098 -1.802523 -0.328588 0.515865 -1.580318 -0.220389 -0.177234 -0.311165 -0.620837 0.294248 -0.656672 0.695589 -0.420887 -0.171722 0.653425 -0.512456 1.309269 0.057015 0.301278 -0.715811 -1.535169 -2.042577 1.370179 -0.335996 2.153235 0.002897 1.713579 1.037359 0.465651 0.781191 -1.713378 -1.559469 -0.538069 0.168459 -0.035377 1.423010 -0.866896 -1.200343 1.505531 -0.718363 -0.338171 -0.485999 -0.065066 1.673644 0.306152 -0.546059 0.268035 0.369982 1.575963 0.145089 0.003402 0.134868 -0.404733 -1.437825 -1.402620 1.637847 -0.940038 0.895507 1.672198 -0.040740
-1.728438 -0.225215 -1.962988 -0.244840 -0.252276 0.039872 -1.786441 -0.816378 -0.841184 0.898304 0.222889 0.646180 -0.822234 -0.954344 -0.820039 -0.023803 -0.512178 -1.179380 1.665703 -0.844003 -1.262226 -0.680109 -0.626484 -0.177856 -0.071223 -1.092530 -0.098713 0.851102 -0.122814 -0.358249 0.687053 -0.045380 -0.085944 -0.545903 0.329551 0.115640 0.061946 -1.116674 0.011801 2.436070 -0.643549 -0.386400 -0.722080 -1.663546 -0.335085 1.872114 -0.355535 -1.300684 -0.444601 -0.727787 -0.140155 -2.663403 0.932933 -0.605954 0.620011 -0.221958 -0.540385 0.232793 1.640518 1.630724 -0.462845 0.105139 -0.679734 1.920599 -0.715189 1.656639 0.933168 1.318827 0.841533 -0.194848 2.683506 -0.026319 0.423750 0.679310 -0.800997 -1.232173 -0.198770 -0.066155 2.199068 0.699676 -1.019505 0.582419 0.419832 0.776655 -2.184378 1.702177 0.041342 0.260152 -0.763328 1.335389 -0.773693 -1.121536 0.062777 1.173485 -0.350496 -1.021554 1.314088 0.887948 -2.193510 0.834614 0.133197 0.478848 -0.432938 -0.856376 -0.709198 0.488317 -0.337733 -0.862509 -1.241533 -1.897103 0.438630 -0.447227 1.405779 -0.388378 -0.595305 0.903386 -2.155869 -0.027700 0.779628 -0.184195 -0.461930 1.747075 -1.183980 -1.634587 -0.694599 2.062693 -0.764245 0.318453 -1.031297 0.599388 -0.337622 0.867572 0.106014 0.060854 0.817875 -1.046627 0.027485 0.303087 -0.046729 -0.770655 1.976383 0.373945 0.367708 -0.393447 0.137764 1.243990 -0.704465 -0.523101 -0.628362 -0.087305 -0.210702 -0.265210 -0.581170 -2.337941 -0.475698 0.717078 1.420489 1.573703 0.861750 1.315836 -0.745671 0.402510 -2.397602 0.269186 -1.773523 0.503447 -0.764941 -0.544407 0.477279 0.758922 1.301130 -1.010708 -0.512378 -1.188719 -0.096909 -2.075499 1.872801 -0.873572 0.192993 0.174857 0.429664 0.015888 0.814512 0.311903 0.071851 -0.909615 -1.160052 -0.960425 1.583395 -0.356927 -0.550779 2.063451 -1.647754 0.818116 2.862653 0.336262 -0.151590 -0.638656 1.672449 0.719508
-0.362547 0.257324 -1.630429 -1.261071 -0.073152 1.398103 -0.616806 -0.399801 0.708443 -2.373448 -0.635793 -0.100785 -0.080499 -0.530977 0.722147 -3.744343 0.004316 -0.057600 0.638032 0.048267 -0.364282 0.647811 -0.365182 -0.854983 -0.834370 2.498210 -0.304375 -1.501118 0.176653 0.584182 0.217250 0.873625 1.749062 -0.180486 -0.763464 -1.590452 -0.627819 -0.478042 -1.873964 -0.464965 -0.662500 0.367812 -1.392226 -1.702167 -2.865233 -0.804422 0.203748 0.507504 -0.215525 1.591096 0.019933 -0.217951 0.617105 -0.184405 -1.090787 -0.833060 0.404265 0.761738 0.358171 -1.118614 0.037251 0.776999 0.845211 -1.790528 -0.589095 -0.962321 0.923578 0.340824 2.806910 -0.361871 -1.896365 0.519951 0.148041 1.578472 0.487622 -2.185188 -1.751883 -0.708343 1.467462 -1.930038 0.752778 -0.180997 0.325585 -0.369611 -1.025141 0.623306 -0.496485 -1.043040 -0.141450 0.443202 0.727258 -0.634047 1.839084 0.550204 1.413043 -0.295794 -0.850872 -0.145717 -0.839639 0.295674 -2.149030 -0.468745 -1.002257 -0.051573 0.171526 -0.982552 0.755518 -0.627470 -1.065147 1.537360 -0.518169 -0.078439 -0.248070 0.668693 1.187485 0.091574 -1.119999 0.893598 -0.350954 0.259925 1.121175 0.926258 -1.171909 -0.890667 -0.419387 -0.233872 1.623548 1.127215 0.453198 0.212113 0.618444 -0.859288 -2.235451 0.188558 -1.732220 0.248263 1.074566 1.043989 0.566778 0.134562 -1.037150 1.092390 0.464031 0.694684 0.728838 0.858833 0.036336 -0.979132 -0.571800 -0.108984 0.040098 -1.387714 -0.211816 0.234249 1.639146 0.505984 -0.692717 -1.284403 -1.581745 -0.217069 0.484930 1.764895 0.654865 0.548159 0.111205 1.186333 1.389840 0.551421 -0.304849 1.903850 -0.802757 1.435032 2.559581 -1.336751 -2.256157 1.326377 -0.120680 0.367387 -1.398088 -1.320938 -1.100037 -0.316901 -2.507495 -1.616583 1.340470 -1.025655 -2.504540 0.146794 1.120276 -0.382147 0.448286 0.067799 -0.196887 0.093320 0.014188 -0.129145 -1.098270 -0.073596 1.838536 -1.637046
-0.621292 0.033122 0.040336 0.423537 -0.705526 0.737049 1.112714 1.650495 -0.575835 0.326606 -1.233930 -0.518442 0.114778 0.343762 1.722824 0.298934 0.579820 0.840749 0.964327 -1.482026 -1.082850 0.849940 -1.385970 0.474956 0.369519 -1.117917 0.366474 -0.334652 0.647277 1.262712 1.217179 0.019720 0.866651 0.631901 -0.888721 -0.286993 0.762885 -0.944168 -1.479879 -0.149661 -0.583603 1.306375 0.546914 0.497055 -0.437883 0.590774 -0.611161 -0.616772 1.140573 1.240442 -1.078070 -0.297447 1.149745 2.984695 0.544030 0.422840 0.457744 0.339305 -3.121821 -0.731305 2.201869 -2.163028 0.846469 -0.682718 0.909696 -0.109863 0.226257 1.544878 -0.859257 0.508988 -0.582635 -0.285825 -0.428550 -0.130923 0.654626 -0.061187 -0.107320 0.236908 -1.260668 -1.216246 -0.898839 -0.314823 -0.988319 1.149337 -0.746708 0.391490 -1.279738 -0.700488 -1.502433 -0.608794 0.635654 0.138006 0.737120 0.694594 -0.821185 -0.619101 2.235630 0.273538 -0.153021 -0.998852 -1.453031 2.168711 -1.308760 0.052088 -0.767746 0.159152 0.510318 1.114238 0.371125 -0.132192 -0.641279 0.176401 -0.727776 -0.491127 -0.212721 -0.297969 1.639963 -0.772019 1.479266 0.459420 -1.014185 -0.100794 0.078920 0.948720 0.890566 -0.609020 -0.111652 -0.775239 0.873100 0.666415 0.768091 0.710801 1.260120 -1.188993 -0.561078 -1.362377 0.750966 1.547421 0.494705 -1.120524 1.091434 -0.658161 -0.319829 -2.442457 0.059894 -2.194762 0.163540 1.074010 0.004302 -1.111580 0.480553 0.825647 1.614647 -0.229385 0.342128 0.752967 2.010659 0.145605 0.334055 -1.737760 1.945403 0.287269 -1.062451 -0.679247 -0.400637 -0.432368 -1.101062 0.811706 -0.306309 -0.050826 -0.643976 -1.168524 0.808198 0.151484 0.167806 1.028590 -0.378960 -0.121293 -0.804809 -0.628145 -0.230617 -0.689413 -0.526103 -0.661538 0.575150 -1.647723 0.520117 0.051518 0.350208 0.745780 0.863481 2.525127 0.387481 -0.866731 -2.910503 -0.641922 -1.010831 1.547566 -0.827560 0.417310
0.096202 0.277242 1.122175 1.499257 0.995246 -0.690505 -0.486327 0.615525 -0.536672 -1.506934 0.451591 -0.437817 -0.464046 -0.257823 -0.130399 1.202413 -1.173448 1.885754 -0.167483 -0.934274 1.184457 -2.050326 -0.127476 0.438893 -0.834835 -0.434568 0.098281 -0.029913 -2.137668 0.149611 -0.066234 -0.078181 0.785069 -0.983426 1.180911 2.958129 -0.464103 0.791348 -0.724955 0.785042 0.314452 1.310256 1.316049 0.138573 -1.254710 -0.729946 0.737047 0.718626 -1.035428 -1.662903 -0.019607 -1.258926 1.269065 1.973149 -0.777205 1.124423 -1.124044 -0.178384 -1.019474 0.592784 -0.515312 1.384249 -0.032653 -0.328229 1.203825 0.080411 0.071432 1.151453 1.087959 -0.102287 1.054641 0.395920 0.842754 -0.104366 0.757780 0.585173 -0.743613 0.033672 -0.369331 -0.079914 -0.850630 -1.499375 0.364290 -1.230632 1.398436 -0.995187 -0.128268 1.387675 -0.176591 -1.742580 0.574268 -1.649886 0.115729 -0.603546 0.530588 0.164531 -0.688349 -0.756752 -0.066412 -0.836151 0.099831 -0.136994 1.096293 -0.719379 -1.390176 -0.824417 -1.113664 -0.992174 0.471803 -0.472218 -0.440576 2.375185 0.404306 2.275466 0.008065 -2.420766 0.477712 -0.353249 -0.375012 -2.031770 -0.139550 -0.094853 1.587305 -0.925663 -0.886171 1.167266 -1.299190 -0.234533 -1.509840 -0.297698 0.506324 -0.866587 1.337551 1.560511 1.434894 1.090076 0.788248 2.530150 1.481456 -0.272499 2.394272 0.284877 -0.102778 -0.704898 0.375721 2.161212 -1.038579 0.622612 -1.285630 -0.438582 0.188596 -0.694089 -1.746346 -0.010137 -0.479066 -0.142951 -0.268815 -0.315462 -2.123858 0.426263 -0.335846 -0.562272 -2.603862 1.088277 0.194275 -0.495285 -0.639277 -0.153943 0.017475 -1.349490 -1.497801 -0.101945 0.036892 -1.003477 1.503470 -0.570906 0.615803 1.073169 -0.793259 -0.136020 1.900963 0.213393 -0.719308 -0.495607 -0.531493 0.166213 0.699024 1.549321 -0.880842 0.286247 -2.302078 -1.214913 0.083990 -0.076418 -0.585327 -0.165217 -0.475015 -1.762133 0.287253 -1.112271
-0.849697 -1.242962 0.672379 -0.279237 1.437950 -0.965830 -0.185953 0.473712 -2.541466 0.393999 -1.146221 -2.153470 -0.777322 1.199849 1.131808 0.051263 0.430414 -0.864437 0.539627 0.112036 -0.884192 0.482806 0.733975 0.179381 -0.996719 -0.623977 -0.553515 1.212459 -1.084082 1.375126 0.156655 0.982428 -0.004718 0.756509 1.354081 0.949528 -0.521064 2.456871 -0.884977 -0.163739 -0.161651 -0.647361 0.372803 0.375652 -0.025791 -1.162299 -2.059588 1.981517 -0.803611 -0.869039 -0.956446 0.683970 0.020620 -1.403381 1.232835 -0.553674 1.816741 -1.557749 -0.025235 2.438795 1.764149 0.740851 -1.071473 1.110743 -0.678457 0.010372 -2.992305 -0.300296 0.710991 -0.765429 -0.625607 1.562849 -0.707885 1.078824 0.632625 -1.813870 -0.203168 -0.416332 -1.872280 -0.984275 -0.168093 -2.552054 -0.914792 -0.770412 -1.519962 0.583889 -0.336083 0.438105 -0.607965 -0.464707 0.515437 -1.529467 -1.088834 0.088868 0.184675 -0.782634 0.481061 0.781089 2.451324 0.327997 -0.151617 -0.316147 -0.903720 1.857966 0.071294 1.030776 -1.084750 0.731664 0.276778 -2.549244 -1.277502 -0.465339 -1.142867 0.538126 0.017246 0.994879 -0.919017 0.272447 -0.140110 -1.422057 2.036483 0.855890 -1.332042 -1.931075 1.013198 -0.594715 -0.953679 1.136375 0.997030 -0.405554 0.054756 0.524128 -0.329853 0.359480 -0.161672 -1.030925 -0.360851 -0.643565 0.944714 0.393775 -0.914186 -0.890995 -0.647154 0.847124 -2.875489 0.416220 -0.603914 -0.230233 -1.658649 2.421545 -1.930249 -0.031419 0.716162 1.851337 -1.884935 1.249012 -0.508505 -0.806776 -1.724416 -0.538050 0.128199 -1.151148 0.252195 0.117714 0.535389 -1.497853 -0.059302 -0.238448 -0.600966 0.237462 -2.024109 0.035430 -0.456864 1.083398 1.172409 -0.009465 -0.999268 -2.023560 -0.683755 0.643187 -0.820132 -0.487538 -1.491987 -0.470261 -1.391962 -0.908831 2.052697 0.664138 0.581356 -0.351350 -1.173185 0.812934 -0.452150 0.531974 -0.021566 0.712978 0.125353 -1.638952 1.885519 0.649664
0.178554 1.347192 -1.517084 -1.346904 -0.088695 0.613563 0.727151 0.666957 0.745816 0.925355 0.042361 1.302796 0.370459 -1.425411 -0.870871 -0.145221 0.345136 -0.549023 -0.466778 0.454767 0.503305 -1.825624 -0.485715 -0.657515 -0.111529 0.392160 -0.192356 0.887034 -1.527999 1.771689 -2.671512 0.016720 0.676970 -0.606906 0.340512 -0.102598 1.002251 -0.251357 0.605816 1.365552 -0.743119 -1.299617 -0.942740 0.211382 1.404901 0.416642 -0.926883 1.385199 -1.768695 2.912519 0.137886 -0.822921 0.465405 0.934506 0.131278 -1.986268 0.805007 -0.694971 0.427739 -1.215577 -0.462485 0.378778 -0.118192 1.570322 1.150030 -1.049737 -0.696315 0.489307 -0.033380 0.683711 -1.438635 0.782863 -1.367390 -2.453245 0.143815 1.182761 -0.298541 -1.481025 0.090377 1.631085 -0.132748 -0.292236 1.264424 -0.310291 0.678379 -1.942956 0.380467 0.822683 -1.092059 -0.633566 -0.624317 -0.316019 1.857443 -0.181826 -0.204889 -0.331017 0.126562 0.824688 1.496624 -0.978207 -0.378423 -0.067381 -2.116601 1.259084 0.560543 0.089056 0.202956 -0.763298 0.505649 -0.687530 -1.398387 0.410452 -0.199953 0.829042 0.022968 -1.050613 0.810824 -0.416643 1.191708 -0.449786 -0.454259 -0.200213 -0.072621 0.325486 -1.751606 -1.859958 0.541486 -0.713660 1.153484 1.679762 0.439929 -0.294563 0.417283 0.705892 -0.155430 -0.286896 1.702160 0.486791 1.094693 -0.930959 1.063461 -0.005410 -0.557861 1.170914 0.179656 -1.093480 0.823125 1.154646 0.167331 -0.920597 0.405152 1.751778 0.703824 -0.453327 -0.877047 -1.893010 0.577892 1.171698 -0.741943 -0.340129 2.181509 0.145847 -1.659591 -0.559932 -0.747089 -1.203937 -0.366185 -1.000109 0.036104 0.859579 0.068130 -1.167712 -1.940283 -1.911552 -0.027211 -0.178678 -1.523777 0.674463 0.628720 1.010021 -0.495824 0.204433 0.444880 0.404178 -0.698589 0.592129 0.682426 -1.446266 0.627769 -0.395227 1.021513 0.886959 0.343495 -1.197213 0.145633 -0.346598 1.437794 0.179130 -1.297698 -1.572941
-1.623813 -0.276085 -0.193637 -0.431148 -0.030358 -0.881859 0.052703 1.116787 0.709272 1.270457 -1.050135 -0.852294 -0.854878 -1.857633 -1.291921 -0.426129 0.994122 0.075320 1.064924 -0.324196 -1.170154 0.340733 0.949670 0.588922 0.179821 -0.740942 2.163873 0.235476 0.288388 -0.481366 0.811054 0.011576 -0.486286 -1.265655 0.144308 -0.025050 2.045467 1.287043 0.797989 0.615912 0.932644 1.624585 1.005579 1.183270 0.212384 0.631365 0.400944 -2.758375 -1.938089 0.440271 1.634004 1.386517 -0.242726 -2.741037 -1.044881 0.515131 -0.153154 -0.625606 -0.029650 -0.272502 1.536542 -0.025165 1.828730 0.065612 1.376088 -0.312064 0.620192 0.102035 -0.503877 -0.444395 -0.779723 -0.556260 1.711208 1.015698 -0.195630 1.401227 1.080235 0.023107 -0.141310 0.691242 -0.275404 0.421334 1.353374 -1.050339 -0.057452 0.053724 0.355343 -0.736088 0.384445 0.759210 0.524262 0.195374 0.478925 -0.416014 1.525600 -0.596578 -0.122820 1.271477 1.876417 -0.359123 0.109732 1.143049 -1.037258 -0.033162 -1.770973 0.495542 0.003977 -0.345497 1.302634 0.090588 -0.631084 0.010881 -1.857176 -0.744338 -1.207846 -1.611523 -0.256513 0.027285 2.305999 -1.563025 -0.311971 -0.252121 -2.710125 0.756106 -1.270831 -0.837923 -0.069688 0.154919 0.129871 1.096598 -1.139910 0.980310 0.072030 0.531413 1.945314 0.293457 -0.228326 1.439394 -2.527294 -1.512894 -0.885454 -0.150561 -0.221169 1.766309 0.975744 -0.835489 0.431295 -1.313540 -0.237001 1.037392 -0.034822 0.659014 -0.246149 -1.226742 2.326033 -1.583023 0.576232 0.369629 -0.021031 0.484302 -0.597035 -0.869386 -0.396230 0.833616 -1.032864 0.181219 -1.039187 0.239930 -1.202849 -0.479762 0.266341 -0.473150 -1.516799 -2.438914 -0.391490 -0.252276 -1.557726 -0.975992 -0.004730 0.612045 0.926216 1.303346 -0.612107 1.045377 0.930381 -0.192955 0.689901 -0.039192 0.393122 0.073718 -1.236821 0.324688 2.827312 0.584834 -0.009150 -0.308773 1.096184 0.894151 -0.254111 0.171223
0.474187 -1.214750 1.650606 1.112940 -2.188638 0.130813 0.276855 0.999050 0.204297 -2.209578 -1.431912 1.239883 -1.711246 -0.697601 -0.336638 -0.468562 1.465156 -0.646592 -0.047625 -0.848988 -0.192517 0.534178 0.747607 -1.657039 -1.440151 0.609993 -1.335102 0.038939 -3.063333 0.356941 0.041549 0.067943 -0.242394 0.881459 -0.624885 0.209564 0.563766 0.556882 0.043422 1.314487 -1.005335 0.356926 1.734548 0.101282 -0.108291 0.654217 -0.366757 -1.568835 -2.188099 0.369812 -0.798026 0.895006 -0.205997 0.209153 0.769838 0.258969 -0.621416 0.472349 -0.962054 -1.586776 -0.723923 0.570149 1.383314 0.983798 -0.298618 -0.423254 0.246554 0.995209 -0.082751 -1.275370 0.202007 -1.154652 -0.123212 0.168398 1.399502 -0.269501 1.091672 0.644027 0.366013 -1.174235 -1.004453 -0.605273 0.125651 -1.034751 -0.900229 -0.217493 0.507868 0.783346 2.449104 0.584982 -0.340899 -0.720678 0.420337 0.221013 0.974252 -0.771351 -0.307168 -0.411472 -0.960118 0.237890 -1.289028 0.099902 2.369704 0.117205 -0.081243 0.594390 0.324418 -1.035246 -0.110937 0.593095 1.395337 0.083388 -0.141618 1.151932 0.182007 -0.938149 0.942389 0.272622 0.125629 0.943687 -1.569581 0.857245 1.579933 0.421012 0.959118 0.429993 -1.198167 -0.705867 0.111754 1.325776 0.661074 -0.399357 -0.792898 -0.094257 0.191082 -0.788308 0.616482 0.475640 -0.827352 -0.170810 1.113464 0.241256 -0.897522 -1.036796 2.156018 0.456464 1.314680 -0.795015 -1.183029 -2.193391 0.929167 0.923818 1.907577 -1.116409 1.192431 0.661604 0.874390 -0.376062 -0.431885 0.647392 0.937594 0.617296 -2.739452 -1.181486 -0.550663 -0.101117 -0.267951 -0.864700 -1.534189 0.304883 1.144891 0.056962 0.681867 0.361008 1.715167 -1.659169 0.521830 0.169693 -1.295655 -0.350545 -1.234194 0.065420 -1.294832 -0.331089 0.247094 2.730998 -1.251845 0.967341 1.346850 0.096991 -1.679881 -1.329348 1.513714 0.044787 0.865584 0.816708 0.355750 -0.170766 0.127672 0.844750
1.106242 -0.175100 -0.572988 1.661790 1.164032 1.527917 -1.029488 -0.006379 1.551025 -0.307453 0.096545 -2.455910 -0.936716 -0.362480 0.614305 0.462051 -0.424784 0.690652 -0.557557 -0.188543 1.539259 -1.202293 0.910920 -0.228818 0.865893 1.295434 1.033230 0.301437 -0.859805 0.154813 -0.169238 -0.264046 -0.465794 -0.571189 -0.986171 2.350544 1.105393 0.215315 -0.213890 0.467752 0.746277 -0.508483 0.165355 0.135694 0.366903 0.029643 -1.717212 0.590846 0.790660 0.107018 0.014791 1.227602 0.449616 -1.556027 -0.065617 1.025912 -0.248553 -0.350572 0.031825 2.173345 -0.229607 -0.638562 0.482130 2.108364 -2.734677 -0.329828 0.944973 2.494189 -0.099395 1.023342 0.840568 -0.374994 1.088658 -0.235532 0.817057 -0.317264 0.289234 0.409437 0.300784 1.738863 -0.213846 1.642875 0.050010 0.696217 0.880275 -0.207170 0.796992 0.862977 -0.315616 0.327843 0.718131 0.664740 -1.070942 -0.109338 1.406749 0.700118 -0.505148 0.927350 0.491747 0.479858 -0.412411 -0.434208 0.018891 -0.915758 -0.702717 -0.088835 2.262347 1.068133 0.338286 -0.632574 1.891992 0.026583 0.017027 -0.204361 0.757847 -0.445311 -0.674035 -2.833864 0.785408 0.244550 -0.217788 -1.337561 0.032007 -1.489074 -1.761518 -0.267702 -0.915297 -1.488542 -0.455192 -0.438507 1.089061 0.289411 0.819784 -1.752121 1.400204 0.619202 0.537131 0.468237 0.568156 -1.398626 0.439207 1.329731 0.814703 -0.073446 0.229008 -0.411286 0.091681 -0.779158 1.062910 -1.210936 -0.417863 0.914943 -0.506056 0.435549 -0.777677 0.429287 0.803860 -0.627635 0.659371 0.697007 -0.927278 1.022024 -1.299867 -0.704372 0.715806 -0.514331 -0.557933 0.691377 -1.509228 0.258996 -0.622363 -0.147870 2.483546 0.406150 -1.162494 0.503877 0.349322 2.914266 -0.380258 -0.540285 0.964753 0.348616 -0.622192 1.014948 0.191276 2.296799 -0.318793 -0.721906 -1.024204 -1.261220 0.241023 1.202216 -0.218846 -1.902324 0.134427 -0.074375 -1.223317 -1.349728 -0.606064 -0.437278
-0.523308 -1.053999 -0.343586 -0.108980 -0.408961 -0.286005 -0.283019 -0.281472 -0.577198 -0.203775 0.466906 1.040951 -1.967346 -0.283718 -0.198309 0.646037 0.084053 -0.771608 -1.383344 -1.242317 -1.695243 0.926493 -0.731608 1.021577 -0.924153 -0.767077 -0.097844 -1.048763 -1.398494 -0.403253 1.167533 -0.059991 -0.108518 1.779739 -0.694472 -0.194595 1.879995 0.530118 -0.946293 -2.549567 1.089338 2.282565 -2.712939 -0.108063 -1.131209 1.236060 0.739374 -1.681911 -1.990741 1.489438 1.216227 0.960255 0.688752 0.646901 0.723620 0.399384 -0.182336 -1.019600 -0.116812 -1.660016 0.019179 0.267243 -0.024287 -0.037718 0.445732 -2.208432 1.410159 -1.939127 -1.053757 0.672115 0.427345 0.273464 -0.751205 -0.115209 -0.326871 -1.135851 -1.417674 0.459880 1.715800 -1.164663 0.927983 0.700029 -0.581956 0.402126 0.309298 0.626300 2.076512 -1.225628 0.435508 -0.810752 1.514471 0.937174 -0.950152 0.278411 0.912533 1.168882 -1.385854 0.087328 0.040386 0.692603 -3.769703 0.402697 -0.440140 -0.313104 0.933723 0.807681 -0.098956 -0.474095 -1.451658 1.042485 0.764658 -0.915318 1.681714 0.927148 -0.684208 -0.502678 0.227938 2.181210 -0.898475 -0.488016 0.059457 1.040448 -2.229711 0.523028 0.229888 0.660297 0.571676 1.303195 1.436013 -1.075485 0.868497 0.670722 1.142324 -0.460097 -0.831552 -0.490455 -0.188495 0.309656 -0.955949 -1.170914 0.057864 0.122172 1.684892 0.402068 0.558274 -0.421242 0.954652 -1.514768 -0.587096 0.124930 -0.199962 0.296796 -2.404735 0.979407 1.330762 -0.514113 -1.661144 0.045119 2.204560 -0.490178 -0.080550 0.349635 -1.496943 0.238465 0.217962 -0.225800 -1.587990 -3.007525 -0.930846 2.280096 -1.129314 -0.620839 -0.656413 1.183972 0.632583 -0.852369 0.264213 -2.315163 -0.310439 0.877250 -0.296314 1.246946 -0.105248 -1.187828 0.512111 -0.027933 0.228061 0.610756 1.055650 0.101866 0.787809 -0.413366 -0.846281 -0.588123 -0.935410 -0.263734 -1.365259 -1.359846 1.068188 -0.281904
0.992406 0.082201 -1.152567 -1.645953 -0.138157 -0.361751 0.621583 -0.999164 0.777956 0.724033 0.587581 -0.049394 0.899006 1.458130 -1.811043 -0.690598 -0.089921 -0.662391 -0.331338 -0.148156 -0.279664 -0.420337 0.428859 0.383456 -1.518138 -0.707176 -0.258433 0.307469 -0.754586 -0.533524 0.680363 0.612722 0.061739 0.596705 0.326365 0.720835 -1.184021 -0.097604 -0.961352 -0.640904 -0.816788 1.072493 -1.130887 -0.159847 -0.535021 1.236720 -1.085534 -0.906724 -0.498399 -1.173537 1.863743 -1.774036 2.096802 0.848622 0.305001 -1.039821 -0.996252 -0.843561 -0.044424 0.306136 0.406648 1.868915 0.900499 -0.976868 -0.316246 0.867865 -0.428184 -0.504986 -1.542918 0.545977 1.248825 -0.088257 -0.668398 -0.135220 -0.664665 -0.226929 1.316999 0.064647 0.207861 -0.007770 0.082882 1.180509 -0.169847 1.218066 1.360115 0.299809 0.735694 1.241128 -0.815977 0.755319 2.499662 1.354216 -0.808319 -1.896915 -0.345194 -0.698144 1.785751 -0.290352 0.977222 0.430221 1.475080 -0.438262 -0.857507 0.355805 0.827327 -1.093168 -0.149925 1.186380 1.169600 -0.574812 -0.584080 0.226322 -3.078601 0.203906 -0.212096 -0.066971 -0.410834 -0.373889 0.100258 0.165612 -0.350646 -0.034313 -0.795129 -0.925341 -0.593642 -0.375895 -0.836630 0.382477 0.618934 0.534973 -0.089059 -0.108761 -1.621561 -0.804473 -1.951279 -0.000039 -0.822405 -0.113313 -0.432437 0.179697 -1.076261 -0.070122 -0.306583 -0.254838 -0.397770 0.097460 0.831374 1.086289 1.051690 1.403822 0.630892 -0.241455 -0.386473 0.173861 0.056181 1.155253 -0.746848 0.344584 0.833218 -0.799956 -0.894847 0.002268 1.481639 0.084735 -1.424190 0.680758 0.760106 -0.156244 0.237869 0.765764 -2.191887 1.526861 -0.440658 0.521918 -1.504418 -0.697110 0.806625 0.535851 -0.126190 0.319275 1.328443 -0.400640 -0.852237 -0.759853 1.069410 -1.995734 -0.473947 1.138885 0.631200 -0.287217 0.425788 0.336839 -0.493031 -0.519136 0.306325 0.565880 -0.382929 -1.480257 -0.552700 0.231657
1.030124 1.311352 0.056393 -0.018268 0.909366 -1.480202 0.432901 -1.637548 -1.062788 -0.200354 0.139961 0.302116 -1.147603 -1.108995 -0.159120 1.358618 -0.309020 -1.110360 1.193326 -0.066885 -2.180346 0.808132 -0.624531 2.226041 -0.324782 2.573940 -1.579360 -0.431758 0.500651 -0.340720 -0.249424 0.090784 -0.753505 -1.768848 0.233179 -0.414178 -0.284346 2.547527 0.603791 2.382910 0.304291 -1.010354 -0.614395 -1.410404 1.384947 -0.822579 -0.880180 -0.859341 1.837915 -0.379317 0.204768 -2.497672 2.265529 -1.274109 0.120119 -0.180330 -0.270126 0.455531 -0.696665 0.131372 0.549362 -0.971245 0.463628 -0.776597 -0.526380 -0.790866 1.200835 -0.030651 -0.873923 -1.594117 1.707605 -0.063648 0.917568 0.313815 1.122314 -0.067401 -0.789785 -0.343123 -1.266187 -0.101439 -1.451161 -0.576091 1.512038 1.140196 -1.515728 -0.858367 0.867571 0.701310 -0.841228 -1.554644 0.411256 1.557768 0.354583 1.394983 1.262805 0.103755 0.105170 -0.009704 0.310536 0.137713 -1.361315 1.567536 0.675620 -3.862898 -0.626583 0.036330 0.844411 0.626777 0.058765 -1.213411 -0.748837 0.360473 1.862362 1.423607 -1.981935 -0.104399 1.158068 0.574595 0.014439 -0.475254 -0.416933 -1.038674 0.481094 -0.141285 -1.108130 -0.719305 1.083284 -0.113744 2.217774 -1.103943 0.240821 0.797640 -1.280139 0.889166 -0.561243 0.212526 -1.033737 -0.775543 -2.219619 -0.632134 0.932001 1.329863 0.706820 -0.392491 -0.054555 0.756739 -2.175901 -0.639187 -1.403495 -0.195916 0.344369 0.618110 1.062556 -1.299925 -0.234331 1.203233 0.040949 -0.285876 -0.790033 0.323174 -1.161644 -0.662073 -0.462055 1.661278 0.626526 0.601715 0.384768 -1.646580 -0.109861 -0.056084 0.061728 0.834808 -1.259649 -0.386801 0.763396 -1.213685 -0.961251 -0.253685 -0.019002 0.203927 1.615158 0.245516 -0.614195 0.006995 -0.183729 1.476504 -1.286557 1.218111 -2.578651 1.750819 -0.605158 -0.888914 0.954332 -0.932941 -1.226547 0.403493 0.520588 0.336803 -0.821325 -1.624912
-1.779100 -1.266835 -1.761820 1.538950 -0.029458 0.270223 0.600346 0.444797 -0.455464 -1.292181 0.609539 0.771847 0.441067 -0.422406 -0.154007 0.770543 0.381405 0.033597 -1.727454 1.647017 0.641825 0.789956 -1.155085 0.428122 -0.644062 0.257444 -0.096936 0.398169 -0.249968 -0.747459 0.326569 -0.857993 -0.678958 -0.757803 -0.016199 -0.212282 -0.408009 -1.017637 0.243069 0.701665 -0.598085 -0.831922 -0.738229 0.611862 2.507117 -0.066806 -0.079061 -0.325987 -0.305984 -0.457752 0.105776 -1.982904 0.355908 -1.277987 0.923145 -0.780047 -1.074273 -0.876088 -0.415767 0.611741 0.587404 -0.647082 -0.227370 0.544914 -0.697457 -0.161140 0.384798 0.722441 0.955437 0.489378 0.422778 2.318181 -1.515686 -0.881864 0.298086 0.258004 1.048386 -0.495681 -0.484073 -0.040376 -0.818673 0.913661 -0.351999 -1.422195 -0.250543 1.265295 2.928001 1.323686 -0.740607 -2.197644 -0.259707 -1.342691 -0.031298 -1.612187 -0.062919 2.306130 1.231481 -0.423064 -0.398441 -0.055954 -0.035815 0.948000 0.962498 0.560918 -2.743369 0.142985 -0.141430 -0.533391 0.620480 0.668617 -1.371594 -1.746269 -0.142259 0.065823 0.505097 -1.014298 0.829608 0.016751 0.088936 0.864140 -1.414516 0.643957 -0.875066 -1.566426 -0.528094 0.877879 -0.742026 1.066758 0.999711 -0.221674 0.401834 -0.199604 -0.302965 0.261762 -0.227631 0.954434 -0.372140 -1.448283 -0.878140 -0.464718 0.973168 -0.345015 0.927427 -0.487853 1.118953 0.749107 0.476860 1.158923 0.790292 -0.141514 0.272855 -0.477116 -1.133439 0.775385 -0.514462 -1.551343 0.106575 -0.303260 -1.122426 0.829030 -0.357179 -0.280185 0.059141 -1.354350 0.963982 1.838445 -0.199140 0.313030 -0.922079 -1.530219 -1.784671 2.176347 0.146216 -0.778744 -0.352978 -0.505665 0.091148 -1.127573 -0.154377 1.986905 -0.163885 -0.890060 1.168881 -0.552572 -0.768662 1.292646 1.432448 0.161783 -1.410076 0.190062 -1.116724 -0.022655 -1.324336 0.543710 1.587451 0.408345 0.835297 0.784875 1.137223 -0.345957
1.035566 -0.935345 1.858648 0.329797 1.986561 0.896587 1.107792 -2.031103 0.270200 -0.151458 -1.284291 0.496722 2.563868 -1.985118 -0.134566 -0.391022 -0.569249 -1.569003 -0.319423 0.460862 1.016156 0.537849 1.266970 0.897910 0.392518 -0.615270 -0.154010 0.653342 0.797551 2.608789 0.780378 -0.671200 -1.824727 0.020622 0.044082 3.073977 -0.482766 0.113716 -0.182235 1.512423 0.599509 1.093631 0.154331 0.896530 1.285656 -0.328381 -0.182149 -0.786524 1.183179 1.006933 0.110577 2.126608 -1.179743 -0.190007 0.663573 -0.367458 1.852455 -0.137333 0.740814 -1.250669 0.657674 -0.574899 1.329840 0.445750 -0.427392 0.750279 -0.135684 -0.277958 -0.065364 1.643051 0.011746 0.176821 -0.508127 -2.081977 -1.623427 0.477706 0.128519 -0.470439 -0.623269 -0.127048 0.010309 0.130485 -1.514220 0.902672 -1.461153 0.519315 0.223181 -2.060461 -1.003592 -1.147073 -0.380606 0.968741 1.194766 -2.110116 0.627370 1.076218 -0.507385 -0.133918 -0.346316 -1.249145 0.710324 2.367403 -1.996027 -0.865551 2.245418 0.402338 0.908288 1.625139 -0.863920 -1.068847 0.523428 1.371485 -0.576073 -0.420329 0.367308 0.507299 -1.302395 0.345432 0.168893 0.799328 -0.174453 -0.062391 0.190840 -2.214663 -0.407875 -0.174585 1.114055 -1.164031 0.082547 -0.265775 -0.884439 1.067382 0.519770 0.876855 -0.878849 -0.402701 0.697790 0.832349 0.949120 0.278157 0.614636 0.670724 -0.045342 -0.285690 -0.867022 0.639181 0.604576 0.140364 1.732714 2.681323 1.365804 0.315819 1.149527 -1.489861 0.994463 -0.265775 0.464517 -0.444323 -0.587536 -1.409487 -0.159676 1.201055 0.151270 0.024513 -0.124591 -0.456818 -0.622012 -0.316034 1.512226 1.537486 -1.079115 1.062724 -0.763255 0.040308 -0.989531 0.171209 1.845153 -0.262422 -0.098301 -0.236067 -1.533579 2.295834 0.824140 -0.396446 0.418712 0.209955 1.653826 -1.567276 0.745947 1.530073 -1.910853 -0.037507 -2.017093 -0.386144 -1.916259 1.680378 -1.927561 -1.365160 0.988633 -0.571011
-0.659482 0.983825 -1.159349 -0.532911 -0.787402 0.545571 0.024305 -0.254104 0.245036 -0.185480 0.033718 -0.611758 -0.497186 0.956408 0.310089 2.986147 1.546768 0.824114 1.074493 0.289608 0.043233 -0.907871 -0.905628 -0.264265 1.788953 0.855174 1.262532 -1.402981 -0.208180 -1.650291 -0.374604 0.031309 -1.001501 -0.646261 0.069557 0.835182 0.143150 -0.999741 1.959124 0.738750 0.007997 -0.905186 1.758540 0.545439 -0.430167 -0.340768 -1.109236 -0.331710 -0.019353 -0.288164 0.258990 0.477779 -1.138115 0.486075 -0.924213 0.275763 0.734132 0.155930 1.038597 0.358980 -0.326003 -0.393223 -0.333289 0.474061 0.680794 -0.377590 -1.278577 0.036965 0.326877 0.702924 -0.405699 -0.219818 -0.557823 -0.160419 -0.538784 -0.953018 -1.301907 -0.951470 1.004721 -0.457340 -1.129908 0.323142 0.899154 0.244014 0.708166 0.093649 1.800421 -0.000284 1.102001 0.043578 -0.017212 0.077054 1.497787 -1.153850 -0.423209 1.446283 -0.760728 -1.003876 -0.121783 -0.312070 2.370351 -0.198586 0.660584 -1.884504 0.384642 -0.850000 -0.437564 -0.639909 -0.485984 -0.205914 -0.685615 -1.526766 0.319180 0.309639 -0.756178 0.375203 0.151179 -0.106270 -1.091444 0.317695 0.295393 1.624506 -0.373747 0.212544 0.093074 1.412862 0.422134 0.675607 1.669172 0.868663 1.366714 -2.255192 0.042410 -1.479419 0.680651 0.127413 0.791627 0.622628 1.627249 0.424317 0.967896 0.402578 0.114172 -0.702434 2.456243 0.865402 2.061524 -0.970463 0.810263 -0.674161 -0.406615 0.159917 0.449653 -0.147001 -0.779083 -0.081813 -0.918910 -0.429741 -0.130047 -0.391129 -0.777908 -1.245543 -1.821045 -0.628466 0.080006 -1.156012 -0.409669 0.348309 -0.220833 -0.967980 -1.256091 0.038363 1.531355 -1.153242 0.028814 1.170663 -2.302367 -0.235609 0.321240 -0.535349 0.138046 0.958085 -0.519727 -0.044772 -0.421665 2.548077 0.782533 -1.248748 1.323415 -0.137700 0.323014 0.861853 -0.284994 0.778366 -0.378235 0.241395 0.287239 0.375069 -0.367636 -0.227238
0.646941 -0.446190 -0.715812 -0.500684 0.363202 1.137354 0.291235 1.090701 -0.731816 0.830001 -0.191771 -0.096960 -0.496777 0.435798 0.105082 1.556093 0.154173 0.637597 -0.426094 0.124695 0.092618 0.861577 -0.351292 0.824566 0.349043 -1.253324 0.092080 -0.782368 -1.630563 -0.636534 1.515802 1.043891 -0.876113 -0.101322 0.126323 -0.709523 -0.648377 -0.750493 -0.160747 0.736100 -0.638659 -0.808490 -0.762153 -0.281333 -0.689163 0.856585 -0.203172 -2.094947 -0.371481 -2.074079 0.262005 0.102830 0.212208 0.259811 1.040708 -0.577409 -2.417034 -0.871281 -0.397812 -1.749831 0.678974 0.064371 1.331783 0.979522 -0.993375 -0.461986 0.367432 -0.352747 0.802303 0.193397 -1.224323 -0.231525 0.309649 -0.605356 0.422259 0.041540 -0.835777 1.224085 0.874326 -1.976870 0.823539 -1.119576 -0.120937 0.298226 0.652105 1.015850 0.883829 0.035211 0.319898 0.375820 -0.072712 0.625244 -1.094556 -0.743826 -0.295072 0.980588 -1.430045 -0.892422 0.634029 -0.704604 -0.714680 0.767536 -0.059634 -0.621511 2.021749 0.775894 -0.146944 -0.106485 0.243443 -1.676646 0.217467 -0.626468 -0.042459 0.016574 -0.731159 1.483066 -0.209672 -0.817280 0.827407 0.823688 0.195422 -0.836489 -0.640965 1.896839 -0.145836 1.678627 -0.591942 1.498877 1.133417 -0.428283 -1.517159 -0.331429 -0.528122 0.637206 -0.097988 -0.800249 0.423626 0.343143 0.074414 0.120584 -1.634095 -0.698303 0.465200 -0.499535 1.438617 -1.398448 0.536190 1.626036 -0.262216 1.203894 -0.490285 1.728776 -0.018394 -2.076110 -0.546947 1.414773 0.453275 -0.696879 2.117388 1.952776 -0.196237 -0.713664 -1.608576 1.050689 -0.120747 -0.650328 -0.555349 0.367298 1.340628 -0.449336 0.095222 -0.455229 0.319044 0.026101 0.886603 -0.269763 1.620232 0.977945 1.058219 -0.157677 3.075366 -0.994537 -1.283068 -0.022163 0.080668 1.489852 0.262158 0.834607 -1.842221 0.904075 0.402278 1.486339 0.344324 0.897075 -1.356787 -1.652498 1.023843 2.615226 0.113549 -0.352276
1.957808 1.172356 -0.290152 -0.059351 -1.937743 0.719704 -1.099843 -0.342907 -0.802621 -1.384243 0.320686 0.210376 0.527288 0.181196 0.018160 -0.500058 0.812316 -1.324306 -1.409549 -0.390264 0.571979 0.761092 -0.829026 0.591645 -1.023736 1.116274 2.889059 -0.441671 -0.351588 -0.457276 -0.516180 -0.585648 0.696163 0.000002 1.135774 0.048448 0.606273 -0.598638 -0.163987 0.425893 0.465508 -0.401370 0.477896 0.299047 -0.104679 1.453755 -1.426405 0.156612 0.387512 -0.827356 1.443967 0.258699 -0.001184 0.836591 -0.834354 1.094472 -0.915108 -1.106349 0.124322 -0.698376 0.242336 -0.000491 1.794212 -0.881730 1.404267 -0.005024 0.335016 -1.162816 0.436025 0.081855 1.215347 0.281559 -0.283125 0.058502 0.437542 1.938673 2.840456 -1.382916 -0.928851 0.740277 -0.865717 1.419612 1.107657 0.518113 0.209340 -1.128385 -1.060817 -1.373591 0.584055 0.182712 0.649017 -0.945712 0.112040 -0.042497 -1.519316 -0.195700 0.027106 -1.778099 -0.622722 -0.331785 0.288098 1.629662 -0.786032 -0.806869 -1.011026 1.492886 0.413900 -0.020082 0.796750 0.043938 -2.219499 1.201092 -0.028695 0.550090 0.532544 1.999819 -1.458925 1.887800 -0.861858 -1.009599 0.547028 0.840938 1.421291 0.098589 -0.529927 -0.079432 -0.758388 0.817947 1.573325 -1.089309 -0.082325 -0.406074 0.280247 -1.124407 1.473557 -0.585092 -0.218837 -1.857729 0.721242 -1.515498 -0.627762 -0.043709 0.873118 -0.046294 0.896351 0.263222 0.421962 -1.020192 -0.026989 -1.285916 0.068177 -0.516722 1.021954 -2.490367 0.026569 -1.279050 -0.296687 1.935767 0.159457 -0.691626 -0.117772 0.168429 -0.581572 -0.498289 0.124020 0.223711 -1.406079 -0.800643 -0.889133 0.096462 0.680760 -0.426940 0.492686 0.593543 -0.069003 1.762523 -0.814366 2.511541 -0.403579 -0.445263 1.092563 -1.956531 0.859161 1.199348 0.327684 0.758176 0.048465 1.491539 1.681599 0.079049 1.415530 -0.926772 0.144940 1.352454 0.664817 -0.225014 0.759055 0.012169 -0.019969 2.046752
-0.436820 -0.933181 1.098618 0.427629 -0.163125 -0.905789 1.436365 0.129328 0.600265 0.324840 0.152449 -0.309685 0.553403 2.040859 -2.175933 -0.611795 -0.105649 -0.352596 0.744026 1.612531 0.650695 -0.923093 0.979398 -0.767946 0.003144 -0.079794 -1.386547 3.589292 -0.711394 1.519134 -0.104937 -0.185374 0.628411 -0.972961 0.259088 1.055159 -1.713130 -0.369648 -0.867774 -0.734156 -0.203552 0.949455 1.126478 0.559279 -0.047084 1.912774 -0.153128 -0.100217 0.164753 -0.098976 0.332105 0.007714 -1.364413 0.194637 -2.659955 0.268589 0.487193 0.988850 -0.704402 -1.001348 -1.557830 -2.044801 0.479515 -0.195714 0.568483 0.756951 0.299211 -1.531490 0.808208 1.717754 0.410686 0.946581 0.577179 -1.366854 -0.403202 -0.371773 -0.070417 0.014956 0.340335 -0.035706 0.676658 -1.089108 -0.200251 0.459305 -1.677037 -0.598888 2.102690 -0.935534 0.515785 0.308606 1.111234 -1.688264 -1.852517 0.891403 0.028929 -1.199721 0.907445 -2.002572 -1.670920 0.811085 -0.069372 -0.569661 1.010747 1.058679 0.197552 0.845236 -1.915097 0.139822 1.295772 -1.088088 -0.657373 1.132991 0.839346 -0.162508 1.111697 0.564255 -0.567027 -1.246092 -0.416184 0.985558 1.005589 -2.458413 0.685630 1.468067 -1.407431 -0.841839 0.325240 1.217836 0.568973 0.004601 0.661546 1.231516 0.318181 -0.854759 -1.266027 -1.572262 -0.510748 -0.363749 0.049193 -0.417643 -0.043324 0.046692 1.303072 1.155238 0.857579 1.524288 0.279973 0.580339 -1.354909 -0.020727 0.655888 0.460716 0.794952 1.189431 0.910099 -1.149204 0.226917 0.781080 -0.633846 0.932273 0.095125 -0.138958 -1.036955 -0.473152 1.556340 0.108044 -1.573723 0.179405 1.696387 0.713797 1.600255 0.962958 -0.389536 0.983016 0.909998 -0.598442 1.451828 -0.969976 0.349180 0.873075 0.195578 -2.174481 1.734955 -0.907769 2.119626 -1.286132 -1.935965 -1.049411 -0.548332 0.400562 1.417410 -0.033627 -1.905528 -0.582637 1.177914 0.039483 1.491942 -0.971905 -0.375070 0.777272
0.082972 -1.044317 -0.428927 -0.567888 -0.511687 -1.762769 0.953143 2.255645 0.077873 1.909055 0.690354 -1.064656 -0.523188 -1.024126 0.204796 -1.277398 -1.621657 0.800241 0.519361 0.071702 0.405196 -0.764565 -0.404363 1.868897 -1.071942 -1.147068 -0.314660 -0.683321 -1.018825 0.467265 0.122462 -0.799631 1.323911 -1.552416 -1.409102 -0.403222 0.896105 3.071972 -0.840863 -0.209351 -0.353365 0.603465 -0.481191 0.789754 0.443790 0.544073 -0.472133 0.421624 -1.198855 -0.158042 -0.705829 0.220291 0.342457 0.530582 -1.084634 0.639649 0.465905 0.250919 0.726069 -1.868263 0.649472 0.695386 1.969006 0.643688 0.246685 0.347939 -0.563867 -0.495075 -2.876441 0.457917 0.300434 -0.483996 -0.322466 -1.429223 1.126591 -0.608224 -1.320174 0.369262 -0.147640 0.030347 1.594267 1.656727 0.062952 0.312267 -0.306568 -1.264534 0.119843 -0.583297 1.252904 -0.613217 -0.308229 0.624823 -2.564628 -0.191357 -1.868475 1.958815 -2.012755 -0.040077 -0.974029 -0.135998 -1.557231 -1.197640 -1.313165 0.422270 -0.788890 0.053824 0.483519 0.261061 -1.924965 0.578669 -0.853006 1.009235 -0.263339 -0.031258 0.056412 -1.136004 2.353366 0.268537 -0.263169 0.488364 -0.207488 1.527675 0.369501 0.738932 0.593865 0.910535 -1.248867 1.072361 -0.661477 -1.105184 0.289912 0.838943 0.381572 -0.991990 -0.846180 0.238691 0.337737 1.380468 0.711720 -1.116724 0.125196 0.780918 -2.771845 -0.917003 0.361295 0.433394 -0.044941 2.226647 0.433669 -0.239336 0.431691 -0.253996 1.378629 -1.722221 0.736063 -0.470552 -0.149824 -1.622418 1.650454 -0.029708 1.399899 -0.777654 -0.283025 1.333929 1.597941 -0.073021 0.189324 -0.066908 -0.126558 -1.801482 0.496968 1.428977 -1.603921 -0.849568 -0.524997 0.871904 0.827738 -1.401340 -1.414413 0.263514 -0.489875 1.161613 -0.887956 -0.401557 1.795337 0.196529 -1.436763 2.883105 0.906725 0.114730 -0.866403 1.088284 0.448481 -0.817095 0.698359 -1.319046 1.026523 0.524016 -0.622993 -0.812665
1.534393 -0.959068 -0.770913 0.191534 0.677013 0.399738 0.330626 -0.174853 0.650181 -0.753661 -0.228855 -0.917253 0.267360 -0.237980 -0.489717 1.223418 -0.320482 0.038857 1.278815 -0.260307 1.109608 -0.676426 -1.353923 -0.871371 1.402609 0.693436 1.213965 0.707454 0.456711 -2.032052 0.514120 -0.598564 -1.003010 -0.612477 1.757974 0.448210 -0.678635 -0.171397 -0.355414 -0.445414 -2.326911 -0.815230 -0.268575 0.854299 -1.880528 -0.687220 2.156862 1.123152 -1.622375 0.190424 -0.328009 -0.090537 0.655078 -0.348115 0.586389 1.280779 -2.043020 -0.345980 -0.409380 2.342650 0.352995 0.150356 -0.370829 -0.934149 0.443777 -0.801218 0.291190 -0.441095 0.513688 -1.045756 -0.843679 0.114012 -1.526026 -0.647166 -0.241929 1.406554 0.404123 -0.126798 -0.711111 1.596698 0.036142 -1.390609 -0.126931 -0.196141 -1.100420 -1.062017 -0.443889 1.502412 -1.622460 0.164306 0.287305 -0.815567 0.964693 0.186868 1.394375 -0.564309 2.891730 1.568264 0.012597 -0.249422 -0.662368 -0.495618 -0.158271 1.042347 0.934694 -0.638138 2.069313 0.176835 -1.642542 -0.391893 0.711387 -0.175920 -1.060579 -0.521298 -0.581713 0.589907 -1.390168 0.710418 0.022339 0.423163 -0.595540 0.696834 -0.582500 0.509595 -1.139145 -1.948189 0.306795 -0.192843 -0.605418 -0.422858 1.001275 -0.534220 1.385538 -0.388545 -1.178061 0.583483 0.647463 -0.292156 0.323172 0.364574 -0.186493 -1.648185 -1.762913 0.027980 -0.831906 -0.338719 0.573960 -3.028913 -0.049715 -0.137738 -1.086864 0.315390 0.180133 0.997235 0.364171 0.099256 1.349490 2.042811 -1.161222 2.488073 -1.293092 0.403472 0.146535 0.736800 -1.592677 1.217722 -2.390022 0.298288 -1.349265 -1.450905 -1.583084 -0.097763 -0.082023 -1.456150 -0.823567 -1.080782 -0.337524 -0.311593 -1.096730 1.893554 -1.522377 0.039287 2.453953 0.404385 1.657782 0.689755 1.357499 0.850569 0.478831 1.094931 -0.116365 -0.024830 0.879575 0.156662 -0.338307 -0.342434 -0.043032 -0.457957 -0.360523 0.379229
-1.210056 0.396582 0.638422 -0.297668 -0.079414 -0.312921 0.395150 -0.735155 -0.353723 2.098335 -0.735590 -1.359263 -0.019320 0.429341 1.723565 -0.075946 1.901074 0.686303 -0.592008 0.353306 -0.664980 1.195780 0.772533 1.689662 0.255321 -0.078095 0.418109 0.657116 0.453722 0.293418 -0.044439 0.570130 -0.181107 0.672858 -0.807096 0.015388 -0.761670 -0.174188 1.503634 0.686148 0.078757 -0.234889 -0.911802 -0.144979 1.358977 -0.849549 1.404813 1.715216 0.001197 -0.391208 0.832346 1.327044 0.410103 0.830328 1.303894 -0.773790 -0.241349 0.154260 0.478210 0.456381 -2.024489 -0.234485 -2.309392 0.711661 1.808742 -2.128980 0.554170 0.594760 -0.128036 -0.697531 2.171442 0.227790 -0.332921 0.080068 -0.023213 -0.835245 -0.194029 0.502219 1.327512 0.532068 0.623285 0.849660 -0.088467 0.938953 -0.945426 -0.004097 0.319242 -0.397713 -0.786431 -1.643736 -0.241144 0.562335 -0.049261 -0.669479 -0.311101 0.180382 -0.024652 0.944496 1.553928 -0.541771 0.339760 -1.384149 -0.058868 1.897417 -0.009664 -0.712367 -0.726127 1.424884 0.142385 0.816996 1.735155 1.137852 0.731345 0.523760 2.326971 -0.861984 -0.694526 -0.178847 0.872156 -0.806060 0.106923 1.514241 0.341438 -0.905887 -1.104631 -1.378440 -0.459962 0.281921 -1.041887 -1.150523 -0.472301 -0.552853 -1.078603 -0.948635 0.383013 -0.281378 0.330858 1.213477 0.981125 0.959248 -0.312373 1.264649 -0.351699 -0.614655 0.793261 -0.456718 -0.168523 -0.569361 1.059289 -0.155607 -0.101534 0.224292 -0.509823 -0.126983 0.229619 -0.554966 0.041786 -0.069277 -1.337622 -0.979477 1.245126 -0.177006 0.131788 0.691926 1.250622 -0.100232 0.473810 -0.666117 -0.680969 0.428637 0.254415 -1.657589 0.014642 -1.383221 0.595631 1.194823 0.883809 0.523069 0.670236 0.674182 0.428727 -0.397273 0.438247 -0.635383 0.172444 -1.590956 -0.030378 0.657889 -1.251635 0.066909 1.590989 -0.249768 -0.265556 0.657946 0.440937 -0.525982 -0.678314 1.132341 0.662812 -1.740391
-0.487663 0.860413 -0.223917 -1.036361 -1.433519 0.644015 -2.551328 0.972532 1.288850 -0.511807 1.012132 2.280666 0.540811 0.565594 -0.616989 0.071158 0.103433 -0.731517 0.689459 0.128443 0.904186 0.180241 -2.607282 2.688267 -0.744314 -0.276510 0.823494 0.886364 0.900584 0.532414 -1.863042 1.432793 0.630246 1.731992 -0.443548 -0.974458 0.611903 0.248361 -1.416087 -0.061550 2.983660 0.763811 0.822177 0.781384 0.341803 -0.349501 -0.241918 -0.696011 0.948930 -0.348666 1.007442 1.688655 -0.885999 0.346910 1.062494 0.354148 0.680102 2.223758 0.404603 -0.611844 -0.222040 0.057477 0.192799 -0.682667 -0.349729 -0.682181 -0.187517 0.439485 -0.334368 -0.881191 2.459416 0.427103 0.653664 -1.157565 -0.309496 2.032567 0.131179 0.672802 1.054414 0.417219 1.314107 -0.152538 -0.028642 -1.180190 -0.752642 -0.723539 -1.239501 0.003881 0.048969 0.663547 -0.727326 0.048057 1.483086 -1.393747 -0.853350 -0.012202 1.450774 0.087289 1.702400 0.001532 0.041061 0.712669 0.996252 -0.789788 0.600104 0.472497 -0.458332 0.422821 -0.363490 0.943017 0.899803 0.308264 0.735649 1.099654 -0.408230 1.023518 0.849745 0.633554 -0.229350 -0.423220 -0.439174 -0.876659 0.345519 -0.358273 -0.934315 0.428854 0.918768 1.029042 0.227578 -0.265986 0.234179 -0.328996 -0.571580 -0.877879 -0.937012 -1.473466 -2.277239 -1.119001 -0.204076 1.226345 -0.056521 0.340369 1.168019 1.547216 0.053643 0.342993 0.457541 0.725646 0.377978 2.647409 -0.614631 -3.191737 0.303979 -1.090465 0.847080 -0.085348 0.787382 -0.948675 0.852649 -0.186205 -0.225262 -0.585172 0.545572 -0.018821 1.095524 -0.285346 -0.700494 2.053845 -0.239436 0.370410 -1.217122 -1.048654 -0.456962 0.370203 -0.091139 1.135609 -1.056838 -0.940828 2.113138 0.983247 -1.055924 1.298286 0.962465 0.520419 -0.594349 -0.103322 -1.714508 -0.726273 0.150318 -1.133176 -0.199148 0.546284 -0.040546 -0.658066 -0.971289 -1.093608 0.833155 -0.452791 0.163817 -1.036179
2.064089 -0.407856 -0.254750 1.117907 -1.444411 -0.886293 -1.506457 1.153506 -0.518505 0.578139 -0.449726 2.391679 0.553481 0.216643 -1.569893 1.002812 -1.315567 -0.861912 0.518088 -0.195496 0.024211 -0.145943 0.081274 -0.393880 -0.709813 0.944948 -0.886332 -1.471227 0.632022 -1.704430 -0.685494 -1.413230 -0.426216 -0.862438 0.284704 1.170186 1.213741 1.373166 1.014085 -0.044411 0.266018 -0.338266 1.218943 -0.352064 1.130335 -0.070879 0.691467 0.916568 -0.343456 -0.009853 1.572597 0.640768 0.219778 0.028074 -0.434013 1.042566 0.825274 -0.522587 1.972079 -1.576340 -0.416642 1.284660 -0.364557 0.104818 -1.694070 -1.079707 -1.221546 0.080358 0.672886 -1.173497 -0.959328 -0.208719 -0.621296 -0.777983 -1.205373 0.553300 0.535213 0.830018 1.035935 0.765845 -0.015899 -1.068536 1.454653 0.330073 0.129696 0.197964 0.611052 0.870474 -0.119779 2.567695 -0.555955 1.197095 -0.682581 -0.115269 0.382639 -1.217752 -0.557426 0.282258 0.471746 -0.126432 -0.183154 -0.601740 -0.410566 0.525861 -2.184160 0.400668 1.355732 0.521798 -1.509839 0.739019 1.031024 0.855085 -1.576327 0.510365 -0.630117 0.409443 -1.566378 2.300108 -0.945003 1.265177 0.844958 1.006850 -2.451257 -1.786390 -1.556564 -0.530444 -0.621902 0.311526 0.307605 0.048464 1.442193 1.212841 -1.164813 -1.228144 -0.911484 -1.236717 -0.789662 -0.658934 -0.019604 -1.473147 -0.969950 0.781450 1.871236 -0.138278 -1.109502 0.642121 -0.886113 0.560031 0.719253 0.965417 0.169615 -0.464164 -1.246152 -0.189617 2.106614 -0.682486 -0.409217 1.436223 -0.452700 -0.925187 -0.087110 -0.994648 -1.858454 -0.446433 2.610235 0.249861 0.133199 -0.560364 -0.457383 -0.587682 -1.799693 1.186038 -0.708739 -0.647095 -0.357025 -1.748830 0.247613 1.059210 0.723032 1.729934 0.957150 -0.354709 -0.919810 -1.033737 0.328415 -1.591755 -0.765450 0.654392 0.487700 -2.165997 0.410033 1.969441 1.194240 0.428574 0.160625 0.114625 0.256866 0.971960 -0.434994 -1.151832
0.915225 -0.531838 2.576826 -2.499205 0.809609 -0.595877 -0.119945 -1.481293 -1.630554 0.452389 1.707714 1.467949 -0.092799 -0.390597 0.109092 -0.449583 -0.663801 2.627452 0.456992 1.135088 -0.677294 -1.377511 1.871511 -1.718165 -0.716602 0.389942 -0.319066 -0.713799 -0.793762 2.266927 0.195286 -1.745052 2.105151 -0.117507 -0.490303 -0.224178 -1.125243 -2.739817 2.239838 3.087430 -0.587797 -0.604801 -0.763974 -0.331581 -0.704469 2.091655 -0.456317 -0.061971 -0.480573 0.898414 0.667552 -0.095244 0.582783 -1.940634 -0.322343 0.002797 -1.228759 0.530173 -0.031159 -4.727117 1.937288 -0.113879 -0.691712 -2.537518 -0.246185 2.084402 0.035783 -0.695162 2.074669 -0.198078 0.656053 0.987587 -1.731037 -0.014779 -0.092258 1.156110 -1.125590 -0.477899 0.339933 -0.085527 0.208514 0.205970 -1.150977 0.046401 -0.622046 -2.728947 0.138560 2.388893 0.796455 -2.513650 -0.833396 -1.711282 -0.448140 0.754938 -0.340573 -0.345537 -0.866407 0.176475 1.780369 -0.777239 1.254984 1.126920 -0.151700 1.107826 0.268949 1.103513 -0.088487 -0.943079 0.315178 -2.741972 1.638310 0.779907 0.447344 -2.201643 0.069792 0.342528 -0.908615 1.533480 0.170230 -0.952611 -0.286591 -1.886511 0.277513 0.353871 2.148723 0.381050 0.333248 -0.602434 -1.496877 0.257822 0.567605 -0.902476 0.257877 0.924985 0.663210 0.626038 1.648737 1.218881 0.790659 -0.009919 -1.256308 -1.809753 -0.248224 -1.371183 0.293512 0.563891 -0.065013 0.113681 -0.240659 0.249799 0.397362 -0.082062 -1.670081 -0.384999 -0.366665 0.021175 1.814969 0.198574 -0.455107 -0.594470 -0.342731 -1.384840 -0.308125 0.722779 -0.349423 -1.200581 -0.868878 -2.041477 -0.032018 0.969905 -0.610425 -0.202220 -0.351786 -1.299855 1.506103 -0.674392 1.598242 0.302757 0.556092 -0.212986 1.654023 0.840276 0.050103 -0.076792 0.710899 1.339876 -0.036743 -0.495936 1.481057 -0.570085 -0.430005 0.881272 -1.080856 0.518871 0.786948 0.065369 0.589105 0.025108 1.465425 -0.428768
-1.093613 0.097851 -0.192802 1.371612 0.081253 -1.134747 0.250732 -0.477079 -0.911319 1.085204 0.060628 0.005640 0.673231 0.990535 0.741993 -0.651015 1.184173 -0.258122 -0.024428 -1.235137 -0.543012 -1.212617 0.472332 -0.528510 0.848526 -0.148884 0.198149 0.870406 -0.775824 -0.744833 -0.977772 -0.495881 0.422765 1.278312 2.217576 -0.563821 0.004999 0.811038 1.308729 -0.403595 0.830624 0.216803 0.221157 0.567171 1.036961 1.463249 0.530524 0.646337 -0.119020 0.196372 0.752611 -1.198937 -1.233572 0.316620 -1.073479 0.414596 -0.988688 -1.854354 -1.216236 0.597782 0.714878 -0.279432 2.421720 0.364288 0.578991 -0.428593 -0.017273 0.578455 0.910821 -0.103142 0.498476 -0.320004 -0.233762 -0.613925 -0.657463 -0.372922 -0.313293 -0.155521 -0.519868 -0.066400 -1.275439 -0.484402 0.852211 -0.364389 1.486248 0.439553 2.271161 0.698030 -0.466644 -0.411848 -1.788142 0.772288 1.227220 -0.266686 -0.798078 0.740939 -0.678361 1.968567 -0.631228 -0.283094 0.318455 -0.033748 -0.406556 0.431764 0.206956 1.439513 -0.101105 1.326197 -0.251835 -1.614067 -1.199540 0.202368 1.082207 -2.225636 -0.198610 0.061177 -0.484567 0.742211 -0.294198 -0.062562 -0.819349 -0.296805 0.531458 -1.046928 0.505134 1.693854 -0.592146 0.167118 0.351287 1.273021 -1.263461 -1.517556 0.344951 1.372334 0.675868 0.567602 1.574481 0.027530 1.038717 1.165885 0.338526 0.907962 0.059834 -0.173511 -1.188827 1.301272 -1.030837 -0.920239 2.138251 -0.553577 -0.202414 2.202729 -0.788861 -1.682089 -0.440521 -0.494748 1.879115 0.558401 0.962602 1.647247 1.221204 0.644090 0.118149 -2.364820 0.272025 -0.821078 2.056093 -1.270544 0.541921 0.476774 0.931950 -0.658318 -0.369316 0.356679 -1.579628 0.532101 -2.610064 -0.635373 0.986416 0.754307 0.358326 -1.929184 0.072545 0.005633 -0.050100 -0.007278 0.306951 -0.181883 -0.136418 1.383912 0.750659 -0.016340 1.229216 1.203810 -1.281366 -0.932110 -1.183239 -0.498158 0.347176 -0.099890
0.058428 0.083414 0.877681 -1.424024 -0.015092 0.266268 -0.426825 0.501467 -0.773049 1.525643 0.109607 0.683595 0.611158 0.325059 -0.578026 0.896983 1.597913 2.957930 -0.529394 0.573689 -0.116438 -0.952012 0.077740 -0.619556 -0.006208 -0.358709 -0.484458 -1.339659 0.495037 -0.727251 -0.838560 0.840076 -0.657975 -0.410378 1.425891 -0.152270 -0.305830 -0.703153 0.609334 0.297352 -0.729634 2.447273 -1.383518 -0.159071 0.599265 0.029764 0.827201 -0.418792 -0.252812 -0.509441 -0.429552 0.072766 0.887951 -0.002710 0.067239 -1.030411 -0.984849 -0.144014 0.707548 0.791613 -0.616238 -1.196847 -1.691194 1.614192 0.535885 0.306713 2.191722 1.071725 0.133962 0.931715 -0.583385 0.215538 -0.083120 2.840050 -0.151414 -0.107920 -1.277540 -1.394809 -1.965084 0.594081 0.375824 -0.429774 1.206068 3.015294 1.246286 0.486777 0.637148 -1.184993 -0.430218 0.521030 -0.411497 0.440651 -0.439275 -0.666727 1.469435 0.284755 -0.963762 0.979975 -0.111695 -0.482266 -0.147550 -1.217802 0.487659 -0.830216 0.522684 -0.931760 0.431117 -0.823738 2.040729 1.270869 -0.141890 -1.500216 0.164950 0.208256 0.839155 0.217150 0.918508 1.069699 0.416422 1.829959 2.056138 1.468744 -1.181130 -1.148311 0.343059 -2.520133 -1.824579 -0.296437 -1.516763 -1.664334 0.633828 0.169113 0.761921 -0.691937 -1.224601 0.719450 0.534260 0.195556 -0.148316 -0.154550 1.067197 -0.442611 -0.182068 -0.386690 -1.141521 0.061998 -0.300883 0.785836 -1.928224 -1.689729 0.882764 0.280267 -0.560108 0.778698 -0.988726 -0.210536 -0.022716 0.617517 -1.534087 -1.662833 -2.423449 0.549917 -0.077734 -0.314965 0.309543 -0.013797 -1.677819 -0.727608 -1.227762 0.574111 0.160967 3.020412 -1.597018 -0.679337 -1.510538 0.325324 -1.472946 1.346538 0.058544 0.044395 -0.941171 0.530968 1.324794 -2.239331 -0.324946 1.496823 -1.250926 0.486664 1.304275 -2.435047 0.129510 -0.106983 -0.531573 -0.110997 -0.680529 0.130139 0.378469 -0.435379 0.271277 -0.099702
-0.997112 1.939880 -0.174568 0.929698 1.614776 -0.395689 0.905819 -0.659225 0.028839 0.111069 -0.721796 -0.336918 0.601921 0.633369 -0.117160 1.231389 0.424550 -0.810489 -0.953986 0.209646 -0.933718 0.374809 -2.208667 -1.278513 -0.250424 0.621726 0.762819 0.111429 0.482641 -0.947572 -0.498956 0.712769 -0.313582 -0.278595 0.872393 1.047156 2.247450 1.522851 -0.477578 0.873337 -0.143359 -0.853094 -1.663113 -0.645872 0.005589 -1.083142 0.198341 -0.095650 0.733983 0.642715 -1.003890 1.684702 -0.584461 0.937471 -0.471830 1.341285 -2.092189 1.679376 -0.039236 0.523671 0.582235 2.155918 -0.419132 0.835475 0.209927 -0.553389 -0.100334 -1.808922 0.176072 0.181127 -1.026457 0.189107 0.499669 1.112461 0.230170 1.294642 1.186652 -0.653431 -2.150763 -0.164874 -0.672578 0.840682 -3.164939 -1.013585 -0.961963 -0.309290 -0.765979 0.548362 0.194339 0.053959 -0.060219 -0.764897 0.949761 1.148575 -0.658501 -0.776994 0.831595 -0.031112 -0.169933 -0.475951 -0.934073 0.346010 -0.485637 0.136827 1.817605 1.227495 1.586129 -0.244041 0.950921 0.777243 0.629532 1.187972 0.796742 0.584201 -0.198208 0.229815 -0.646460 0.914191 0.403953 -0.122833 0.386883 -1.094983 -0.226107 0.378678 -0.884430 -1.679568 -0.059361 -0.426544 -0.295257 1.191500 1.220485 0.103323 -0.178359 0.248831 1.017329 2.056608 -0.681596 0.044352 -1.032965 0.175550 0.362390 -2.029575 1.647196 -2.077574 0.067017 0.364571 1.274363 0.508569 -0.618335 -0.304867 -2.151935 0.231460 -0.649057 -0.462942 0.374874 0.157183 0.387073 0.645702 -0.054375 0.148156 -0.520807 -0.375402 -0.092187 1.543594 -0.790743 -0.069553 -0.639206 1.433373 0.410497 0.492654 0.077657 0.793775 0.521550 -0.398046 0.687685 -0.382094 -1.535513 -1.523385 1.474250 0.936119 0.045697 -0.338606 -0.193769 -1.908482 0.618696 -1.411866 -0.759807 -1.848194 0.006628 0.736275 0.060502 -1.391094 0.791435 -0.127124 0.242551 -0.939853 1.038629 2.736528 -1.618221 2.402350
-1.680755 -2.318858 -1.222845 -1.418542 -0.334769 1.914547 0.910738 -1.475636 0.622011 -1.388598 -0.333634 0.119763 0.898039 1.351080 0.376711 -0.210801 -1.354962 -0.918140 0.817957 -1.337863 0.273298 1.001875 -0.320549 0.318616 -1.344837 -0.589780 1.859600 -0.977490 -1.261591 0.774961 -1.285460 -0.566109 1.344940 2.568338 -1.025617 -1.257943 0.051116 -0.293881 -1.167088 0.423326 -0.454813 1.920947 2.379451 -1.005347 2.106215 -0.452840 0.698525 -0.095423 -0.617621 -0.175612 -2.593327 2.382218 1.282479 0.308145 -2.032423 -0.789536 0.193616 0.356324 1.307016 1.079776 1.446817 -0.730134 -1.684031 0.289189 1.141155 0.588350 0.241658 1.020554 3.098271 0.555350 0.069803 -1.714684 -0.362571 -0.152187 2.236220 -0.354991 -0.883117 -0.665962 1.335148 0.172631 0.932742 -1.391354 -0.885673 0.450474 -1.043742 -2.734316 -1.689315 -0.097978 -0.354520 -2.068478 -0.349943 1.254930 -0.069668 1.269635 0.954617 -0.061951 0.416344 -0.611333 0.066301 -0.003278 -1.256476 0.513894 1.445976 -0.057446 1.646569 -0.604703 -0.776746 0.323512 0.300553 0.253112 -0.873489 1.032016 -1.081534 -0.327957 -0.049817 -1.346462 -0.314310 0.185209 -0.828844 -0.257432 0.789454 0.749203 0.430106 0.544180 0.616201 0.101694 -0.301705 -0.641427 0.235247 -1.619547 -0.277747 -2.428045 -0.878869 -1.381818 0.142700 -0.903765 0.265568 -1.558150 0.263893 -0.632072 -2.533667 0.024472 -0.094498 0.815868 0.487189 -1.649318 0.923833 1.214635 -0.747037 -0.788427 1.554922 -0.210782 0.284301 0.319090 0.677807 0.373429 0.464303 0.998176 -1.660677 -0.274129 1.917123 1.849275 -1.045874 -0.427237 -0.941691 0.226406 0.115363 -0.783020 0.011170 -1.100314 0.166876 0.036491 0.888404 0.781776 0.493734 -1.098134 -0.680984 -2.656753 0.130394 -0.124298 -1.026560 -0.300585 1.266609 0.617757 0.011619 0.370683 -1.215190 -1.314268 -1.117010 -0.959584 -1.592112 0.267319 -0.676987 0.533089 -1.446996 -0.372546 0.125434 1.754872 -0.492469 1.250926
0.748349 0.011596 1.701559 1.999094 -1.231131 0.412996 1.412711 -0.359597 0.559246 -0.805441 1.736798 0.644676 0.267172 0.495221 1.588459 0.165421 0.800928 -3.007036 -1.032880 -0.557705 1.076563 -0.524245 -0.800158 -0.128768 0.403604 0.938663 -0.470654 -1.245215 -0.554370 0.721440 -1.178803 0.078469 -0.768018 -0.450635 -0.000798 1.275779 -1.475695 -1.776318 -0.204860 0.251014 -1.186339 1.527748 0.504328 -0.097917 -1.999922 1.739473 0.468148 1.913984 0.458133 -0.272710 0.969744 0.461948 -0.355806 -0.993846 -1.367083 -1.766690 0.781007 -0.878910 0.726957 -1.180128 -0.238959 -0.806080 -0.004300 0.021696 -0.901419 0.854110 1.083011 0.630669 0.932255 -0.313822 1.723483 0.723685 0.685981 1.782818 0.450555 -1.916215 0.409094 1.450864 0.011562 -2.101781 -1.113839 -0.098707 -0.130728 -0.797854 1.377456 1.572216 -0.598260 0.541540 -0.529162 0.910705 1.264756 0.089657 1.473192 -0.063510 -0.487619 -0.218712 0.987076 1.153951 -0.395473 -1.622246 0.784924 -0.289575 -1.226877 0.167987 -0.811849 1.893752 -0.556147 -1.235877 0.237720 1.642712 0.194805 1.369784 0.559263 0.047408 1.275377 1.804372 1.478720 0.607970 1.425383 -0.005433 0.486485 -0.129116 0.441132 -0.815210 -0.106306 -0.361399 0.669192 2.043250 -0.828480 -0.365344 -0.315093 -0.068085 -1.637645 1.209628 -1.160913 0.402639 0.431254 0.912551 -0.695523 0.284822 -0.105161 -0.509588 0.450260 0.673583 -1.082496 -1.909766 0.414280 -0.637386 -1.124839 0.313536 -0.195350 -0.571879 0.690493 0.538392 1.023446 -0.067974 -0.140486 -1.183752 0.660542 -0.311079 -0.133233 0.286003 0.169497 -0.680778 1.099320 0.435768 -0.034440 -0.139141 0.735315 1.180878 -0.723124 -0.202896 1.530706 1.331513 -0.921095 -1.423348 -0.274067 -0.572683 -1.548795 0.871792 -1.584478 -1.231782 0.140971 0.017826 0.969837 1.217710 -1.526680 0.122075 0.481645 -1.043489 -0.255353 1.425951 1.714712 0.470741 1.200101 -0.095649 1.426012 -0.741508 -1.038734 -2.065123
-0.878249 0.829958 1.505930 0.243053 0.458435 1.396503 1.190273 -1.530491 -0.426405 0.351948 -0.431712 0.852771 0.973213 -1.521501 -0.542502 -1.029169 0.645461 0.039376 -1.011148 0.818287 -0.867603 -1.285660 1.746594 -0.836754 0.255354 -1.603581 0.154469 0.291482 -0.100931 1.407080 0.165420 -0.289663 -0.885955 -0.954261 -1.449081 1.029441 -0.094959 -0.345581 1.393347 0.117323 -0.387587 -0.810172 1.593663 -0.095310 2.092646 0.432941 -0.722941 1.619799 -0.555242 2.779677 -0.331368 -0.523270 -1.597580 -0.718915 1.373310 -0.280197 -0.037377 0.098984 -2.059701 -1.039285 -0.892223 0.694775 0.138619 1.402941 0.579675 -0.756868 -2.326169 -0.217047 -1.834387 -0.164182 -0.633172 -0.284442 1.228603 -0.757796 -2.014870 0.373811 -1.058786 -0.192377 0.122946 -0.618635 0.152852 -0.060353 0.155896 -0.108177 0.526464 0.499417 -1.464609 1.869405 -1.420231 -0.215548 -0.050924 1.089449 0.211492 0.242793 1.177764 -2.022141 -0.541182 0.632007 -0.068775 0.525762 0.282247 1.648646 1.360438 0.850135 0.286990 -0.921933 -2.129440 -0.033225 1.684912 1.061678 2.064687 0.482459 -0.735279 0.316251 -0.195374 -1.197348 -0.027172 0.317527 -0.275728 -1.934691 -0.686717 1.811251 -1.921831 2.424691 -2.696017 0.396056 0.230840 -0.240168 1.387333 0.702257 -0.417093 -1.041207 0.642849 -0.318375 -2.580090 -0.559067 0.564363 -1.527385 1.694906 -0.003603 -0.096910 -0.976241 0.150109 0.663858 -0.386758 1.879934 -0.217235 0.533123 -0.251598 -1.313388 -0.733258 0.461261 1.483755 1.597014 -1.823974 -0.948861 0.179680 -0.854052 -0.220044 0.906943 0.178388 -1.070939 1.116356 0.557387 0.089423 -0.651267 0.494370 -1.436470 0.507735 -1.852795 1.076111 0.876829 -1.776620 1.796968 -0.356999 0.137121 -1.561170 -1.075395 0.548910 -1.565715 -0.069325 -1.001266 0.885661 0.332052 0.918150 -0.455385 0.972106 -0.764660 0.382260 1.374823 0.869596 -2.710518 2.511126 -1.313637 0.532287 -1.194171 1.026914 2.223282 0.839673 0.519299
-1.566696 0.060868 -0.644521 -1.373970 -0.511137 0.739187 0.504305 2.453894 -0.926243 2.144853 -1.448507 -0.050344 -2.060896 -0.261504 0.134048 1.018251 0.506974 1.624850 -2.445987 -0.954001 -0.286474 -1.824966 1.394078 1.368720 1.359197 -1.382895 0.917375 -1.223969 0.874096 -0.453731 0.289698 -0.245880 0.327367 -0.636512 0.083508 -0.381423 -1.285605 1.566821 0.391943 -1.316465 2.164178 -0.581758 1.267769 0.238459 -0.979896 -0.029484 -0.215536 -0.286531 0.056376 -0.656156 -0.841411 -0.361146 0.449487 -0.685420 0.041443 -0.316681 1.329893 0.809251 1.732881 -1.095273 -0.143563 -0.359669 0.884624 -0.534522 0.451462 0.088250 0.220109 -2.221796 0.109746 -0.354641 -1.561972 -1.015934 -1.189599 2.510445 -1.540364 -0.985040 -2.131941 -0.041577 -0.019756 -0.973702 -1.444337 0.584651 -1.975008 0.178948 0.139004 -0.755939 -0.688200 -0.168082 0.045824 2.031137 0.062861 -0.139884 0.358340 -0.655470 -1.088929 2.605223 -0.193224 1.354080 0.085318 -0.274260 0.594487 -0.444350 0.225625 1.354772 -0.296195 -0.633593 1.101676 0.992268 0.384264 -1.957650 -0.835132 -0.606127 0.403065 -0.351202 0.895422 1.619565 -0.757512 -0.569365 1.430581 -0.360303 -1.492788 0.447681 0.204011 1.798642 1.096700 -0.261639 -0.324041 -0.038464 0.293087 -0.857816 0.963225 -0.880448 -1.853238 -0.361305 -1.722555 0.080824 -0.616458 -1.552654 0.228808 1.009658 -0.624402 0.130138 -1.968803 0.206340 -0.391292 -0.126411 -0.967264 -0.280357 -1.491718 0.588804 -0.152558 0.668152 0.506421 0.346078 -0.257478 -0.682463 0.435691 0.801086 -0.605930 -1.085402 0.126094 -0.168043 -0.624864 -0.270757 -0.171832 0.070384 -0.501186 -0.001954 1.384434 -1.658896 -0.242067 0.297526 -0.255203 1.360826 0.389004 0.022743 -1.715423 -0.018935 -0.132062 0.951902 0.655831 0.284828 0.745683 1.345344 -0.690182 0.004712 -0.165610 0.809358 0.319883 0.890865 0.716783 0.905665 0.504761 0.259987 2.200358 1.529915 -1.224653 0.081735 -0.037248 0.354748
-2.750102 -0.721297 -0.840803 0.460404 0.496611 -0.637625 0.328689 -0.868937 0.918187 1.799539 -0.141311 -0.883553 -0.843074 -0.526008 0.066583 -2.013518 0.058830 0.747271 0.510153 0.267754 -1.440502 -1.091550 -0.955843 -0.144210 0.131359 -1.847258 -0.496130 0.670122 0.707054 -0.532657 0.320041 -1.070279 -0.236713 -0.373215 1.212289 -0.395689 1.474557 0.116948 -0.675576 -0.141709 1.816895 -0.250245 -0.029563 -0.114324 0.642676 0.044781 -0.648134 0.584509 -0.045730 -0.706705 0.227312 0.558868 -0.846030 0.882522 1.344993 -0.244008 1.082684 1.429793 0.282971 0.069625 -0.342643 -0.516493 -0.960914 1.600439 -0.282360 0.204500 0.267109 0.712162 1.009737 -0.498106 -0.718823 -1.094990 -0.996903 -1.075089 -1.463976 -0.498260 0.274621 -1.159740 0.066326 0.126138 -2.351416 -1.484209 -0.657416 0.689014 2.122128 -1.841346 -0.164674 0.250703 -0.125153 -1.671165 -1.743825 0.482545 0.932137 -0.970789 0.442791 -1.497585 0.212227 -0.120719 0.156402 0.043561 1.489933 1.147167 1.830159 -1.812937 -1.715714 0.306785 1.218919 0.855367 0.110932 1.208851 -0.157196 0.639268 0.815411 0.016397 0.228610 0.552560 0.864578 -0.229066 -0.589202 0.824458 1.187779 1.436228 0.134811 -1.314385 1.012198 -0.461623 0.227929 -0.297913 0.275870 0.856318 0.923741 0.061070 0.349944 0.135036 0.284320 0.838304 -0.061609 0.704943 1.445228 0.586227 1.046955 -0.402191 0.916019 -0.223226 0.506671 1.802279 0.433691 0.414332 0.438256 -1.448075 1.328240 1.260712 0.594627 1.082557 -1.291976 1.688557 -0.203587 -0.333289 0.299468 -0.505254 -0.492330 -0.171786 -0.095932 1.575059 -1.195359 1.545790 -0.067651 1.076207 0.247352 -0.231464 -1.416522 0.366851 -1.659895 -0.783456 -0.878307 1.080633 0.871880 0.456450 0.304224 0.267161 0.263856 0.304064 1.209051 1.203071 -0.131196 0.398664 0.941427 -1.276071 0.557655 -0.716463 -0.776195 -0.375375 -1.265748 -0.543002 -2.176371 1.118339 0.704841 -0.008331 0.600105 -0.459942
0.570360 0.539234 1.304548 -0.735867 -1.563678 0.723303 -0.187879 1.795729 -1.456420 -1.688386 -0.087576 1.052988 0.296384 -0.353767 -0.483176 0.600135 0.463016 -1.227672 -0.649851 0.425391 1.472978 0.972725 0.248211 0.437846 -0.092230 0.472001 0.479577 0.317078 -0.515387 1.058146 1.255434 -1.132139 -0.343248 0.438654 0.213721 -0.070084 0.551661 0.538998 2.038864 0.512555 -0.509009 1.013993 0.830476 -1.834144 -0.752193 0.193611 1.934548 -0.259931 0.692655 -0.257023 -0.229998 0.656036 0.037286 0.582181 -0.621125 0.929964 0.248103 2.129228 -0.441901 1.350291 0.608101 1.486641 1.526888 0.070148 0.901239 -0.567716 -1.566255 0.360355 1.740684 -0.971980 0.781734 0.678055 0.618659 -1.081522 1.501900 -0.716932 0.211351 -0.548700 -1.696182 -1.997886 0.696104 -1.616082 -1.323986 1.421755 1.783876 -0.173692 0.383008 -0.286843 0.300149 0.039456 0.307203 0.063340 -0.767052 -0.664958 -0.319073 0.652891 -0.396624 0.126722 0.132523 -0.949501 0.413870 -0.330690 1.084356 1.350089 -0.427206 0.392997 -0.835970 1.805872 -0.604679 -0.666368 -0.750343 -0.251338 -0.125499 0.043768 0.351541 -0.271564 0.610761 -0.227073 1.318985 0.414268 -0.813052 0.338471 0.215777 -1.418864 1.665635 1.421743 -0.095347 2.014907 -0.089499 0.343206 1.312736 1.219995 -0.545438 0.258393 -1.469740 -0.445991 0.666277 0.339372 1.692718 -0.969310 -0.577256 1.307199 -1.033572 -0.841542 -0.971202 -0.010246 -0.541051 -0.623399 -0.773615 0.798586 -0.731937 0.664266 -0.185871 0.978003 0.832643 -0.099428 -0.517007 0.819081 -0.318548 0.137045 -1.192333 1.205547 -0.272310 0.332757 0.512472 -0.902468 -0.872683 -0.111013 -0.354832 0.651584 -0.635883 1.909427 -1.817091 0.946294 -0.095241 -1.082358 0.168700 -0.847219 -0.170973 1.243012 0.090360 1.267947 -0.641346 -0.110385 0.203488 0.356348 0.194999 -0.225588 -0.246111 0.296577 -2.458560 -0.717980 1.022900 -1.868883 0.861638 1.370632 -1.239797 0.106877 2.187903 0.136475
-0.761412 -0.057284 -1.015341 -0.220657 -0.808123 -0.116680 0.743581 1.244499 0.800869 -1.190006 0.980816 0.422789 -1.837910 0.409178 -2.222999 0.537233 -0.974743 0.364926 -1.679008 -0.727545 0.888014 0.377498 0.100175 -1.106045 -0.764905 -0.576695 -0.702994 0.484587 -0.962375 -0.205335 -1.613968 1.183053 -0.225463 -2.773320 -0.778238 -0.526907 0.133539 1.578526 -0.640835 1.562323 0.154510 -1.595505 0.027240 0.713866 -1.053408 -0.370158 1.507583 0.465975 0.210032 0.314912 -0.044941 -0.369542 0.460908 -0.500249 -0.038117 -2.851023 -1.216073 0.567860 -0.156504 0.801840 0.930327 0.893458 0.735289 -0.351525 0.288245 0.451646 -0.656797 1.497386 2.338727 0.286601 0.872435 0.086736 -1.427224 0.442978 -0.134349 -0.568549 0.818027 -0.771102 -0.029291 -1.121416 1.056288 -2.517947 1.849129 0.692305 -0.113802 -0.918919 0.812749 -0.462979 -0.908818 -1.340523 0.089662 0.504512 0.279762 -0.454117 1.100024 -0.420810 -0.144709 -0.903214 -0.025534 0.783510 2.585687 0.257529 -0.255852 0.318789 0.996152 0.791731 -0.686230 1.265352 0.368687 -0.898426 2.158753 -0.371695 0.067626 -1.098190 -0.711360 0.083149 -0.044716 0.712126 0.071856 -0.969335 0.508066 0.694512 -0.411440 1.139639 -1.946683 -0.824911 0.354019 -1.728407 -0.097720 1.050311 -0.531933 -0.574969 -1.270470 -0.958739 -0.240771 0.852155 0.300838 1.109819 0.018082 0.170165 -0.243453 -2.604090 -0.166682 0.739648 -0.984520 -0.404808 -0.162711 0.250790 0.097025 0.412531 -0.999880 -0.536192 -1.247374 0.415915 1.182540 -0.164551 -2.038430 0.504065 -0.268231 0.388948 0.015753 1.887479 -0.638111 -0.792167 -2.422511 -0.366262 -0.603774 -1.131526 -0.002973 0.162253 0.073417 0.228394 0.227038 0.755561 -0.697787 0.716424 1.197675 0.683278 -1.980244 -0.673856 -1.398116 1.226175 -1.146118 -0.144117 0.001745 0.638081 -1.156906 -0.446678 1.959471 -1.765821 -1.579982 1.039938 -1.531439 0.181785 -0.929286 -1.216583 -0.514119 0.963542 -0.677625 0.200588
0.661254 0.707255 -0.030656 -2.251621 0.654915 1.045063 -1.058647 -0.069246 1.077962 -0.389162 -1.032820 0.766267 0.209424 1.551363 -0.852558 -0.426175 -0.796719 -0.290537 -0.265750 0.438795 0.384908 -0.767661 0.303499 -0.789080 -1.644790 -0.617345 -1.020398 -0.206388 -0.728110 -1.223502 -0.644840 -0.394730 0.584517 1.043043 0.025558 -1.090356 -2.177990 0.705181 1.557717 -1.315899 -1.193424 0.446627 -0.773615 -1.066348 -1.685110 -0.356986 0.143817 1.068449 0.383108 1.278637 0.594070 1.231285 -1.860952 -0.830836 0.039097 1.414057 0.935269 0.235392 0.215437 0.470432 1.089054 -0.411629 -0.532475 -1.764682 0.716043 1.443258 2.339383 -0.663584 1.767107 0.302185 -1.847782 0.181462 -0.420111 0.225837 -1.163185 -1.548666 -0.179720 0.290549 -0.173324 -0.898745 0.479323 -0.751873 -0.831986 0.060579 -1.370892 0.014643 0.248755 0.609844 -0.847849 -0.294449 0.603795 1.587373 -2.309896 0.035942 0.887765 -0.460046 -0.072740 -0.964202 -1.131052 0.224333 0.667355 -1.816355 1.463540 0.784467 1.247545 -0.103438 1.917604 -0.314889 -0.000554 -0.260665 -2.795295 -0.085599 0.932501 0.555674 -0.135485 2.840328 0.842268 0.771969 1.629227 0.343471 0.105608 -0.670062 -0.140629 0.990944 -0.449068 0.285929 -1.354486 -0.150890 -0.045196 -0.421841 1.339603 -0.149555 -1.815075 0.920010 1.816970 0.173082 -0.821686 -0.199000 -1.546174 2.029329 -0.998313 -0.840702 -0.131136 0.129415 0.153334 1.584814 -0.241864 -0.152980 1.843114 -1.840120 1.101398 -0.122917 -1.223895 -1.473961 0.327746 2.678387 -1.518124 0.459130 0.508913 -0.712576 0.486288 0.544766 0.447877 0.781668 0.110324 1.098917 -0.264410 1.491602 0.624335 -0.205160 -0.243613 -1.271900 0.510081 -1.049682 0.451921 -1.025173 0.726462 -0.859347 0.541617 -0.528856 -0.715471 -2.043145 0.324854 1.167712 -1.805527 0.753798 0.618910 -2.141714 -0.844457 1.378796 -0.374918 -0.297705 1.946347 -0.222583 -0.988233 -1.802305 0.397524 -0.130919 0.389608 0.670610
-0.668810 -1.434154 -0.680358 1.828777 -1.354998 0.438768 0.424780 -0.598107 -0.978914 0.716620 0.406530 0.083510 -1.232673 0.656415 -2.775743 0.620885 0.371570 0.588345 0.265217 0.270644 -0.220088 0.449404 0.762644 -2.550131 0.573134 1.160639 1.148199 -1.356903 -1.282680 0.640266 1.218440 -0.269704 1.626155 -1.745963 -1.292622 1.599511 -1.434972 0.012032 -1.561760 -1.261288 1.750413 1.414312 -0.310788 0.910591 0.338942 0.935398 -0.738117 0.877419 -1.104201 -1.331478 -0.546484 -0.400707 0.454173 2.139286 0.556645 -1.446306 0.112796 -0.197676 -0.657685 -0.496132 -0.305088 0.642433 -2.094071 -1.705766 -0.602818 -0.848852 0.631766 -0.192696 -1.072757 0.234833 1.536314 0.849726 -1.677957 -0.096182 -1.029301 -0.568525 0.734188 -0.114345 2.350187 -1.448896 -0.308246 0.256080 -1.161905 -0.551550 0.651482 0.690285 -0.960206 -0.103074 -1.354627 -0.365775 0.989795 -1.243151 0.543920 0.064003 0.952390 0.262527 1.361649 -0.467830 0.281704 1.016176 0.217035 0.295520 -1.387974 0.445417 -1.734211 -1.540499 -0.012032 1.309321 0.643703 0.052218 -1.216211 -0.710668 0.011755 -0.198012 -0.752305 1.265265 -1.432120 -1.029004 -0.508142 1.796807 0.230411 0.992445 -1.686617 -0.858284 1.187361 -0.472460 2.598612 0.223200 1.486834 0.614975 -0.855672 -0.071486 -0.636229 1.051579 -0.268493 1.165755 0.384809 0.354677 0.694082 -2.369257 0.755087 -0.391488 0.509598 -0.372595 0.541916 1.623667 0.387885 -0.453917 0.891814 0.789413 -0.122536 -0.458864 -0.152496 1.080821 0.346236 -0.218631 -0.701835 -1.038454 0.794387 -0.745779 -1.053270 0.654987 -1.887684 -0.778891 -1.123705 0.875250 -0.176022 -0.381897 0.436078 -0.308977 -0.536480 0.808705 0.840438 0.792652 -0.352425 -0.059950 -0.213687 -0.670654 -0.388359 0.299998 0.820243 -0.921325 0.685535 -0.034009 -1.594367 -2.178463 -0.448646 1.020409 -0.758551 0.443965 0.257245 -0.529318 -0.219765 0.059983 -1.848228 -0.187846 1.343048 0.744601 -1.666739 -2.075536
-1.363131 -0.886013 0.111276 -1.980455 0.567285 -0.358772 0.115620 -0.449606 -1.053719 0.949845 0.552443 -0.142054 0.599502 1.147554 2.802617 1.990358 -0.410193 0.118881 1.813308 2.001833 0.276075 -0.761917 0.219104 2.238484 -1.134042 -0.299634 0.525041 -0.519317 0.143639 0.281158 -1.251004 1.274753 0.814446 0.807405 0.808922 1.534882 -1.242874 -1.350758 1.052062 -1.029299 -0.024929 -0.271383 0.119280 0.694404 -1.002794 -0.650715 -2.332105 -1.782882 0.790615 -0.401395 0.212925 1.209368 0.572361 -0.756554 0.681655 0.122024 0.244441 -0.004492 -0.008756 -1.256520 0.120032 -0.189070 0.368804 0.003471 -0.241841 0.625855 -1.498648 -0.417043 -0.980658 -1.304353 1.017053 -0.611277 1.011092 -0.987339 -0.202853 0.435676 1.204868 1.171725 -0.734583 -0.574459 -1.806824 -0.178434 -0.523222 -0.263935 -0.692091 0.188045 1.815459 -0.463059 0.548255 -0.393973 0.374110 -1.283807 1.331530 -0.187841 0.037427 -0.679755 -2.829050 0.387523 -0.074063 -0.260171 -0.585173 -0.100054 1.069633 -0.504943 0.601800 -0.637910 -0.338266 -0.275772 0.977564 -1.792875 -1.189245 1.270933 0.678054 1.435263 -4.385045 -1.368905 -0.861485 1.070843 0.538758 -0.619724 0.743463 -1.702540 -0.100086 0.863271 -1.365079 -0.416505 0.342129 0.111590 0.318090 0.795035 1.712396 -0.365248 -0.024923 -0.218659 0.419481 1.586007 0.919927 -0.123931 -0.537566 -0.234668 -0.163437 0.361860 -0.139353 0.975361 0.452024 1.724355 -0.140653 1.531796 0.254686 -0.682852 0.334263 -0.812927 -0.267765 -1.592343 0.103810 -0.252779 0.379960 -1.020114 1.067096 0.446795 0.337003 0.246428 0.729719 1.508824 -1.409603 -0.541625 0.737321 -0.030990 -0.917598 -0.503719 -0.136436 0.375940 1.438071 0.773726 0.142249 -1.341615 0.348944 0.241899 1.376846 1.452107 0.630536 -0.857102 -1.402671 -0.512885 -0.041325 0.887224 1.338820 0.671999 2.100094 1.133463 1.077248 0.051529 -0.084283 0.056558 -0.144653 0.219897 2.163512 1.211638 0.446058 1.173793
0.033778 0.544369 -1.048244 -0.417860 -0.756074 0.445567 -0.151464 -1.060449 0.061834 -1.346297 1.563077 0.703893 0.119180 0.315747 -0.191917 -0.904313 -0.852263 0.442872 0.279018 0.389756 1.099203 -1.283925 -0.824780 -0.416232 1.230264 0.346284 -0.661687 0.372790 -0.242063 -1.813430 -0.418726 0.386659 -1.540377 1.081928 -1.208578 -0.833732 -1.836632 -0.439078 -1.063986 -1.268345 0.188280 -0.316577 -1.827042 -0.554244 0.868974 1.130517 0.755859 0.478680 1.036960 -0.574941 1.237151 0.321728 -0.080262 -0.068306 0.180012 -0.689972 0.010656 0.451949 0.666326 0.765411 0.041686 -0.837315 -1.969104 -1.177641 -0.090848 -0.503793 -0.120243 0.165403 0.598631 -0.725245 0.254613 -0.600601 0.329399 -1.129492 -0.502411 1.398206 -1.271117 -1.067003 2.124514 -0.882102 -1.403651 -0.851461 -0.559967 2.225618 0.762936 0.589480 -0.736188 1.061578 -0.432582 1.949826 -0.829301 -0.958965 -0.595347 0.523442 0.872539 -1.032618 -1.388779 -0.106704 0.630380 -0.175463 0.824558 -1.180177 -0.222925 -0.815291 -0.326287 -0.213374 -0.324807 -0.133092 0.362055 1.162417 -0.777892 0.413124 -0.818626 -1.194217 0.530429 -0.843041 -1.473681 -0.442505 0.198434 1.895454 0.174112 1.230402 0.463118 -1.280643 0.021658 -0.319777 -0.020774 -1.251083 -1.641938 0.026380 0.083946 0.624807 1.092939 -1.102934 -0.211279 1.502093 -0.950173 -1.397488 0.056166 -0.304777 0.326630 0.121274 1.029430 0.029083 0.867047 1.002560 2.662032 -0.774999 -0.137523 0.333525 0.898511 1.475376 0.001070 1.087347 0.441325 0.756815 -0.981576 1.101380 -1.277902 -0.632509 -0.393581 0.439142 0.454090 -0.465778 -0.956198 -0.546197 -1.158473 0.473312 0.933163 -0.683503 0.073835 -1.219592 -1.253416 -0.885009 -1.209595 -2.070417 0.449815 -0.228488 0.875635 0.604560 0.680695 0.932053 0.325022 -1.002884 -0.821479 -0.399422 -1.265842 2.415661 0.178818 0.549281 -1.814482 0.104924 -1.133858 0.247174 -0.668381 -1.468951 -0.274904 -1.409246 -0.728780 0.449739
2.345969 1.049195 -1.268438 -0.663619 -1.011922 -0.358215 1.113615 -1.038259 0.649590 -0.767234 1.541515 -0.987169 -0.892158 0.034161 0.115410 1.283475 -0.298020 -0.141575 -1.473400 -1.345174 0.749575 2.117494 -0.356476 -0.669639 1.348978 1.036729 -0.574404 0.401745 -0.104332 1.898184 -0.374853 0.553181 -1.385479 -2.330625 -0.688959 -0.666559 -0.041308 -0.519509 1.363891 -0.930559 -1.512689 0.497292 -0.767353 -0.975983 0.444175 0.496422 0.837940 -0.218257 -0.851070 -0.730726 -0.353713 -0.894523 -0.555213 -0.509365 0.462386 -1.372501 1.236736 -0.245119 -0.588296 -1.386833 -0.564058 1.220896 -0.089255 0.831385 -0.994326 0.745686 -0.256383 0.207446 -0.103076 0.578707 0.379036 1.084370 0.537656 1.160040 0.085929 0.130712 -0.986992 -0.151577 0.135268 0.715069 -0.472677 -0.228019 0.085166 1.139881 -0.531286 0.195345 -0.704035 0.579904 1.025360 1.095586 -0.880115 0.316482 1.291185 -0.694402 -0.470727 1.245307 0.966083 1.359232 -0.683231 -1.630410 -0.914881 1.488341 0.037248 0.238827 -1.273692 1.496720 -0.878486 0.462054 -0.685760 0.221750 3.257764 1.390139 0.246125 0.553200 0.673510 0.826253 0.475948 -1.108362 -1.086067 -0.544135 2.101934 0.195876 -1.396498 0.324669 -1.559534 -1.060939 0.644425 0.598265 0.446540 0.108331 1.473230 -1.024439 0.117864 0.874930 1.016219 1.534671 -0.922274 -0.508856 1.334909 1.939754 0.939963 1.781289 0.162956 -1.469319 -1.767177 -0.647321 -0.582025 0.633196 0.798605 1.338839 -0.461786 0.137204 0.507465 -0.002011 0.201729 1.672222 0.543942 0.176349 -0.879110 -0.169427 0.761632 1.842428 -1.384315 0.663223 0.313558 -0.006828 0.374980 0.159852 1.144776 0.132310 0.228279 -0.999415 0.927089 -2.243757 -0.247134 1.024960 -0.329319 0.232926 2.808452 -0.617538 -1.104315 0.979805 -0.345791 -1.178865 -0.025083 -0.630983 -0.030743 0.715821 -0.116270 1.291866 -0.336937 -0.054680 0.927772 0.850114 0.360272 0.927485 0.723931 -0.544664 -1.672793 0.976582
0.652130 0.639523 1.851122 0.678580 -0.633989 0.247972 -0.705122 -0.819256 0.537751 -1.931041 -0.894551 0.012582 -1.355562 0.459912 0.343786 -0.241375 -0.225814 0.783206 -0.171669 0.658530 0.502957 0.185456 -0.238024 0.163276 -0.693840 0.421864 -1.492228 0.713667 -0.666372 -0.772557 0.256718 -0.755901 -0.001979 1.483487 -1.036823 -0.288698 0.016830 0.556799 -1.490382 0.789807 1.232126 0.518905 -0.622160 -0.330886 0.170202 -0.602875 0.297384 0.355173 -1.072075 1.028266 -0.021614 1.792277 -1.486963 -0.180536 0.544269 -0.858129 0.417987 -0.960603 0.616482 1.675509 -0.504676 -0.613198 -0.991950 -0.337982 0.634280 0.009096 -2.493680 0.676135 0.846064 -0.321746 1.597388 0.454336 0.164996 0.763204 -0.843282 -0.163259 1.314960 0.655377 0.090245 0.141105 0.895314 0.320517 -1.413061 0.473777 0.837236 -1.657223 -0.567846 -0.053995 0.631489 -1.012522 0.161908 0.272327 1.194064 1.488124 0.782597 -0.409281 -0.261651 0.063886 -0.964925 -0.422415 -0.372296 1.241809 0.425243 -1.431963 -1.886340 0.395961 1.063862 -2.686088 -0.606374 0.625065 0.693337 -0.845806 -2.201610 0.310714 0.429913 -1.563938 2.142517 0.335469 1.557692 0.277700 -2.076170 0.946483 0.136534 -1.066822 -1.969872 -0.778666 -0.127987 0.628079 -1.804992 0.285385 -1.389284 1.192446 -0.115926 -0.319277 0.593977 0.558059 0.973019 0.001912 -1.414843 -0.493338 -0.070205 0.864437 0.485711 0.151818 1.183857 0.785142 -0.947991 -0.173518 -0.354232 -1.335673 0.597289 0.028209 1.618074 -1.024860 0.272715 1.834771 0.649769 -1.114166 0.803572 -0.357657 0.730379 -0.534086 0.647751 -0.073225 0.212424 -0.356715 -0.679153 -0.564524 0.261081 0.918398 -0.509797 -0.300652 -0.091383 -0.849409 0.548313 1.073438 -1.620812 -0.271643 1.151874 -0.110977 -1.585223 -0.749330 1.633129 -0.284233 -1.311778 1.044427 0.292146 0.915414 0.720853 0.256683 0.822262 -0.815712 -0.145257 -2.720781 -0.670296 -1.073313 0.247285 0.776488 -1.555045 0.167640
0.487746 1.197136 0.838141 0.372829 -0.158201 -0.995611 0.711829 -1.161459 1.136613 1.036942 -0.947299 0.626088 0.327835 -1.845850 -0.174462 1.410615 1.679452 -1.034127 1.304922 0.137358 0.387956 0.869682 1.545073 -0.708317 -0.954833 1.068471 1.367511 -0.851115 -2.080203 -0.184122 0.683351 0.731210 -0.900257 0.104594 1.440442 -0.010245 0.729122 -0.222036 1.285914 1.309082 -0.787735 0.052986 -0.928910 1.329874 0.191532 -1.114934 -1.589935 1.379075 -0.844256 -1.574905 0.793875 0.373073 0.815338 -0.305469 0.209295 -0.364690 -0.539688 1.698971 0.250064 -1.351526 1.434771 -0.025497 1.328200 -0.405820 -0.600334 0.662522 -0.923299 0.174900 0.180146 -0.949910 -0.874730 0.599280 1.956207 -1.134174 -0.337641 1.006083 0.500188 0.427089 0.505773 0.160391 0.498658 -0.835488 -0.836251 -0.879420 -0.382979 -0.210406 2.229077 0.750154 0.562700 1.341937 -1.905876 -0.169942 0.824054 -0.256839 -0.730042 1.199032 0.539055 0.303460 0.187077 2.161238 0.875221 1.308685 -0.151476 0.654432 -1.220599 0.729574 0.040543 1.061103 -0.833097 -0.861138 0.669693 1.326770 -1.933849 1.189610 -0.242255 1.020808 -0.729058 0.848328 -1.440833 0.815422 1.563379 0.393337 -1.079570 0.186904 -0.643819 -1.400346 0.795575 -0.745497 0.734091 0.267085 1.349794 -0.058582 -0.673880 0.222932 0.659769 -1.813423 0.997732 -1.867782 0.282788 -0.070977 1.389649 -0.332559 1.592901 0.001303 1.018291 0.503136 -0.859467 0.593394 -0.092392 -0.438260 -0.666526 0.992021 -0.792712 1.532587 0.480181 -0.746889 -0.084396 -0.421732 1.150444 -2.169285 -0.276735 0.063299 -2.347464 -0.633999 0.724417 -0.288936 1.202795 -1.411239 -0.931224 0.652750 -0.555478 -0.189989 1.488377 -0.075942 -1.087346 0.378759 0.899152 1.168979 -1.438331 0.715636 -2.775053 -0.440515 1.233646 0.185498 0.831597 -0.847717 -0.460853 -1.090037 -0.154599 -0.431255 0.902292 -0.913477 1.069758 0.589227 1.102223 -0.570184 -1.499669 0.322039 0.270800 0.719255
-0.128873 -0.198850 1.118583 -0.606399 -0.358857 1.296397 1.482736 -0.573671 -2.178794 0.376408 0.861893 -0.086530 -0.567462 -0.920485 -0.714258 -0.537342 0.238423 0.525565 0.921748 0.252287 0.624541 0.511343 1.211657 -0.423258 0.278509 0.881545 -0.111342 0.929054 0.369799 1.333344 0.162599 -0.733190 -1.314853 -0.756060 -2.004064 -0.745105 0.934725 -0.051325 0.212583 -1.910830 0.922671 0.315072 -0.059366 -1.161466 1.473021 -0.914738 0.446933 -1.036340 0.683910 0.486615 -0.880142 0.857381 -0.008500 -0.641532 -1.525871 -1.506672 -0.774281 0.657375 -1.649136 -0.451886 -0.420126 -0.103720 0.280775 -3.805860 0.582797 1.623445 0.604220 0.391771 1.391710 -1.066635 -0.702085 -0.051219 0.609935 -1.065695 -0.012611 -1.127933 -0.282266 -0.598605 -1.006209 -1.615093 -0.381475 -1.395506 0.194474 1.128149 0.163178 1.585513 -1.713647 1.192558 0.214108 -0.919508 -0.118047 0.681667 0.870153 -0.456047 -1.023741 0.494307 -0.739920 0.210597 -0.972158 0.732063 0.086930 -0.593258 0.256696 0.193362 -1.014196 -0.346220 -0.399120 -2.141461 0.771440 0.170533 -0.495087 -0.442717 -0.882828 -0.605168 -0.594088 0.149855 0.102545 0.625072 2.011139 0.515583 0.547052 0.722869 0.907246 2.264361 2.180268 1.109139 0.803802 -0.082539 -0.346797 0.050473 -1.409190 0.983429 1.425142 0.699943 0.065050 1.596892 0.263591 0.738564 -0.464307 1.297989 1.515641 1.292183 1.370857 -0.262416 -1.014947 -0.466786 0.105581 -1.107388 -0.929221 -1.033410 1.331909 0.461430 0.433410 0.192049 -1.186855 -1.974642 -0.906703 1.491586 -0.074177 2.099730 -1.556118 -0.174671 0.656653 0.272670 1.768211 0.602407 -1.062914 0.206912 -2.258608 0.499433 0.222428 -0.684073 0.037574 -0.728208 -1.042747 0.255350 -0.228395 -0.017641 -1.706578 -1.012595 -0.183964 0.385001 -0.769199 0.154244 0.350042 -0.234001 0.386005 -0.314144 -0.507257 -0.388849 -0.793515 1.278886 0.660239 -0.288899 0.017623 -1.103994 -0.448264 -0.885335 0.676102 -2.024595
1.063557 -1.619875 -0.122852 -0.328200 0.527011 -0.302628 -1.994412 0.486956 2.526816 0.936171 0.975236 -0.757399 0.968597 -0.430664 1.216293 0.325463 0.228012 -0.369219 1.124303 0.932469 -0.124144 -0.532442 0.337115 0.246048 0.032762 -0.006124 0.725692 1.530239 -0.329744 -0.582933 0.065625 0.382071 0.933935 -0.968231 -0.779677 -0.531038 -0.935084 -2.071861 -0.359542 -0.831559 0.667744 -0.669624 1.411180 0.421587 -0.514880 1.246494 -2.095470 1.237476 -0.685792 0.886075 -0.529886 -0.749926 0.105515 0.216360 -0.217026 -0.999020 -0.542712 1.172020 1.758720 -0.703753 0.521389 0.896782 1.027765 -1.612324 -0.314105 -0.234278 -1.607956 2.440669 0.621641 0.289665 0.084262 -2.441822 0.109157 2.151073 0.652130 -1.361040 0.004596 -2.139146 -0.328129 -0.509476 0.988303 1.037631 0.456619 -1.266500 1.328802 -0.664699 0.816633 0.219417 -1.213545 0.415505 -1.331702 -0.169512 0.935663 -2.699571 0.087865 -0.088195 -0.288476 -0.124431 -0.750240 1.278392 0.405948 1.587425 -0.152410 -0.627255 -0.046497 1.485043 -1.982831 0.646864 0.532035 -0.936079 -0.578276 -0.363582 -0.092774 -1.397211 -1.106015 1.156593 -0.936190 1.298611 0.089062 0.879583 1.491581 0.136057 1.615531 0.547663 -1.340325 -0.586468 0.707114 0.551283 1.115531 -0.576058 -0.261976 -0.675308 0.253208 -0.009977 -0.366422 1.221439 -0.511433 0.974281 1.207051 -0.938708 0.424890 0.256186 -0.428984 -1.410349 0.283832 1.279844 0.720085 -0.632639 0.654274 -0.462516 -0.000053 -0.871282 -1.066178 -1.015395 0.236461 1.206994 -0.884635 1.035666 0.214122 0.937778 -0.531965 0.521330 -0.441346 0.504911 -0.395038 0.118536 -0.013804 -1.168078 0.226555 0.454726 1.461243 -0.391118 -0.481441 0.599502 0.578858 -1.051989 -1.409280 -0.524038 -0.510987 0.260329 -0.209310 -0.239520 -0.069770 1.483826 -0.685160 -0.563213 -0.705966 -0.667320 2.298711 0.755064 0.658039 -0.517470 0.403327 0.465441 0.460055 0.567943 -0.129506 1.545448 -0.783540 0.747163
1.785171 -0.224512 -0.320817 -1.015303 0.201593 0.809652 -0.068511 0.770706 -0.868353 -0.147186 0.244000 1.173191 0.516704 -1.217371 0.001543 1.215895 0.158518 0.537699 -1.566936 0.082696 1.283549 -0.146566 -1.348770 -1.426243 1.484962 1.481964 -0.616565 -1.034289 -2.297021 1.978498 -0.610226 -0.755244 -0.309678 2.397946 0.254678 0.816194 0.000181 -0.586331 -0.396274 -0.891127 0.343570 0.114645 0.615103 0.868434 0.190849 -0.812649 0.704372 1.108864 -0.777642 0.337753 -0.019400 0.863485 -0.099200 0.204982 0.176502 -0.591411 0.316113 -1.580453 0.135131 -0.957957 -0.411350 -1.374768 -0.995404 0.916824 0.907455 -1.037957 -0.659148 0.488745 1.901490 -0.514694 1.310342 -0.621712 -1.173601 0.181546 1.564011 0.544436 1.175055 0.477385 0.585608 -0.357237 -0.795877 0.100063 -0.056034 1.088519 0.314050 -1.135363 1.350941 -0.012923 2.026003 1.211301 0.440618 1.934546 1.474784 1.429301 0.522272 -0.951140 -0.792812 1.669764 -0.461314 0.726612 -0.067202 -1.292693 0.846425 -0.482614 -1.389885 -0.693102 -1.263632 1.722548 -0.073595 0.605772 1.031528 0.555476 -0.948971 0.317046 -1.809928 -0.274118 0.066598 1.664396 0.172115 -0.437428 -0.242935 2.091700 1.067254 -0.341769 0.761481 -1.787263 0.642465 -0.099367 0.797449 -0.745831 -1.255243 0.390387 -1.600401 0.004945 0.378664 -0.104873 -0.806465 -0.399502 -1.033321 0.313540 1.187404 -0.079861 0.332106 1.229598 0.114510 -0.233308 0.121284 -0.592221 -2.596340 -0.855199 -0.103296 -1.134762 1.671430 0.417087 0.437399 -0.202879 -0.101079 -1.722015 0.183755 -0.142845 -0.430927 -0.089023 0.333706 0.562622 0.223406 -0.805550 0.724820 -0.783280 0.595038 0.164445 -1.771520 0.214309 0.069243 1.524123 -1.416077 1.836680 -0.776384 -1.394069 0.327015 -2.534955 1.236485 -0.075278 -0.394774 -0.083161 -0.591998 0.154869 -1.422635 1.244112 0.948122 -0.189709 1.159425 -0.338112 1.163721 0.336457 -1.238784 0.826135 0.876830 0.648406 0.753991 0.412499
-0.133252 -1.677030 1.654040 1.228728 -1.531282 0.021446 -0.420307 -0.281190 -0.565541 0.236688 -2.550019 2.061244 0.640109 1.108942 -0.960880 0.405334 1.523146 0.907515 -0.781146 0.199542 0.562406 1.155231 1.629591 0.189810 -0.558490 1.111851 -0.766145 0.012541 -1.397071 2.946807 -2.011882 0.506168 -0.472681 0.535918 0.379635 -0.948737 -0.792549 -0.136699 -1.193857 -2.626057 -0.215960 0.179912 0.784547 0.099055 0.621270 -1.072252 0.272064 0.213975 0.196978 -0.438200 0.175156 0.336234 0.873106 -0.774870 0.379780 0.107489 -1.843766 0.876389 0.185431 -0.401929 -0.097989 -0.420549 -0.223627 0.044014 -0.247705 0.236764 0.060160 0.377411 -0.829596 0.720847 1.450702 1.465928 -0.549995 -0.460909 0.867161 2.320201 1.509355 1.218211 1.350627 0.725437 -0.476744 0.484348 -0.116871 0.149672 -2.038924 1.750387 1.393891 0.179198 1.213134 -0.421997 -0.706983 -2.009460 -0.790506 0.917822 0.677978 -0.366834 -0.500844 -0.081944 0.861776 -0.682330 -0.645633 -0.032385 1.030825 -1.359556 -0.496006 0.198439 -0.894927 -0.907275 -0.010351 0.046511 1.547390 0.044774 -0.065544 0.376495 -0.338871 -0.630176 -1.325780 0.305165 0.283807 1.275156 0.466882 -0.166996 0.082874 -0.218675 -0.903364 2.028836 -0.582414 -0.966721 -0.185853 0.879412 1.283165 0.548733 -0.130691 0.168293 0.487050 -0.362129 -0.731613 -0.164193 -0.091179 -0.022468 0.055349 -0.376324 -0.840218 0.787927 1.869251 -0.162943 0.154847 1.417780 0.330198 1.348248 -1.717971 -1.347721 0.351308 0.233419 0.572217 1.589283 1.015755 -0.961887 0.459946 -2.419118 0.310787 -0.767038 1.330148 -1.039611 1.145155 0.587562 0.105596 -1.952118 -0.118405 0.615708 -0.613453 -2.532007 1.003602 -1.716697 0.560309 -0.251891 -0.590503 -0.719165 0.049441 0.238844 1.029116 0.080058 0.244807 0.896555 -0.861326 -1.178340 -1.445864 -2.370640 1.228152 -1.217919 -0.393860 0.768408 0.160061 0.684789 -0.503864 -1.586426 1.309833 -1.582576 -0.103292 0.133893
0.748423 -1.046134 0.798064 -0.700660 0.350486 0.434314 0.893250 2.256854 1.158084 -0.830619 -0.854824 -1.736833 -0.547746 -0.548093 1.266853 -0.879071 0.333056 -0.346840 2.088363 3.518559 -1.384337 -0.114952 0.756879 -0.964492 0.558693 -0.028591 2.051388 -1.084245 0.023980 -0.675458 -0.537188 0.100041 -0.137246 -1.501539 -0.370329 -0.437775 0.177104 0.569620 -1.000762 0.521283 -1.570901 0.606669 -1.711324 1.069141 -0.596527 -1.181236 1.332608 0.355654 -0.591169 -0.458117 -0.086683 -0.229811 1.131273 0.269489 0.494098 0.850054 0.007555 -1.486071 0.841985 -1.044889 0.161340 -1.186785 0.227708 -0.247147 -0.354910 -1.729004 0.703330 -0.185492 0.569541 1.706314 0.979686 -0.047855 -1.466179 1.130669 0.416209 0.058042 0.267044 -1.723057 -1.397417 0.514203 -0.420291 -1.248702 -0.725329 0.727891 -0.941884 -0.597901 0.260018 0.398418 0.075290 0.039190 1.515323 1.837000 1.034504 0.316876 0.428306 0.244791 -1.011630 -0.612078 -1.326181 -0.076037 0.011142 -2.422528 -1.688979 0.431205 -0.419590 -0.363145 -0.462051 -2.346092 1.176477 1.356998 1.348071 1.693094 1.357162 0.616680 0.964427 -0.462787 2.119985 -1.334650 -1.508765 0.520203 0.506608 -0.886618 -1.176078 0.029894 -0.907589 -0.483124 0.269191 0.519030 -2.467460 -0.069292 0.021321 -0.672720 -0.518983 -0.497074 1.322013 0.856504 -0.450185 0.063159 -0.484686 0.595269 0.019853 -1.776759 -0.204208 -0.974997 3.087788 -2.681908 -1.629648 -0.274661 -0.366825 -0.718188 0.636771 1.003459 -1.589614 -1.088960 -0.608974 1.024071 0.715757 0.068093 0.958482 -1.792214 0.393325 -1.392387 -0.101855 -0.419387 1.614280 -0.764653 -1.271588 -1.892731 -0.076572 0.893768 -0.814835 -0.815899 -0.255517 -1.156610 -1.113580 1.162970 -0.635863 -0.732606 0.009979 1.199064 0.516129 0.223172 -0.284939 -1.084201 -0.377948 -0.343702 1.271965 -0.904659 0.629501 -0.254033 -1.536156 -0.497358 -0.302111 -1.346365 -0.374397 0.028047 -0.922302 0.314325 -0.491576 0.179168
0.483964 -0.411461 -0.804673 0.140376 -0.904743 0.061854 1.091943 -2.132663 0.985467 0.176631 -0.391008 -0.440501 -1.011231 -0.232947 0.065304 -0.085888 -0.287974 0.110521 -2.828345 -1.231686 -0.104346 0.517599 1.387476 0.645925 -0.226918 -1.076216 0.146462 0.483994 -0.684071 0.351852 0.266843 1.183600 0.668388 1.684383 0.011661 -0.185868 -0.038436 2.827576 -0.306052 -0.188723 -0.373325 0.563237 0.037030 -0.707873 -0.552534 -2.725394 0.161443 -0.126295 0.288780 0.562698 -0.211762 2.362415 -1.237783 -0.563239 0.664090 0.352213 2.189327 0.456599 -0.470489 -0.053182 -0.623745 -0.671253 1.470611 0.944808 0.088092 0.371240 0.497584 -0.837130 -0.821341 -0.079912 1.514795 1.102251 1.698784 -0.282839 -0.775929 -0.335157 -0.086999 -1.436853 0.678797 0.111140 0.352938 0.843200 -2.400247 -0.042490 2.140307 0.843130 0.963240 -1.949265 -0.004510 -0.024337 1.443320 0.559675 -1.245050 1.293499 -0.688209 0.056077 0.698628 0.120298 -0.396670 -0.877604 -0.200485 -0.414065 0.968111 1.568065 0.807465 -0.185348 0.404585 -0.456311 -1.268684 -0.948720 -1.145827 0.148382 0.580072 1.031414 -1.501207 0.341826 0.522439 0.309649 -0.621972 -1.093970 0.948487 1.750208 -0.001945 1.210819 0.017315 -0.817577 1.776026 0.298541 -1.275910 1.548913 0.759437 -0.416227 -1.333191 -0.264163 1.624192 -0.929163 -2.892025 -0.529080 0.606363 -1.093925 1.437881 0.318081 0.801848 0.042651 -0.113275 -0.037269 1.049283 0.038299 0.264001 0.011174 0.830219 -0.454460 -0.250806 -1.512311 0.288294 -0.317045 1.784755 -0.484479 0.062482 -1.162713 -0.680781 0.330443 -0.097859 1.599377 0.743527 1.866112 -0.040415 -1.939082 -0.815590 -0.735582 0.327676 -0.819436 1.651322 0.008156 -1.343671 0.216683 -0.170503 0.067738 0.135967 -0.877354 -1.711911 -1.540909 -1.459309 -0.008499 1.438424 1.504449 1.254597 -0.317779 -0.777035 0.145092 0.400645 0.133760 -1.876445 -0.494794 1.408667 0.592715 -0.823776 0.590059 0.094209 1.113968
1.752942 -1.076962 2.225067 -0.373959 -0.040739 -1.099737 -0.851599 -0.675689 0.579982 -0.702880 0.374050 -1.101660 -0.247609 1.035122 2.070234 -1.558056 -1.670340 0.235303 0.005858 -0.604191 1.514584 1.998760 1.906438 -0.075506 0.445785 1.393000 -0.410986 -0.756806 -0.105714 -0.426845 0.422181 1.266141 -0.391438 1.680322 -2.030655 -1.950171 -0.029740 0.214325 0.740840 -0.341881 0.907065 -1.430469 0.078276 -0.392414 0.387615 2.330491 0.099968 0.826624 0.767804 -0.713881 0.808114 0.562201 -0.157075 -2.656104 0.455942 -0.109811 -1.772417 0.343447 0.134546 -0.140156 -0.293527 -0.094033 1.055719 1.773960 -0.911235 0.330752 0.956671 0.801746 -0.760210 0.118796 0.539687 0.386971 -0.531367 0.231036 1.222852 -2.087201 -0.786319 0.891513 0.396830 -1.156299 0.123246 0.752909 -1.037131 -0.099504 -0.768140 -0.260525 0.545443 1.240049 -0.924456 0.216103 0.765149 -0.007387 -1.018006 -0.371196 -1.137344 0.078599 -0.881269 -0.510228 1.260213 1.276985 0.962568 -1.046355 0.028133 -0.603625 -2.504559 0.324417 0.703614 -2.036740 0.259536 -0.024942 -0.079958 1.326907 -0.274092 1.832629 0.789579 0.509731 1.979372 0.245431 -0.048608 -0.669366 0.462962 -2.139911 -0.378987 -1.618035 -1.093718 0.509982 0.087337 1.341962 -1.164981 1.100207 1.372174 -0.226412 -0.024342 -1.138238 0.689582 0.559135 -1.492051 -0.365241 1.590994 -2.028740 1.490065 0.699041 -0.437886 0.700815 -0.613550 -1.499059 0.041330 0.370476 0.093030 -1.186587 0.178926 -0.019369 -1.913874 -0.105191 1.150136 -2.196622 -1.266269 -1.678533 0.690843 0.051985 0.194628 0.433916 -0.037576 -0.334165 0.773553 1.732319 0.751523 -0.217053 -0.093902 0.070192 -1.348455 1.003891 -0.137065 -0.938476 -1.061260 -0.914741 -1.581279 0.294473 -0.535996 0.958295 0.988983 -0.472197 -0.128490 1.495222 -0.272792 0.066473 -0.290494 1.425759 1.377508 -0.902323 1.400226 1.474820 0.091393 0.527964 0.270624 0.065287 -0.833223 1.122812 0.190664 1.024357
0.320112 -0.807864 0.760264 -1.582382 -0.349262 -0.816355 -0.787346 -0.292657 1.086490 0.942972 0.105111 1.778150 1.302495 0.695615 -0.386631 1.283087 0.121688 0.178341 1.696840 -1.980846 0.410278 1.443783 0.822264 0.142662 0.673619 -1.221488 0.187694 1.416512 1.648046 -0.519434 0.360430 -0.564007 1.324233 1.961737 0.424279 0.682318 -0.609991 0.724716 1.072433 -0.216878 1.143015 -1.399534 -0.732239 1.754234 0.217465 -0.339229 0.538474 -1.508870 -0.624350 -1.701252 -1.726096 -0.757643 0.699222 -1.596317 -0.836927 -0.395498 0.606306 0.357854 -1.042169 1.721600 -0.267192 -0.299346 1.553149 -0.887107 0.077208 -0.680691 -0.021221 -1.252840 -1.185807 -0.118713 -0.371062 -0.694252 -1.540568 -1.563714 0.400284 0.399605 0.721032 0.947046 0.175495 -0.859620 -0.237970 -1.212588 -0.411868 -0.098073 2.458563 0.093369 0.482493 1.075836 0.093331 -0.457999 0.962936 1.538788 -0.244044 -1.836285 0.974270 -1.591633 0.120998 0.347398 0.086670 0.587581 -1.988195 3.291988 1.753187 -0.782161 0.463958 0.448905 0.355881 -1.935860 0.351238 -1.002697 0.972929 0.666038 0.122762 -1.314119 -1.146254 -0.012488 -0.122603 -1.019779 -0.848396 -1.618847 0.551474 -0.081529 0.389842 0.864247 -2.337740 -0.465108 1.614669 0.733125 1.619653 0.657217 -1.132018 -0.203319 -0.763223 0.733721 -1.093186 0.582174 1.644115 0.129424 -0.954196 0.110379 -1.980846 0.476763 0.925731 0.296865 0.505916 -1.534104 0.333794 0.503228 0.753325 2.255575 2.272996 0.225141 -1.014299 0.309764 -0.055904 -1.547518 0.373165 0.622962 0.956923 0.899384 0.574708 -0.596813 0.857571 0.251129 0.976009 -0.497978 0.584738 -0.192088 0.288707 -0.035788 -1.621103 -0.852366 -0.593836 -0.348221 1.083949 -2.089426 0.880599 -1.511858 0.566870 -0.105924 0.754229 0.772695 0.335646 -0.663150 -0.141765 -1.224650 -0.593079 -0.174147 0.331206 -0.804205 1.635067 -1.548817 -0.490130 -0.285217 1.239597 1.884395 0.642932 1.823641 -0.797387 -1.383051
0.112208 -2.062927 -0.957008 -1.135269 1.436986 -0.484324 1.519679 -0.767694 -1.832883 0.532278 -1.216256 -0.466634 0.618447 -0.220944 -0.669076 2.500789 -0.820056 0.428718 -1.665000 0.304635 1.626215 1.256064 0.084959 0.988223 0.124054 -2.631941 -0.979783 0.647487 1.037891 -1.173690 -0.411961 0.644921 0.123000 -0.103250 0.594475 -0.030054 0.439951 -0.356618 0.077676 -0.498205 1.297756 0.558227 -0.600443 0.009771 0.935272 -1.254280 -0.874020 1.814312 -0.670947 -0.896998 0.595014 -0.834820 0.054628 0.864868 -0.999610 -0.018716 1.182661 1.482254 -0.679736 -0.028743 1.837521 -0.356078 3.233982 -0.215692 0.790549 2.266582 -0.712586 0.771507 0.369988 -0.110275 -0.404471 -0.829342 0.338316 -0.001616 1.458319 -0.503719 1.251380 1.993689 -1.566350 0.398303 -0.341479 0.915190 1.338651 0.593071 0.733533 1.535909 0.145256 0.905257 0.335490 1.233958 0.693745 -2.283791 0.234786 -1.969128 1.043449 0.800539 -0.205710 -1.169217 0.797987 0.216312 0.127056 -1.572796 0.070074 0.758854 1.288081 -2.016905 1.407266 -0.450643 1.143973 -2.450791 -0.487590 -1.181272 -1.401829 0.095109 -1.351477 0.206774 -0.767176 0.541839 -1.827888 0.740556 -0.328815 0.158406 -0.948375 0.497289 1.024610 0.376263 1.689219 -1.288434 -2.189954 -1.877974 1.025999 0.071947 0.584380 -0.148668 0.199228 -1.246977 -0.544001 1.067425 0.138422 0.755434 0.676066 0.575207 -0.438387 1.642092 -0.373799 0.181951 1.049605 0.274516 0.707490 -0.754380 1.314988 -1.102612 -0.333754 -1.183698 1.133147 0.361128 -0.445619 -0.812321 -0.140009 1.194146 -0.935204 0.129892 -0.083009 0.830355 0.891049 -0.707761 0.097144 1.032084 -1.046404 -2.100987 0.449787 -0.664645 -0.449240 0.508315 0.888797 0.001853 0.298911 1.289461 0.961061 0.853277 0.470873 -1.134006 -1.443062 0.806498 -0.332497 1.149366 -0.497320 0.295934 0.121465 -1.669903 0.381802 -1.280158 -0.502453 -0.975730 -0.437927 0.324347 -0.795080 1.232972 0.945660 -1.178200
-0.841774 0.602429 0.805911 -0.120063 0.308268 -0.224518 -0.999438 -0.065959 0.670639 -1.896325 -1.111984 0.052996 0.083282 -0.399878 -0.517232 -1.213701 -0.762423 -0.863105 -0.717696 -0.285499 -0.146440 1.255346 -0.614524 0.520319 0.231239 -1.260867 -1.201339 -0.992191 -1.033723 -2.140339 0.749199 -1.397120 0.005147 -0.361146 1.496524 -0.717288 0.191609 0.460252 0.797829 -1.819982 -0.227344 -0.059603 0.283627 1.286921 -1.440135 1.542833 0.916577 -0.808785 -0.547076 -0.464301 0.892608 0.784390 0.119998 0.202837 1.318385 0.085532 0.302516 1.631200 1.133591 -0.472533 1.524150 -0.035852 0.691644 -0.247568 0.726276 -0.027993 -0.340917 -1.012689 -1.122651 1.317384 -0.186999 0.295622 -0.260753 -0.056437 0.353270 1.503249 -0.026142 0.805664 -0.208249 0.548036 -0.418731 -1.022562 -2.931151 0.451139 0.090051 2.015607 -1.175594 -0.887195 -0.180981 1.645717 -0.665451 -0.448234 -0.784913 -0.905698 0.662018 -1.410541 0.886352 1.281638 0.637613 -0.689571 1.801982 -0.580748 -1.590566 -0.197012 -0.767760 0.417739 1.047987 0.153561 0.213145 0.897592 -0.750892 -0.053724 0.405541 -0.516826 -1.612208 0.977583 -2.371944 -0.168438 2.383151 -1.850656 -0.206406 1.853658 0.817198 0.807531 -0.343570 1.272249 0.321546 -1.712376 0.304162 -0.215097 0.297056 -1.526471 -0.217999 0.591695 -0.676288 1.160622 1.488244 -1.418517 -0.389112 -1.365399 -1.198745 0.359507 -0.815136 -0.476737 -1.975357 0.481846 0.957636 0.264956 0.874503 -0.823950 -0.998285 -1.393237 -1.182219 -0.129170 0.797942 -0.283249 -2.264058 -1.386279 0.766119 -2.055501 1.097743 1.496349 0.352696 1.176663 1.259471 -0.550871 0.197921 0.124359 -2.511001 -0.870033 -0.623381 1.306000 -0.169971 0.011889 -0.335516 -0.868829 0.151482 -0.508287 -0.947585 -0.153671 -0.470979 0.970080 0.169570 -1.956368 -0.140631 0.583009 -0.743004 -1.022095 -0.712152 0.700134 1.626756 -0.328059 0.266908 1.194921 0.491840 0.870802 -0.733877 0.019471 0.017340 0.005736
