200
0.153342 0.316280 -0.165479 -1.271827 -1.712581 0.316290 0.133375 -0.666823 0.145442 0.380708 1.034244 0.211757 -0.698677 0.862716 -0.198094 0.694091 1.254130 -0.525025 0.461612 -0.613207 -0.509056 -1.188527 0.529138 0.030171 -0.784268 0.099067 0.831779 -0.833380 -0.314565 0.124858 0.548158 -0.056476 -0.732828 0.515923 -0.418254 -1.670464 -0.426793 -0.306055 0.606961 -0.950189 0.561084 -1.777929 1.375450 -0.380014 -1.130922 2.125227 -0.224403 -0.225226 1.153720 -1.336421 0.597285 -0.634674 -2.456921 -0.867458 -0.463920 0.499198 -0.815337 1.351100 0.520721 -0.432023 0.067756 1.798508 0.470471 -2.161946 1.313618 -0.345921 -1.487498 0.236658 -1.446290 1.325253 0.007715 0.115569 -0.484990 -1.440181 0.978926 -0.333370 0.242676 0.206020 -1.383538 -0.086129 -1.853018 -0.047829 -0.976952 -0.022492 -0.484926 0.381564 0.397886 -1.378459 -0.638846 0.025772 1.036885 0.428923 0.027191 0.694784 0.822123 0.953640 -0.511748 -0.252443 0.713816 -1.258202 0.303345 -0.332153 2.223377 -0.594100 1.491479 0.655084 -0.079192 -0.935671 0.838121 -0.944805 0.633355 1.235364 -0.410851 -0.086268 -0.964039 -2.367188 -1.941960 -0.993232 1.009320 0.449731 1.729193 -1.277841 -0.014484 -1.417999 -1.281889 2.109553 1.584800 0.624697 1.678433 -1.219174 0.900705 -0.088521 -0.020243 1.771886 0.997772 -0.054943 0.115789 0.464734 0.103349 1.146770 -0.366948 1.021081 0.720859 -0.791216 0.123181 -0.253671 1.138805 -0.328206 0.409693 -0.575921 1.604458 -0.708449 -0.722965 -0.438758 0.785001 -0.519012 0.470996 0.154061 1.323481 0.816956 -1.028863 0.995756 1.205166 -0.908815 -0.103599 -0.439863 1.155163 -1.478007 1.496606 0.800042 0.732237 -0.318968 -0.558756 -0.411882 0.063998 -0.114822 -0.891480 0.604449 -1.485395 0.944088 -0.377865 1.232581 -0.317751 0.936893 -0.633201 1.218013 -0.737519 0.008268 -1.222722 0.603466 -1.196701 0.255334 -0.433760 1.240584 -1.110217 1.125844 2.112610 0.973833 -0.801150 0.448784
-0.906890 -1.139460 -0.624796 0.620095 0.105919 -0.411648 -0.096583 0.197487 0.887191 -0.229079 -0.791145 0.482886 0.080043 1.177550 -0.300095 1.173202 0.579447 2.542823 0.066693 -0.026137 0.152113 1.696759 0.319763 1.568107 -0.231092 -1.188908 1.045385 -1.308256 0.133808 -1.581031 1.790030 -0.370745 0.617856 -0.984477 0.746408 -0.547175 -1.505771 -0.535012 1.093475 -0.132262 -0.198890 1.915754 -0.542867 0.757488 -2.018292 -0.365510 -0.630151 -0.640339 1.132059 0.191782 1.516308 -0.009134 1.016963 2.797076 -1.002728 0.414713 -1.892430 0.018671 -0.053096 0.145640 0.167465 -1.166277 -2.157590 0.504052 0.148961 0.307424 -1.520791 -0.629314 0.701316 -1.188184 0.082096 0.275353 -1.310424 -1.661863 -0.724999 0.947176 -2.031304 -0.522552 0.115222 -0.740202 0.961212 -0.427351 0.748349 2.024449 0.408203 -0.752191 1.281121 -1.362794 -0.182330 1.864874 -0.876637 -0.956906 0.801070 1.387953 -0.276015 -1.924015 -1.446291 -0.739785 1.181734 -0.118380 0.150743 0.069492 0.066509 1.297097 0.295175 0.089076 0.040508 -1.549036 0.178831 -0.813828 -0.520277 0.739217 -2.247103 0.587995 -1.353034 0.570979 0.085838 -0.059634 2.758807 -0.322731 1.365816 0.711304 0.757861 -1.465226 0.074841 -0.745615 -0.308579 -0.190235 0.507226 -0.578424 0.289011 -0.863164 0.441458 -0.077124 -1.592883 0.527610 -1.959060 -0.039912 -0.570074 0.645978 -0.651075 0.059587 0.147611 1.042547 1.225488 1.889991 2.467732 -1.095618 -2.012032 0.235751 -0.162797 1.392788 -2.231035 0.362176 -0.301981 0.212122 -1.736716 0.683679 -0.114852 -1.386046 -0.357912 0.289640 -1.144498 -0.192316 -0.305082 -0.439535 0.698257 -0.057459 1.334663 -0.300156 -1.203612 1.474093 0.533181 -0.487368 -0.680508 0.238488 -0.158929 -1.127191 2.479131 0.469408 0.618236 -0.130451 -1.889569 -0.790706 -0.057765 -0.069199 0.610041 0.133108 0.836560 0.058445 1.026839 1.845460 -1.581484 0.587158 -1.698234 0.269454 -0.068396 1.286128 0.480892 -0.595762
-0.255675 1.367159 -1.599287 -1.741610 0.029222 0.283168 1.023494 0.036457 1.909474 -0.492858 0.511661 0.315149 -0.888448 0.908022 0.022954 0.833858 0.527267 -0.079189 1.396251 0.042959 0.346788 -0.278577 -0.801746 0.735419 -2.140738 0.993397 -0.068999 -0.893807 -1.044286 -0.347344 -0.545636 -0.055119 -0.989794 -0.484895 0.271055 0.498801 0.330770 0.046993 -0.044659 1.526202 -1.180624 0.534491 -0.324023 -0.345601 -1.172938 -0.748383 -1.479002 -0.455484 -0.803745 -0.246161 1.080572 0.321529 0.268782 1.546382 1.446480 0.039938 -1.471884 0.694690 0.874895 0.504462 -1.250488 0.664866 -0.191454 1.147642 -0.232410 0.765361 0.737391 -1.281292 -0.623357 0.976549 -0.671966 1.690655 1.161787 -0.596698 1.163661 -0.611417 -1.287790 -0.571464 -0.926668 -0.025287 -0.319189 1.363090 0.026340 0.811273 -1.747579 1.268206 -0.669213 -0.814892 0.014509 -1.152535 1.034988 -0.341012 0.666525 0.486627 -0.198360 -0.929332 -0.694355 0.609564 -0.939300 -0.904197 -0.470469 0.921852 -0.298673 0.514941 -0.757345 -1.140967 0.178536 0.287575 0.181430 -0.380584 -0.572191 0.516357 -0.204793 -1.110271 0.689966 2.128574 -0.531452 -0.125164 -0.998994 0.532548 0.127798 1.001589 0.453148 -0.713784 1.328149 -0.273793 1.208294 -0.493992 -0.667964 -0.920091 -1.271529 0.587595 0.766127 0.701324 0.110136 0.959047 -0.783774 0.393575 -0.241278 1.065879 0.127876 0.094124 0.130383 0.757307 1.684176 -1.027622 0.768038 -0.393758 1.530875 -0.347893 1.201523 0.300173 -0.476232 -0.326719 1.651461 1.200832 0.658599 -0.839227 -0.518799 -0.746037 1.096618 -1.189147 0.892997 -0.649817 -1.009973 1.899593 -0.057770 0.518443 -0.207716 2.488438 1.138421 0.606039 1.102127 0.488703 0.401872 1.110119 0.504620 0.359784 0.293298 -0.171648 0.375260 0.185492 0.218831 1.346966 0.172783 0.355439 1.270893 0.646536 0.189982 -1.152780 -1.206083 0.100322 0.814509 1.359768 1.304573 -1.096794 0.950534 -0.479473 0.352502 -0.085668
-1.184330 0.626484 0.031485 -0.327301 -1.004438 -0.150874 -2.883800 -0.060007 -0.781415 0.145277 -0.871126 -0.410005 -1.306778 -0.837609 -0.468021 0.843669 0.613051 0.754386 0.027449 -0.091963 0.939470 0.461326 -0.368452 0.632925 1.719057 -0.228832 -0.670635 1.141874 0.722000 0.126975 -0.130842 -0.532248 -0.200351 2.241273 -1.415838 -2.212791 0.555405 -0.624016 0.681192 -0.907861 -0.932141 1.144484 1.455585 0.800832 -1.202288 1.212939 0.284448 0.161382 -1.283994 -0.288076 1.115497 0.305767 -1.291673 0.018952 -1.413635 -1.143411 0.788244 0.234161 -0.528763 -1.032224 -2.382699 1.171048 -0.742712 -0.079119 0.009851 1.009633 1.010752 1.052119 -0.001254 0.790138 -2.086016 -2.123650 2.200823 -0.279502 -0.684575 -0.553244 0.783732 0.370728 -0.034980 1.111919 -0.393128 -0.133608 1.522854 -0.766540 -1.254495 -0.791162 1.011600 2.146128 1.609908 -0.303150 0.618665 0.104547 0.432584 -1.335206 1.064975 -0.602527 -1.462435 -1.028914 0.182354 -0.252850 -0.800287 0.414516 1.333550 -0.883165 -1.717721 0.190238 0.015736 0.460011 -0.104177 -0.001516 0.028953 -0.377723 1.315203 1.028287 -1.309455 0.242557 -1.612498 -0.560290 0.293298 0.383394 -0.033555 1.372458 -0.583081 0.255785 -0.409156 0.026194 0.233023 1.524616 1.319530 -0.630664 1.164344 -1.328407 -0.809218 1.867699 -0.773329 -0.251851 -0.254070 -0.562289 -1.279088 -0.369578 -0.122703 0.053284 -0.098068 1.315115 -0.870247 0.509256 1.327204 -0.955495 0.298490 0.144518 1.694612 -0.116410 -0.139714 -1.144913 0.319677 1.012103 -0.088380 1.229917 0.453224 0.620889 -2.113930 1.349686 0.037110 -0.609474 -1.770033 -1.352221 -1.434891 -0.397020 -0.294720 0.132924 0.903945 0.095297 0.028355 0.723207 -0.108431 -0.382970 0.353062 2.570460 -1.854674 1.075170 -0.758591 1.559559 -0.226761 -0.712578 -0.347386 -1.685356 -2.155436 -0.425112 0.436266 -0.699145 -0.671572 0.516582 -0.147500 -0.524595 -0.340811 -1.682392 0.362956 1.180569 -2.064015 -1.517490
0.139627 -0.132369 0.259249 1.446343 1.033032 1.568950 1.069062 -0.109425 1.852843 0.596072 0.906035 -1.242719 0.661779 0.659425 -0.613062 1.421769 -1.416179 -1.040801 -1.077231 3.390192 -0.077056 -0.621325 0.550570 -1.876660 -0.006565 -0.240586 -0.515485 -0.682061 0.410517 1.046217 1.257452 -0.083439 -1.047589 -0.622607 0.705144 -0.388140 0.144187 -0.384191 0.045118 0.673510 -2.080224 -0.369558 0.767293 0.442565 1.740465 0.432610 2.682055 -1.006273 -0.040770 -1.798439 -0.271776 0.381250 -0.427540 -0.556968 0.504760 -0.426927 -0.502702 0.530979 1.800897 -0.758478 0.936991 0.286911 0.763403 -0.080492 0.769962 0.337809 -0.092222 0.968058 0.359214 -0.387001 -0.503615 0.177429 -0.432078 -0.280120 -0.021380 0.892553 0.077804 -0.181811 -0.857362 -0.963040 -0.375237 0.155928 -1.999544 1.404185 0.027410 0.459736 -0.366371 -0.162347 0.469219 1.954161 0.297176 -0.917495 -0.976042 -0.765181 -0.491074 -0.561889 1.414223 0.728485 -0.188046 -0.592113 -0.810301 -0.477788 -0.590219 1.103416 1.487315 0.868924 -0.266155 -0.378292 1.453109 -0.359279 -2.030121 -0.288121 1.027154 -1.724873 0.295171 -0.707872 -0.160851 0.534847 0.599969 -0.146653 0.390261 -1.064733 -0.768093 0.609975 -0.647620 -0.671046 0.920222 0.212194 -1.103934 -0.527986 0.643180 0.147064 -1.362465 2.505609 2.347388 -0.341692 1.129209 0.368557 0.861777 0.544353 -0.281356 -0.177711 -0.356205 -0.549864 -0.659540 0.927841 0.475335 0.903912 -0.557520 -0.576949 -0.107559 -0.074512 1.055987 -1.976844 0.203408 -0.251225 0.089100 1.949942 0.784839 -1.070314 1.095385 0.487557 -0.144907 0.438116 -0.401574 -2.185996 0.361465 0.192270 -0.748014 -0.439510 -0.790234 0.956916 0.358697 0.331598 0.784305 1.667297 0.358056 0.172076 -0.538882 -1.689076 -0.642150 -0.119810 0.547298 0.244957 -1.392755 0.118102 0.821135 2.160159 0.835524 1.660748 -0.668027 -0.257598 -1.269474 -0.585988 -0.795946 -0.565947 -0.209951 -0.593592 -2.768101 -0.806936
-0.547027 -0.106165 -1.325239 1.269175 -0.712017 -0.910447 -0.147804 0.414234 -0.091408 0.018063 -0.027397 -1.419801 0.703938 -1.309907 -1.130382 -0.407167 0.201748 -0.108468 0.319168 -0.624355 -0.012149 -0.063050 0.291484 0.862330 -1.003823 -0.111098 1.135030 -0.842434 -0.486231 -1.810769 -0.457646 0.172107 1.792025 -0.803019 0.596088 -1.117850 -1.185921 0.262424 -0.334250 0.902185 1.229194 1.172201 2.127493 0.483086 0.329267 -0.730577 1.033074 -0.061205 -0.063738 -1.397122 1.650347 -0.230793 -1.140555 1.814377 -0.552926 0.067867 -0.970828 -1.374209 0.703417 0.274453 -0.769044 1.430197 -0.820544 -0.671030 -1.587785 1.032876 1.257765 1.501233 -0.323699 1.072232 -0.160037 -0.950254 0.398691 0.227968 -1.004880 0.189396 -1.226844 -0.321462 0.702246 -0.254056 -0.778095 -1.171398 -0.856490 -1.596225 0.673912 -0.664288 0.891745 -0.944763 0.474489 1.272004 1.061875 -0.421123 0.770646 0.743615 1.158842 -1.282506 -0.019877 -0.584213 1.964369 0.376635 0.805101 -0.089311 0.282108 -0.672777 -1.263814 1.080809 0.194648 -1.615388 1.800537 1.408513 -0.366524 0.219323 -0.508896 0.275198 -0.005564 1.004743 0.645784 -0.763844 -1.184794 0.921095 -1.807019 0.812803 -0.875444 -0.829817 0.221460 0.738929 -1.399980 -0.976627 0.923812 1.266685 1.138046 0.325754 1.468085 -0.404056 0.834601 -0.620549 -1.804587 -0.618919 1.169459 2.102068 -2.142134 -1.019792 1.450817 -0.058299 -0.175708 -1.806720 -0.264610 -1.975923 0.199104 1.186323 2.229651 -2.365583 -0.075082 1.147945 -1.075192 0.676164 -1.054570 1.456113 0.607689 1.627793 -0.294812 0.620942 -0.352763 -1.235910 -0.136671 -2.260862 0.362939 0.728137 -0.621546 0.329876 -1.110115 1.671374 -0.256568 -0.051099 0.522592 -0.536327 0.884359 1.811573 -0.418730 -0.460272 0.530806 0.851678 0.874138 0.687512 -0.557865 -1.363986 0.139517 -0.876269 -0.135273 0.645466 -0.927104 0.977430 -1.173746 -0.933640 -0.216604 -0.971876 -0.858647 0.523219 -1.642286 0.045776
-2.090642 0.777932 0.734454 0.785705 -2.133170 -0.316078 0.709276 -0.787407 1.487576 0.222132 0.553011 0.490449 0.685082 0.035290 0.148226 0.896456 -0.214528 0.819276 -0.748335 -1.543254 -0.610129 0.586920 0.378796 0.857993 -0.698374 -0.700036 -0.376329 0.552185 -0.222315 -1.466501 0.965702 -0.569505 0.924291 0.420525 2.430549 1.281549 0.161541 0.209915 0.039744 -0.166425 -0.051430 0.138790 -0.044215 2.353697 -1.072310 0.014345 1.139180 -1.398340 0.755710 2.480942 -0.136679 -0.463103 -0.518661 1.863853 -0.325717 0.645997 -1.486059 -1.399911 2.419843 0.924519 -0.171038 0.445360 -0.492504 0.198566 -1.005674 -1.817474 -1.070458 -0.777952 -1.080972 1.806955 1.286822 -0.957962 -1.037841 -0.201735 0.235744 -1.568991 1.632426 0.487367 -1.858890 0.891388 1.304687 0.444550 -0.073026 0.514970 -2.276017 -0.138522 0.330951 0.692257 -0.415172 0.336771 -1.205723 -0.239693 0.775698 -0.719950 -1.110605 -0.025992 1.076189 0.458067 0.247134 -0.726535 0.785345 -0.930192 0.211079 -0.972702 -0.591560 -1.360401 -0.925986 -0.778917 -0.693840 1.069748 -0.513438 -1.545150 -0.993502 1.322403 -0.055926 0.035501 -0.932065 -0.566773 0.571821 0.094647 0.518604 -0.272163 0.879347 0.626748 -0.531335 -0.266117 0.867033 1.491185 -0.474803 0.693167 0.541497 1.651253 1.724839 -0.474217 0.449407 -0.328662 -1.467630 -1.389307 0.484729 1.623652 0.570353 -0.139508 -0.160381 -0.466671 -0.257934 -1.890659 -0.113069 0.680552 0.197480 -0.331161 -0.285761 0.669089 1.372912 0.358274 0.371205 0.550584 -0.319816 -0.275275 -1.595870 0.166105 -0.561695 -1.472141 0.943244 1.293883 -0.560233 -0.530216 -0.374109 0.359964 0.936197 0.398865 -1.051945 -0.358576 -0.248186 0.895489 0.172401 -0.241598 1.351300 0.524578 1.095925 -0.030085 -0.717105 -1.034312 1.282707 -2.006368 0.014123 -0.386569 0.439662 -0.805352 0.152921 0.711990 0.269739 0.331519 -0.626579 0.021867 -0.963210 0.062845 0.178538 0.001289 -0.882012 1.210175
-0.233756 0.480271 -0.120846 1.750675 0.578027 -0.785162 1.093298 0.335367 0.399898 0.043808 0.395121 -3.200731 0.785873 -0.332216 0.875811 -0.964387 1.414461 1.376636 -0.771850 0.020066 0.694000 -0.877597 -0.396637 0.085338 -0.159494 -1.026376 0.843253 1.568049 -1.528879 0.959018 1.123404 -0.606995 0.073822 -2.657977 -0.214948 -0.243897 1.146942 0.086254 -0.672841 -0.657464 -1.377562 0.201732 0.303717 -0.644856 -0.920321 0.737104 -1.678171 0.639252 0.573055 1.113376 -0.328170 1.189609 -0.057000 -0.464541 -1.216989 0.350040 0.230394 0.089940 0.786335 1.783426 -1.850475 0.242747 -0.875857 1.439426 0.887762 0.613167 -0.152252 -0.355914 -0.234462 0.719483 0.458453 -0.761337 1.075866 -0.668836 0.549340 -0.895682 0.231564 1.187994 -0.337028 -0.265184 -0.251323 0.971641 -0.306899 0.417098 0.003075 0.217757 -1.093927 -0.244817 -2.607636 0.630142 0.523017 2.983644 2.326726 0.359677 -0.746126 -1.538979 -1.042209 -0.131426 -2.209431 2.283151 1.491099 0.006784 -0.841540 1.417533 1.552033 0.302030 0.962755 0.333250 0.914670 -0.173150 -0.288659 0.224467 1.026646 0.469477 0.565370 -0.106658 -0.421403 -0.725317 -1.139522 0.997803 1.213786 1.338578 -2.612895 -1.257397 0.440635 0.532175 0.796617 1.032826 -0.304767 1.685384 0.577870 -1.213354 -0.579436 -0.481980 -0.873988 1.201629 0.336604 0.282146 0.240616 0.910228 2.802611 -0.028266 -0.811389 0.631564 -1.623950 -1.310437 -0.433232 0.867357 -0.513325 1.908453 1.170634 0.654494 0.983779 -1.277734 0.097109 -1.133666 -3.105234 1.438531 -0.155128 0.271584 0.689054 0.979269 -2.299494 0.830149 -1.353904 -0.847719 0.161336 -1.058688 -0.373067 1.729545 0.687629 -0.389433 -0.442299 0.151115 -0.534568 -2.444477 -1.245149 -0.420951 -0.510227 -0.819399 0.089548 0.738214 -1.888227 0.226441 -0.215530 -0.269272 0.460163 -0.049624 -0.263815 -0.691086 0.482571 -1.086911 0.304141 2.735632 0.936335 -0.468309 0.389116 -0.790626 0.620866 -0.253290
-0.829089 -1.499549 -0.046694 1.503798 0.344864 -0.518642 -0.163011 -1.321979 0.071809 -1.491341 0.575225 -0.479088 -0.627448 1.709295 -1.481359 0.387119 -1.586744 -1.358834 0.032722 0.030248 -1.911964 -0.699397 -2.247177 2.170698 -0.646486 0.077769 1.299342 0.455272 0.376989 1.835230 1.049421 -0.308449 -0.059094 0.086089 0.548139 0.796848 0.814327 -0.246961 -1.389742 -1.279613 -1.776204 -1.672581 0.152077 0.461412 0.601773 1.366411 1.019093 -0.707253 1.272907 -1.022909 -0.351259 -0.892973 -1.252388 0.862801 -0.462635 1.076871 0.277959 -1.020913 0.375116 -0.008791 -1.037506 0.603689 -1.741786 0.798206 0.316180 0.260405 0.422842 1.315946 1.419410 -0.509489 0.385856 -0.575763 1.779713 -1.579496 0.195003 -1.612769 -1.370340 0.231533 -1.939044 0.589816 1.310768 0.740344 -0.549761 -0.280575 -0.617713 -1.076345 -1.429636 0.029882 0.386654 -0.134392 -1.471937 -0.685873 0.028323 -0.335919 -0.436496 0.157548 0.022397 -1.098283 0.985801 0.732039 -0.108758 -0.380112 -0.380593 -0.304547 2.337405 1.376541 -1.546325 -2.036314 0.668822 1.199862 0.044213 -0.491363 -0.052487 1.215234 -0.270415 0.198739 0.053954 -0.934924 1.115822 0.501165 -0.804101 -0.549188 0.230517 -0.816276 0.487101 -1.380266 0.435609 -0.885492 1.192895 0.312627 0.224925 0.820078 0.840451 0.990161 0.273690 -0.019755 -1.894470 1.260361 -0.315707 0.220297 1.089077 0.249012 1.073566 -0.706863 -1.042899 -0.120915 -0.678315 0.921776 0.387354 0.024966 0.598126 -1.072570 0.944575 1.617398 0.085306 -0.886690 1.819833 -0.031317 -0.149599 -0.877835 -0.421785 0.336539 -0.433637 -1.847430 -1.190960 -0.064221 -0.207995 -0.060671 -0.510074 -0.102752 -1.718865 -1.518393 0.308693 0.176809 0.011089 0.888162 0.029482 -0.711014 0.079025 0.677074 -0.070517 -0.116535 -0.421400 0.642849 1.178583 -0.906606 1.290799 -0.639194 -1.170837 -1.188092 -0.675161 0.329185 -1.042023 0.994362 -0.074524 -0.379334 -0.788440 0.240822 0.638371 -0.346964
2.493663 -0.914691 1.135358 0.762383 0.221908 0.378793 0.505325 -2.146384 0.453469 -0.189027 -0.758887 -2.105766 0.930897 -0.478013 -0.981030 0.528753 -0.923022 -2.419335 -0.763590 -0.285747 0.184351 0.689057 -0.040030 -0.018125 0.440128 1.148790 -0.551114 0.439853 1.270341 -1.162529 -0.315474 -0.671460 -1.520896 -0.505118 -0.747197 0.928076 -0.295784 -0.249833 0.178762 0.388135 -0.675947 -0.168504 -1.391783 0.421624 -1.578938 -0.650120 -1.599059 -1.199482 0.715385 -0.020064 -1.305517 -0.385070 0.774389 -2.364372 -0.354253 -0.888511 -1.758917 1.782576 -0.816571 0.945713 -0.415930 -0.097565 -0.839013 -1.015871 -0.377402 -0.343177 -1.594579 -0.084300 -0.561975 0.801137 0.133776 -0.977354 -2.227732 -0.159957 0.370070 -0.912414 -0.654566 0.394976 -0.143450 2.061883 2.693297 -0.178973 -0.599142 1.439613 0.731672 0.447083 -0.143084 -0.949695 -0.393154 -1.053350 0.034351 -1.647603 0.546564 -0.004782 0.340618 -0.811549 -1.031943 -1.212975 -0.393131 -0.101626 -0.338435 0.047447 0.933399 1.758422 0.426337 2.443540 -1.103568 -0.250262 -0.361500 -0.669773 0.361195 -0.295555 0.178102 -0.359661 -0.710537 -1.664755 0.727518 1.984923 0.868011 -0.394948 0.230881 0.419360 -0.154039 0.199872 0.678262 0.449173 1.090592 -0.617283 -0.570949 -0.198612 0.689237 -0.143352 1.830650 0.291574 0.629057 0.320836 0.777125 0.190013 -0.380822 -0.163092 -1.319479 0.779824 -0.137082 0.021948 0.616456 -1.350613 -2.308656 -0.827798 1.383234 -0.389955 -0.218636 -0.831654 0.942392 1.118079 -0.673968 -0.384253 -0.634686 -1.467789 0.400102 0.403473 -0.241451 1.353896 1.502775 1.219466 0.925152 -1.035907 -1.077112 -0.426325 -1.383625 0.980490 0.923479 0.235817 1.239666 -1.315371 1.184136 0.901659 -0.778489 -0.727102 1.582049 0.544642 -0.087857 -1.287777 0.078426 1.081504 0.870514 1.754988 0.465819 1.067506 -2.153212 -0.105879 -0.208124 -1.732510 -0.128856 -0.209692 1.088045 0.793155 -2.081144 0.104324 -1.010709 0.216318
-0.669122 -0.125940 -1.601758 0.425040 -2.327045 -2.047969 -0.386214 1.344425 -1.079087 -0.924154 0.176565 -0.362846 0.400687 1.081578 1.250547 2.333589 0.514965 -0.475242 1.614357 0.363952 1.263920 1.385537 0.421367 -0.956201 0.492994 0.083901 -0.397465 0.623453 0.570660 -0.212634 -0.102505 -0.709501 0.260142 -1.574078 -1.463507 -0.458945 -0.611477 -0.622024 -0.131635 0.346088 -2.174449 0.344648 -1.951867 0.176360 -0.708162 -0.974779 0.649023 0.385408 -0.884185 0.045440 -1.270272 0.696862 0.477314 -0.214256 -1.355802 -0.205587 0.829636 0.797929 0.326868 0.602139 -0.087109 -0.509948 0.434332 0.800096 0.404509 -0.248225 0.531360 1.579174 -0.855842 -0.924013 -1.342521 -2.140037 -0.444315 1.476975 1.560385 -2.059784 -0.717973 0.429949 -0.983020 -1.020014 1.441799 -1.280130 1.604344 0.573091 -1.782231 -1.220756 -0.133174 -1.175853 1.147798 -1.018130 0.972025 0.236770 -0.619768 0.315264 0.643750 1.656856 1.578002 0.480376 0.670162 0.974400 -0.847884 1.232972 0.928978 1.685012 -0.571972 -0.099276 0.100803 -0.687917 -0.783599 0.078252 -0.797103 1.174827 0.175157 -0.008852 1.582204 -0.481194 0.711227 -0.900851 0.919178 0.323216 1.052757 -1.231702 0.097185 -0.503811 0.915047 0.810588 0.870524 -0.949823 -0.530166 0.947625 -1.964454 0.097409 -0.882529 0.914895 -0.830492 1.495641 0.395375 -2.913637 1.607900 -0.877392 0.255627 1.477343 -0.249037 0.784254 -0.973564 -0.633160 0.389897 1.537574 1.765755 -1.584563 -0.837703 -2.230423 0.132859 -0.902661 -1.050782 -0.417000 2.056097 -0.994534 0.491248 3.018927 -0.206689 -0.116088 -0.522047 0.521365 0.510273 0.088635 -0.260287 0.397390 -0.843119 -1.021740 -1.450891 1.868531 0.437267 0.421631 0.126266 -1.161377 -1.013950 0.217883 0.412659 0.312721 1.415760 0.907504 -1.073094 -0.066447 1.215717 0.721246 1.491322 -0.935726 0.836749 -0.239743 -2.068822 0.879068 -0.587027 1.092942 -1.064715 0.144447 1.853395 0.035088 -1.046683 -1.354836
-0.909485 -0.090060 0.073150 -0.136746 -2.107923 -0.139415 1.203927 1.398836 1.824956 0.224816 0.448058 -0.885536 0.298694 -1.265590 -0.083047 -0.845821 2.057125 -1.468736 -0.270938 1.129810 -1.274673 0.306710 -1.915230 -1.127937 -0.794031 -0.587255 -1.946838 -1.608655 -2.245911 -0.061102 -1.499528 0.714127 -0.031647 -0.814386 0.869764 0.817109 -0.592976 0.746239 0.633339 -1.649712 -1.068474 -1.756678 0.029147 -0.834388 -0.250237 -0.888855 -0.449223 0.201047 -0.594195 1.240219 0.626193 0.440961 -0.308418 -0.401966 -0.508997 -0.478827 -0.584866 -0.992974 0.595681 -0.227827 -1.675214 -0.849778 -0.077163 -0.528375 0.114425 0.609093 1.335252 0.616335 -1.101636 -0.022504 0.335607 1.188014 -0.496642 -2.449065 0.100883 -0.531374 -0.044593 -1.293167 1.166044 0.456460 0.794109 2.002368 0.421221 -1.308919 0.058165 -0.018834 1.391281 0.266907 -1.101167 0.471223 -0.645368 1.441030 -0.104457 -0.384215 1.355404 0.060014 0.935223 0.573222 -1.287512 2.186755 -0.790667 0.642143 1.604515 -0.435149 0.918781 0.592968 0.987543 0.321967 -0.467511 0.200708 -0.576035 0.473859 -0.739307 0.759212 0.134576 -0.665026 -0.397992 0.599384 -0.222104 -0.793835 -1.083858 -0.650592 1.645193 0.269595 -1.818206 -0.793029 0.273711 -0.379937 1.559104 -0.990710 0.101438 -0.323527 -0.587791 0.043850 -0.885769 0.853490 0.375902 -0.707702 0.377579 -0.749515 0.142411 -0.955906 0.176083 0.421078 -0.759171 0.133885 0.182214 0.234224 0.323411 0.009000 1.374389 -0.102175 -0.763662 0.962128 -0.287076 -1.213727 -1.777752 -0.358486 -0.479809 -0.435264 1.550175 0.690825 1.046998 1.808631 -1.787717 -0.150316 -0.372248 -1.679172 0.191109 0.348509 0.779221 -0.523922 -0.835426 1.029725 -0.199587 -0.688534 0.325751 0.181883 0.835775 -0.223978 -1.408977 -0.306816 1.143717 -0.814609 0.060644 -0.014645 1.728430 1.544083 -0.141263 0.237426 0.805645 -1.142954 0.571362 0.965200 -1.827389 0.100028 0.293125 0.660972 0.776840 0.397790
-0.778625 -2.408719 -1.226615 1.538826 -0.747726 0.490835 -1.699503 -0.368864 0.094520 -1.258502 -0.776700 0.621388 0.096667 0.868411 -2.125873 -0.286610 0.495177 0.298495 0.071462 -0.051366 -0.134682 1.274078 -0.168845 0.732694 0.313131 1.912029 -0.079295 -0.238952 0.850771 -1.172683 0.516492 0.841596 1.600288 -1.538451 -0.143609 -0.794746 0.068521 -1.214439 -1.204099 -0.837595 -1.377888 0.867211 -1.578444 0.874452 -0.129290 -0.554693 1.543603 -0.768055 0.688284 1.214153 -0.979952 -2.446821 0.313399 0.190062 -0.079051 -0.452537 -1.323832 -0.137052 -0.921233 -1.087206 -1.204446 0.112446 1.768105 0.537358 -1.788690 1.726926 -0.261776 -0.057181 0.292178 -0.720734 -0.472870 -0.118673 -1.203939 0.745150 -1.066801 0.565786 0.968763 -2.009547 1.187188 0.099050 -1.048471 1.857037 -0.531603 -0.718643 -0.487251 -1.129394 -1.438486 0.822432 -0.959600 1.191771 -2.145403 1.823843 -0.666857 -1.748384 1.691983 1.048281 1.176379 -0.508102 2.252246 -0.945300 -1.292665 1.022649 0.746949 0.528648 -2.078262 0.191613 -0.735786 -0.719763 1.176378 -0.162955 0.468293 1.276651 -0.295784 -0.200066 1.514019 0.020776 -0.364845 -1.601347 -1.564343 1.432787 0.745254 -0.201270 2.221200 1.271788 -2.641973 -1.853419 0.122999 -0.253092 0.083940 1.480695 2.614354 -0.879830 1.271267 1.252216 1.782733 -0.635022 -2.316482 -0.368135 1.177650 -0.003302 -1.697917 0.350977 0.285569 0.858295 -0.240720 0.816604 1.030330 1.022962 -1.010131 0.004194 -1.136542 -0.277639 -0.491809 -0.602715 0.825455 0.479620 -1.548612 -0.229541 -0.061402 0.350390 0.477821 0.018441 -0.668113 0.662963 -1.218062 0.238785 -0.209633 2.285942 -0.981600 1.819021 0.919599 0.610953 -0.516983 1.021670 1.497340 -0.773385 0.793868 0.885973 2.148031 -0.189184 0.750093 -0.250870 -0.061825 0.548255 -0.525915 0.692511 0.079555 -0.861985 0.175068 -0.689531 -1.401472 -0.775572 -1.147642 0.751834 -1.045266 -1.139650 -0.547444 1.116636 0.602958 -0.557736
0.491245 1.499924 1.425985 -0.951374 -0.382283 0.857412 0.492551 -0.488667 0.195657 -0.702829 -1.310139 0.203689 -0.139586 0.129442 0.403737 1.739762 -0.970427 -1.257976 -1.301957 0.366019 -3.011129 -1.351815 1.088642 0.632021 -1.271752 0.078813 -1.060797 -0.253874 -0.951726 -0.500658 -0.680473 0.376988 -1.768039 -0.783788 1.890353 -0.779470 0.299542 -0.946248 0.307654 -0.161007 1.720949 0.594412 1.049617 -1.409322 1.921436 -0.980214 -0.721160 1.095286 0.259198 -0.674363 0.341343 0.903415 -1.094258 -1.075283 0.491111 -0.949369 -0.545876 0.336716 0.371872 0.626745 -0.055022 -2.603062 -0.268234 1.684680 1.652112 0.933497 0.003654 1.776468 0.033152 0.704965 -0.143154 0.210747 0.150605 -0.230678 0.022928 0.127298 1.306176 -0.883396 -0.070367 0.739471 -0.053734 0.772796 -0.293612 0.339868 -0.550120 -0.105007 -1.631280 -1.358018 0.206872 -0.726877 0.257641 1.275284 0.602596 0.496488 -0.030475 1.485125 -0.403997 1.008909 -0.813769 0.152087 0.775802 0.427908 1.167004 -1.136336 2.379320 -0.228126 0.596503 -0.284021 0.915433 -1.464825 -0.270202 -0.838952 -0.185915 0.229136 -0.344119 1.516139 1.901051 0.511685 0.161348 -1.440764 2.921551 -0.391070 0.014011 -0.068233 0.422508 1.136735 -0.669816 -0.439926 0.877611 1.058533 1.527981 0.942904 -2.915469 1.571874 0.576985 -0.993539 0.425520 -0.620118 -0.066601 1.869481 -0.426313 -0.205985 -0.456942 -1.559217 1.597990 1.249827 -0.092905 -0.881476 0.339977 0.590923 -0.364661 -0.852515 -0.083398 1.856075 -2.557470 0.465170 -1.352389 0.522472 -1.248486 0.084121 0.198680 -1.315393 0.992114 -0.830981 -0.412362 -2.258823 -1.946833 -0.946177 1.270678 -0.592308 0.706939 1.567951 0.498310 -1.572129 -0.700534 0.889782 -2.163587 -2.128292 -0.402287 -0.035967 1.909043 0.304771 0.079850 -1.495218 0.541879 -0.411263 -1.730479 -0.698998 -0.308003 -1.313707 -0.868798 -1.753856 0.215560 -0.487813 0.772144 -0.724346 -1.129639 -0.968904 1.776549 1.108420
-0.058086 0.124565 -0.927474 0.232579 -1.744272 -1.195010 -1.179076 0.040860 -0.532843 0.797209 0.556944 -0.293658 0.238270 -0.077907 1.586480 -2.760631 1.638843 1.638007 0.729306 -0.492773 -0.825096 0.217083 0.582831 -0.553125 0.704183 -0.756473 -0.497180 0.208894 0.184305 -0.206410 -0.072210 0.457317 -0.529634 -1.217885 0.235741 0.775708 -0.506955 -0.558565 -0.388491 -0.741844 -0.102668 -1.345198 -0.264240 -2.853127 0.496300 -0.147802 0.656596 -0.892053 -0.702700 -0.318190 -0.069281 1.472995 1.140183 0.524755 0.149462 0.878585 -0.236457 0.285470 0.521959 -0.169071 -0.889624 -0.778431 1.266481 0.124003 0.069343 0.551659 0.055904 -0.183027 0.645746 -1.618412 0.617959 0.894010 -1.713001 -1.908514 0.228257 0.384035 -1.236304 -0.021933 0.233767 -0.835769 -1.141875 0.458982 0.632395 -0.747322 -0.463106 -0.276887 -0.367056 1.260535 -0.191623 -0.129746 -1.033167 -1.682852 0.879232 -0.651164 -0.168038 0.409133 -0.672800 -1.588191 0.593554 -0.533076 0.071101 -1.338025 -0.966085 -2.233937 -0.044927 0.697219 -0.302148 -0.021675 0.143528 -0.907203 0.749476 0.904552 0.249336 0.244794 0.122219 0.933881 1.088622 1.108044 1.039669 0.348897 0.056416 -0.965012 -1.701983 0.509108 -1.756790 -1.070782 2.318321 0.057762 -1.065755 -1.021371 1.435707 -0.725268 0.771468 -1.881315 -0.224083 -0.846246 -0.768600 0.843852 0.590733 -0.349149 0.631188 0.757363 0.252262 -2.410907 -0.112217 -0.693553 0.330495 -1.375144 0.139700 -0.384461 0.514098 -0.459565 -0.096504 0.878215 1.523869 -1.880947 0.978403 1.584982 1.220312 -0.130561 0.973243 -0.348670 0.639413 0.555758 0.670229 -0.625776 -0.125766 -0.090703 0.211045 0.383960 -0.324976 0.735202 -0.740031 -0.999192 0.568758 1.060842 0.889103 0.101517 -2.438663 -0.279546 -2.033382 -0.747363 0.773779 -0.784085 0.882548 -0.695587 0.972627 0.425560 -1.156506 -0.437473 -1.840821 0.964000 0.261112 1.343743 1.451613 -1.816709 0.228569 -1.571062 -0.297107 -0.085002
0.019145 -1.334350 -0.945874 0.488624 0.966251 -0.077675 0.168441 0.458173 1.508856 2.319493 -0.207484 -0.998002 -0.559096 -0.021792 0.390887 -0.866532 0.512408 1.661322 0.009975 0.649401 -0.650147 -0.047338 -1.463467 1.082221 -1.267650 -0.038701 1.509215 1.587642 -0.147194 0.161340 0.477660 -0.406743 -0.992585 -0.670451 -0.119858 0.031993 -0.996221 -0.303167 -0.307637 -0.810529 1.243297 -1.031919 0.632147 -0.718076 1.488455 0.697762 -0.031039 -0.543864 -2.101291 -0.414006 -0.693496 -0.636449 2.115905 -1.504653 0.550917 -0.036876 1.163663 -0.227728 -0.800320 -1.191002 -0.316962 -0.038629 -0.190428 -0.021897 1.216403 1.367228 -0.915603 0.178212 -0.683613 0.529972 -1.167105 0.099954 -1.253346 1.127769 0.119642 0.167356 -0.271650 -0.605353 0.163684 2.341800 -2.441106 -0.556026 -1.564952 0.592697 3.476940 -0.885923 1.140581 0.433451 -0.176711 -0.372235 -1.983467 -0.735971 0.762945 -1.083704 -2.583797 -0.230131 -0.242885 0.458748 -0.572761 -0.764741 -0.612708 0.529929 -0.853792 0.597217 1.511132 -0.728681 0.977763 0.959138 -0.558408 -0.035191 -0.653315 -0.207519 -0.495505 0.235243 -3.113249 0.194196 0.859093 0.747230 1.653667 1.595318 0.508914 0.760641 0.392522 0.294366 0.518703 -1.628783 -0.720689 0.642813 -0.220234 0.929253 -1.344420 -0.301287 -1.068181 -0.227357 -0.927557 -1.159920 -0.371978 1.827858 -0.927538 -1.247547 -1.252878 -0.258698 0.502139 -0.587867 0.307115 -1.720133 1.297277 0.302094 -0.454521 -1.182479 -0.519358 -0.467645 -0.582694 0.708631 0.432301 0.913953 2.133092 -1.431741 0.318754 -0.472233 0.709793 0.422645 0.822976 -0.821312 0.209887 -0.180330 -0.933267 -1.732326 -0.646625 0.137855 0.497649 1.325181 0.193582 -0.871491 0.195196 1.308048 0.495692 0.014505 0.738371 0.332328 0.782453 0.030157 0.911145 -0.575517 0.128940 0.518454 -0.874603 -0.411616 -1.357105 0.870848 -0.389311 -2.648183 1.022761 -0.665796 -1.061211 0.250371 0.089942 1.174667 -0.777200 1.400902
0.004477 0.053037 0.521855 1.287754 -1.309254 0.834638 -0.337004 0.990641 0.758380 1.053947 -0.620880 -0.134112 -0.226990 0.194069 -0.710382 -1.825663 2.153693 -1.746787 1.576668 1.132852 1.582007 0.056692 0.784495 -0.275337 -0.234582 -0.034911 1.492669 -0.411849 -0.238925 -0.232539 -1.292071 -1.006134 -0.250260 -0.394419 1.510315 -1.505512 0.802657 1.548953 -0.132647 -0.745695 0.896719 -0.475816 -1.392867 2.160054 0.010684 -1.603390 -0.057398 2.137278 0.003771 0.919586 -0.334850 -0.007716 -0.852677 0.779377 -1.487622 -0.995218 0.269444 1.802883 -0.236123 -0.260144 -1.308548 -0.729306 -0.014815 -0.274441 -0.459475 1.161511 -0.909436 -1.535488 0.043674 -1.507273 -0.429358 0.886839 0.492596 0.428444 -0.125211 0.471465 -0.375376 0.196359 -2.639868 0.409732 -1.373308 -0.667538 1.241238 0.045785 1.917893 -2.077620 1.586530 -1.218909 -0.344550 -0.910085 0.713871 1.023704 2.022863 0.329965 0.911058 -0.856504 -1.243654 -1.860433 0.755220 0.217248 -1.848039 -0.044142 -1.154189 -0.988371 -0.507019 -0.778842 -0.006662 1.148975 -0.508369 2.053703 -0.204752 1.337394 1.280187 0.489732 -1.947632 -1.073784 0.367310 1.846426 0.473338 -0.105814 -0.833708 -0.326640 1.292699 1.007938 -0.771465 -0.825316 1.196210 -0.750048 1.394473 -0.970668 -0.591907 -0.467930 1.327973 0.301926 0.450409 1.306905 0.020471 1.362124 0.976943 -2.110924 -1.264209 -2.140819 2.988224 -2.017634 -0.295272 -0.478275 1.741568 0.669293 0.470174 -0.544596 -1.114708 -0.211726 1.047704 0.824113 0.047686 0.474524 1.106088 0.998439 1.305599 0.466239 -0.150208 -0.481982 -0.674465 0.631566 -0.795602 1.851352 -0.418385 -0.882718 -0.525691 -2.144443 -0.749015 1.123287 1.873709 -0.558884 -1.426190 -0.484733 -1.450558 -1.144980 -1.789996 -0.316882 -1.414120 1.283683 0.452118 -0.133658 -0.257940 -0.541645 0.687181 0.695313 -0.426065 1.007372 -0.116016 0.274056 -0.129130 1.934150 1.865285 0.093175 -0.133154 -0.532279 0.451826 0.880339
0.603557 -1.006812 -0.617180 -0.096583 -0.726657 0.705105 0.435765 -2.215797 -0.392420 -0.693713 1.208818 0.938986 0.518720 0.151531 0.962648 -0.727175 1.578836 0.227344 -0.747337 -0.690210 -1.815804 0.485659 -1.598929 -1.571899 0.602015 -0.311743 0.738338 -0.523073 0.246205 -0.134725 0.368407 -0.715704 0.825266 1.043954 -0.002644 0.996270 0.363000 1.203020 1.016063 -1.129930 -1.628899 0.328228 1.009547 -0.035354 0.031587 0.834565 0.139319 -0.603795 0.146359 -0.311900 2.502562 -0.760004 -0.413529 0.382451 0.200130 -0.466388 2.244207 0.545058 0.313971 0.546695 0.920499 0.905583 -0.594060 1.240067 -0.298757 -0.432948 -0.654782 0.405954 -0.407287 -0.390449 -0.089399 -0.016510 -0.886008 -0.046899 -0.659602 -0.950218 0.797151 0.096565 0.604863 -1.408370 0.042287 1.086419 -0.126893 1.428467 1.299899 -1.791936 -0.170730 -1.529623 -0.587469 -0.283482 -1.332129 -0.521452 -0.597627 -1.928979 1.965903 -0.174356 -1.022878 -0.655808 -1.782685 1.717464 1.361360 -0.679417 0.421385 -0.892763 -0.398864 1.199796 0.582561 1.468833 -0.424169 0.300369 -0.370568 1.189689 0.450857 -0.363275 0.395462 2.161134 -2.223651 -0.523223 -0.055003 -0.202407 0.481736 -1.224262 -0.241616 -2.030402 -0.288776 -0.920883 1.202219 -1.041123 1.342431 0.291353 0.406453 -1.522021 -1.830535 0.269749 0.791295 -0.354895 1.011228 1.237933 0.105948 -1.886120 1.121700 -1.363046 1.435770 -0.015460 -1.900310 -0.842031 -0.516983 -0.205079 0.113951 0.188479 0.592349 0.211361 1.752693 -1.520362 -0.603148 0.707497 0.749263 -1.120800 -0.432446 -0.276639 1.257705 1.779275 -0.576321 1.349858 0.391183 0.642533 0.859339 -0.113120 1.184555 0.128668 -0.458940 -1.544448 0.184861 -0.090794 -0.642166 0.964971 0.165427 -0.688153 1.079046 -0.800759 0.281977 -1.418422 -0.104301 -0.347384 0.327338 -0.223252 1.729690 -0.325372 0.397616 -0.050613 0.663685 0.576768 0.568593 0.014342 -1.046117 0.396648 -1.295114 1.523971 0.697851 -0.033557
-0.444596 -0.379475 -1.436093 -1.650405 -1.089007 0.627913 -0.548754 -2.218678 0.460305 0.077635 -0.062432 1.472990 0.337405 -0.864693 0.571899 0.050557 0.052859 0.317865 0.390653 0.984558 -0.745521 0.256301 1.215109 1.782841 0.371094 0.102447 0.540557 -0.114113 1.784606 -0.790666 1.136335 1.313796 1.935972 0.136556 0.211741 0.448625 0.147560 -0.156131 -0.997938 -1.170804 -0.547666 -0.272861 -1.477633 0.750440 1.267859 0.574066 -0.713804 -0.300501 0.176244 -0.225992 1.757419 0.991223 0.947315 -0.264674 -0.555928 1.212628 0.287160 -1.034906 -1.225761 0.217505 -0.651093 -0.465540 -1.429940 0.607891 1.228019 -0.603870 -0.126906 -0.732103 1.061767 -0.176558 -0.665299 0.189561 -0.249959 -0.438330 1.772219 -0.576067 0.155875 -0.480268 -1.457093 0.148095 0.399674 -0.421881 -0.918325 0.550310 -0.364479 0.020595 0.995838 0.036076 -0.806057 1.259424 1.645745 1.117542 -0.131193 0.913173 -0.273693 -0.780197 0.216586 -1.691038 0.930790 0.483851 -1.531321 0.217434 -0.636769 -0.541932 -1.582291 0.261252 0.309340 1.047654 -1.791621 -0.816408 -0.365764 1.125612 -0.468349 -0.663892 -0.364141 0.685205 -1.529476 0.392631 -0.784678 2.900356 -0.198863 -0.068505 0.995356 1.743674 -0.160578 0.337666 -1.451762 0.643247 -1.119089 -0.076453 1.095834 0.584680 1.420821 -0.911076 -1.023945 0.292542 -0.784335 -1.813290 0.233426 -0.060848 -1.010386 -0.926771 -0.510836 -0.830575 -0.588834 -1.766890 -0.349159 0.854589 -0.483137 -0.335623 -0.522733 -2.380815 0.937186 -1.030544 0.912410 1.101706 1.216334 -0.257629 -0.930177 -0.226818 0.377984 -1.020846 -0.980652 1.319267 -1.984363 -0.838070 -1.199664 1.738981 -0.320450 0.067367 -0.315244 0.797574 -0.605304 -2.498511 -0.779021 -0.983000 0.401666 0.095991 1.637765 -1.156280 0.767085 -0.819945 0.522771 0.544153 -1.572588 -0.096995 0.050149 -0.546380 1.819721 0.243404 -0.019871 -0.276512 -0.400082 -0.760365 0.891884 -3.012242 -0.020935 0.411833 -0.201425 -0.993959
2.066757 -0.837744 1.047584 -0.804283 -0.569084 -0.199124 -0.848378 -0.461860 -2.314970 0.395000 -0.023766 1.123138 -1.391866 0.353523 1.395457 0.534022 0.956332 0.926921 0.643528 -1.363760 0.351830 0.381954 0.453731 -1.817333 0.322335 0.638737 -1.388766 1.755899 -1.478353 0.448271 0.786219 0.623130 -0.223650 -0.575614 0.705514 0.617317 -1.226343 -0.492153 1.944059 -0.847160 -0.336898 0.877849 -0.305969 1.446211 0.626858 1.051022 0.271430 0.119028 -2.071460 1.385931 -0.979719 -2.262434 -0.641617 -0.118897 2.052480 1.366518 1.418736 0.739872 1.472426 0.200605 -0.740573 0.476202 -1.169332 -0.119647 0.030283 0.426526 0.845123 1.157856 -0.747139 0.386924 -0.881684 -1.074278 -1.190362 -1.593439 -0.215093 -0.064095 -0.413533 -0.095724 1.840166 -0.721591 1.271238 0.911325 -2.055288 0.200990 -0.147273 1.162298 1.236317 0.296933 -0.548282 -0.778294 0.162958 0.842036 -0.437122 -0.960587 0.400106 0.048346 0.795915 -0.003608 -1.691158 1.852197 0.380182 -0.163235 -1.930034 0.067843 -1.039232 -0.747428 1.154153 0.460985 0.296301 -0.245181 -0.583016 -0.618732 1.996132 1.529513 -0.347767 -1.061334 -0.607012 -0.008995 0.188811 -0.177670 0.942125 1.231985 -0.634393 -1.848762 -1.340944 -1.349943 -0.294411 0.328335 0.947891 0.350636 0.284869 0.352985 1.166549 -0.029111 0.345503 0.659369 0.393759 0.777385 -0.060540 -1.607919 -1.377434 -0.714309 -1.213991 -0.326303 1.167851 0.600034 -1.167039 0.448281 -0.261381 -2.063314 -1.881710 0.510576 -0.379879 -1.121036 -1.072597 -0.897426 0.467419 -0.584018 0.539479 -0.174822 -1.075208 0.788901 -0.700262 -0.025469 0.638675 -1.115704 -1.489662 1.104343 -0.349885 -0.778613 1.665996 -0.199374 -0.476923 0.867318 -0.216397 0.769761 -0.199301 0.659594 0.391708 -0.156561 -0.325941 2.364036 1.017751 0.466304 2.065962 -0.047749 0.999066 1.088206 0.092737 -1.017081 2.090213 2.150151 -0.045104 -1.641158 0.831527 1.515529 -2.146291 0.198028 1.191759 0.090985
-0.116647 -0.322618 -0.623047 -1.226958 -0.738803 -0.394686 -0.601067 0.990391 1.202994 -0.106307 0.285937 1.512750 1.645521 0.879590 -1.566948 1.643381 -0.840082 -0.926187 0.752094 -2.112817 1.746682 1.321370 0.404896 -0.625794 0.031482 0.599476 1.218193 -1.422663 0.426797 -0.753591 -0.066152 0.125386 0.251540 -0.207474 0.045038 0.238483 -1.267403 0.337152 1.382327 -0.028723 -0.455400 -1.015561 -0.548842 1.350192 -0.623229 -0.545117 -1.501988 0.472819 -0.366253 0.582721 -0.175667 -0.634945 0.679841 -1.426650 0.733106 -0.483644 -0.876109 0.134531 0.965399 -1.211982 1.262447 -0.154466 1.163108 -0.642014 -0.640669 -1.478329 0.173396 -0.846553 0.493306 1.402591 0.447471 -0.962106 -0.353674 -0.218660 0.063732 0.012554 -1.169133 -0.374472 0.729266 -1.026672 1.080232 -1.190851 -0.346365 0.334368 0.979529 1.577816 -0.162349 0.778332 -0.480447 0.302944 0.777750 2.595863 0.723652 -0.224034 -1.600974 0.899596 0.387493 0.104048 -1.037984 -1.059278 -1.613359 0.241052 0.165835 -0.178778 0.833746 0.664322 -0.365035 -0.445049 -1.965699 0.747456 -1.697500 0.531160 -1.464987 0.359716 0.206969 1.304647 1.358701 2.157018 -2.912795 -0.600359 1.809708 -2.247788 1.681024 0.332738 0.237419 0.120167 0.330955 0.549071 0.055513 -0.707643 -0.548844 2.168439 1.225617 -1.020821 -0.339561 1.303036 -0.140595 0.181524 -0.599566 -0.048661 -0.899298 -1.954855 0.345361 0.030104 -0.420543 -1.028957 0.860627 1.665491 -0.564222 -0.789375 -2.047213 -0.482156 1.457302 0.873233 -0.318592 0.367886 -1.727757 0.217196 0.068695 -0.990311 0.708807 0.634656 0.657242 -0.961022 -0.439918 0.033234 0.088931 0.364493 0.770020 -0.594694 0.897571 0.768812 0.466146 0.650156 0.463869 1.789749 0.790610 -0.938847 -1.090859 -0.565264 -0.642887 -1.112025 0.220809 -1.942049 1.017071 1.372672 1.072349 0.587199 0.224228 -0.888019 -0.335226 -0.414627 -0.438111 -1.479961 -0.506413 -1.615982 -0.860819 -0.739701 -0.446704 -1.093095
-0.086538 0.003221 -0.244211 -0.154309 -1.312943 0.411860 1.893905 -0.476083 0.731253 1.463428 -0.388475 0.594510 -0.391156 -0.376494 -0.346791 -0.583809 -0.606627 -0.317377 0.369636 0.409929 -1.849131 1.015559 -1.553237 1.141062 -0.792640 1.048061 -0.495877 -0.330332 -0.248079 -1.447851 -0.836924 -1.065960 0.831098 2.605876 -0.040853 -0.459243 -0.965229 0.726976 0.160905 -1.874553 0.526887 2.045625 1.174797 -0.163632 0.197518 0.461963 -1.571438 -0.258367 0.030477 1.110814 2.850351 0.937674 0.238676 0.043189 -1.493879 0.227734 -0.420026 -0.229044 -0.073743 -0.257253 0.220586 0.542909 2.001563 -0.075839 0.176992 -0.878815 -2.139466 -1.283836 -0.746623 0.394931 -0.523994 -1.273967 0.164689 -1.581902 0.877298 -0.834810 0.943203 0.460994 0.154227 1.340245 0.945609 2.161160 -1.525504 0.326744 1.906459 0.561055 -0.824324 1.005076 -1.868315 0.495669 1.318611 -0.880219 1.493316 -0.071029 -0.459814 0.956529 -1.234875 1.186262 0.772160 0.390481 1.508959 -0.081185 0.875269 -0.610804 0.198082 0.829791 -1.728355 -0.554152 -0.242182 0.754581 -0.943628 -0.388266 -2.281581 -1.636841 0.106378 0.235707 0.841985 -0.698461 -1.555807 0.839328 -0.533029 0.019688 -1.909897 -1.912417 -0.150003 -2.030567 0.179434 -0.604582 0.880931 -0.095074 0.178470 0.598152 0.422696 0.701886 0.381575 -0.624753 -0.563134 0.108390 0.697101 -1.726233 0.955726 0.077865 -0.898082 0.321035 0.189417 -1.005356 0.273515 0.144467 0.004981 -1.301495 0.190538 -0.010422 -1.479744 -1.456704 -0.555155 0.383279 0.593279 0.107051 -0.942958 -1.073275 0.770592 1.421320 0.347498 -2.272589 -0.358022 0.649231 0.648340 0.615759 -0.761132 0.382326 0.411235 -0.269894 -0.104676 0.673928 -0.904105 0.763478 -0.546927 -1.476612 0.874497 0.233332 -0.569179 1.032047 -0.302935 1.333503 0.563940 0.526608 -1.645928 -0.627519 -0.225739 -0.882629 1.136993 0.554854 -0.205697 0.279654 -2.075481 0.171976 0.296304 -1.076110 0.609306 -0.157645
1.579245 0.937954 -1.251614 1.679573 1.168772 -1.288913 0.564647 0.573870 0.226228 0.626488 -1.288755 0.197500 0.915022 0.119063 1.102042 -0.539094 1.277249 1.081517 -1.102865 -0.475955 -0.636766 0.524768 0.468829 -0.088937 1.461981 -0.619870 -0.301698 -0.999792 -0.857941 0.769283 -0.958161 -0.715313 -0.975257 -0.295749 0.843456 -1.457929 -0.662031 -1.589058 0.690460 0.575245 1.791176 -0.977098 -1.454013 1.546137 1.067936 -1.115698 0.568238 -0.162545 -0.665468 -0.242709 -1.184326 0.106204 0.813061 -1.603432 -0.378171 0.475789 -0.960316 0.849124 -0.878470 -0.865644 2.227959 -2.285570 -2.146256 0.409619 -0.102751 -0.527294 0.333340 -0.199879 0.041836 -0.395094 -1.324692 -0.053431 1.866221 -0.283900 0.275088 1.038140 -0.195037 0.299218 0.207523 1.107598 0.105540 1.060418 0.249696 1.680992 0.165202 1.067892 0.703589 0.870881 -1.116528 0.648363 0.323313 0.211006 -0.537336 -0.323742 -0.289908 -0.573713 -0.463215 0.548889 1.033124 1.467520 -1.017053 0.577392 1.260422 -0.836272 -0.394256 0.127076 -0.045884 0.159767 -0.530210 0.025144 -0.356728 -0.949523 0.328933 0.197592 0.544438 1.006103 0.858230 0.498050 0.762071 -1.200921 -0.409065 0.170979 -0.830765 1.653863 -0.197665 -0.310155 -0.640377 -1.501516 -0.754848 -2.030789 -0.954990 0.863599 -2.178323 -0.699966 0.156883 0.613830 -0.527478 0.869830 -0.130153 0.059986 -0.883641 1.168211 1.086926 -0.368483 0.442205 -1.465272 1.040766 -1.314600 -0.134162 -0.689861 1.419488 0.663447 -0.099821 -0.175402 -0.474650 0.370646 -1.362500 0.446457 0.622877 0.752548 0.555749 -1.195236 -0.979770 -1.399083 0.254216 -0.845931 0.151172 -0.046893 -0.383586 -0.638772 -0.715079 0.142251 0.867889 0.496535 0.128096 -0.065431 0.875912 -0.394439 1.276339 -1.304954 0.835565 0.433914 0.122794 -0.391048 -0.112513 -1.303898 -0.200883 1.113312 1.117834 -1.090219 2.319177 2.630209 -0.884319 -0.614213 -0.224991 -1.010176 0.372008 -0.592383 0.959027 0.049870
-0.958875 -1.360345 -2.426747 -0.166491 -0.330544 0.581320 1.842395 -2.083383 0.838162 1.491359 1.244366 0.627283 1.918486 0.031431 -0.470860 -2.379453 -1.686997 -0.021560 1.726222 -0.289200 -0.583647 -0.191876 0.152799 -1.007391 -0.467877 0.912531 -0.138910 -0.770774 0.964811 -0.955058 -1.748746 -0.875612 0.563096 0.176913 1.371614 0.933142 -1.573823 0.469933 -0.526189 2.210997 0.068592 0.620773 1.178332 -1.190634 -0.177079 1.551647 -0.179121 0.210811 -1.683518 1.405858 -0.279768 0.258297 -1.513264 0.699674 0.038838 -1.964449 0.737662 -0.417208 -0.327911 -0.888117 0.082938 1.305218 0.871792 -0.542761 0.551717 0.275989 -0.082594 0.041482 -0.913961 -0.691187 -0.817883 0.297728 -1.230111 0.404067 1.066472 0.850964 -0.100978 0.740629 2.985053 -1.628498 1.186742 0.413831 -1.036293 -0.200406 -1.069332 -0.065942 -1.474920 -1.035383 0.007082 0.044341 -0.583932 0.093007 -0.671691 -0.819976 0.470017 -0.902435 0.591205 -1.208060 -1.101680 2.179450 1.819670 0.513668 -1.319132 -0.506906 0.102300 0.523954 0.174181 0.791925 0.037563 -0.246006 1.924808 0.731050 -1.049127 1.850647 0.765861 -0.437569 0.007245 -0.918961 -0.035727 -0.317007 -0.250178 1.425227 -0.437668 0.456049 1.372652 1.278969 0.854423 -0.540219 -0.216067 -1.030683 2.002761 -1.696570 -0.840325 -0.120322 -1.522742 -0.008057 1.160152 1.967769 -1.928576 -1.448333 2.210242 -0.620374 -1.610427 0.750813 -0.735463 -0.498643 -0.577497 0.240038 -0.187992 0.290951 -0.373707 1.179460 -0.841246 0.156395 0.056860 0.522145 0.917664 0.070005 1.348243 0.779577 -0.095447 -0.307189 -0.958479 -0.943313 -0.658185 -0.201362 -1.146860 -1.627888 -1.043166 1.195231 0.594507 0.256857 0.715632 -0.037303 -0.017309 1.236900 0.502607 0.203806 -0.697305 1.367853 0.580945 -1.171231 0.463942 1.160881 -1.568142 0.510680 0.400309 -1.438232 -0.196567 -0.736206 0.733102 -0.832677 0.656919 -0.248534 1.073996 0.060557 -0.748605 0.160903 0.420163 -0.316407
-0.060234 0.624232 0.130810 1.169871 -0.274472 0.303441 -0.750799 -1.540823 1.485196 0.020336 0.286737 0.578694 0.067611 -2.225528 -0.376660 -1.551832 0.286676 -0.367176 0.001987 -1.983484 -0.622713 -0.750516 -0.614401 1.073748 0.284381 0.515309 0.595981 -1.115205 -0.368201 0.661914 -0.762932 1.231781 0.477049 -1.115991 0.064629 0.490917 -0.257722 -1.370104 -0.729208 0.828120 0.262664 -2.450078 0.826926 -0.638233 0.203121 0.496881 -0.422742 0.279051 1.588341 -0.455014 -2.008848 0.810753 0.528149 -0.016384 -1.091611 -0.635348 0.468553 1.230708 -0.981838 1.449372 0.748419 -0.042288 0.211435 -0.970047 0.845426 0.777199 0.591408 -1.641689 -0.689719 2.705976 0.137644 0.619198 -1.294962 1.551614 0.623856 2.210345 2.196594 0.838319 0.214790 0.554722 -0.998181 1.651785 0.517342 0.137201 -1.446396 -0.327458 -0.029770 0.720638 -0.841153 0.404848 -0.283191 -0.372573 1.088722 0.417681 1.026519 -0.511312 0.417070 -1.296162 0.755737 0.898079 1.046633 -0.313656 -1.751908 0.347178 1.877628 1.549802 -0.195210 0.465823 1.701162 -2.527527 -0.960921 0.092104 -0.670258 0.051572 -0.273939 0.096587 1.531831 -0.554274 -0.136345 -0.349557 -0.039935 1.678652 -0.651224 1.462327 -1.696114 1.099117 -0.393067 1.948052 -0.660303 0.197927 -0.326425 1.444274 0.088271 -1.533425 0.302628 0.312067 -1.262559 0.129660 -0.239110 0.131257 -0.907874 -1.297434 -0.669107 1.041461 0.237081 -0.188283 -1.043242 -1.304212 0.217416 0.145908 -0.253226 0.138800 -1.438884 -0.559214 1.401678 0.298467 -1.732588 -0.325470 -0.121053 0.712641 -0.205410 -1.069443 -0.814051 0.018767 2.970918 -0.370503 -0.295321 0.345161 1.185412 -1.443079 -0.066923 0.984641 0.974748 0.323702 -1.845194 -1.763111 0.160700 -0.680887 0.440660 0.551675 -0.361577 0.827529 0.045995 0.457673 -0.079193 0.472783 -0.278027 -0.971970 0.085834 0.825497 -0.762877 -1.015011 1.224854 0.857219 1.292784 -0.187550 1.003732 1.163525 1.886246 1.943723
0.119616 -0.826111 1.341275 -1.347304 -0.089911 -0.849703 -1.503433 1.026656 1.841599 -1.563504 0.560267 0.822022 -0.446606 -0.885714 -1.606857 1.768933 0.544817 0.226063 0.180590 -0.483500 -0.765189 1.358899 -0.046066 0.227796 -0.671295 0.400896 -0.682263 -0.403152 -0.007905 -0.581902 -0.800109 -0.903285 -1.391240 2.445303 -0.217220 -0.525663 -0.083336 1.377427 -2.366590 0.818446 0.073521 0.602456 -1.076340 0.983335 -0.075593 1.037922 0.898198 0.367251 -1.233129 1.960135 -0.602852 0.376001 0.578948 -1.552603 -1.122076 0.885612 -1.071818 2.611688 0.636102 0.755430 -0.105932 -0.203804 -0.772297 -0.085754 0.827585 0.504740 -1.252930 1.409592 0.328567 -1.052849 1.022631 -0.518141 0.976635 0.631296 0.814317 -0.312438 -0.196815 1.342972 2.035579 1.413836 -0.426749 -0.186370 0.141412 -0.799757 1.524053 1.369881 -0.167067 -1.671633 -1.223704 -0.660283 0.110477 -0.322946 1.253709 -0.613955 0.714351 -1.230383 0.510207 -0.614849 -0.696135 -1.128522 0.889160 -1.047008 0.245373 1.234487 -0.568665 -0.487761 1.531913 1.160073 -0.557646 -1.760042 1.017786 1.398803 1.085379 0.754270 -0.126997 1.186161 -0.113836 -1.975112 -0.011841 0.607394 -0.754308 0.285515 -0.655558 -0.501528 -0.266855 -0.301291 -1.087649 -0.241196 -0.110480 1.886276 -0.643421 0.104142 -1.477837 -0.805152 -0.815266 0.793507 1.320769 -0.722749 -0.790514 -0.700295 -0.922081 0.246784 -1.551852 0.920240 -0.269697 -1.626665 -0.131579 -2.506894 -0.701501 1.472777 -0.635192 -0.234504 -0.537259 -0.474255 1.778591 0.313895 1.129552 0.277499 1.362934 0.303421 -1.776039 0.858054 0.293402 1.290762 -0.260348 -0.559870 0.834696 -0.726474 -1.947150 0.278185 0.782907 -2.155137 0.410829 1.107527 -2.571472 -1.315559 -0.252571 -0.723109 -0.384132 -0.490304 0.050022 0.452020 -0.732084 1.321978 1.703712 -1.006506 -0.270055 -1.283564 -0.856688 -0.421563 0.413172 1.335282 2.322652 0.588606 0.284100 0.079212 1.659277 0.174719 3.465675 -2.290483
0.326814 -0.472068 0.935092 -0.701258 1.634723 -0.552863 -0.428884 -1.810604 -1.556145 -0.649003 0.787368 0.216918 -0.533242 -0.193571 -1.197460 -1.342908 0.292137 -1.480424 0.817289 0.541671 -1.540596 -0.324220 -0.832692 1.378241 1.290947 -0.930733 0.009030 1.210896 -0.980246 0.621925 0.423508 -0.966015 -0.380407 1.240880 0.900493 0.749058 -2.323604 2.936198 -0.591295 -0.751875 1.045934 -0.380785 0.092264 0.810474 -0.801235 -0.336656 0.716901 0.567923 -0.098373 1.183032 1.151245 0.983752 -1.095646 -1.655942 -0.363166 1.107045 0.815369 0.069203 0.097173 1.012798 -0.982274 -1.777445 0.258337 0.147832 0.736040 0.191811 -0.964858 -1.202761 -0.569452 0.112111 0.345289 0.518011 1.049237 1.185884 1.141922 -0.487740 0.638151 -0.529045 0.036864 -0.332864 0.360554 0.622673 0.308043 0.125013 -0.902523 0.298671 0.192385 -1.163580 0.310508 -0.124597 1.445122 0.522515 1.730518 0.758819 0.279287 1.490641 0.170739 1.417908 -0.012099 1.361426 -0.874436 0.648292 2.204455 1.549734 -0.171529 0.420539 0.338189 0.098363 0.859335 -0.072644 0.834828 0.084671 -1.376777 0.263290 -1.761191 -0.254353 -0.784354 0.157258 0.412271 -1.043046 -0.715884 -1.534290 -3.162777 0.453854 -1.017764 0.580180 0.466677 0.764401 0.961893 0.124375 1.062449 -1.448777 2.188521 -1.986875 -1.024577 -1.309773 -1.854108 0.085789 -1.043136 -0.779435 -1.144750 -1.921763 0.315416 -1.252343 -0.166578 -0.253497 1.861107 -0.294316 0.582739 -1.160993 1.196514 -1.050805 -0.094450 -0.821353 -0.087260 0.405735 -1.021579 1.068662 1.466520 1.561401 -0.084230 -1.457390 -0.821056 1.277008 0.197129 -0.166754 0.063199 0.468936 0.318418 0.807628 1.728679 1.348708 -0.740464 1.314937 -1.114566 1.602406 0.089857 -1.994774 -0.132386 0.366187 0.671669 -0.671259 0.156530 0.206851 0.874569 0.125555 1.270845 0.702842 -0.023211 -0.189793 -0.027308 -0.523895 -1.683451 -0.083488 1.369516 -0.695721 -0.240030 0.174095 -0.269103 -1.517504
-1.562820 -0.899641 -1.172518 0.472162 0.490682 0.283615 0.329989 -0.151793 0.018612 -1.233219 -0.131480 0.571483 -0.763766 0.204796 1.328418 -1.397386 0.505220 1.316902 0.072582 -0.358995 0.466222 1.302297 0.494286 -0.603351 -1.155982 0.427190 -0.049945 0.894975 -0.195828 0.441578 -1.902741 -0.940591 -1.338587 -0.845536 -0.491742 -1.448944 2.020493 -1.354219 0.969482 -1.722859 0.437698 0.442145 -0.584224 0.331917 -2.042974 0.265190 1.623199 -0.380920 0.828866 0.505074 -0.261355 -1.028784 0.603103 0.386957 0.536276 -0.931498 1.854548 1.343561 0.590027 0.566155 0.050466 1.852422 -2.123740 0.519810 1.817994 0.566115 -0.664237 -0.078695 -0.533448 -0.235514 -0.571991 -0.647606 -0.936221 -0.588767 1.025852 -1.081416 0.312996 -1.604470 0.811758 -0.944077 -1.269435 -0.652987 -1.038018 -0.811347 -2.137924 -0.540066 -2.431387 -1.029040 -1.045065 1.392209 -1.027827 -0.843145 0.123190 0.253374 0.430392 -1.197497 0.470641 0.964422 -1.300706 0.324471 0.692599 0.478700 0.105698 0.455843 -1.146713 -1.391304 -1.792947 -0.214124 0.986118 0.227623 1.166503 0.060007 -0.968320 1.919347 0.314871 -1.448733 -0.076459 1.395143 0.271980 1.665821 -1.095409 -3.070550 -0.000128 -0.980407 0.226341 -0.400433 1.826018 0.853888 0.916314 0.653362 -0.054534 0.078716 0.734954 -1.037479 -0.093189 1.011391 -2.391662 1.086225 -0.520728 -2.359518 -0.835283 -0.424065 1.020304 0.429535 0.609305 -0.645597 -0.761468 0.567112 0.212790 0.833456 -1.062652 -1.873051 -0.827442 -0.938257 2.019586 0.561899 0.857914 -0.092780 -0.537057 -0.788636 -1.039988 1.031551 -0.684401 -0.201285 0.791980 -1.725779 0.684135 -0.278602 -0.650990 -1.274378 -0.153811 0.573684 -0.533425 -1.625378 -0.336853 0.765543 -0.719162 -0.538005 0.971840 -0.351226 0.756477 -1.621330 0.763369 0.386677 2.246640 0.501149 -0.154490 -0.628880 1.599973 -0.489331 -1.577680 -0.658041 -0.937083 0.024505 -1.504272 0.920499 -0.874889 -0.357970 -0.697606 -1.247619
-0.716522 -1.470265 0.234799 -0.861815 -1.120697 -0.825856 -0.702192 -0.635836 -0.944736 1.250905 -0.997368 -1.236783 -0.542871 1.792842 0.237395 0.041443 -1.491599 -0.620090 1.005396 0.005821 -0.935814 1.087468 -0.602115 0.163222 -1.040074 1.280513 0.493042 -0.949892 -0.749122 0.942252 1.597415 -0.104144 0.345035 -0.465046 0.208144 -0.441610 2.451701 -0.372259 -0.871202 -0.230159 0.322166 -1.052007 1.297478 -1.793185 -1.427509 -0.572816 -0.510780 0.431516 -0.928370 -2.178221 1.471619 -0.309018 -1.104430 1.729767 -0.065571 -0.795975 0.738002 1.408956 0.016045 -0.034013 -0.613615 -0.478562 0.018225 1.025387 -0.762208 -0.703410 -1.378555 -1.273044 -0.887609 1.051529 -0.305311 0.600212 1.400712 1.207732 -1.575029 1.375778 0.367888 0.999898 0.903340 0.900144 -0.061826 1.287086 0.733296 0.674158 -0.715927 -2.306979 0.654645 0.426382 0.155329 1.151044 0.314738 -0.036700 -0.735085 -0.645339 -1.507427 -1.629771 -0.992685 0.719290 -0.559840 0.042737 0.090815 0.354501 -0.075885 0.824043 -0.651034 0.038311 -0.297309 -1.203844 0.164674 -1.224041 1.760629 -0.726654 -0.300981 -0.588804 -1.123824 1.900310 0.812792 -1.073332 -1.379398 0.789936 0.861756 0.656235 0.057705 -0.374264 1.429871 -1.703895 -0.623569 1.536723 1.393463 0.746505 -1.081937 -0.005047 -2.460348 0.113024 0.240510 0.170282 0.219613 0.332253 -0.273281 1.854732 0.540285 -0.206974 0.301345 0.715281 0.488612 -0.992126 1.970411 1.753882 1.541997 0.327419 -2.045382 0.272565 0.712430 0.240234 -0.772653 -0.220827 0.143826 0.512802 -0.013973 -1.682114 -1.183559 0.914264 -0.674166 0.163281 0.275692 -0.211198 -1.654619 1.580045 -0.120309 0.884868 -1.270160 1.021845 0.598124 0.160000 -0.630006 0.032533 -0.345078 -0.204037 1.418452 0.832845 -0.443695 1.454756 0.528752 0.353527 -0.370499 2.315693 -0.070637 0.267493 -0.511782 1.011163 0.126947 0.052891 -1.091563 -0.369048 -0.614736 -0.264112 0.246118 0.721759 0.532328 0.108006
0.361000 1.790929 0.327740 -0.266099 -0.650420 1.246313 1.267779 -0.722033 0.270364 0.827763 -1.943416 -0.444180 -0.185983 -0.099712 0.386092 0.564155 0.006646 -1.245018 -0.394512 0.660879 -2.152854 1.668073 0.413027 -0.742705 0.194612 -0.876137 1.168078 -0.284190 -1.271535 1.343195 -0.907022 -2.090525 0.442961 -0.487568 0.660639 -1.199764 0.107850 0.074462 -0.487120 1.313460 -0.568924 0.828608 -0.321839 -1.174694 -0.840943 -0.655932 -0.626447 1.813450 -1.269783 -2.918562 -0.064466 -0.340678 0.336582 1.289649 -0.368643 0.767559 1.311683 -0.997837 0.621758 0.866109 -1.734015 -1.194810 0.366288 0.625104 0.878739 -1.000229 1.554853 -0.833710 -1.003901 0.471538 0.561492 -0.638709 0.564776 2.411452 -0.514974 0.524576 -1.236688 0.752301 -1.684278 -1.399082 -0.343033 -1.201473 -0.230004 -0.864293 0.512370 -0.105696 -0.541461 -0.466285 -0.787206 -0.136098 0.133066 0.910209 -1.030855 -0.868964 0.459460 -0.007646 -1.389037 -0.296690 1.075583 0.435825 -0.596070 2.140883 0.220733 2.176926 0.163794 1.225354 -1.662145 0.222430 0.779346 0.933629 -0.227517 0.820559 -0.221979 -1.113052 -0.749516 1.785906 0.961752 1.115490 1.327335 -0.300284 0.538925 -0.059279 -0.917378 0.369633 -0.618463 0.021144 0.817091 -2.104990 0.916381 0.485483 0.633592 -1.429550 -0.121420 0.434507 1.139845 0.264559 -0.569474 -0.598107 -1.719739 1.477153 -0.269328 0.060997 0.627342 0.090807 -2.341386 -0.694769 -0.319397 2.169837 -1.090469 -1.678089 -0.333393 -0.348069 1.157629 -1.168718 -1.117684 -1.308253 1.957577 -0.064572 1.659052 0.199756 -1.723054 1.208980 0.636333 0.855560 0.548909 -0.049541 -0.083070 0.515103 0.508525 -0.378035 -0.436835 -0.686893 -1.739184 2.084456 -0.210429 0.230377 -1.461332 -1.888956 0.684734 -0.291523 -1.272989 -1.132474 1.009085 0.437786 0.303691 0.395792 1.329565 -0.546115 0.100292 -0.874898 -0.514379 -0.870760 -1.621982 0.099821 1.710862 0.926524 0.766400 -0.384582 0.444882 -0.676242
-0.558733 1.113712 -2.345022 -0.293223 1.095166 -0.324969 2.446462 -0.376512 2.140191 -2.114162 0.237267 -0.974461 -0.841803 -0.221034 -0.373833 -1.083871 0.566322 -0.451391 -0.107655 -0.028965 0.100477 2.204073 0.665943 1.541603 -0.019647 0.578231 -0.506544 1.012784 -0.030205 -0.310157 -0.287175 -0.369221 0.835043 0.238251 1.176892 0.413385 -0.278860 -0.077075 1.654505 -0.088866 -0.598662 -0.425273 0.891289 1.173653 -0.836136 0.113397 -0.987348 1.028638 0.085564 -0.516045 -0.095396 -1.120839 0.466177 0.602100 -0.810296 0.196615 -0.774090 1.282419 0.460015 -0.165517 0.602677 1.929169 0.209573 1.228504 -0.078326 0.240210 -1.025963 0.168277 0.839353 1.146085 -2.286403 0.149453 1.021920 -0.182544 1.407364 0.804192 0.230346 1.691603 -0.788395 -1.152654 0.297431 1.068150 0.677106 -0.856925 -0.905830 1.489408 -0.139873 0.356393 0.062636 -2.460122 -1.090287 -2.039208 -0.361025 -0.409533 0.048286 1.111563 -0.954559 0.096859 -0.198517 -0.954784 0.758568 0.569536 0.509331 -0.326772 -1.604625 0.087507 -0.234299 1.529263 1.798942 0.135618 1.377011 0.190889 1.211495 1.448100 -0.310370 -2.493452 -2.764076 -0.469495 -0.721625 1.631372 -0.223966 -0.496689 -2.668563 0.737205 2.298663 1.102963 -1.117518 0.804192 -0.072895 -0.592730 0.598070 0.949310 -0.821768 -0.143975 0.919189 1.419886 -2.572084 0.371349 0.842066 -0.136468 -0.968603 -0.798785 -0.646057 0.935240 0.013210 -1.432062 0.107623 -1.676895 -0.223611 0.409570 1.275600 1.173615 -0.679950 0.053532 1.015032 -0.387842 -0.533517 0.332769 0.621717 -0.211863 1.589134 0.393697 -0.213897 1.704351 -0.070593 -0.839480 1.788092 1.233000 0.468300 -1.579003 0.089234 0.719777 1.176499 1.402249 -0.022040 0.346916 0.270965 0.260199 -0.679162 -0.631517 1.056684 -0.369659 0.789775 -0.664914 -0.121304 1.100884 0.310079 -1.645685 1.625457 -0.027430 -0.048052 -1.517992 -0.959889 -0.299125 -1.258321 0.771343 -2.172694 0.395827 -0.539767 -1.400993
0.840742 0.725058 0.058664 0.754925 -1.348142 0.124430 1.488437 0.400742 -1.438110 -1.325014 -2.509427 -0.472178 -0.085422 0.916055 -0.422954 1.390373 -1.029926 -1.602684 0.853320 -2.176368 1.140773 -0.454032 -0.202675 -0.755514 0.303546 -1.942795 -0.558720 0.546650 -1.364033 -1.336714 -0.939125 0.354920 0.608758 -0.397654 1.692623 -0.578581 0.545743 0.257352 1.075769 0.193130 1.338997 -0.913433 0.252942 -0.512697 0.441794 -0.634572 0.775793 -1.650982 -1.291452 0.351937 1.040573 0.115023 2.396130 -1.519631 0.700873 0.628147 -0.029658 -0.356625 -2.371827 -0.595874 0.934564 -1.018055 0.450649 -0.173762 0.634213 -1.616941 0.694002 2.198982 -0.981887 0.255866 0.313305 0.722016 -0.697401 -1.177406 0.387290 -0.927772 -0.683669 -0.428081 0.716216 0.089949 -0.098550 0.719002 -0.900912 -0.901046 -0.372491 0.274301 -0.852217 -1.088120 -1.630786 0.611607 -1.752591 -0.318762 -1.065789 1.549340 -0.801947 -0.437050 -0.008368 -0.006407 2.178518 0.212851 -0.121633 -0.065753 0.478090 -0.355997 -0.725777 1.731438 -0.882530 -0.722454 0.213675 -0.427019 0.812093 0.263654 -0.042953 -0.422104 -0.586802 -0.573779 0.846444 -0.068621 0.620297 0.783619 1.519847 2.098535 1.781978 1.166169 -0.064480 -0.706822 0.564221 0.873351 -0.358631 0.434389 0.753521 -1.662140 0.335542 -0.979952 -0.080781 -0.420490 -1.011332 -0.487127 -1.645299 -0.012503 -0.083968 -0.679589 -1.104685 0.201530 -1.448487 -0.136164 -0.831442 2.046849 1.212394 -0.358392 1.097323 -0.761961 0.410831 0.244145 0.309785 2.645579 -0.606428 0.165936 0.921126 -0.741279 -0.048055 0.962142 0.627823 0.496904 -0.984438 -1.677036 -0.903347 -0.823570 0.796678 0.538054 0.271533 0.384517 0.237035 -0.622704 1.138396 -0.282122 0.587429 0.123782 0.429449 -0.938719 0.603711 -0.269576 2.766500 -0.356705 0.570867 0.244700 -0.387081 0.374677 2.155181 -0.666559 0.249494 -0.862839 0.162547 -1.320751 0.871055 -0.187688 0.085033 -1.291306 0.350015 0.293984
-1.503521 1.223455 0.499091 0.519613 -0.635623 -0.254119 -0.844888 -1.203724 0.565316 -0.079344 0.017837 -1.096006 -0.894312 1.014149 -0.799469 0.112323 0.937177 0.628014 0.439520 0.592211 0.320231 -0.409466 0.568777 -0.462095 0.826591 -1.607771 0.391380 -1.079576 -1.545735 -0.693304 -0.064312 -0.994606 -0.804187 -0.945232 -0.590780 1.458985 0.939801 -0.240254 -0.812106 0.646915 1.053489 -0.711235 -1.461895 -0.343631 -0.299268 1.757653 1.057522 -0.168277 0.220030 0.489719 0.083920 1.241982 -1.303959 -1.055489 0.044048 -0.464231 0.459262 0.062566 -0.647008 -1.462705 -1.308636 -0.350501 0.816274 -1.305087 0.252946 -0.606347 -2.315770 0.421381 -0.676807 -0.393579 -0.176984 0.815660 -1.459392 0.314309 -1.346750 1.045528 0.014482 -0.612585 -1.083073 -1.142164 -1.803151 0.330435 0.446717 -0.511661 -1.028877 0.679395 0.823482 -0.153324 0.513353 0.639540 1.032601 0.213594 -0.868485 -0.468126 -0.678428 -0.525855 -1.310010 -0.309611 1.468700 -0.669935 0.060976 0.433713 -0.981351 -0.329240 -0.931926 -0.114488 -1.281057 0.902347 -0.846303 -0.559934 -0.444800 -0.950135 1.118335 0.692354 -0.820135 -0.359647 -0.970141 0.675568 -0.481193 -0.713756 -0.824829 -0.583452 -0.410700 0.258443 -0.340897 -0.125550 0.759851 1.162025 -0.734328 -0.734265 -0.201761 -0.227516 -0.277652 0.038228 1.180080 -1.884325 0.834263 -0.710042 1.031982 -0.954933 -0.693142 -0.656000 2.177598 0.432397 -0.034629 1.477455 0.509160 0.863168 -0.670296 -1.841290 1.182632 -0.064223 0.649064 0.917585 -0.836225 0.915822 0.319862 0.149570 -1.276451 -0.049120 -0.753040 0.711223 0.250315 -0.040731 1.352279 -0.649280 -0.366499 -0.129447 0.200017 1.932034 0.856446 0.136100 -0.736154 0.512051 -2.268022 1.770221 -0.317513 -0.745843 -0.306584 1.147909 0.214174 -0.040242 -1.275938 1.727780 -0.832849 -1.876691 -1.127509 -0.709054 0.306354 -1.002158 -1.116664 -0.589000 1.974983 0.855155 -0.469367 0.545345 -0.449681 -0.939697 -0.063412 -0.903582
-2.074416 -0.965922 -1.155946 -2.242128 -0.186440 -0.836927 0.071335 -2.735617 1.350684 -0.553455 -1.417076 1.385846 0.172671 1.815768 0.212362 0.741517 0.441514 0.125663 0.669779 0.172897 0.683785 -1.740258 1.277545 1.452053 -0.467069 -0.715108 -1.476421 0.501184 -0.063314 -0.483957 -1.472785 -0.409161 -0.486313 -0.367748 -1.421996 -0.638835 -0.554819 -2.177155 -1.307085 0.370774 0.344122 0.971773 0.720846 0.477139 0.072195 -0.062384 0.028231 -0.961985 0.311511 -0.783841 -0.241054 1.721114 0.185019 -0.503592 -0.332182 0.251439 -0.259829 0.503567 -1.103769 -1.196216 1.503337 -1.623935 0.842578 2.136403 -0.956137 -0.166536 -1.165261 -0.703520 -0.418360 1.043477 -0.984307 0.874463 -0.296225 0.322094 0.093343 0.585745 -0.529795 1.082407 0.292872 -0.329089 0.386211 1.243361 0.285429 0.848842 0.599784 0.289774 -0.037666 -0.447785 -0.700909 -0.331167 1.184247 0.526138 0.905560 -1.779125 -0.079679 -1.299700 0.546315 -1.375555 0.456625 -0.557491 -1.484943 0.624297 -0.099464 -0.146437 0.528868 -0.623811 0.634400 -1.215959 1.271584 0.385062 -1.855970 -0.184100 -0.439499 -1.202153 -1.036532 1.952052 -0.984392 0.304616 -1.202600 1.270714 -0.323398 -1.235136 0.502794 -0.678128 1.391831 0.809538 1.265251 -1.209471 -0.057230 1.239641 0.305335 -0.829338 0.291768 -1.232249 1.809882 0.254841 -0.336892 -0.652248 1.291582 0.727463 2.770483 0.728183 0.192036 -1.164289 0.126188 -0.450458 0.632777 -0.053134 0.567165 2.019177 -0.585644 0.062435 -2.125789 0.834056 -2.071122 -0.378791 -0.696495 0.102814 1.303245 1.049985 0.442262 0.853739 0.483940 0.495202 0.878802 0.329559 0.761484 -1.627199 0.250631 0.900618 0.670026 1.080935 0.584284 -0.663448 -0.293132 -0.054194 -0.349221 -1.024731 0.369414 0.701723 0.686859 0.914562 -0.982343 -1.557258 0.135435 0.010715 2.018050 -0.772789 -1.219751 1.499034 2.096281 -1.212253 -0.283964 0.880149 1.841705 0.026247 -0.196254 -0.046879 1.460362 0.740765
2.215051 -0.603609 -0.810076 0.738690 -0.678685 -0.446160 -0.187186 -0.294577 -0.152405 0.174577 0.040776 -3.562987 -1.151531 0.089374 1.803082 1.612413 -0.583740 1.386519 0.267893 -1.147017 -1.944844 -0.218540 1.388539 -1.523371 -0.273221 -0.370051 -0.521453 -0.607546 0.087006 0.238453 0.099377 0.550904 0.282342 0.048455 0.556619 -1.633248 0.401753 -0.362670 0.936486 0.549018 -0.311123 -0.369014 -0.650305 -1.897098 0.495184 0.609669 1.028361 0.043118 -0.836850 2.442201 0.603282 -0.194399 0.750089 0.873695 0.412168 -0.988740 -1.234508 -0.985040 -0.464780 0.925529 1.678224 0.286772 0.320028 1.628898 -1.594128 -1.821832 -1.180076 -1.550737 0.983639 -1.117018 1.984759 -0.120081 -0.947183 -0.655824 -0.174968 0.560376 -0.114717 1.277181 -1.867528 0.513415 0.353582 0.390320 -1.909855 -0.158015 -0.226591 0.305144 -0.007404 0.713425 0.642036 0.029841 -0.880645 -0.372684 1.498104 0.664328 1.996335 1.234803 1.170885 0.102984 -0.652253 0.793970 -1.225915 -0.793986 -1.444008 1.286111 -0.179377 0.560368 0.173535 -0.988614 -0.532367 -1.015788 0.664255 -1.531769 1.100697 0.495884 1.456847 0.601814 1.226026 0.583463 0.805610 0.864723 -0.554080 0.073998 0.660790 0.392032 1.038808 -2.165747 -0.099538 -0.082695 0.489280 0.355765 -0.719501 -0.675896 0.367742 0.096907 -1.262958 1.195985 -1.133023 -1.616183 -0.005745 1.134041 -1.595621 0.763420 -0.664323 0.812417 0.729944 1.352188 0.879368 -0.613254 -0.468457 0.475124 1.301755 1.021712 -0.817442 1.892429 0.633598 0.750855 -0.199671 -0.457753 -0.998908 -1.909798 -0.041102 0.597578 0.017224 -2.222542 1.650144 1.323324 0.593399 -1.619716 0.661808 -0.574731 1.712414 1.285400 -1.414898 -1.131048 0.787213 0.861741 -1.592392 -0.896592 -0.426914 0.058864 0.791507 0.039584 1.276541 -1.868320 0.117295 -3.273405 1.310851 -0.724307 -1.071183 0.231813 -0.056654 -0.625548 -0.296252 1.147290 -0.348230 -1.846597 2.467916 0.336183 -0.804871 0.414847
-1.106630 -1.188253 0.461536 0.279311 0.962306 -0.775247 -1.255304 0.879855 -0.006429 -0.743710 1.789336 1.265756 0.427763 1.170514 0.778213 -0.271533 0.765927 0.725825 -0.107919 1.828925 0.355599 0.410415 0.090589 -0.986788 0.486806 0.928471 -0.567848 1.297609 0.645036 -0.012050 1.523639 -0.820687 -0.617390 1.060504 1.051555 0.604075 -0.097034 -1.040077 1.662096 -1.323529 -2.026972 -1.496703 -0.042008 -0.773987 1.545567 0.926835 2.446601 0.409017 0.435580 -0.239061 -0.224241 0.127512 0.356852 0.389321 1.012126 -1.140158 0.244229 -0.317749 0.482788 -0.556417 -0.458927 1.084794 -0.790189 -0.245471 0.245584 -1.530827 -1.869392 1.329856 0.459125 1.027594 -0.329981 -0.515883 -0.430636 -0.435484 -0.043348 -1.071176 -0.090319 0.172188 1.117621 -0.486450 -0.349145 -0.590699 1.301328 -0.412058 -0.740336 0.207109 0.124281 0.074030 0.191815 -0.403679 0.344195 -0.491799 0.574202 0.589597 0.293534 -0.519760 -2.039147 -1.964957 0.178433 1.812158 -0.047049 1.246011 -0.522508 0.888838 1.127443 -0.241711 -0.701320 -2.148488 0.053130 -0.626822 3.091666 -0.681493 -1.469401 0.001816 0.114167 0.364910 -0.920104 -0.370389 1.289540 -1.642715 -0.325366 2.890706 0.728760 -1.765134 -0.287187 -0.624726 -1.650460 0.391751 1.137097 0.260859 -0.190692 -0.672345 1.168741 0.860609 0.772750 1.734406 -0.571718 -1.372826 0.019575 -1.366697 -1.999411 -0.606763 -0.912789 -0.196604 -0.268714 0.159484 -1.236010 -0.453728 -0.298666 0.976759 -0.777556 0.796988 -1.127961 -1.164675 1.385669 -0.332683 0.365152 1.120082 0.019570 -1.384453 1.359079 0.761379 0.591083 -1.124005 -0.080880 2.171244 -0.774385 -1.038299 -0.017242 -0.064672 1.429122 -0.254428 -2.479401 -0.592814 -1.194364 0.380760 -0.928763 2.247124 0.385689 0.003717 -0.073117 -1.897371 -1.825561 1.713659 1.817139 -2.323410 0.780042 -1.037852 -0.769056 -0.140898 -0.464415 0.510671 3.997766 -0.091418 -0.981146 0.285781 -1.248291 0.012399 0.207426 2.776850
0.543471 0.390591 0.278293 0.324493 1.756075 0.544261 0.203152 -0.295392 1.412427 -0.174808 -0.047840 -1.707004 0.744721 -1.113141 1.036966 -0.405947 0.443519 1.498862 0.040159 1.401974 -0.445575 -0.912100 0.821614 -0.631267 1.098743 0.782840 -1.147916 -0.169319 1.157302 -0.966398 0.073779 -0.208118 0.711329 -0.844724 -0.787881 -0.533451 -0.932957 0.338592 -1.231872 -1.150729 0.327253 1.762066 0.416670 -0.405458 -0.103454 1.003906 1.538026 -0.554239 -1.000371 0.420999 0.187507 -0.391641 0.226997 -1.149807 1.589221 -0.866750 -0.131085 -0.842909 0.637478 -0.948683 1.616691 2.206542 0.413251 -0.215526 0.763032 -0.392613 0.666696 -0.460125 1.174998 0.033619 -0.149958 -0.469978 0.147119 -0.338592 -0.000537 0.598487 0.774572 0.798110 0.695835 1.626310 -0.165233 -0.952898 -0.437028 -0.100763 -1.418654 0.945271 -0.447930 0.826327 -0.651645 0.606244 1.237312 -0.505952 -0.307947 -0.997689 -0.452547 -0.369939 -0.922321 0.750639 0.887299 0.149222 1.368817 0.040229 -1.172188 -2.378230 0.483629 -1.043259 0.106549 -1.207024 0.222977 -1.109639 0.134083 0.220622 0.364516 -1.452552 -0.574953 1.616187 -0.423649 -1.240137 0.721338 -0.834839 -1.398631 1.134451 -0.884314 -0.647553 -1.885426 -0.027963 -0.670038 -2.046629 -0.094104 0.168242 0.152180 -0.684047 0.410149 -0.031276 0.843837 -0.307512 -0.728392 0.310388 -0.751001 1.201077 -2.266788 -0.316721 0.217172 0.006360 -0.901181 1.723038 -1.057245 1.225697 -0.197086 -0.111619 1.671403 0.087094 -0.271416 0.207277 -0.099408 -1.062373 1.839741 1.046253 0.012348 -1.061919 -0.293678 0.475360 -1.879055 -0.448267 0.873479 -0.565365 -0.696461 -1.295223 0.182105 -0.055971 -0.004643 1.622691 0.024208 -0.038534 -0.060410 -0.012447 1.900124 1.407171 -0.756828 -0.485323 2.237911 -1.083974 0.076029 -0.081776 1.141867 -0.127454 0.302688 -1.346829 -0.834594 -1.224009 0.178736 -2.040554 -0.098243 0.146727 0.535479 0.410091 -0.354494 -0.272865 0.938947 -1.139689
0.022497 -1.330118 -1.406125 -0.283878 -0.117406 0.232401 0.769111 0.039953 -0.192211 -0.387719 -0.741814 0.671172 -0.988544 -0.088237 0.480202 -0.610900 -0.669836 0.364729 -2.067379 -1.731119 -0.959642 0.950037 -0.222488 -0.755545 1.242892 1.486542 0.149837 1.277051 0.518208 0.167379 0.988071 -0.878962 -1.080507 -0.030030 0.092574 0.366701 -0.815374 -0.051295 -0.750584 -0.872757 1.230391 2.445497 0.381721 0.874228 1.025241 2.186490 0.663997 0.011458 0.071049 0.439127 -1.105547 0.216423 0.388051 -1.180496 1.835680 1.142237 0.380049 -1.570301 -0.163713 -0.253014 0.705372 0.802779 0.995638 -0.044764 -1.317932 0.713773 0.504845 0.061716 0.257638 -0.509148 1.068976 -0.162860 1.806184 1.020721 0.653722 0.579993 -0.785926 0.908308 -0.765509 0.887640 -0.120122 0.154664 -1.474326 -0.120404 -0.006528 -0.633028 -1.088155 0.305816 3.328651 1.363448 0.580982 -0.935888 1.251038 -0.502416 1.268263 -2.049623 0.936490 0.130683 0.641968 -0.956075 -1.969473 -0.885600 -0.516796 -0.382103 0.554570 0.573169 -0.453557 0.357197 0.476704 0.285330 -0.233617 -0.909299 1.079988 0.037661 1.810295 -1.819526 -0.781886 0.132698 0.941595 1.976971 1.525945 0.686068 1.210345 0.049015 -0.943025 0.247743 0.671214 -0.360894 1.724954 -0.314245 1.297165 -0.802827 -1.800192 2.816678 1.355149 -1.143480 -1.652391 -0.418318 -1.304156 0.288054 0.461839 -1.336245 0.466119 0.398856 1.590850 -0.119546 -1.191061 -1.498942 -0.679418 -0.323893 0.152821 -0.671931 0.736172 -0.584767 -1.145129 0.593774 -0.079347 0.147613 0.903455 -2.241928 1.229997 1.830315 -0.819269 -0.038533 -0.684247 1.609094 -1.088340 0.488529 0.388044 0.280498 -0.997572 -0.931318 2.081321 -0.653827 0.051236 -0.317635 0.880069 -0.659311 -0.545500 -2.116120 0.293451 1.384863 0.320992 -0.262011 0.947523 -2.137864 1.675074 0.517511 0.390481 -1.557856 2.007827 -1.193595 -1.395654 -0.031797 0.075396 1.160923 0.211109 0.131372 -0.698462 0.456055
1.423502 -0.930317 1.425940 0.806221 0.970251 1.096998 -0.824307 -2.113214 -0.762013 0.119575 0.371852 1.022083 -0.136537 -0.868467 0.483882 -2.810339 0.787399 -2.818065 0.574449 -0.805512 -0.105492 0.727444 -0.339659 1.321603 0.088669 -0.977376 -0.868580 -0.233309 -0.722514 -0.283929 1.839473 -0.265152 0.833502 0.099396 1.494540 -0.922249 -1.151593 -0.354361 -0.204723 0.685412 -0.612025 -1.953391 0.125870 -0.226324 -0.473968 -1.139611 1.215002 0.628199 -0.354216 0.556114 1.383514 0.076590 0.420775 -0.620465 -1.366093 -0.684430 0.645276 0.640624 -0.854919 -0.612868 -0.327908 -0.924251 0.187451 -1.339026 0.306691 0.360916 1.713994 -0.116895 0.118827 0.762881 -0.956744 2.659352 -0.582641 0.306688 0.076465 1.933712 0.674986 -1.100021 -0.188772 0.344413 -0.224206 -0.635827 0.134970 1.112886 0.567954 -1.102385 -0.743418 -1.120596 0.433037 -0.122690 0.518024 0.497152 -1.559817 1.173795 0.488934 -0.402984 -1.871393 0.130089 0.269397 -1.769252 0.191164 0.912930 -1.160839 0.453357 0.557133 0.949667 -0.172689 1.132978 -1.292441 0.094364 0.682138 1.599073 2.221832 0.379627 0.227588 1.300980 1.740278 0.569737 0.739720 -1.540009 -0.449080 0.030329 1.056849 1.239453 1.430628 -0.605965 -0.678449 0.861344 1.195169 -0.490119 1.331794 -0.630820 0.660356 0.233272 -0.478056 -0.942909 1.478340 1.036327 -0.646854 1.085681 0.370836 0.994427 0.400839 0.996325 1.019005 -0.779891 0.971626 0.259557 -0.422090 1.872343 -1.778934 0.199734 -0.566986 0.611032 -1.844063 -0.162064 -1.248824 -1.299181 -1.433101 0.156504 0.674055 -0.155292 -0.777586 0.590413 -0.465070 -1.557825 -0.564972 0.616928 0.573026 0.097216 3.285392 0.449432 0.123666 -0.804016 -0.310995 -0.247320 1.510357 -1.133026 0.979154 -2.029152 -2.585868 -0.187101 -0.640433 -0.685429 -0.814881 0.596481 -1.165869 -0.705132 0.938403 -0.021130 -0.090117 -0.217598 1.557767 -0.449295 -0.051769 -0.193638 -0.114577 0.620746 -1.024352 0.791657
1.013058 -0.480969 -0.216522 -0.093920 -1.990760 0.018544 0.150619 0.068667 0.302476 -1.499132 -1.660168 1.739713 0.085089 -0.134342 -0.270945 0.000602 0.359425 -0.269082 -0.339760 -0.021503 -0.893112 -0.138504 -0.845968 -0.547027 1.111902 0.415060 -1.441740 0.070300 -1.888756 -0.957378 1.026134 0.869975 -0.192442 -1.417452 0.628001 -1.806584 -1.129534 -0.033767 0.199171 2.341233 -0.376403 -1.134885 -1.009766 -0.870445 -0.344236 1.103560 -0.070458 0.015691 1.060024 -1.041671 0.404554 -0.719087 -0.326819 1.403591 -0.872687 0.429636 1.381840 0.494652 -0.464802 1.719213 0.200972 0.068969 0.194835 0.124863 1.330672 -0.097078 0.902596 0.084685 0.574942 -1.447823 -0.016505 -0.960249 -0.087594 0.306085 -1.198574 1.910637 0.056813 -1.188619 2.115301 -0.783666 -1.128981 1.405200 -1.363533 -0.708955 -0.157434 -0.675786 0.831676 0.898711 -1.533239 -0.750859 0.205032 -1.253565 -0.124004 -1.172719 1.427372 0.095565 -0.376864 -0.766361 0.308734 0.694455 -0.863521 0.724053 -0.275941 0.572906 0.789617 -0.535546 1.684531 0.098761 0.757617 0.014588 0.234761 0.269232 -0.197026 -0.544256 -0.720762 -0.324809 -0.815795 0.050216 0.386564 0.092235 -1.717949 -0.865300 1.900550 0.089473 -1.515547 0.020433 -0.230537 -0.335376 0.422547 0.503282 1.032365 0.766433 1.923963 1.681291 -0.726462 2.399034 0.109859 0.545290 0.594185 -0.580154 -0.263338 -0.341235 2.031681 1.583384 -0.586441 0.609812 0.758638 -0.942918 -0.641727 -0.247436 -0.202173 -0.791554 0.595918 0.904058 0.251368 -1.809798 -0.205009 0.641981 0.751078 -0.792522 -1.933074 2.111518 -1.428508 0.194926 0.408477 1.266069 0.076471 -2.244656 -0.048830 1.043386 -1.179832 0.275189 0.022724 -0.464162 -0.083641 -0.114424 -0.969636 1.533202 -0.138454 -0.227600 0.966704 -1.169214 -1.246444 -0.173315 -1.509885 -0.642272 1.057957 0.854277 -1.594788 -0.684653 0.394890 -1.016203 -0.195320 -0.989269 0.775988 1.203826 -0.020714 0.675429 -0.785080 -1.055035
-0.258169 0.808353 0.462707 0.430397 -0.178336 0.530122 1.065142 -1.072369 2.118612 0.265276 0.184058 0.750987 -2.460472 0.062178 -0.389138 -1.488656 0.715003 0.180886 2.518518 -0.059854 0.555507 -0.188735 0.551215 1.186657 2.055775 1.818970 0.594656 -0.993078 -0.264129 0.441728 -0.571340 -1.086074 0.484482 0.907857 -0.120030 -0.584485 -0.196431 0.404196 -0.702237 0.892757 0.059571 0.494556 -0.176666 -1.190095 0.828192 -1.834004 -2.334494 -0.101240 -1.553052 -1.113954 1.675851 -0.828897 -0.051169 0.371624 1.192662 0.064519 -0.976426 -2.039028 0.696135 -1.904205 0.070007 1.779155 -0.058734 -0.450107 -0.975428 0.210050 0.249984 1.951154 -0.030648 0.544872 1.283405 0.177138 0.137188 0.439099 1.760693 0.654634 0.688003 -0.271556 -0.607096 -1.027999 0.645425 -0.218519 -0.013383 -0.138966 -0.213659 -0.282124 -1.086968 0.880307 -0.725061 1.411230 0.927749 2.226557 0.481111 -0.491892 1.278727 -0.218135 -0.018616 -1.140859 -0.653440 2.544091 -1.178697 1.157805 -0.320474 -0.984212 -0.860345 0.003512 1.534098 -0.911314 0.285036 -1.332052 -1.048126 0.674520 -0.579428 -1.096056 -1.319681 0.184849 0.346329 0.993603 -1.156681 0.389985 -0.207436 0.270821 -0.263191 0.250827 -0.454299 -0.826411 -0.838815 -1.855640 1.282918 0.395612 -1.139582 -0.296716 -0.281910 1.230934 1.676623 0.483433 -1.176362 -0.248052 1.999392 0.629755 0.360394 2.982371 2.122554 1.014504 -1.111051 -1.879500 0.615578 0.507183 -0.510098 -1.953970 -0.536747 -0.762048 -0.620366 -0.271608 0.587730 0.300450 0.552220 0.143488 -2.344993 0.198646 -1.479215 -0.219879 0.006047 -1.390418 -2.122587 -0.330936 0.409018 -1.154245 0.520299 1.071607 -0.862867 0.219188 0.171269 0.488004 -0.315078 0.199283 -0.620543 -0.165939 0.086691 -0.305644 1.645774 -0.351025 -0.012522 -0.372787 -0.699484 -0.728475 -2.510681 -1.134153 0.494187 -0.545646 -1.407183 -0.323351 0.339904 0.434746 0.867223 -0.864167 0.292869 -0.579855 -0.220348 -0.532945
1.572593 0.013928 1.790247 1.088684 -0.055717 0.731776 0.301283 0.272227 -1.759161 -1.671079 0.295071 -0.022771 0.243323 -0.420798 -1.411586 -0.110114 0.423473 -1.270001 -1.703541 0.309637 -0.722739 -0.061716 1.114663 0.810920 0.096699 -0.875063 -0.469541 -0.237476 1.448051 -0.400362 -2.020551 -0.814885 0.661808 0.032112 -0.240324 0.061055 -0.869421 -1.486114 0.124371 -0.342072 -0.254179 0.711837 -0.638133 0.727770 2.172270 -0.684162 -1.782360 -0.607300 0.959972 -0.059374 0.439109 0.007712 0.568494 -0.789298 -1.329525 0.302548 -1.045435 0.872680 -0.458112 -0.027788 0.665174 -0.986050 -1.247657 0.616654 0.343549 2.127359 -0.536679 0.176029 -1.660846 0.083145 1.190871 0.420254 -1.424080 -0.100336 -1.697892 -0.786952 -1.034493 1.495449 0.681547 0.552377 -0.997861 -0.916806 0.154700 -0.255553 -0.750744 0.012132 0.003640 -1.107445 -1.055027 -0.247734 -0.196413 -0.870419 -0.517872 -0.011300 -0.620415 -0.916040 0.540239 -2.977410 -0.256556 -1.458294 1.606320 -0.114559 -1.005275 -2.370135 -2.247799 0.201232 0.368054 -0.772965 0.917072 1.025316 -0.086979 -0.336885 -0.615990 0.512299 -3.335949 0.040326 1.245729 -0.972636 -0.426468 1.357537 2.408577 -0.033599 0.361058 0.414700 -0.742839 -0.514939 -0.695833 1.179619 -1.020906 -0.778808 0.517666 -1.934548 -0.002037 -0.451816 1.239466 -0.270942 -1.033421 -0.421823 0.630864 -1.414900 -1.179025 1.025326 -0.646872 0.604935 1.133694 -1.345613 -0.801642 -0.766591 1.173845 0.027336 0.258815 1.356961 -0.085219 0.531381 -0.286901 -0.564692 -0.331549 0.432234 1.103273 -0.023740 0.057743 -1.768700 0.472403 -0.642564 0.439562 0.205435 0.104955 0.167409 -0.025830 0.377980 -0.139840 -0.020758 0.813931 -0.163145 0.577330 -1.770669 0.948539 -2.329886 0.641829 -0.989950 0.170304 -0.964977 -0.095984 -1.368816 -0.511225 1.202549 0.109561 1.244891 1.292406 -0.985045 -0.146512 1.303478 2.107071 -0.324448 0.076216 1.090465 0.221968 -0.034015 0.297282 0.211735
-0.058076 0.407703 0.775848 0.942531 0.228172 -1.303801 -0.484053 -0.481099 -1.507371 -0.557238 2.608131 -0.253715 0.024847 0.277638 -0.111590 -0.626871 0.704094 -0.003333 0.822635 -0.056087 -1.101029 -0.740075 1.770940 0.488212 -1.399714 -0.894233 -0.452730 -0.211031 0.076185 0.995181 0.435256 -0.900620 -0.422968 0.248453 -0.511532 1.952409 -0.849968 -1.683212 1.705773 -0.990979 -0.420397 -0.341386 -0.720652 1.724445 0.924660 1.323793 -1.176398 -1.875121 -0.304716 1.464062 -0.170321 -2.213519 0.131766 0.451559 0.675769 0.861541 0.125173 0.442014 -1.858619 0.007554 -0.710276 -0.204676 -0.135391 1.851464 0.497865 0.047966 -1.156498 1.288631 -0.910949 -2.836944 -0.605592 -0.697872 0.480979 1.082756 1.468940 1.179722 -1.002052 2.250751 0.047697 -0.641526 -1.338790 -0.683147 0.002549 0.166779 -0.671886 -0.089146 -0.474647 -0.526379 -0.841045 -0.850120 -0.576152 -0.713589 2.100440 0.044759 -1.060241 0.163972 0.851132 -1.655192 0.582993 -1.598623 2.464275 0.954156 2.518844 -1.874542 0.339636 -1.054728 -0.349001 -0.607502 -0.136235 0.480082 0.620708 0.121657 -0.329148 -1.857980 0.584128 -1.174155 0.174739 1.658457 0.583848 -1.344190 0.081678 0.861581 -0.255857 0.857666 -1.519847 -0.489057 1.976283 -0.978315 -0.459450 -0.443445 1.850487 -0.724151 1.667699 0.247015 -1.016196 -1.770153 0.233170 -0.024738 1.596704 0.779182 -1.401078 0.209580 -0.594544 0.278827 -0.211362 0.486622 1.142836 -0.037844 -1.614777 -1.858444 0.113511 -0.954030 0.372160 2.427384 -2.195845 -1.028103 0.599433 -0.226522 -1.146349 0.125118 1.023317 -1.607054 -0.776449 1.359089 0.759627 1.664282 -1.431905 -0.720959 0.957529 0.110175 0.978763 -0.584221 -0.469230 -0.393995 -1.850843 -0.494604 0.256581 1.474058 -2.161881 1.180533 -1.052680 -1.131472 -0.325720 0.288047 0.349985 -0.006765 -1.424550 0.851733 -0.179128 -0.017296 -1.076295 0.228546 2.644898 1.413109 2.114346 -0.265265 0.379964 1.353551 0.188331 1.503723
-1.308067 0.737395 -0.380886 -1.508688 -0.113144 0.957630 1.329473 0.746901 0.265578 -0.601822 -0.590843 -1.848249 1.877346 -1.239124 -0.021780 0.747526 -0.394204 -0.013304 0.669630 1.718015 -0.414781 2.141299 1.066838 0.888318 -0.816856 -0.299624 -1.241574 0.849398 -1.401108 -0.096143 1.929088 -1.657985 0.932928 2.034834 0.609123 0.114909 -0.094125 -0.241440 0.692443 -0.759192 0.645566 0.471537 0.470337 -0.116105 -0.380844 0.383068 0.018761 -1.914652 0.484477 0.106892 -2.554937 0.354886 -0.538369 -0.474327 1.274450 0.611998 1.306970 1.685207 -1.792806 -0.258002 0.877830 1.356408 0.450522 -0.826631 -0.126826 -1.096430 -0.509551 0.250097 -1.023190 0.895546 0.146967 -0.327354 -0.876152 1.720683 -0.397310 0.654404 1.124186 -1.084468 -0.818510 -0.162014 2.057619 -1.204532 0.698276 0.072330 1.009102 0.825178 -0.635682 -1.625953 -0.502319 -0.230544 0.944972 0.529663 0.360528 -0.122170 -2.053122 -1.761595 0.472185 -1.019652 0.919805 0.150018 0.509497 2.187362 -0.959588 0.687586 -0.349755 0.014997 0.177632 0.715481 -1.151129 -2.306438 -0.541557 -0.265204 0.406900 1.817742 0.753398 0.651978 0.527324 -1.186306 -0.649403 1.077931 -0.758034 -1.312669 -1.588025 -0.045058 -0.127159 -0.952746 -0.700526 0.201050 -1.224085 -0.039522 -0.260625 -0.322298 -0.159710 0.043584 0.070749 -0.766861 0.499278 0.207298 -0.405145 0.240138 0.028525 -0.540517 0.021641 -1.348217 -0.967124 -0.789495 0.041037 -0.127341 -1.284976 -1.669432 0.183091 -1.164057 -1.405287 -0.296621 -0.764732 2.105813 0.519686 -0.404177 1.796776 -0.690015 -3.033822 -0.675151 -1.626790 -0.495989 0.368547 1.582642 -0.008732 0.832801 -1.897622 -0.196643 0.571286 0.868799 0.456251 0.050659 0.528954 0.602628 -0.556373 -1.367076 -0.370566 -0.882002 0.831269 -0.481206 0.008450 -0.552887 0.960414 -0.512066 1.518264 -1.170941 -0.809836 1.657309 0.309551 1.607983 0.552594 1.626055 0.461478 -0.139593 0.244442 0.716491 -1.464829 -0.551095
0.872034 -0.547210 0.804367 0.097386 1.332789 -0.867657 -0.491932 -0.838494 -0.214723 1.434770 -1.317880 -1.066510 0.700422 -0.804978 1.296752 0.303965 0.090065 0.518828 1.659033 -1.127798 -0.328789 0.415992 -1.339407 -0.481179 0.393089 -0.929615 1.141660 -1.829792 -1.023326 0.422346 1.148654 0.272811 -0.436123 -1.158263 1.299703 -0.655620 1.081950 0.094600 0.667423 0.151778 1.508819 -0.019667 0.179020 0.404531 0.265623 0.707867 -0.867122 0.399639 -0.728377 1.518425 -0.317541 1.098059 -0.645807 -1.207183 1.248781 0.685518 -0.273657 -0.199221 0.174409 0.173374 -0.729026 -0.780342 0.272656 -0.741049 0.495495 -0.586265 -0.102791 -0.198150 0.050040 -1.078220 0.172086 -0.360522 -0.103707 1.339312 -1.084298 0.917583 1.341029 -0.531958 0.237122 0.729814 0.729186 1.335044 0.664126 -0.689731 0.823246 -0.952177 0.059480 1.395178 -1.182579 -0.685369 -1.355900 0.968616 -0.782556 1.118218 0.702172 -1.214306 0.478468 0.516112 -0.361813 -0.407026 -0.972217 1.797995 -0.347926 0.548223 0.113201 -0.764920 -0.700107 -0.200950 -0.874571 1.143925 0.369762 -0.820136 -0.518508 0.438197 0.653221 -0.132060 0.845836 -0.084050 -1.458832 0.865657 -0.341522 0.858001 -0.290470 -0.813166 1.267045 0.193098 1.739140 -0.950361 0.736624 -1.262471 -1.847921 0.493549 -0.519072 0.390768 -1.059085 -1.008138 -1.030884 -0.914225 -0.677842 -0.930272 0.625511 -1.554734 0.317592 -0.548209 0.096545 -1.375512 0.546332 2.798938 -1.022485 0.074092 0.417522 0.393476 1.057106 -0.571253 -0.104168 -0.083001 -0.759699 -1.129197 0.784256 -2.253179 0.771259 -0.362029 1.230648 1.112701 1.105602 -0.136096 -0.920874 -0.107002 1.155496 0.126487 -0.850768 0.049369 0.750309 -0.567579 -1.697425 0.978424 -1.453144 -0.363036 2.057453 0.427266 -1.181120 1.612788 -1.310580 0.308748 0.898121 -1.025458 0.721987 -1.001281 -0.106185 -0.636176 -0.730606 0.095944 0.360505 -0.242106 1.979137 0.885886 -1.139708 -0.010114 -0.227505 -0.523023
-1.364080 -0.033145 0.243882 0.991227 0.614149 0.064322 -0.450287 0.426084 -0.266047 -0.467108 -0.998647 -0.858298 1.749166 -0.458855 1.501978 -0.152191 -0.833508 -1.634441 1.957786 1.079934 0.807762 0.476820 1.337474 1.440764 -1.181474 -0.820357 -1.116077 -1.689351 0.103827 0.203410 -0.353258 0.608911 -0.731111 2.334677 0.106125 0.734263 0.680012 -0.341179 0.811597 0.608484 -0.134963 1.078888 0.599073 -0.449895 0.990076 -1.291918 0.264756 0.269213 -0.146264 -0.587284 1.004195 -0.524034 0.191469 0.641215 -1.463431 -0.153099 -0.964376 -0.122788 -0.549690 1.645054 1.139282 0.671682 1.561909 0.160080 0.516965 -1.900212 1.420698 -0.473728 0.794037 -1.528660 0.014848 -0.419618 1.006786 -0.221937 0.015608 1.630312 -0.231710 1.623964 2.070379 1.213038 -0.032441 0.101981 0.043574 -0.332461 0.443635 -1.343440 -0.592997 0.616534 0.753530 0.390326 1.272742 -0.060803 -1.212586 0.509311 0.817007 0.181365 -1.131800 -1.152572 0.379236 -0.701050 -1.426968 0.181205 -0.055844 0.514832 -0.229898 1.458865 -1.908836 -0.454508 -0.779246 1.446965 -0.755961 1.871863 0.422679 1.402586 -1.616982 -0.315649 -0.719038 -0.995125 2.035715 -0.986935 0.789915 0.946034 1.725551 0.816944 -0.081223 1.637933 -0.744592 1.078725 -0.600664 0.293792 -1.667860 -0.038477 0.806791 0.476629 -0.634969 -0.563451 0.075544 0.236937 0.398830 -0.936782 1.901922 -0.375054 0.234983 1.372479 -1.181636 -0.329621 -0.127875 1.265922 0.243655 0.993978 0.750986 -0.726829 -0.991884 -0.927663 0.486381 -0.983626 -0.752698 -0.783993 -0.096162 0.831175 -1.403362 -1.206192 -0.529166 0.136550 -0.894417 0.807615 -1.081914 -0.190381 -1.490089 -1.128206 -0.335063 -0.200303 -0.504003 -0.403581 0.279731 0.076016 -2.534241 -0.174982 0.752879 0.345079 -1.232113 1.008810 -0.572025 -1.651364 -0.045496 -0.909069 -0.551841 -0.376664 -1.228155 0.295972 -0.304826 0.049955 1.419368 -0.546682 0.955987 0.973427 0.267667 1.098725 0.958340 -1.248644
2.225693 1.266872 0.524135 -0.337816 0.801754 1.159440 -1.028403 -1.139943 -0.134780 -1.312357 0.010430 -0.476278 -0.009507 1.613362 1.987148 2.549329 -0.281716 1.292211 -0.172022 -1.634929 0.591254 0.810445 0.186635 1.044281 -1.451364 -1.523276 -0.190316 0.177055 -0.228479 1.415027 1.630703 -1.271343 0.466172 0.638325 -1.790434 -0.229002 0.193795 0.035534 0.541401 1.007223 -0.405664 -0.653104 -0.092443 -0.194252 -0.404291 -0.425649 0.785270 0.654922 0.571599 1.730700 0.502902 0.420664 -0.292945 -1.202886 0.624383 -0.425998 0.821774 -0.079580 0.011777 0.335347 -1.618996 0.551912 -1.692731 -0.198190 -0.403681 -0.347556 -0.294582 -0.207911 0.633198 -0.624497 -0.737754 0.383820 0.960548 0.247963 -0.749671 -0.677866 1.042088 -0.057415 1.289019 0.409801 1.616904 0.748870 0.848547 0.081897 1.292063 0.104668 -0.240437 0.366315 0.774051 0.780274 1.768998 1.060319 1.434085 -0.855497 0.301304 -0.441069 0.045323 0.597816 1.183285 0.266960 0.968903 -0.614302 0.703326 -0.253780 0.491852 0.350162 -0.504349 -0.347154 -0.960717 -1.087096 -0.819110 -0.727555 -0.199139 0.983899 0.435372 -0.834949 0.987884 2.194923 -1.257222 0.974788 -0.090453 0.769997 1.833105 -1.799669 0.931139 0.908007 0.191764 0.276731 0.274473 -0.287396 0.651807 -0.152614 -0.928512 0.577540 -0.110368 0.215134 0.611366 -0.417750 0.513718 -1.668538 -0.097676 -0.402444 0.206489 0.716181 -0.088471 -0.040877 0.418407 -2.052000 0.853173 -0.008410 1.557897 0.822056 0.311776 0.136899 -2.276676 1.635413 -0.276991 0.970892 1.136833 -0.382467 -0.938571 -0.114101 -0.940397 -0.058574 -0.194255 -2.738016 0.184119 -0.877973 0.123917 -0.680460 0.653028 0.365165 -1.447465 -0.162017 -0.243027 1.014952 1.145900 0.399190 -0.136980 -0.577666 0.460400 -0.107214 -3.012953 -2.171956 -1.080330 1.190408 0.126128 -1.090321 0.448645 1.154008 0.880461 -0.482325 0.858682 -1.454608 0.033049 0.494873 -0.236668 0.258019 0.869149 -0.950055
-0.380576 0.562693 -1.694682 -0.752601 -0.395226 -0.589345 -0.647018 2.694833 0.548419 1.002494 -0.143748 -1.828627 1.284916 1.041844 -1.378514 -0.254847 0.623065 -0.130297 1.143756 -0.196609 1.858032 -0.981925 1.290027 0.184187 0.020476 -1.091235 -0.080472 -0.288021 -1.229998 0.255859 -1.997934 -0.373222 -0.134678 -0.580914 0.682774 1.537295 -0.320244 0.961573 -0.193495 -0.026898 0.503778 -0.993099 -0.277989 -0.896457 0.712627 1.138406 -0.686880 -0.230890 -0.326466 0.572717 0.832618 0.270429 -0.598533 -1.180064 -1.141674 -0.256096 1.325671 0.273200 1.840254 -0.305317 0.622215 -1.226973 -0.925526 0.636451 1.248678 0.132996 1.311296 0.717627 -1.423965 -0.960080 0.230544 0.354435 0.621353 -0.035504 -0.856326 -0.798668 -1.041236 -0.400074 -0.174633 -0.526351 1.171839 -2.080929 -2.225617 -0.188461 -1.832182 -0.686366 0.279080 -0.263773 -2.117889 -0.839265 0.895239 -0.739034 -1.513843 0.237753 0.618954 0.212908 0.790669 0.212433 -1.465250 0.993160 -0.317019 -0.601127 0.281207 -1.925478 1.192100 0.866102 -0.868993 -1.335999 -0.456177 -0.013392 0.918758 -2.708291 -1.965537 0.416876 -0.272539 -0.347302 -0.111109 1.082059 0.201195 2.048270 -0.208870 -1.417763 0.387280 0.406479 0.172006 1.180859 0.408809 0.762375 1.456529 -0.114912 -0.119956 2.202220 -0.154098 0.683927 0.691247 0.756078 1.353936 -1.874762 0.506941 -0.187283 0.893588 -0.467946 0.002971 -0.033214 2.152015 0.646396 -0.400130 -1.032210 -0.191570 -0.724635 -1.077201 1.571974 -1.217593 -0.855792 0.555502 1.373534 -1.983693 -0.525325 -0.019800 -0.265344 -0.723186 0.239986 1.955629 -0.828751 -1.250701 -0.341459 -1.211908 1.291558 -0.809171 0.141989 -0.065349 0.692680 1.673607 1.579362 -1.204461 0.508841 -0.021794 1.357996 1.087592 -0.293920 -0.166394 0.154002 1.010638 -0.906263 -0.218803 -0.399543 -0.067964 -0.100875 -2.094406 -1.085865 -1.310943 -0.074021 -0.406575 0.879029 0.807073 -0.102596 1.049054 -0.599799 0.035404 -0.590366
0.886248 -0.891886 -0.407983 0.720266 1.181840 -1.844191 0.067318 0.352476 -0.726348 0.696988 -0.075297 -0.880101 1.642736 0.016445 0.577716 0.404991 -1.407055 -1.252991 0.352039 -0.539184 -1.121248 0.601086 0.017006 0.416942 -1.487806 -0.130554 0.702289 0.036991 0.781227 -1.529077 -0.490178 -0.023428 -1.233882 0.448638 -1.490626 -1.871158 -1.000192 1.925268 0.676442 0.729716 -0.785520 0.683857 1.343530 -0.714106 0.946594 -0.448027 0.998337 0.906862 -0.752274 0.483099 0.068361 -0.782848 0.835614 -1.173650 0.286621 -0.866755 0.210962 -0.789262 1.476344 0.194749 -0.213159 -0.646697 -1.288607 -0.903295 0.405330 -0.162359 0.221320 -0.524867 -0.034953 -0.875786 2.699918 -0.775608 -0.238425 1.383357 0.359479 -1.434182 -1.120313 0.846870 -1.706765 0.556497 -3.224468 0.396382 0.258362 0.050780 -1.320541 -0.839487 0.771188 1.920679 0.711214 0.696483 1.842965 -0.211914 0.080637 0.338264 0.013774 -1.277440 0.157834 0.576629 -1.201849 -1.009083 -0.290581 0.098157 -0.077802 -0.540213 0.291286 0.845288 -1.368559 0.901604 -0.033019 -1.131346 1.849431 -0.885751 -1.402708 -0.837489 0.840488 0.615901 1.203813 0.932398 0.427652 0.651325 -1.586685 0.431150 0.371770 -0.280352 -0.836300 0.416595 -0.107995 0.765190 -1.918209 -0.154200 0.964318 -2.023971 -0.186331 1.408721 -0.848288 -0.410256 0.008199 -1.588066 -0.422538 1.155760 -0.659571 -0.520711 -1.652223 -0.208566 0.594583 0.935953 0.177864 -1.162319 0.974998 0.366895 -0.311694 -0.224328 -1.222711 -0.161056 0.158537 0.621238 -0.794994 0.514458 0.160195 1.008619 -0.142086 -0.540662 -0.100143 -0.675153 0.256540 0.985824 0.621205 -0.595335 0.520486 -0.033616 -0.283923 -0.346640 0.006458 0.677524 -1.160043 -0.161418 1.430593 0.476687 1.159370 0.720634 0.910263 0.123106 -0.963625 -1.014014 -0.454437 -1.181252 -0.400608 1.624933 -2.492960 0.613124 2.652791 0.573310 -0.170925 -0.996035 -0.062721 0.084458 0.714680 -1.054151 -1.394331 1.270895
-0.727321 -0.617211 0.474004 0.073315 -0.932610 0.296230 0.171563 -0.618105 -1.658868 0.139820 -0.506667 -0.497014 1.144947 -2.435873 -0.864920 -2.195804 -1.716802 0.463606 0.474697 0.180543 2.020333 0.623909 -0.111779 -1.309511 0.925589 -0.034758 1.088405 1.941005 -1.057428 -0.605915 1.092525 -1.622091 1.381526 0.005241 1.076610 1.382045 1.154615 0.827569 -1.612251 -1.444748 0.093635 0.676891 -0.499000 -0.874614 2.152320 -0.444701 -1.182939 0.862483 1.362362 -0.422270 1.197772 1.458429 -0.161156 1.930346 -1.793403 1.242308 0.111403 0.875339 -0.556325 1.653522 -0.016489 0.784410 2.189792 0.536968 -0.104807 -0.893665 0.003729 -1.487333 0.054882 0.543125 -2.335982 -1.077813 0.619276 1.015910 -1.218928 -0.344572 -0.346410 -0.338501 -0.583141 -0.503593 -0.887794 -0.808490 -0.389870 -0.764343 -1.149235 -1.372515 -0.286814 1.596597 -0.865666 0.928051 -0.311468 1.999214 -0.227536 0.426903 -0.300435 2.474294 -1.195794 -0.676309 0.375155 0.008834 1.843429 0.041551 -0.473310 -0.077134 -0.338891 0.715524 -0.320090 -0.144635 -0.289523 1.116696 0.373046 0.136527 0.568997 -1.708289 0.019446 -0.194021 -1.531047 1.493449 1.760920 -1.761338 -0.611237 -0.560925 0.274064 -0.477421 -0.290362 -0.386649 0.078420 -0.049206 -0.686074 -1.067280 -1.639789 0.037577 -0.856494 -1.694938 0.250917 -1.124100 0.562821 0.350005 0.241474 -0.540862 1.159905 1.137137 0.123304 -0.353529 0.588133 0.790704 -1.550299 0.579373 1.074891 -0.296597 1.631482 0.227444 -1.583981 1.501464 1.292217 -0.945437 -0.313756 0.974962 0.079269 -0.245954 -0.655857 0.446073 1.051327 0.805780 -1.031954 0.191201 0.108078 0.647237 -0.820072 -0.957367 -1.879678 1.008746 2.072356 -1.139992 -0.735558 0.870368 0.278155 -0.817987 -0.411355 0.600579 -0.712139 0.454956 1.190944 0.768636 -0.309834 0.367828 -2.726625 -0.586515 -1.786060 -0.269880 0.863322 -0.298464 1.586709 0.639712 -0.071836 -0.272272 -0.860955 -0.495811 1.722142 0.888525
-1.678495 0.068676 0.902573 0.723268 -0.571051 0.808132 -0.241985 -1.305178 -0.064361 -0.801459 -1.255460 -0.049466 -0.230641 -0.611104 0.186828 -0.627173 0.860414 -0.928830 1.254819 -0.191730 -2.071953 -0.923364 0.199970 0.733347 1.417454 -1.151968 1.392488 1.179302 -0.309735 -1.722896 0.142618 -0.613153 1.217485 0.996322 0.040174 0.499450 -0.817347 -0.452810 -0.372280 -1.209885 0.848349 1.494693 -0.826160 0.064357 -0.318282 0.533419 -1.245961 0.446173 -0.389617 0.443892 -0.860855 0.808538 1.010533 0.679797 0.612553 0.725936 -0.473594 2.706686 -1.494615 0.796823 -0.521035 -0.679255 0.665389 1.230811 -1.091260 -0.730500 -0.367717 -0.138534 -0.056267 0.776401 0.843424 -1.237608 1.008873 -0.541428 0.562466 0.553626 1.567353 0.941730 -1.420314 0.046174 -0.803613 0.797198 1.145331 2.560572 -0.833062 0.951543 0.486607 -0.089976 0.508980 0.081852 -0.934439 1.076873 1.167517 0.251949 -0.577796 0.589335 -1.598908 -0.213591 3.389465 -0.512624 0.270198 0.042841 -0.112505 -0.177214 -1.603237 0.243518 0.055352 -1.776835 -0.832013 -0.614789 1.486382 -1.240880 0.173438 -0.440535 1.770414 -1.452669 2.595109 0.245432 2.639287 -2.543883 -0.154409 0.845572 1.341696 0.773426 0.112283 -0.592860 -0.632181 0.082104 0.771566 0.100079 1.186156 -0.530820 -0.690928 0.491979 1.027726 -0.159260 1.673011 0.617277 0.448217 1.401666 -0.483201 0.795338 0.504046 1.109278 0.880966 -1.288574 -0.947643 -0.238382 1.608970 -0.450902 1.420502 -1.228923 -1.397567 0.818565 0.019564 0.263643 0.834965 0.582432 1.002130 -0.678670 0.589870 0.010804 1.115337 -0.283346 1.632025 -0.710503 0.871048 -1.320865 1.577144 1.327530 1.302110 0.194998 -0.362194 -0.212257 -1.219307 1.643145 0.808667 -1.044517 -0.714797 1.433809 -0.241124 0.629963 -0.451583 -0.910398 -0.680846 -0.246401 0.051078 -1.760112 -0.868341 0.016359 -0.162570 -1.996758 -0.529227 -0.853338 1.136971 0.265099 1.267110 1.638085 -0.551984 1.588828
0.603204 0.300191 -0.435537 -0.044987 -1.387174 -1.187848 -0.210276 -0.393964 -0.348452 0.183609 -0.420187 -0.636609 -0.372282 -0.135796 -0.189665 0.903780 -0.963097 -0.326634 0.040945 1.005200 0.085568 1.110617 0.678628 0.419310 1.379761 0.057867 0.224583 0.186760 -1.298074 -1.212812 1.545752 0.191271 -0.772050 -0.482016 -0.013625 1.004176 -1.054554 -0.908654 -1.656392 -1.004420 0.947865 0.078044 0.100171 -0.424328 -0.896949 -0.842503 -2.265930 -0.143075 0.317970 -0.033839 1.656400 0.364902 2.816653 -0.919733 0.727057 -0.076803 -0.086548 -0.213095 0.637443 -0.152572 -1.054310 1.967230 1.979064 0.067421 -0.299326 -0.458301 -1.406878 -1.437508 0.256298 0.188188 -1.374581 0.453230 -2.748829 0.120877 -1.091414 -1.372397 1.101076 -0.764032 -0.651553 -1.425462 -0.157968 1.781162 1.367339 -0.440589 1.666417 -1.077183 -0.533734 -0.094453 0.867900 0.289042 -0.682458 1.306304 -0.029367 0.006132 -0.047778 0.663693 0.144048 -1.131077 0.270722 -0.249630 0.011463 -0.005489 1.862985 -0.830772 0.016146 2.454877 -1.068518 0.274384 0.503613 -1.031346 -0.184776 -0.757034 1.621253 -0.283788 -0.006461 2.065767 -2.141283 0.854755 1.074379 -0.824321 -0.388782 -0.803714 -0.965399 -1.040155 -0.390707 -0.008490 -1.187423 0.941083 -0.897939 0.353584 1.536258 0.751524 -1.373338 2.159631 0.483564 1.127718 1.746513 -0.566762 0.477874 1.498857 0.408345 0.049702 0.986816 -2.196872 0.327546 -1.631992 -0.255331 -1.115565 0.205581 0.504459 0.640991 -2.857229 0.364733 -0.178942 -0.407998 -1.805531 -1.217122 -0.113880 -1.382500 -0.125859 -1.681424 -1.859432 0.780055 -0.275571 0.527073 -1.030292 0.452943 0.647297 -0.533903 0.300854 0.838827 0.372535 0.745743 -0.996485 1.216714 0.343896 0.864489 0.238139 0.449651 -0.586917 -1.773160 1.400858 1.379785 0.360783 0.152918 -0.224022 1.614986 0.310968 1.017681 -0.105312 -1.085943 0.651834 0.841208 -0.218117 -0.010663 -0.453136 -0.080828 1.960469 -0.300224 0.412308
-1.279852 -0.240025 -1.833909 0.974602 -0.150624 0.182935 1.881677 -0.594471 0.283067 1.306266 -0.081147 0.242322 0.410702 -1.316053 0.648513 0.252073 -1.826911 -1.414424 1.907121 -1.028555 0.847797 -1.080593 0.132311 0.030045 -1.111926 -0.013673 -0.901881 0.447732 -0.483326 1.626181 -0.306560 1.055124 -0.891802 -0.406267 0.492754 -0.894429 0.857009 -1.124808 -1.138182 2.814740 -0.670151 1.075194 0.400594 0.050387 -0.164032 1.271473 -1.083458 -0.560565 0.814354 -0.707531 -0.588093 -0.050099 1.264441 1.167966 1.171881 0.268185 0.306914 -0.601488 0.503975 -1.573110 -1.458136 1.612942 -0.435422 0.092818 0.589047 -0.738184 -0.115307 0.569737 -0.479144 -0.826421 -2.067815 0.698372 -0.437772 0.499679 -0.457854 -0.711730 1.469040 0.804546 -0.722023 2.184612 -0.717724 0.144894 -0.372271 -0.544378 -0.983126 -1.152806 -0.932233 -0.276223 0.278579 -0.998193 0.033643 0.088806 1.179085 0.219512 -0.546279 -0.546762 -0.709583 0.257380 0.808667 -1.228883 0.100577 1.080493 1.077284 0.782884 -0.449959 1.769516 1.127403 1.552092 -1.962238 0.033826 -0.075806 -1.890172 1.068566 -1.021987 0.762350 -2.406223 -0.361765 -0.304173 -3.025965 -0.800192 0.861290 -0.372528 -0.774508 1.101493 -1.180702 -1.151838 1.242938 -0.653649 0.944890 1.887723 -0.848698 0.920477 -2.150640 2.390952 0.105217 0.478249 -1.655168 0.378596 -1.123866 -1.974846 0.182993 0.640003 -0.779848 -0.646022 -1.688446 1.163406 -0.191398 -0.595946 -0.546931 0.068189 0.514462 -0.761365 -1.548536 -1.990424 2.070452 -1.366428 -1.612990 -0.980748 -0.244152 -0.736601 0.583382 -0.819871 0.202685 -1.239993 -0.322539 0.225890 0.070725 0.085935 -0.738360 0.466858 -0.786230 1.299395 0.870626 -0.381603 -1.113859 0.152182 -0.245333 1.214278 0.084710 0.241964 1.321676 1.045396 0.590756 -0.163178 0.557970 -0.385879 -2.417753 -1.690942 1.867481 0.145343 -0.476567 -0.162892 -0.152986 -1.574443 0.381481 -1.064511 0.865421 -0.291685 1.076369 -1.184302
-1.687855 -0.629913 0.638251 0.336334 -0.485013 -1.074801 -1.072818 0.191920 0.119339 1.145477 -1.125062 1.136300 0.585961 0.344507 -0.406432 0.031235 -2.594063 0.547563 -2.295689 1.867626 -0.142538 -0.248188 0.448605 -0.763102 1.764539 1.393881 1.170263 -0.851756 -0.122215 -0.430641 0.191614 0.642323 1.510057 0.110105 -0.944378 0.685923 1.182578 -0.596798 -0.504243 -1.863459 -0.638463 -0.724547 -0.647884 0.638106 -1.202325 0.564965 -1.279822 -0.883195 -1.222314 -0.006666 -1.444594 -0.256032 0.055673 -0.231433 -0.106006 -0.354309 -0.956762 0.636149 -0.910283 -0.292824 -0.595289 0.324992 0.919670 1.510390 0.189806 1.070316 0.946538 0.495552 -0.176795 -0.407870 -0.679841 0.284701 0.617382 -0.173130 0.422568 0.274350 0.210503 1.342975 0.756720 0.286747 0.789208 -0.755535 0.449944 -2.282501 0.885597 0.141986 0.475295 -0.251127 0.734070 2.693337 1.307151 1.825978 -0.578814 -0.841022 1.189111 -1.006206 0.402489 0.811979 -0.939734 1.325395 -0.364203 2.344777 0.022885 -1.050549 -0.255258 -0.187765 1.247762 0.188440 0.403948 -1.070888 0.062847 -0.610770 -0.778645 -0.688348 -0.837400 0.418266 -0.002695 1.922989 -1.044258 0.100436 -0.312598 1.258419 0.422824 -0.283638 1.207554 -0.994342 -0.557082 -1.156390 -0.499390 1.962818 -0.301245 -0.366614 0.835043 1.306965 0.305694 0.428628 1.905218 0.637483 -0.004503 0.609617 0.002366 -0.698579 0.026543 0.175113 -0.302711 0.850578 -0.286564 -0.083109 0.089910 1.694099 -0.611794 -0.956989 0.397504 2.764098 -0.646357 -0.594126 1.578294 1.620694 -0.004018 -1.000150 -2.443662 0.002765 -0.039661 -1.287823 -0.346499 0.209139 -0.383706 0.584915 0.799108 -0.360509 0.079375 -0.608217 -0.337953 -2.045315 -1.060165 -0.939388 -1.060793 0.304613 -1.297055 0.237436 1.135934 -0.173054 -0.133419 -0.546373 0.080379 0.856809 -0.358137 0.403127 -0.893112 1.018651 -0.150662 1.259142 0.611665 0.519758 2.418878 1.466515 0.767582 0.162072 0.640630 0.299425
-0.858068 0.386078 1.194467 -0.408355 0.022643 -0.320277 -2.039594 -0.615450 -1.352976 0.234386 0.006188 0.053759 1.859076 -1.895561 0.360923 0.042044 0.281311 0.557360 0.226127 0.440371 1.272692 1.143588 0.651692 -0.818511 -0.553942 -0.242058 -0.407442 0.342279 -1.462772 -1.261206 0.400192 -0.900906 -1.822833 0.559325 -0.268791 0.184082 -0.551586 -2.070279 0.509466 -0.978026 0.508318 -0.774714 0.628012 -0.258906 0.431048 0.725949 0.118432 1.088980 0.138483 0.929333 0.067729 0.499672 -0.797637 -1.169895 1.125886 0.690249 -1.969504 -1.413737 -1.028966 -0.192197 1.218616 -0.835618 0.743634 0.985699 0.098976 -0.004926 0.228547 1.069696 1.088913 0.589711 -2.256621 1.361792 -0.497605 -0.931860 0.372221 -1.247654 0.942349 -0.776025 0.436059 -3.541673 -1.880494 -0.762129 -2.291807 -0.084479 0.402698 0.973645 0.319360 0.875124 1.700058 -1.487382 -1.693392 -0.562819 0.832562 -0.804768 0.641684 1.662866 -0.472010 1.539599 -2.037960 -0.312184 0.993507 -0.288958 -1.388547 1.096518 -0.007476 0.211359 0.571342 1.531081 2.964595 -0.582542 -0.612535 -0.393594 1.057670 0.356496 0.321119 0.078001 -1.643131 -0.101227 0.968891 -0.005205 0.483818 -0.858938 -0.533258 -1.091655 -0.503380 0.218698 -0.073521 -0.582043 -0.114321 -0.336543 2.940694 -0.072631 0.653885 0.291624 0.206306 -0.134848 -0.172625 0.844466 -1.661285 0.291600 1.573169 0.278420 0.020655 -0.012499 1.065548 -0.199799 0.789100 -0.080401 0.578608 -0.375870 -0.174475 0.121338 -0.338312 0.955815 -0.395615 0.840704 -0.032990 1.002163 0.502802 -0.356591 2.523760 -0.853587 1.458638 -0.925710 -0.693644 -0.340428 -0.882211 -0.951339 -0.501851 -0.285230 -0.130360 1.221705 -1.524956 -1.658100 0.501501 1.272807 -1.647215 0.494818 -1.280475 0.436152 0.062046 -0.360553 0.194646 -0.826809 -0.982738 1.057485 -0.447897 -0.827975 0.763939 -0.949946 0.246904 0.390192 -0.768817 0.586907 0.079538 0.393888 1.033376 -0.249094 0.537933 -0.516397
0.241810 -1.188280 0.647371 3.189856 0.724019 -1.111146 -0.916470 2.021658 -0.662890 1.247860 0.942542 -1.683925 0.884955 0.331636 -0.325075 0.540704 1.442202 -1.328542 -0.852603 -0.569804 0.397545 -1.478199 -0.055071 -0.126556 -1.445429 -1.804510 0.215798 1.748585 0.458014 -0.036012 0.436766 0.139905 0.339995 1.438043 0.341743 -0.698333 -0.624438 1.009894 -1.448480 -2.198936 0.154034 0.405858 0.706727 -1.057515 0.981959 -0.052574 0.923338 0.504777 2.509573 1.651039 0.919135 0.765350 0.627105 -0.997690 0.835675 0.031819 0.301989 -1.093118 -0.578649 0.650438 -0.764494 -0.046871 0.775707 1.079159 1.169591 -0.299411 0.992849 -1.745167 0.097684 -1.237496 -0.194877 -0.657856 -0.425564 -2.984896 -1.166830 -0.930469 -1.060569 -0.377130 -0.458421 -0.192793 0.238549 0.083935 0.362581 0.452965 -1.663843 0.092230 -0.265232 1.730335 -0.761928 -0.737666 0.671439 -0.774752 0.138833 1.086528 -1.498422 0.910931 -1.403817 -0.791888 -1.130644 0.234043 -0.500811 0.284965 -0.392620 0.413036 -0.941897 -0.250382 1.545996 -0.036766 -0.514544 0.347767 1.565470 -0.283473 0.948781 -1.353211 -0.854602 0.347266 -2.244841 -2.397409 -0.845883 0.537231 0.379104 1.310401 -0.029589 -1.531643 1.148265 -0.341706 -1.950078 -0.610815 0.740767 -1.228320 0.764084 0.681675 0.344134 -0.032035 0.546721 -0.721516 1.996656 1.698125 -1.359940 2.351483 0.412988 0.164756 -2.045646 0.517257 -0.728252 0.547817 -1.044034 2.429669 -0.199110 1.067670 -0.548572 -0.387797 0.749463 -0.090711 -1.223801 0.517902 1.330270 -1.376338 -0.271012 -2.040325 0.145762 -0.323773 -0.949791 -0.093259 -0.224792 1.626973 -0.696257 1.296296 -0.198071 0.368454 -0.431255 0.117305 -0.294512 -0.182843 -1.147041 -0.674527 1.198695 0.847005 -1.238421 1.080993 -0.673793 1.035797 0.864637 1.235341 0.698680 -0.061193 1.089314 0.587214 1.251253 0.259841 0.850595 0.539424 -0.824465 -0.195636 0.403238 0.392161 0.121189 -1.264463 1.626170 -0.051382
-0.705036 1.443125 1.578785 0.085251 0.301944 1.615485 2.583939 -1.113880 -1.640136 -0.262161 -0.744268 0.594651 -1.814035 -1.440065 0.446626 0.198415 -1.753575 -0.340074 1.059950 -0.214150 -1.539859 0.139006 1.047418 -0.154816 -0.929999 -1.187168 -0.609529 -0.847931 0.163803 1.037651 1.214503 0.071419 -0.412073 0.566301 1.602571 0.398794 -0.057753 -0.248086 -1.073634 2.769321 -1.152337 0.168195 -0.789132 0.469835 -0.850889 -0.277513 1.409084 0.971015 0.403062 -0.594477 0.292445 0.976680 1.010760 -0.273993 -0.167126 -0.859707 -0.320363 -0.909635 0.269457 -0.342396 1.098672 1.064730 1.699586 0.209137 0.234363 -1.294320 0.063718 2.576723 -0.284205 0.729602 0.952474 0.501229 0.229352 0.643387 -0.820308 0.304841 1.083747 -0.107068 -0.317853 -0.697261 0.387159 0.349993 2.129636 -1.029136 1.069170 -1.093398 -1.746879 0.964763 1.597397 -0.743584 -0.285588 -0.522227 -0.198980 -0.337028 1.358089 -0.444623 -1.337265 -0.265571 -0.137679 -0.612936 -1.265516 -0.353127 1.370950 -0.064867 -0.169720 -1.936642 -0.595885 -0.816245 0.122461 -0.381167 0.954526 1.240895 0.397579 -1.284004 -1.091237 0.856050 -1.273980 -1.175101 0.974458 0.086658 -0.692880 -0.475826 1.751710 0.777943 0.134957 -1.627646 1.264204 1.721964 0.814829 -0.350512 -0.011066 -0.339337 0.088127 -0.056123 0.042027 1.595689 -0.590621 0.525638 2.042833 -0.258300 -0.596430 0.972072 0.048313 -1.265499 -0.193512 -1.269224 1.100995 2.630997 0.776825 -0.086504 -1.083812 -0.837237 0.372258 0.574727 -0.159033 0.413331 -0.425325 0.248078 -1.279465 -0.336323 -0.638869 0.873602 0.242277 -0.170165 -0.369868 2.059437 -2.202765 0.338979 2.889051 0.519687 -0.671523 -0.207552 0.145378 -0.052743 -0.677319 0.356966 0.543034 1.296235 -0.100516 -1.598217 1.364103 2.281715 0.921467 0.744061 1.496506 1.139998 -0.704427 2.773405 0.488193 0.524102 0.293600 0.660003 -0.494257 -0.681368 0.274023 -0.728180 -0.005833 0.115981 0.505962 0.072514
-0.897743 0.209585 -0.563572 -0.813991 -1.175827 -1.124316 1.288438 0.227345 0.059164 -0.516900 0.417604 1.893539 -0.383189 -0.486318 -0.417401 -0.132414 -0.747919 0.300225 -0.079164 1.424604 -0.255607 -0.218495 1.233493 0.698352 -1.052078 -0.221004 0.606140 0.238737 -0.168323 -0.504102 0.333828 0.042995 -0.228837 -1.113625 -0.081683 0.345615 -0.688550 0.095808 0.864161 -0.195790 0.803167 0.636886 1.582970 0.682507 0.016437 0.021589 -0.078781 -2.711417 0.714367 0.288976 0.452622 -0.767199 -0.382698 -1.484607 1.274058 -2.306162 0.577051 0.739694 -1.201681 0.491586 1.677825 -1.120314 0.315721 -0.423005 -0.746333 -0.116012 0.284236 -0.348853 0.658304 -0.789277 -0.197985 -0.815947 0.557117 0.987582 0.117996 1.801530 0.250545 -0.062309 -1.141831 0.472294 0.048482 -1.815800 -0.187635 0.075202 0.744726 -1.876013 -1.068606 1.483256 0.093074 -0.114912 0.943973 -1.089082 -0.130426 -0.230112 1.810763 -0.337582 0.481558 -0.739323 0.266212 0.402634 -0.337459 -0.754371 -0.567581 0.743232 0.639872 1.369056 -0.202684 -0.678895 0.716634 -1.086154 1.421879 0.102652 -1.133585 -0.929581 -0.515607 1.684062 -0.513033 -1.338755 -0.876814 -0.684710 -1.847444 -0.193560 -1.996859 0.827862 -0.445814 -0.669537 0.569220 -0.500673 -0.906113 -1.397084 0.255159 -1.300266 1.637035 0.306263 -0.953212 1.074286 -0.621241 1.160983 -0.908917 -1.008277 -0.933173 1.344700 -0.646155 -0.881604 0.634655 0.418873 0.137913 0.611548 -0.096097 -1.177292 -0.496035 -0.402795 -0.246853 0.381616 2.029503 1.209530 -0.396506 -0.719401 0.242852 -2.632054 -0.338456 -1.912692 -1.439060 0.416601 1.558027 -0.022185 0.842344 -1.297695 0.507262 0.542857 -0.601489 0.486850 1.324344 -0.039939 -1.538024 0.417273 0.652732 -0.172939 0.086707 -1.756473 2.254531 0.449722 1.509400 -0.439948 1.082991 -0.545537 1.308852 -0.321010 -1.988817 0.237530 1.060085 0.073133 0.814356 -0.091450 -0.716046 0.737328 -0.119446 -1.427934 1.802793 -0.754989
-0.587540 0.390721 -1.674277 1.421646 -0.326398 -1.574775 0.386741 -2.020484 0.106052 -0.418002 -1.838036 -0.253788 -0.683071 1.591488 0.609761 0.200434 -2.051324 0.011783 -1.002491 0.363067 1.143652 -0.421883 0.166274 0.384035 -1.069165 2.087181 -0.717921 -0.742037 -0.558128 1.116023 -0.652634 0.356315 -0.453791 -0.675678 -1.687986 -1.102789 -0.822314 0.521899 -1.081447 -0.501304 1.115821 -0.187367 -0.801809 -0.385064 1.661096 1.015869 -0.069348 0.338922 0.051336 0.556304 -1.106735 -0.138787 0.881940 1.744907 -1.158199 -1.408242 0.560136 1.055813 -0.164152 -0.598710 0.028593 2.136968 -0.748041 -1.209849 -0.218800 1.228044 -1.584633 -0.349607 0.729962 -0.656633 1.329989 3.358470 2.184617 -1.583592 1.796115 0.586896 -2.048483 0.174804 0.226437 -1.006360 0.225285 -0.823809 -0.476747 0.821166 0.234574 -0.678888 -1.379938 -1.026798 -0.235100 -1.255770 -0.603966 0.364607 -0.858481 -1.297753 -2.870077 1.445715 0.206927 0.331735 2.025287 0.492647 -0.137277 0.412746 1.681263 -0.134069 -1.952514 0.335921 0.002166 -1.027960 0.039594 0.991244 0.356581 -0.444533 0.683323 0.190454 0.294714 0.231730 0.093049 -1.865977 -0.631490 -0.358589 -1.371595 0.613032 -0.575358 1.771386 -0.069472 -0.646477 1.616362 -1.556052 -1.354965 2.036737 -0.400243 -0.391913 0.365355 0.023670 -1.996763 0.147928 -0.480442 1.735609 1.462080 1.232334 -0.374219 -0.605248 1.492238 0.251255 -0.376574 -0.567827 -0.827728 0.856049 0.071774 -2.568392 -1.054860 -0.039023 -1.668336 -1.805566 -1.238538 -0.441385 -0.134146 1.813501 -0.882829 1.399852 0.871595 0.705353 -0.280596 -0.046358 0.963107 -1.292728 0.504367 -0.771482 0.691494 -0.509709 0.902630 1.061957 -2.305519 -1.651650 1.058620 -0.386232 1.603995 1.317811 0.488278 -0.953011 -0.224448 1.818539 -0.962967 -0.598480 -1.142865 0.512870 0.373562 0.227387 -0.244693 0.998396 -0.829200 0.728370 -1.364519 -0.483415 -0.512695 0.057551 -1.487567 1.711487 -0.594227 0.445851
0.501660 0.455390 0.668668 0.530262 0.470139 -0.887538 -0.283318 0.240536 -1.302394 0.513148 1.623667 -1.327377 0.187951 -0.642957 0.074785 2.499745 -0.512790 -0.069571 1.766088 -0.847233 0.274443 -1.997496 0.963368 0.191731 0.648366 -0.481084 0.755550 1.064000 -0.191475 -0.676589 -1.531336 1.345480 0.100758 0.950182 -0.294302 -0.670982 0.584677 -0.036181 -0.350636 -0.404827 -0.767401 1.856113 0.536971 0.525363 -0.165434 -0.092341 0.165767 0.724977 -0.481119 0.741693 0.763353 -0.519631 0.892221 -0.100343 -1.266161 0.529790 -1.321558 1.223056 -0.049372 -1.195793 1.229164 -0.323443 1.579558 0.650500 1.311510 -2.164077 0.623531 -1.336894 -1.068606 0.776846 1.321789 0.259506 0.176785 0.009408 -1.088831 0.413422 0.758620 -0.527556 1.031739 -0.590757 -1.069986 -1.910025 0.033721 0.946408 0.285893 1.172240 0.602810 -0.247545 0.490578 -0.204266 0.596078 -1.107317 -0.269107 0.813222 0.021145 0.159053 -1.051935 -1.264685 0.205723 0.611613 -0.454869 0.262153 0.600692 -0.554071 -0.125311 0.465528 1.628067 -0.311266 -0.237933 0.491468 0.191219 0.656787 -0.407701 0.629776 0.527052 0.023017 0.693742 1.514054 -0.646253 -0.243566 -2.098124 -1.435496 1.075078 0.926846 0.993654 1.939305 -0.228405 0.282607 1.402370 0.518307 0.604335 0.354886 0.850517 2.357837 0.780953 -0.153086 2.149265 0.509232 -0.736610 1.192889 -0.858984 0.727678 0.583875 0.069213 1.992420 -0.503267 -0.879812 0.691332 0.232527 0.608856 0.796061 0.918133 -1.698834 -0.436348 -0.027416 0.510864 0.035917 0.380649 -0.172171 0.881699 -0.035858 -0.182983 0.703436 -1.252068 0.672039 2.230156 -0.775759 -0.180745 -0.288543 1.954742 2.119429 0.550520 -0.517914 1.723119 -0.401275 2.559402 -1.292477 -1.152143 0.435548 0.800445 -0.914694 1.011482 1.710226 -0.404771 -0.930083 1.461703 0.401936 0.434567 0.553469 1.122855 -1.010409 -1.146670 2.187032 0.023492 -0.494441 -1.931123 2.982803 0.308875 -1.196719 0.433374
-0.970928 -0.943990 -0.925987 -0.348458 -1.316102 -0.016094 0.956710 -0.574394 -1.051157 0.686251 0.345035 0.101615 1.224535 -0.909762 -1.089388 -1.429442 -0.383077 -0.234582 0.773486 -0.077154 0.825676 -0.076830 -0.286984 2.769542 1.047354 -0.209027 0.328874 0.552854 0.734990 1.209274 0.596414 -1.074259 0.188913 -0.741363 0.055630 0.811597 -0.597903 -0.064354 0.719635 -1.241686 -1.188188 -0.812369 1.259939 -0.330245 -1.013164 0.899636 -2.219692 0.690124 -0.247353 -1.635952 -0.948794 1.346333 -1.552906 -0.347403 -1.041181 2.411413 0.717398 0.344469 1.198266 0.003775 0.418208 -1.597793 0.520229 -0.446814 -0.790863 2.235909 0.498992 -0.077134 0.528214 0.756039 -1.755020 0.306529 0.452272 0.382562 -0.987625 1.119263 1.381954 1.171710 -0.458689 0.718055 -1.111741 1.030135 1.930361 1.347938 0.105560 0.650174 -0.375359 -0.343536 0.209505 1.626038 1.235832 1.545942 0.695386 -0.178315 -1.455727 -0.313029 0.349722 -0.501517 -0.532499 1.329591 0.232035 0.388618 -1.028652 -0.750944 -0.605516 -0.003932 -0.053124 -0.000326 -0.733357 -0.642938 0.008038 0.501547 0.084441 0.880411 0.701107 0.671315 0.842141 0.091985 -0.346157 1.711614 -1.442841 -0.688540 -0.958248 1.144325 0.505100 1.022866 0.927437 -1.118929 0.689389 0.581991 0.842828 0.264772 1.025048 -0.003771 0.373907 -1.459004 -1.851514 0.536323 -0.395657 0.432884 -1.405236 0.993781 -0.554229 1.047006 -0.375249 -0.008626 -0.651966 -0.944654 0.273019 -0.630499 -0.425046 -0.593471 -1.141344 0.511261 0.448525 0.204190 0.859704 -0.327007 -1.238212 -0.197735 -0.557471 1.084118 1.540566 -0.560963 1.826484 0.533054 -0.717626 1.068916 -0.432908 0.953663 0.621271 -0.703994 -0.349950 -0.190369 -0.775741 1.728829 -0.549501 -0.784856 0.827445 0.722176 -1.971812 -2.441764 -0.012494 -0.557105 0.371063 -0.376915 0.573474 0.362043 1.494560 -0.896001 -0.764136 -1.255698 -0.003482 0.161408 0.148674 1.379757 0.091302 0.375534 0.536396 -0.559055
-1.411905 0.161996 2.274360 -1.803786 -0.399479 -1.927764 -2.216793 0.056974 1.188193 0.447949 -0.350856 1.163367 -2.604662 -0.226465 -1.466822 -0.112635 0.511455 -1.588878 -0.483429 -0.021353 0.490059 -2.262743 0.460331 -0.146125 0.324357 1.466370 0.628233 -0.050558 -1.754686 0.646355 0.009374 0.071447 1.045330 -0.817403 -0.808746 -0.136658 -0.983928 -0.408638 -0.451256 -0.600471 -1.534208 0.890013 0.618760 -1.083346 -0.734699 1.100338 1.325965 0.689185 0.473852 0.894236 1.544269 0.968432 1.117393 0.952255 0.504211 0.094890 -0.608433 -0.930508 1.249432 -0.407477 -1.449481 -0.434253 0.451647 1.133161 -0.700161 0.024859 2.225867 0.787483 -0.442614 0.118452 -0.397064 1.433734 0.483924 0.980492 0.481885 -1.175583 0.796142 1.302877 1.234391 0.430557 0.836495 -0.400705 -0.802549 0.505034 -0.788391 -2.956397 0.386756 -0.313446 0.519692 -0.356921 2.047134 0.133591 0.005544 -0.647262 -0.085928 -0.190137 -0.574956 -0.338746 1.188103 -0.310028 -0.240647 0.548174 0.414983 0.178771 1.202909 -0.505457 0.213437 -0.180607 0.645084 -2.502650 -0.434415 0.970281 -1.557209 -0.205762 -0.478017 0.448875 2.422280 1.180896 0.099606 1.563197 0.080707 0.405793 0.624537 1.356335 -0.163318 -1.587403 0.582096 0.859413 -0.010244 1.537906 0.625770 1.051226 -0.605941 -0.604045 0.310761 -0.389556 -1.133815 1.003006 -1.099622 0.196499 -0.564982 -0.768232 1.750277 -0.362388 0.673187 2.289005 0.190195 2.198482 -1.020647 -0.776469 1.187492 -1.208221 0.916281 -0.270011 0.228062 0.708551 2.884550 -0.287970 -1.315813 -0.471352 0.525885 1.367932 -0.289297 -0.734287 -0.667721 0.213426 0.605392 0.696412 1.556629 -1.737140 0.382715 0.684941 -0.859544 -0.684273 -1.232727 0.870968 0.138119 -1.232368 1.590505 1.093976 -1.099069 -0.146083 -0.051091 0.432636 2.147458 -0.258290 0.753268 -0.223310 -0.632738 1.609526 2.817510 0.979639 -0.741552 1.208685 0.698603 -0.581495 -0.089541 0.197063 1.162926 0.313555
1.228274 0.041669 -2.989805 0.002653 0.183873 -0.801554 -1.179654 -1.786974 1.269329 1.276774 -1.955582 0.609005 -1.124786 0.320346 0.853289 -0.662011 0.449971 1.247937 -0.628904 -0.966897 0.696191 -1.743147 -0.469246 0.983625 -1.133902 0.881724 -0.992260 0.378554 0.560591 0.532995 0.553562 -0.155755 0.251625 -0.265618 0.838934 0.502119 1.777290 -0.547232 0.187881 2.668721 0.474268 -0.611449 -0.007165 -0.534778 -1.612550 0.961040 -0.075704 0.231775 0.147597 0.185600 -1.489159 0.458535 0.795975 1.117725 -1.141985 0.931986 -0.278534 0.639067 -1.103481 -1.016413 0.743590 -0.505666 1.084182 -0.208358 -2.072189 0.575367 0.369958 0.645041 1.264235 0.161395 -1.856359 0.075552 1.333238 -0.476356 -1.772316 0.010336 0.704698 0.051108 -1.755516 0.298505 0.119460 -0.162970 1.590248 0.265495 -0.418708 -0.779098 -0.343885 -0.620113 0.440197 0.166292 0.770594 -0.315691 -0.287155 -1.971777 0.202486 -1.634773 0.070474 0.619056 0.762390 1.070067 -0.671130 0.948540 1.101076 2.017504 0.022774 0.199828 -0.586245 0.287210 0.022465 -1.182328 0.426605 0.426105 0.599208 -0.223192 -0.791958 -0.243844 -0.762909 1.068189 0.752927 -0.526799 -1.005627 1.693272 -1.166954 -0.295185 -0.719585 -1.152912 0.557553 0.795803 -0.481574 -0.298554 -1.620588 -1.573194 1.121379 1.437108 -0.564449 -0.515642 -0.103806 -0.106279 -0.233571 0.860868 1.024364 0.249016 -0.517296 -1.253328 0.244133 -0.610256 -0.243754 -0.421466 0.036618 1.233627 -1.333241 -0.555025 0.865072 -1.346665 -0.376722 0.569267 0.658734 3.152358 2.220605 -1.821027 -0.238134 0.002985 0.455336 0.826056 -2.919324 2.678588 -0.510860 0.319265 0.233706 0.044197 0.713823 0.361512 1.012972 1.134264 0.163091 1.085786 0.434322 2.205200 0.478696 -1.171530 -2.159668 -0.196439 -0.649721 -0.772083 0.812491 0.549580 0.880028 -1.113310 0.552285 0.516709 -1.084766 -0.359723 -1.350328 0.423834 -1.963635 -0.088992 -0.057322 0.223171 0.145955 -0.534620
-0.805555 0.074721 0.005839 -0.468548 -1.740862 -0.109576 1.026696 1.343002 -0.377118 1.166755 -0.658774 -0.381649 2.202552 0.342410 -1.029278 0.153668 -0.825477 -0.680037 -2.002131 1.618824 0.328736 0.887013 -2.136936 0.434763 1.708232 1.368948 -0.428781 -0.918181 -1.027597 -1.277622 0.600557 -0.449644 -1.523051 -1.038366 -0.668189 0.097719 0.047918 -1.461130 -0.387944 -0.933066 -1.149998 -0.301340 -0.509404 -0.979823 -0.278772 -0.517470 0.761666 -1.027024 -0.236098 -0.519278 -1.170094 -2.297543 -0.050750 -0.248896 -1.355016 0.086260 -0.630194 -0.356413 0.178743 0.794057 0.834092 1.607398 -2.900946 0.300184 0.472116 -1.256437 -0.326089 -0.692363 -1.160392 0.548822 1.606983 2.041407 -2.232056 -0.259584 0.095656 0.888749 -2.203554 -0.066974 0.627686 0.216378 1.298492 2.406570 -0.483960 1.750390 1.170659 -0.568195 0.083071 0.815426 0.564675 0.627018 1.370471 0.523087 0.754762 0.316122 -0.299803 -1.151489 -2.090909 -0.000957 -0.206946 2.214207 0.687006 0.040067 -0.504714 0.693853 -1.037292 1.605549 3.000593 0.510617 2.111821 0.965222 -0.013998 0.637117 -0.184475 -1.743140 0.665080 -0.957939 2.093537 -1.153228 -0.002324 2.150495 -1.340991 0.096318 0.841094 1.478007 0.853218 0.597986 1.376171 0.827312 1.884312 -0.654575 0.813129 0.429417 0.140381 0.354253 0.543861 0.162007 2.330937 -0.410469 -1.653254 0.919847 1.265783 1.664545 0.231354 -0.090970 -0.574378 -0.521625 0.575030 1.150187 -0.341371 -0.112222 2.324687 -0.198060 -0.758859 0.403284 -0.854810 -0.869206 0.827669 -0.180564 0.240688 0.029817 -0.945648 0.208124 -0.417164 -1.003186 -0.155513 -0.787881 1.289752 -1.690300 -0.049432 1.644334 -0.505383 -0.489446 -2.178439 -0.178375 1.950816 2.390616 -1.112723 -0.320935 -0.191645 0.673292 0.470093 1.680931 1.402742 -0.540663 -0.968505 0.065089 -1.420367 0.218483 0.992611 0.146316 -0.230767 -0.669068 0.031940 -0.065996 -0.863046 0.369977 0.119070 1.386384 -1.215869 -1.776253
0.056624 1.768536 0.680041 0.758380 -0.105396 1.171461 -0.554771 -1.505507 -0.040840 0.143388 -0.203293 -0.761977 -1.232415 0.948419 -0.054124 0.008810 -0.212948 0.866874 2.223758 -1.661284 0.127344 -0.521613 -0.068840 2.382820 0.783826 0.034956 0.058874 -1.923145 -1.026059 -0.045033 1.618493 -0.225889 -1.242100 -0.301606 0.646329 -0.583363 1.307175 -0.304022 0.564427 0.812319 -0.200030 -1.374204 0.917430 -1.102544 -0.358189 0.998708 0.325724 1.074075 0.519233 1.504560 0.402419 -1.136273 2.399595 -1.958371 0.457380 0.404006 0.460177 0.723936 -0.926651 -0.192881 0.304184 0.484716 0.770938 1.504314 -1.983279 1.232208 0.034255 0.752700 0.815373 0.949133 -1.376593 0.578645 0.004603 -0.997359 -0.484806 0.614159 0.769586 -1.065648 0.540253 0.817515 -0.899084 -0.947084 -0.478992 -0.884261 -1.754304 -0.007043 -1.118818 -1.081074 1.215504 -0.834313 0.720562 1.268301 1.003821 -0.883339 1.024304 2.036685 -0.689014 -0.369487 2.416061 -0.980407 0.926349 -1.284854 -0.027441 -2.025762 0.144430 -1.496608 0.008213 0.731382 0.221097 0.571827 0.821785 -0.927719 -0.246814 1.686488 -0.389669 0.155231 2.260055 -0.144088 0.245863 -1.447891 -0.338498 -1.094731 -0.937132 1.791175 -0.765879 0.088582 0.492966 -0.051931 1.851493 -1.144767 0.149914 -0.106939 -0.439163 -0.230324 0.952092 -1.970195 -0.463364 0.448958 2.988772 0.279061 0.825083 -0.045020 -0.229520 0.522071 -0.663367 0.982454 -0.831263 2.597375 -1.083097 0.738296 1.365732 -0.787364 -0.767985 0.103370 0.515013 0.783866 0.008098 0.638954 -1.654880 1.144263 0.791051 1.084969 0.821258 -0.125872 -0.232114 0.021022 -0.248930 0.438520 0.131583 0.986612 0.270807 -1.178718 0.737093 -1.022672 1.282091 -0.368866 0.818724 -0.120760 1.547865 -0.048392 -0.286654 -0.275568 0.039560 1.357285 0.568253 0.115380 -2.757346 -0.634308 0.672596 1.869852 1.179242 -1.236592 -1.276894 -0.137840 -0.269150 1.128302 0.955111 -1.567502 1.790338 0.657163
-0.020512 -1.140303 -0.130958 1.125630 1.958951 -0.561714 0.339602 1.279225 -0.648578 -2.181619 0.008396 0.636215 -0.533438 2.000055 1.679503 -0.958914 -0.897522 0.880118 -1.110627 -0.488122 1.539655 -1.540602 -0.329814 0.131576 -1.598061 -0.042158 0.024937 0.107615 -0.973624 1.114933 -0.889028 -0.871577 0.921733 0.028888 0.023381 -0.945916 0.602445 -0.547893 -0.568989 -1.531637 0.610344 2.056289 1.175790 -2.135591 -0.638894 0.431901 0.436687 1.287231 0.202230 1.662626 -2.144137 -0.759332 -0.439018 0.457034 -0.690414 -1.442818 1.352062 0.386227 -1.889597 1.261479 -0.028054 1.388259 0.664012 -0.803557 -0.789412 0.829137 0.329006 -2.174116 -0.157275 -1.319129 -0.362000 0.732321 0.426898 0.167279 0.407308 0.058947 1.888454 -0.384268 0.017715 -0.460156 -0.745519 0.572383 -0.366715 0.312438 0.863882 2.854695 0.092856 -1.178414 -0.401864 -0.154537 1.092991 0.184246 -1.367700 1.076649 0.637679 -1.214519 -1.244611 0.469360 1.104839 -0.363844 2.234853 -0.380656 1.159393 -0.689247 -0.000079 0.382338 -1.615527 -0.526573 -0.481941 0.949327 1.393578 -0.219664 2.449808 1.848403 -0.921445 0.278864 1.932961 -0.501767 -1.249001 0.415643 -2.006735 0.354048 -0.558012 1.324469 0.138076 -1.814713 1.356023 -1.851254 -0.865618 0.611138 -0.817049 0.468646 0.815595 0.171845 0.243229 -1.017167 0.788252 0.556719 -1.129633 0.187250 -1.093011 -1.141646 0.005177 -1.600088 1.286221 -0.361265 -0.822725 -2.175870 -0.128088 -1.353355 0.009425 -0.715648 2.296973 -0.682968 0.749401 0.533694 0.357104 -0.714761 -1.693931 -1.341582 0.819665 -0.321064 1.076142 0.265002 -0.755261 -1.332986 -0.159800 0.145142 0.004701 -0.330065 0.726622 -1.396987 0.231065 -1.745073 1.307119 -0.090200 -1.417539 0.538838 0.035964 -2.162476 0.520636 0.133699 -0.647910 0.785749 0.045460 0.886121 1.475811 -0.761261 -1.186920 0.472993 -0.398173 0.358581 0.942940 -0.040221 -0.557541 0.618068 -0.034347 0.178561 0.218961 -0.247244
1.385913 -0.763649 -0.988744 -2.095563 -2.257433 0.321096 -0.556268 -0.444417 -0.060807 0.275381 1.501364 1.112200 -0.058563 0.012396 -0.507993 0.349668 0.253494 -0.979015 -2.143539 0.141899 -0.252280 1.482048 0.289232 2.610929 -1.020215 0.064962 0.002272 0.080404 -1.972813 -0.351140 0.368037 2.206167 -1.002038 1.400914 -2.064556 -0.776251 -0.809989 -0.817065 0.931980 -0.870342 0.010855 -1.279551 0.035712 0.138898 -1.814887 -0.473795 -1.311923 -1.014238 -0.817164 -1.066227 -0.012082 -0.869935 -0.561945 0.464655 -1.005961 -0.754680 1.388048 2.012116 0.740822 0.848453 -0.424400 0.769557 0.674354 -0.452553 0.777938 0.550243 -1.788594 0.647586 1.710834 -1.265352 0.945224 0.383196 0.920615 0.764924 1.452945 -1.028402 -1.784648 1.248944 0.179472 -1.591642 0.436027 -0.084286 -0.184897 -0.799349 -0.016432 0.280927 -1.070531 1.004449 0.036821 0.388762 0.293890 -0.117094 -0.446908 0.438227 0.984906 -0.258994 -0.111628 1.712706 0.367575 1.952324 0.929046 0.819350 -1.286642 -0.939083 -0.454337 0.175210 0.757442 -0.837826 0.862020 -0.550019 -1.263462 0.600793 0.454477 -0.198870 1.202595 -0.281624 0.840088 -0.758819 0.111062 0.664619 -1.097478 1.208249 -0.824652 -0.230296 -1.365890 0.350482 2.139134 1.288876 0.547133 -0.859042 -0.372265 1.197818 -0.467013 1.284993 -0.638751 0.736717 -0.362941 -1.064034 -1.107822 -0.248888 0.965483 -0.309707 -0.195274 0.689921 -0.480331 0.764351 -1.400096 0.585165 0.070237 2.632439 -0.522607 -1.171820 2.471509 -1.617910 -0.744270 1.546083 -0.774148 0.692423 -2.083701 0.963421 -0.162174 -1.281950 1.684870 -0.537111 -0.179250 0.469413 0.021691 0.027173 1.545338 -0.478478 0.244686 2.822649 -0.939903 0.534197 0.259103 0.184145 -0.328529 -0.651219 0.760147 0.756402 -1.110962 -0.521540 -0.403699 -1.222919 0.213941 0.209251 -0.526659 0.047865 -1.859482 0.881769 1.565472 -0.736488 -0.243259 -0.268693 -0.628491 -1.959114 0.107867 -0.469879 1.353108 0.143734
0.906945 0.940575 0.803780 0.384354 -1.180105 -0.307109 1.717505 -0.665737 0.193925 0.733998 -0.607771 -1.432405 1.675457 -1.573827 -0.158065 -0.058907 0.279762 0.309365 1.035787 0.968848 0.360028 0.533407 1.383318 -0.062522 -0.357246 0.365208 -0.361983 1.425719 0.689355 0.315214 1.826642 -0.068929 -2.426162 -0.261433 0.363254 0.254188 -0.262454 0.881653 1.988762 0.527504 0.955329 -0.662225 1.979722 -0.554963 1.480819 1.217817 -0.129156 -0.792981 -0.604773 0.664789 -0.324479 -0.346942 -1.597659 0.502811 0.829329 0.251944 -0.057638 -0.747440 1.122866 1.421094 -2.196521 -0.319234 -0.390171 1.201156 0.834119 -0.368220 0.445868 0.684399 1.216599 -0.819793 0.040379 -0.907992 1.033307 0.948904 0.387338 0.425733 0.714951 -0.258405 1.326687 -0.648422 -1.254998 0.573002 0.992457 -0.257823 -0.270432 -1.445147 -1.609025 -0.150280 1.373624 -0.499942 -0.456208 1.437756 0.086571 -2.951661 0.265038 -0.671481 0.370006 0.556076 0.277466 0.299912 0.217051 1.450863 -1.749237 -1.701411 -0.775255 -0.559125 -0.506491 0.023350 -1.515145 0.275726 0.648758 -0.586003 0.181554 1.047692 0.651076 1.062975 1.170109 0.060696 -0.515799 0.350882 1.067598 0.086647 -0.017284 -0.060088 -0.905956 0.977439 0.902139 -0.099959 -0.478223 -0.313455 0.415604 1.477637 1.659947 0.860553 0.721699 -0.068510 1.727470 0.255051 0.993406 0.141273 2.020736 0.630671 -0.924276 1.069081 -0.816831 1.957195 0.834775 0.144186 0.432392 -0.643261 -0.061150 0.104497 0.631640 0.582289 0.242904 0.380863 0.350486 -0.289882 0.610068 -1.614935 -0.790128 0.334228 -0.908119 0.462178 0.892941 -2.060885 -0.213809 0.863121 -0.015787 -1.168576 -1.650923 0.178165 -0.994922 -0.950626 0.225152 -0.416110 -0.371441 -1.574220 -1.403635 1.088398 -3.187201 -0.179294 -1.027175 -1.095615 -0.720108 1.184590 0.628671 1.557335 -0.665339 1.077232 1.944340 2.136034 -0.201666 0.538522 0.226158 -1.958762 0.369411 0.618384 1.150614 0.986593
-0.606298 0.050160 0.182153 -0.612505 -0.185865 -0.357541 -0.228347 0.504346 0.954556 -0.204461 -0.490213 -0.113327 1.343938 1.098759 1.602664 0.936372 0.602067 -1.324660 0.186696 1.294003 0.411829 0.264730 -0.094654 -2.539695 -2.594000 0.863083 0.344041 0.248975 0.093065 -0.594155 1.049979 1.004832 -1.614481 0.685167 0.470097 -0.479617 -1.155639 -1.207705 0.614998 -1.643073 0.770891 -1.799784 -0.805364 0.182587 0.517161 0.139279 1.205853 0.641609 0.742004 0.157716 -1.347727 0.779171 0.273456 -0.941489 -0.589382 0.733817 0.130308 0.521121 -1.069358 -0.555287 -0.727015 -0.309594 0.829816 0.694352 -0.440365 -0.635918 -0.763389 -0.711354 -1.150433 -1.123793 -1.576922 -0.079625 -0.960953 1.169447 1.239514 0.321480 -0.604160 -0.604246 -0.060140 -0.348393 -0.329509 0.126991 0.114985 0.053745 -1.129188 0.174939 1.068656 0.489248 -0.913299 0.989222 -0.929648 0.119040 0.400777 1.605000 -0.413642 -0.503980 0.640637 1.072233 0.992322 -0.145749 0.441437 0.095102 0.751303 -0.737110 0.542561 0.473966 0.808040 1.313434 -0.856037 0.286688 1.143739 -0.288917 0.087201 1.150321 -0.758767 -0.278741 2.285458 0.498259 0.447874 -0.169519 -0.047252 -1.294975 0.528881 1.168193 -0.974537 0.409343 -0.425401 0.266365 -0.672917 0.496678 1.329084 0.274926 -1.572630 0.815961 0.451513 0.312408 -1.139207 0.827529 -0.341452 0.364101 -2.668487 1.115850 -0.765203 -0.039323 -0.644565 0.272965 0.409716 -0.524783 -0.033581 -0.961046 1.321973 -0.272153 0.759615 0.760385 -0.631534 1.725837 -0.131751 -0.021565 0.582126 0.581380 -0.353533 0.824525 1.201149 -0.732224 0.079994 1.659000 0.027967 -0.351312 -0.023574 0.315925 0.721138 0.754976 0.810910 0.609246 -0.462531 1.271313 2.119357 -0.730328 1.293862 0.277985 0.785580 0.878403 -0.040463 0.863452 0.579841 -0.269426 -1.399324 -1.509522 -0.027772 -2.372624 1.310501 -1.192408 -0.631346 -1.239158 1.292286 -0.222869 -2.220176 -0.917674 1.313579 -0.400199
0.666805 0.253070 0.186212 -2.294771 -0.861430 0.758026 -0.983781 1.343793 1.275855 -1.007078 0.092333 -0.968564 -0.842123 0.350600 0.218822 -0.724783 0.569822 -0.696915 0.507139 1.209779 -1.667121 0.654281 -1.739749 1.594227 0.341997 -1.666329 0.629899 -1.001320 -1.995533 0.435820 0.436948 -1.051908 1.316623 0.202921 -0.913040 -1.242653 0.377510 -0.911278 0.694645 -0.587363 -0.415604 -0.986447 -0.366539 0.381663 -0.369774 0.223309 1.080672 -0.615773 -0.199424 0.635474 -1.091653 2.111614 2.127017 -0.337583 1.224583 0.036635 1.930464 0.230424 -1.122226 0.738111 0.771126 1.256838 -0.329092 -1.788408 -0.224718 -0.136697 0.120409 -0.753193 0.020559 0.682809 -0.084152 0.600665 0.248107 -0.407830 -1.099921 2.009729 0.050689 0.166606 -1.029741 -0.360510 -1.129285 -0.431173 2.301266 1.453533 -0.935336 0.190946 -0.505256 -0.072371 0.132606 1.581764 0.296952 2.124534 -0.333909 0.387178 -0.884005 0.046655 0.013290 2.453790 0.170360 0.583744 0.508975 -1.672884 1.055614 -0.901530 -0.164344 -1.223875 -0.055239 0.138648 -1.429606 0.215519 1.963054 -0.026934 0.615571 -0.920209 1.228472 0.096796 -0.052096 -0.725911 -2.003258 0.370531 1.717925 2.211986 0.776936 -2.018505 2.302346 -0.007446 0.719163 -0.267952 1.546903 0.603253 -0.337182 0.274144 0.991285 0.153420 -1.860807 0.638034 0.364738 -1.154808 0.541155 0.500920 -0.372594 0.974670 -1.293573 -0.297592 -0.695852 0.289997 1.168263 1.931602 1.344976 -0.853358 0.694051 -0.649302 0.151760 -0.427022 -0.768434 1.824796 0.594010 0.370722 -1.119906 1.026203 -0.831235 0.922513 1.205988 -0.545903 0.951955 -0.127386 -0.068653 -0.189451 0.427076 -1.102853 0.534869 0.522632 -1.158424 -1.468810 1.792864 0.798446 1.310480 -0.574505 0.397324 -1.559908 1.334362 -0.951751 -0.951189 -0.273646 -0.416218 1.209296 0.633551 0.699821 1.372259 0.214905 -0.951585 1.383871 1.050774 0.336818 -0.678240 -1.630706 -0.130058 -0.814990 -0.714566 -0.193027
-0.621995 1.975905 0.404273 -0.762875 2.067783 -1.155801 0.596356 -0.986363 -0.765776 1.567129 -1.094401 -0.081082 1.361963 0.521757 -0.910685 -0.075495 0.830472 -1.931983 -0.213804 0.662401 -0.544963 0.269351 -1.740020 -0.416806 -0.473270 0.136901 -1.046874 1.306570 -0.130927 -0.324548 -0.840290 -0.770659 0.571409 -0.178266 0.488236 -0.594355 0.675303 1.072232 -1.187931 -1.188724 0.201235 0.281003 -0.531120 -2.072601 -0.028181 -0.565594 0.864833 0.439350 1.797905 0.791474 0.980175 -0.079463 0.414583 0.220827 1.117839 0.351043 -1.304624 0.184207 0.168539 -1.060063 -0.291515 0.602409 0.421321 0.974860 2.443654 -0.546557 1.553551 0.453818 -0.200936 0.303669 -1.751412 0.269147 -0.256130 0.219280 0.182899 0.068986 -2.483370 -0.109104 1.235631 -0.815114 -1.027381 -0.126168 -1.610733 1.688417 -0.082689 -0.229528 0.000107 -0.714698 -0.274022 -1.445489 -0.379622 -2.164505 1.747469 0.630346 -0.019109 0.835788 -0.342529 -0.414783 -0.237144 -0.510248 -0.424242 -0.198194 -1.040595 -1.157062 -0.934976 1.113845 0.085925 1.575336 0.517295 -0.319229 -0.544219 1.453050 -0.539435 -1.156633 -0.529006 -0.492283 -0.237734 0.211071 0.546721 0.828517 2.146394 1.271316 -0.411135 -0.407995 -1.166072 -0.452188 0.162084 2.367321 -0.136052 0.225977 2.272819 -1.827404 -0.410974 0.708263 1.311543 -0.123168 1.499270 1.209662 -0.941720 1.087469 0.382733 0.653833 1.375773 -0.261562 1.550938 -1.430072 0.217174 0.435604 2.252839 -1.388583 0.128022 -0.031674 -0.514561 -0.848758 0.219710 -1.839762 0.902418 0.487158 1.141171 0.470479 0.743118 -0.005670 0.213104 1.115474 0.782199 0.743929 0.485753 0.936269 1.143336 0.414132 -0.662855 -0.210931 1.695071 0.183191 0.483797 -0.838496 0.868435 -1.843791 -0.357682 -2.465368 -0.247694 0.994211 0.359498 0.723744 -1.443106 -0.367560 -0.755905 -0.958368 -1.002209 0.614663 -0.464378 -0.048050 -1.196544 -0.673461 -1.499326 1.711592 0.190699 -0.053014 1.648393 -1.672775
1.773615 -0.835503 0.568871 -0.168361 -0.407553 0.712385 1.112032 -1.335142 -0.703765 0.879250 0.108375 -0.878304 -0.273079 -0.325162 -1.350058 0.009001 -0.303072 -0.495825 0.601631 0.435160 0.090938 1.209102 0.254649 0.076746 -1.150729 -0.981571 0.833153 1.050321 -0.731185 -0.051978 -0.076641 -0.587882 -1.368989 0.031612 0.292623 -0.193935 0.057409 0.706709 -0.396677 0.054163 0.457048 -0.731718 0.277569 -0.001860 -0.560980 -2.157550 0.123341 1.060809 1.013609 -0.148010 1.418463 -1.408022 0.475811 -2.731353 0.671193 -0.191401 1.651247 -0.350566 -1.656263 -0.184413 0.092717 0.018786 -0.234785 -1.254521 1.718183 -0.286068 1.010428 0.000455 -0.061421 1.523740 -0.045519 -1.209725 -0.527848 0.260889 0.014266 0.343525 -1.405829 -1.366543 -0.107687 -0.390549 -0.586672 0.052426 -1.094847 -0.046442 -0.131081 -1.010637 1.940486 -0.297643 -0.341650 0.590096 1.620961 -0.743446 0.033105 1.255258 0.693882 -0.698383 -0.527332 -0.848544 2.646400 -0.198359 -0.426445 -0.349960 0.284654 0.232077 0.982862 -1.666116 1.065909 0.638102 0.899356 -0.069046 0.102727 -1.349030 -1.746573 -0.367877 -1.532460 0.795681 -0.074160 -1.157262 -0.387346 0.509051 0.892451 0.363617 -1.525753 -0.409043 0.174398 0.945230 -0.228708 -0.098408 0.836697 -0.259076 1.818825 0.458369 -0.001119 0.375230 -0.264888 -0.212750 0.174975 -0.637600 -1.200341 -0.236881 -1.103866 -1.390544 0.800826 -0.727023 0.306392 -0.784611 0.044390 0.642597 0.483915 0.013335 1.610306 0.613879 1.791495 -0.955648 -1.241136 1.087334 -0.105459 -0.305946 -0.888678 1.911237 -0.153035 0.869855 -1.877355 0.184039 0.142743 -1.124860 -0.249982 1.586674 0.557887 0.291639 -0.628063 1.074715 0.073427 0.733826 0.451477 0.327113 1.229143 1.331164 -0.674729 -0.154321 -1.551988 1.141035 1.304699 -0.232298 1.095865 -0.023679 -1.373938 1.693297 -0.342317 -0.815576 1.604376 0.792914 -1.537250 1.461059 -0.327284 1.447741 1.238595 -0.013231 -0.645157 1.135910
0.189509 0.207171 1.391186 0.847766 -1.238683 -0.399197 0.406549 -1.842442 1.721394 0.574496 1.487610 0.396253 -0.854673 0.128193 -2.086775 0.077898 0.638253 -1.284539 0.541366 0.720701 -0.343895 0.081268 0.921347 0.544756 0.001709 0.558239 0.356672 1.751708 -0.664303 0.071373 1.205076 -0.721903 0.312726 -0.019554 0.500164 0.091703 0.175287 1.332526 -0.596918 2.519432 -0.337114 1.390732 1.196211 0.247894 0.390458 -1.027572 -1.126577 0.342250 1.757856 1.142779 0.730722 -1.086239 -0.824707 0.420047 0.398949 1.134810 1.114389 -0.207601 -1.230450 0.570178 2.321592 1.792418 -2.488481 -0.346406 -1.150074 -0.179635 1.145628 1.660772 -0.109477 1.140393 -0.280658 0.397111 0.011037 -0.676290 -2.592713 0.821801 -0.861644 -1.812763 0.261653 0.044432 1.112763 -0.149712 1.268765 -0.290825 -0.353312 -0.018989 -0.569794 -0.582874 1.635159 -0.977460 1.014808 -0.985902 -0.418215 1.044901 1.471695 0.525973 0.713005 0.717796 -1.553647 -1.384761 0.519181 1.089036 -1.645883 -0.099240 0.410522 0.812931 0.663503 0.961703 0.625081 1.077167 0.426848 1.075557 -0.872154 0.249267 -0.912263 2.091612 0.360216 0.870782 -0.660636 -0.788760 0.286392 1.498460 1.235644 0.472750 0.486484 1.915069 1.076348 0.425459 -0.868019 1.439389 0.288517 0.757550 -0.962288 -0.006945 0.418246 -0.980875 -0.217718 -0.529921 0.228210 1.775035 0.857423 -0.684028 -1.361565 0.371046 1.400059 2.298656 -1.169088 0.732979 0.751929 1.000086 0.796507 -1.370461 0.083922 -0.008720 -0.159788 -0.309864 0.004625 1.364795 -0.146231 -0.734412 1.448035 0.752113 -0.219310 2.182912 -0.002367 -0.512286 1.174341 2.728266 1.305640 -0.644627 -0.663953 1.855140 0.536410 -1.368645 0.445796 0.068146 -1.106296 -0.621162 -1.584294 0.256851 0.898027 -1.232141 -1.620683 0.541145 0.482888 0.207534 0.262681 1.016376 -0.175860 0.602117 -0.361669 -1.168676 0.033430 1.946652 -0.809015 -0.369355 -0.333375 1.572973 -0.182061 -0.077211
1.432466 -1.057322 -0.927993 -2.079976 -0.216721 1.585154 -0.086912 0.733198 0.989735 -1.624448 1.240246 0.300290 1.002134 0.197815 0.274076 -0.283397 -0.975341 -0.724089 -0.196724 -1.823195 1.704512 -0.058690 -1.005565 0.465169 -0.839135 0.044499 0.460211 0.707164 0.546790 -1.172445 0.386314 0.077260 -1.362831 -0.117482 0.970503 0.954717 -0.080798 -0.865286 0.326625 -0.206591 -1.196946 -0.539652 0.098464 0.495328 -0.913224 -0.860706 0.619633 -0.243478 -1.641769 -0.819028 1.469131 0.111321 -0.233754 -0.046639 -0.012776 1.032342 -0.770486 1.283152 -0.815448 -0.450804 -0.143571 -0.425482 0.205385 -0.366836 -0.370309 0.655446 -0.009158 1.107681 0.481399 1.436846 0.189636 0.648409 -0.569115 -0.439538 -0.978531 0.247160 -0.912616 -1.464781 -0.183102 1.166875 1.621736 0.068906 0.489920 0.121828 0.772236 -0.101374 -0.374079 -0.818223 0.412713 1.380377 0.830027 -0.181458 -0.946796 -0.416759 -1.033413 -0.044396 1.485144 -0.755447 0.846153 -0.406873 -1.511912 0.253136 0.256210 1.111267 1.135068 1.477836 0.227105 0.232583 -2.710138 0.132341 0.749715 -0.296696 0.056468 -0.437488 0.851634 0.487205 -1.086388 0.168154 0.510694 -0.360702 0.172989 1.957031 -0.366982 0.101830 0.181139 -0.059411 -0.808290 -0.736075 -0.681889 1.225493 1.096426 0.914561 0.834041 0.883293 -0.704290 -0.041620 -0.712107 -0.804277 -0.649471 0.285404 0.786727 1.002697 1.372976 0.600532 0.010253 0.998088 -0.738763 -0.963218 0.977797 0.600489 -0.669087 -0.163253 0.820986 -1.064147 1.834492 1.583775 0.557065 0.465015 0.155435 0.614098 -0.349679 1.929036 -0.680110 -0.580470 -1.186283 -1.519939 -1.334622 0.297726 -1.260381 1.014629 -0.212187 -0.582754 1.270167 0.272308 0.488775 1.057064 -0.155056 -1.078177 -0.417813 0.077019 0.005495 -2.153684 0.085284 -0.322665 -0.412284 0.182582 -1.227076 0.799874 0.571306 -1.021848 -0.411339 0.045583 0.709763 0.268520 1.519427 -1.271257 -1.873489 -0.254205 -0.751083 -0.933091
-0.675842 -0.739633 -0.025016 0.688584 -1.239814 -0.567107 0.802299 -1.119272 0.045691 -0.705474 0.080930 0.698369 -1.432766 -1.027761 1.591091 -0.020667 -1.474713 1.350254 0.151339 -0.106857 1.116889 -0.459040 -0.295265 1.347987 1.096685 -0.229689 0.503004 -0.017728 -1.412214 -0.445041 -0.051521 -2.382145 0.785590 0.107013 -2.080108 -0.439776 0.120878 -0.664266 -0.582921 -0.806229 -0.139526 -0.182267 -0.113203 0.803079 1.807260 -0.656406 -0.261586 0.538002 0.271134 1.267938 -1.931870 -2.307523 -0.949810 0.358445 1.338550 -0.156416 -0.082591 -1.595418 -0.306992 0.420099 -1.206751 0.325087 2.009234 -0.194442 1.301721 -1.003749 0.684897 0.911708 -0.760974 1.606539 1.237518 1.591117 -0.755580 2.261843 -1.063125 2.201474 -0.158702 -0.521053 -0.639422 0.945121 -0.098241 -0.709945 -1.425035 -0.857932 1.161084 -0.621182 0.973760 -0.287208 0.784954 -0.091170 -0.398826 -0.806813 0.700063 0.381245 1.095150 -1.025090 -0.606712 0.217325 -0.347866 1.421701 0.613858 -2.077142 -1.755396 1.096027 0.506406 0.908328 -0.579734 -1.085155 -0.446670 -0.632987 0.545121 -0.350141 0.933672 0.540107 2.723316 0.310772 0.684129 -0.361817 0.253664 -1.057354 0.791061 -0.249892 -0.856264 -0.553675 -0.827984 1.542702 -1.842169 0.740182 0.958542 -0.360055 0.827611 -2.929815 1.376850 -0.141424 0.081556 1.294325 -0.070028 0.401887 -0.279003 -0.931159 -0.300904 0.037167 -0.160677 1.517783 -0.235217 -2.070686 0.205430 1.858209 -1.098588 -0.743423 0.100341 -1.145680 -1.883511 -0.033259 -2.129039 0.214955 1.217503 0.273377 -0.985919 -0.296121 -0.870812 -0.252254 0.972766 -0.151139 1.336053 1.651116 -0.805629 0.635177 0.669650 -0.244037 0.712770 -0.297194 0.047838 1.743492 1.999246 -1.022453 0.309258 0.948031 0.327185 -0.778239 0.007915 -1.933918 0.050697 -1.649320 0.306664 0.128545 0.135882 -1.041945 -2.123120 0.349611 1.255099 -0.291700 0.717620 1.700369 1.571673 0.490260 0.523101 1.190003 -0.443937 -1.370844
0.830619 -0.313158 0.419331 0.593704 -0.868157 -1.300677 1.054119 0.376335 -0.923208 1.000127 0.038559 1.015767 0.851753 -0.525984 -1.035939 -0.166894 -1.632096 1.007751 -1.522186 -0.779036 1.023509 0.095076 -0.444818 -1.058162 0.360061 0.164638 1.231454 -0.081218 -0.496980 -1.561720 1.074586 -0.380392 -1.464990 0.445858 -0.268310 -1.428515 -0.094974 0.932110 -0.724987 -0.111729 -0.144854 -0.447587 -0.783937 -0.449975 -0.131709 -1.383183 0.292369 -0.655579 -0.391572 -0.987505 0.177714 -1.818916 1.541510 -0.698031 -1.257202 0.000617 -1.640185 -0.734446 -0.041342 -1.845695 1.709199 -0.589029 -0.426765 -2.182776 -0.350889 -1.500656 1.229693 -0.679663 0.025538 1.344845 0.643257 -2.599704 -0.329280 -1.616843 -1.148527 -0.903994 -0.213161 0.350643 0.671573 2.861216 0.903868 -1.249796 0.220518 1.498937 0.627576 -0.630853 0.825972 -0.927406 -0.861272 0.296022 -2.013261 -1.712966 -1.289812 0.376383 1.032220 -0.550992 -1.170286 2.251508 0.451841 0.182425 -0.066253 0.974328 0.729500 0.578730 -0.546382 1.505701 -0.541560 0.640138 1.455892 1.917141 0.101787 1.091126 0.810762 0.859183 1.168629 0.378592 0.945831 1.177234 0.227734 0.941794 1.382122 -0.019084 -1.026909 -0.554343 -0.347363 -2.148054 -1.614664 -0.277178 -0.545815 0.399949 -0.053275 0.317494 1.764671 -0.981626 -0.168822 0.500886 0.368003 0.981617 -1.022978 0.356131 0.431210 -0.395194 -0.392931 0.197371 -0.282644 0.167355 -0.800111 -1.196806 -0.186469 -0.960404 -0.571186 -0.827174 -0.799136 -0.475789 0.406092 1.648672 2.067525 2.225142 -0.411879 -1.072277 -0.082078 -0.223581 -0.266253 -0.951093 -0.046360 -1.028758 -0.019017 2.363160 1.057067 -1.894332 0.086486 1.201729 1.184147 -1.968275 -1.543417 -1.630442 -0.309302 0.077910 0.436162 0.013469 0.291194 -2.171480 -2.259854 1.767636 0.174928 -0.512591 -0.778247 -0.484956 -0.879524 -1.002929 -0.721986 0.785345 1.333340 -0.982885 0.959479 1.574194 -1.100433 -0.082880 0.045190 -0.207690
-1.238851 0.359655 -1.728211 0.982931 0.518389 -0.233735 1.200925 -0.203943 -1.740708 -1.168733 -1.151936 0.180261 0.003173 0.422803 0.454949 0.070367 -0.843565 0.353439 0.139993 -0.960581 -1.403847 0.202682 0.111458 -1.094418 0.872309 0.577469 -1.035724 0.616760 -0.936477 -0.565306 1.396045 -1.749889 -0.528425 1.119910 -1.286768 -0.212078 -0.083965 0.293318 0.088453 1.808867 0.334465 0.506026 0.617130 0.646404 0.087389 0.745459 -0.513440 0.901061 2.617415 1.040054 -0.063492 -0.368854 1.206566 0.903902 0.019775 0.641339 0.135689 1.087814 -0.257385 -1.342073 -0.994428 1.178261 0.880364 -1.218162 0.886188 0.285083 -0.716266 0.933091 -0.648744 0.414638 -1.575029 0.447998 1.299651 -0.103516 -0.728950 1.599417 -0.765516 -0.943104 -0.033885 -0.341046 -0.323112 -2.848489 -0.708930 -2.519456 -0.665307 1.655296 0.939258 -0.000042 1.227105 -0.484998 0.706662 -0.596499 1.076294 0.108726 1.094640 -0.352961 -2.740094 -0.215481 -1.473265 0.150135 0.339069 0.245398 0.754734 0.101893 1.697867 0.194948 -0.258784 -0.736301 -1.163043 -0.212550 0.234252 0.006555 0.763098 0.050238 -0.045680 -0.593662 0.630259 -0.914052 -0.514071 0.092719 0.238870 -1.209176 -0.557409 1.474952 1.455063 0.922925 -0.618253 -1.714919 0.244575 1.538212 0.794613 -1.429063 0.587288 -0.497428 -1.728395 -0.573800 2.280365 -0.559842 -0.092251 -1.095411 1.169141 -0.925850 -0.287140 1.447622 0.715630 -1.992971 0.887906 0.856128 0.553562 -1.138653 -1.687605 0.197966 0.401713 0.164547 -0.518978 0.627896 0.470615 2.512736 0.925718 0.737040 -0.561098 1.227344 0.812588 -0.024394 -0.746186 -1.046469 -1.712298 -1.119257 -0.848530 1.010326 1.324665 -2.181040 0.673003 0.730842 -0.571747 -1.023401 0.303492 -2.075464 0.586289 -0.472089 0.992702 -0.161686 1.481776 1.922685 0.460106 -1.787363 -0.368630 0.582421 -0.378486 1.050327 -1.353362 0.935602 0.080101 1.244508 -1.266962 1.307229 -0.378086 -1.381778 1.223350 0.505327
-0.598891 1.107324 0.920570 0.583041 -0.027494 -0.652894 0.177968 0.719529 -0.793504 0.756460 0.709779 -0.586360 -1.715823 -0.076050 -1.127063 -0.110799 -0.443077 1.821823 0.449440 -0.070962 -2.078496 0.983018 -1.568369 -0.107845 -1.408039 0.469440 -0.390365 1.463916 -0.520217 -3.088106 -1.220732 0.104513 0.259865 0.815352 1.479554 1.351436 1.213238 -1.143219 0.976036 -2.038395 -1.109854 0.417220 -1.395236 2.060164 -1.512726 0.103816 0.647405 -0.987273 0.001112 -0.173861 0.331024 -0.696345 -0.072180 0.353658 0.992759 -0.331062 0.776120 -0.555937 0.175990 -0.467168 0.384279 -1.226812 -1.615544 0.159799 -0.413552 -0.568410 -0.692432 0.156470 0.865731 -1.279391 -2.125616 1.315580 -1.589609 1.892441 0.068489 -0.408761 -0.208035 0.333355 -1.736812 0.507373 0.667932 0.351192 -0.202238 -0.226028 0.025301 -0.177449 0.321684 -0.121877 0.676147 0.632247 0.776386 -0.608109 -1.414574 -0.615940 -0.619272 1.053108 2.677578 -0.211453 0.645790 -0.236736 -0.967025 -0.647467 -0.322532 0.673630 -0.661710 0.211348 0.155667 0.901464 0.133410 -1.999274 0.320958 0.738210 0.228392 1.861463 0.578979 1.544960 0.418549 1.846154 -0.419648 0.107969 1.130877 1.557076 -0.054385 -0.049925 -1.255175 -1.123161 0.576416 0.365389 -0.857271 1.746160 0.405397 2.372393 -0.733135 0.475607 0.832138 1.710178 -0.474200 1.299716 1.225540 -0.946347 -0.263497 0.772690 1.743340 0.149711 -0.681327 -0.044762 1.205262 0.627674 -0.234019 -0.744738 -0.935327 1.334431 1.222371 -0.542409 0.393871 0.396405 -1.139646 -0.516509 0.834037 -0.976198 -0.035274 -0.615021 0.395698 -0.954324 1.025016 0.570209 -0.499496 0.458112 -0.531603 -0.456352 -0.280326 -0.685773 0.323737 -1.209588 2.103452 1.098353 -0.453914 -0.468967 -2.451026 -0.018898 -1.055521 0.427893 -0.224629 -0.352499 -0.447709 0.121903 -0.363644 -0.887979 -0.945005 -1.471034 1.876909 -1.190328 0.768114 -0.599919 -0.075891 0.414047 0.175357 0.496384 -0.865010 -0.332914
-1.923655 -0.441903 0.016563 -0.825047 -0.542885 0.024487 1.312173 -1.049009 0.659583 0.990905 0.626906 0.169634 -0.261082 -0.615015 -0.331089 0.649127 -0.375941 0.353260 2.475160 -0.300634 -3.185370 0.118307 -0.989660 -1.104952 1.255603 -0.478527 -0.578624 0.420023 -0.424505 -0.277602 0.125342 -1.078636 0.017941 0.304803 -0.463762 -0.548620 -0.279574 -0.946482 1.682066 2.045447 -0.201540 -0.733841 0.023791 0.339199 2.079763 1.198294 0.182243 0.509714 -1.248169 -1.586947 -0.211755 0.592482 -0.749800 -1.317994 0.453414 1.238915 -0.669678 -0.063167 0.719122 -0.058440 -0.297570 -0.361451 -0.074907 -0.399781 -1.179845 -0.334191 0.301561 1.361120 0.173295 -0.458452 -2.068990 -0.087198 -0.344798 0.678854 -0.296134 0.132128 -0.353874 -0.249783 -0.582690 0.127685 -0.128854 -0.675501 -1.041523 1.772092 -2.028191 -1.976863 0.376123 -1.602858 0.444256 1.302099 1.174704 -0.725270 -1.232849 -0.195581 0.034827 1.280764 2.231176 0.211660 -0.749630 -0.194495 -1.119842 -0.594838 0.337797 1.505541 1.012068 0.714593 0.862545 -0.019266 0.689470 1.167222 1.687733 0.046306 0.973726 -0.052020 -0.697446 2.179289 0.055758 -0.847317 0.337928 0.717604 0.394595 -1.329238 1.373205 -0.436426 1.211228 -1.029988 -0.236659 0.199427 1.189889 0.464750 0.637698 0.356312 0.262232 0.195972 -0.561631 0.400546 -0.159398 -0.294230 0.088269 0.340502 1.792963 0.377990 0.037411 0.177514 0.734308 -0.379664 0.261093 -0.394959 1.703358 0.312588 0.410160 -0.889550 -0.504858 -0.433620 -0.695924 1.138794 -1.519897 2.051259 -0.233361 -1.279082 -1.663914 2.698626 -0.450745 -0.196062 0.133813 0.567592 -0.035578 -0.507224 1.079891 0.374692 0.258097 -0.485568 -0.120336 -2.031607 -1.239817 0.130967 -1.266086 -0.463285 -0.236431 0.070471 0.302737 -0.046119 -1.155232 0.511331 1.354078 1.106600 0.551765 -0.361801 -0.847484 -1.043940 -0.210165 -0.249492 -0.195415 0.522563 2.427711 2.544784 0.586480 -0.409239 -0.193423 -0.875086
-0.002990 1.699885 1.566681 -0.410079 -3.451591 -0.046876 -1.579385 -1.465680 -0.484859 0.961753 -1.541798 0.003881 1.002555 1.094239 -0.412223 0.488643 -0.132612 0.028077 -0.702296 0.143118 0.286279 -0.418165 0.069050 -2.362067 -0.577393 0.855883 -0.645688 -0.348305 1.748336 0.192487 -1.309223 0.593519 -1.273729 -1.464740 0.468967 -0.627961 -0.198099 2.063178 0.759895 -0.476532 0.361280 -0.582203 0.336203 -1.228879 0.843608 0.308219 2.482409 -0.448347 1.955286 1.094940 -0.292095 0.039783 -0.069559 0.518170 -0.155683 -0.654091 0.141526 2.136673 -0.611153 0.519765 0.804514 -0.008956 0.299490 0.981712 -1.952801 -1.367241 1.359486 0.317540 0.941338 0.202092 -0.532233 0.033235 0.404969 1.152892 -2.235929 0.301608 -1.010013 0.652930 -1.883231 -0.402174 -0.182776 0.639060 1.398049 -0.279679 -0.125508 -0.595915 -0.444501 1.251873 -0.090205 1.800505 -0.713261 0.733178 1.070226 -0.106725 -0.372007 1.441737 0.029451 -1.755191 -0.168016 1.941088 0.125023 -1.562361 -1.223707 0.195288 2.693161 -0.269683 2.278505 0.217215 1.288697 -0.011916 0.996888 -1.319044 -0.003801 -0.513706 1.037637 -0.869917 0.422256 -0.097954 -0.533197 1.673814 0.121369 -0.055685 -0.616291 0.628009 0.258694 0.929669 0.127660 0.055450 1.096702 0.842584 -0.317665 0.307802 -0.152942 0.657360 1.135974 0.990113 -0.054500 -0.072652 -0.803411 0.149903 1.811480 1.405034 0.403902 0.835585 -0.230279 -1.154827 0.397169 -1.641236 2.053390 -0.256502 0.691383 1.014222 -0.076309 0.472338 0.953250 0.279540 -0.027149 -0.974785 0.767419 -0.172291 0.784179 -1.857148 -0.184433 -0.578149 0.205414 -0.729960 -1.240917 0.291345 -1.657653 -0.187700 0.389920 -1.020306 -0.980695 -0.219630 -0.896938 -0.399360 -0.117902 -0.175027 -0.573791 0.551131 1.315332 0.845111 -0.825869 -0.569192 -0.545195 -0.881832 0.645231 0.286983 -0.284202 -0.470466 -0.148974 2.256213 -0.272751 0.834848 -0.224772 0.908898 0.808890 0.653483 0.525065 0.301854
1.307547 -0.374498 1.347059 -1.177616 -0.427553 -0.303095 -0.844344 0.042629 -0.431975 -1.879505 -0.629682 -1.954907 1.449937 -0.223131 1.314691 -0.688062 -0.228427 -0.956213 0.344602 0.706681 0.124117 0.977970 -0.457336 -0.137638 -0.356063 0.636438 0.525035 0.590610 -0.472190 1.435262 -1.843299 0.449152 1.008529 -0.105534 -0.439307 0.955327 0.518463 0.500743 1.528750 1.840820 1.512216 0.262343 -0.138703 -0.178301 -1.978026 1.244824 0.469650 0.246464 -0.829955 1.265937 3.068062 1.083740 -0.179427 -0.519112 -0.323315 -0.191078 0.348775 -0.603467 -0.827643 -0.057743 -0.575225 1.261905 -0.515797 -1.466830 -0.376003 -2.527793 0.353330 0.179540 0.576445 0.331682 -0.541759 -2.098160 0.115691 -0.068047 0.698598 -0.369475 -0.125068 0.900900 -0.793122 0.487918 -0.967817 -0.378377 -0.300304 -0.959613 -0.031240 -1.081515 -0.878007 -1.433215 2.408192 0.420515 -0.651903 0.956459 -0.859135 -2.859095 -0.252443 -0.697392 -1.084375 -1.375254 -0.505247 0.217018 1.382447 -0.366566 -0.828198 -0.516315 0.844738 0.491156 1.462435 0.527000 -0.583533 -1.405192 0.813848 -0.803889 1.000304 -1.333907 -2.070942 -0.395538 0.402496 -0.395321 1.784966 -0.138375 1.435848 0.399751 1.887842 0.468260 0.508891 0.111006 -1.025475 -0.890669 -0.693296 0.553633 -1.488907 -0.416209 1.018376 -1.872131 0.000795 -1.358137 -0.971393 0.837040 -1.969951 0.657010 0.051970 2.086358 -0.081289 -0.318954 -1.258637 0.478740 -1.380294 -0.052731 0.747996 -1.325023 0.906131 -0.028937 0.121459 0.077350 0.457614 -0.965419 0.148414 -0.986139 0.844799 1.669633 0.195143 -0.866360 -1.374788 -2.508969 -2.231868 1.443319 0.523872 1.327317 1.210661 0.962317 -0.284544 -1.424955 0.835005 -0.922518 0.676733 0.393030 1.761846 -0.365813 -0.858035 1.584585 -0.270286 1.795005 -1.269080 -0.751514 -0.023093 0.463279 1.079184 2.370674 -1.230179 0.512341 1.482631 0.743017 -0.078078 -1.863677 0.166182 -0.394776 -0.866331 1.316022 1.668744 0.084874
-0.647489 1.426031 0.883106 -0.877839 -0.927906 -0.061469 -1.108644 0.051072 -1.325145 -0.367511 -0.760548 0.527194 0.083560 0.448542 -0.886653 0.089151 0.397847 -0.163092 -0.768018 0.294037 -0.031866 -0.958746 0.294992 -0.149884 -0.728202 0.354622 -0.483901 -0.756942 0.864773 1.051284 -0.410513 -1.288513 -0.473577 -0.555535 0.072945 -1.074286 -0.113668 -0.881228 1.522694 2.074122 1.098628 -0.889728 -0.662810 -0.188103 0.413299 -0.339675 -1.745050 0.250496 0.639727 -0.519208 -0.425985 -0.917280 -0.476882 -2.439009 -0.008672 2.226156 -1.246825 -0.391629 -0.423746 1.232926 0.248417 0.730538 1.482050 -0.021461 0.946116 1.065864 -0.578439 1.665116 -0.832023 0.677869 1.002439 -1.071244 -0.998670 -0.668384 0.010173 -0.537093 -0.810310 1.680102 -0.201711 0.149016 -1.609313 1.615086 -0.034953 -0.339617 -0.124104 -0.081411 0.079394 1.343899 0.546455 0.613042 0.797085 0.140140 -0.407959 0.469494 -0.562427 0.465128 0.562324 -0.083634 -0.568786 -1.397858 -0.253237 -0.615912 0.288930 -1.190488 0.624770 -0.435897 0.900551 -0.586747 -0.134384 -2.440674 0.022949 1.040049 -1.504146 1.267549 0.422658 -0.489080 1.634534 0.548669 -0.715767 -1.049478 0.335974 0.029979 -0.077618 -1.032432 0.365292 0.344110 0.728622 0.719441 -0.991098 0.223422 -0.329397 -0.137895 -1.175745 -0.320089 0.632725 -1.348313 -0.775919 -1.102376 -1.421908 -1.452724 1.503327 0.043056 -0.188155 -0.285931 -1.211554 -0.133792 -0.512414 0.340877 -1.545357 -0.848161 0.756284 0.580408 0.273792 -1.104284 -0.277210 0.445828 -0.735960 -0.236212 -1.578635 0.805920 0.759605 -0.181090 -1.011328 0.947912 0.464615 -0.995515 0.317834 1.049962 -1.135529 0.535081 0.181594 1.013815 -0.906658 0.764841 0.119341 1.080564 0.276544 1.050361 -0.070764 1.173221 -1.045136 1.493806 0.525425 -0.767664 0.804416 0.199285 -1.671389 1.834429 -0.501794 -0.106948 -0.994385 -0.145331 -0.593137 0.613598 0.291543 0.253306 -0.861717 0.515918 1.118523 -0.307813
0.166207 -0.159064 -0.932116 1.997912 -0.108481 -2.020146 -0.748861 0.009656 0.666197 -0.631988 -0.068259 -1.724494 0.249434 -0.331485 0.147985 2.194035 0.412496 -0.127813 -1.780916 -1.433246 0.837832 1.046714 2.494891 -1.425105 0.247082 1.740005 1.146405 -0.184797 -0.819419 0.463962 -0.571323 0.639103 0.064043 -1.276889 1.059987 -0.304077 -0.170134 -0.749467 -0.061090 1.181065 -1.816671 -0.822230 1.278476 -0.041533 0.670921 -1.022801 -1.267564 -0.043135 -0.695375 0.341535 1.064095 0.148530 0.117097 1.008514 -1.426035 -0.708289 0.088591 -0.801403 0.084289 -0.556457 -1.331304 0.985451 2.079189 -1.132934 1.499602 0.616510 -0.245206 -2.983685 0.357354 -0.482821 1.299195 1.033668 0.106360 0.806190 -0.839429 0.412163 -0.683524 -0.964541 -1.500480 1.307064 -0.008757 0.265262 0.413899 0.143969 0.082656 0.576532 0.420830 -1.839974 0.996889 1.203429 -0.377612 -0.866238 0.320105 -0.209788 -0.835101 -1.046689 0.963680 0.954867 -0.008671 0.504661 -1.150983 -0.974107 -1.813536 1.045903 -0.840266 -0.106345 -0.803223 -0.497854 -0.372092 -0.225396 0.117952 0.166190 -0.218537 0.283498 -1.460140 -0.392505 0.675586 -1.457172 0.670377 1.968802 0.678228 0.062713 -0.246559 -0.396690 -1.093736 -0.420452 -2.142396 0.472239 -1.611804 1.155249 -0.440733 0.505224 0.771717 0.083382 0.740174 -0.526416 0.294061 -0.275928 -2.067728 -0.947040 -1.021364 1.790043 0.040655 -0.136449 0.296143 1.498915 0.885864 1.135064 -2.094576 1.664610 0.965609 -0.519724 -2.013456 -1.428813 -1.213299 1.492697 -0.182813 0.761438 -0.942835 0.947396 -0.567989 0.505339 -0.476282 1.221271 0.162912 -0.867381 0.174143 -0.886955 -1.835397 1.121599 0.725147 1.306836 -1.443724 1.664431 -0.062161 -0.093565 -2.194152 0.501652 -0.363144 -0.679865 -0.968182 0.160654 0.519600 -1.281932 0.860918 0.795384 0.185510 -1.199461 -1.385333 1.086147 -0.027696 0.410984 -0.357502 -0.348546 -0.305119 0.529963 0.093054 0.415896 0.404534 0.950850
1.275865 1.130279 -2.599658 -2.270123 -0.720041 -0.536934 -0.846262 -1.405296 -1.121886 0.318231 -0.600825 -0.087603 -0.979624 -0.740285 0.700279 -1.428632 0.200457 -0.572887 -1.662421 1.212340 -0.665809 0.426637 0.615330 0.969714 0.725843 -0.190043 0.783785 1.121606 -1.750785 0.906506 -1.649718 -0.181497 0.331704 -2.818725 0.588231 1.535710 2.390761 1.276269 0.483061 1.450348 -0.976812 -0.257316 0.385047 -1.045370 0.520471 -0.278819 0.167690 -1.235772 -0.840588 1.925185 1.593227 0.124373 0.714605 1.351572 -0.413457 -0.501184 -1.618668 -0.895382 2.295640 -0.423987 -1.060846 0.100806 0.615305 -0.428084 1.685997 -1.333662 0.623091 0.566352 0.123595 -0.402760 0.122272 0.646309 1.843482 0.437396 -0.072402 0.334961 0.969626 0.525500 0.838974 0.248204 -0.372990 0.367553 0.395994 0.071964 1.696071 -0.062912 0.397663 1.717778 -0.669226 0.486683 -2.177230 0.687858 -0.417603 -0.281323 -1.998108 -0.347533 -0.203443 -0.333602 0.159224 1.367723 0.917975 -0.129192 -0.063874 0.293061 1.206450 0.738279 -0.178073 -1.243177 2.136352 0.146191 0.542598 1.040678 0.190991 -0.261745 -0.307354 -0.249214 0.450969 0.807851 -0.105747 -1.607265 0.229984 0.811062 0.819236 -1.439167 -1.194327 0.477181 0.161906 0.432691 0.217027 -1.762860 -0.812059 -1.311854 2.131138 -1.294890 -1.648571 -1.963526 -0.215185 -2.880440 -0.760910 -0.206136 -0.392605 -0.549492 -0.748223 0.249498 0.335114 -0.336936 0.340152 -0.887666 -0.077973 0.981441 0.407655 -0.376388 0.320158 -0.358774 0.793625 0.914562 0.187839 -0.378467 -1.930565 -1.209160 0.760136 -1.450003 -0.265306 -0.151898 -0.944134 0.215363 -0.505699 -0.459965 -1.713977 -0.205061 -1.001751 -1.147972 -0.272838 0.769491 2.042078 -0.649483 1.617223 1.070259 1.347420 0.414130 1.633711 1.742594 0.313499 -0.540456 1.248095 1.808116 -0.002253 1.149659 -0.285724 0.037251 0.014214 1.013981 -0.413383 -0.109710 -1.140039 -0.837778 0.802982 0.500509 0.147969 1.979970
-0.814300 0.762735 1.219992 -0.738524 0.119581 -1.772371 -0.236930 0.658196 0.810654 3.188883 -0.030056 -0.734404 -0.792540 0.702488 1.738116 2.105344 -0.285843 0.036242 0.399098 -0.914825 0.627629 -1.369320 -0.630941 1.466069 -0.320638 -0.015357 -0.424429 -1.043569 -0.872880 -2.310657 -0.930204 1.885863 0.531291 1.154805 -0.171566 0.629864 -0.645244 -1.099512 -1.399573 0.670573 -1.676811 -0.357265 0.459285 0.262000 -0.286246 -0.748346 -0.005254 0.692320 1.426521 0.413908 -0.848719 -1.036714 0.497111 2.832674 -0.664002 0.978765 1.699103 -0.401940 -0.903424 1.053705 -0.237778 0.378247 0.846622 0.701590 -0.276111 -0.435697 0.527686 1.370025 0.537171 0.104538 -0.582383 -1.508305 -1.342361 0.750503 0.064492 -2.080957 0.716289 -0.662301 1.960243 0.530919 0.095497 0.828968 -0.253799 1.042507 0.508501 -0.018189 -0.854694 -0.509091 -1.938425 0.250170 1.028089 0.306146 0.338268 0.383187 -0.693639 -0.141269 0.138884 1.060902 0.390933 0.252004 -0.730504 1.137353 -0.002997 0.965059 0.344491 0.847194 -0.581667 -0.232426 0.034730 1.698046 -0.145311 0.927067 -0.437302 0.872471 0.824053 0.002968 -0.549322 -0.414819 1.694422 0.144614 -1.510325 -0.875289 0.229852 -0.081463 0.221247 0.166403 -0.550833 0.709882 -1.197833 0.216264 0.570611 0.669789 0.721258 1.166399 2.346489 -0.245180 1.132378 0.366349 0.090384 -0.525597 0.696860 -1.681056 0.319883 0.707273 2.061845 0.597841 -0.566718 -1.917421 0.640918 -0.586893 -0.343959 1.043279 -2.117117 -0.568957 -0.223296 -1.018665 -0.878466 -2.700509 -0.774048 -0.096311 -0.100470 -0.578429 0.714978 -0.073853 0.098752 0.408960 0.063214 -0.565005 -0.380544 -0.880587 -1.490621 -1.248666 -1.843360 0.383425 -1.351459 -0.989332 1.348074 1.055132 -0.462906 -0.894655 -0.811265 -1.014652 1.390536 -0.174072 0.095313 0.292985 1.671039 -0.600403 -2.030187 0.250568 0.588247 -0.305817 -0.832106 2.516788 -0.903815 2.226458 0.049674 -0.367005 -0.668718 -0.510018
-1.034675 -0.088996 -0.245737 1.039559 -1.027840 -0.099553 -1.127409 0.953803 0.148078 0.271244 1.909780 1.437346 -0.870480 0.985391 0.010405 -0.749770 -0.091917 1.532818 0.355107 -0.270466 1.969419 -0.653918 -0.009219 -0.575824 -0.052747 0.172483 -2.119432 0.076324 -0.638005 -0.225391 0.726799 1.455488 0.027127 -0.692245 -0.541789 -0.057084 -0.228284 -1.590734 0.021356 1.185578 1.369466 -0.259332 0.614791 -0.920251 0.352763 0.519911 -0.791238 0.834250 -0.023484 0.492961 0.469120 0.554406 -0.239813 0.401037 -0.681888 -0.123939 0.338487 -0.364031 -1.406952 -0.896023 -0.419217 -0.030229 -0.748427 0.905328 0.163279 1.179368 0.195762 0.387606 0.344875 -1.082754 1.102558 0.506764 1.093601 0.808185 -0.416071 0.048244 2.280955 -0.464557 -2.762067 0.884906 -0.641040 0.456005 0.468082 0.715944 -0.153654 -0.659333 1.440618 -1.334834 -1.114670 -0.847075 -0.070504 0.464075 -1.030178 0.749235 -1.341346 -0.206938 0.509297 -0.008047 -0.924803 -1.553975 0.082665 -0.569053 -1.177966 -1.179982 0.681458 -0.813606 2.691325 -1.061705 -0.615262 -0.238732 0.967876 0.591854 -0.109314 -0.012587 0.062576 0.738127 -0.381056 0.169116 1.532322 0.999986 -0.757283 -0.354269 -0.903488 0.432496 0.276290 0.381373 1.348048 -0.923323 1.055611 -0.843190 0.792012 -0.946170 -0.190759 -1.140037 1.748378 -0.858976 -0.882666 -0.628480 -1.236057 -0.811041 -1.115945 1.178708 -0.105197 1.441557 2.935681 -0.566548 1.110758 0.638041 1.068794 0.179492 1.001822 0.654824 0.059838 -0.100169 -0.248406 -2.305852 0.289224 -1.476121 -0.801321 0.304891 1.261739 -0.928344 1.262263 -0.031083 -0.078452 0.147937 -0.328662 0.257368 1.334267 -1.177008 -1.077278 0.201008 1.182038 0.117972 0.042173 0.099011 -1.209540 -0.056901 0.215464 1.844304 -1.593053 -0.821090 0.679831 -0.702626 0.538991 0.158387 0.161536 -0.309400 1.615537 0.714848 -1.469603 0.557174 0.279386 -0.838707 0.538579 -0.400030 1.515089 0.423520 0.446212 2.073912
0.251117 1.174623 0.448676 -0.038470 -1.568094 0.878783 0.130568 0.121809 1.962395 0.640628 0.879705 0.586821 0.025847 0.364046 -0.798094 0.211400 -0.031055 -1.279865 -0.701037 -2.286330 0.557866 -0.361620 -1.446316 -1.067658 0.542907 1.569378 0.920242 1.525930 1.198518 -0.472064 -0.420197 -1.522964 -1.159926 -1.033689 -0.327235 -0.054104 0.386039 -1.813359 -0.047319 -0.418332 0.298034 2.087317 -0.004846 -1.190085 0.864165 0.581324 0.472873 0.018092 1.195507 0.062692 -0.006568 -1.651297 1.382970 0.850539 -0.035271 1.516381 -1.657572 -1.024926 0.917415 -0.087861 -0.007933 -1.274378 -0.493806 0.351378 0.110259 0.522112 0.527647 0.056318 -0.949543 -0.548110 1.250343 -1.233417 -0.260331 -0.266137 1.170920 1.324820 -0.733186 -1.489692 -0.506129 -0.189619 1.467846 0.437252 0.631483 -0.606497 -0.196421 -1.557226 -1.156020 -0.929373 -1.019494 0.127513 1.543905 -1.928051 -0.451806 0.606592 0.940193 -1.562344 1.828276 1.405002 -1.395646 0.830384 0.975982 -0.689306 -1.345947 0.023005 -0.864276 1.668948 1.083661 0.054066 -2.457089 -0.258563 -0.786710 0.171198 -0.874730 0.704080 -0.325044 1.493878 0.497305 0.312524 -0.451943 -0.643658 -1.459418 2.287172 -0.202683 -0.375904 -0.375521 -1.302160 0.140109 -0.091257 1.063470 1.309220 0.297166 0.007059 0.448339 0.336228 -1.767402 -0.324913 0.881887 0.379600 0.689124 0.406369 0.072281 -0.024746 -0.137692 -0.534354 0.989116 0.566111 0.791793 0.612540 1.404621 -0.313424 1.012674 0.267955 -0.503764 -1.140935 -1.076132 -0.283673 -1.303967 -0.152897 1.098412 -0.968821 0.420697 0.187328 0.147027 -1.431174 -1.402882 0.299961 0.360265 0.059784 1.243869 0.053876 -1.693854 -1.841986 0.400256 0.232223 0.127957 -0.009248 1.493881 -0.456587 -0.182638 0.341185 0.310630 0.319049 -0.839330 1.080809 -0.413573 0.443589 -2.101296 0.367335 0.263466 0.870572 1.155581 -0.244689 1.380091 -1.841708 1.131609 -0.270053 0.206404 0.065970 0.722596 1.419762
-0.432174 -0.277511 -1.499564 1.452074 -0.851747 1.015028 -0.105922 -0.041970 0.495943 -0.446273 3.352153 0.012180 -0.871809 -1.134621 0.632951 0.233990 2.455769 0.810339 0.323385 -0.398175 -0.419372 0.920630 0.235565 0.883667 0.455243 -0.143387 0.123366 -0.850682 0.330330 -0.849814 -0.150856 0.571737 -1.778163 0.493430 -1.846014 0.705653 0.015055 1.713264 -1.238301 -0.389513 -0.487704 -0.488579 1.973698 1.316996 -0.819753 -0.453885 0.876922 0.305119 0.551110 -0.158262 1.536783 -0.051589 0.764410 0.185144 0.434049 0.935739 0.026466 1.337589 0.029982 -0.311564 0.273491 0.287859 0.768186 0.392148 0.305398 -0.911763 -1.621345 0.222544 -1.584670 -0.611650 -0.227415 -0.784392 -0.861077 0.615037 -0.469776 0.163280 1.188034 0.372388 0.042638 -0.833822 0.135179 0.236350 -0.944039 -0.138918 -2.446536 -2.814810 -0.083903 -0.345285 -0.202374 -0.616262 1.026145 -0.100050 -1.405773 1.805206 0.350298 -0.127480 -1.191225 -1.120232 0.073932 -1.475387 -0.762916 1.219215 -0.242928 0.893246 -0.797390 -0.265358 -0.657145 -0.898330 -1.769952 -0.179093 0.228841 -1.319696 -0.316667 -0.140331 -1.052086 0.657577 1.296799 -0.156882 0.424245 0.192016 1.315959 1.004137 0.045531 -0.293237 1.477729 1.594020 0.844838 0.697127 -0.683220 -0.488278 0.840601 1.635562 -0.386128 0.066100 1.441018 -0.496282 -1.757329 0.401053 -0.338892 -0.955749 0.860850 -1.922832 0.681781 -0.583107 -0.122388 -0.930866 0.212573 0.683454 -0.044586 -0.385845 0.321749 0.054120 0.976168 -0.616930 -0.653836 -0.015561 0.496666 0.071607 1.259952 -0.431571 -1.076092 -0.057885 -0.283866 -0.151069 -0.463685 0.120703 1.768398 1.304444 -1.084634 -0.179205 -2.341753 -0.058167 -0.500739 -0.706086 1.331520 1.328585 -0.350833 -1.724966 -0.767947 0.105549 0.469114 0.640867 -2.388476 0.633361 -0.825926 -1.644501 -0.120245 -1.069954 -1.090397 -0.935097 -0.739578 1.413081 -1.309980 2.145273 0.081044 -0.236987 -0.126599 0.861741 0.568253 1.925054
-0.225137 -2.116417 -0.805857 1.378363 1.078810 1.626923 -0.314767 1.340944 -1.504190 0.039666 0.342932 -0.512842 -1.061455 0.637896 -1.714154 -0.822619 -1.011330 -0.733087 0.058158 0.100118 0.526761 0.682828 -0.205707 -0.257303 3.025144 -0.921165 -0.868579 0.361795 0.473852 -0.354308 2.000340 -2.084724 -0.986195 -0.228507 -0.016860 -2.165047 -0.500091 1.276690 0.021376 1.342254 -0.460342 0.284611 -2.457337 1.898799 1.293259 0.695847 0.773633 -0.713709 0.687212 0.333049 1.096814 0.621339 0.942374 0.079543 0.292953 -0.102135 0.184254 -0.638850 -0.081074 -0.232563 -0.730440 -0.088809 -0.051266 -1.594951 -1.198520 1.251858 -0.705687 -0.575442 0.243450 0.619261 0.028783 -1.169309 -0.435990 -0.955958 1.832647 -0.407495 0.432940 -0.179460 -0.066194 -1.661299 1.133213 0.762042 0.331434 1.185578 0.896266 0.194933 0.282581 0.711427 0.875260 -1.195191 -1.234971 1.604763 -0.520447 0.938532 -0.557910 1.187693 -1.269067 0.919182 0.765546 1.187878 1.344368 -0.442049 -0.963749 -0.465529 -0.282979 0.772560 0.189812 -0.164469 0.300208 1.310277 0.104495 -1.727163 0.648115 -0.295358 0.328237 1.330856 -0.322085 0.268056 0.005162 0.949612 0.354466 -1.327983 -0.347436 1.910056 -1.233540 0.434359 0.211303 -0.250221 0.410375 -0.295699 -0.187838 -0.760088 0.588011 -0.019971 1.019642 -0.164015 0.299086 0.607723 0.055809 -0.162455 0.270588 -0.457832 0.354599 -0.209454 1.629124 0.199097 -0.515579 -2.232585 0.724433 -0.013465 0.779783 -0.926544 -1.209810 0.337665 -0.105604 -0.934574 0.677958 1.163561 1.361422 -0.555738 1.002502 0.382669 0.572151 -0.932999 -0.269489 -0.592483 -2.008122 0.357029 1.997231 1.317142 -0.163019 0.504579 -1.748296 1.014718 0.017498 0.519920 -1.140575 -3.136294 -1.553080 0.243066 1.050463 -1.245555 -1.049293 0.291924 -0.187612 -0.629227 -1.649373 -0.528257 0.703519 -1.675586 -0.892899 -1.336975 -2.512900 -1.292410 0.770121 -0.234420 0.107415 -1.034060 -0.788637 1.536551
-1.319037 -1.335466 1.491219 0.135384 -0.209577 -1.069474 1.086343 -0.732507 -0.140956 -0.157352 1.290474 0.143127 -2.468974 -0.254861 0.558142 -0.098310 0.587547 0.742328 -0.431969 -0.648460 -0.687067 0.834968 0.336375 0.163182 -0.199747 -0.029698 2.921457 0.730072 0.677571 0.257730 0.558523 -0.808016 -1.059643 -1.109097 -1.017506 -0.930551 -0.596749 0.023996 -0.256793 0.933724 0.030810 -0.498172 0.347877 -0.317574 -0.405452 1.158731 0.157756 -1.217123 -1.302265 1.698621 0.300123 0.572617 0.266807 -1.921476 -0.035711 1.157405 -0.481005 -0.606200 -0.024375 0.876721 -0.664948 -0.394806 -0.356404 1.600615 1.594974 -0.742692 -0.039695 0.698710 -0.592420 0.869730 -0.245666 0.214208 0.207616 0.024769 -0.109538 -0.626623 1.751137 1.002351 1.013621 -0.183196 -0.773832 0.905821 -1.121688 0.852766 -1.489775 -0.797397 -1.132574 2.240082 -1.185713 -0.751541 -1.541955 -0.713486 1.400227 0.712907 0.167555 0.212304 1.375843 -0.516333 0.704903 0.445823 0.404209 -0.497214 -0.769019 -1.606012 -1.107973 0.622072 -0.551633 -1.319609 -0.305446 -0.115005 0.601207 -0.271272 1.167031 -0.747595 0.815566 -0.203411 -0.698478 -1.216932 1.385995 -0.916336 -0.006016 -0.863908 1.210627 -0.947666 -0.696401 1.254621 -0.970996 -0.990676 -0.462227 1.187472 1.184846 0.775536 0.164556 0.224450 0.017819 -0.589564 0.352462 -0.630121 -1.221249 0.163104 -0.907383 0.646158 1.386971 0.747028 0.277390 0.170606 0.522976 0.198601 0.846349 -1.492600 0.598974 -0.613930 0.590564 -0.380034 -1.487359 -0.464402 -0.611061 -1.916290 0.864866 0.700890 0.198290 -0.200753 -1.935053 -0.260924 -0.661486 0.864375 -2.050251 -0.574632 -1.085962 0.799720 1.690801 -0.839040 -0.479366 2.070522 0.425643 2.966005 -1.084941 0.446387 1.268022 1.737220 -0.793405 -0.640750 -1.529753 3.201940 0.850153 1.432058 -0.262915 -0.726526 0.475168 -0.179183 0.816298 -0.559762 0.830021 -0.562570 0.607071 -0.266093 -1.035330 -0.648183 -0.772877 -0.034143
1.063977 0.277601 -1.523373 -1.069594 -0.232864 -0.365265 0.490814 0.808198 -0.625427 -0.436341 -0.746449 -0.028929 -0.399968 1.210400 -0.134186 -0.336909 0.556145 1.251444 -1.392625 -1.044973 -1.348357 0.625832 -0.963532 -0.349799 -0.170586 -1.506833 -1.657910 0.309876 0.108148 4.127367 -0.201523 0.531245 -1.403706 1.131064 -0.031221 0.685196 -0.249841 0.493078 -1.686157 -0.249534 -1.063500 -0.442689 0.690315 2.274373 -2.131444 -0.714525 0.166469 0.629795 0.186417 0.981171 0.734992 1.021724 -0.422851 0.202172 -1.339145 0.044133 0.034975 0.317735 -1.185708 2.005306 0.215869 -0.428970 -0.568091 -0.192805 -1.466942 -1.830595 0.711972 -1.194149 1.270103 0.089312 0.456754 -1.097292 0.972043 0.163882 0.644358 -1.435370 1.160840 0.048011 0.874331 1.376753 -0.758871 0.155479 -0.900834 -1.344302 -1.257485 1.792533 -0.317508 0.736663 0.575275 -0.588486 -1.619647 1.517011 -0.548925 -1.628434 1.731309 -0.520171 -1.615026 0.370676 -0.551127 1.258721 -1.267977 -0.547992 0.886713 0.010029 0.336499 1.145903 -0.885450 0.095889 0.370386 -0.741017 -0.611970 0.091698 1.197988 -1.776990 -0.680925 1.088714 0.319203 2.113017 -0.872173 0.659532 -0.406237 1.024844 1.800294 -0.949989 -0.277002 1.188149 0.033206 0.233072 2.111130 -1.735743 1.391901 0.209871 1.925652 1.223271 -1.101601 -0.257365 0.248407 -1.241600 -0.018852 0.262820 -0.478416 -2.420210 0.776451 -0.661753 0.328057 0.709692 -1.749672 -1.188257 1.145916 0.175929 0.717166 -0.112001 0.806855 0.596653 0.588806 0.845925 -0.203106 0.603040 -1.849772 0.209718 1.251996 0.010805 -0.278995 -1.156421 1.210049 1.159828 0.506125 -1.394603 0.188569 -1.192446 -0.178256 -0.476306 0.982007 -0.238249 0.504727 -0.680096 0.180418 1.583561 1.538517 -0.468871 1.177290 0.712693 0.762170 -0.178819 0.236301 0.266581 -0.973208 -0.082584 -1.251699 1.164208 0.833441 -1.893596 0.827449 -0.124782 1.564788 -3.093947 -0.808242 2.268827 -0.404437 -0.524955
2.094309 -0.537419 0.119674 -1.019837 0.275785 -1.430674 1.940146 -0.939350 -0.719817 -0.211173 -1.255952 2.181746 -0.285607 0.181737 -0.484746 0.300186 0.372644 0.694976 -2.245980 -0.728636 -0.006536 -0.695323 -0.715918 -1.789226 0.067446 -0.455372 -0.594008 -0.259554 -2.309992 -0.583185 0.178181 1.021188 0.269164 -0.913662 -0.568900 -0.565346 0.768552 -0.225829 0.613978 -0.927943 0.864885 -1.147820 1.761132 1.258962 -1.608026 0.777480 0.669701 0.096891 1.316000 0.819744 -1.037514 -2.925504 -1.471751 0.691148 -1.087537 0.882906 -1.635963 0.850917 1.894826 -1.290158 0.687538 -0.804767 -1.227842 -0.302612 -1.501420 -1.166020 0.151300 0.291255 1.005129 -1.832725 -0.597663 -0.790668 -1.309836 -1.004014 -0.362128 2.164860 1.032635 0.697051 0.999555 1.696132 1.002197 0.095790 1.020261 -0.828264 1.611901 0.665892 -0.170449 -0.966784 2.566339 0.599764 0.629744 -0.688494 -0.503894 -0.583029 -0.469062 0.120849 0.650289 -1.011498 0.124611 0.589091 1.157725 0.443218 -2.105000 -0.150225 -0.876098 -0.702712 0.988160 -0.926747 -0.482937 0.000718 -0.468868 -1.226562 0.608876 -1.089663 1.247932 1.285552 -0.300530 0.808721 0.619923 -0.350598 1.145699 0.033822 0.259615 -0.282732 0.170768 -1.164790 1.392999 -0.346936 -0.127508 -0.813178 -0.792174 0.033091 -0.660491 -0.576863 -1.918917 -0.068014 -2.095613 -1.036609 0.949187 0.267865 -0.767421 0.906197 -0.943031 0.234920 0.645310 -2.000073 0.418480 0.502539 -0.681007 -0.282810 -0.986202 -0.527713 0.028069 0.051411 -1.199724 -1.122632 -1.603375 -2.048200 0.778555 -0.259607 0.894970 1.734668 -0.571536 0.630670 -1.175572 -1.111944 1.191358 -0.562233 -0.771494 -1.836014 -0.433215 -1.092709 0.700298 1.277256 -0.789886 -2.339685 -1.109739 -1.009276 0.099152 -0.964084 -0.814308 -0.332103 0.884145 0.057480 1.095973 0.699922 -1.023742 -0.714470 -1.720394 0.978539 -1.083660 -0.304260 -0.139192 0.768744 1.316193 0.973597 2.559106 -1.377829 0.128851 1.531376
-0.521577 -0.249917 0.074645 1.083296 1.043268 -0.346455 3.575878 2.559039 0.351451 0.982690 1.023650 -0.577216 -0.524153 1.339045 0.082600 0.831359 -1.277502 -0.066318 -0.313477 -1.119665 0.297705 -0.539074 -0.754620 -0.738136 0.703904 1.288490 -0.902109 -0.052992 0.481792 0.070827 -0.755857 -0.058595 -0.873223 -0.510602 -0.869396 -0.080580 0.799103 0.452780 -0.078595 -0.298025 0.764360 -1.479687 -0.432011 1.126844 0.217007 1.240892 -0.198005 0.012410 0.888246 1.711216 -0.929063 0.560334 1.727973 1.132880 -0.239050 -1.182052 -0.177530 1.731474 2.218060 -0.807008 -1.148529 -1.172608 -1.116183 1.160883 -1.141486 0.937624 -0.001797 2.064838 -1.076617 -1.061028 -1.004866 -0.353284 0.543188 -0.872526 0.608159 0.508945 0.083791 -0.516760 0.580300 -0.198896 -1.290125 -0.079408 0.180977 0.489409 -0.938430 -0.465582 -0.629936 2.253642 1.271673 -0.598502 -1.551210 -2.046226 -0.278009 -1.137160 0.410648 0.793308 0.141364 1.023104 1.813490 -0.268423 1.412791 1.554827 1.435615 0.676488 -0.567581 -0.064328 0.105768 -0.882291 -1.615207 0.018838 -1.759521 1.123369 1.284072 -0.463619 0.910789 0.346729 0.270586 0.833417 -0.041961 -1.157973 -1.534107 -0.432942 0.234922 2.019461 -0.880739 0.661741 0.950824 0.830361 0.283774 -0.970072 0.924371 -0.508916 -0.791457 0.752998 -1.012498 -0.291870 1.318583 -2.791128 0.379561 0.307950 -0.024707 -0.399023 -0.012582 -0.427733 0.542144 -0.542749 -0.486117 -0.369664 -0.311886 0.656304 1.508059 -1.068878 0.163717 0.800886 -0.507126 -0.571057 0.497918 0.896212 1.696557 -0.902380 -0.798997 -2.863201 0.212893 -0.130200 -1.222004 -0.220950 0.487816 0.642846 0.499493 0.377878 -0.133246 0.763401 0.063542 -2.072466 -1.039088 0.411863 -0.931624 0.646277 -1.141342 -0.624680 -0.348901 0.738713 -0.019082 -1.636410 1.076707 0.546574 -0.818221 1.465445 0.943063 0.348889 -0.182332 -0.659299 1.584670 -0.486811 -0.195078 -0.673810 0.086971 2.047407 1.770793 -1.910007
0.429744 1.724268 0.818071 2.288621 -1.069051 0.341078 -0.609131 -0.145001 -1.184474 -0.292504 2.237145 -1.476282 0.633420 1.892734 0.434468 -0.664472 -0.204920 0.800588 0.843775 -0.589277 0.738349 -1.121281 -0.116070 -0.941383 -0.265210 -1.827432 0.915424 0.498513 -0.066883 0.596391 -0.752126 -0.978220 -0.542808 1.236586 -1.236091 -1.136574 0.869049 0.573693 1.771578 -1.685521 0.319597 1.393904 1.585011 -2.482186 0.753409 -1.525527 -1.542351 0.253251 -0.075393 -1.294700 -0.001008 -0.397925 1.349104 -1.434581 -0.694985 -0.210558 1.463369 0.243313 0.535120 1.512011 -1.405612 0.339409 1.166011 -0.226603 -0.614165 0.749519 -1.962089 -0.436406 0.294169 0.289546 1.120654 -0.380835 -0.062547 0.910692 -0.463113 -0.872465 0.429812 0.968317 -1.246876 -2.594645 0.460780 0.230321 2.178488 1.355908 1.016652 -0.527025 0.880424 0.279435 0.275729 1.224027 0.494547 1.921861 -1.826545 0.401277 -2.069008 0.378872 -0.692520 -0.171274 1.413208 1.244013 -0.916220 2.442649 1.663346 1.079179 -0.865970 0.288463 2.777661 -0.553816 -0.229710 0.117626 0.076530 0.749111 -0.475278 0.965956 -0.729755 -1.699991 0.732485 -0.191747 1.027643 -0.794893 -0.165549 -0.508132 -1.158680 0.159603 2.275358 -0.210862 -1.024229 0.258000 0.491530 -1.449489 0.835820 0.198020 -0.044934 -0.692932 -0.572513 -0.289768 -1.075991 -0.261979 -0.061303 -1.039183 0.151810 -1.034921 0.282128 -0.972456 0.839141 -0.121006 -0.824127 0.741467 -0.791414 0.703996 -2.042498 0.675523 -2.858426 0.271927 0.387049 -1.126402 -1.063478 -0.299385 -0.663011 -0.533653 0.086132 0.487906 -0.368027 0.134673 -0.038551 1.273297 -0.112503 -0.981391 0.487444 -0.296684 -0.708255 2.042695 1.156512 0.254767 -0.927888 -1.877754 -0.127297 0.156066 -1.102306 0.775144 1.234386 -0.175711 0.790149 -1.130937 -0.204045 -1.444401 -1.534510 1.314596 1.977273 -0.201564 -0.837541 -0.003922 -0.257934 1.217600 1.350131 1.630480 1.289738 1.871534 0.610805 -0.633133
0.349462 -0.339621 0.654786 -2.483736 -1.403311 -1.500732 2.118153 0.971418 -1.349564 1.087844 -0.144238 -0.245455 0.793856 0.843785 0.522767 0.980424 -1.991399 1.039428 1.230587 0.082684 -1.308927 0.463147 1.367192 0.852093 -0.764431 0.141313 -1.978444 -1.245815 0.209090 0.197689 -0.897550 0.374449 -0.006038 0.600819 -0.227334 0.432071 -1.718565 0.252032 1.342803 1.824735 0.081299 1.978417 0.188985 0.365356 0.641055 -0.256998 1.791587 1.743725 0.673487 2.722999 1.011371 1.957318 -2.075635 2.282846 0.963222 -1.568986 -0.857872 -0.850355 -0.570212 0.957979 1.236931 -0.008161 -1.086383 2.134757 -0.011353 0.021338 -0.070388 1.117045 -0.358238 0.146398 0.883054 0.366003 1.361949 0.997373 -1.611795 0.420758 -0.636620 -0.654348 -1.184997 -2.139061 0.343484 0.213202 -1.428590 0.119093 0.140620 -1.183499 -2.823157 -0.380051 -0.838097 1.423208 0.901685 0.187660 0.091239 -0.424067 0.085322 -0.546710 0.558115 1.774718 0.959960 -1.948246 0.271336 -1.017651 0.176554 1.767772 2.049301 -1.550172 -2.259334 -1.561247 0.306940 1.860367 -1.622060 -0.489053 1.969814 1.358121 -0.094361 1.110144 -0.427366 0.613813 -0.478502 1.062258 -0.996263 -1.291957 -1.198309 -0.111722 1.257735 -1.080878 -1.435099 1.152655 -1.268217 1.667854 0.370076 0.692801 0.529182 0.958360 -1.067423 -0.267475 0.251653 -0.202223 1.460537 0.034807 -1.231709 -0.475424 -1.829057 -0.296486 -1.896470 -1.544724 -0.607833 -0.897615 -0.421679 0.807672 -0.204631 0.153800 -1.221226 0.894572 -0.991414 0.733354 -0.194533 0.928971 -0.769644 0.273417 -0.976752 -0.936443 -1.301432 -1.013571 0.481359 -0.794068 0.136610 0.163786 2.855783 0.115077 -0.476298 -1.442118 -1.046755 0.346205 0.641349 -0.843783 1.376409 0.934252 -1.596528 0.579937 1.435938 2.371969 1.987805 -1.398999 -0.180056 1.077923 1.644211 -0.896607 1.097988 0.703055 -0.282017 1.606847 -0.008511 -0.315884 1.844246 -1.491458 -1.146893 1.439421 2.141686 1.641103
0.559848 -0.334343 0.076503 1.048368 0.616528 -0.820826 -1.441364 -0.086403 1.919757 1.576457 1.567300 0.309621 -0.544195 -1.359291 -1.208686 -0.328019 1.402217 1.891220 -0.389407 -0.067218 -0.526917 -0.414427 0.678352 -0.230439 -0.480165 0.483881 0.382721 -0.872157 0.621938 -0.145509 -0.300718 -0.888848 -0.404842 -1.360317 -0.282997 -0.670774 -1.150528 -0.526893 -1.642992 -0.553522 2.224522 -0.514110 -1.487419 0.263426 0.342009 -0.034722 0.426279 2.653225 0.770398 0.540243 4.027620 0.577051 1.071815 -1.570335 -0.566289 1.221092 1.077594 -1.466748 -1.019090 1.208547 1.342860 -1.555661 0.080546 -1.894734 -1.165940 0.155445 0.676613 -0.623425 1.994454 0.998419 -1.005760 -1.430947 0.413550 -0.034332 0.021301 0.117724 0.655843 -2.217425 0.789262 0.242859 0.451788 0.021480 1.297519 0.607220 -0.063114 -0.629870 0.847431 -0.268550 -0.192535 -0.109534 -1.365328 1.354401 -1.421177 -0.943844 -1.338493 0.315988 -1.635411 -1.187227 0.989180 -0.272036 -0.920751 0.973549 -0.488775 -0.923002 0.132734 1.323327 1.213188 -1.131406 2.909408 0.669590 0.894958 -1.116320 -0.032674 0.412379 0.605133 0.210145 -1.088394 -0.268079 -1.344504 1.684167 0.183491 0.165722 0.577903 -0.509871 0.510498 -0.252314 -0.203115 0.572677 -0.353564 -0.241416 1.349269 1.307138 0.635549 -0.389179 -1.113510 0.862688 -1.160197 -0.529052 -0.883726 -1.263402 -0.314463 -0.293511 0.925979 0.930616 -0.084908 2.122599 2.165109 -0.215197 -0.323737 1.039491 -1.295971 0.397456 0.386121 1.216228 0.081637 1.064635 1.155138 -2.252236 1.017417 -0.583973 0.516808 -0.374426 1.529156 -1.156947 0.413461 -0.647220 -2.155588 0.000929 0.616334 2.511367 -0.394458 1.912099 1.328809 -0.961410 0.279197 -0.170063 -0.745966 -0.392206 1.713977 -0.076990 -0.537535 -0.010656 0.616009 -0.603125 -0.036576 1.163802 2.509785 0.322682 -1.208974 0.896916 0.974129 1.069127 -0.335107 -0.366058 -1.459155 0.028100 -0.728713 -1.347908 1.135237 0.177910
0.033398 -1.268586 1.711596 -0.890777 -1.682828 1.656409 0.533170 0.282902 -1.434534 0.779852 0.312880 0.450132 -0.511210 1.550790 0.041705 0.378266 1.617492 -0.461929 0.364315 -0.681271 -0.021477 0.299425 -0.129918 0.965687 -1.057368 -1.539973 1.723928 1.181294 -0.472751 -0.696100 0.342418 0.185194 1.316115 -0.320009 -0.594222 -0.052383 -0.540361 -0.977502 1.514583 -0.374319 0.246860 0.011059 -0.260285 -1.325665 1.387980 -1.040484 0.091903 1.959080 -0.238897 0.487120 1.217611 -0.326384 -0.078960 0.101003 1.023942 -0.039520 1.107944 1.867735 -1.085064 -1.363801 0.870720 0.269545 2.071142 -0.744750 0.371104 -1.630005 1.646677 -0.509298 0.281515 0.689265 -0.527216 0.556761 -1.023349 0.184858 -0.458977 1.338890 -0.077543 2.663352 -0.499036 0.291906 -0.037362 -1.127733 0.281648 1.178807 0.805085 0.857597 -1.338359 0.137377 -0.335740 -0.448773 0.365287 -0.757272 -1.861787 -0.072646 -0.965051 -0.759033 -0.361851 -0.770635 0.860563 -0.273508 1.212975 1.018540 -0.683499 1.428516 -1.572264 -0.011180 -0.611473 -0.019699 0.819907 -0.052073 -0.673464 1.257108 1.629899 0.327050 0.371433 -0.332816 -1.366822 -1.016580 1.637006 0.885302 -0.127030 0.375030 1.481991 1.731408 0.488585 0.103041 -0.287585 0.739143 1.162484 1.499656 0.133664 -1.019013 0.850202 -1.901121 0.358716 -0.962606 -0.694501 -0.406819 -0.483000 -0.258984 -0.239731 -2.157113 -0.838369 0.725554 0.721100 0.599110 0.856214 1.088163 0.642317 -0.049204 -1.008970 -1.368734 1.119954 0.109334 0.021071 -1.564412 -0.650777 0.174746 1.129409 -1.030103 -1.011031 1.150587 0.150917 -0.225410 1.406274 0.147852 0.414982 0.209401 -0.535001 -0.478608 1.064924 -0.760331 -1.613910 0.541355 -0.829081 0.017773 1.080907 1.173216 -0.869176 0.635333 0.968706 1.204782 -0.974890 1.133468 -0.078341 0.194562 -0.453204 -0.081458 2.580564 -0.455316 1.794458 0.411614 -0.550166 -1.583231 1.453368 0.362783 -0.882226 0.782205 0.175942 -0.704147
1.864198 -0.677833 -0.182850 0.920688 -0.320769 1.232124 1.340050 0.351989 0.375910 -1.151218 -0.509824 0.238979 -0.464429 -1.807759 0.146814 0.398647 -0.461825 -2.518886 -0.062296 -0.177283 0.657036 0.681199 0.925841 -2.312783 -0.436937 0.106467 1.452497 1.287908 -0.679277 0.294420 -1.159731 0.272717 -0.400672 -0.969637 -1.264666 2.153671 -0.134060 1.028946 0.660260 -1.163070 -0.486190 -0.327089 -0.009698 -0.317287 -0.703155 0.404952 -1.291152 0.558659 -0.331332 0.051384 1.412283 -1.151089 -0.325356 -1.133383 -0.122968 -0.489620 1.243866 -2.096133 -1.537641 0.895196 0.056222 -0.909453 -0.085817 0.667890 -1.039483 -0.503114 0.238239 -0.316677 -0.084927 0.537186 -1.285459 0.409104 -0.001808 1.567839 1.562218 -1.219151 -2.050613 0.039879 2.149285 -0.004651 -0.391121 0.234804 0.597006 0.062972 0.179676 -0.128776 -1.738798 1.039760 0.279338 0.021525 -0.183771 -1.543032 -0.268486 0.464706 0.865532 -0.105551 0.250003 -0.683044 0.265793 -0.315611 1.473977 -0.230267 -0.616076 0.447756 0.383560 1.312213 -0.855224 1.211520 -0.188776 -1.613633 -0.305440 0.247213 1.936041 0.996877 1.694837 -0.481165 0.517723 -0.380800 0.548216 0.783711 0.776465 1.176919 -0.640494 -0.515445 0.149785 -2.341955 -0.721190 0.805638 -0.340581 0.069352 -1.558088 -0.701332 0.814943 1.276825 -1.014786 0.263766 -0.551426 -2.469449 -2.345400 0.690146 -0.391302 0.828728 -0.230269 1.345529 -0.991461 0.302289 -2.500257 0.016505 0.803660 0.584860 0.288795 0.730854 -1.606737 0.697799 -0.420533 -0.765634 -0.782911 -1.017069 1.466898 -1.935039 -0.467483 -0.489334 -0.128555 -0.870366 -1.091441 0.365331 -0.137213 -0.400344 0.179072 -1.495198 0.727389 -2.421740 0.003033 -0.454926 -0.055973 0.103949 -0.568301 0.268190 0.039182 0.199924 -0.361653 2.055599 -0.056067 -0.140473 1.855126 1.193730 2.232679 1.408073 0.430502 0.301453 -1.218477 -1.412553 1.285867 -1.302447 0.545119 1.311786 0.917620 0.669558 -2.233665 -0.758341
-0.035187 -1.080178 -2.362591 0.026135 0.262629 0.148843 0.572843 -1.093958 0.748446 1.541524 -1.056793 -0.087282 0.316849 -0.696509 -0.419968 0.295830 -0.484457 2.031908 -0.447623 -0.831699 0.210658 0.133783 1.492751 2.004274 -1.253432 0.019985 0.583729 -1.135514 0.611927 -0.968445 -0.322363 1.171154 -0.251963 0.503042 -0.164580 -0.078956 1.203965 0.001191 -0.143006 0.752983 0.731421 0.713540 0.752773 0.732284 1.458091 0.222321 0.024397 0.834540 -0.316228 0.393994 0.567883 1.539766 -1.127638 0.590931 1.346313 0.958803 -0.030556 0.165021 -0.271914 0.448674 -0.584567 1.689990 -1.280025 -0.827542 -0.597973 -0.146192 -2.086121 0.300696 -0.328476 0.782591 -0.623860 0.137458 -2.301040 0.555215 1.765787 -0.325133 -0.950585 -1.028317 0.381090 -2.273511 0.511877 0.033292 0.832490 1.004164 -0.994882 1.531811 0.283422 -1.753394 -2.000837 0.149994 1.273576 0.842064 1.358189 1.831311 1.107994 -0.347195 -0.079708 0.482290 2.056916 -0.014235 0.122603 0.457638 -0.281915 0.294207 -1.101194 0.216576 -0.530078 -2.087920 -0.508034 0.733303 -0.581744 0.355229 -0.687255 0.778713 1.594350 1.942374 -2.493016 0.706974 -0.217205 -0.509311 -0.620982 -0.983955 0.022554 1.653264 0.096941 -2.490763 1.005383 -0.018689 -1.255868 0.022687 0.713049 0.850708 0.807460 0.114941 0.180125 0.345618 -1.395880 0.015746 0.695148 -0.611963 0.829637 0.010633 -0.178189 0.623656 -2.096671 -1.459566 1.102602 0.631295 -0.460551 -0.478226 -0.037064 1.202387 0.003766 -1.745055 0.175326 0.069560 0.683826 0.124713 0.471228 -1.114189 0.319647 1.418496 0.052924 -0.562500 -0.286544 1.824947 -0.637042 0.048181 1.901053 0.531929 -0.897638 -1.677408 -2.914648 -1.810782 0.778049 1.103359 0.352121 -0.027669 0.496611 -0.432173 0.918768 2.290804 -1.113687 0.086787 1.147314 -0.579911 -0.619989 0.657344 -0.473523 -1.009419 0.499817 1.647454 0.359280 -0.465380 0.526909 -1.202244 -0.433228 -1.416731 0.253723 -0.523364
1.204302 1.293124 1.150409 0.049551 -0.715857 1.529956 -0.968845 0.212323 0.229261 0.711307 1.295653 1.133706 1.115279 -0.333750 0.848447 0.885183 -1.903260 -0.058689 -0.271707 0.927512 0.949363 0.342343 -0.794289 -0.352699 -1.129662 0.918641 -0.136282 -2.872146 -1.169828 -0.781582 0.089519 0.320451 1.292242 1.358607 -0.798669 -1.349611 -1.815548 -2.264880 1.388449 -0.654946 0.093018 -1.857644 1.645544 -1.144959 -0.277959 -0.577072 -0.216246 -0.764368 0.955575 1.105212 0.671074 -0.927792 -0.441135 1.829309 -1.131484 -1.234618 -0.409538 1.314968 -0.323161 -0.393515 1.651445 1.519074 -1.179321 -0.694590 0.980372 0.078476 0.633835 -0.113647 0.208367 -0.291420 0.027978 1.492832 0.682089 0.717758 1.176155 0.959519 0.287428 -2.240169 -0.866990 -0.114285 0.085549 0.094172 -0.633050 -0.373022 1.120121 0.212550 -0.323650 0.395419 -0.541084 1.581255 -0.621984 -0.856056 -1.340835 -0.173381 0.346757 -1.341229 -0.561906 -0.926181 0.135740 0.009684 0.210551 -0.794198 -0.253210 0.770177 -0.190261 -0.694669 -0.504723 -1.615747 1.041941 0.746525 -1.468421 -0.401855 0.249953 0.422502 1.639087 0.360658 2.127793 -1.002873 -0.658643 0.601340 1.355862 -2.215911 -0.456383 -0.434161 0.081410 -0.903445 1.059875 -0.448558 1.716174 0.316439 -0.617061 1.511105 -0.451822 1.041169 -0.463014 -0.817856 -0.005405 1.304044 -0.169979 0.495789 1.137482 -0.164573 -0.198137 -0.038405 -2.110021 -0.908943 -0.388290 0.403367 0.105393 -1.241835 0.671178 0.415082 0.594535 -0.850158 -0.027218 -0.487268 -0.029966 -0.230580 1.542092 -1.149958 -0.073239 0.300924 -0.398626 1.171630 -1.399807 -0.048282 0.173972 -1.179885 -1.000767 0.702718 -0.003352 -1.113716 0.272940 -0.899960 0.551145 1.748077 -0.965469 0.953274 -0.201499 1.302957 -1.075290 -1.532460 0.354494 -1.494728 -0.065006 -0.418827 -0.599467 -0.506699 -0.512754 -1.331017 0.027559 -0.476180 -0.686853 0.924377 0.199961 1.814871 -0.027643 -1.135307 1.038779 0.781145
-0.928009 0.107938 -0.364174 1.200680 -0.132230 0.103356 0.231328 0.780877 -0.544971 -0.431466 0.681254 -0.607909 1.250656 0.492139 0.212189 -0.215642 -0.131860 1.764388 0.273000 -0.040522 -1.061322 -0.355596 -0.634313 0.148203 -1.162834 0.728047 -1.054401 0.185003 -0.386431 -0.896924 -0.864513 -2.592392 -0.191326 1.131529 -0.089463 -1.218260 0.827596 0.105304 0.022878 0.478217 0.268347 -0.387846 -0.152285 -0.010336 0.902153 2.116350 -0.347848 -0.085266 0.775297 0.001969 -1.829755 -0.042400 1.153861 -1.108394 1.867722 0.833014 0.998211 0.059582 -2.237667 -0.140767 -2.082971 -2.248976 1.291939 -1.885434 0.914012 -0.019103 0.589894 -0.425169 -1.951647 -1.037004 -0.589358 -0.313719 -0.322063 0.400930 1.274494 -0.158280 0.724785 -0.480896 0.164988 -1.046540 -0.331603 0.038999 -0.376769 0.645037 -0.193452 -2.457769 -1.883066 -1.263201 1.232554 -1.999809 0.256671 -2.393245 0.334111 -0.192828 2.351189 0.647153 0.385337 -1.623270 -1.519626 -0.000449 0.919910 0.403130 0.625424 -0.534961 1.026454 -0.854877 -0.132345 -1.249430 -2.252867 -0.750808 -0.440973 -0.642803 -0.274087 -0.558969 1.414029 0.599632 0.934058 -0.515547 -1.731429 -0.647158 -0.095143 -0.019220 -1.777697 1.434688 -0.376117 1.983881 -0.384535 1.473033 -1.341956 0.396364 0.087891 -0.035393 -0.449284 0.475196 0.408109 0.463435 0.202210 1.246130 0.206141 0.576993 0.374304 1.215271 -0.056087 2.226366 1.275239 -0.604050 2.011713 -0.853572 -1.896985 1.349216 0.503341 -0.686926 0.490751 0.036757 1.122981 0.238752 1.019194 -1.235621 1.341139 0.265051 0.146575 -0.468955 -0.262839 0.515382 0.225072 0.847954 0.155365 -0.566896 -0.918555 -0.274642 0.974437 1.053703 1.334136 -0.980458 0.494726 1.312530 -0.426491 -0.530786 -0.829722 0.271265 -0.625755 -1.830921 -2.322168 -0.146356 2.439757 -1.221562 0.704943 0.604954 -0.440161 -1.034034 1.616819 1.320912 0.867238 -0.316540 -0.029116 -0.172318 -1.021917 -0.759728 -1.743049 -0.483728
-0.068683 -0.112517 -1.472055 0.916739 -0.133294 0.287543 -0.230870 -0.092715 0.442234 -0.681929 -0.093122 -0.566425 -1.707863 0.481029 0.241532 -1.078133 -0.465189 -1.152243 0.049236 0.514053 0.697895 -0.221469 2.085902 0.338200 1.355229 -0.779618 -0.338165 1.064151 0.359330 -0.615484 -0.575615 -0.646794 0.590715 -0.562492 -0.390825 1.052372 -0.563837 1.805934 1.175288 -0.113273 -0.374339 -0.605684 1.605961 -1.631573 0.766504 0.674277 0.291796 0.397179 -0.225417 0.040867 -1.382810 0.642865 -0.540843 -0.180434 -1.321399 2.130719 -0.005196 1.569071 0.173696 -1.295984 -0.006803 -0.312858 0.440806 0.278057 2.409111 -0.464079 0.147705 -0.993090 0.327512 0.070352 0.228574 -0.666085 0.950028 -1.582261 0.927361 0.898843 0.238248 -0.422739 -0.756582 -0.758095 -0.560611 -0.012808 1.490427 0.194659 1.259861 0.911062 1.705512 -2.626460 -0.314232 -1.474122 -1.095970 -0.008589 -0.313135 0.321246 0.641532 -0.592834 1.717772 0.722585 -1.132668 0.585420 -0.390737 -1.638157 -0.143546 0.322846 -1.846092 -0.045446 -0.702464 -0.944246 1.283428 -0.746019 0.042178 -0.913727 -2.097561 -0.753444 -1.192736 -0.005671 2.409422 -0.570314 0.247117 0.834592 -1.423399 -0.578925 -1.060007 0.144583 0.841140 0.575216 0.050453 0.416985 -0.671608 -0.064651 1.926731 -1.234247 1.014810 -0.033377 -0.420119 -1.869667 -1.074824 -0.944138 -0.133870 1.089559 0.787609 -1.390882 -0.302219 -0.820670 -0.876448 -1.761387 0.841839 1.105533 0.184567 -0.301873 -0.360070 -1.063622 -0.068237 0.687810 -1.173046 1.482013 -0.079970 0.969031 1.159917 0.136898 0.404373 1.512980 1.356790 0.565626 -1.734103 0.729786 0.601082 0.645455 1.355024 -0.488154 -0.364049 -1.219159 0.137496 0.912143 0.758170 1.472399 0.539670 1.698776 -0.162794 0.740288 1.414179 0.689257 1.069366 0.587297 0.497573 0.798293 -1.121639 0.335018 2.010614 -0.768218 1.440759 0.406938 2.138113 0.419098 -0.404288 -0.131373 0.422548 -0.323743 0.003787 -1.494064
0.554095 -0.125625 0.514828 1.744606 2.600440 -0.780376 -1.356016 -0.143380 -1.684899 -1.496251 0.715012 1.611172 0.283967 -1.089715 0.870708 -0.503556 0.756413 1.241432 0.608831 0.853097 -2.032659 0.155779 0.521330 0.882243 0.604667 0.591994 0.452028 -0.687099 0.695304 0.236025 -1.948059 0.176351 -0.585700 -0.533358 -0.544322 -0.196582 -1.431365 -0.394793 -0.388472 1.245882 -0.093118 2.830582 -1.005025 -0.064032 2.094207 0.964966 0.249968 0.243408 -1.057065 -1.743790 1.728360 1.158024 -0.346419 0.040043 -1.581006 -0.463243 -1.549852 0.843963 0.219635 0.836987 0.527665 -0.224104 1.010186 0.413407 1.575861 -1.196904 -0.493089 -0.498842 1.707022 -0.592914 -1.590067 0.312025 1.357737 -0.863214 1.100800 0.787252 0.505807 -1.537799 -0.547052 1.461037 -0.686231 0.849749 -0.584710 0.857280 -0.777873 0.248048 -0.401712 1.246266 0.550569 0.309727 0.453161 1.030831 0.828687 0.646139 -1.723407 -0.499679 0.677179 1.740734 -0.485102 -0.875055 -0.375642 0.460313 -0.507240 0.110168 -1.006317 -0.233489 0.445916 1.493318 1.278743 -0.202452 -0.047371 0.468875 -1.196693 -0.750284 -0.750842 -0.661810 0.957127 -1.114748 -1.537619 -0.258228 -3.495908 -1.569757 -0.362872 0.804431 -0.588291 0.179109 -0.490100 -0.401737 -0.186971 0.358061 1.519019 0.750370 0.047337 0.546190 -2.204467 -1.366831 0.844650 -0.051598 -0.016778 0.265011 2.358672 -0.000284 0.082976 0.476742 -0.729601 0.530694 -1.497947 2.447586 -0.059545 2.151702 -0.429594 -0.345920 -0.596649 0.212558 0.316028 -0.426847 -0.475040 1.103872 -1.637361 -0.041721 -0.172933 1.160810 0.114693 -0.850534 0.127474 1.078390 -0.392423 -0.678028 -0.706081 0.566402 0.557474 -1.819062 1.326982 0.079869 -0.754577 0.243035 0.273792 0.104915 1.067042 -1.111091 0.494181 1.223776 -1.571615 -1.036116 0.992444 -0.946172 -0.295044 2.457687 0.535690 0.271450 0.944604 -0.403388 0.207728 0.624454 0.615210 -1.231226 -0.853161 -0.780841 0.058437 1.580719
0.783269 -0.576762 0.121390 -0.570843 0.219613 1.294739 -0.665008 0.488717 -1.568544 0.338507 -1.059028 -0.781430 -1.219557 1.530027 -0.069687 -1.514196 1.528069 1.499510 0.193200 -0.649296 0.459612 -0.919671 0.198326 -0.785912 0.552173 -0.096545 1.076225 -0.663957 0.633112 0.949561 1.891525 -0.431310 0.112980 1.635157 -1.004025 0.106893 -1.517581 -0.047886 1.620772 -0.753844 0.240904 -0.722469 0.626091 0.568915 -0.167087 1.689918 0.925915 0.557382 -2.035985 -0.443055 -0.254852 -1.058253 0.881442 -0.207918 0.051456 -1.874206 1.123300 2.893319 -0.454564 0.101224 -0.584481 -0.803094 0.878474 1.551936 -0.244279 0.024490 1.053802 -0.536393 0.507134 0.291012 -0.800599 -2.302390 -0.234827 0.086533 0.489626 -0.981904 0.223410 -0.752549 -1.022961 -0.353282 -1.069548 -0.237963 -0.852746 -0.461042 -2.638506 -0.883884 1.714108 -1.071205 1.062271 0.812840 -2.128413 -0.012040 0.987172 -0.254583 -0.559052 -0.593670 -2.470023 -0.945135 -0.324696 2.556234 0.865524 -0.898814 0.231624 1.491826 -2.410674 1.041462 -1.628364 0.751299 -0.783182 -0.316996 0.405953 2.404830 1.576161 -0.362140 0.352647 -0.923382 -0.501524 1.328460 -0.016550 0.804959 -0.805890 0.362794 -0.994975 1.175213 -0.548197 0.040650 1.751375 -0.030270 -0.500489 -0.455809 0.657691 1.186048 1.128416 -0.330042 0.511451 0.233038 0.773985 -0.354493 0.250371 1.396900 0.842486 -1.333975 -0.884350 0.947724 -1.255164 0.112402 0.776785 0.063280 -1.090651 0.261015 -0.972098 1.066975 -0.705016 -1.637511 0.981438 0.384083 -0.524594 -0.002154 0.067361 0.563135 -1.491321 -1.754922 -0.534785 1.155813 -1.294910 -1.544674 0.781079 0.633444 1.393094 1.426456 -2.454698 0.749873 1.554102 1.346388 -0.354407 1.219539 1.039203 0.764173 -0.552484 0.209223 -0.091244 -0.153274 0.087618 -1.346200 0.457649 -0.035958 0.766834 0.583212 -2.210473 -1.517962 -0.427441 -0.708289 0.140735 -1.899522 0.663657 0.034669 0.466548 0.958879 1.172353 0.953362
1.512194 -0.183199 -0.166314 -0.160229 0.555449 -0.003982 -1.260231 0.123851 0.031379 -0.020517 1.214186 0.196690 0.472319 -0.386170 0.632060 0.369793 1.288577 -0.840642 -0.606495 0.440682 1.667132 1.053605 -2.428913 -0.332147 1.197340 0.329995 -1.232215 -1.789705 0.929919 1.233579 1.441644 0.571934 -0.263919 0.415951 0.876358 0.177005 1.910497 1.710970 0.195664 -1.333902 -1.288184 0.702597 -0.112864 1.171596 0.679095 1.188104 -1.035434 -0.556546 0.029533 0.275860 -0.712379 0.812611 0.985167 0.538229 0.867842 -0.381628 1.461733 0.426080 -1.206409 0.769092 0.391496 -0.219873 0.911966 0.159620 0.012426 1.734306 1.052183 -0.404890 -0.339126 -0.768860 0.488202 -1.614007 -0.033781 1.039916 0.704739 0.190035 -1.648227 -0.257938 -1.414275 -1.157879 -0.033266 -1.012968 -0.394403 -0.047698 -0.564253 -0.498219 -0.978030 -0.187092 1.714420 -0.796732 0.411216 1.120601 0.776149 -0.586811 -1.235005 -1.620066 0.093870 0.440547 -0.830123 1.827779 -0.076776 -0.403501 0.073280 1.199433 0.336741 -3.008086 -0.585600 -1.439249 -0.123380 -0.593102 0.458811 0.339066 0.320088 0.359709 -0.687530 -0.678873 0.138485 0.529761 0.510475 -1.442186 1.164204 0.263097 1.812683 1.242178 -0.084669 0.227063 0.747303 0.125048 -0.086370 -0.174552 0.891092 0.639007 0.407978 0.290766 1.124851 -0.102628 0.211753 0.947217 -1.515884 -0.212983 -1.235828 -0.536174 1.406918 -1.040944 -0.804445 0.783282 -0.256789 1.962472 0.212090 -0.164798 0.427361 0.621139 1.351631 -1.127246 1.138614 1.420592 -0.583723 1.112168 0.743413 0.616823 2.710686 -0.237635 -0.682316 0.238423 0.702541 0.620781 -0.577809 0.015212 -1.821767 1.130880 -1.293946 0.716358 0.069994 0.752460 -0.156837 1.002215 0.146233 -0.247469 0.636563 0.296766 1.880460 -1.471825 -0.126316 -1.055092 -0.948468 -1.117665 0.329877 -0.646034 -0.945955 1.024240 -1.077931 1.774189 -1.009781 1.155082 0.203475 -1.504843 1.798230 -1.137830 -0.359151 -1.806594
0.253442 -1.823499 -1.524559 0.980586 -0.243376 -1.625833 0.754371 -0.883343 0.795947 0.078238 0.336335 -0.904990 -1.133565 0.716585 -0.417510 0.121600 1.256501 -2.080301 -0.683430 -1.468177 0.250258 1.809547 -0.593806 0.340051 0.459045 -1.620448 0.462773 -0.352350 -1.089061 0.801045 -0.707168 0.278175 -0.292338 -0.007831 1.374581 1.735031 1.567609 0.021006 0.613855 0.882257 -0.416495 -0.024857 -0.258894 -0.959622 -0.929477 1.275783 0.365470 0.273647 -0.089293 0.759026 0.328592 -1.427218 1.815516 -0.690606 1.020362 1.263184 -0.765673 -0.139550 0.277582 -0.362761 -0.498255 -0.109829 1.578298 -1.401144 1.752372 -0.079219 2.196647 1.213802 1.416880 -0.585448 0.943602 -2.266567 0.212867 -1.007093 0.821155 -2.406603 -0.595221 -0.131049 0.205891 -0.968638 0.510655 0.786784 -0.804289 0.067619 -0.523337 -0.345115 -0.278638 1.509512 -0.864192 0.538891 0.031275 -1.060036 -0.672096 -0.227979 0.243535 -1.539022 -0.434194 1.344334 -1.322023 2.052883 0.092866 0.417943 -0.720684 1.244380 -0.649134 -0.056057 -1.120923 -1.618668 1.790742 -0.773006 1.655121 -1.840145 0.468656 0.096381 0.938415 -2.255418 0.245977 0.002302 1.202739 1.623031 0.142040 1.546723 -0.370971 0.366570 -1.664768 0.893014 -0.637312 0.705885 1.089463 -0.316261 -0.667565 0.961161 0.287468 0.039975 0.228913 -0.822315 0.811428 -1.131827 -1.775426 0.451559 -0.639119 -1.726521 -1.130463 0.812334 0.961567 -2.425268 -0.241057 -1.162823 1.270534 -1.131945 0.330293 1.312656 -0.611556 -0.042040 0.584340 0.190288 -1.334817 0.726129 1.728813 1.101141 -0.058375 0.670937 0.436434 0.760405 -1.304438 1.060766 0.963840 -1.193161 0.145540 -0.126458 0.309354 0.128834 0.902338 -3.123281 0.974280 1.451603 -0.131840 1.889454 1.024300 0.885674 1.473132 0.811898 -0.002221 -2.015920 -0.274344 1.177877 -1.318824 -0.422567 -0.271930 -0.960603 0.173111 0.899142 0.027071 1.726559 -0.482130 0.201766 1.514188 -0.130146 0.146363 1.286046
0.046359 0.211275 -0.030094 -1.710267 -0.209067 0.115265 -1.165266 -0.018998 -0.839103 -1.030332 0.944083 -0.177305 -0.057216 -1.285440 -0.139349 -0.017367 -0.297656 0.885228 0.450339 -0.312314 -2.204232 1.950417 -1.410219 -2.622377 -0.839972 0.776515 0.350939 -0.250873 -1.371177 2.158402 1.331543 1.111249 0.502855 -0.908014 -0.079240 -1.086062 -1.792025 -0.068495 -0.014640 -0.652468 1.977113 -0.439909 0.697803 -0.520776 -0.390894 1.615988 2.361711 2.623912 -0.280508 -0.065004 -0.454771 -0.812536 -1.330625 1.484897 -0.808359 -0.101330 0.496362 -0.631658 -2.014463 0.007662 -1.022951 1.323544 0.201875 1.428573 -0.551154 1.023224 -1.178608 1.313002 -0.107951 -0.196756 0.452029 -0.729544 -1.634397 -1.254826 -0.593757 -0.609512 0.809101 -0.153767 -0.382134 0.925399 -1.324875 -0.610533 -0.621439 0.502113 0.268843 0.125424 0.078340 -1.821639 0.008474 -0.775864 -0.631189 -0.788393 0.881492 0.951673 2.060310 0.397923 1.764049 -0.038772 1.228479 -0.550839 1.355780 0.156216 -1.171822 -0.305002 0.781790 -0.430397 0.487879 0.449163 -1.108641 0.601168 0.008049 -0.962978 -1.532612 0.261008 -0.620859 3.239684 -0.586474 1.018260 0.797447 -0.646507 -0.327869 2.243776 -0.634323 -1.295383 0.512206 1.267184 -0.295723 0.950904 2.040540 1.020773 0.371529 1.218815 2.074430 -0.108785 0.894096 -1.548184 0.600685 1.584550 0.190177 1.136866 -1.590358 1.674099 0.074676 0.504867 0.451599 0.027403 -0.237178 0.730531 -0.392190 1.155237 -0.354378 -1.509354 1.148340 -1.833750 0.766594 0.235964 -0.930004 -0.527688 -1.295886 0.414141 0.823017 0.861541 -0.985382 1.327734 -1.479045 0.556295 -0.457907 -0.200516 -0.475248 0.821072 -0.612999 0.169093 -0.362135 -1.173424 -0.910205 0.398368 -1.933429 -0.471645 -0.402546 1.019551 -0.301487 -0.628064 0.770834 -1.134574 -0.637100 -2.590315 0.734817 -1.424488 1.591341 -0.778445 0.888345 -0.532841 -0.006234 -1.071219 1.233616 0.898407 0.100738 -0.006011 0.105815 0.767043
-1.108994 -0.724458 -0.601044 0.576046 0.535052 0.185897 0.238764 -0.872067 0.612149 -0.883678 -0.655163 0.457288 -0.051218 -2.006012 0.714837 1.070432 0.919921 1.329123 0.727572 1.555112 -0.463872 1.438403 -0.762580 0.210224 0.491434 -0.324697 0.649593 -0.567663 1.040294 0.607926 0.223001 0.628519 0.524421 -0.815962 0.423201 0.040197 -0.651277 1.652217 -0.490758 0.014665 0.144668 -0.184514 1.692177 -0.071435 0.451675 -0.263689 0.006792 0.288785 0.135954 0.153978 0.977230 -1.254288 1.076648 -1.361641 0.575146 0.659895 -0.890999 0.730301 0.465841 -0.005602 0.761389 -1.104468 0.629706 2.330950 -0.615547 -0.938921 0.617987 0.426750 -0.568663 -0.786049 0.097874 -0.674847 -0.421679 1.028095 -1.334402 -0.274118 -0.417393 -0.256582 -0.499887 -0.229931 0.858236 -1.820915 0.444270 0.159786 -0.216241 0.714145 0.634755 0.460540 0.383800 0.063147 0.608278 -0.159246 0.586563 0.288870 -0.174429 0.389964 0.640425 -1.292703 0.276232 0.697319 1.366122 0.159965 0.345843 -1.768006 -0.685745 1.226794 -1.323369 -0.596506 -1.088092 -0.361437 -0.631488 1.155472 0.341711 -0.612022 -1.040083 -1.706620 -0.703765 0.018874 -0.415366 -0.264847 0.277864 -0.842804 0.529930 1.716240 -0.697586 -0.263184 -0.721442 -0.285373 1.257118 -1.010180 -1.414615 0.173567 0.850817 -1.055303 -1.509355 -2.639935 -1.231690 -0.309430 0.857547 -0.874993 0.551307 -0.609257 0.074016 -0.265847 -0.606262 0.164459 1.702442 -0.050133 -0.831286 2.132949 -0.483828 -1.558838 0.115167 -0.581663 -0.456495 -1.948331 1.260236 0.531309 -1.234630 -0.847681 -1.564349 -0.178234 -0.299344 0.014744 1.472934 -0.245414 0.741244 1.542728 -0.530339 -1.019334 -0.051218 -1.526217 -0.900809 -0.659955 0.048399 0.037577 0.885720 2.211592 0.348554 -1.509889 1.925160 -1.647725 -1.607315 0.402725 -0.419686 0.002794 -0.681088 -1.226629 0.585132 1.049272 0.301173 0.356420 -1.124429 -1.010758 -0.988534 -0.727059 0.862424 -0.647720 0.808139 -0.260118
-0.380467 -0.055931 -0.328988 1.699035 -0.081279 -0.050165 -0.548675 0.243363 0.909656 2.051016 -0.152767 -1.317710 -1.017800 -0.666479 -1.325168 0.499205 1.058682 0.374157 0.894942 -1.517515 0.131408 -0.756597 0.156633 -0.708635 -0.284977 -0.916654 -0.066814 -0.787538 -0.629774 -1.688956 0.554703 -0.667213 0.485640 0.062051 -0.664770 0.496512 0.256802 0.404591 1.683499 1.780654 -0.500357 0.362810 -0.071063 0.451097 1.531295 1.801540 -0.434940 -0.801167 -1.136181 -1.429831 -0.688504 0.007610 0.335225 0.345840 -0.761929 -1.384705 0.730555 0.000723 0.416140 -1.691819 -0.279367 1.129582 -1.094791 0.870989 0.756417 0.810011 0.194203 -1.114688 -0.316000 -1.336020 0.138047 1.058452 -0.814257 0.470347 -0.320354 -0.253144 0.764871 -0.052166 0.397595 -1.642142 -0.580441 -1.055858 0.117110 -0.770464 0.363985 1.096766 2.129277 0.033035 -0.506100 0.201377 1.554420 -1.236045 -0.639920 0.801104 0.704663 -0.419726 0.895543 1.992721 -2.067640 -1.297594 0.430609 -1.140168 0.125584 -0.054875 0.546096 -0.982407 -1.617058 -0.947036 0.849066 0.957383 0.648711 -1.026562 -0.083132 -3.233790 0.718772 0.057894 -0.759277 1.127623 -0.666782 2.606321 0.374050 1.249432 -1.117716 -0.930388 0.134422 2.545254 0.054885 0.022550 0.195848 0.822313 0.883862 0.921418 0.051053 -1.282574 -0.478284 -0.433629 0.480139 -1.651538 1.552808 0.128614 -1.095505 0.075952 -0.704201 0.795710 0.652315 0.464436 -0.724261 0.072635 0.683939 -0.718439 -0.799916 0.555215 1.386851 0.511556 -0.435551 0.180145 0.829330 -1.306490 -0.023666 0.584456 -0.818481 -0.843341 2.092020 -0.134656 -1.081238 0.696330 0.238420 -1.286937 -0.282442 -0.281627 1.972637 -1.487208 -0.199457 -0.075821 0.255341 -0.307305 0.316398 -1.563156 0.630723 -0.735356 0.464791 -0.633062 0.559058 -1.231336 -0.562584 -1.580504 1.312777 -0.787370 -2.775814 -0.779720 1.970848 0.139003 0.199109 -0.414077 1.049939 -0.750868 1.060474 -1.384834 0.328792 0.618568
-0.148150 1.720681 -0.424973 -0.845107 -0.646949 1.348481 0.940377 -0.550334 -0.028059 -1.234039 0.331809 -1.009884 -1.388373 0.160936 1.294250 -0.248635 -0.992158 -0.657454 1.655625 0.257714 0.498716 0.454547 -0.391076 0.255264 -0.312035 1.165645 1.647680 0.645621 -0.254279 0.188315 1.583487 0.718154 -0.605564 -1.090862 1.101738 -0.582918 -0.519207 0.747234 -0.627341 1.077670 0.952203 -0.415049 -2.445410 -0.458570 1.437181 -1.010940 -0.602014 -1.978146 0.009859 0.974158 1.282510 0.057642 1.212817 -2.690816 1.750392 -0.209554 1.311075 0.715713 -0.745273 -0.295359 -0.907796 0.642474 1.697139 0.439848 -1.195426 2.646108 1.881450 0.648157 0.402030 0.400471 1.349858 0.608140 0.882047 0.816527 1.286805 -2.573383 -0.355656 1.521924 0.557099 -1.018448 -0.706929 0.093017 -0.087685 1.803852 -0.303711 -1.718274 -0.670648 0.137088 1.180192 0.898958 -0.978279 2.148292 0.590305 1.398164 -0.028434 -0.795462 0.511408 -0.310960 0.281552 -1.562924 0.950575 0.437003 1.081247 0.439699 -0.547741 -0.816528 -0.598941 -0.711204 1.514910 0.559094 -1.139235 0.703955 0.876131 -1.093463 -0.152816 0.230116 -0.517929 -1.549608 0.358568 -1.247919 1.221822 -0.838439 -0.036615 1.689977 -0.065188 1.802286 -1.341393 0.500124 0.669710 0.280481 0.312180 1.279867 0.498217 -1.015591 -0.541760 -0.587618 -0.627252 -0.807861 -0.001707 -0.973309 0.133722 -0.674099 -0.105926 1.102869 -0.931468 1.538107 -1.428291 1.652417 -0.575884 -0.792721 -0.610745 -0.324788 -0.662587 0.063788 -1.053783 -0.003358 0.273200 0.500399 -0.410615 -0.805175 -1.083259 -0.750779 0.638696 -0.663353 -0.111340 0.478259 -1.911453 0.232857 -0.755968 0.183890 -0.855738 0.938467 1.019287 0.154522 -0.791536 -0.315483 0.472448 0.501197 -0.043639 1.059331 0.861077 0.291903 0.101275 -0.619124 -1.124408 -0.512980 -2.284943 0.687402 0.442851 -1.049197 0.861700 -0.661397 -0.107910 0.590244 -1.219814 -0.288638 -0.322028 0.547742 0.453753 2.933659
-0.062320 0.580348 -0.137161 -0.818004 -0.507501 -0.120639 -0.494191 -0.657178 0.768296 -0.075333 -0.323494 0.508278 -0.971673 -0.387111 2.203096 1.173347 0.813603 -0.215273 0.022289 -2.241817 -0.748647 1.253897 0.724337 0.944163 -0.143019 2.139843 1.980798 0.781259 -1.949092 -0.801992 1.402461 1.266907 0.669660 -1.723356 -1.344283 -1.077754 0.698774 -0.035453 1.206033 0.041124 -0.427131 0.599890 -1.407690 -0.734471 2.368284 0.670115 0.118932 1.584834 -0.786734 1.599067 -1.131773 -0.631514 0.286913 1.059334 0.648450 -0.440175 -1.346627 -0.100501 -0.001820 1.295153 0.521162 -0.588191 0.535816 -0.095256 -2.198758 1.030594 -1.018778 -1.893887 0.463329 0.687403 0.527985 1.104501 -0.031772 0.030540 0.370154 -1.790680 -0.687055 -1.348553 0.467995 0.004829 -0.447252 -0.931586 -2.432498 -0.985787 0.177001 -0.600414 -0.173342 0.279300 -0.141819 -0.983712 0.342946 0.089053 0.967549 1.170014 1.736150 0.626434 -0.660470 -0.407788 1.591643 -0.720080 1.384152 -0.011328 1.125464 -0.913737 -0.667785 -0.297609 -1.038158 0.405828 -0.092401 -1.127938 0.614973 -0.191509 0.720191 -0.149019 0.992832 0.438010 -0.162334 -1.349686 0.873507 -0.197831 0.181166 0.171219 0.162415 -0.133878 0.620089 1.258273 0.204362 -1.579084 0.337468 -0.601919 -0.659113 0.909275 -1.061198 -0.348506 -0.501786 0.034394 1.354406 0.563264 -0.035907 -0.697046 0.189316 1.178189 -1.789372 0.103753 -1.980051 -0.439885 -0.881755 0.278183 -0.590166 1.953227 0.845429 -0.587608 0.195301 0.244170 -0.131548 -0.237315 0.656163 -0.494670 -0.511124 -1.649633 -0.409418 -2.151617 -0.376641 -1.548337 0.857952 -0.649810 -2.605963 0.143008 0.612416 -0.334361 -0.427329 1.672256 -0.893866 -0.669339 1.434479 -0.504822 -2.163985 0.185678 0.830830 -1.274838 -0.583400 0.150981 -0.654179 -0.080378 -0.508033 -0.313943 0.707896 1.010247 0.120313 -0.229522 1.329838 -0.432936 -0.492754 -0.424199 0.094903 0.093247 0.972500 -0.267117 0.333230 -0.270852
-0.109413 -0.804516 -0.719959 0.795334 -1.280966 1.600462 2.059685 1.309551 -0.549555 0.731986 0.294277 0.369008 0.025165 2.999317 -1.490354 -0.024746 1.985779 -0.915371 -0.687790 -1.024659 1.290681 -1.131459 0.918333 -0.160624 -2.221084 0.121050 -0.688656 0.029887 0.523259 -1.273725 -2.266031 0.637260 -1.032475 1.468126 -0.023060 1.337317 0.150625 1.746079 -0.199931 -0.180813 -0.022782 -0.161117 0.202479 -0.348404 -0.604401 -0.411905 -0.175026 -0.630342 0.278320 0.862595 -0.560790 -1.013941 0.028405 -1.029394 1.742085 -0.024438 -0.898897 -1.187447 -1.262212 -1.026836 -0.627661 -1.534573 0.659344 0.350544 0.110472 1.323595 -1.143749 -0.081068 0.481301 0.964809 0.696689 0.527720 0.639791 0.541100 -0.652770 0.028893 -0.131696 0.165759 -0.283550 0.386683 -1.564073 -0.642887 0.980165 0.192194 0.663884 -0.986769 -0.012034 -0.999476 0.931976 0.064434 -0.252752 0.556751 -1.067432 0.730187 -1.218805 0.257633 -0.265262 1.067901 -1.061789 2.021035 -1.612885 0.732610 -3.687931 -0.827016 -2.080221 0.162111 -0.532459 1.498313 0.877762 0.328215 -0.090385 0.405625 0.545595 -1.603777 1.092974 0.909095 0.983627 0.356131 -0.315652 1.037194 -0.547736 1.974483 1.376092 -0.843185 -0.829307 -1.847480 1.130584 0.784050 0.210855 -2.067610 1.781936 -1.284267 2.018722 2.773344 -1.228840 -0.389858 -0.366330 -1.118539 -0.041473 1.212380 0.718844 1.564547 -1.023574 -0.384458 0.806040 0.978590 -0.529401 -0.030042 0.410949 0.240703 0.783858 -1.047536 -1.213673 -0.029946 -0.686637 0.622626 1.530747 2.027692 -0.458210 0.306189 -1.957550 1.072584 -1.089761 1.011978 0.153192 0.136249 -2.666545 0.318636 0.836224 0.098178 0.501671 -0.404613 1.030173 1.761695 -1.784070 -0.381292 -0.064055 -0.615876 -1.697474 0.607703 -1.222536 -0.812785 -0.355480 -0.702120 1.212805 -0.705304 1.070734 0.596468 -1.502554 1.406062 0.765301 -0.904809 -2.065532 0.665102 2.070941 -0.135612 0.011993 0.564128 -0.576521 -1.281800
0.346240 -0.937481 1.423260 1.885106 -0.690997 0.417136 1.969992 2.168339 -0.619005 0.149211 0.925429 1.175933 -0.900613 -0.801404 2.822845 -0.828757 1.268540 -0.241750 1.371177 0.672424 0.256638 1.469628 0.109913 -0.125393 0.155847 -0.780390 0.450029 -1.297430 -1.365899 0.510492 0.439163 -0.807133 0.519152 0.151582 1.141098 1.109090 0.227403 0.943035 -1.077746 -2.367404 1.957199 -0.435679 0.106181 -1.168771 2.028376 -0.683383 -0.905223 0.003771 -0.177237 -0.076027 -1.310996 0.025749 0.126504 0.532316 -1.301057 -1.850465 -0.352817 -0.970666 1.388435 0.904530 -1.361604 -0.093054 0.675736 -0.410097 -1.259898 -1.175806 0.796508 -0.182092 1.452594 0.194089 -0.635944 -1.148141 -1.370894 -0.408028 -1.595183 -1.435504 -0.482979 -0.969341 -0.962283 0.204000 -1.993702 -0.139615 -0.278521 0.254489 -1.355855 0.808671 -2.333331 -1.035251 0.841504 -1.299659 -0.213855 0.787704 -0.930198 -0.460246 0.710307 -2.509565 -0.676556 -1.449258 0.536305 0.540465 -0.228276 -1.054639 0.086465 -0.006919 -0.953138 0.295052 -0.366951 0.691536 -0.762391 0.565551 0.488333 -0.220494 0.755675 0.860873 1.780159 -0.577006 -0.764131 0.131771 0.400944 -0.056911 -1.740597 1.327471 0.058536 -0.632797 -1.288415 -0.717531 0.556168 0.065654 0.736301 3.014015 -1.739919 -0.965865 0.635746 0.160662 0.844914 0.115832 1.142717 -0.417304 0.799904 -0.124131 -0.771637 -1.826381 -0.470067 -1.500691 0.404375 -1.961494 1.826065 -0.555198 -0.605103 -0.850208 -0.583848 -0.536592 1.361009 -1.779379 1.316057 -1.440278 0.428324 0.433090 1.438798 0.360401 -0.496562 0.818549 2.066838 -0.827397 1.898955 1.004011 -0.650430 -1.600353 -1.610470 0.672597 -0.000964 1.109739 -0.620890 0.316702 -1.673071 1.021393 -0.646395 1.719248 -0.492161 -1.382965 1.384793 -1.363149 -0.455824 0.679074 0.811548 0.309396 1.484146 1.000378 -1.299396 -1.614374 -0.416007 0.364862 -0.776807 0.487416 -0.147514 1.805072 -0.396608 -1.027278 -1.263608 -0.272852
-0.488285 -0.851041 1.163530 -1.376043 -1.837660 2.003526 -1.115722 -0.975109 1.560673 -0.318007 0.805457 0.511138 0.676880 1.628886 -0.266227 2.326805 -0.328553 -0.656042 -0.431415 -1.194520 1.337980 -0.622926 -1.152028 -0.079876 -0.659717 -0.040490 0.231890 0.940356 0.685200 -1.463773 0.040823 -1.060154 1.248057 0.195598 -0.594946 0.464954 -0.286586 -1.417733 1.033575 0.889106 0.920413 -0.105893 -0.330795 1.231483 -0.532237 -0.408186 0.146674 2.406751 -0.451028 -0.134748 0.111319 -0.289617 0.572500 -1.203490 1.192953 1.198993 -1.235413 -1.627333 0.149354 -0.905109 -1.206509 0.730050 0.936537 1.846326 1.488662 -0.170912 -1.111253 -1.729040 -0.529841 -0.284268 1.068855 -1.419560 -0.010341 -1.680273 0.642068 1.075132 -1.209505 -1.167797 -0.339767 -0.354873 0.147495 -0.526498 1.598999 0.501642 -1.720540 1.176213 1.232887 0.479476 1.390424 0.812612 -0.625104 1.187466 -0.760289 -0.072698 0.779532 -1.049608 -0.459776 -1.044643 0.925864 -0.341001 -0.242191 0.209419 1.382013 -0.973881 2.138342 0.511007 -0.996103 1.368196 0.607967 0.279598 0.353824 -1.167531 0.097120 2.203117 -0.263323 0.437973 -1.321888 -0.630578 0.264600 -0.338583 -0.486206 0.271295 0.564181 0.812257 1.247921 1.213874 -2.550114 -1.639283 -0.904127 -2.090312 -0.796406 0.165047 -1.774796 1.751110 -0.989562 0.121720 0.564235 -0.671122 -0.334540 -0.013603 0.017332 -0.336634 1.020120 -1.066605 2.719872 -0.651367 -0.103667 -0.072909 -0.296517 1.224475 1.771185 -0.620738 -0.514054 -0.200572 0.041194 0.716768 0.020808 0.231314 2.157012 0.383166 0.923550 -1.166143 -0.683851 -1.070738 -0.362182 -0.447171 0.608904 -0.304840 -0.771220 0.629975 -0.966769 -0.392868 -0.074374 0.848106 -0.144259 0.414471 1.459819 -0.483733 0.095631 1.204917 0.472474 -0.517983 0.570644 0.659049 1.708713 -1.938311 0.320243 1.830357 0.563048 -1.554270 -1.404822 -1.569797 -0.194957 0.908342 0.806829 1.251867 0.521028 -1.273174 0.891034 0.363472
-0.285920 -0.941007 1.136364 -0.569909 1.098322 1.302031 1.342247 -0.058544 0.183306 -0.558227 -0.030215 -0.527412 -0.036486 0.808923 1.051682 -0.274557 0.423689 -0.009171 1.003638 0.685259 -1.209327 0.548938 -1.812266 -0.585545 -0.232939 -0.110723 -1.946543 -0.181853 0.113936 -0.357799 1.288542 0.941627 0.011668 0.540739 1.136822 -0.420175 0.220975 -0.512471 -1.290982 -0.197158 -1.142389 -2.463245 0.600879 -0.882129 1.028007 0.397857 -0.405227 0.417808 0.520453 -0.336834 0.617639 -0.214296 0.574964 1.681343 -0.184990 -0.726899 0.194595 1.106287 -0.717504 -1.201689 0.466752 -0.115006 0.744456 -1.142444 -1.342327 -0.504041 0.573369 -0.837114 -0.076676 -0.189050 1.615543 0.852006 1.532636 -0.654952 -1.329420 1.317367 -2.447060 -0.570485 -0.675044 0.180570 0.014613 -0.535308 -0.553095 -0.086271 0.723296 -1.600879 1.323813 0.614478 0.870775 0.375288 0.564135 0.065825 -1.761383 -0.567873 1.313640 0.646834 -2.490165 0.331261 -0.293988 1.042237 0.690630 0.335257 1.030811 -0.234402 -0.490422 0.971623 0.951967 -0.336998 0.855327 0.136266 0.107792 0.126513 1.273631 -0.414293 1.451875 -0.754293 0.799964 0.542860 -0.901871 -1.891649 -1.051090 -1.162360 -0.483927 0.699838 -1.238332 0.324561 0.789573 -1.064243 0.373093 0.191260 -0.879792 1.304148 -0.447794 -0.060283 -0.110148 -0.472516 -0.454424 1.096577 0.021697 -1.053134 -0.721396 1.350694 0.195105 0.598173 -1.563233 1.145164 1.304245 -0.077325 -0.030409 -0.142357 -1.377821 0.238323 0.950186 0.772516 0.288555 -1.330206 0.857531 -1.816765 -2.193072 0.310130 2.113270 1.229944 0.247143 2.578943 0.018835 -0.451129 -0.155589 -0.329810 -0.713537 -0.780621 -0.180573 1.818464 -0.576259 1.063018 -1.910747 0.160781 0.343129 1.235263 0.928931 -0.478839 0.190375 -0.291366 1.086721 1.402156 0.453991 -1.153008 0.434240 0.922079 0.393700 -1.791138 -0.750842 -0.822593 0.480252 -1.998893 -1.575468 -1.335131 0.367786 1.144943 1.138802 0.179642
-1.002723 0.198524 0.414982 -0.299437 0.361676 -0.807701 1.034479 -0.108479 -0.175855 0.138610 -0.455243 0.308773 -0.663697 -0.435438 -1.776183 -1.797616 0.416918 -0.186938 -0.969314 0.709483 -0.623116 -0.505173 0.417021 0.307484 -0.277655 0.366792 -1.006918 0.036517 0.274249 0.141705 0.566974 -1.391816 -0.590131 1.407582 -0.115050 -0.924394 1.091180 -1.137197 -0.067391 0.976606 -0.398847 -0.143074 -0.597411 1.514147 0.336967 0.038144 0.824090 0.673071 -0.208992 0.192655 -0.341224 0.808158 0.230571 0.593683 1.355628 0.690765 -0.298962 -1.917037 -1.545574 0.598144 -1.219157 -0.149230 0.435843 -1.499599 -1.124649 0.251864 -0.053689 -0.634143 -0.359320 -1.045644 -1.790103 -0.049479 0.472906 -0.085191 -0.668906 0.112655 0.417808 -0.685472 1.153003 1.518956 0.470451 0.671563 1.013124 0.947038 -1.965402 -0.798420 -0.654397 -0.821172 0.258088 2.050759 0.192355 0.656029 -0.352052 0.393243 0.381656 0.794974 -0.689079 -0.783915 1.516641 0.356785 -1.560990 -0.603167 -0.072525 1.397100 -0.501627 0.992665 -0.776259 1.388918 0.434508 2.231895 0.832797 -0.860493 -0.538514 1.055619 -1.098022 0.905371 -0.315450 0.153343 -0.894113 0.916713 -0.805393 -0.362830 -0.973527 -1.380096 2.015805 -0.308962 -0.010644 -0.940181 -0.420246 1.087671 -0.709355 0.158961 -0.392118 -0.556674 -0.467091 0.756496 -0.017347 1.638242 0.868094 -0.586038 -0.223666 -1.136403 0.956496 1.258237 1.221975 0.846062 0.001767 -0.735465 0.967195 -2.816107 1.157154 -1.217408 1.074370 -0.034591 0.944593 -0.687656 0.263537 -0.966630 -0.597598 0.507089 -0.551384 -0.181468 -0.292406 1.011763 -1.234197 0.507841 -1.621883 1.236782 -0.137347 0.119013 -2.421373 0.590652 1.350466 0.430041 0.174544 0.067706 -0.853441 -0.328499 1.148392 -1.129071 0.629123 -1.199012 -0.412625 0.170120 -1.098877 -2.444815 -0.644938 1.447506 -0.307380 0.820289 -1.018739 0.179104 -0.294167 -1.108256 2.000649 -0.012950 -2.004559 1.842514 0.091013 1.456356
-0.071462 -1.701883 0.369116 -1.808412 0.296234 -0.417953 1.204558 -1.220472 1.213718 0.106663 -0.630373 1.086195 0.095170 -0.067318 -1.135023 0.376192 0.422716 -0.733965 -1.152707 0.530524 -0.276474 0.234562 0.082028 -0.525605 0.172657 0.230810 0.416392 0.058299 -0.698815 0.374534 0.133865 0.726657 -0.093013 0.178804 0.070407 -0.749362 0.271791 -1.063566 -0.307513 0.133952 1.496384 0.346145 0.695064 0.734953 -0.362619 0.501891 -1.915664 -0.554613 1.299618 -1.948114 0.041918 -1.812937 -1.194815 -0.571930 -1.360741 -1.195420 -0.009587 -1.372466 0.749326 -0.000409 -1.258456 -0.044492 -0.155955 -0.505302 -0.367033 -1.484001 1.542262 0.196590 -0.652845 0.243065 -0.367812 -0.394236 1.729202 0.482186 0.236369 0.199450 -0.735315 -1.318545 0.989515 -2.491947 -1.320678 -0.524950 2.474462 1.232346 -1.603870 -1.361854 -0.178103 0.891240 0.272581 0.886395 0.858269 -0.676491 0.049167 0.040452 -0.948623 0.993984 1.688129 -0.751563 0.255595 1.720061 0.090979 1.047700 -1.035101 -1.237774 -2.338279 -1.099189 -0.120311 0.512117 0.706416 -1.965107 -0.824107 1.336388 -0.349587 1.693868 -0.485883 0.663611 -1.148436 -0.315309 -0.477956 -0.538337 -0.709657 -0.343556 1.056871 1.436369 0.123151 0.132717 0.394897 -0.259263 -0.252671 0.093578 0.741796 -1.544690 0.205880 1.224041 0.327256 0.324775 -1.555633 -0.616619 1.575572 0.492165 1.216592 -1.627743 -1.346953 -2.569867 -0.124163 0.261830 -0.860402 -0.134595 -0.042020 -0.518176 -0.752714 1.195802 0.086688 -1.111863 -0.580059 0.011434 0.879785 -0.212516 -0.156174 -0.881594 0.571635 -1.692326 -0.632670 -0.662041 -1.221180 -0.227150 0.040022 -0.656566 0.212774 0.980152 -0.258662 -0.164680 -0.416710 -0.427632 1.199159 -0.562555 0.196651 0.796332 1.221890 -0.221919 -0.318635 -1.162134 1.119119 0.632913 -0.009126 -1.991607 0.265721 -0.414351 0.266651 -0.764759 -1.427132 -0.187696 0.214770 -0.163723 0.728693 -0.726445 -0.676044 -2.933663 -2.723507 0.811624
-0.519444 0.098917 1.557519 0.284011 -0.254197 0.741838 0.924639 0.150093 -0.685239 -2.102695 0.339365 -0.105901 -0.031809 0.458385 -0.075642 -0.200455 2.302517 -0.229146 -0.508923 0.534218 -0.279410 1.177241 -1.466709 1.402041 0.119669 -0.632334 1.200225 0.402062 0.684676 0.787469 -0.255913 0.081615 -1.377266 -0.484376 1.749847 0.472519 0.019076 -0.688286 -0.023572 -1.945851 0.555322 0.918797 -0.044659 -0.465320 1.159345 0.045118 -0.536147 -0.227902 1.255687 -0.670984 -0.950746 -0.721255 -0.730325 -0.516965 -0.515911 -0.712678 -0.374196 1.258630 -0.134449 -0.813993 -2.995841 -0.969934 1.065178 2.785044 -0.352822 -0.810824 -1.014237 -0.319591 -1.026729 -0.871210 -0.291150 0.818394 -0.354746 -0.491872 -0.724509 0.620768 -0.843154 -1.312163 -0.007570 -0.056272 -0.116043 -1.044704 0.413572 -0.803834 -0.524830 1.365013 1.006585 1.382842 0.864623 -1.542915 -0.529727 -0.680689 -2.350348 -0.258415 0.253034 -0.831108 0.024988 0.997257 0.592170 0.242822 0.001528 0.642582 0.843618 2.127631 0.802398 0.164128 0.013708 -1.857981 0.996606 -0.298053 0.492657 0.306138 0.221964 -2.277152 -1.608033 -1.017091 0.157000 0.589415 -0.587220 0.387782 0.585866 0.985639 0.445848 -1.336017 1.285096 0.325100 -0.543100 0.743730 -0.738897 -1.007420 2.117487 -1.733712 -0.422119 0.195225 0.472651 0.026911 0.245122 -0.795955 -1.997802 0.980847 -0.801358 -0.838103 0.106865 0.259471 -0.611530 -0.464188 0.085709 0.499901 0.869057 0.139607 -0.253732 -1.266227 0.571332 1.198005 -0.567316 0.235300 0.294803 1.038124 1.285790 -1.786587 -0.619228 -1.193566 -0.600227 -0.024412 -1.684977 -1.002763 -0.904152 1.176319 -1.127688 -1.310852 -0.244731 -0.315685 0.019166 -0.078865 0.164160 0.971525 -1.254090 -0.386472 0.909415 0.018712 1.519917 0.507878 -0.422557 -0.932759 1.197236 0.734991 0.555541 -0.178292 1.675424 -0.878212 -1.311760 -0.507447 0.062236 0.680188 1.522809 0.348235 0.128135 -0.182984 -0.006456 -0.354938
-0.621746 0.955850 -0.696389 -0.011959 0.174337 1.504870 0.621382 -0.178969 0.681782 -1.144457 0.212536 1.992443 0.031291 -0.922174 -1.085559 -0.593531 -0.191079 -1.582068 1.067173 -0.009003 0.713514 -0.833434 0.285263 0.803646 1.280657 0.264327 0.962751 0.716495 -0.326052 0.474957 1.349198 0.292080 0.265375 -1.310699 0.739900 2.026756 0.580149 0.723475 0.017496 -0.546234 0.122577 -1.064527 1.313824 -0.791583 -0.463603 0.604332 1.027723 0.372209 2.149307 0.729154 1.810927 -1.486106 -0.022755 0.674696 -1.400300 -0.943329 -1.000859 -1.430594 0.013377 0.451066 1.082149 -0.163736 -0.774259 0.503111 0.385432 1.118297 -1.123627 0.089137 0.593342 0.215721 0.489753 0.279005 0.515651 0.208060 -1.072263 -0.905941 0.995901 -0.253194 0.082446 -0.546953 -0.028145 1.356184 -0.714737 -0.260546 -0.657181 0.699130 2.291287 0.544111 -0.268591 0.507758 -0.124175 1.554058 1.401992 1.723695 0.515005 1.527838 0.401407 0.021613 1.207834 0.355604 -0.767741 3.104034 -1.997760 0.265088 -0.031999 -0.376557 0.437783 0.803116 0.489409 -0.452654 1.475037 0.162516 0.448871 1.089320 -0.538669 -0.595499 1.317078 -0.249504 -0.519437 0.596792 1.240096 -0.405929 0.149770 -1.679042 -1.897932 1.141569 -0.295504 0.795762 0.454457 0.700074 1.974175 0.648968 0.106410 0.686232 -0.699441 -0.161629 0.690457 0.141862 0.284858 1.249147 -1.556550 0.360181 -0.491901 0.318559 1.599311 -0.936202 0.015361 0.519260 0.213152 0.007349 0.706731 1.204637 1.476904 -0.222250 -1.782454 0.034796 1.679205 -0.300593 1.661713 -0.507184 -0.481770 1.200623 0.381899 -0.736024 0.839827 0.308371 -1.140415 1.088737 0.203128 -0.441752 -0.042071 0.901917 -0.788553 -0.588663 -0.152319 -1.199923 1.314369 1.015480 -0.935596 -0.254537 -0.338436 0.191200 -0.080711 -0.246045 0.344414 0.966562 -0.464113 0.076119 0.660062 0.330759 0.260737 0.658734 -0.994736 -0.803450 0.014867 1.688463 -0.234559 0.782586 0.625506 -0.710436
0.330741 0.339999 0.838244 0.927045 0.291655 -0.944479 0.567869 -0.039642 -0.293592 0.184215 1.670448 -0.104020 0.502087 -0.069832 1.249021 -2.326060 0.400957 0.295649 1.386878 -1.770438 -0.876112 1.848664 -0.386263 -0.068555 -0.168084 -1.059578 0.527110 -0.780204 -0.605392 -0.000108 0.889775 0.087413 -0.454126 0.469549 -0.560726 -0.123479 -0.232074 0.571005 -2.138936 -0.034608 -0.147010 0.396787 0.629707 1.781177 0.372631 2.097560 0.008319 -1.086906 -0.159213 1.875457 1.877421 0.586979 0.379105 -1.953025 1.436706 0.165825 0.210202 -0.129534 -0.430741 -0.151109 -1.289092 -1.894757 -0.324108 0.172616 0.124935 0.528649 -0.586508 -1.629636 -1.152853 0.220262 -1.332746 0.159110 0.457372 0.075522 -1.253769 1.545859 -0.036719 2.095918 -0.337547 -0.562647 0.545911 2.219374 -0.172454 -1.172525 -0.201293 -0.069625 0.138695 -1.226171 1.674735 -0.134865 -1.707676 -0.736605 -0.187018 -0.924979 0.164698 -1.223659 -0.299212 -0.224501 0.877348 -0.720172 1.112723 -0.020542 -0.943346 -0.246245 0.726361 2.022458 0.733169 0.321546 -0.169761 0.495566 -1.952115 0.075428 1.581900 -0.999802 0.097264 -0.951536 0.876842 -0.017886 0.157912 -0.490302 1.319222 0.692284 0.218006 -0.969521 -0.706652 -0.163822 0.952018 0.680694 0.136979 0.889306 1.004501 0.730245 1.019360 1.069057 0.049184 0.041267 -1.412189 -1.286655 0.201782 0.919644 -0.972443 -0.841969 -0.158259 -0.985852 -0.381522 0.233335 -2.414416 1.102800 -1.396927 -0.042255 1.148386 1.048743 -1.402207 0.434933 0.089292 1.613323 -0.906856 0.483024 0.601874 0.459485 -0.940044 -2.417477 -0.486840 0.092211 -1.719742 0.716025 1.521377 -0.591284 1.860600 0.037094 -0.230576 0.185565 0.215516 0.241696 1.431144 0.278354 -0.348750 -0.518106 0.970187 0.803054 -1.199051 0.995544 -0.346931 1.173270 1.305694 -1.313174 1.441293 -1.590161 -1.858954 0.366804 0.538575 -1.531154 1.585988 -0.183077 0.455247 1.332186 -1.838214 0.362822 -1.232998 -1.170375
0.553980 -1.645440 -0.932692 1.486046 0.611480 -1.981525 -1.129171 2.641592 0.363621 -2.897317 0.098596 0.829096 0.529923 -1.192457 0.510692 -1.299987 -0.699462 -0.434787 2.099379 1.068839 -0.247123 -1.060683 -0.059275 1.846272 -0.492108 -0.705693 -1.762845 0.414559 0.414718 0.407057 -0.551347 -1.149578 0.258602 1.974809 -1.870210 -0.128566 -0.133673 1.039974 0.836254 -0.172733 -0.722141 -0.225796 0.127319 -0.332848 -1.642245 -0.975516 -1.615723 1.083987 -1.026694 -0.101112 -0.569582 -0.937888 -0.662359 0.495989 -0.198034 1.888508 -0.429675 1.165626 0.717264 -0.397712 -1.057944 0.330631 0.342356 -0.971111 -1.865995 0.527476 0.517244 -0.181995 1.159816 -0.041248 1.654643 -0.226844 -0.057555 0.535404 -0.789149 -0.844372 0.155137 -0.309354 1.104562 -1.351558 -1.985174 -0.108677 -0.668595 -1.007567 -2.007546 0.816839 -0.344411 0.550210 -0.862207 -1.035311 -1.726517 0.858858 -0.142801 -0.796605 2.042008 0.880238 0.218327 -2.428213 -1.005706 -0.702217 0.856269 0.995929 0.245056 -1.421164 0.354133 -0.008812 -0.339214 -0.312408 -1.028287 -1.713235 -2.072557 -0.885819 0.073974 1.193964 -0.416264 0.166559 -1.181787 1.305648 0.257380 0.301627 -0.251468 -0.120678 1.261719 0.074975 -0.534743 -0.430573 -0.549398 -0.865105 0.763471 -0.482323 -1.120570 0.682515 0.618909 0.358595 -1.281091 -0.834538 0.096083 -1.081761 0.258304 0.197281 1.240797 -0.343497 -0.451341 -0.540452 -0.092012 0.196685 0.744663 0.239068 0.079266 0.109810 -0.282316 0.979685 -1.797107 -0.942960 3.073767 0.459783 -0.327663 1.180749 -0.223792 0.796651 0.482790 -1.862261 -0.059256 -0.341400 1.026226 0.021944 0.455690 0.120167 -0.469969 1.162571 0.930195 -0.620740 2.184292 -1.432837 -1.157455 -0.149574 -0.575329 0.283582 1.232731 0.495796 -1.449559 0.119058 1.972205 -0.869698 1.115019 0.086636 -0.416890 -0.916691 -0.312773 -0.000033 -2.772338 -0.866754 -0.623492 -0.043329 -0.061790 2.110496 -0.463892 0.714220 -0.371613 -0.415257
0.969634 -0.377523 0.482330 -0.324134 -0.354238 -0.600282 1.016083 0.480383 0.742842 -1.252012 -1.152894 -0.893790 -1.006662 -1.404006 -0.332788 -0.312328 -0.643063 -0.408044 -1.004077 -1.321608 -0.435060 0.360312 -2.514693 0.780115 -0.285217 -0.643291 -0.811304 -3.213208 -1.097318 0.248441 1.141379 0.196412 0.261380 1.214835 -0.450954 -0.817421 -1.181661 0.897713 -1.776022 0.076248 0.751063 -0.731921 -0.558424 0.319373 0.372124 1.248837 -0.217524 -0.578326 0.481407 0.587955 2.705445 -1.502203 -1.137052 -0.039692 -0.537270 -0.817741 -0.009009 -1.075437 0.294786 0.294967 1.392685 -0.233432 0.721122 2.749714 0.193615 0.246967 1.305710 -0.576965 0.789511 -0.240938 0.301962 0.765506 -1.560757 0.235931 -0.231883 1.275053 1.422230 1.256320 -0.695410 0.047409 1.420485 0.241206 -0.219279 0.830042 0.102384 -0.553889 -0.318977 0.084712 0.207366 -0.150831 -0.225574 1.824051 0.203119 -1.543786 -0.800072 1.106666 0.485176 -0.281759 -1.322983 0.626942 -0.720334 0.918618 -0.515805 1.976821 -0.268826 -0.164442 1.177590 -0.620724 1.050277 0.356678 -1.421220 -0.581614 1.256903 0.895618 -2.452734 -0.162364 0.105844 0.520826 -0.588525 -0.429131 0.449998 0.778206 -1.151991 -0.815194 0.419331 -0.288652 1.205266 0.548167 -0.843791 1.255600 -1.134938 -1.898423 -1.197549 0.304956 -0.169641 -2.689390 -0.084123 -0.476818 -0.766113 0.998530 -1.453418 0.121742 -0.410565 -0.841916 -0.284895 0.304649 -0.518448 -2.274319 -0.991107 1.539235 1.904512 0.414035 0.619711 -0.461492 -1.477023 0.172390 0.637840 0.626441 -0.231984 -0.630267 0.665796 0.711618 1.421106 -1.316243 0.052331 -0.609288 0.093152 -1.398865 -0.256248 -0.847969 -0.904529 0.207757 -1.170886 -1.170445 1.007865 0.092590 -0.718417 -0.209592 0.608030 -1.513803 -0.067584 0.839678 0.468301 0.029399 -0.237831 0.725067 -0.199473 -0.711452 -0.491056 -1.265588 0.023069 0.055780 1.766420 -0.555973 0.674728 0.947137 0.650654 0.795879 0.615794 0.441810
0.614426 1.591195 0.385906 -0.484339 -0.778210 0.705501 0.046668 -0.895533 -0.167587 0.090907 1.349105 0.673376 -0.171753 0.185762 0.435607 -0.368206 1.402562 -1.206227 -0.494847 -1.008890 -0.729174 -1.444730 -1.540602 0.033230 1.167917 -0.569829 0.331477 -0.791463 0.838984 0.565882 -0.775563 1.082768 -1.036549 -0.454431 1.170008 0.298619 0.488476 -0.316331 -1.037202 -0.154310 0.133462 -0.330655 0.997322 -0.625262 0.083370 -0.443298 -0.971677 1.787675 -0.405526 -1.667422 1.604285 -1.589664 -0.330551 -0.560489 -2.371771 1.238664 -0.809371 1.139240 0.411802 -0.811625 0.877947 -0.664326 -0.554930 -0.788320 1.483223 0.737490 -0.337319 0.622616 -0.342948 -0.828106 -0.158539 0.412478 -0.433543 0.086405 1.445869 -0.483014 -0.561716 0.962683 -1.265184 0.310347 1.159755 0.196943 -0.027315 0.330779 1.079284 -0.625252 -1.304760 -1.527417 1.983500 -0.779985 1.678435 0.961492 2.444672 -1.085506 -0.811494 -1.506025 -0.357997 -0.273812 -0.918335 2.063472 -0.846724 -0.205790 0.338033 0.137015 -0.731179 1.868432 -0.121854 0.513519 -1.506436 -0.418915 1.650558 0.013536 1.430699 0.342392 1.379679 -0.088478 -1.493335 1.408790 1.302738 0.562417 -0.783958 1.454167 0.667650 -0.257150 0.155170 -1.460654 0.456598 0.929106 -0.368169 0.516781 -0.215788 0.340311 1.392953 1.840922 -1.222320 2.172017 0.772200 -0.496759 -0.206853 0.600369 -0.943153 0.471444 -0.595826 -0.170745 1.029736 0.808774 -1.301218 0.875417 -0.021872 1.999233 -0.120365 -1.218731 -0.826046 -0.233585 0.734760 -1.513664 -0.238041 0.468204 0.861863 0.570798 0.816952 0.389097 -0.675636 0.474961 1.167082 -0.755582 0.442376 0.947427 0.145883 0.027878 1.907106 1.235050 0.036393 0.502097 0.957388 0.036195 0.220145 -0.950012 0.780754 -0.364117 0.274573 -1.057731 0.210207 0.822865 -0.279136 0.316492 2.362920 1.767942 -1.192273 -1.086622 -0.561526 -0.454248 -1.213589 -1.077448 1.498502 0.520095 0.517148 1.357722 -1.010832 0.263185
0.822404 -0.743006 -1.055047 1.222763 0.778975 -1.366753 0.917287 -0.510927 1.288491 0.929156 0.388233 1.280062 -0.171792 -1.044679 -1.996003 1.811714 0.964897 0.711297 0.684121 -0.031281 -1.732797 -1.353729 0.597181 -0.459612 0.867795 -1.911268 -0.127304 0.352518 -0.363424 0.315189 -0.656379 0.976240 0.410878 1.823443 -1.825311 -0.313982 -1.419873 2.192984 -1.589683 -1.325462 -0.042818 0.061594 1.206313 1.430781 0.716112 0.923766 1.018125 -1.079172 -0.937147 -0.274093 -1.622782 2.430715 0.545264 0.577783 -0.359769 -1.158148 -0.888998 0.093537 -0.412714 0.832396 0.294844 -0.804627 -1.276713 -0.606726 0.503987 1.220763 -1.638574 0.437961 0.321358 -0.423482 -1.235365 -0.301193 -1.584604 0.101292 1.502670 1.213780 0.889060 0.131735 0.338178 0.079091 1.260401 -1.099508 -0.493666 1.040431 -1.203914 -0.407010 0.610358 0.526176 0.116240 0.162718 0.416673 1.034667 -0.916375 0.218638 -0.571441 -0.205190 0.351812 -1.014677 0.099805 0.546260 -0.986878 -0.504977 -1.489801 -1.159110 -1.229452 0.194397 -0.366443 0.440783 -1.292229 -0.463523 1.543443 1.995015 -0.273398 -0.054473 -0.890806 -0.471022 0.172606 1.136715 1.873420 0.873240 -0.968296 0.835513 2.124434 0.500128 -0.848522 1.581504 2.523363 -1.168760 0.541526 2.266153 -0.009580 -0.320612 -0.008271 1.098561 -1.698621 -0.241750 -0.194098 -0.404516 0.859890 -1.772456 0.089322 -1.115856 1.279302 -0.325705 -0.340704 -1.030129 -0.221733 -2.033114 -0.268374 -1.337683 -0.026039 1.281139 -0.720118 -1.915247 0.329379 -1.140301 1.022601 -0.905625 0.065056 0.332815 1.043992 0.083255 0.498925 1.423758 -0.053098 0.200885 -1.176020 -2.445148 -0.679557 -1.784241 0.381018 2.375651 -0.335530 -0.123085 -0.837753 -1.529145 0.927249 -0.448158 -0.359493 -1.849819 0.310338 -0.051068 -1.616811 1.216175 0.793090 -1.626946 0.642871 0.051990 -0.752653 -0.329191 -1.941653 -1.843588 1.127342 0.426533 -1.336441 -0.250206 -0.800296 -1.412784 0.435656 0.896112
0.752381 0.555917 -1.643956 0.059925 -2.681222 1.286712 1.578948 -1.279975 0.836774 1.392061 -1.529959 1.212120 -0.431645 0.317442 -1.474981 1.521759 0.395559 0.118378 -0.529748 -1.255247 0.084311 -0.217418 -0.144339 0.239159 -1.087149 0.010424 0.635739 0.924285 1.170288 1.621497 0.478894 -0.652467 1.668855 1.027977 -1.055754 0.645259 -0.887561 0.016224 -0.166140 1.400496 1.102670 1.412490 -0.975000 -0.779412 -0.146376 0.967244 -1.156074 1.533032 -0.355058 1.365212 1.711943 1.145003 0.561802 -0.200347 -0.841993 0.693482 0.669131 -1.425529 -0.010663 0.281372 -0.336639 0.174355 -0.053906 0.632596 1.166707 0.929278 2.059410 -0.848213 1.804948 0.555736 0.996497 -0.263953 0.646501 -0.844057 -0.519669 0.669252 -1.585535 2.376436 -1.135956 1.026265 0.130543 -0.135721 1.003150 0.508980 0.091624 0.020947 0.115229 -0.388707 0.312957 -1.647079 -0.551355 -1.946009 -0.809969 -1.313373 0.876240 0.576756 1.412107 0.104117 -1.374401 0.772172 0.547108 0.887094 -1.121430 -1.145906 -0.281249 -0.502175 -1.910768 1.108298 1.084105 -0.552467 -1.593486 0.871710 -0.578725 -1.379843 0.867603 0.530902 1.263962 -0.255038 -0.598964 0.214767 0.474945 0.592870 0.259158 1.512324 0.150659 -0.232961 -0.287568 1.185885 -0.453464 -1.124104 0.309550 -0.515938 -1.348778 0.901060 -0.218798 -0.169844 -0.431086 -1.374288 0.345792 -0.716832 0.559293 0.386379 0.243441 -0.040181 1.225702 0.483671 0.385759 1.194385 0.085778 0.207727 0.128540 -0.423417 -0.741908 -1.605594 -0.191034 -0.069062 -0.576337 1.540716 0.503246 0.240232 -1.140822 1.251364 1.704388 1.284327 0.147035 0.079993 -2.619685 0.391556 0.998463 0.552055 -1.223604 -1.620127 -1.576241 0.701950 -1.555332 1.479094 0.813555 -0.191627 -1.262020 -0.025715 0.223495 2.018819 1.188550 1.919021 0.180027 0.798526 1.909329 0.200404 0.116666 -1.672847 -0.358160 -0.244253 -1.048806 0.235916 -0.518803 1.257209 0.747716 1.673900 0.860496 -2.294394
-0.239121 1.469617 1.719283 0.217093 0.011174 -1.492274 2.178083 0.225883 -0.376219 1.799637 -0.942451 -0.388843 -1.271886 -1.367594 1.592266 1.203709 -0.976709 -1.202402 0.975526 0.369841 -1.033969 1.948818 -0.090757 -2.500417 0.052773 -2.354005 -0.886008 -0.165515 -0.303280 0.513766 0.503206 -0.430104 -2.288754 -0.960649 1.352489 -0.214894 1.387841 0.098249 0.180575 -0.232774 0.018651 -0.921179 -0.211594 -0.809595 0.676090 0.549773 1.025870 -0.274044 -0.539840 -0.740334 0.375996 -1.839298 0.041012 -2.040246 0.564027 -0.827057 -0.808376 0.294088 1.792974 0.325879 0.226063 0.558477 -1.219186 -1.043055 -0.516827 -1.113463 0.415056 0.812362 -0.453307 -1.821620 -1.770908 0.185672 0.178281 -0.776713 -1.565219 1.309789 -1.996818 0.007883 -0.694582 -1.397706 -0.299472 0.127347 0.660423 0.589180 -0.395981 -0.621567 -0.847085 1.209238 0.355472 -0.535072 -0.719440 0.722964 -0.702061 -0.234601 -0.352192 0.579585 -0.197772 0.610973 0.366851 -1.504354 1.032889 0.125201 1.494363 1.419605 0.525452 -0.619654 -0.066939 1.222152 0.250811 1.180134 0.715521 1.259762 -1.508303 -0.002832 -0.278846 0.806411 -0.159062 0.239544 0.138116 -1.054388 -0.586117 0.379000 -1.619117 -0.828308 -0.093390 2.144248 0.385032 -0.602512 1.555265 -0.285735 1.830429 -0.483846 -1.005952 -1.807394 -0.752256 1.370479 -0.957434 -0.665297 0.149363 0.785539 -0.016977 -0.895535 -0.696558 2.379212 -0.942412 -0.393440 1.488042 -0.503410 -0.850626 -0.279338 0.169513 0.142887 0.247426 -0.414305 -0.124985 0.906284 0.171740 0.785954 0.369945 -2.266562 -1.536418 -0.749129 0.187272 -2.434962 0.295471 -1.160366 1.052858 -0.311560 -1.102277 -0.261272 -0.941311 1.271586 0.728169 -0.389618 0.031836 0.344294 -0.500730 -1.951522 2.017930 0.790986 0.386554 1.961402 2.320129 0.142256 1.010864 0.972765 0.580472 -0.476262 -0.399572 0.370614 0.581013 0.126066 0.076134 0.334461 -0.121885 -1.122580 0.186593 -1.302408 0.108245 -0.287437
0.004020 -1.528753 0.195483 0.195249 0.233573 -0.741015 0.121567 -0.443308 2.008343 0.111374 1.110710 1.070556 0.202709 -0.179381 0.432447 -1.120852 0.584450 -0.837139 -2.353623 0.372373 -0.699957 0.671558 -1.447222 -0.732790 0.400006 1.618427 0.211317 -0.909136 1.093972 0.381462 -0.330105 -0.218801 -0.592047 -1.135689 -0.514020 0.245899 -0.277147 -0.107280 -1.243675 -0.774101 1.056276 0.338304 0.912900 -0.395527 -0.214657 0.096374 -0.522161 -0.138540 0.347512 -1.774159 0.280095 0.786469 0.377792 -0.311082 -0.919708 1.348878 0.750672 0.623979 -1.474166 0.984910 -0.815746 1.308043 -0.380106 1.301304 -0.775673 1.075541 -1.000644 -0.165945 -0.143646 -0.399181 -0.466830 1.793534 -1.865185 -1.171386 1.156109 1.247497 1.165712 -0.890531 1.479929 1.053626 1.721389 0.644991 0.334259 -0.301973 -0.902922 -1.484103 -2.717815 -0.329848 1.982320 -0.987608 0.065739 0.025727 -0.015454 -0.489052 1.421166 1.250224 0.667784 -0.379743 -0.449264 -0.562400 0.648355 0.189377 0.787689 1.647971 1.128934 0.347450 -0.347472 0.705576 -0.742130 -1.527607 0.429342 -1.313277 -1.789771 -0.426969 0.672483 -0.419502 -0.564590 0.449982 0.601650 -2.104424 -0.367511 -0.426837 -0.456335 -0.523661 1.372473 0.661441 -0.589288 1.362224 0.842695 -0.011473 -1.192760 0.904863 0.768261 1.378697 -0.085967 1.266560 -0.687159 1.643413 0.498943 2.024026 -1.587793 -0.710365 -1.684405 -0.165752 1.823447 0.313458 -0.463512 0.267732 0.045382 -0.226202 2.341715 1.177003 0.155350 -0.386407 0.849418 -0.165701 -0.449168 -0.058117 -1.283926 -0.505584 0.221404 0.983738 1.727490 -0.375303 0.618124 -0.064681 -0.804401 0.007936 -0.597650 0.918039 -1.244215 -0.806390 -1.478124 -1.687455 0.181707 0.514374 -0.817651 -0.253413 -0.637633 1.830143 1.879441 1.090726 -0.739437 1.903573 -0.336385 -0.048760 -1.084609 0.159191 -0.027848 -0.683718 -1.484784 0.792552 -1.489729 2.091524 0.728110 -0.812804 0.352778 -0.909886 0.290985 0.863605
-0.781050 1.323818 -0.164447 -0.049948 0.680193 0.193391 -0.331919 -1.022233 0.620247 -0.964139 0.429753 0.821002 0.281851 -0.893947 -1.203033 -0.371808 -2.186895 0.412158 0.252449 1.088376 0.929486 1.172544 1.016191 0.544553 -0.778798 -0.686251 0.364742 0.635962 -0.806030 0.066024 1.221515 0.222476 0.196386 0.531874 0.110167 -0.497704 -0.220359 -0.837794 0.472032 -0.484191 -2.193882 -1.831058 0.841515 0.911257 -0.930163 0.094759 -1.098134 0.985036 0.616334 0.921789 -1.993514 0.563024 -0.200645 -0.559109 0.532478 -0.575987 -0.661183 0.777112 0.856214 -1.000541 0.308643 -0.100522 -0.122143 0.602992 -0.735562 1.019907 -0.709771 0.622015 0.379370 1.184164 0.844114 0.786889 1.443056 1.767108 -0.113975 0.102674 -1.019518 0.569170 1.331005 1.035358 -0.138664 -0.932220 -0.852091 -0.985851 -0.318669 0.202182 -0.107648 -0.175268 0.277842 0.329302 -0.082414 -0.542441 -0.215067 0.371516 -1.030635 1.182901 -0.308326 -0.667367 -0.240033 -0.097377 -0.154479 0.078589 1.614823 0.323120 0.185916 1.148165 1.213599 0.599827 0.904212 0.881487 -0.858716 0.840440 0.720345 -0.426679 2.649550 -1.046247 -0.471274 0.017652 -0.807743 0.553387 0.270616 0.520545 -0.361357 -1.770587 1.800412 1.383060 0.370574 -0.641524 -0.470897 0.009593 0.548957 1.231640 0.915611 0.643421 -0.971270 -1.237637 -1.000136 0.106327 -1.806211 -1.577364 -1.382381 -0.273157 1.844175 1.171356 -1.002532 0.107388 -0.002546 -1.279669 -0.215365 0.319442 -0.404604 1.892551 -1.569778 -0.266142 0.872949 0.221494 -0.471409 0.368005 -1.130163 1.280301 -0.929974 0.334754 -0.956402 -1.382339 2.712981 0.310364 0.744455 -0.903546 1.003161 0.888444 -0.399150 -1.392660 0.594565 -0.053653 -0.350857 -1.371409 -0.877042 -0.369748 -0.235153 -0.231740 0.029154 0.057898 0.800454 -0.042767 -1.026091 0.386737 -0.241991 0.710659 0.576624 0.364807 -1.012695 0.084250 0.688707 -1.223456 -0.599702 -1.174512 0.975038 -1.066319 0.320177 -0.708610
0.077139 0.887796 -1.899115 -0.251507 -1.094043 -0.508378 1.029661 1.141498 -0.219585 -1.189997 -0.658568 -0.427127 0.491994 -0.368370 2.694994 -0.549797 0.482743 0.946582 -0.528607 -0.529510 0.304868 1.283783 -1.194239 0.485182 -1.223418 0.284090 -1.623377 0.849343 0.530058 -0.187866 1.906476 1.700472 -1.021629 -1.300806 1.111117 2.293345 -0.798903 -0.453043 1.599415 0.842662 0.189058 0.167743 1.377234 1.001836 0.933188 -0.917572 -2.080240 1.577347 -1.841727 0.312221 -1.030336 0.918735 -0.569205 0.397893 1.419471 0.343274 0.562525 -0.713019 0.055590 -1.109956 -0.796272 -0.833761 -0.805230 2.416771 0.000457 1.149210 0.328271 0.350178 -0.063176 0.114848 1.506740 -0.185538 0.149608 0.747843 0.138849 0.129059 -0.889511 0.096183 0.306456 1.110297 0.389596 -0.408218 0.636381 -0.526022 -0.664526 -1.952945 0.475892 -0.071584 0.290083 -0.716034 1.470649 0.335718 -0.944385 -0.419014 -0.865218 0.403048 0.617349 0.865662 -0.025382 1.223788 0.062018 0.267955 0.858474 0.229559 -0.329519 -1.721173 -0.332735 0.422656 0.346408 0.053289 1.606405 0.315467 -1.570124 -2.131348 -0.050933 -0.266901 0.054064 -1.010384 1.120082 -0.052541 -1.092743 -0.615900 -0.037937 -0.211788 -0.312770 1.139860 -1.083845 0.204559 0.358662 -0.254535 0.711304 0.864562 0.820674 0.896902 0.014775 0.496389 -0.219112 -1.016661 0.943965 0.578394 0.398328 -0.462704 -0.822557 0.335085 -0.490839 1.725177 0.518092 1.387702 -0.422822 0.735772 -1.254564 -0.664654 -0.667812 1.745738 0.095903 -1.399092 0.126194 -0.537892 0.122252 0.601527 0.923571 0.733128 -0.015019 -0.662303 0.129186 -1.331178 -0.536184 -0.559721 -1.240149 -1.263547 0.169248 -0.438313 -0.589570 0.113633 -0.768085 -1.619739 0.737155 0.420767 -1.193275 0.275597 0.468994 -0.544224 -0.699316 0.266717 -0.608040 -1.236557 0.892369 -0.705571 -2.003824 -1.344200 -0.846442 1.526498 -0.030928 -0.540060 1.545950 -0.466671 -0.936815 1.004349 1.756431 -1.017113
0.130372 -1.518371 2.099383 -0.659773 -0.418367 -1.651689 0.390640 2.035044 1.024931 0.757132 0.646977 1.847484 -0.988308 0.026479 -0.077876 0.478827 -0.615177 -0.246243 -0.737238 -0.908228 -1.439903 0.324552 1.079189 0.270129 1.309134 -0.531489 1.642893 1.961251 0.434895 0.945795 0.385703 -0.463703 0.275751 -1.552764 0.357305 -1.922676 -2.205685 -0.701987 -0.920381 -1.177136 1.361534 -1.558274 0.205672 1.012601 0.056700 1.358372 -0.970711 0.098985 -0.312251 0.758251 -1.767203 0.169200 -0.988950 0.578047 -0.397822 -0.398652 1.285221 -1.419090 1.402664 1.980108 0.798030 -2.475072 -1.438268 0.483959 2.278793 -0.371409 -1.048049 1.111588 -1.974590 -0.044333 -2.000414 -0.493072 -2.722917 -1.666422 -1.641879 -0.595169 -1.267316 -0.537577 -0.007418 0.356575 0.512528 -0.165715 1.330010 1.003528 0.593841 -1.486965 0.213801 1.575295 0.147351 1.648627 -0.573932 -0.271541 -2.054522 -0.301987 -0.587879 0.362458 0.806311 -0.008294 1.088343 -0.871837 -0.545366 -0.610794 1.111670 -0.562654 -1.533459 -0.997780 -0.535930 -0.210164 2.069384 -1.989669 1.039557 -1.132380 0.555147 0.930126 0.542269 0.374181 -0.218619 1.028438 -0.126872 -0.913416 1.871977 1.096502 0.770697 -1.177954 1.835205 -0.700079 -0.812852 0.094545 0.465564 -0.283534 0.382595 0.437740 -0.530510 0.371184 1.379538 0.560164 0.344423 0.126775 0.411846 0.586056 0.007704 0.696079 0.667446 -1.408415 0.805428 0.267408 2.652436 0.038277 0.331274 0.684828 0.941134 -0.138039 0.465780 1.068046 2.010566 0.042954 1.851242 1.427678 -1.008588 -0.421787 1.565557 0.360816 0.562043 -0.413145 0.478958 -0.730733 0.739892 -1.680784 1.088689 0.966939 0.313449 0.317544 -0.179842 -0.417587 0.519769 0.020508 1.617750 0.277796 0.934158 0.119987 0.175828 -1.081031 -1.404975 -1.962290 -0.344777 -0.730185 -0.571634 -0.768249 0.133423 -0.585667 0.754987 0.147789 0.445291 0.773804 0.559198 -2.010737 0.610409 1.306904 0.792865 -0.546148
0.225885 -0.103229 -0.773135 -1.169788 -1.088513 0.491038 0.635855 -0.719559 -0.306264 0.922827 -0.000035 1.316041 -0.174500 -1.877434 -0.109549 0.202441 0.593993 -1.079679 -0.561825 0.004103 0.591211 -1.321346 1.959093 -0.853551 -0.492598 -0.800513 -1.426717 0.351034 0.797621 -1.002259 0.877318 0.463313 0.372356 1.328496 0.476919 1.434025 -0.419693 -1.056358 0.276786 -0.647653 0.000823 -0.490911 -0.614598 2.055304 0.789507 0.117958 0.174384 -0.124519 -0.878956 0.160711 1.491008 -1.044389 -2.603103 0.506072 -1.290598 -1.514988 -0.156468 0.341280 0.128381 0.373921 -1.170554 -1.010231 -0.883085 0.429961 -0.249580 0.587233 1.322834 0.676063 0.819136 -0.216832 0.524704 0.875524 0.079666 2.532293 0.099374 -0.568378 -1.774218 -0.547546 0.243664 0.122152 1.581357 0.863974 -1.171698 -0.084551 -0.597038 -1.598218 0.834152 0.322120 0.492422 -0.571479 -0.454950 0.395197 0.077741 -0.149429 -0.342376 -1.051190 -0.128126 1.287609 -0.710832 0.464642 -0.323509 -0.697886 -0.531144 1.159826 -1.247813 0.970996 -0.866060 0.752281 -1.050788 0.558460 -0.461681 -1.254728 -0.654752 1.258408 1.001415 0.528578 -1.830817 0.047291 0.021079 -1.532141 0.487801 -0.462287 -1.376478 -0.427446 0.066160 0.145993 -1.287922 0.568180 0.973276 1.215817 0.737196 -1.023956 -0.572989 0.289663 -1.342630 0.433821 -1.076445 0.809907 -0.569627 1.008433 -0.715852 0.064940 0.881362 -0.509770 -0.250205 0.380655 0.027452 -0.608514 -0.535930 1.555895 1.086814 -1.027247 -0.388383 -1.717495 -0.956311 2.283757 0.535398 -0.095128 0.880306 -1.138919 -0.303049 0.015194 1.363349 -0.598687 2.513508 -0.456066 1.104503 0.505622 -0.167095 0.319467 -1.063050 -0.148619 -1.596089 2.233078 0.115341 -1.259697 -0.681621 1.240743 1.152376 0.291973 -1.177003 -0.091290 -0.542581 0.506640 -0.196133 -1.786798 -0.747591 -1.584215 -0.133877 0.315874 0.773476 0.590558 1.949534 0.813790 0.562790 0.477372 0.412673 0.781320 0.967500 0.310454
-0.670936 -1.187150 -0.420007 1.186922 1.072327 -1.714993 0.444520 -0.694022 -0.087163 0.080119 -0.692690 0.278072 -0.646204 1.372733 -0.698407 -1.723833 0.081180 0.251948 -0.423988 0.226882 0.515077 -1.911907 -1.918528 0.797781 0.220750 0.014461 1.296638 0.160052 0.729014 0.226844 1.943302 0.411649 1.196560 0.310565 0.955713 -0.098291 -1.111428 -0.674734 -0.714949 0.881299 -1.452997 1.053480 -0.018889 0.354408 -0.322520 -0.068864 -1.995108 0.492482 0.572137 0.100770 0.777022 -0.529419 -1.585605 0.203136 0.248025 -0.950670 -0.149676 -1.098989 -0.620092 -0.523419 -0.534586 -1.107759 -1.466853 0.384675 2.872659 0.295291 0.073106 0.269391 0.201282 1.932177 0.101802 1.324640 0.533442 -0.471286 -2.615884 -1.020125 -0.601609 -0.653152 -0.014907 -1.139179 -0.512016 -0.055824 -0.495024 -1.093640 -0.789817 0.644921 1.691483 0.013235 0.370393 -0.169544 0.001415 0.804358 1.431249 -0.833818 0.615409 0.858386 0.835209 -0.251532 0.664071 -0.828004 -1.060179 0.290585 -0.729987 0.961090 -0.584350 0.987839 -0.438748 1.196262 0.620600 0.314485 -0.336586 0.611995 0.568806 0.015418 -1.055772 -0.241766 -1.483920 0.415977 0.366879 1.664190 -1.491000 -0.891130 -0.647442 0.724490 -0.612494 -0.182244 -1.400172 0.033975 -2.160797 1.022052 -2.622028 0.369949 -0.377932 0.071822 2.592471 0.681067 -0.026531 0.646386 -0.213479 -0.814444 -0.039282 0.613346 -0.207905 1.234542 -0.462956 -1.214949 0.080607 -0.326834 0.008137 0.600193 0.706292 0.845986 -1.337749 1.440533 0.222216 1.067196 0.740243 -0.997186 1.188965 0.307152 0.583606 0.946562 -0.359201 -0.026530 0.418971 -0.646895 -0.601598 -0.520633 0.995013 0.225997 -0.871095 -0.186778 -3.278658 0.034080 -1.502212 0.184189 1.517601 -0.689582 1.651342 -0.494909 -0.274961 1.005675 0.093934 0.054673 -1.365465 0.433930 0.276548 1.024271 -0.318519 -1.819132 0.806052 -0.985460 0.067243 -1.307053 -0.123290 -2.116558 1.082929 -0.764364 0.894774 1.480649
-0.897369 -0.503692 -0.148082 -0.191140 -0.925548 2.072214 -0.884931 0.182542 0.208192 0.258243 0.285589 0.740740 1.590637 0.302707 -0.519273 0.164126 -0.371882 -0.908653 -0.309956 0.568367 -1.389860 -2.357437 0.051955 -0.671058 -0.822418 -1.351000 0.795397 -0.053694 1.292066 0.239170 1.137903 0.467682 -1.229336 -0.838721 -0.105890 0.121536 -1.009670 -1.181660 0.575169 1.032947 1.826707 -0.319034 1.854668 -0.326944 -0.339743 0.215380 -2.034533 0.604640 -1.618637 -1.261535 -0.719797 -0.089341 1.029442 1.501687 0.067804 0.439115 0.538543 1.357462 1.128163 1.301394 -1.368415 -1.640801 0.184922 0.309339 0.384343 -0.041938 1.921043 -1.680245 2.856041 0.277918 -0.128543 -0.715113 0.964000 0.357148 -0.313798 0.873122 0.630097 0.691571 1.280423 1.283154 -0.326991 -0.024271 1.718287 0.505458 1.083108 -1.608589 2.245160 2.216351 -0.633813 -0.410225 2.397264 -1.194300 1.276838 0.337920 0.785391 -0.563682 0.004116 1.320877 -1.072525 -0.874903 -0.514881 1.576469 -1.451712 -1.445796 1.513712 -1.551653 0.467941 1.472215 0.163410 0.290523 0.947818 0.945855 -0.795133 2.069854 0.279161 1.445629 -0.903859 -0.784603 -0.055850 -2.608404 0.798001 -0.776995 -0.438517 0.977573 1.408769 1.090766 1.912796 -0.795390 0.719246 -0.572646 0.285842 0.968852 0.775942 -1.300091 -1.802676 -0.193345 -1.952248 -1.200635 -1.145817 1.259913 0.114812 -0.328056 0.949041 0.506186 -1.112277 0.196801 0.872362 0.345028 1.198534 -0.211296 0.748179 1.618058 -0.352590 1.032301 0.909633 1.495346 0.564333 -0.240457 -0.294950 -1.612552 -1.539198 2.316671 -1.356090 0.568221 -1.160197 -1.012779 -1.874218 1.065575 1.790681 0.560241 -0.893733 -0.061442 0.741920 0.020230 -1.444091 -0.601636 0.075578 1.136197 0.896263 -0.501366 0.603464 1.247878 -1.726979 1.076538 1.452550 0.064918 1.424307 -0.462266 0.059464 -1.331285 -1.511427 1.249580 -1.705979 -1.275727 0.578635 -0.374832 -0.047773 -1.553434 -0.023207 0.723206
0.347804 -0.226976 -0.467585 0.925213 -0.421902 -0.387288 0.234974 -0.391657 -0.909277 0.310502 -1.444168 0.614130 -0.790547 1.155281 -0.333141 -0.770827 0.705244 -1.202425 -0.685766 -0.669630 -0.004410 0.841121 -0.581248 1.276786 0.130753 -0.091766 2.825909 -0.617644 0.829680 0.404516 -1.305241 2.425082 1.825315 0.449218 0.256165 -0.299522 1.339111 -0.098716 -1.027022 1.610496 -2.331954 -1.122042 -1.497437 -0.482871 -0.044329 -0.730478 0.944574 0.198257 0.823166 -1.088099 1.246739 -0.077306 -0.524539 -1.425731 0.573864 1.290078 0.520047 0.224721 0.003393 0.920912 -1.162102 -0.492850 -0.765775 -0.018999 -0.194066 -0.112003 -1.516177 -0.006674 -0.818718 0.941755 0.716622 -2.416850 -0.996515 2.060351 -0.273789 0.968144 -0.045597 -0.065293 -0.315603 -0.697597 0.208989 -0.491589 -0.027974 -0.000437 -1.389448 0.852267 0.752479 1.977984 0.875715 -0.335779 0.749323 -0.754684 0.726225 -0.084789 -1.499712 0.931217 0.783033 -1.082167 1.106114 0.822765 0.186010 -0.878198 0.984566 1.421498 -0.744458 0.143920 -1.174938 0.133905 -1.609488 -0.629655 1.040200 1.632693 -1.026474 0.728046 0.214712 -1.269592 0.425142 0.096800 0.135506 1.711779 0.183739 -0.444362 0.267372 -0.680787 0.261973 0.206868 1.260667 -1.779791 -1.706081 -0.300604 0.114880 0.820234 0.356327 0.045376 0.948062 -0.304538 0.647583 0.212720 -1.312699 -0.155667 -0.317218 -1.453632 -0.314015 1.534055 -0.840540 -0.369828 1.388147 0.265803 2.080176 -0.914458 -2.098404 -0.887230 0.655055 -1.009603 -0.139689 -1.001880 -0.509960 0.263490 0.571266 -0.669418 -0.018375 -1.213643 -0.757334 -0.265989 -1.481924 0.029749 -0.782710 -1.729735 0.527272 0.268691 0.246517 -0.679191 2.054458 0.026795 -0.752357 0.114808 0.910357 -0.855225 -0.863760 0.322525 -1.348149 -1.075418 0.300373 -1.030962 1.372691 -0.243708 0.092726 0.720684 -0.004152 -1.157421 -1.150724 0.844617 -0.691884 -0.161913 -0.167808 1.169992 0.061999 -0.081580 0.242796 -0.537131
1.131191 0.451124 -1.290390 -1.067371 0.675786 -1.793598 1.771977 0.800937 0.057011 0.983993 1.071424 1.212404 0.110809 0.550779 -0.003150 -0.310897 -1.023993 0.206757 -2.307115 -0.652218 -0.860405 0.074223 -0.661866 1.178339 -0.187546 0.127498 0.836311 -0.204147 0.266055 0.736522 -0.700559 0.865447 0.154132 -0.937099 0.456069 1.918466 2.610499 0.597117 -1.370607 -0.212106 0.107857 0.197955 1.374938 -0.461607 -0.599551 -1.147557 -1.562391 -0.615015 3.432517 -2.584366 0.495723 -0.157609 0.098319 0.473286 0.377002 -0.282542 1.203248 0.175433 -1.864553 -0.624568 1.055633 0.690480 0.791440 0.842087 -0.921430 0.310367 -0.748536 0.375756 -0.062009 0.816503 1.749306 2.150569 0.391097 0.041206 -0.743470 -0.565596 1.629482 1.345341 -0.215962 -0.280827 -1.217012 0.492729 -0.430363 -0.234958 -0.836115 -0.528430 -0.160562 -2.141316 1.881775 0.760796 -1.103836 1.894225 1.560653 -0.928008 -1.022022 -0.722106 0.244119 1.911872 -0.385609 0.917139 0.656425 0.091005 0.790300 1.873439 -0.218966 -0.044538 0.694980 -1.996965 -1.107580 -1.657330 -2.030621 -0.831552 0.683060 -0.516634 -0.368012 -0.521890 -0.546478 -1.165618 0.249363 -1.266074 -0.361110 0.902340 -0.725351 -0.217030 -0.429753 2.114474 0.666554 -0.837504 0.466084 -0.763700 -0.476528 0.017880 -0.597935 -0.176399 0.615212 0.421502 -0.661145 -0.587993 0.699527 1.183969 1.164575 1.086646 -0.876235 0.066933 1.090935 -1.085240 0.448340 -1.550406 -1.621071 0.472509 0.031908 -0.981639 0.933302 -1.173626 0.185151 -0.806228 0.355938 0.759931 0.310485 2.190441 1.854680 1.333276 -0.046131 -1.307476 0.844723 -1.891309 0.411550 -0.080111 -0.220278 -1.044566 -0.267493 0.191444 -1.616689 -1.102084 -0.600184 -0.099901 -0.729677 1.761237 1.954866 1.840322 0.669767 -0.826311 -1.403937 -0.531742 -1.445641 0.608735 0.495517 -0.253885 -0.256895 2.138153 0.428829 1.841117 -0.301515 0.170043 1.224780 0.100749 0.845470 0.486718 0.316935 0.579828
1.785553 0.669040 -0.023715 -2.783154 -1.122543 0.849328 -0.087576 1.038592 -0.112101 -0.884129 1.452528 -0.884028 -0.097988 -1.322960 -0.775479 0.586389 -0.280619 1.091774 0.139924 0.916929 0.174906 0.644926 2.132554 0.650219 0.640318 -0.634728 1.984849 0.673345 1.246935 1.053260 -1.023970 1.441896 0.654946 -0.652452 -1.032384 0.947774 1.655664 -0.753522 -1.298345 0.292119 0.894123 0.998714 0.290298 -0.352642 0.828825 -0.033917 0.581969 -0.403484 -0.474353 -1.211619 -0.335696 0.219116 0.502207 -0.059397 -2.064806 0.855977 0.503346 -0.083880 -1.154072 0.382427 0.251055 -2.017077 0.559485 0.388920 2.213274 1.345144 0.573228 -0.420848 -0.051158 0.151727 0.945516 -1.274469 0.074071 0.971887 -0.106272 -0.478298 -0.892904 -0.650291 -0.441249 -0.035890 -0.775823 1.509241 -1.604291 0.233521 0.298804 0.178905 -0.935525 1.412225 -0.242260 0.035736 0.971975 1.019734 -1.335548 -0.144338 0.706095 1.292079 -0.054858 0.009698 1.414079 -0.162921 -0.934857 0.426081 -1.729456 0.080332 0.520790 -0.369594 -0.649002 0.842839 -0.245567 -1.203738 -0.461063 0.470869 -0.089905 -0.398509 -0.078417 0.259545 -0.687260 -0.278354 -0.263442 1.042094 0.742880 -0.246227 0.436620 -1.955992 1.944986 1.230936 -0.037046 0.170933 -0.804075 0.865509 -0.383564 0.827625 0.411251 -0.336776 0.341719 -0.855501 -0.064876 -1.109107 0.565059 -0.647524 -0.959526 -0.662584 -0.736457 -0.145428 0.699766 0.902204 -0.540903 0.045362 -0.813962 2.642558 -0.229411 0.896586 1.456797 0.669883 0.965522 1.132134 0.417291 0.613870 -0.826883 0.836685 -0.508963 -1.546270 1.008337 0.261052 0.510917 -1.263345 -2.753029 1.624293 1.346259 0.379456 0.100792 0.311168 -1.761414 -0.746919 -0.680515 0.447458 1.432343 0.178072 -1.119346 1.049075 1.122970 0.795834 -1.090561 2.860225 0.005034 -0.760228 0.598968 1.264227 -0.123845 -1.047714 0.019669 -0.268679 -0.568590 0.138960 -0.134129 0.178369 -1.602272 0.033347 2.022683 0.416733
-1.311340 0.195166 0.795561 -0.034689 0.503270 -0.470873 -1.498481 0.254061 0.734067 2.321677 -0.408414 -0.074026 -1.154366 0.476853 2.093821 1.610636 -0.168521 -1.906406 -1.130465 -1.726348 0.106996 0.060683 -0.664576 -2.380367 -1.078137 1.183731 1.503792 2.171943 -0.382853 0.537250 0.324816 -0.840760 0.008193 -0.318603 0.606296 0.815004 -0.189012 0.017509 -0.323833 -1.285318 -0.407874 -2.025495 0.532705 -1.969999 -0.735911 -0.295268 -0.631349 -0.837469 0.731618 -1.765141 1.826615 0.460216 -0.021393 -0.099081 0.843221 -0.908141 -0.166862 -0.110466 -0.052204 -1.276601 -0.526015 -0.296710 -0.485990 -1.001497 -0.180799 0.476105 -0.134778 -0.724655 -1.110253 0.589529 0.677749 -0.576926 1.792340 -2.148772 0.634719 -0.920978 1.734934 -0.189358 -0.366975 -0.402666 0.923836 0.112295 1.832208 -0.313217 0.794926 -0.112622 0.001518 1.476574 0.061171 -0.111389 -0.982261 -0.201443 0.841153 -2.098688 2.186030 -2.014737 -0.415891 -1.380562 -0.383435 1.195249 0.680333 -0.634973 -0.521607 0.229711 -0.371234 1.344399 0.074720 -0.866905 1.225390 -2.309764 1.478649 0.676251 -0.469193 0.696306 -1.886056 0.962093 0.288731 0.300023 -1.778202 0.871667 -0.494567 -0.546014 0.651844 -0.993280 -0.323826 0.479450 -0.221235 -0.750792 -0.191436 0.442984 0.478268 -0.705217 0.716443 -0.812259 0.345036 0.079885 0.373540 1.147125 -0.152425 -0.349784 0.295490 0.828535 -0.667975 -0.461235 0.606327 1.244674 0.575017 1.346229 -0.588772 -0.310970 0.302716 -0.142822 -0.285685 1.130285 -0.934677 0.449380 -0.636811 -0.091547 -0.336934 0.542405 -0.636596 -0.042143 -0.439284 -0.690883 -0.972904 0.969691 -0.958717 0.436909 -0.181355 -2.475282 0.263988 -0.245206 -0.154099 0.405809 0.129188 -0.127550 1.492570 -0.896995 0.406734 0.703399 -1.040896 -0.418948 -0.607665 1.074030 -0.538506 0.180428 0.987583 2.625301 -0.167904 0.456431 -0.844889 0.158976 1.409712 0.395624 -0.530267 -1.249747 -0.394377 0.924607 -0.968576 1.456085
-0.526152 1.079736 1.888005 0.407128 -1.428864 0.038872 0.131948 -1.060864 1.600704 1.149582 1.776836 0.084760 -0.335789 0.797281 1.151013 -1.297350 0.244763 -1.266040 0.481660 -1.100377 -0.887335 1.237487 0.050870 -1.134105 0.600341 -0.458130 -0.128600 -0.989890 -1.359912 -0.123548 -0.342662 0.428358 1.053719 1.641015 0.395319 -0.902821 0.455500 1.345933 0.961691 0.212872 -0.088547 -0.620328 0.002517 -0.751728 0.996392 -0.655783 -1.194192 -1.215759 -1.646053 -0.658122 0.185654 -0.052943 1.131590 2.115341 -0.078628 -0.367405 1.179432 -0.139702 0.718525 -0.198130 -1.803110 0.960755 -1.215418 -1.119570 1.927924 0.666016 0.914691 0.580051 0.047363 -0.126595 -1.539114 0.944629 0.595435 0.136043 -1.993810 2.467292 0.722762 2.083275 -1.346315 0.203295 -1.448993 -1.956975 0.946934 1.489534 0.295945 0.546200 -2.782358 0.090161 0.871016 -1.058053 0.368520 0.019791 -0.449976 0.951504 -2.185947 -0.543750 -0.429796 -1.555405 1.561508 -2.023977 -1.218199 -0.768603 -0.107761 0.738669 2.213970 0.002455 1.133368 0.863193 0.959390 1.016167 0.698295 0.068646 0.807138 -0.213877 1.334330 -1.280834 -0.352553 -0.223275 -1.453408 0.332502 0.834840 0.892135 0.955198 -0.491205 0.689773 -1.532034 -0.750796 -0.259527 1.815013 1.673465 0.826503 0.948357 0.793791 0.414917 -0.302544 0.028054 0.593276 -1.983003 -0.571843 -0.156461 -1.298466 0.759080 1.046154 0.658827 -1.225108 0.873182 1.141074 -0.200691 -0.483130 -0.964405 -0.266520 0.672333 1.118157 -0.636973 0.332630 -0.778061 -2.409782 -0.965024 -0.531370 -0.043642 -0.944364 -1.240360 1.324093 1.563870 0.029670 -2.229618 -1.663395 1.587248 0.744014 -0.015007 -0.750402 1.020616 0.966159 0.167320 1.050412 4.360121 -1.088813 -0.206522 0.151127 -2.264541 -0.095463 0.693723 1.364073 0.545711 0.217199 0.741770 -0.368451 -0.238566 0.542761 0.671694 -1.270752 -0.000235 -1.115745 1.213009 -0.270740 -0.426425 1.302131 -1.833927 1.174802 0.361529
-0.147496 -0.131119 -0.346992 -0.505980 -0.167575 0.778528 0.200280 -1.766777 -0.840062 -0.166811 1.901359 0.319178 -0.942482 -1.365813 -1.209906 0.771626 0.199544 1.767845 2.184912 -0.464019 -0.995495 -0.626801 -0.083450 0.812581 1.071589 -0.502977 -0.403602 1.134640 -0.858532 -0.655976 -0.768124 0.721384 -0.307091 0.916565 -1.933132 0.968945 0.500858 -0.839267 -1.234984 -1.159485 -0.707001 0.635242 -0.290477 -1.916803 -0.327459 0.007300 -1.361336 2.025501 -1.018730 0.573050 0.091643 0.953832 0.012028 1.058454 -0.632493 2.412277 -1.043035 -2.066901 0.072182 0.211223 -0.092698 -0.195913 0.201737 -0.837078 -1.065028 -1.614146 0.641483 0.652434 -1.309851 -0.001340 -1.408252 0.905141 -0.215908 -0.644586 -1.276440 0.074057 -0.911871 -0.018214 0.922115 1.186931 0.804779 0.587652 -1.466291 0.240448 -1.274551 -0.642991 1.350818 -0.586516 -1.173624 -0.764511 -1.041734 0.239928 1.201009 -1.076968 0.945210 0.676333 0.593649 0.391439 -0.613133 -0.190940 -1.730087 -1.174820 -1.284587 -2.683083 0.083644 1.028771 0.135269 0.164609 -0.188690 -0.416534 -1.145561 -0.938792 0.905461 -1.354585 -0.540919 -0.148649 0.081312 -0.406064 -1.221490 -0.178033 -0.725516 -1.072488 0.036607 -0.777560 -0.797755 -1.596564 0.601947 -0.959979 0.671532 0.695272 -0.218876 0.060029 0.244176 -0.807353 -2.185372 0.096236 1.240274 -0.162107 -0.169499 -0.249190 -0.553221 -0.063991 0.598539 -1.510807 0.569417 -0.071871 0.966748 0.104450 -1.522154 1.127907 0.152967 -0.116688 -0.809150 -2.215190 -1.277945 -0.305403 1.661468 0.920575 0.484790 0.246219 0.752632 0.351709 -0.825072 0.134622 1.578645 -0.028368 -1.747162 -0.095536 1.432996 -0.475854 1.105904 -0.118700 -1.752325 1.115824 -0.046882 -1.361832 -0.583647 0.962587 -1.068574 -1.986778 -0.192292 0.673613 -0.733040 0.215108 0.131637 -0.286994 1.371052 0.835311 0.441895 0.492960 -2.674749 -1.026075 2.507205 -1.683991 -0.738553 -0.033727 -0.556337 0.036511 0.343053 0.095938
0.331929 -0.153205 -0.051697 1.117593 1.223151 2.352437 2.324607 -1.859679 -1.125697 -0.112741 -0.091513 1.119731 -0.782785 -0.000609 -0.027875 0.009394 -0.166296 0.059333 -0.819807 -1.987625 1.787222 -1.508375 1.130502 -0.825342 -1.502844 -0.922901 0.069170 1.292529 0.795416 1.066150 -1.245412 -0.595697 -1.326849 0.641536 -0.752281 -0.679562 0.701687 1.126806 -1.299727 0.540938 -0.808091 0.462162 0.063902 -0.184576 -0.059057 -0.587400 0.356175 1.155557 -1.169409 -1.702918 -0.860456 1.988274 -0.548349 1.037051 -0.843302 1.925620 0.554090 0.304545 -0.353343 0.862410 1.889394 0.432193 -0.313242 -0.672198 -1.078284 -1.243597 -0.080526 0.771240 0.645407 -0.941154 -0.533757 -0.704804 0.652186 -1.530893 -1.873216 0.035978 0.434935 0.882470 0.337404 0.780637 0.506931 -0.384491 0.387177 0.356252 -1.063327 0.563249 0.761291 -0.481504 0.410503 0.769239 1.941108 1.554305 -0.532304 -0.234036 -0.182748 0.154660 0.069871 0.539709 -0.145909 -1.054965 0.966252 -1.310952 0.122450 -0.915236 -1.309071 -0.810433 0.070646 -0.645779 0.660381 -2.337900 -0.591292 0.137619 0.153910 0.605984 1.121246 -1.605757 -1.189004 0.857090 -0.524636 -0.482559 0.335052 1.102793 -0.697800 0.202443 1.681283 0.202479 -0.579732 -1.343066 0.162961 -0.072815 1.799974 -0.679980 0.449717 -1.771289 0.594668 0.322562 -0.661709 0.782923 -0.195366 0.797538 2.432594 0.931769 0.698120 -0.699673 0.811835 0.033446 1.296470 0.354346 -1.287320 0.432690 0.583309 -0.588328 -0.781243 0.409204 1.040438 -0.727795 -0.565814 -0.711126 0.300699 1.292173 1.233042 2.737137 1.574503 1.549991 0.234364 -0.541031 -0.680726 -0.075630 -0.561474 0.166800 -1.769452 1.066239 -0.117118 -0.155914 -1.268330 -1.475531 1.351828 0.937276 0.540781 -1.288088 -1.051345 0.925547 1.004985 -0.500015 -1.201920 -0.335997 2.268506 0.102689 -0.297686 0.817204 0.076940 0.348365 0.411501 0.185315 0.132232 -0.597182 -0.636885 -0.452143 0.600983 -0.174495
0.677936 -0.114416 1.139534 -0.838406 0.366012 -0.272054 -0.849102 0.835858 -1.687881 0.917642 2.049182 0.771471 -1.420329 -0.771915 1.165361 -0.707142 -0.887060 0.189792 -0.022790 1.068791 -0.329551 -2.034748 -1.255984 0.312190 0.588069 -1.454672 0.503041 -3.061481 1.435752 0.011810 -1.186463 -1.691437 2.491884 -1.178667 -2.740380 0.126136 1.477604 1.724261 0.842449 0.873034 -0.240767 0.531405 2.089314 -2.753244 0.597881 1.506862 -0.920337 1.337390 0.224466 0.263773 0.669581 0.066272 -0.506703 1.013718 1.929044 -0.446475 1.416234 0.649018 0.461354 0.784332 1.202831 0.735842 2.176846 -0.130614 -1.337965 -0.492552 -1.338886 -2.505902 2.145117 0.302802 -1.841389 -1.508612 1.549259 1.637184 0.421135 -0.557949 -0.213554 0.306251 -2.153078 0.617894 -1.704670 -0.541553 1.242735 -0.354945 -0.435383 0.475941 -0.983691 1.259093 -1.662367 -1.356324 -0.460686 0.022705 -0.016937 -0.594169 0.369024 -0.049783 -0.080688 0.111557 -0.144079 -0.191452 -1.491503 1.128402 0.613013 0.232954 -0.697484 0.133915 -1.735354 2.235847 2.461312 0.419984 0.340834 -0.243966 -0.883575 -0.371360 -0.429362 0.065959 -2.453839 0.328323 0.893550 -1.780706 0.059871 -0.140924 1.071933 -0.570597 -0.126147 0.963656 0.986153 0.035732 0.200297 -0.256237 1.646329 0.746795 -0.673058 0.451989 -0.209916 1.209759 1.209413 -2.870136 -0.832635 -0.068922 -0.132842 2.021067 0.949876 -0.021125 0.262932 -0.149592 -0.606477 0.661898 -0.087033 -1.211827 0.018114 1.613868 -0.390165 0.912597 0.155735 1.587834 0.941161 -0.500964 1.650234 -1.044040 -0.673559 1.686602 0.136366 -1.598559 -0.485613 -0.746543 -0.549630 0.937005 -0.410489 -2.875269 0.210302 1.556763 -0.301078 1.520003 -0.020804 -0.473543 -1.359390 -0.513919 1.945256 0.577561 -0.551416 -0.220623 -0.057704 0.372667 1.086858 1.150934 0.878340 0.807680 -0.188910 1.497736 -0.944798 2.690858 -0.944250 0.301666 -1.273672 -0.139979 0.094779 1.724733 1.860817 -1.144899
1.687436 1.116588 1.903024 0.135398 -0.811984 -2.158280 -0.134159 0.232078 1.446560 0.841702 -0.159639 0.465745 -0.111443 1.037539 -0.478457 0.932007 -0.312957 0.605354 0.205027 -1.645115 0.008226 -0.844192 -0.944148 -0.202014 0.018369 -0.214927 -0.240168 -0.134987 -0.805856 -0.167059 0.014919 0.213139 -1.422903 -0.531855 0.029650 0.317114 1.696018 1.997359 0.079712 0.313950 -0.469346 -0.411075 -1.580862 -1.728062 1.571793 0.313836 0.517181 1.806613 1.534545 0.032335 0.033787 -0.774034 -0.106654 1.546874 0.735103 -0.255071 -2.115563 1.529957 -0.403697 0.148470 2.185476 0.649640 -0.062728 -0.445436 -0.776500 0.504665 -0.020542 1.065453 -0.585072 0.685767 0.700702 0.042749 -0.798636 0.548487 0.494866 -0.596535 1.535204 0.309199 -0.781197 -1.786107 -0.873294 -0.483056 0.506299 -0.206528 -0.824897 -0.934613 0.322545 1.574832 -0.724085 -0.249286 -0.731027 1.096512 1.107267 0.688978 1.599411 1.488485 -0.906473 -0.267622 -0.670714 -0.584879 0.032572 1.305502 -0.191702 0.987768 0.241136 1.539470 -0.041627 -0.812719 0.727010 0.328979 0.642498 0.117874 1.335116 0.622850 -0.663494 -1.203377 -0.792852 1.429747 1.142427 0.268429 -0.372970 -2.077843 -0.511663 0.602551 0.894646 2.057317 -0.862877 0.176461 -0.756851 -1.339362 0.210899 -1.340816 -1.054518 1.700272 1.265528 -0.716415 1.027050 -0.584279 0.119132 -1.249099 -0.011673 -0.112308 -0.222509 -1.694584 1.999066 -0.521110 -0.617884 0.330085 0.340529 0.308342 0.919189 0.916325 -0.718440 1.160782 0.077921 1.005653 0.493241 1.194114 -1.576038 -1.906365 -1.751382 -1.434139 1.036875 -0.731284 0.711171 0.591443 0.860300 1.676563 -0.002245 0.321180 0.297840 -1.634477 -1.083028 -0.120171 1.573049 0.211738 2.400338 -0.646455 -1.775224 -0.563442 1.063011 0.146782 -0.499236 -0.654393 -0.112729 -0.687812 -0.333067 -0.478716 0.082918 -0.019122 -1.019948 -0.284119 -0.782931 -0.267086 -0.418647 -0.709716 -0.290974 1.171455 0.497228 -1.209362
-0.285834 -1.272164 0.877436 0.339830 -0.625840 1.002458 0.522411 -0.620135 0.020699 -1.215599 -0.484223 1.066065 0.534470 0.886640 -0.703252 -1.229716 -1.846488 -0.827094 1.150043 1.547596 0.143388 -0.430383 -0.365520 -0.759619 0.383629 0.301728 0.797538 2.111868 0.409890 0.593733 -0.013548 -0.818404 0.127543 1.337238 0.531057 0.624532 -0.709452 -0.104779 -0.718571 0.504287 -0.502812 1.192088 -0.742546 0.117623 -1.464510 0.211875 0.377283 -0.205754 -2.006780 0.611197 -0.727399 -1.957949 1.314716 0.890538 -0.867228 -0.929933 -0.541981 1.364999 -0.680025 -0.740123 -1.077901 0.302469 -0.675099 -1.797798 -0.126171 0.576250 -0.534785 0.774309 -0.263329 -0.109152 0.152199 0.277300 2.066973 0.947005 -1.016604 -0.350237 -2.798492 0.668801 -0.943162 1.042726 -0.366327 0.254908 -0.268309 -1.343666 0.659153 0.597049 1.009543 0.350892 -0.045516 -0.928508 -1.220393 -2.167694 -1.033831 0.349519 -0.311005 0.424644 -1.327408 -1.453460 0.394788 0.200072 0.162506 0.131925 0.946673 -1.404855 0.011408 0.392637 0.493140 -1.278612 0.558304 1.899521 -0.005455 1.330223 1.960276 1.093965 -2.496119 0.686526 0.731969 -0.991517 -1.331527 -1.380265 1.530131 1.195871 -0.357128 -0.289750 -1.146873 0.599760 1.315304 -1.004142 -0.161992 -1.190913 -1.243085 -1.505681 -0.070562 -0.655942 -2.667732 0.443315 0.209556 0.946103 0.189693 1.006301 -0.321422 -2.520633 -1.195339 1.357841 -0.691401 1.119264 1.499765 -0.232789 -1.498370 -2.939911 -0.381104 1.968086 1.420535 -0.063853 0.425355 1.345913 0.281918 1.384602 -0.783902 -0.348118 0.774108 0.012805 2.284848 -0.215015 -0.834714 0.150998 -0.169798 -0.484978 0.976957 0.067623 -0.373528 -1.330755 -0.994997 0.548157 1.103123 0.204598 -0.411233 -0.634343 -0.210120 0.825775 0.653514 2.095568 1.966651 -0.156880 0.863588 0.899864 1.906448 0.007409 -1.823249 1.586675 -0.051055 0.192420 -0.903272 -2.025630 1.001053 -0.825476 -0.518945 -1.226589 -0.167489 1.696935
-0.476224 0.149616 1.222640 0.608665 0.646976 0.354097 0.611711 0.520643 -1.395672 0.439809 -1.738813 -1.041208 -2.030814 -0.588027 -0.188070 0.262454 -0.340888 -1.979601 -0.588629 -0.469893 1.842598 1.681656 1.482837 -0.505064 -1.051039 -0.752415 -1.854474 -0.423832 -1.188587 -0.100179 0.972658 -1.333873 0.030810 0.399317 -0.966184 -0.030990 -0.684412 0.531829 0.527877 0.276158 0.751614 0.223918 -0.348532 0.803282 -0.423411 -0.020565 0.850207 -0.322329 0.057400 1.063760 0.032008 -2.142877 -0.459100 1.293143 0.708649 0.262899 -1.043519 -0.518047 -0.140500 0.041667 0.583761 0.373166 0.319898 -0.158058 0.681570 0.824767 0.781220 0.329781 0.847742 -0.491462 -0.624979 -2.287382 0.677243 0.438604 0.506121 1.091581 0.408514 0.992933 0.342149 -0.293217 -1.583606 -0.479635 -0.832814 0.257337 0.935413 -1.245802 -0.710715 -2.476864 0.104558 -1.123939 0.609021 -0.246970 -0.293913 1.116988 -0.000939 0.133937 -1.967918 -0.090313 -0.942253 -0.411145 0.603589 -2.146598 -1.790662 0.093573 -0.932733 0.687326 0.453785 0.527490 -0.186570 -0.513689 0.893963 -1.776080 1.275078 -1.211243 -0.150139 -0.283663 -0.441941 -0.041229 0.884835 0.120092 -0.756299 -0.553642 1.676494 0.225090 0.833852 -0.978937 0.788063 0.854005 0.912083 -0.317785 -0.303924 0.241844 0.710674 -0.296400 -1.403423 0.845793 -0.723671 1.291654 2.524141 -1.332266 0.897323 1.588341 0.235742 -1.473351 0.387087 0.779461 -1.791015 0.258567 -0.811835 0.555895 1.129469 2.507171 0.741648 -0.122589 0.458412 1.520173 -1.498487 -1.001928 -0.359883 -0.407884 0.099337 0.480003 -0.319456 -1.290589 0.076452 0.303142 0.304916 0.794797 0.313663 -0.370578 0.062086 0.138250 -0.260761 1.042136 -1.229733 1.121121 -0.044229 -0.933364 -1.146495 1.031891 -0.469458 -1.694703 -0.411583 0.158942 0.092164 -0.052133 -0.652305 -0.030986 0.866993 -0.245364 0.559268 1.249050 -2.256432 -0.497924 0.618888 -0.620490 -0.801010 -0.031010 0.863952 0.586264
1.022418 0.612926 -0.761257 -0.688729 -1.650240 0.551150 0.904905 0.034450 1.023091 2.106777 0.470665 0.128381 -0.330620 0.848846 -0.886199 -0.726293 -0.297247 0.257620 -0.091251 0.810973 -0.504575 1.067361 1.172791 0.021595 0.794811 1.735593 1.359459 -0.022496 0.454235 0.421782 1.456283 0.763666 2.218045 -1.426629 2.129631 -0.304299 1.355072 -0.068426 0.586403 0.481607 0.450756 -0.695872 -0.022742 -1.443886 0.343123 -1.386772 -0.846485 -0.109088 -0.856332 -1.641444 1.702716 0.667686 0.062581 -0.374888 -1.124148 0.061849 0.241436 0.599562 -0.134956 0.696509 -0.294240 -0.776526 1.255740 -0.699730 -2.212918 0.848541 -0.804153 2.042014 1.540654 1.708735 -0.408983 0.390554 1.284690 0.244549 0.743702 -0.787258 -0.481594 1.620061 0.134032 -0.779819 0.248373 0.420931 1.344131 -1.709014 -1.659365 0.664660 -0.659607 0.757108 -0.307473 0.198259 1.000148 0.185238 -0.669405 -0.804978 0.470277 -0.573812 -0.373148 0.911712 -0.945936 0.225264 -0.063122 1.629692 1.201109 -0.109669 0.334400 -0.867103 -0.221576 -0.096373 2.028263 -1.024401 -0.235673 -1.047569 1.630936 -0.097615 0.867308 -1.783482 -0.838293 2.139068 -2.383749 -0.261436 0.391507 1.252970 -2.267148 1.386247 -1.530032 -0.540290 0.471219 -0.517307 0.079765 -0.463921 -0.732745 -0.933788 -0.132667 -0.276993 1.236330 1.709158 1.525795 0.358495 1.446571 1.136149 0.061618 -0.469705 1.729235 -1.610650 1.876496 -1.550311 -0.093181 -0.790391 -0.056241 -0.728234 0.856529 -0.444006 0.101088 0.047442 -0.589915 0.722478 -0.678060 -0.719659 0.686178 1.021003 0.143210 0.437330 -1.075966 1.371095 -1.506105 0.169323 0.524492 0.197968 -0.460883 -0.535419 0.072523 -0.921376 -0.815615 0.274352 -1.482748 -0.373636 0.992983 1.422932 -1.498790 0.440526 -1.746218 -1.173300 0.791092 -0.700082 -0.721270 1.537410 -1.168629 -0.773791 -0.614351 -1.772930 -0.408535 -0.115165 0.576113 -0.806123 -0.245391 -0.723629 0.568582 -0.006402 -0.917314 0.098863
1.598312 1.834614 0.197236 0.213130 1.105796 1.659366 1.882205 -1.378094 1.133264 0.151438 0.357486 1.538213 -0.583189 -0.343448 0.747171 0.026880 -0.725501 1.326827 0.793886 0.720123 -0.473634 0.327003 -0.569512 0.446927 0.738368 0.281179 -0.936885 -1.602303 0.327916 -2.099270 -0.359576 -0.597960 -1.610002 -1.042308 -1.238681 1.047216 -0.723937 -2.060815 0.077772 1.548589 0.700648 -0.875292 -0.787794 0.975437 -0.124992 0.490640 1.408630 0.638535 -0.981869 0.077803 -1.438729 -0.817195 0.659878 -0.061831 -1.913398 -0.534149 0.482390 1.839418 0.094413 -0.299304 -0.081470 -0.968520 0.139384 2.290431 -1.165917 0.818391 -0.028382 0.629134 -2.182461 -0.183414 -0.258827 1.673901 -0.249035 -0.347101 -1.979145 0.321247 -2.512214 -0.048469 0.903225 -1.023805 0.809672 0.286482 0.669740 1.305190 -0.544359 -0.037729 0.504966 -0.202628 0.307652 -1.319516 1.037315 -2.361772 0.700591 -0.094733 0.108789 -0.179178 0.208800 -0.889136 -1.372570 -0.728551 -1.856326 0.021583 2.018413 0.522173 0.114023 1.226554 1.180541 -0.619254 -1.283870 -0.025269 1.994920 1.258131 1.974578 -0.016101 -1.947970 0.691981 -0.270360 -0.962988 -0.342261 0.024182 0.116590 -0.333501 -0.589140 1.622266 -0.821503 -1.133169 -0.403908 -1.216464 0.699152 0.284591 0.468292 1.857933 0.843334 -0.737180 2.111507 1.522816 -1.050523 0.118725 -1.670066 0.603429 1.086801 0.191106 0.489969 0.749321 -1.109498 1.204648 0.449689 -0.521048 0.157101 -0.690783 2.934305 0.448905 0.612994 0.623198 -0.187193 0.596010 0.133388 -0.554052 0.626486 -0.410796 -1.040184 0.764126 2.683531 -0.142446 -0.234264 0.158827 1.056381 -0.126074 0.529806 1.119688 -0.849018 -0.677065 -0.508305 0.013145 -0.350343 0.709592 0.867469 -1.610005 -0.754689 -1.013976 0.316600 0.490337 -1.784210 -0.126486 0.469380 -0.324963 0.409568 -0.681752 -0.167224 0.811366 -0.381746 1.848931 1.136890 1.197277 -1.939432 1.087581 1.119714 2.338429 0.904472 0.622172
-0.410788 0.558398 -0.993182 0.854128 -0.091373 1.263957 -0.702498 0.623200 -1.617375 -0.861396 0.722457 0.185183 -0.643539 -2.068874 0.432315 1.213193 0.063052 -1.654541 0.835565 0.808298 -0.894914 1.066854 1.475800 -0.390271 0.224585 0.308462 -0.168969 1.438539 0.104735 -0.383008 -1.071873 -3.219095 1.402897 -1.537081 -0.161450 0.873454 0.099257 -0.670211 1.774016 1.919210 -0.884829 -0.442650 2.354952 0.613252 0.359465 0.270374 0.253867 -1.433866 -0.053840 -0.403658 -0.632832 -0.145842 0.047482 0.999777 -0.646549 -1.210940 -1.511070 -0.624119 -0.080488 0.160015 -0.309363 -0.107400 -0.955927 0.510767 -1.560026 1.289597 0.023801 0.504989 -0.530318 -1.312581 -0.725806 0.037007 0.193639 -0.831183 -1.251251 -1.903742 1.199115 -1.386067 -0.463121 -1.968826 1.143372 0.522677 0.370019 0.217579 -1.279616 -0.182942 -0.531607 -0.412554 -0.685573 -0.814694 -0.032249 -1.888722 -0.101238 -1.349731 0.803924 1.321004 0.526354 0.359801 -0.588260 -1.128330 -0.021193 -0.446325 0.554400 -0.662138 -0.702330 1.456514 -0.786931 0.381017 1.595491 0.271205 0.482933 -0.280228 -0.871117 1.063225 -0.536490 0.102062 0.851077 -0.473024 1.098330 0.553781 0.486953 -1.055975 -0.034330 0.361616 1.174526 -2.201851 -0.967740 -0.664376 -0.474110 1.306613 0.772465 0.270513 1.009902 -0.281992 -0.405162 -0.280153 -0.044530 0.228748 0.518198 -0.741877 -0.076239 -0.531545 0.646969 1.845979 -1.440763 -0.008495 -0.189955 -2.664766 1.305243 0.096806 -2.401129 1.249868 -1.207540 0.964277 0.298043 0.586707 0.249689 -0.637957 1.388595 -2.381915 -0.136787 -1.056413 0.312814 0.658586 0.142781 -0.483227 0.238303 0.062528 0.839292 0.219853 -0.975202 0.571286 -1.632944 1.062558 0.701722 -0.969770 -0.132783 -0.375205 0.453047 1.305645 -0.782652 0.509816 0.471669 -0.195885 1.696601 0.885598 -0.191704 1.109572 -1.284822 0.527089 0.784998 0.508728 1.318960 0.652971 0.388184 -1.032046 0.144547 -0.891658 0.111398 -0.156991
-1.084021 0.570006 0.791633 -0.573514 0.525722 -1.143517 0.084601 0.640210 -0.738864 0.381998 0.888644 0.110099 1.271945 -1.657093 1.323573 0.316424 -0.708416 -0.631373 0.434944 -0.553995 -0.707397 0.253523 1.166226 -0.005512 -0.646654 -1.438544 -0.944987 1.882356 1.071114 0.750627 -0.793494 -0.793525 0.048339 -0.272498 -0.437377 0.265236 -2.755145 0.250179 0.027867 -1.409493 0.687694 0.383115 0.871614 2.996328 -0.339178 1.220865 0.658151 -1.109489 -1.419804 -0.439031 0.032742 -0.795123 -1.491507 -0.644255 0.325920 -1.639446 -0.703396 -0.764901 -2.901814 0.475800 -0.242460 0.381025 0.156101 1.257627 0.960294 0.797930 0.244077 0.400083 0.149868 0.171666 0.271839 0.053655 0.732421 -1.406779 -1.043741 0.150848 1.684213 0.467538 0.647842 0.769258 -0.295842 0.888594 -0.200346 1.338437 -0.483184 0.391311 1.604645 0.292270 1.288366 -1.432659 -0.170266 0.575728 -0.086666 -0.095442 0.820818 0.003894 0.477293 -0.253844 1.058932 0.053189 0.669026 -0.074388 0.444211 0.005718 -0.702362 -0.882927 0.694865 -1.260020 1.814693 0.791992 -1.332604 -0.259577 0.134559 0.657990 0.594801 0.344467 -1.938937 -0.954805 0.007070 -0.770802 1.060313 0.944114 -0.917926 -1.663826 1.528537 0.469459 -0.121745 0.229919 1.018267 -0.781003 -0.282333 0.404372 -0.316989 1.194387 1.000526 -0.499419 1.679657 -0.651972 1.814747 0.316482 0.639068 0.849917 -0.452810 1.269422 0.456164 -0.539614 1.664704 -0.563766 0.228694 0.659168 1.256872 -0.387129 0.984831 -0.058273 0.852925 0.734704 0.288650 0.225233 -0.640403 0.726835 -1.409505 -1.420507 -0.693417 -1.530860 2.406605 0.685311 1.072509 -0.265960 -0.129144 0.991975 0.230969 2.879506 0.175067 0.938940 -0.968536 -2.097872 0.363502 -0.773783 1.227644 1.322587 0.376882 1.681548 -1.050294 -1.229390 -0.309751 -0.898786 1.338490 -1.801191 -0.107886 1.350246 0.246472 1.569184 0.831848 -0.523243 2.389778 -0.225909 -1.842238 1.933088 -0.331274 0.081291
0.004698 -1.740079 0.191952 -1.585474 -1.166544 -0.619925 1.841663 -0.361976 0.363722 2.026697 -0.714578 -2.257749 1.949117 0.028017 -1.556514 -0.176332 -0.619812 -0.663558 0.260192 -1.203499 0.180196 -0.323810 1.686190 2.137211 0.978125 -0.988072 0.997699 0.548699 -0.032189 -0.269740 0.704473 -1.078227 1.766336 0.784795 -0.418071 0.772801 0.503633 -0.471315 0.345753 -0.884340 0.930231 1.753459 -0.592857 -0.271590 -0.184685 0.559512 -1.590353 0.086759 -1.437120 -0.660524 0.178381 0.233288 -0.583073 0.732663 -0.237460 -0.523994 0.616092 -1.378426 0.144953 1.221606 -0.439091 -0.255128 0.060259 -0.756736 -1.022718 1.218029 -0.991499 0.483923 1.057620 0.517656 -0.565298 -0.041542 -1.039280 0.695766 -0.309118 -0.882629 1.559346 0.633519 0.943808 -1.156588 0.553244 -1.516968 -0.348292 0.042196 1.229916 0.998586 -0.458687 0.787907 1.667831 0.578509 -0.075676 -2.010132 -0.247483 0.867232 0.245997 -1.795551 2.177200 0.858579 -1.627326 -0.080858 -0.110675 -0.384371 0.580953 0.169830 -0.923257 -2.398040 0.419781 0.317925 0.908021 0.501011 -1.331045 0.189977 -0.660725 0.018918 1.624287 -2.798505 0.450459 -0.621180 0.165649 -0.978067 -1.862840 -0.073751 -1.195111 0.635550 -1.249627 -1.760242 1.272846 -1.589184 0.787074 -0.692472 -0.362907 0.008474 -1.653293 0.111300 1.723190 -1.062273 -1.368531 1.362924 -1.480592 0.668981 -0.825354 0.972074 0.342427 1.609061 0.455365 -0.005306 1.587342 -0.088868 0.639935 -0.232508 -0.394297 -0.924315 -1.044839 0.817534 -0.244926 1.558238 1.574931 -0.147354 -0.388700 1.038368 0.542053 -1.753494 0.771386 1.602610 -0.251502 1.306990 -0.766433 0.448529 -0.917706 0.763312 -0.159779 1.238564 -1.942238 -0.154462 0.443193 1.712328 -0.185115 -1.463599 -1.636547 -0.240438 0.078612 -0.742756 -1.283197 1.378864 -1.451641 -1.223620 -0.708654 1.041323 -1.680736 0.773687 0.619231 0.319265 -0.088501 0.813015 1.533696 -0.092041 -0.167032 0.201515 0.120710 1.240583
1.417151 0.147895 1.814087 -0.512231 1.013377 -0.929816 0.901515 -0.550222 -0.095543 0.560454 -0.566731 -1.106330 -1.609349 -0.323350 0.600019 0.666332 1.853310 0.922811 -0.795456 0.245411 0.665282 -1.335836 0.043605 0.554326 1.697526 0.086162 -0.282784 0.265272 -1.532797 -0.046500 0.846473 -0.888389 0.226292 -1.242824 -1.317644 -0.680088 1.268015 -1.311929 -0.843770 -0.373892 -0.221514 -1.329392 -0.566076 -1.504428 -0.782281 0.838628 -0.834480 0.076372 -1.018668 0.503777 -0.571223 -0.142878 0.048121 1.238223 -0.333286 0.860040 0.119191 0.350097 -1.497289 -0.667116 -0.512315 0.728896 -0.338473 -1.025886 -0.116341 1.218463 -0.367506 -0.048865 -0.062728 -0.306738 -0.462957 2.402922 -1.466297 1.340648 -0.720044 -0.966077 -0.468010 -1.996233 0.018116 -1.036211 -0.325696 -1.491363 1.202548 -0.237177 -0.108107 0.395843 0.645223 2.502600 -0.699486 -0.786773 -0.228333 0.525371 0.551033 1.321318 -0.130042 0.145482 0.795768 0.311941 1.527792 0.763194 -0.143820 -0.330372 -0.214525 -0.546584 0.614362 0.718589 0.011621 -1.074217 -0.654632 2.916499 -1.594094 -0.393273 -0.845073 -0.994444 -1.301676 -1.602579 0.204405 -0.602755 2.031282 -0.308557 0.571383 0.942509 -0.383895 1.054246 -0.013815 0.655394 0.557811 -0.548070 0.971261 2.136122 0.491391 -0.744095 0.347472 0.322735 0.567248 0.692050 1.187884 -0.495644 0.326645 -0.772570 -0.229106 -1.219058 0.984313 0.636298 -1.188233 0.013819 -0.880365 -1.042715 1.155172 0.650016 -0.084180 -0.102377 -0.944640 -0.944756 1.720773 -1.236839 0.575874 -0.474966 0.336754 0.472780 -0.400115 0.975106 0.264464 1.643524 -0.920645 -1.281939 1.165597 1.487428 0.622763 0.030074 0.650366 -0.032389 1.478393 -1.001902 1.889752 -0.814633 0.500140 1.977739 1.299959 1.018242 1.589868 -0.973059 1.226285 -1.770264 -0.061552 1.104444 0.045049 1.006666 0.011545 0.262076 -0.755179 1.208823 -1.635724 -0.169031 0.591917 -0.337723 -1.818561 -1.410925 0.788703 1.696043
1.834064 0.719075 1.506632 -0.829546 -3.211468 -1.582098 -0.323925 0.638545 0.802475 1.242998 0.811098 -0.932246 -0.162202 -0.167169 -0.944865 -1.043403 -2.046346 -0.778788 -0.415926 0.053377 -0.195416 -0.337664 1.496104 1.036427 -0.814070 1.465111 0.952054 2.488657 1.098020 1.918542 -0.787233 0.111016 1.919677 -0.390713 0.758542 1.299366 0.162997 -0.884541 2.293868 -0.923332 1.225360 0.266573 -0.550704 -0.005307 -0.539452 0.603275 0.510479 0.084135 1.499241 -0.588070 -0.038256 1.617475 0.871954 -0.237812 1.688324 0.128811 0.520585 1.011993 -1.306839 -1.231844 0.466470 -0.216492 -2.022807 -0.023952 0.158058 -0.272138 0.622497 0.868435 -0.029326 -0.598104 0.919997 -0.245826 -1.097108 1.396900 0.354390 0.180297 -1.865050 -0.499087 -1.289969 0.840549 1.337281 -0.179150 0.959249 -0.735993 0.102964 0.455830 -0.066415 -0.397811 -1.175516 -1.079258 1.485462 -0.061436 1.268323 -0.064345 -0.081555 -0.561488 1.523578 -0.979685 0.077111 -0.360173 -0.838971 1.050585 1.255670 0.600110 1.146810 1.057542 0.725648 0.189261 -0.835103 -0.625867 0.303417 1.486877 -0.204776 0.738188 0.988721 -1.379534 0.809052 -1.205389 -0.352350 -0.260158 1.704871 -0.396021 -0.313751 -0.286565 0.908143 -1.074230 -0.932253 1.532259 -2.292552 0.434863 1.191691 -2.180270 1.231921 0.028939 -0.653092 1.387668 -1.811248 2.014437 0.021969 -1.422296 -0.189224 -2.030518 0.573811 -0.607936 0.509171 -0.152506 0.456744 -0.748405 -1.291600 -0.562068 0.766317 -0.263714 0.016326 -0.637546 -1.436872 -1.247327 -0.446012 0.192732 -0.039420 0.693683 0.504203 -0.820823 -0.014359 -1.491703 0.931972 0.142602 -1.502147 -1.392282 -2.114600 -0.147347 -0.185172 -1.269144 -0.864110 -1.116886 -1.630083 1.690152 1.413934 0.677874 0.568142 -1.642089 -2.680949 0.669316 -0.742817 -0.056444 0.734748 -0.270892 -0.372592 0.641336 0.432505 0.419722 -1.569795 -0.052540 -0.717864 -0.244843 -0.159609 0.786977 0.731021 1.304436 -0.638469 -1.261505
0.866925 -1.317394 -0.219340 -1.218309 -1.591381 1.259805 0.945741 -0.975207 0.474357 -0.718209 1.271717 -0.443363 -0.919363 1.426953 0.447301 -0.129789 -0.203886 0.524503 0.642783 -1.648303 1.033983 -0.823626 0.488204 -0.285938 -0.468105 -1.079555 0.118414 0.585656 -0.743264 -0.748285 0.411000 -0.448354 -0.033285 -0.937081 -0.839298 -0.376282 0.081841 -1.167841 0.513918 0.770369 0.017320 -0.320505 -0.873822 0.945028 -0.254143 -0.623371 0.520969 0.462893 0.600280 0.167090 -0.761282 -1.566287 1.214538 0.147703 -0.319434 -0.620746 -0.739531 -0.510860 -0.754089 0.023071 0.874233 -0.969949 0.201390 -0.964715 0.039422 -1.505965 2.849598 -0.103821 -0.183813 0.075211 -1.290456 -0.930138 -1.589085 -0.639649 0.078865 0.815342 1.124400 0.897584 0.716633 1.355349 -0.061228 1.928872 -0.092790 -0.016368 -1.181771 -0.838112 -1.059352 -1.670024 0.553621 0.284220 0.089559 0.419368 0.113784 -0.504266 1.264959 -0.411187 0.028255 0.595137 -0.042708 -0.090891 0.635702 -0.092146 0.047938 -1.109496 -1.885892 0.909574 -0.401002 -1.759859 1.195267 1.266428 -0.204493 -0.425040 -0.334301 -0.144314 -0.426367 -0.231203 0.131213 1.175866 0.899018 0.855651 -0.831818 -0.512184 0.808478 1.300101 -0.929760 -0.279850 -0.027417 0.587169 0.239047 -0.856295 -1.285746 0.495626 -0.820019 -0.695666 -0.997346 -0.814525 -1.835426 -1.223809 -1.231947 -0.619494 0.129003 1.065629 1.211363 0.106831 -0.759749 -0.316650 -0.811148 -1.556142 -0.701629 0.814125 -0.585601 0.128533 0.131121 0.514920 -1.395639 0.060640 -0.823824 0.144701 -1.398011 1.489516 0.564995 0.507706 -0.700896 -0.766033 -1.592938 -0.287194 -0.749177 1.923739 -0.030790 2.100527 0.605442 -0.327439 -0.515603 -0.696447 -0.323726 -1.117381 0.625106 0.144892 1.275205 0.905798 1.170184 1.461003 0.402961 -0.726380 1.082750 0.310120 -0.201835 0.564379 -1.521942 -0.503862 0.838766 -1.316050 1.115521 -1.527294 0.059696 0.543513 1.357090 0.187006 -0.097502 -0.215316
-0.442063 -0.264539 0.512094 -0.147980 0.573590 -0.801945 0.520117 -1.085458 -0.404249 2.218450 0.850621 -0.066923 0.298766 0.574429 1.882923 0.788161 -0.987304 -0.211689 0.404846 -1.103002 1.390154 0.711156 -1.223836 1.343776 -0.454535 -0.052029 0.036053 0.259141 -0.051116 -1.759889 1.376826 0.145097 2.081260 1.275590 -1.544569 -0.567297 -0.133607 0.460793 -1.381388 2.311608 2.477775 1.078610 -1.033605 1.067624 -2.160348 -1.306641 1.598163 1.189730 1.952917 -0.201802 0.343893 0.889830 1.939704 -0.320244 -0.385704 -1.639348 -1.939106 1.286777 0.518384 0.039844 0.286977 0.680234 0.054512 -0.621833 -0.315224 0.656781 0.955928 -0.215547 1.107534 1.513465 0.499360 -0.273275 1.731018 -0.253581 -0.337577 -0.389500 0.011360 1.201852 -0.105001 -1.049449 0.582804 -0.182162 0.308489 -0.315609 -0.505706 0.909613 0.933878 -0.590211 1.105315 -0.123142 0.195183 0.650948 -0.718136 -0.095835 0.427087 0.519701 0.461919 0.026266 -0.217484 1.954995 0.163580 -0.760615 0.758975 0.031657 0.105074 0.712924 2.198938 0.809330 0.347794 1.903355 1.486878 -1.474795 1.670974 0.647739 -0.817347 -0.167824 0.978077 -0.123270 1.338823 0.756991 0.068684 -0.609095 0.845127 0.107319 -0.325522 0.327178 0.200332 1.304487 -0.053044 0.645194 2.108595 -0.034032 -0.453843 -0.217603 -0.714640 0.861633 0.413050 -0.039844 0.346980 -1.422547 1.049058 -0.086913 -0.333263 0.048704 1.736914 0.258559 -2.212715 -0.451998 0.340059 -1.039104 0.572875 -0.388216 1.313669 -1.098637 -0.527481 -0.574616 -0.001986 -0.151153 -0.601056 0.640468 -1.058876 0.737701 0.752890 -0.666250 0.746932 -0.353931 -0.195243 -0.642997 0.672385 0.206755 -0.783135 -0.336387 0.915722 1.446732 -1.463759 0.377628 -0.001926 -0.480890 1.315886 0.042666 2.624442 -1.635366 -1.577805 0.590107 -0.937806 0.759599 -0.747794 0.597112 0.596610 -0.666009 1.090617 -1.766434 -1.454936 -1.385557 -0.375115 0.425268 0.204793 0.609289 -0.171180 0.967763
-0.205054 1.768721 -0.868045 0.151235 -0.392310 -0.224262 0.313799 0.587468 -1.214775 0.725091 0.304661 0.085226 -0.482986 -0.622206 0.771015 -0.919089 -0.326761 1.077161 -0.984429 0.557829 -1.324690 -1.535077 -0.567169 -0.456982 0.880221 -0.399997 0.110554 -0.387959 0.877604 0.718796 -1.380772 0.540676 -1.027929 0.562864 -0.685785 -1.137899 2.573935 -0.998915 -1.552669 0.827948 0.355212 -0.879592 0.931834 0.137270 -0.611333 -1.434102 -1.427945 1.690223 0.113871 0.381804 -0.550528 0.734633 -1.535615 -0.331010 -1.590244 1.302637 -1.316239 0.578673 -0.257298 -0.116937 -0.331907 -0.004061 -1.335241 -0.251155 0.211506 0.729000 -0.819302 -0.747854 1.086742 -0.011254 1.319335 0.121618 1.231258 1.151660 -2.212008 0.194136 1.287351 -0.683670 -0.622412 0.865029 0.874909 0.000504 1.539101 -0.219487 2.309948 0.108577 3.081587 -0.723177 -0.332426 -0.226301 0.499073 -0.537514 -1.277191 -0.555436 1.437098 -0.294845 1.091123 0.463823 0.308038 1.025907 -1.100210 0.729897 -0.989560 -0.203536 1.061276 0.049704 1.670005 0.082134 0.468290 1.180803 -1.346351 -0.045769 0.142420 -1.104498 1.890740 0.370896 1.605946 2.036829 0.289564 -0.294674 0.940719 1.979368 1.122010 -0.144211 0.627927 0.290898 -0.826452 0.558048 0.801976 -0.538163 0.626302 0.310919 0.076190 -0.128951 -1.694219 -1.017883 -0.345830 -0.300892 0.229892 1.195213 1.068967 1.300453 0.734355 -0.022513 -0.153248 0.611062 0.573324 -0.266524 2.014407 0.217303 -0.833980 0.491533 0.117643 0.090003 -0.532379 0.996948 0.189466 0.057518 0.402827 -0.081731 -0.407943 -1.432538 -0.436028 1.603878 -0.111973 -0.810448 -1.145547 -0.684727 -1.263498 0.611870 0.341842 -0.235022 -0.624310 0.265106 -0.357567 -1.219249 0.075589 -2.330826 -0.414932 0.829570 0.768656 -0.427006 -0.961889 -0.784922 1.763830 0.876225 1.218651 -0.549458 0.318123 -0.317159 0.170205 0.788458 0.063278 -1.264009 -0.236813 1.692195 0.078575 -1.967252 0.558061 1.368520
-2.786767 0.601254 -1.454216 1.287574 -0.592936 -0.695711 -1.275403 1.909754 0.163650 0.521272 0.101075 0.854082 -1.280463 -0.010775 -1.130658 -1.635872 -0.647196 -0.094113 1.509783 0.199133 0.611723 -0.224613 0.271600 -0.398596 -1.919698 -0.320366 0.015026 0.084651 -0.704336 0.891696 0.175096 -1.139582 -0.366632 0.715405 0.128565 2.178225 0.738073 -0.280130 0.618641 -0.158560 0.420254 1.925992 -0.922031 -0.174857 0.532551 0.201803 -1.057027 -0.300038 1.864038 0.563524 0.010212 -0.400403 1.964608 -0.411887 0.110983 0.718012 -0.483443 -0.601512 0.217305 -0.557346 0.108870 -0.963356 -1.028908 -1.573251 0.963755 -1.372212 0.206387 -0.773270 -1.749514 -0.355713 0.357038 0.455120 1.782351 0.377725 -0.369413 -1.983419 -0.276795 1.318961 0.019300 -0.125779 0.736040 -0.417035 0.207523 0.329774 0.852165 0.422829 0.519539 -0.077719 -0.357172 -0.996649 0.164274 0.964177 0.395223 2.109991 -0.580205 -1.807049 -0.116487 -0.716202 -0.437415 0.915739 -1.795685 -0.143129 0.399079 -1.844740 1.757678 -1.861922 0.718848 -1.630836 -1.137133 1.729261 -0.834996 1.632902 -0.450542 0.053474 -2.091273 -0.179499 -0.975563 1.703376 0.138400 0.033733 -0.849765 0.757464 -0.081967 -1.143103 -0.545533 2.127575 0.553423 1.035366 -0.543123 -0.608904 -0.806696 0.684160 -0.381185 -1.605570 -1.094368 -2.004426 1.379234 1.083903 0.234760 -0.605308 -0.739747 -0.592190 1.370491 0.636023 -0.028983 -0.596243 -0.238929 -1.154414 0.838395 -0.493835 -1.056332 0.263928 0.429726 1.465593 -0.171144 -0.354773 0.262613 0.628608 -0.455851 -1.827712 -1.641398 0.099913 0.915734 0.786668 -0.795877 -1.567346 -0.665709 -1.372928 0.062290 1.141352 -1.442936 -0.375979 -0.549770 -0.384411 -0.979659 0.224869 -0.208032 -0.461045 0.797632 -0.932759 0.843851 0.652170 1.731319 0.669501 0.600993 1.625669 -0.102576 0.078973 -0.212480 -2.865760 -0.727240 -1.495741 -0.253009 -0.359394 -1.111700 0.290513 1.139728 0.338837 0.276792 -0.925871
0.148612 0.380176 0.131265 0.337326 -0.457083 -0.964969 -0.121947 0.945468 1.532368 0.569159 1.354504 0.117104 1.545190 -0.164832 1.065210 0.961566 0.138569 -1.390582 1.901327 -0.825929 0.931675 2.042348 -0.159036 0.722850 -0.152556 0.475707 0.030626 -0.543926 1.153416 0.290011 -1.233058 -0.074954 0.562828 -0.517251 -0.063270 -0.590265 0.388182 -0.090858 0.504158 -2.259248 -1.362701 0.655671 -1.034542 0.168965 0.174823 -0.936956 1.039838 0.166551 -1.306599 -0.551938 -0.279820 -0.800132 -0.445257 0.362155 -0.495265 0.027877 0.021986 -0.681939 0.087836 0.530946 1.086985 -0.665010 0.662219 -1.248165 -1.171832 0.497219 -0.602069 -1.019989 -0.522477 1.405755 0.940827 -1.139811 -1.065140 1.352975 -0.152080 1.722819 0.223722 -1.376699 1.179793 0.682607 -1.398856 -0.072092 0.602556 2.395470 -0.128055 -1.325899 0.239875 1.100157 -0.604674 0.155570 -1.382167 0.074575 0.117432 0.193298 -0.390138 0.894850 -0.662196 -1.442914 -0.095646 1.372129 1.007143 -0.806956 -0.350579 -2.028679 0.712005 0.929726 1.009190 -0.290897 -1.237484 0.087354 -1.738043 0.440683 -0.449775 0.814299 1.852012 1.267979 0.386150 0.669064 -0.337934 -0.913879 0.341552 -0.327172 -0.035156 0.076870 -0.446018 1.495199 -3.406988 0.326465 -1.068657 0.291631 0.485769 1.228977 -0.446567 0.920412 0.005319 -0.417438 0.475816 0.266430 -0.358811 0.488513 0.453878 0.163907 -0.083926 0.098094 0.953323 1.023512 -0.628084 -0.995844 1.059448 1.324670 1.495760 1.784660 -0.405790 -0.310637 0.266310 0.599042 2.254337 -0.207335 -0.119839 0.841640 0.660865 0.248684 -0.028527 -1.318983 -1.043336 1.007452 1.113510 0.695134 0.214190 1.494277 0.315492 0.487385 0.371712 0.349892 0.969260 0.659393 -0.219464 0.116877 -1.026237 -0.056062 -0.021076 -0.988748 -0.154017 0.437037 -0.290821 -0.852437 0.246347 0.827736 0.579559 2.660821 -0.099179 0.856597 -1.930483 -1.103076 -1.026000 1.681707 0.867857 0.044631 0.481818 0.838480
-2.007885 -0.357849 -2.111633 -1.111645 -0.102979 -0.414136 1.815858 -1.488728 0.410675 -0.417188 -0.334722 1.235141 -2.231310 1.824610 -0.496990 -0.286867 0.412001 -0.032871 -0.118958 0.038955 -0.327628 -1.321977 3.146497 0.207727 0.645066 1.781673 1.004136 1.156128 -1.446534 1.194842 -0.615691 -0.044861 -0.049515 0.921689 3.081170 1.250713 0.588671 -1.493011 -1.413143 0.355280 0.059516 0.117199 -0.315151 -1.230771 1.459647 3.050768 0.318636 1.427976 0.579608 -0.333996 -0.195751 1.037492 -1.264490 -0.040990 0.922654 -0.346164 0.182371 -0.129410 -1.620328 1.178225 -0.468829 0.414607 -0.108235 -0.337922 0.616714 -0.397097 -0.402176 0.252412 0.196164 0.147229 -0.040743 0.858896 -0.379717 -0.529714 -0.185629 -1.345144 -1.231018 -0.016605 0.259797 1.261429 1.107346 1.102381 0.318490 0.024565 1.301430 0.571651 -0.589273 0.305198 -0.162878 1.530593 0.188117 1.465209 -1.066587 -1.935112 0.121960 1.508841 0.025540 -0.767876 -0.440240 0.628776 -0.370571 1.320837 -0.141353 -0.978802 -0.531320 -0.399879 1.956540 -2.273324 -0.864911 -0.677244 -1.279529 0.359242 -1.730155 2.097019 -0.375251 -0.578743 1.578679 0.864080 -0.495253 0.028722 0.558214 -0.614974 0.100247 1.256920 0.358476 0.883243 0.024574 1.304330 -0.606993 -0.196171 -1.054539 0.065583 0.769113 0.658061 1.079489 -1.688645 1.485773 -0.285184 0.971866 -0.137672 0.414171 1.581584 0.595475 -1.122490 -1.655261 0.933685 -0.924592 -0.507816 0.864548 -0.020853 -0.052161 -0.801257 -0.547571 0.797771 -0.418693 -0.274301 1.195292 -0.006643 1.102120 0.085680 0.426528 -0.982950 -0.878890 -0.631704 -0.560092 0.132807 0.193551 -1.043588 -0.505946 -1.477479 -1.446130 -1.669756 -0.233212 -0.132810 -0.315033 0.289229 0.649137 1.003168 0.291370 -1.304913 -2.222620 1.004529 1.095352 0.414961 -0.599697 0.800685 -0.669254 -1.420078 -1.498196 -0.308724 0.144893 0.446627 0.148380 0.021079 -0.469128 -0.115935 -1.180747 0.948755 0.896040 0.426855
2.299801 -0.745900 -0.206342 -1.403924 -0.192620 -1.556278 0.060044 0.433762 0.230398 0.042220 -0.086010 -0.314523 1.257124 0.474534 1.071026 -0.941178 -0.854182 -0.864958 -1.616010 -0.508734 0.482608 -2.122262 -0.269097 0.994583 -2.396974 -0.726546 0.700065 -0.538570 -0.059697 -1.703552 -0.317368 -0.168623 0.164854 0.553997 0.410028 -0.900679 -0.740747 -0.934321 -0.800291 0.500381 -1.064023 -1.520403 -2.201731 -0.489643 0.269477 -0.022913 0.139735 1.109013 1.602352 0.072551 -0.531096 1.663378 0.021278 0.997822 -0.147150 0.029161 -1.283204 0.742454 -0.854786 0.214609 -0.266699 0.243752 -0.675605 1.867214 -1.219602 -0.286022 0.122479 1.614718 -1.301113 -0.201717 -0.589302 -1.354258 -1.249879 0.711423 3.158299 -2.234963 0.221710 -0.319055 1.967176 -0.503209 -0.047718 0.027315 -0.866569 0.024629 -1.383184 -0.387481 -1.057810 -0.112957 -0.478686 -0.252908 0.497895 0.353371 0.837479 -0.082938 -0.601820 0.267000 0.960723 1.394953 0.487305 1.497170 -2.078201 -0.972157 0.341788 -0.440047 -0.392169 -0.657237 -0.903499 0.314674 0.463781 0.456064 -0.538494 -0.387392 0.091616 0.912764 0.408606 0.200791 -0.719474 0.295771 1.027331 0.204734 -1.856291 -0.329168 1.169138 1.191554 -0.791929 1.099645 -0.434656 0.833372 -1.483176 -0.162879 -1.102651 -1.221622 -0.324033 -0.345190 0.334760 0.111009 0.526034 1.121155 0.539046 -0.406419 -0.683738 0.718786 0.513146 -0.878419 0.770695 -1.095154 -1.668441 2.064428 0.471227 -0.631464 0.440443 -2.305860 -0.073211 0.205124 -0.776959 0.479274 0.006999 0.361654 -1.076425 -1.036041 1.146666 -0.243888 -1.161745 2.104004 0.599699 -0.665518 -1.441009 0.128287 -1.485133 0.171932 -0.150564 -0.040777 -0.655015 0.018078 0.062287 0.232842 0.481567 1.122174 0.295505 3.164298 2.153887 -1.679783 0.196908 -1.033990 0.460304 1.096647 -0.454606 0.926857 0.681076 1.960354 -0.358205 -0.294052 0.770075 0.543269 -0.802285 -0.934259 -0.931957 -0.880462 -1.237953 -0.235274
0.082163 -0.767396 1.301768 1.490557 0.269096 0.346654 -0.578956 -1.043086 -2.222543 0.547019 1.160677 -0.661879 2.303432 0.253760 -0.206118 0.185230 -1.496655 0.910962 1.055545 -0.789511 -1.318587 0.209826 1.686335 0.762481 0.994250 -0.339843 0.271468 -0.281301 -0.509393 1.307555 1.488243 -0.954497 0.346898 -0.388145 -1.038345 -2.225000 1.775176 0.104222 1.147856 0.031645 -2.000001 -0.610946 -1.423384 0.591694 1.349561 -0.011091 -2.056507 -0.493685 -0.811197 -0.272146 2.643396 -1.091226 1.618415 -0.581760 0.147290 0.223143 0.558040 -0.512500 -0.784492 -0.702044 -0.591793 -0.419202 -0.259623 -0.828119 -1.556804 -1.001714 1.285607 -0.430831 0.871655 0.261830 0.881525 -0.127440 -0.419596 -0.208291 -0.142863 0.268803 -0.812683 1.362132 -0.499009 -0.029472 -1.603184 0.953686 0.081039 -0.328846 -0.754574 0.155093 0.153435 0.390666 0.930517 0.432058 -1.079909 1.726418 -0.730998 -0.343934 -0.147327 -0.371132 1.200217 0.914149 0.755155 0.011067 -0.759001 0.490892 -0.100382 0.490226 -0.950341 -0.973939 -0.100643 0.514093 -1.445487 -0.909346 0.695923 -0.525008 -0.853068 1.405730 0.072684 -0.405188 -0.897555 -1.326864 0.256806 1.179598 0.700333 0.215078 1.483926 -1.686359 1.809961 -0.728728 1.046886 1.068194 1.762153 0.671043 -0.071965 0.713695 0.141814 1.795014 -0.681887 -0.348681 0.680715 0.325953 0.348847 1.127508 0.220608 1.507238 0.399422 -0.769083 0.691104 -0.526511 1.064723 -1.352409 3.671390 -0.371461 0.615993 -0.536082 -0.872522 0.109871 0.337474 0.621151 0.949950 -1.864522 -0.628636 -0.426772 -0.011903 0.801019 0.682166 0.462669 0.277457 1.255678 -0.250375 -1.285539 0.768233 0.549856 -0.548352 -0.592664 -1.051036 0.635103 -0.536294 -2.614477 0.229050 0.248402 -0.809763 -0.082751 -0.775870 -0.151467 -1.522824 0.313473 0.228575 -0.276005 -0.472660 -0.412379 2.071441 -0.031548 1.547649 0.252593 0.315993 2.242920 2.094762 1.302753 -1.205629 -1.180569 0.998970 1.047453
0.632064 -1.223100 -0.427407 1.158994 -0.834052 1.397433 0.651616 0.606235 -0.241100 -0.545922 0.546433 -1.397686 -1.166582 0.750407 1.533092 0.056094 -0.477197 -0.278470 -0.051976 -0.684546 -0.204588 -1.496186 0.525384 0.697506 -0.597932 -0.985775 -0.718230 0.963584 -0.340508 0.095970 0.195082 -0.549286 -0.596476 0.066386 -0.517700 -0.120042 0.737030 0.246157 0.248539 -0.723823 0.386824 0.738265 -1.280266 1.567937 -0.503766 -0.454980 -1.076995 -0.071626 -0.553985 1.491519 -1.914953 1.723171 0.071917 -0.931804 -0.693889 -0.528383 -0.663018 -1.061309 0.394107 0.564331 1.393963 -0.516565 0.261540 0.067118 -0.308364 0.995154 -0.270270 -1.454750 1.283254 -0.242113 0.472016 -0.419357 -0.422780 0.534635 0.534116 -0.890454 0.981506 0.182227 -0.905053 0.716930 -1.711448 -0.960984 -0.178793 1.111557 -0.968916 -0.026313 -1.376325 0.289583 -1.094097 0.090072 -1.580381 -0.954034 0.421442 0.374497 -0.284112 0.028651 0.923355 1.438806 0.019738 -0.108612 -0.428013 0.602474 -0.303541 0.391642 -0.127017 -0.442828 0.795695 -0.111306 0.547553 -0.107443 1.481767 -0.121628 -0.331246 2.423822 0.154040 -0.003688 -0.282551 0.352182 -1.903382 0.895477 -0.175184 -0.900571 -0.593828 -0.242813 -0.768074 0.420967 1.423478 -2.302450 -0.573279 1.387514 0.351899 1.628076 0.672752 0.663783 -0.241916 0.941351 0.018706 -0.770785 -0.536530 -0.132748 -0.738366 1.071261 0.002590 1.000900 -0.922929 0.016135 -0.687936 -0.241955 -0.707889 0.260435 0.751901 1.314615 0.843215 0.435878 -0.234301 -1.260435 2.054926 -1.352867 -0.369691 -1.647679 -0.483557 -0.800072 0.450239 0.982498 0.983737 -0.716497 1.476425 0.721079 -1.470431 0.352005 -0.127073 -1.226195 0.950858 0.050134 0.870155 -0.052407 -0.619783 0.627699 -0.217435 -1.922263 0.283488 1.816534 0.736571 0.251922 0.689102 -2.072023 1.613004 1.035923 -1.203092 -1.034461 -1.386857 -0.623062 0.477959 1.050618 0.111480 0.311226 0.710862 0.098537 -0.413974 -0.324049
-0.310367 -0.456137 0.643776 0.588399 0.362492 -1.081809 -0.010238 -0.616572 0.350168 -1.635027 -1.241701 1.300447 -0.817125 -0.668887 -0.521091 -0.803005 0.078576 -0.477142 0.040189 -1.053658 -0.289489 0.349998 1.529424 0.034188 1.830661 -1.645651 1.525452 1.391937 -0.380491 0.172858 1.310462 0.302132 -0.714534 -0.565581 0.811547 -0.515350 -0.054122 0.098545 0.712230 -1.921952 2.758416 2.372492 -0.212946 0.310504 -0.080815 -0.813166 0.915923 -0.186501 -1.138981 -0.941728 0.514891 1.318894 0.796918 -0.774614 -0.166249 -0.567221 -1.826868 0.315972 0.321255 -0.676227 -1.064244 1.145131 1.155267 -0.721689 -0.747504 -0.580792 0.449519 0.723718 0.004713 -0.526572 -0.168601 1.017798 0.827164 0.079848 0.215143 1.586092 -1.438770 0.452362 0.164231 -1.359419 -0.517246 1.169815 0.923939 -0.695171 0.226265 -0.819162 -0.163087 -1.585887 -1.301259 1.438837 -0.406621 -0.887186 0.176205 0.518282 0.504485 0.114790 -0.687767 0.447173 -0.628555 -1.019364 0.745189 2.061763 -0.413438 -0.199850 0.114401 -0.582931 -0.869789 0.801582 -0.727873 0.757233 0.134357 0.042392 -1.989138 0.094169 -1.326234 -0.860097 0.253035 -0.701055 -0.799823 0.415315 0.247370 -0.060056 1.722543 0.606567 -0.889632 -0.653304 0.644641 1.017672 2.035263 -1.295933 0.670890 -0.390810 0.157474 -0.279932 1.077494 1.734333 -0.215867 0.072027 1.130739 -0.754473 0.759010 0.275265 -1.874554 0.471898 -0.446988 0.332478 1.060113 -2.001463 -0.039916 0.259146 0.343720 -0.455611 -0.095793 0.706481 1.326733 0.198693 1.556811 0.340500 1.254026 0.781492 0.605898 0.238352 -0.865868 1.689598 0.682006 -0.075069 1.041602 0.552162 0.996667 0.621223 -1.409344 0.172867 -0.398451 1.683244 -0.168726 0.341629 1.689978 -0.269019 1.070941 0.938610 0.615800 -0.744012 0.293551 0.894850 -1.362307 -0.132986 -0.026690 0.922995 0.135298 -2.380397 0.583830 -0.819628 -0.604114 -1.504779 -0.101363 0.228817 -2.277186 0.528912 -2.063926 -0.941329
1.519875 0.444262 1.053967 0.903483 -0.331674 -1.347422 0.935236 3.542967 1.277671 0.244818 -0.861947 0.013896 1.426427 0.141276 -0.786025 0.522011 1.417664 -0.480353 -0.143141 -1.310828 0.077171 0.638379 -1.198753 -1.277719 2.653028 -0.545050 0.908977 1.494002 1.836696 0.060647 0.459429 1.212835 0.744893 0.889757 -2.026041 0.379883 0.888173 0.721660 -0.073270 0.532339 0.305898 1.604246 0.311001 0.977336 -1.460085 0.576273 -1.637539 -0.162746 1.530303 0.095657 -1.693478 0.003703 -0.364836 -1.453962 0.041567 -0.471944 0.367761 0.854917 0.058176 1.105488 0.091887 0.810341 0.399651 -0.526834 0.842293 -0.456841 0.750733 -0.055118 -1.561888 -0.362150 -0.864453 -0.445809 -0.274050 -0.016628 1.358063 1.109098 -0.275680 0.867410 -0.914523 -0.308280 1.252647 0.185373 0.846241 -1.256344 -1.835095 1.494007 0.011992 1.029189 -0.251451 -0.489341 -0.103179 0.077506 2.024036 -0.301912 -2.206357 0.925339 1.364531 0.817614 0.970659 -0.237301 -0.120351 0.897163 0.109013 -0.021639 -0.053599 -0.599449 2.370948 1.460846 0.064662 -0.574504 -0.463541 -0.507557 -1.417033 -0.854594 -0.234268 2.108218 0.855128 0.670395 -0.077689 0.314378 0.216573 0.095402 0.187699 1.372417 -1.726544 2.217323 2.171998 -0.778985 -1.378200 -0.458532 -1.491100 -0.381568 1.213163 -0.183779 0.111648 -0.177917 -0.480746 0.894127 -2.369143 -0.740443 0.976133 0.716307 1.896125 -0.851030 -0.411870 -1.368250 0.152284 -0.716326 -0.459082 0.798115 0.345220 0.553806 0.664638 1.160145 -1.822534 0.218332 0.285442 -1.296387 0.101719 -0.615287 0.369478 -1.947195 1.958496 0.102519 0.823949 0.551068 -1.067084 -1.436852 0.880582 1.359315 1.681019 0.407861 1.872046 0.017341 -1.615673 -0.492456 -1.058333 -0.606872 -0.547944 -0.291862 -1.871374 -0.122382 1.223235 -1.758790 -0.031207 1.852229 -1.294267 0.563570 1.411083 -0.280271 0.591261 0.063852 0.278018 0.122769 -1.133786 1.193145 1.459318 0.481823 -0.250803 -1.655658
0.225038 0.970273 -2.303005 1.131938 -1.816469 -0.945036 0.103911 -0.385882 0.733281 -1.655375 -0.578275 -1.240339 -0.588758 1.438154 0.803723 -0.146636 -1.406089 2.414272 1.214852 0.852813 0.506102 -0.659412 -0.992460 0.776776 -0.670280 0.689420 1.871212 0.660849 1.869842 -0.425271 0.482900 -0.770890 1.004309 0.251137 1.341516 -1.200194 0.350526 -0.869888 0.259903 0.247134 0.256202 0.233849 0.396324 -0.087378 1.449723 1.008201 -0.920197 -0.049826 0.308777 1.930401 0.151275 -1.002985 2.910945 0.089175 1.026109 0.185254 -0.471569 0.966524 0.540706 0.347585 -2.227650 0.858218 1.399977 -0.928695 -0.894545 -2.458527 0.643625 -0.978758 1.442913 0.550437 0.481504 -0.177809 -1.024837 0.159471 -1.212083 -0.719912 1.707400 -1.276509 -0.644140 1.779629 -1.483754 -0.040318 -0.503637 1.675554 -0.000591 0.946984 -0.394620 0.632858 0.641498 -0.569999 0.443108 0.114817 0.447485 -1.597420 0.536175 -0.745776 -0.597390 -1.765480 0.039044 0.227644 -1.373727 0.496142 0.090127 0.814435 0.283756 -0.233492 1.104087 1.148644 -0.786147 -2.133007 -0.892574 -0.353342 -0.585328 0.338871 0.535021 0.780965 0.191164 -0.217858 -0.653756 -1.793626 0.088912 -0.959452 0.075551 0.588490 -0.424271 1.036979 0.017794 -0.827609 0.723038 -1.184945 0.369017 -1.332239 -0.624470 0.911889 0.062878 0.793696 -0.149415 0.849881 1.247112 0.838986 -1.032631 -0.520891 -1.040998 1.314994 1.254649 -2.086028 0.141207 0.216002 -1.930177 -0.500573 0.209450 -0.282676 -1.971084 -1.684506 -1.269020 0.468522 1.683323 -0.659970 -1.812509 1.225963 -0.587150 0.461949 -1.540423 -0.214367 1.818595 0.965357 -0.092933 -0.175175 0.405460 2.254845 -0.860583 -1.317448 -0.221525 -0.483064 -1.214581 0.414466 -0.889546 0.818078 -0.341345 -0.914933 0.640091 -1.194760 -0.950524 -0.204113 -0.270819 1.240357 -0.736183 0.137588 1.427296 0.006040 -1.613069 -0.249227 -1.449717 0.336945 -0.776370 -1.024208 -0.691748 -0.249333 1.189640 0.240465
-0.174638 0.090566 -0.836057 -0.060919 0.795769 -1.237005 -0.920268 -1.705567 0.719076 2.227543 -0.521703 -0.376028 0.790122 0.340674 0.790957 0.342984 0.174166 -1.018333 0.432374 0.581019 0.096075 -0.738559 0.621557 0.167748 -1.004881 0.010986 0.078960 1.150293 0.268322 -2.587539 -0.597713 -0.494744 -0.264552 0.259333 0.137307 -1.449922 -0.927755 -0.528528 0.170569 0.381279 -0.619025 -0.180103 1.311857 0.302336 -0.725769 -0.161993 -0.837207 -0.561962 -0.867403 -0.608931 1.101599 -1.527026 0.129894 -0.936794 0.891772 -1.056871 0.776326 0.510002 0.730536 0.953174 0.161273 0.178046 -1.125619 -0.838088 -0.046220 0.996910 0.121766 -1.200276 0.132994 -0.369539 2.176202 -0.825303 -0.856896 0.129019 1.959617 1.255157 -1.562088 0.000163 -1.831481 0.173944 -0.056454 0.319082 1.289377 0.066931 -0.201853 -0.028260 0.580413 0.329224 -0.880917 1.317319 -0.702531 -1.321290 -0.351377 0.304576 -1.387294 -0.586929 0.263053 -0.366356 0.168354 0.535863 0.538472 0.356252 -0.160271 0.404409 -0.287681 0.294136 0.129574 1.774379 -0.043374 -0.416708 2.040199 0.128232 -0.023088 -0.808956 0.041806 -0.907611 0.618054 1.035207 -0.354433 1.984577 0.150435 0.066504 0.604715 0.560361 -2.678005 -0.137748 0.136493 1.235025 -0.515106 -1.158910 -1.114422 0.969956 -0.961313 -0.755601 1.660408 -0.555409 1.605766 -1.741443 0.592113 0.504956 -0.040550 -0.792749 0.508947 -0.972468 0.990410 -1.385357 0.467904 1.147490 0.376963 -0.938611 -0.514619 -0.632936 0.353912 0.754924 -0.101260 0.178290 -0.340551 -0.308132 1.400943 -0.911663 -1.100743 -0.996740 -1.052104 -1.284539 -0.062522 0.262818 -1.237131 1.172361 0.232984 0.681969 0.793267 -0.766402 -0.393433 1.754675 -1.751294 0.183543 -2.129429 -0.773621 -0.146006 -0.558052 -0.297336 -1.646020 2.935081 2.173072 -1.434301 0.666673 0.456417 -0.667944 0.822769 -1.098186 0.728338 -0.057809 1.325740 0.136319 1.513647 0.826753 -0.290399 0.788355 -1.779679 1.228813
1.699167 0.882327 1.102819 -1.446879 0.353400 -1.587976 0.272540 0.708768 0.180486 0.267524 0.329409 0.801879 -0.095931 -2.087202 0.089224 -0.562692 -0.727841 0.329209 -0.931678 0.126286 0.680332 0.000941 1.069345 -2.213855 -1.854428 -0.100068 0.365427 0.338231 0.128916 -0.270454 -2.975437 0.273980 0.397205 -1.605409 -0.035308 -0.431058 0.290638 -0.810852 -0.007422 -2.765263 0.922336 -2.128947 0.552196 -0.151583 -0.095631 1.336501 0.131513 1.807439 0.027321 1.099521 -0.339805 -0.245917 -0.631060 -1.557586 0.983004 -1.001462 -2.150073 -2.515412 -2.934857 -0.333327 0.204283 0.056833 -0.243426 0.600957 0.455255 1.703264 0.367337 0.017644 -0.642143 2.714826 -0.288692 0.632175 0.203546 -0.361544 -0.443720 1.485415 1.332753 -1.231181 1.696514 -0.423672 0.003580 0.549713 -0.034847 -1.097635 -1.203047 0.219692 1.107622 0.385508 -0.869141 1.925752 -1.250863 1.165442 -0.875629 -0.072877 -0.476854 2.400584 -0.386508 -0.175847 -0.822246 -0.807574 1.935617 -1.062148 -0.507458 -0.886085 -2.253901 -0.208494 1.537961 1.054296 -0.964287 -0.297334 -1.513180 0.081868 -2.791272 -0.242854 2.487183 0.010794 0.798858 2.765053 0.826568 -0.188004 0.712029 -0.521054 1.585769 0.643156 0.869545 1.313435 -0.961571 -1.001537 0.866837 0.261476 0.098883 -0.266844 -0.291036 -0.464785 -1.322643 -0.754352 0.906064 -1.333715 0.327021 -1.210452 1.614500 0.685282 -0.269370 -1.342387 0.759166 0.334352 -2.170292 0.286575 0.380916 0.788919 -0.916507 -0.103773 -1.290511 1.181261 -1.119130 0.982155 0.317910 -0.479906 0.115676 0.214134 0.979339 0.436530 2.201316 -0.749522 0.279388 -0.435130 -1.556425 0.090180 -0.160023 -0.569643 -0.234639 1.247262 -1.189756 0.825796 0.427057 -0.816123 -1.104871 -1.138814 -1.226147 -0.997149 2.204005 1.018785 0.376403 -0.984878 -1.129466 -1.036818 -0.595036 -1.838662 0.455033 -0.029961 -0.067912 0.311874 -1.566575 0.723267 -0.231330 -0.239251 -0.074330 -0.800561 0.153748 0.891194
0.600948 1.097737 -0.617899 -1.366227 0.235037 0.566038 -0.907054 -0.228434 0.014361 -0.699468 -0.414507 0.097949 -0.479606 0.043518 -0.131675 0.495567 0.643856 -0.113585 1.195180 0.790469 0.447803 -0.573559 0.937167 1.240331 -0.313104 0.821403 1.053389 0.748413 0.549954 0.178364 -0.291486 0.340565 0.500708 0.390215 1.364584 0.126888 1.202396 1.122116 1.049901 -0.773090 -0.525594 0.385413 0.176821 0.053191 -1.785816 -0.128247 -0.622886 0.227590 0.040616 -1.338197 -0.275236 -1.597912 -0.370877 -1.757274 -0.157618 0.388356 -2.015549 0.249627 0.020195 -2.382512 -0.192257 -1.445187 0.371143 1.185937 -1.251695 1.097052 -1.228587 0.070053 0.952344 -0.944494 1.218966 1.696488 -0.630971 -0.074633 -0.705503 -1.307549 0.705045 -0.006539 1.689173 -0.311921 1.697097 -0.623399 -0.165138 0.647183 -0.797335 -1.394318 -0.350333 -1.322751 -2.218101 1.584338 0.867756 0.440688 -0.162321 2.189865 -0.133835 0.572664 -0.968497 0.921702 0.724281 -1.618506 -0.065370 0.583292 0.336943 -0.077108 -0.869264 0.042438 1.166028 1.200808 -0.727399 1.198692 -2.013545 0.298407 -0.842383 0.268254 2.081128 0.151894 -0.031339 0.422861 0.306288 0.805158 -1.100195 -0.694872 0.318422 -0.924304 0.863288 -0.725418 0.444196 -1.865910 0.913973 0.816675 -0.234648 1.114725 0.013920 -2.117612 -2.826166 0.168618 0.167436 0.527684 0.295097 -1.175480 -1.382418 -0.579452 -0.033314 0.405655 0.036753 0.267619 0.216560 0.759995 1.837083 1.218537 -0.117271 0.185312 -0.555719 0.304251 -0.474201 0.608091 -1.241311 -0.021796 -0.644534 -0.466343 -1.672559 0.759936 -0.052580 -1.020155 -1.390515 0.008441 0.490977 0.984917 1.243786 0.156077 0.657902 0.163682 -0.220090 -0.965549 0.019478 0.633606 0.945210 -0.196486 -0.922108 -0.176895 0.494138 -0.006958 1.073070 0.946779 -1.415125 0.200208 -0.915579 0.104870 0.782832 -0.095923 1.452706 -0.864786 -0.503321 0.251668 -0.096608 -0.018532 0.651426 0.047456 0.124680 1.674304
-0.498718 0.005290 -0.375203 0.106030 -0.829027 0.651476 -0.196186 -0.571251 -1.377482 0.237726 -0.736829 -0.954555 0.791689 -0.938534 -0.456440 0.743244 0.057964 -0.769074 -0.855108 0.447113 0.525367 -0.090521 -1.200165 -0.152483 0.306296 0.706415 -1.034145 0.327509 0.901349 1.255620 -0.953099 -0.535336 -1.783219 -0.471541 -0.206448 0.663230 -0.461132 -0.792307 0.259851 -1.052600 0.359976 -0.372683 -1.023389 -0.058529 -1.497946 0.416622 -0.388459 1.034293 -0.281013 -0.473020 1.433979 1.809989 -0.363954 -0.388076 -0.968652 -0.395973 1.731685 2.645339 -0.111621 0.977931 -0.020650 -0.464043 0.031198 1.072291 1.425140 -0.346378 1.367262 -0.713370 0.622550 0.182323 0.348411 -0.314548 0.208413 -1.250626 0.833249 2.479842 0.753800 -0.392957 0.997533 -0.535191 0.102304 -0.439431 -0.019736 -1.759441 0.344238 -2.215891 1.068056 1.260649 0.856107 1.356377 -1.261795 0.803845 -2.438524 2.279458 -0.466588 -0.136599 1.303487 -0.773424 0.999396 -0.119495 -1.195385 0.794904 0.331027 0.214841 -0.961551 -1.355016 -1.701699 0.364261 0.155430 0.369661 -1.234337 0.415661 -2.071616 -0.568916 0.223621 0.830680 -0.393315 -0.190013 0.306133 1.959564 0.755978 -2.215448 0.079014 0.476431 -0.341702 -1.605615 -1.550230 0.481746 0.190897 1.039534 0.133050 -1.266914 1.449244 -2.194203 -0.155693 -1.693791 0.991446 0.179448 -0.507873 -0.189154 0.921854 1.516211 -0.281733 -2.015531 -1.137342 -1.323690 1.139664 0.409420 1.163601 0.660199 0.425666 1.245939 -1.718504 0.497079 -0.762379 -0.697202 -0.792487 0.238959 -0.306821 0.097701 -0.961086 -1.123982 -0.550769 0.992336 -1.082500 -0.474376 -0.629238 -0.998688 -0.633548 0.697311 -0.930371 0.786518 1.392228 -0.793582 -1.221395 2.109563 0.749771 0.346015 0.159532 -0.288921 -1.791651 -1.158222 0.047501 0.499356 1.952130 0.208263 -0.864411 -1.406161 0.198942 -0.970332 -0.491036 1.548369 0.066064 0.034621 -0.712814 0.573821 -2.024089 2.372173 -0.847467 0.633979
-0.205534 -2.026553 0.325223 1.392849 1.295753 -0.772986 -1.355397 0.164746 0.146112 -0.300608 1.334932 -0.659899 1.087412 0.362843 -0.789034 -2.237696 1.224055 -0.424151 1.188643 -1.091226 0.477512 -1.186777 -0.440087 1.600985 1.474893 -1.841252 -0.498868 0.995541 1.586961 1.265961 -0.457546 -1.950752 0.124173 0.246826 -0.687285 -0.141786 -1.965647 -0.062777 -1.092080 0.868040 0.464784 -1.117657 0.610005 -1.232286 0.551183 -1.446291 -2.518159 0.683629 0.093282 -0.092013 1.390089 -1.219254 0.568257 0.591836 -0.965124 0.908463 -1.946557 -0.276731 -0.823466 -1.039942 1.836376 1.498277 0.666858 -1.088095 -0.023932 0.663024 1.179443 1.561758 0.435067 0.298374 0.572231 -0.480765 -2.360707 0.248525 1.312733 0.285575 -1.218164 -0.782033 -0.211156 0.172527 -0.931223 0.687395 -1.714293 0.021357 0.473600 -0.278920 0.148317 0.387764 0.518318 -0.260609 0.500740 2.824440 -0.652165 -1.833732 0.465969 -1.563929 1.896156 -0.917415 -0.793274 -0.725508 0.326126 -1.840783 -0.924789 -0.149195 -1.171689 0.188848 -0.759582 0.464074 1.422084 -0.553842 -0.110306 1.106578 -0.547885 -0.227992 0.718466 1.590334 -0.922351 -0.526555 0.403279 1.432416 -0.704319 -1.808984 -0.834567 0.525534 0.509869 -0.454207 -1.142112 -0.456385 0.563509 -0.571414 -1.133461 0.034125 -0.070073 0.221471 -1.659885 1.552045 0.338598 -1.402902 -0.987065 0.915591 0.457997 1.156722 -1.448603 0.415542 -0.408019 0.823149 -0.855184 0.674457 -1.459320 -0.267384 -1.142156 0.286132 0.258475 0.416013 -0.590073 1.182008 0.629250 0.233680 0.317519 -0.678633 -0.977627 0.453529 -1.119665 -0.867262 0.366641 0.091260 0.924778 -0.001013 -0.058247 1.108884 -0.790198 0.337508 1.069841 -0.529921 0.618115 -0.306323 -0.463627 1.461671 1.773017 -1.345686 -0.953195 -1.767183 0.754266 -1.355110 -0.608899 0.468311 1.013461 1.380908 0.732955 -0.366475 -0.392939 -0.600731 0.850812 -0.814101 -0.845247 -0.000673 -1.252952 -3.018502 -0.669071 -0.879375
0.920565 -0.140198 0.643263 -0.400583 0.880728 1.796192 -0.519343 1.107178 0.294342 -0.844376 -0.465263 0.433228 -1.131222 1.714272 0.280229 -1.562010 1.170882 1.189493 -0.229614 0.784780 -0.331399 -0.235972 2.664321 1.493944 -0.792823 -1.265312 0.230213 1.385110 -0.424482 0.927804 -1.571699 1.076001 -1.701770 -1.297179 0.810809 0.881164 0.628074 0.223126 0.880611 0.072997 -0.957548 0.045104 0.734381 0.477888 -0.983271 1.548652 0.787203 0.976364 0.619578 -1.622686 -0.680306 0.651180 -0.235586 1.727164 -0.261513 0.076324 2.024995 0.185997 1.251327 0.696285 -0.120168 -0.419454 -0.680338 -0.837877 -0.467805 -1.004886 -0.353875 -0.628698 -0.789605 1.621394 -1.073358 -0.105481 -0.194814 -0.204000 -1.045005 -1.130574 0.821173 0.814215 -0.683349 2.041228 -0.013446 -0.194156 0.518809 -0.955589 -0.039714 0.041107 -0.532786 -0.469109 1.301510 -1.121193 -0.740902 0.456339 1.313717 -1.397790 0.119194 -0.453465 1.000848 -1.005821 -0.111060 -0.053467 1.544995 -0.131013 -1.102216 -0.415254 -0.479394 0.733497 0.150979 0.489676 -0.526627 0.190548 1.514581 2.063568 0.198104 -0.539146 -1.207193 0.906420 0.790191 -0.402637 1.447196 0.739918 -1.422273 0.944804 -0.582677 -0.064092 -0.460426 -0.645447 1.208791 0.130769 -0.451591 0.733834 -0.140029 -0.659585 1.361587 -0.897672 0.178449 1.244598 0.122385 -0.267476 -1.438905 0.055137 -0.108462 0.358416 -0.039190 -0.794313 -0.521762 -2.114938 -1.572601 -0.137881 -1.916636 1.549247 -0.177146 -0.191837 1.165599 -0.818381 -0.081521 1.168636 -1.304198 -1.048396 0.170485 -0.991487 1.009832 -1.713383 0.554609 1.526077 0.935725 1.120141 -0.363446 -0.997130 -0.524234 -2.425165 -0.044702 0.553584 0.202500 -0.783545 0.450468 0.206224 -1.596788 -0.198666 0.993768 -1.177423 0.364667 -0.744042 0.207897 0.958127 0.491566 -0.725971 1.322088 -0.225580 -0.886702 1.352126 -0.872333 1.906821 1.236050 0.142798 0.325739 0.233270 -0.322564 1.742813 -0.772571 0.668718
2.019982 -1.186904 0.616020 -1.091353 -0.651068 1.685981 -2.726626 1.005320 0.963387 0.124410 -1.867120 -1.024658 0.678610 -0.235039 1.223002 -0.863242 0.084688 -0.592417 0.790457 1.082220 0.060317 1.484976 1.493435 -0.658074 3.325932 0.688547 -1.167095 1.631051 -0.529281 0.131354 -0.224037 -0.464863 -1.055161 -0.957853 -0.710244 0.530292 0.222849 0.465499 -0.370822 0.939600 -0.919357 0.537221 0.934968 0.059290 -1.021555 -0.129152 0.794453 1.455020 -0.992821 0.004814 1.453565 -0.471793 0.940666 -0.429639 0.150497 -0.993593 -0.348265 -0.887996 -1.612345 -1.253567 1.439557 -0.540873 -2.111303 1.224215 -0.678990 -1.167331 -1.856339 -0.709022 -0.547169 0.681498 -0.748342 0.285403 0.206691 -2.056152 -0.397137 -0.898004 0.231149 0.400811 1.319769 0.445466 -0.787615 0.715674 1.078256 0.022656 0.613472 -0.764550 -0.509006 0.505040 0.290715 -0.571379 1.343987 1.178909 0.024065 1.375145 0.496647 -0.109450 -1.076529 0.066497 -0.240529 -0.410390 1.433753 1.684116 -1.531691 -1.319413 0.309371 -0.663759 -0.330849 0.737394 0.486216 0.475197 -0.002604 1.677324 0.259619 -0.635263 -0.432494 1.979819 -1.019771 -1.160878 0.216281 -2.700612 0.551611 1.306178 0.075833 1.518533 1.272252 -0.062695 -0.339092 0.585287 -2.110641 -1.187286 -0.785102 0.615490 -1.638897 -1.338029 -1.606788 -0.473393 0.013743 0.918908 1.211210 -0.884246 0.722432 -0.252730 0.104656 -0.707464 -1.249815 -0.001360 -2.206105 0.409720 -0.107474 1.285015 -0.213314 -0.963524 -0.442359 1.363616 0.987570 -1.857789 -0.240270 -0.698508 0.662738 0.928287 -2.086722 1.213682 -0.466131 -1.348617 0.089890 0.762303 -1.380300 -0.059395 1.146488 -0.533463 -0.377956 1.169991 0.246307 1.283464 0.372878 -1.299055 -0.752233 -0.421834 0.520827 -0.645676 -0.202659 3.037861 -0.634602 1.074646 -0.300742 0.638587 0.829618 0.958744 1.587467 1.067608 -0.110839 1.297857 0.971644 0.167779 0.805637 -0.440084 0.164821 -1.561324 0.867733 -1.024786
-1.619380 1.192371 1.643236 0.763584 -0.420576 0.359857 1.250738 -0.287058 2.334600 0.631263 -0.346825 -0.677761 -0.163287 0.968033 -0.299467 -0.325356 0.758932 -1.418762 -0.437700 0.339941 1.511268 1.743588 0.291116 -0.365991 -1.239393 -0.401884 -0.426862 -0.095158 -0.392150 -0.349074 0.212521 -0.341473 1.230405 2.086620 -0.914404 1.882395 0.047621 -0.174566 -0.728816 1.605714 0.031696 -1.048756 2.399585 0.700201 0.119980 0.420157 0.933242 0.971663 -1.157943 -0.645937 2.145030 -0.976764 -0.471400 1.281537 1.123943 -0.636315 -0.266841 0.155375 0.028030 -0.998887 -0.505736 -1.190581 -1.385211 -1.213893 -0.556457 0.455396 1.331095 0.090352 -0.714975 -2.132882 -0.285090 -0.424199 0.078671 -1.075153 -0.426960 -1.264670 0.334507 -0.353488 0.352673 1.584402 -0.323866 -0.062834 0.717351 -2.348354 -0.891685 1.466895 0.834609 0.334144 0.559261 -0.952390 1.802384 -1.002202 -2.408911 -1.008129 0.730902 1.407650 -0.855131 -0.098172 0.013006 0.141268 0.187617 0.971933 -0.033601 -1.116929 -0.501477 2.142701 -0.251073 -0.166760 0.299418 0.232733 -0.861337 -0.665624 -0.632912 1.188982 -0.171585 -0.164297 0.727952 2.130924 0.014030 1.722462 -1.691218 -0.122823 -1.616586 -0.360877 0.787476 -1.926997 -1.798985 -0.070158 0.760477 -1.324509 0.286341 -0.855500 0.260438 -1.444533 0.500082 -0.523816 0.107215 -0.165188 -0.165161 2.109921 -0.259640 -0.320274 0.291286 0.323989 0.700168 0.807792 -1.081318 0.970111 0.480790 -0.804910 -1.136970 0.585734 0.345626 -0.304789 -1.148834 -0.830782 -1.883246 -2.549420 0.281045 -0.626037 0.326891 -1.369292 -0.631755 0.880880 0.382008 -0.750422 -0.223158 -0.562516 -0.630614 -0.371000 -1.015105 0.468689 -0.798864 -0.094983 0.389234 -0.262683 -2.345160 0.348891 -2.017056 2.555311 -0.492194 -0.980739 -0.923519 -0.449249 0.987915 -0.102527 -0.100580 1.147978 0.694329 -1.430797 -0.533631 0.479488 -1.208083 1.178322 -0.203982 0.643413 0.420740 -1.208909 1.346045 -0.318130
1.197104 1.200049 0.523810 -1.963501 0.436491 -1.658701 -0.809259 -1.389130 0.317719 -1.365498 -0.594242 -0.951081 -0.911545 -0.765672 0.257230 -1.413756 -1.891601 0.541709 -0.693219 1.249016 -0.561617 1.531247 0.624578 0.384999 -0.821794 0.995694 -0.753253 -0.414092 -0.393707 -1.472257 0.160991 0.108727 -0.783253 1.509843 -0.010488 -1.283738 -0.353426 -0.280362 1.394559 -0.557526 -0.710308 -0.511684 -1.175195 -1.097175 -0.034254 -0.250873 0.755383 -1.425124 -0.154919 0.413772 -0.885898 -0.465756 -0.461320 0.993854 0.537021 -1.292070 -1.636406 0.450606 1.325365 -1.124863 -2.119375 0.397162 -0.680048 0.756346 0.100180 -1.719524 -0.988648 1.520651 1.367890 -0.054837 0.192336 1.537780 -0.030854 0.671102 -1.153740 0.218799 0.975762 -2.194015 -0.547502 1.799760 1.774755 -0.655501 -0.454326 -0.399830 0.744760 1.323118 2.356379 -0.066315 1.068554 0.100482 0.590332 -0.841057 -0.567695 0.409479 0.655261 0.175413 -0.470169 1.157198 -0.134235 -1.300414 -0.953702 0.670320 -0.432229 0.652321 0.156765 -0.976281 -0.136848 0.600519 -1.336331 -0.601342 0.293200 -0.045829 0.041380 -2.063385 0.770299 0.576977 1.797315 -0.696483 -0.371581 -0.606308 -1.030284 -0.471747 0.276258 -0.144388 -0.352937 -1.143421 -0.390323 0.411978 1.223553 -1.284900 -1.611132 0.139052 0.034171 0.015711 1.091264 0.565597 -0.436044 0.973706 -0.070989 1.653280 1.519151 1.898689 -0.492505 -0.155775 -0.125993 -0.321952 0.348131 0.402563 1.883783 0.518308 -0.385522 -0.756039 0.238724 0.086342 -0.497509 -0.681041 0.209156 1.019592 0.657342 0.598353 0.311346 -0.998615 0.044100 -1.399410 2.467169 -0.359797 0.584257 0.183522 1.694454 -0.236173 -0.298984 -1.398706 1.481155 -1.321291 -0.181882 -0.777876 -0.915531 -1.694135 -0.239306 0.194013 0.587381 -0.751300 -0.830581 0.890970 -0.320926 -0.005422 -0.636080 -0.869793 -1.682855 -0.169426 0.948679 -0.753425 0.561223 0.073278 0.409337 0.119513 0.149993 -1.555366 2.473821 1.339768
-0.315172 -1.001451 -0.061396 1.828184 0.246567 -1.146352 -0.734467 -1.587521 0.492212 -0.002867 -1.863639 -1.054034 0.304785 -1.361453 -0.117944 0.323573 -0.902091 0.157633 -1.463203 -0.780213 0.112899 0.420260 -0.047212 -0.469968 -0.745245 1.224752 -0.376599 -2.246443 0.337759 2.626074 -0.478566 0.171582 1.012498 0.128008 0.191101 0.418682 0.018899 0.714919 0.255866 0.094022 1.339221 -0.898027 -0.991679 -1.696326 0.883883 -0.751412 -1.726978 1.047497 0.082929 -0.767942 0.408237 0.227640 -0.210475 -0.074312 -0.158885 -0.148844 -1.913017 -0.408442 1.185516 -0.889439 0.174372 -0.543503 -1.315833 -1.627796 0.251999 0.544343 -0.450967 0.944829 -1.527642 -0.420958 1.822583 -1.159199 0.354538 0.907162 0.787917 -1.230731 -0.552864 -0.197890 1.017070 -1.194560 -0.266313 -0.374167 -0.866775 -0.292930 -0.578059 -1.199121 -1.009426 0.183746 -0.144438 0.677502 0.407974 -1.231826 1.218783 -1.568071 0.242847 -0.087138 -2.248811 -0.364598 -0.723642 -0.642172 -0.617878 -0.116556 1.050454 -0.724312 -1.543796 0.563993 0.377135 0.677959 0.286435 0.107400 -1.357136 1.159872 -0.162575 0.596588 -1.751513 -1.461523 0.786272 0.836773 -0.913736 0.176248 -0.053505 0.705986 0.762140 0.513956 -0.436842 -0.512330 0.312834 -0.444975 0.246676 -1.428183 -0.862972 -0.601106 1.180235 2.983977 -0.623782 2.091954 0.256555 -0.265808 0.587704 0.758790 -1.709771 0.463609 -0.036213 2.864077 -1.159125 0.445753 -1.019758 -0.707696 0.263344 -0.101521 0.714080 -0.470034 -0.817426 0.500907 -0.850880 0.728585 0.843391 1.562927 0.362218 -0.609781 -1.310016 0.974682 0.113135 -0.095375 0.051837 -0.644953 -0.902575 0.547450 1.239823 1.348613 -0.243571 0.918981 -0.290459 -0.865761 -0.559836 -1.097433 -0.947618 -1.075369 -0.045165 0.308074 -0.682053 1.052788 -1.278338 -0.133337 -0.664839 -1.473492 -0.434807 -0.665127 -0.189505 1.225687 -0.465390 -0.062072 2.056453 -0.642078 -1.164056 -0.103641 -0.909967 1.126988 0.074218 -1.855346
0.234869 1.297908 -0.208188 -0.587644 -0.779605 -1.458381 0.069984 1.100681 0.398549 -0.482790 1.968368 -0.266770 1.920262 0.322337 -0.059073 0.963394 -0.030476 -0.387361 -0.673784 -0.782033 -2.055862 -0.599802 0.045482 -0.580812 -2.489357 0.929869 -0.742424 -1.162599 0.990313 1.412118 -1.149265 -0.118457 -0.499844 0.437386 0.487021 2.272997 -1.256912 0.942129 -0.105843 -1.884361 -0.750389 -1.527524 -0.403221 0.398537 1.195236 0.003519 -0.452321 1.074315 -0.135671 -0.113872 -0.232065 1.006912 0.461833 0.217333 -0.925261 -0.576062 -1.543100 -0.103326 1.328690 -1.611423 -0.088238 -0.659738 -2.220971 -1.131214 1.469269 -0.911494 -1.716334 1.859245 -1.718516 -1.958519 0.297716 0.326663 -1.549766 2.370649 0.820935 1.800461 1.473380 -1.357791 -0.333348 0.527980 2.145593 1.402880 -0.333706 0.670257 0.541745 -0.822525 0.842168 -1.232948 -0.659258 1.182060 0.314212 -0.542252 -0.078090 -1.787069 0.015163 -0.787046 0.974567 -1.173066 1.374954 -0.530146 1.910775 -0.780760 1.230341 0.606010 -0.930709 -0.094254 0.553769 -0.946418 -0.616287 -1.229125 -0.253736 1.485655 0.543158 0.659622 0.307202 1.230797 -0.973588 1.535302 -0.270962 -0.550163 -0.223748 -0.335406 1.200892 0.408022 -2.717245 0.271704 0.484964 1.625019 1.534405 -0.339558 -1.362562 1.249615 -0.876871 1.543144 0.316690 0.969091 0.381937 -0.254964 0.064248 -0.523280 -0.422220 0.919926 0.472172 0.764359 -0.531185 -1.202852 -0.503015 0.397553 -0.884571 -0.735340 0.230976 -0.550801 -1.147905 -1.558194 2.083519 1.087531 0.732436 -1.587811 0.206523 -1.067979 -1.201187 0.736462 -2.898953 1.114256 -0.841965 -0.328790 1.195081 0.382441 1.450798 -0.435335 0.960532 0.675609 -0.006240 -1.036531 -1.502763 0.613479 0.248109 -0.340716 1.174122 -0.799074 -0.624596 -0.690725 -1.361577 -1.230002 0.329343 0.209455 -0.698828 0.855917 -0.631821 2.323253 -0.781821 1.373208 0.276115 2.507787 -1.018479 -1.242145 0.206342 0.098429 -1.856427 -0.673171
0.886946 1.985153 -0.976313 -0.070837 1.265373 -1.435053 0.756214 0.486591 -0.102570 -0.965565 1.449440 0.590934 0.193117 1.127425 -1.314168 -0.379824 -1.061498 0.133578 0.993152 -0.710344 0.328128 -1.223112 0.216763 0.494729 -0.417903 1.004467 -0.134152 -1.009235 1.246439 0.525733 -0.557969 -1.309604 -0.634105 0.552123 1.308492 0.801437 0.001511 -0.872877 1.488458 0.196584 2.153565 -0.647723 0.879054 -3.114978 -0.227130 0.590394 -0.016250 0.551072 -0.032710 0.835788 0.395116 1.162188 -0.578773 1.379995 2.111587 0.923310 -1.369844 -0.265239 0.865535 0.344089 -0.434651 -0.671434 0.676141 0.104886 -0.524838 -0.613139 -0.198922 -1.729882 -0.913012 -0.497876 -0.572277 -0.593647 0.559379 0.223165 -0.744799 0.796442 -0.941580 -0.203238 -1.620938 0.709155 -0.702096 0.287824 0.471170 0.490298 0.041240 -0.106594 -1.021281 1.665870 -0.103874 0.343386 1.150991 1.811895 -1.103185 -1.271437 -0.020829 -0.951225 -0.329826 0.487721 -0.270627 -0.751812 -0.356226 -0.530108 -0.223205 -1.517635 1.544472 0.169790 0.019697 0.593406 0.042016 -0.883270 -0.236972 -0.235622 -0.287963 -0.724182 -0.849982 -0.157811 0.048943 1.641970 -0.727420 -0.234520 -0.547709 1.552637 -0.301106 0.000550 0.364183 -0.455789 0.245661 0.806017 0.789892 1.596865 -1.315420 -0.652249 0.762600 -0.368083 0.774528 0.328896 -0.177190 0.577237 -2.931848 0.241423 -0.371976 0.022162 0.627102 -0.419944 0.296026 -1.562576 0.064336 -0.954830 -1.782510 0.657637 0.173638 1.368398 -1.617149 -2.064966 -0.761827 -0.284432 -1.396431 2.249726 -0.068333 1.746135 0.207393 -0.131905 0.255924 0.478663 -1.063480 0.229164 0.324375 -1.124852 0.317110 -1.062982 1.430517 -1.920336 0.942611 -0.050601 -0.759686 0.701598 0.318450 -0.713498 -1.037289 -0.440290 0.811496 2.968950 -0.028453 -1.398929 0.785988 1.077163 -0.442638 -0.323151 -1.443935 0.101648 0.057346 0.996341 -0.132156 -0.254382 -0.390040 -0.020776 1.857110 0.635058 -1.653498 0.848273
2.005289 -0.303034 0.585845 -1.283148 -0.361765 -1.015456 0.293797 -1.068137 0.286875 0.207805 0.707431 2.296552 0.538917 -1.093171 -0.480673 -0.674969 0.055679 -1.975786 -0.139357 1.035478 0.385209 -0.073719 1.354255 -1.005069 0.803598 1.252178 -0.801372 -0.755013 -0.546594 -0.092224 -1.281751 -0.019643 -0.172687 0.356636 0.465529 -0.557965 -0.617099 0.734431 1.220754 0.791887 -1.393094 -0.211297 -0.215069 0.105112 1.568904 1.820375 0.160800 0.432594 0.277518 0.532570 1.284299 1.541744 -0.894651 -1.922417 -0.199502 0.280824 0.475404 -0.584705 -0.519389 -1.268382 1.083674 -0.811473 0.758114 0.755164 -0.637350 -0.942636 -0.247287 0.731052 -0.840630 -0.029517 -0.331875 -0.867268 -0.689278 0.360566 0.666258 1.004886 1.069623 0.207405 -0.051056 0.042846 -0.415731 -0.781677 -0.135378 -0.061663 0.088964 -0.124817 -0.957811 0.040640 1.484587 1.327998 -1.148317 -0.622542 -0.154537 1.188869 1.345669 1.704752 1.014767 -0.390283 -1.781261 0.032607 -0.700757 0.074674 -0.312514 -0.268574 2.048326 -0.758893 -1.683456 0.241462 -0.382704 0.514147 -0.658748 -1.941989 -0.003912 -1.058963 -0.388584 1.893693 -1.392612 0.008531 0.367745 1.960225 -0.523489 1.866913 -0.422885 -1.661655 -1.611452 0.111389 0.536241 -0.129391 -2.823857 0.179537 0.758029 0.513506 0.113758 -0.727930 0.006716 -1.798147 0.716027 -0.008580 -0.221123 1.686673 0.887147 -0.330444 0.235736 -1.536914 0.453658 0.623579 -0.193756 0.400016 -0.600030 2.406046 -2.151842 -0.375559 1.238647 -0.129199 -1.246067 1.171063 -0.302590 0.893775 -1.400991 -0.295642 0.480914 0.720632 -0.781034 1.080514 1.134920 0.429810 0.200173 -0.716752 -0.497437 0.133378 -0.962699 0.560894 -0.806214 0.200075 -0.564755 -0.332198 0.008486 -0.689811 0.863510 1.018801 0.608364 1.189078 -0.738141 -0.498547 -0.566355 1.413794 -1.804155 0.480985 1.197222 0.683239 0.776259 -0.700756 0.860895 1.292406 1.602261 0.750986 0.993601 0.943239 -0.609287 1.279492
0.192494 -0.478704 -1.578905 0.257772 0.168281 -0.429251 0.584384 -1.429745 0.361413 -0.765698 -0.055092 -1.119784 1.145863 1.658608 -1.963604 -1.085641 -0.543543 1.248926 1.365865 0.103348 0.593401 0.206184 0.903708 -0.955236 0.490542 -0.854447 0.912827 -1.019698 -0.061305 -1.454057 1.015419 0.680226 -1.093067 -1.236321 -0.382180 -0.410069 -2.501385 0.337425 -1.513619 -0.588576 -1.156188 -0.537635 -0.397910 0.261498 1.026218 0.453790 0.576232 0.917648 0.480693 -1.979086 -0.088940 -0.503418 0.062816 1.409877 -1.012382 1.040167 1.665164 -0.266068 0.839309 -0.017388 -0.107788 0.380464 0.037087 -0.609704 0.146892 -0.710108 0.065666 1.308401 1.454098 -0.559179 0.665293 0.812807 1.096636 -1.095408 1.484364 -0.796647 -0.896746 0.740211 1.543246 -2.185321 -2.326667 1.717526 -0.423894 -1.253430 0.981026 -1.317443 -0.515318 -0.397395 1.087298 0.532455 0.393726 0.813201 1.212875 0.889226 0.233639 -1.585217 -0.222476 -1.550535 0.556279 -1.005246 0.102603 -0.795943 -0.488838 -0.657275 1.195871 -0.807291 1.127892 -2.720312 0.856033 -0.454559 -1.131648 0.704661 -0.313708 3.381921 -0.035000 1.433944 -0.391127 -0.673249 0.329762 -1.308922 0.208111 0.949990 -0.574300 1.337750 -0.619579 -1.290857 -0.063023 -2.143909 0.002501 -0.489144 -0.247647 -0.212026 -0.171076 -0.511464 0.174903 0.179813 1.307897 -0.740682 -0.207582 0.592743 -1.304226 -0.709310 0.042160 -0.242992 0.110201 1.020971 0.504615 -0.266303 -0.643020 -0.019073 -0.841839 0.489054 0.651543 -0.144483 -0.085864 -0.229874 -0.564754 0.084697 0.307675 -0.478558 -0.688384 0.935821 -0.485332 -0.466453 0.133109 -0.631195 1.809297 0.434198 -0.575197 -1.693733 2.085157 -0.738057 1.570155 -0.027155 -1.570290 -0.334969 -2.233117 -1.016146 -0.339260 0.567406 1.647230 1.177877 1.911133 0.586885 -1.476849 1.376389 1.166501 2.215244 1.839264 0.114115 -1.488741 0.277380 1.862675 0.111633 -1.188657 -0.530016 -0.551990 -0.408801 -0.452264 -0.596884
0.431690 -1.108884 0.584155 -0.452407 -0.182423 1.220446 0.447223 -0.414633 -1.896499 2.388725 -1.336677 -0.791114 1.977489 0.532527 0.820984 2.360283 0.158924 -0.464773 1.923307 -0.479042 -0.373198 1.242044 -0.582202 -1.460208 0.925948 -0.830495 0.720764 1.739554 0.694588 -0.174813 2.002726 -0.811791 -0.940119 1.156575 0.426297 0.991877 0.143766 1.456403 2.149019 2.297325 0.556415 0.808197 0.457105 0.647924 -0.261997 3.252322 -0.830244 0.275035 0.757056 0.735990 2.805742 0.018530 -1.019814 0.272585 -0.740170 -0.124218 -0.677004 1.134199 -1.428950 0.098032 0.092441 0.335423 -0.159012 0.653378 2.556378 -1.782902 1.651252 -0.002615 -1.487224 0.862260 -0.169709 0.199329 -2.738304 1.133857 -2.214496 0.243996 1.222195 -0.619218 -2.800216 -0.251142 0.716015 0.093025 -0.140372 1.430850 1.139116 -1.555570 1.674028 0.138699 -0.452457 1.526637 0.978368 -1.532781 -0.194780 0.537894 -0.504052 -0.279628 1.652142 0.771544 -0.637664 0.501348 0.057641 1.628483 0.205805 -1.083485 -0.899233 -0.956640 0.174429 -0.687975 0.226009 -0.479489 0.420547 1.515431 -0.275272 0.013471 -0.217684 -2.133946 0.728638 1.287163 0.965217 0.717907 1.388421 -0.548899 0.502641 -0.290496 -0.312229 -2.218035 1.063787 0.709842 0.085773 0.018909 -0.059348 0.208749 0.402258 -0.645300 -1.135469 -2.244814 -0.208971 -0.635462 0.734514 -1.417128 -1.067846 -0.687702 0.216590 -0.654591 -0.322671 -0.191309 -1.465886 -0.652108 -1.012547 -0.967365 1.661387 -0.732469 0.201999 2.437662 -0.577027 -0.773755 1.092431 2.218865 0.390757 1.436199 2.759918 -0.577934 -1.185466 1.211888 0.139982 -0.510090 1.597401 -0.825149 1.029275 -0.384883 -0.132764 -1.418794 -0.169392 0.657169 1.478373 -0.212928 1.340270 -0.032660 0.558545 0.384304 -0.598866 1.258055 -1.026295 -0.266701 0.778528 0.471643 0.595248 -0.713980 0.271211 -2.239952 0.189312 0.094814 1.489961 0.461063 0.375289 1.212242 0.885780 -0.150555 -0.567359 1.127012
-0.940815 -0.516931 -0.048645 -0.526701 1.613260 -0.581835 -0.292415 -0.556969 -0.649320 1.001085 -2.059637 -1.810973 -0.193681 -0.848843 0.010939 1.036614 0.362435 1.351910 0.547461 0.245238 -0.541948 -0.142082 -1.532944 -0.141277 1.052392 -0.188731 -1.784112 -0.054654 -0.369380 0.976408 0.136324 0.331176 1.614476 0.204038 -1.057353 -0.269058 1.372873 0.450280 -0.784665 1.540806 -0.099016 0.308242 0.639048 -0.350089 0.765494 0.814316 -0.047564 0.770683 -0.858633 0.916115 1.306462 1.128756 1.062640 1.467341 0.853269 -1.426377 -0.211282 1.071402 0.909112 -0.648241 0.537656 -0.704961 -1.082089 1.276552 1.632552 0.250905 -1.048636 1.526698 -1.279709 0.015106 -0.108740 0.122173 -0.542734 1.766471 -0.480328 0.102309 2.161806 1.368672 0.469438 -0.444787 -1.045079 -0.771592 1.148733 -0.354863 -0.650540 0.071425 -1.832329 -0.672007 0.868040 0.540037 0.671408 0.095711 -0.262093 0.597296 -0.405830 1.938654 0.101877 2.043283 -0.386724 -1.850575 1.003638 -0.989281 -0.099486 0.197168 -0.848553 0.263638 0.728364 -0.049343 -0.418285 -1.660568 -0.095230 -0.279343 0.792638 0.107398 0.842249 -0.721762 1.259235 0.007860 -1.117142 -1.703083 -0.510373 -0.212914 0.300766 -0.256312 -0.094161 1.088415 0.192313 1.845377 0.081042 -1.066026 -1.179573 -0.413579 -0.835994 -0.059848 0.101740 -0.579499 -1.559557 -0.064684 -1.532295 0.273395 -1.378045 -0.652387 -0.224609 -0.696330 0.554501 1.322916 0.921520 0.122739 -2.806104 0.336327 -0.086718 -1.096253 0.660065 1.534979 0.441699 0.980262 -0.915030 -0.034835 -0.145222 -0.912468 2.074256 0.791557 0.748556 0.865450 1.454398 0.664923 -0.429500 -0.509191 0.529842 0.597686 0.230907 -0.626887 -0.361063 0.947805 0.176645 -1.337242 -0.336224 -1.187444 0.969727 1.188675 0.115560 0.265003 -0.060540 -1.423014 -0.316882 -0.997591 -1.154631 0.092462 1.910864 1.407071 -0.334350 -1.323638 1.722081 -0.042353 1.893946 -0.908498 0.246680 -1.337801 0.442659 -0.681374
-0.476943 1.178103 0.166424 0.844817 0.202040 -0.003308 -0.222172 1.915298 -0.198279 -0.450975 -0.083996 0.629925 1.220391 0.014165 -0.090138 1.241572 0.107114 -0.188493 2.292864 0.539245 -0.302885 0.615161 -2.434330 0.154163 1.101789 0.921359 1.157858 1.024199 0.147453 0.758372 0.304730 -0.698760 -0.818377 0.460210 0.831466 -2.109966 0.624561 2.298570 0.794555 -0.015978 -1.380354 -1.639310 0.963023 -0.443040 0.339999 -1.878245 -0.401208 -0.805266 -0.307278 -0.373930 0.711425 -1.061274 0.192347 -1.550057 0.680838 0.424044 -0.984402 0.686567 -0.983024 -0.237611 0.458491 -0.628917 -1.057492 -0.102330 0.339703 2.426916 1.644549 1.070723 1.849626 0.656387 -0.581894 1.649452 1.095563 -0.481165 -0.512686 -0.078006 -0.683178 0.090774 -0.480375 -0.556706 0.297404 0.895131 0.318563 -1.085800 1.198828 0.218684 0.001181 1.806715 1.208475 -0.251546 0.933616 0.843635 -0.551322 -1.324740 0.459645 1.213114 -1.021023 0.100726 0.107648 -0.009771 -0.788129 -0.954972 1.653867 -1.163383 -1.367938 0.205925 0.555943 0.919390 -1.230033 0.483942 0.775034 -0.817919 0.797330 -0.566620 1.949124 0.864909 -1.046929 -1.453965 0.119771 -0.639244 -2.138348 0.418180 -0.183607 0.693707 0.286028 0.805782 0.271303 -1.297962 -3.095277 1.289727 -0.728423 -1.682847 0.059824 0.957824 1.169012 1.135181 -0.883411 0.482896 0.876877 1.543419 -0.127733 0.785798 -0.445854 0.758928 -1.726308 -0.200803 0.121232 -0.783495 1.028504 -0.909489 0.046434 -0.413969 1.058851 -0.594635 0.083866 0.581942 1.010167 0.196441 0.343207 1.332544 -0.908347 -0.446481 -1.391655 -0.741943 0.383242 -1.223568 0.174743 -1.158896 0.872814 -1.951287 1.408066 0.050638 1.609667 2.262042 1.483966 -0.365777 0.415618 0.923571 1.598403 -0.137381 0.248437 -1.090304 1.207599 -1.083231 -1.288096 0.036052 2.593543 0.313499 0.082403 0.061920 -3.074623 -1.354162 0.213070 1.040366 -1.439160 0.290969 1.240314 -0.785098 0.650480 0.095018
-0.935969 0.361111 -0.849222 -1.551947 -0.010461 0.053897 -1.826863 2.128558 -2.929273 -0.137602 0.332820 0.441446 -0.545393 0.218837 2.051879 -0.074198 -0.334887 0.036128 -0.557389 -0.814045 0.032740 1.946856 0.812918 0.215505 -0.079183 -1.044875 -0.101423 0.515868 1.662238 -0.799774 -0.803126 0.654366 0.369661 0.701791 -1.115013 -0.926852 -1.283265 1.161785 0.753024 -1.182167 -0.877476 0.414015 -0.574823 0.098976 -0.345359 1.333692 0.389692 -1.065770 0.739059 -0.092055 -0.695074 1.056541 -0.777036 0.739438 -1.159136 -0.879538 -0.474589 1.697871 0.025194 0.283748 -0.986850 -1.412127 0.140705 1.594544 -0.091103 -0.828204 -1.105607 -0.426940 0.341686 -0.799155 0.200520 0.448800 0.424017 -0.220973 -0.618827 -1.085206 0.980845 -0.177652 0.794073 0.027932 -0.200360 0.941453 0.921751 -1.036361 0.198555 0.100045 1.176190 0.261277 0.537430 -0.356322 -0.720750 0.746254 0.056074 0.922641 -1.410337 0.114813 1.155003 1.294594 1.039862 0.293036 -1.895492 -0.462187 -1.207338 1.459821 0.835492 -0.665366 0.569360 -0.269496 -1.534779 2.112692 -0.381009 -0.360869 -2.074201 0.261309 1.169479 -0.195322 1.201311 0.696492 1.303882 0.033368 0.960408 1.702716 -0.017275 -0.275455 0.372310 0.931325 1.412670 0.615996 0.279582 -0.704962 0.662367 -0.501915 0.031198 0.866252 -0.379848 0.119602 -0.231749 -1.017586 -0.361245 0.538330 2.239124 1.666421 0.921720 -0.401035 0.274679 0.093305 0.956048 0.148720 -0.782593 -0.060467 -1.190564 -0.742471 -0.642747 0.588297 1.036366 -1.387375 0.928808 0.382787 -1.570797 0.461282 0.310500 -1.678535 -0.959872 0.611228 -0.915631 2.256317 1.218583 -1.730867 1.679896 -0.677015 -0.303176 -0.567799 1.039154 -0.929919 1.434877 -0.491047 0.746443 0.902457 -0.530593 1.137640 1.444518 0.045617 -0.934348 0.659599 0.706958 1.537176 -0.290328 -0.056896 -1.001067 1.483173 0.096602 0.630123 -0.211015 -1.547509 -0.020099 -1.053749 -1.642802 -0.622663 1.034497 -1.973827
-1.579489 0.418342 -0.516752 1.060774 0.885165 -0.280973 -0.034001 -0.665819 0.562805 -1.046487 1.139480 1.060321 0.239068 -0.660427 0.012436 -0.497927 -2.111360 1.243542 -0.490004 -0.979550 0.905719 0.024870 -0.093064 -0.096069 0.166251 0.998572 0.483292 0.290596 1.236293 -0.371419 -0.112363 -0.201317 1.034962 -1.162639 0.855514 0.039277 1.311023 0.199490 -1.152616 -1.044855 0.272531 -2.075076 0.965795 -1.360454 -1.310415 -2.044203 -0.577668 0.045554 0.803182 0.451001 -0.485492 -1.113574 -1.182268 -0.600966 -0.020856 -0.027286 -0.411824 1.040881 1.525231 -2.623193 -0.577513 0.110343 -0.089246 1.044994 0.073344 0.164270 -1.203236 0.539134 0.804557 2.014517 0.760638 0.373134 -0.917102 -1.230751 -0.797471 -0.058768 -0.823979 0.383461 1.826110 -0.587719 1.047242 -1.054772 2.340140 -0.026842 2.008797 0.521065 -0.925400 -0.190864 0.732898 0.866811 -1.755508 0.478997 -0.249716 0.109071 -0.302613 -0.647767 -1.143500 -1.392877 0.208191 -0.173761 1.102827 1.155514 -0.632736 0.144443 0.679552 1.445264 -0.582912 -0.734604 -0.105648 1.022138 1.387347 0.093676 -1.383050 -2.168537 0.465886 -0.665520 0.952156 -1.493692 0.306183 0.367211 1.390582 -0.528264 0.325408 1.126299 1.227763 0.019566 0.625088 1.277496 -0.427002 -1.115716 0.026990 -0.754233 -0.592466 1.404128 0.693792 0.307785 -0.126418 -0.094857 -2.040077 0.881176 -0.912464 -1.683794 -0.208471 0.124404 0.351032 0.307160 2.019456 -0.492122 0.559478 -2.456983 1.171592 -0.706343 -1.364464 0.985595 0.150017 1.772688 1.031190 0.391480 -0.730108 -0.702222 -0.701217 -0.849486 -0.061898 1.846476 -2.032373 0.240403 0.584386 -0.681850 0.858113 -0.738053 -0.906003 0.936468 -1.228276 0.462423 -0.550595 -0.842706 0.692646 -2.165321 -1.268117 0.477078 -0.354547 -1.217321 0.731242 -0.402019 -0.394761 0.143335 -0.425707 0.078950 -0.834156 0.227155 1.719155 -1.470604 -0.213344 0.579924 -0.829559 0.484358 0.003626 0.151546 1.626879 -1.670583
-1.181759 0.834769 -0.174166 -0.153872 -0.630795 -0.822266 0.212057 -0.190775 0.123934 -1.383101 -0.846902 0.856788 -1.379196 -0.102874 2.182243 -0.372378 -0.596549 1.069984 0.242777 0.035587 0.199960 0.954594 -1.001311 1.108047 -0.212412 0.102331 0.304112 0.295002 -1.068771 0.161274 1.200926 -0.344354 0.127382 -0.127243 0.165062 -0.297597 0.416645 0.559635 0.845520 1.135596 0.006401 0.560285 -1.889384 -1.115924 0.687608 -0.234076 -0.793031 1.792236 0.992583 0.345137 1.176927 -1.988899 0.955663 0.038917 -0.187646 -1.448629 1.024893 0.056846 0.833028 0.210841 0.455321 0.377871 -0.497184 1.659370 0.819093 0.118214 -0.103913 1.956069 -0.082780 -1.078290 -0.017489 -0.686038 -0.866318 0.739894 -0.526667 0.321151 -0.604428 -1.431957 0.911230 -2.279246 0.225741 0.142934 0.044620 -1.423345 -0.365517 -0.262585 -0.020323 -0.281403 0.227170 -1.789574 -1.352479 -0.462175 0.958249 0.162387 0.602405 0.003929 1.789050 -0.952953 -0.455450 -1.258197 1.333384 -1.025642 0.775181 -1.345619 -1.222499 0.050321 -0.114632 0.314565 -0.580968 0.716513 0.679079 -0.102402 0.731048 -0.940253 1.922561 0.584671 -0.112931 -0.152658 1.004667 -0.260345 -0.874416 2.439177 -0.489177 -1.031403 0.010211 -1.684352 -1.277258 0.369339 1.246592 0.601854 -0.649650 -0.234606 0.461698 1.026661 0.142420 -0.192422 0.235635 0.679598 0.125896 0.042442 0.317564 -0.608885 0.162795 -0.163498 0.064092 0.023452 0.665474 -1.185983 -2.162674 -1.856760 -0.553621 0.702894 -0.812093 -1.659856 0.823030 0.033103 -1.639390 0.279328 -0.211751 -1.017428 1.580581 -0.353210 -0.113506 -1.252405 0.196642 -2.483014 0.689245 0.022507 2.283503 -0.682234 1.306624 3.457952 -0.925519 1.584191 2.170679 1.656607 -0.858934 -1.185886 -1.344018 0.720788 0.746174 2.485853 0.790415 -1.564297 -1.298443 -1.016392 -0.680090 2.271633 0.489613 1.098756 0.285177 -2.694465 -0.902931 -0.200471 0.321714 0.746302 -0.874955 0.385457 0.711122 -1.074145
0.637770 0.912219 -0.725570 -1.443721 -0.254706 0.687916 -0.295511 -0.224928 -0.058565 1.288479 -0.052511 0.233223 -0.847979 1.120011 0.826354 -1.020891 1.032020 0.503771 1.155004 0.484622 1.564718 -0.773142 -0.716229 -0.882310 0.106809 0.188340 0.722432 -1.939674 -0.373569 1.218635 -0.723135 -0.126895 -0.145259 0.974872 -1.753602 0.051731 -0.960172 -0.346839 -1.041234 0.239347 -1.000220 -2.116786 0.833854 -0.174726 0.634744 0.372882 -0.355092 0.918384 -0.191221 -1.514688 1.040335 0.808088 1.591630 -0.353869 2.515364 1.188852 0.268531 -0.174011 0.941905 -0.891504 -0.479874 0.103030 -0.954875 -0.678451 -1.279185 1.056472 0.883839 -1.357162 -0.110337 -0.249412 2.611958 0.474903 -0.565496 -2.153028 -0.057634 1.898138 0.184279 1.136509 -0.851048 -0.560057 -1.403618 0.675514 0.088229 1.723117 0.214923 0.359729 0.197767 -1.428855 -0.611965 -0.214767 0.123078 0.377810 -0.517232 -1.169546 1.933265 -0.943941 0.182818 -0.500977 -0.620039 -0.342444 -0.985077 -0.836915 0.399286 -0.072466 -0.081542 -0.282884 0.215431 -0.040657 -0.346918 0.714210 0.122651 0.124187 -1.039829 -0.970994 -0.945475 -0.725513 0.730434 -0.024283 0.716301 -0.845541 -0.733795 -0.312829 0.622596 -0.127668 0.339956 0.779331 0.099809 0.302774 0.765896 -0.212039 -0.092761 -1.248187 0.118980 1.540204 -0.580325 1.319405 0.139894 -0.450236 0.939449 1.631868 -0.370547 -1.482778 0.187914 1.064181 -0.292380 -1.035754 -1.425269 0.876134 0.689024 -0.875456 -1.607512 1.470645 -1.065392 0.605550 -0.329922 -1.129729 -0.538408 1.008207 -0.606502 -0.623832 0.158552 1.024082 1.196174 1.042188 -0.201998 0.204516 0.145413 0.342413 0.500391 -1.386068 0.507313 -2.176418 1.277980 -1.308366 1.486538 -1.217043 0.337788 -0.564747 -0.081308 -0.979694 -0.923473 1.603470 0.872940 -0.881938 -0.459372 -1.166937 -1.576158 -0.160522 0.430243 -0.903764 0.677358 -0.653825 0.787292 0.748180 0.418413 0.564198 0.864422 0.251736 0.192466 -0.192104
0.333248 0.601372 -1.276454 -0.513895 0.110435 -1.171419 0.849066 0.053074 -0.194743 1.109688 -3.330579 0.380415 0.214088 2.323201 3.253778 1.279464 0.446756 -0.187813 -0.729705 -0.222451 0.426981 -0.102425 -1.321711 -0.585046 -0.799105 -0.013619 -0.024295 -0.442764 0.431525 -0.065625 -0.205219 1.052023 -1.284580 -2.541373 1.538790 1.492920 -0.300641 0.264381 -0.333603 -0.442427 1.339833 0.476391 -1.962061 -0.302509 -0.054598 1.882120 0.192239 -0.235688 0.515139 -0.334588 0.453656 -0.591673 0.047656 0.347743 0.359689 2.249818 0.921060 -0.017579 -1.018144 0.788318 0.708123 0.137719 -0.845157 0.731373 -0.886463 -0.692367 0.081896 0.204154 0.914390 0.399014 -0.128295 -0.557487 -0.040501 -0.994872 -1.669628 0.328658 -2.389952 -0.218418 -1.094108 1.713560 -0.741198 1.172601 -0.801223 -0.109479 0.679931 -0.038450 0.321537 -0.595369 0.819770 1.254909 0.310429 0.605979 0.546483 0.463498 1.446783 0.581269 -0.290983 -0.485056 0.564561 1.121511 -0.329220 -0.286049 -0.513537 0.161714 -0.464420 -0.325766 -0.007989 -0.749085 -0.172673 0.066608 1.530066 0.212233 -0.676220 -1.781484 1.281419 -0.100738 1.264948 -0.987759 -0.896647 -0.022828 0.572046 -1.676723 -0.694829 -0.387290 0.121200 0.706316 0.937717 -0.608905 -1.058655 -0.299216 -0.175449 1.644330 1.243368 -1.162539 -0.054313 -2.341068 -1.675123 -0.446250 1.638923 1.261928 -1.815046 0.740596 0.666462 0.413635 -2.177127 2.346959 -0.310196 -0.786617 -1.460880 0.675468 -0.908267 -0.232654 -0.543503 0.158779 0.535727 1.302979 -0.378479 -1.144828 -0.110022 1.292767 -0.171522 -0.043807 0.445491 -0.906543 1.255863 -1.253154 -0.464022 -0.440478 -1.862909 -1.458466 0.272679 -1.579459 -0.416888 -1.102502 0.882286 -0.626090 1.356568 0.023869 -0.631519 -1.455147 -0.148555 -0.791175 0.371871 -0.378419 0.568802 -0.458014 -0.068977 1.844837 -0.233509 -1.516383 -0.443772 -0.306353 2.048352 0.222122 1.042837 0.983036 0.690522 0.326276 1.108671 -0.188170
1.200074 2.031942 0.729219 -1.001589 0.019840 -0.458594 0.944112 -0.733256 -1.819499 -0.507006 -0.551219 0.867089 1.810107 0.782199 0.509937 -0.914425 -0.063854 -0.119285 0.685100 0.755797 -1.955814 0.483183 1.609640 -1.871086 0.122948 1.898792 -0.491208 -0.113997 0.942202 -0.895829 -0.994943 -0.617345 1.214375 0.481774 -0.431780 1.293150 1.680273 0.519718 -0.261146 1.064611 -1.322611 -0.090804 0.570722 0.547876 0.380736 1.486441 -0.677096 1.085504 0.977880 -1.053832 1.130356 1.260928 -0.277458 -1.226289 -1.853683 0.501249 0.044432 -0.305041 -0.659299 0.746057 -0.171853 -2.348987 1.924136 -1.277165 -0.190045 -1.570638 -0.128527 0.669402 -0.857466 -1.207100 -0.050932 -1.871437 0.181320 1.496911 0.260614 1.943278 1.134280 -0.942276 0.897300 -0.984501 1.504747 -0.948486 0.822780 -0.757201 0.112966 2.026908 -0.806504 0.183897 0.370268 -0.342443 -1.534027 -0.628530 0.898893 -1.025388 -0.491786 -0.212029 0.477240 0.296205 -0.668144 1.461170 -0.909044 0.516667 -1.468703 -0.144025 0.040538 -0.646523 0.630810 0.162981 -0.003808 -1.013666 0.036367 0.281276 -0.152416 0.239380 -0.782512 -0.453904 1.046698 1.603312 -0.951229 0.793515 -0.282697 -0.867355 -1.146498 -0.177679 -1.228667 -1.021363 0.895051 0.992438 -1.837932 0.531444 0.782255 -0.434106 -0.778136 -0.360563 0.140625 -0.913564 -0.452485 0.285197 -1.193581 -0.303302 -0.559839 -0.388197 0.697114 0.726227 1.481569 0.509995 -1.643669 1.214319 1.155356 -0.371896 -0.129010 -1.409637 0.052741 0.411207 0.675171 -0.536664 -0.287291 -1.241897 -0.328159 -1.807637 0.648227 2.402174 0.050464 0.228109 0.074128 -1.169999 -0.102034 -1.115269 -1.114638 0.820871 -0.814779 -1.448151 -2.053041 0.512944 -1.329490 -2.678803 -0.507175 0.257263 1.098795 1.364602 -0.106525 0.539257 0.541784 0.559015 -1.832706 0.900711 0.249402 -1.062395 -1.224550 -0.516092 0.552412 -1.533254 -0.096153 0.616930 0.955248 -0.519947 0.721890 -0.907077 -0.669154 0.504926
-1.133509 -0.496462 -0.469276 1.677952 -0.366884 1.594997 -0.177465 -0.526254 -0.325582 -0.779738 0.427358 -0.354060 -0.001555 0.342730 0.657371 -0.447777 -0.008439 -1.673954 -0.341531 -2.177093 0.682537 -0.379036 0.301292 -0.571465 1.724672 -1.145587 -1.010598 -1.785577 -0.464372 -0.100287 0.874112 -0.495966 1.688822 0.460638 -0.238768 1.066304 0.007191 1.143889 -0.723444 -1.587352 -0.344828 0.091250 0.381593 0.743732 -0.016591 -0.170613 -1.187117 -0.197156 0.393689 -1.104826 -1.133102 -1.539782 0.041521 0.594553 -1.156654 -1.286045 0.996379 -0.825471 -0.472875 -1.429163 -0.284905 0.614069 -0.350422 0.415571 2.072988 -0.860304 -0.789551 -1.070612 -0.308820 -1.906098 0.227536 0.000860 -0.242681 0.681185 0.766124 -0.351930 -0.207216 -0.631667 -0.310533 -1.764538 -0.072730 -1.702311 0.100631 0.244658 1.208889 0.879697 -0.785996 -1.086612 0.693018 -0.473241 -0.161152 0.484791 0.439398 -0.199726 0.133640 -2.439799 0.262504 -0.988137 0.089852 0.723095 1.787611 -0.891713 0.406911 3.009382 1.494994 0.201068 -1.527586 1.527357 1.095700 -0.889808 -0.751693 0.379539 -1.535338 -1.773868 -0.578438 -1.196661 1.497228 0.138184 1.709040 2.553415 0.183501 0.920838 1.183489 0.830674 -0.405049 1.685580 -0.393969 -1.113965 0.102423 -0.813468 -1.244846 1.320062 -0.285274 2.118977 0.700909 -0.679813 0.005270 -0.073652 -0.705968 -1.090995 -0.434287 -0.229277 -0.613418 -0.797835 0.482036 -1.146879 0.676759 -0.222841 -0.488946 -2.540995 0.135423 -0.100275 -1.250607 -0.592204 -1.014199 0.577969 0.921665 0.202783 0.566327 0.076693 -2.004075 0.963294 1.031754 0.742132 1.927217 0.697308 0.440451 1.458257 -0.023884 0.586384 -1.514057 1.126465 -0.436829 -0.905121 -0.141965 -1.182005 0.312849 0.259075 -1.061214 1.518279 0.179405 -0.069122 0.199991 0.241703 -1.479160 -0.159826 0.210855 0.064189 0.395209 0.294216 0.754713 -1.358976 -1.509702 -0.241242 -0.181350 -1.839608 -1.170074 0.144744 -0.083157 -0.200445
1.290673 -1.042885 0.429826 -1.815668 0.157974 -0.257250 0.629755 0.588857 -0.455895 -0.096567 -0.647681 0.920335 1.456664 3.013540 -0.546261 -0.295301 -0.075734 0.495839 0.195080 -0.958179 0.794456 0.904302 -0.552037 0.940193 0.913196 0.935727 1.979633 0.020753 1.183514 0.724567 1.698713 0.166560 -0.812418 -0.221979 -0.305011 -0.654568 -0.040488 1.024958 -0.162115 0.519618 -0.032975 -0.664529 0.534792 -0.707504 -0.860931 1.767633 -0.080060 -0.487862 -0.417745 0.456668 -1.173134 -0.146388 -0.924811 -1.115591 0.022303 -0.503478 0.572917 0.838226 -1.083867 -0.482124 1.461998 1.134603 -1.065404 -1.109645 0.413294 -0.711166 0.663615 -1.266070 -1.597905 -0.487572 -0.601858 1.322507 -0.952384 -0.409707 0.336349 0.568415 0.336768 -0.627597 -1.332476 -2.583601 -0.210941 1.735885 1.623477 -0.021496 -2.220210 -0.341879 -0.024862 0.399509 -0.738315 0.407366 -0.330960 0.754492 -0.543274 -1.257805 0.505116 1.166320 -0.188200 0.084549 0.811829 0.000488 0.278353 2.777584 0.122820 0.671856 -0.989633 -0.407910 1.632245 -0.290246 -1.598341 1.312766 0.522898 0.420379 1.535858 -2.172318 1.712500 -1.389457 -1.826356 0.777700 1.021007 0.151528 -0.921696 -0.189252 -0.179540 -2.147231 0.342321 -0.297675 -1.030301 0.547992 -0.526486 -1.143511 1.697345 1.522570 0.537751 -0.765774 1.271958 -0.436239 0.216674 -2.224219 -0.967394 -1.551052 0.243339 -1.149106 -0.487483 -0.922618 -0.727605 1.737519 0.189231 -1.078479 1.007317 2.199319 0.071825 -0.086439 0.434507 -2.520678 0.491008 0.063520 0.163639 0.363445 -0.455144 -0.065746 0.442391 -0.436198 0.123896 -0.207853 1.930532 -1.241296 0.570180 0.192536 -1.365765 -1.078307 -1.779922 1.163346 1.489767 -2.220327 -0.087320 -1.194016 0.306811 -1.117785 -1.170553 -0.566869 -0.530283 -0.636761 0.168358 -0.118929 1.497757 0.073966 -1.433946 0.665256 0.472681 -0.572042 0.450226 0.916831 0.702075 1.131124 -0.543178 0.245513 1.410939 0.283618 1.177622 -1.834283
-0.213073 -0.387902 0.120221 1.069695 2.123133 -1.428559 -0.654576 0.006521 1.097593 -0.321939 0.475792 -0.326310 0.267900 1.452489 -0.749404 -0.442642 0.249704 0.509074 0.397025 1.702043 -0.496605 -0.214991 0.473975 -0.695258 -0.524365 -0.768989 -2.352010 -0.759216 1.795241 2.612499 0.630266 -0.566327 0.959228 0.411472 -1.378475 1.364600 -1.169578 -0.697007 1.205522 1.944131 0.351096 1.017250 0.190850 -1.029819 0.453266 1.542529 -0.173220 1.365244 -0.371715 1.297539 0.851373 0.190124 0.397426 -1.150844 -0.406967 0.605354 1.556171 0.967584 -0.804127 -0.865808 1.026298 0.695198 0.396895 0.654366 -1.561308 -0.249128 -0.014938 0.283197 0.725233 -1.224287 1.297038 1.191680 0.061139 -0.032930 0.362413 0.526642 0.441502 -1.342541 0.392083 -0.833817 0.849438 0.110002 -0.505165 -0.117058 0.095963 0.097782 -0.604592 0.560734 0.221760 -0.112777 -0.897515 0.682260 -1.249117 0.356642 -0.601094 0.287825 -0.824315 -0.778991 -1.253656 0.263799 1.819923 2.223997 -0.004856 -0.547990 1.317746 -0.105716 -1.190705 0.156235 -0.656479 -0.111799 0.047758 -2.088290 1.076354 -0.094462 -0.280563 1.300336 0.096215 0.867524 -0.533289 0.476615 0.187263 -0.320095 -0.565595 0.514494 -0.032635 0.888696 0.238454 0.471347 -0.118536 0.842622 1.114853 -0.245035 -1.607553 0.429409 -0.635529 -0.331404 0.906140 -1.345218 0.168454 0.627989 0.632948 -1.207295 0.671740 -0.306063 -1.211337 0.228598 1.760449 1.622814 0.481318 1.282860 -2.116877 3.471122 0.012465 -0.127070 -1.489215 0.478294 -0.399435 1.672897 -0.884509 -0.507864 0.767583 -0.456760 0.144585 -0.911086 -0.457430 0.828498 0.477438 1.542142 0.179421 1.011615 -2.104503 -1.900009 0.727817 1.705453 -1.338626 1.435574 -0.133694 0.334605 -0.833388 -0.362454 -0.439004 -0.698001 -0.365424 1.587056 -0.929726 0.292548 -0.447684 0.410491 0.245375 -0.464934 -1.618888 -0.654828 0.727040 1.318066 0.555520 0.838401 1.046972 0.246428 0.794198 -0.370377
0.977484 0.113133 -0.320005 -0.639233 0.086100 -0.383346 0.895858 1.106318 0.520077 -0.881004 0.681130 1.102067 0.499857 -0.594623 -0.297291 0.742428 -0.003929 -0.038284 0.587416 0.191513 -0.636029 1.349254 1.119439 0.399847 -0.320084 -0.250684 -1.540340 0.513169 -0.405085 -1.317385 -1.715111 0.437305 -1.060251 0.062230 -0.608305 1.017756 0.872736 -0.324342 0.513743 1.593968 0.260217 -1.583439 -1.019676 2.091477 -1.266044 -0.443324 0.054017 -1.264439 0.331798 -0.846389 -2.120734 -1.140813 0.192955 -0.278773 -1.131929 -0.167573 -2.255568 0.310187 -0.327464 0.208163 1.005686 -0.513135 1.467090 2.197422 0.801929 -0.951078 -0.239930 0.803583 0.193110 0.977749 0.293597 -0.278473 -0.077318 -0.259348 0.773495 -0.263073 -1.046009 -1.289114 -1.040564 0.162054 -0.797955 -1.054335 0.795969 -0.592471 1.114562 0.891617 -0.737879 0.524447 -1.681734 0.401876 1.501116 0.485857 -0.751668 0.858852 -1.188791 -0.898262 -2.267151 0.335047 -1.114050 0.824361 0.503589 -0.901703 0.474808 -0.211677 2.144285 -2.114333 0.215563 -0.460745 -0.563383 1.858617 -0.072169 -0.658906 0.742730 0.016161 -0.074890 -0.764338 0.238979 -0.165436 -0.517828 0.513750 -1.613937 -0.690402 2.121028 -0.685229 0.552287 1.118129 -0.138499 -0.180479 -0.699603 -0.044546 0.714581 -1.329623 1.850572 1.508129 0.588597 1.152119 0.678382 -0.704427 1.700572 -0.440435 -0.663758 -1.236797 -0.621795 1.064173 -0.479657 0.294713 0.557131 -1.005999 -1.376969 -1.826149 -0.691098 -1.565123 0.014457 -0.767702 -2.287404 -0.151001 -0.898900 0.233375 0.637929 -0.712834 1.168909 0.325148 0.071462 -0.621710 -0.715881 -0.355656 -0.447605 -0.196549 0.253458 -1.103512 -0.866701 0.378185 0.249186 -0.761621 0.684975 -1.614370 -2.102245 0.619793 1.193159 0.781551 -0.292761 0.843391 0.726354 -1.553408 -2.819611 1.045661 -1.074458 -0.914850 0.626243 0.872065 -0.606820 -0.129974 -1.011192 -2.146506 0.620051 0.465972 -0.818821 -0.173285 -1.100478 -0.325111
-1.333308 -0.223562 -1.442286 -0.074656 -0.323922 0.858578 -2.363738 0.756618 -0.268712 0.526758 -1.204255 -0.213600 0.233044 0.250852 1.469870 -0.544946 -0.106814 1.266972 -1.574094 0.378965 -1.273987 -1.233745 -1.252765 0.976899 1.103525 0.377722 0.484896 -0.178653 -0.022480 0.470467 -0.870403 -1.290615 -0.774089 1.218782 -0.841245 -0.150897 1.557030 1.829335 0.700535 0.383007 -0.225991 -1.063954 -0.430715 1.617681 -1.164829 -0.763941 1.258414 -0.108673 2.258861 -0.639689 0.973870 -1.299952 -2.255870 0.535089 -0.199819 1.251930 -0.114994 -1.049693 0.477412 0.728532 -1.863551 -0.095247 -1.306872 0.336752 0.538186 -1.259815 2.034735 -0.373702 -0.170999 -0.063170 0.404854 -0.014917 0.624346 -1.399976 -1.471003 0.745204 -1.154824 -1.000429 -0.257436 0.250013 1.843076 0.162089 2.600121 -1.087527 0.130261 -0.991101 -0.319149 -1.982025 -0.902423 0.348514 -0.691480 0.863049 -0.030055 -1.717199 1.260326 -1.590841 -1.783319 1.491658 0.209354 -1.523857 1.150201 0.260423 -0.374038 -1.186386 -1.095504 1.706785 -0.516504 0.113938 0.947197 0.086978 0.632910 0.461212 -0.290627 -0.270817 0.745702 -0.028861 -0.578461 -2.060958 0.633083 -0.105687 -1.035727 -0.463672 -0.650144 -0.807389 -0.417908 -0.521626 1.836509 2.282449 0.297044 0.540392 1.347638 -0.933910 0.858617 -0.041858 -0.403615 -0.597926 1.252244 0.046712 1.362591 -0.740223 0.471904 0.411227 1.830981 -0.514927 -0.526521 1.393054 1.390010 -0.152794 -0.513638 0.804649 0.752539 -1.305428 0.071244 0.833628 1.128028 0.465231 0.109856 -0.269229 -1.186606 -2.178049 1.294301 -0.184838 0.062641 -1.116167 0.070915 0.649310 -1.182002 0.547586 1.469068 0.192532 0.225620 0.600795 -0.786705 0.588957 0.502290 -0.015260 -0.846677 0.602713 1.176576 -0.773428 0.402569 1.598326 -1.314796 0.402748 -0.791167 0.658386 -0.228770 0.297143 1.638838 -0.835149 -0.085110 -0.750606 -1.402035 0.642984 1.014671 1.271931 0.940887 0.898327 0.072707 0.438705
0.737230 0.678971 -0.501226 1.451260 -1.347829 2.495477 0.519148 -1.468686 -0.300512 1.066043 -0.946880 -1.832852 -0.792494 0.294832 2.212477 -1.196551 0.068336 1.900397 -1.049288 0.872523 0.049306 0.121940 1.032188 -0.886163 0.208598 -0.083951 -0.141577 0.409204 -1.248461 0.752035 -1.646826 -1.954549 -0.090137 2.022678 -1.349853 -1.524963 1.157911 1.045027 1.336328 0.054051 -0.083662 0.737473 -0.836991 2.317541 0.690857 -0.276148 -0.590142 0.642209 0.043890 2.174368 -0.698479 -0.699047 0.700545 -0.334310 -0.917262 -0.565293 1.394421 0.037498 1.763140 0.485428 0.844387 0.514410 0.252040 0.375018 0.601298 0.882160 0.434447 -0.879113 0.708007 -1.635817 0.425001 1.033863 0.752638 -0.230494 0.633556 -0.309059 -0.904430 -0.629191 1.192921 1.710781 -0.688627 0.058816 -1.864600 -0.742311 -0.703522 -0.333435 -0.595172 1.013163 -1.180533 0.164793 -2.935429 0.869427 -0.284975 0.465224 -0.298721 0.805890 -0.918358 -0.201273 1.152425 1.893529 0.567316 1.065266 0.906644 0.141062 1.089364 -1.708863 1.520338 0.733981 -0.970023 0.155887 0.064836 0.727734 0.973010 -0.509584 -0.792935 -0.520372 -0.582706 -0.256487 -0.911882 -0.364545 1.664384 -1.370304 2.474483 -0.068244 2.057857 -1.546680 -0.223215 1.214849 -1.282310 -0.549790 -0.065079 -0.124893 -0.473890 0.918125 -0.787177 0.244843 0.993648 1.705940 1.006055 -1.680112 -0.706449 2.023201 -0.740400 -0.839663 0.153083 -0.417767 -0.568361 0.412243 1.311080 -1.617227 1.978811 -1.326836 -1.000592 -0.114368 -0.014634 -0.110046 0.543627 -1.018886 -0.263767 -0.650641 -0.862682 1.458385 0.363743 -1.001272 -0.705703 -1.523240 0.340453 0.390287 1.356327 1.244609 0.093036 -1.777584 -0.822453 -1.696777 -1.593739 1.710150 -0.024103 -0.703342 -0.358323 -0.197801 0.717587 1.039107 -0.795562 1.246844 -0.255511 0.493155 0.179773 -0.651124 0.100543 1.050424 -0.186543 0.040300 1.117886 0.568642 1.370504 -0.393577 -0.941040 -0.108708 0.626505 1.205002
-0.552038 0.729706 -0.165433 0.159892 -0.974424 2.086689 0.344999 0.101648 0.997383 -0.133565 0.519924 0.584915 1.644145 1.817534 1.359270 -0.879783 0.552557 1.360797 2.342095 1.182513 0.058214 -0.201070 0.425134 -0.046044 -0.299336 2.666023 -0.793039 1.095145 0.141932 0.592437 -0.081605 0.518164 0.883002 0.717067 1.928996 0.003025 0.409470 1.538319 0.664453 -0.360864 -0.238094 -3.447176 -0.644222 -0.606943 -0.704190 1.612075 1.397052 -0.712560 -0.278816 -0.535303 0.141226 -0.571460 -2.528411 0.037639 0.577958 0.462403 1.232755 -0.741617 0.762222 -0.067547 1.898351 0.856630 -0.423262 -0.372573 0.701138 -0.686568 1.112220 1.557334 -0.390879 -0.033072 -1.008077 0.269211 0.089478 -0.832912 -0.073913 0.305910 -0.217265 -1.669192 -0.590027 0.802078 0.153434 -0.156355 -0.851364 0.368850 -0.717800 0.596494 -0.516050 -0.242059 -0.070203 1.840946 -0.980917 2.148166 1.349591 -0.726569 -1.753690 -0.253918 -0.215649 -0.902884 -0.026540 0.715469 1.554077 0.448606 0.682643 -0.903922 -1.116630 -1.101152 0.962410 1.795802 -0.641888 0.404701 -1.779847 1.106954 0.474937 0.047995 -1.502024 1.474110 0.589455 0.218611 1.173376 -0.011215 3.626947 0.367836 -0.375106 -0.623211 -1.464756 0.719427 0.542803 -0.632635 -1.008853 1.210904 0.572795 -1.632561 -1.221778 0.484182 0.986584 -0.131069 0.062823 -1.971933 0.885272 0.331479 0.975378 -0.720382 -1.090800 1.260833 -1.194936 -0.031439 1.150637 0.346274 -0.250439 0.109098 0.637230 0.610280 1.457277 -0.253195 1.214351 0.371290 -1.083758 -1.112600 -1.270120 -1.291745 -1.440100 -0.888862 0.432453 -0.757477 -0.394810 0.830452 -0.854161 0.672599 1.021746 -0.254972 0.759113 0.760095 -0.345670 0.600385 -0.841497 1.495805 1.010349 1.144402 0.604330 1.146396 -0.003234 -0.130949 -0.260017 -1.045994 0.939257 1.537451 0.527965 0.796145 -0.862818 -0.367752 1.725305 2.422776 0.457127 0.560890 -1.011698 0.360262 -0.299874 2.450921 -0.357048 0.079906
1.618926 0.004340 -1.557101 0.396329 -0.576410 -0.599758 -1.070351 1.450235 1.607491 -0.580740 -1.248334 0.727884 -1.065028 1.112369 0.172048 -2.314145 -0.812347 0.179364 1.523557 1.594299 -0.281529 0.276903 -0.255542 0.278038 0.043932 0.566987 -0.458911 0.732068 1.040494 1.267367 1.425559 -1.338565 -0.747794 -0.620013 0.108608 -0.918507 -2.615377 -0.428745 1.042123 -0.466943 1.299459 0.227018 -0.471335 1.621470 2.168150 -2.064240 -0.321940 -0.750262 0.812247 -2.046856 -0.808558 -0.811788 -0.538838 -1.032055 -1.447284 -1.589501 0.395646 0.850140 -0.996625 0.569389 -0.473669 0.852758 -1.135318 1.253818 1.333164 1.008859 -1.075089 -1.447446 0.879558 -0.845106 0.472337 -0.852602 1.238538 -1.469558 -0.265357 -0.675450 -1.255689 -2.316529 0.004756 1.668498 0.677878 -1.525424 -0.878947 -0.426296 0.592651 0.305608 -0.951166 -0.131485 -0.465666 2.052174 0.560432 -0.651216 -1.054134 0.075246 -2.550552 0.348238 0.802234 -1.188710 -0.640954 0.676833 1.204070 1.249994 -0.161964 -1.507725 0.658578 -0.297107 1.443769 -0.470346 -0.255541 0.896292 0.424027 0.632291 -0.557250 0.316756 1.403324 -0.273343 -0.217119 0.274753 0.904430 -0.106396 0.881104 -0.036199 0.829348 -0.671428 0.574807 1.463248 0.848574 -0.096438 0.019239 0.753426 -0.341727 0.795757 -0.644440 0.827885 -0.202342 -1.038469 -0.268532 0.763814 -1.406202 1.955276 0.161108 1.125965 1.609947 -0.679563 -1.888710 0.058515 -0.595967 0.594480 -1.267356 1.402574 0.121176 -0.329586 0.261171 1.255520 0.500213 -0.282394 0.283626 0.162892 0.626026 -1.598819 -1.923069 -0.014534 -0.709806 0.046510 0.100425 0.257654 1.446225 0.164148 -2.479087 0.179512 0.441246 0.971729 0.557947 1.702371 0.103333 1.933749 1.540454 -0.739939 0.556811 0.103915 1.353188 0.580553 -0.105988 -1.983189 -3.054594 -0.213192 1.694775 0.042776 0.397488 -1.233986 -0.737685 -1.105913 -0.101625 0.945745 -1.127602 -0.427744 1.030531 -0.725271 -0.113335 0.817131
-1.885666 1.182200 -0.597333 1.665221 -0.064541 0.560332 0.262880 -0.171756 -2.497623 -1.000239 0.099037 1.170156 -0.282736 -0.245532 -0.910463 0.182398 0.378401 0.597314 0.946351 1.383577 -0.360821 0.263657 0.362961 0.453410 -0.931515 -0.667605 -0.611990 -1.108638 0.103245 0.004088 0.775391 1.821698 -0.167972 0.531380 -0.902655 0.100046 0.333795 0.137540 1.755932 2.586094 -0.344765 -2.178080 0.205374 -1.196291 -0.019063 -0.222522 0.153505 0.184685 0.316841 -0.147100 -0.772150 -0.196139 -1.490413 0.248886 0.322041 0.052558 0.916478 -0.059537 0.754345 -0.367495 -1.604212 1.735197 -0.104079 -0.089209 -0.670005 -0.609471 0.650376 -1.489332 -0.513324 -1.509359 0.178637 -0.127702 -0.487584 0.534136 1.835580 -0.729046 2.162292 -0.360530 -0.533054 0.717942 -1.076358 -0.419575 0.720170 2.081023 0.403612 -1.277657 0.389080 -0.974532 0.006081 2.099521 -1.079393 0.205008 -0.700217 0.103577 -0.431626 0.644239 0.126989 -1.104097 0.294762 1.314162 0.218333 -1.605811 0.209850 -0.820863 1.851822 -0.058841 1.308997 0.645937 0.058125 -1.341500 -0.099748 -0.620342 -0.543221 1.078414 0.429681 1.801608 -0.341396 0.855285 0.261520 1.116893 0.037314 -0.367707 -1.053486 0.143094 -0.254095 -0.172024 1.220172 0.134377 1.095513 1.672844 -0.197575 0.284509 0.932990 0.450214 1.226192 0.323781 -2.406349 -0.100988 0.322549 -1.148112 0.123799 1.244813 -0.289366 -1.478031 0.077665 0.340219 1.327735 0.465820 0.303717 -1.045157 -1.152662 -0.739158 0.033539 0.600641 0.414575 -0.568259 0.191807 0.755253 1.083330 -0.982805 1.854891 1.633414 -0.040518 -0.449092 1.002171 -0.949415 1.378704 -2.042681 0.922474 -1.091493 0.398509 1.347382 -0.698603 -0.324976 0.846621 -1.021440 1.275654 -1.316839 -0.855531 0.352968 -1.056812 -0.222035 0.020210 -1.237892 1.676044 -1.333903 -1.456800 -1.190879 1.111155 -0.228680 1.114144 0.579540 0.003693 -2.025187 -2.233500 -0.091647 -0.512496 1.241291 0.153165 0.979672
-1.806022 0.916877 -0.319709 -0.734055 0.040249 1.797876 -0.308501 0.153049 0.424512 0.067514 -0.108944 0.135170 -0.159609 -0.356447 -1.260501 0.640036 -0.493808 0.171774 1.019150 -1.001162 -0.273948 -1.334918 -0.505488 -0.917881 -0.963364 0.149574 -2.159924 0.989380 0.980072 -0.017210 0.411521 -0.608706 -1.224154 -0.455401 0.036231 -1.750940 -0.419690 0.302732 0.977521 1.620534 2.049719 0.707187 0.477463 -0.557267 -0.880725 -1.181605 0.120560 -0.275968 1.931748 1.444889 -0.743086 -0.924033 0.451393 -1.189911 -0.768984 -0.877914 0.236905 0.563031 -1.131687 -0.416530 -0.488330 1.043283 0.031848 2.036136 1.069737 0.945233 1.036783 0.236778 -0.058730 0.247491 0.709605 -1.482241 -1.109109 0.033095 0.259296 0.197344 -0.831421 0.627051 -0.404915 1.121458 -1.045954 -0.335690 0.128049 -1.504011 2.733404 1.065730 -0.162935 0.467641 -0.387124 1.480246 0.122015 -0.518407 -1.708778 1.124109 -0.291714 0.361274 0.838101 0.363453 -0.568006 2.159218 0.588849 2.734653 -0.867910 1.234843 -0.306142 -0.326542 -0.141506 0.920803 -0.098033 -0.004024 0.537761 -0.382983 -1.053749 -1.353506 0.291722 0.194679 -0.174555 -1.191510 1.220503 -0.278333 1.192293 -0.672153 0.328544 -0.906247 0.703411 -1.103628 0.699598 -1.534899 -0.055849 2.020968 -0.758253 0.657121 0.374532 -1.633419 -0.517293 2.335761 0.656864 1.684016 0.543910 -0.777394 -1.772338 -1.185702 -1.006844 0.703827 -0.179815 -0.707778 -0.771887 0.898939 0.387178 0.739531 0.426874 1.226272 0.554837 0.642437 -0.635767 -0.445834 1.583785 -1.594938 1.045600 1.401536 -0.143944 0.073082 0.512885 -1.008131 -0.357572 0.549987 0.277270 -1.147683 -0.847396 2.444633 -0.559547 -0.527593 -0.210861 -0.371258 -1.453986 0.628090 0.677767 -0.028991 -0.225383 0.820912 -0.695357 0.224001 0.810276 2.213155 0.013936 -1.367452 -0.968964 2.693984 1.132915 -0.166760 -0.262301 -1.756313 -1.004915 0.154642 -0.422001 -0.241007 -0.305123 -0.870833 -0.351548 -0.488193
-0.838485 -0.850324 0.047577 -0.457927 0.441044 -1.006966 0.475757 0.653601 0.581533 0.372941 -1.016972 -0.266520 -0.008910 1.945047 1.097036 0.802406 0.336342 -0.421676 0.667819 -0.802998 0.584936 0.254739 -1.230018 0.539189 1.081649 0.038729 1.050199 0.974512 0.088707 2.660398 -0.732339 1.532707 -1.258115 0.403443 0.170037 -0.265804 -0.060801 -0.775269 2.566917 1.242204 0.633046 -0.164060 0.853366 1.357555 0.053245 0.211602 0.621533 0.395692 -0.689354 0.422267 0.613016 -0.220986 -0.890322 0.307434 0.089461 -1.179421 -0.286271 0.455824 1.090092 -1.309104 0.644686 -1.143612 0.022106 0.010228 1.401792 0.339056 0.051810 -0.861809 -0.898516 -0.079338 -0.807894 0.615012 0.113107 0.701961 0.554435 -0.278814 0.597003 -0.203937 -1.311990 -0.476335 0.401858 0.469710 0.288467 1.318106 -0.184473 -0.274449 -2.339595 -2.376561 -0.534873 -0.678108 0.431276 -1.378719 1.433305 -2.178164 0.031905 -0.003956 -0.732026 0.807170 -1.354755 0.020214 0.029197 -0.861592 -1.353691 0.574345 0.046331 -0.683757 -0.261674 0.091970 0.342388 0.537182 -0.522494 0.294865 0.432866 -1.527400 -1.037198 -1.128531 0.403041 -1.419769 -1.088338 0.694753 -0.035654 0.936692 1.024338 0.400848 -1.343090 0.278355 0.454822 -0.723686 0.297826 -0.660094 0.558530 1.615376 0.434936 -0.142941 -1.438364 0.121441 -0.475891 0.217088 -1.852606 0.307647 0.481697 0.810799 -0.374095 0.759135 0.147030 -1.835471 0.714320 0.517641 -0.311051 0.598045 0.259852 -0.588514 -1.923851 -0.074268 -0.210033 -0.849615 -0.695509 -0.090894 -0.926235 0.327216 0.280935 0.504836 -1.172186 -0.514430 0.764652 1.069970 -0.465384 -1.121564 0.357603 -0.429546 -0.497472 1.795633 0.396988 -0.254053 -1.007990 0.898889 0.497065 -0.677559 -0.885977 0.107489 0.506010 0.806159 0.935555 -0.024047 0.553869 -0.123149 0.765335 1.427652 0.663793 -0.700556 -1.482390 0.398617 -0.933734 -0.229705 -0.910618 -0.567754 -0.708014 -0.389163 0.163318 0.027532
1.165507 -0.252769 0.157589 -0.304468 -0.420963 0.447978 -0.517731 0.156814 -0.117652 0.613075 -2.071911 1.044656 0.765947 -0.014078 -0.727657 -0.700778 -1.028777 1.314894 1.470285 -1.571607 0.187364 0.188647 0.199464 0.199790 -0.512486 -0.465768 -0.773092 2.217670 -0.056332 0.422449 -0.078312 1.224189 -1.710963 -0.478165 -0.997845 -0.001283 -1.208227 -0.047305 0.206528 -1.310193 1.403849 0.011196 -0.021227 -1.866358 -0.926956 1.539009 -0.197450 -0.312349 -0.339325 -1.145316 -0.663515 0.020002 0.985209 -0.002267 -0.845147 -1.081958 -1.632632 -2.733179 -1.291724 1.127782 -0.083864 -1.145287 -0.586385 -0.830160 -0.602253 -0.293072 -0.017659 -0.306027 -1.580552 0.730028 0.264795 0.020218 -0.222836 -0.160816 -0.966632 -0.361698 1.129709 1.161406 -0.032083 1.197248 -1.297331 0.654824 0.871287 0.147009 1.078789 -2.332641 0.176454 1.526002 -0.026186 -0.214066 0.125655 -1.109935 -0.569388 1.150062 -0.369271 -1.411518 -0.793995 1.294232 0.482533 0.577274 0.595451 -1.925087 -1.677011 -0.395106 0.620724 -0.591937 1.613214 0.499807 -0.029496 -0.456036 0.302548 0.601787 0.894644 -0.628298 -1.491054 -1.984892 1.703998 -0.696632 0.210500 -0.733939 -1.446306 0.529745 -0.654098 1.898801 0.529119 -1.407453 -0.312760 0.251244 0.739702 -2.153648 0.918260 1.009231 -1.891913 1.054571 1.078956 -0.160684 0.569536 -0.874091 -0.903612 0.624289 0.997953 1.540362 -2.926341 -1.283031 0.764868 -0.414247 0.866960 0.255188 -1.049610 -0.709710 -1.614876 0.538832 1.336166 -0.738546 0.329934 0.616189 0.845891 0.072426 1.108720 0.316846 -1.270137 1.149533 0.032102 -0.707435 -0.733641 -1.105834 -0.921142 0.313152 -1.177622 1.109817 0.713513 0.688693 -1.715793 -1.229348 0.701042 0.636264 -0.837339 0.403422 1.230003 0.258480 -1.448134 0.501356 0.241399 0.258036 1.472259 -0.433859 -2.171633 -0.949334 -0.946110 0.091231 0.080614 2.425391 2.062505 0.574502 -0.118721 -0.328521 1.903155 0.433199 1.926863 0.573434
-0.730818 0.465646 -0.478492 -2.271437 -0.604687 -0.531707 0.841268 -0.656398 -0.810722 -1.482580 -0.106324 -0.141963 -2.628304 0.831588 -0.767590 -1.465820 1.221778 -0.233109 1.304710 0.494658 2.317609 1.351663 0.532691 0.760528 -0.953770 -0.495806 0.161519 0.502726 -0.251713 -0.629534 -0.379744 -0.941256 -0.547534 -0.810297 0.454414 -0.282121 -0.332168 -0.479098 0.932650 1.431774 -0.035265 -0.190655 -1.121553 -0.838695 0.421311 -1.334641 1.863268 -0.965925 0.524791 0.247269 -2.660238 -0.809224 0.962528 -0.317268 1.109522 -0.958684 1.298351 0.937483 0.083043 0.331245 2.271056 0.908996 0.186241 2.324408 -0.124450 -0.786854 -0.284763 0.077746 0.579695 -0.676023 -0.289163 1.058761 -1.322035 0.101678 1.061813 1.105854 0.966173 0.844421 -0.203937 -0.514101 -0.338460 0.321247 0.413130 -0.722574 -0.131336 0.519387 -0.208992 -0.953728 0.335332 -0.549779 -0.659241 0.146805 0.178499 1.769156 -1.426942 -0.011214 -0.699163 -0.017918 -0.146545 -0.579946 0.354358 2.174163 -0.547335 -0.790698 1.284701 -0.090966 1.043156 -1.301522 -0.920896 -0.444749 0.588700 0.648677 0.937677 -0.568301 -0.738366 0.174876 -0.071918 0.135073 -0.203343 0.776796 0.542613 0.526861 1.175348 -0.120380 -0.220364 -0.055512 -1.216597 0.376192 0.232751 -0.065689 -0.733305 1.391506 -0.695327 1.803722 -0.381612 1.291718 -0.082807 1.273880 0.833764 0.334212 -0.285926 0.811341 1.991485 0.680538 -0.624640 1.846924 -0.587300 0.074926 0.051431 1.755921 -1.310146 -1.566613 -0.154065 1.130967 -0.482810 -1.444691 0.409097 -0.926884 0.441456 1.300533 0.863277 0.565988 0.965119 0.764269 -1.061362 1.025610 -2.199263 -0.762326 -0.743322 0.753833 2.205446 0.640097 1.835411 -0.700957 -0.433851 0.212363 -0.714803 0.647918 -1.174457 0.298859 1.397233 -0.742875 -2.081057 -0.341127 1.325045 1.366845 -1.215870 -0.681751 1.272895 0.108206 -0.493942 -0.084216 -0.260217 -0.218764 2.029499 -0.457057 1.378703 -0.307238 0.232350 -2.163211
3.575351 1.287944 0.526918 0.730103 0.088006 -1.189845 -0.697829 -1.398027 1.171747 0.640657 -0.525606 1.451431 0.345286 -0.653024 -0.584896 1.130108 0.516936 0.464690 -0.318423 0.806165 -0.309228 2.177094 1.231576 -1.547166 0.972381 -0.888246 1.204378 0.080550 0.754588 0.835373 -1.502003 0.911330 -0.233642 0.305077 -1.930730 1.317393 0.393862 -0.506918 0.061961 1.059361 -0.199188 0.396353 -0.328470 -0.287812 -1.556029 1.052739 -1.151574 -0.810482 -0.608742 1.783481 -0.249934 -0.435693 -0.775523 2.428965 0.051308 0.533562 0.019827 1.185891 1.303732 -0.523542 2.084342 -1.630502 0.420204 -2.053902 1.214336 2.756930 0.114930 0.296881 0.543589 -0.413478 1.286204 0.495182 1.247152 -1.059377 0.194991 0.093463 -0.778809 -0.249523 0.941182 -0.720420 2.045020 -0.054563 0.159904 2.167120 0.995557 0.289706 -0.768374 0.162489 -0.272551 -1.195257 0.240248 0.018859 1.905066 -0.629218 1.483553 0.136240 1.023289 -1.450193 0.275291 -2.257740 1.546262 -0.893479 0.190495 0.646083 1.889326 -1.086217 0.268989 0.026074 1.424790 -1.242217 -0.285193 1.173587 -2.164245 0.520464 0.568103 -0.450689 1.246823 -1.973109 1.793057 -2.122798 1.150837 0.806191 0.409767 0.880156 0.049060 0.462327 -3.580111 -0.471160 1.169754 0.982416 0.347623 -1.931566 -0.876275 1.138172 0.940786 1.193865 0.212272 1.309516 -0.726214 0.404237 0.163452 -0.969247 2.231048 0.555098 0.761910 -0.650059 1.247183 -0.354538 2.515869 -2.016425 0.258095 0.280179 -0.691753 0.525191 0.096473 1.229196 1.848744 -1.290695 -0.681292 0.027408 0.033854 -0.863584 0.822366 -1.334733 -0.782191 -2.158024 -0.251301 -0.298045 -0.183894 1.052986 0.176854 -0.684441 0.338056 0.424556 0.998441 0.883186 -0.348740 -0.430267 -2.586769 0.254754 1.844410 0.101657 0.696378 -0.447091 0.212631 -0.912562 -1.601447 -0.233834 -1.196667 -0.575203 -1.452514 0.314983 -1.601261 -0.784625 0.321994 -0.250641 -1.278760 -0.105764 -0.817270 -0.208024
