200
-3.454248 3.611523 22.747634 0.581978 1.744207 -12.314742 -12.063447 12.381554 0.982617 42.341685 -5.302013 8.547739 2.202351 -8.848301 8.142822 7.411053 -0.261755 2.322990 -23.803005 1.925381 -8.958615 -10.527690 -0.254386 -27.791256 3.889263 0.393597 -17.269907 -5.438384 3.395455 -7.811690 -4.816192 24.844631 -21.460289 -7.151319 -14.939967 -0.556511 -7.511606 -24.020908 -1.555768 -13.537284 -15.004061 -36.167363 -8.939277 8.142155 5.509406 34.071740 -8.549762 -6.904153 9.201115 -1.316942 -3.549598 -12.224497 -12.176795 0.687224 18.048786 -0.847891 2.876311 -21.318913 -18.462288 -16.912450 -6.278786 -9.078608 -15.938132 -10.033974 10.549849 12.437656 5.682577 15.006756 -14.711849 0.838173 12.025950 2.175232 -2.290667 2.508925 7.593759 4.271742 12.112160 -4.819382 -12.516582 -15.189285 -15.318740 11.041421 -2.945171 -11.529981 -5.376448 -6.291734 9.492319 13.299179 -12.590329 -11.238083 -14.937302 -17.124946 4.722008 -12.645915 6.265168 16.454507 -6.753213 28.268796 -4.859539 3.818366 11.713776 -15.116533 -8.056405 -8.695447 -15.172136 -1.470319 -3.196702 -6.684357 17.738115 -11.899089 -15.605710 -1.213646 -2.735533 -14.131149 44.872008 -15.304930 -11.098574 12.836726 -10.371530 3.086011 4.628901 -3.153438 -7.884882 -3.196926 -32.731836 -0.436916 7.933655 5.818314 12.003531 -20.908371 26.992179 -3.496587 12.229638 10.496429 2.239582 13.448991 2.477983 -15.481818 10.277322 3.336607 10.260912 11.523132 -11.707144 -3.684177 -13.973901 13.531184 15.694454 31.073696 -16.976934 -18.128653 -6.292540 14.494616 8.827593 14.224836 -7.935017 0.879770 -7.470471 -3.034716 -1.501692 -17.088211 29.352534 -31.544377 18.165816 -4.083873 10.221369 -2.117643 -21.747878 -16.258894 14.464932 2.025455 4.339824 7.097822 -36.912540 15.469444 13.424424 -2.778072 -17.811924 6.091068 -5.357443 26.863332 -2.160215 -6.180779 21.903308 -3.464604 1.437648 -8.888392 7.806580 -25.142550 3.398184 -1.949616 -4.888261 17.584365 3.098974 6.425701 0.474391 -11.955970 3.559443 -24.943876 -6.650592 -3.196595 
11.203802 4.159487 0.889182 10.241370 1.879398 -35.595448 12.412563 17.922790 16.844855 3.306279 -17.036841 17.424101 10.218314 8.821604 -3.073427 0.467321 -4.899243 9.166204 -32.811347 -7.269278 0.312377 -20.324374 -31.575183 -3.073975 -5.193262 14.400783 -2.515100 -7.825789 6.891607 -9.051326 -13.638365 13.629235 5.283777 -7.197540 -0.752488 -13.599051 -13.548341 7.076284 -2.870508 -23.034633 -13.451507 -8.247542 -11.556507 2.544912 -3.934406 4.915358 1.409805 -23.556101 5.508174 32.452607 -13.438010 -7.378652 17.768891 20.763632 -6.538810 22.787610 -7.670979 4.700557 9.280451 13.082491 2.662196 -1.731719 -35.660094 0.886106 -13.959672 0.584186 1.054355 9.882822 -7.402524 -3.411444 9.376500 -17.073906 -0.628050 -5.527749 11.382530 5.088084 -12.739742 2.112442 16.749513 15.002160 11.978356 18.621396 -0.113197 12.893488 -2.767146 17.385594 7.883852 -13.711158 -2.827724 10.776852 -14.896900 0.252138 29.666969 -9.973424 -8.468484 4.288629 5.330958 -7.924473 6.165362 36.232290 4.361935 -13.338303 -19.891608 5.004840 -17.485475 3.656747 37.361416 -6.741578 -19.914196 8.091815 -1.851538 -2.824146 5.828035 -1.791325 6.398498 4.708214 34.419749 -7.556674 -4.373445 -9.179921 -4.132033 8.475722 3.822328 -2.517766 -10.080704 15.708875 24.018177 -15.997127 9.555459 11.145034 -23.577875 -4.815484 5.316119 2.311154 -10.667562 0.088518 -4.866266 0.710527 2.594077 4.747326 11.045866 11.667086 -24.283895 27.884612 -1.796492 2.919830 5.217397 -8.016413 -2.290853 -12.671145 28.811013 14.669627 -2.800858 -28.072193 5.143548 -5.853556 16.041963 -16.033058 -8.699135 11.512826 29.256367 -4.432312 -15.015572 0.940595 -4.506084 -5.961625 20.938253 -5.837811 -8.254439 -8.340355 13.448129 -20.127343 -14.617450 -1.942943 -11.490760 -9.461511 1.946866 -0.222200 -3.080025 3.522726 -10.273120 -35.891372 -10.194459 -7.934106 1.159355 -5.368767 -15.302598 8.200663 9.200165 24.144157 -9.169864 -0.070298 6.684042 -8.546050 -4.922627 -1.233280 5.356517 18.744644 4.958857 -3.671401 
-4.782831 -7.102733 -5.534420 1.931609 9.423043 -13.132539 13.414724 -6.261008 10.007733 3.708094 2.848773 1.672210 -12.959146 9.299497 -1.549912 -12.605756 5.509558 7.104404 -25.100272 -10.052641 -1.952242 -1.128375 -25.835952 -2.730159 -8.326812 -1.241515 -8.246899 24.249894 13.486537 -8.468544 -16.159243 9.934989 12.385128 -5.004248 25.535093 20.234354 4.313324 -23.204234 -18.954530 -13.040988 8.389933 8.865001 -0.101525 15.711792 -27.520865 -10.679038 24.598063 -6.652217 8.406809 24.320757 7.073008 5.919494 30.029625 2.559693 9.078210 21.999570 -10.832977 13.604364 -18.729031 -16.551200 23.483669 -6.183360 17.489766 22.755918 -3.761903 1.689489 5.694520 3.531708 9.950912 17.142830 2.563578 13.163935 15.007085 -23.609725 -0.583144 12.421659 12.309872 0.423830 22.557794 23.955567 23.536738 24.341242 4.829079 7.626743 15.944433 21.249948 -1.781796 -7.253711 -17.481993 -18.601820 -22.710171 6.810008 15.445825 -13.325108 -17.757483 14.381192 -5.884907 5.962758 1.026613 -5.081199 8.014833 -7.579161 8.643667 -7.279350 11.798605 -12.130768 32.404672 -7.984683 7.801731 28.199066 14.636489 -16.427661 -5.109544 -3.161229 -9.089506 12.886445 -0.744215 -26.797034 -20.491495 1.615421 22.063488 -12.058898 8.787591 11.519196 11.898119 -9.219816 -18.628092 -0.579952 11.775521 -3.169269 17.949708 -18.182324 -1.195067 -14.661708 -3.317002 9.212096 -9.449928 33.903013 -4.310129 -9.573242 23.206816 -1.062849 9.346944 12.029139 10.749052 -18.991305 21.502486 -10.866079 13.216101 4.681400 -3.690040 25.726688 6.216613 12.833516 -19.327339 -1.913539 -16.169735 -23.311501 4.775510 5.817028 46.099083 -0.947257 -2.459218 -15.308898 -9.203752 5.302303 -13.207475 -6.651747 -11.785863 14.737978 11.749323 -39.246031 16.860312 8.728079 -11.559398 -15.420116 22.323317 -18.938660 1.950833 -1.754223 3.492628 -13.652449 24.402256 -24.998586 -6.626144 23.868551 -8.114781 -21.972148 5.265395 -12.977229 17.829756 3.261904 -3.756351 -8.222559 -6.364389 -3.962282 2.138124 1.826039 14.747839 -0.242171 
-3.585554 -1.221699 6.049509 6.618621 -20.501027 -14.624734 -7.107728 -3.837693 -11.422529 3.896834 12.182851 21.082497 2.689338 -3.958889 -8.257330 12.358463 -22.326685 17.521395 -3.187496 -8.295657 -33.558985 17.513549 -6.068373 2.319003 1.220179 -10.481055 -17.748031 5.482102 -9.867108 -8.983716 20.396936 7.418072 -10.698874 12.536118 -0.009496 9.517626 -15.033759 -13.648069 -9.352143 12.785513 -8.350314 -39.167024 13.325454 33.149360 -20.877811 -6.858889 -3.898245 -17.940622 -31.674458 -10.569018 -11.319479 5.157569 -9.534045 -12.753924 -10.274751 9.775136 -7.012975 -20.251049 -1.644077 -4.906842 -15.131920 -16.884029 -38.633063 2.464825 27.237397 -7.228581 -21.950924 28.036580 -3.620655 0.242256 -0.535672 7.073317 0.223562 14.560030 -14.704860 3.975985 5.926949 1.677725 -11.567971 16.800858 3.531496 3.418209 1.262114 -14.005924 -9.154452 -1.269177 22.250414 -4.670203 11.740913 1.385178 2.278616 -16.093923 -11.047889 -14.297555 -19.239650 -18.050120 -5.696663 6.679088 2.388560 5.523261 -8.253344 -22.243100 9.717048 -9.934307 17.307796 10.576357 7.322242 -14.635214 11.306582 -14.739276 12.804610 -26.041200 26.825271 14.456254 23.620994 14.315316 -4.034876 7.760139 8.126206 1.897457 6.006464 17.694167 -6.393261 -17.435982 -3.125991 -1.130709 -11.927569 7.453293 -0.896102 2.137540 24.025679 8.955214 -0.218960 4.805743 -11.372430 1.741323 -20.407189 -22.685759 -11.743602 -4.334572 4.703632 -24.226123 2.181028 0.429194 5.870428 14.941766 41.078185 -7.144182 -0.475638 -4.930989 3.464822 -10.347141 19.818085 -7.258542 1.945665 -4.874967 -9.702312 16.737268 8.187839 16.708674 -2.103318 18.171582 1.166430 -16.813606 17.273639 -28.432940 0.014086 -12.930032 7.409003 -1.653102 12.949854 7.209511 -1.192396 -3.352805 11.558426 -17.708027 -1.294991 0.288191 4.961086 17.231910 -24.219508 -5.696875 12.187345 -7.853884 5.813198 -5.920786 11.536521 8.721199 -17.205226 16.442114 16.207701 13.907297 -13.190072 4.984840 15.764570 -15.859971 21.084790 -3.332161 -0.214853 2.184358 
5.480250 13.067983 7.653215 -23.435082 7.351317 14.820606 7.485542 -2.522415 -8.587091 -10.728282 7.959611 -2.740879 -6.188162 -29.991315 0.417766 -3.341982 3.345931 -6.974203 -1.222471 28.954596 -31.245266 3.394880 -0.995168 -5.165858 -13.219541 7.244529 5.523958 23.308648 -5.362721 -14.842730 5.099942 -7.541000 -2.346256 -8.465570 11.339142 13.274962 7.617456 -18.776640 10.225586 3.118726 27.962875 7.907778 13.264442 -4.253649 -7.481375 -18.960300 -6.797313 -7.416658 -6.136877 -3.790130 9.000779 19.577579 16.672087 7.987097 7.005404 -8.438327 -3.536997 13.637148 -8.561222 -7.597918 -22.008413 -5.711652 11.699049 5.418642 1.722619 -7.148941 -14.596076 -0.380034 5.760181 4.849052 7.239213 -0.497491 -4.954967 24.126400 -3.804204 -0.785907 8.300084 7.181641 -0.524888 21.705306 -0.535479 -11.080768 28.656906 0.385293 11.584770 -6.160537 6.725582 6.653001 -25.441701 -16.646106 9.169783 -13.586676 -18.177732 9.949848 -3.868445 -3.082389 -16.482116 1.313951 -14.160491 2.063194 -11.856775 31.811051 4.852029 21.983670 1.482769 4.812867 7.643205 -10.833319 0.071427 -0.717129 28.594601 8.651508 -12.004493 -10.967580 -19.351020 0.368512 -11.926055 -15.247415 -17.543608 -30.609005 24.012111 0.347634 -2.922264 7.182145 29.527636 -13.671219 -21.940812 8.104540 32.104580 2.510147 -0.804942 -18.621697 13.780238 -25.892381 -15.170433 21.641318 -18.690570 5.433915 3.546507 -7.596867 -5.370764 -6.755302 0.924124 6.591140 -7.261684 -3.302035 -9.786604 28.089049 29.382823 1.097796 5.981231 -6.707950 7.309831 2.980958 25.069984 -13.716699 -11.850305 -20.419100 21.798311 -8.762403 6.236926 11.834283 9.813676 10.478898 -1.997760 24.033106 2.845730 -8.448538 -14.981729 6.399601 -10.598109 -34.339073 -5.569771 -2.203925 -5.337443 -9.227413 15.573501 -15.053115 9.742861 18.479852 6.071208 -12.583745 -7.277993 18.310988 18.850508 -20.007547 -4.388706 -19.632592 -7.711414 -14.894124 11.166612 0.901810 9.328926 -3.369825 11.219662 -15.905584 -16.712591 -22.208726 12.349485 11.311005 
8.399952 0.602581 -5.865441 5.040311 -3.772010 -10.015489 -20.962354 39.438079 1.693861 16.730585 -16.180485 -28.672625 19.218639 20.674436 -5.859385 16.157849 5.304734 -1.752433 -6.314439 -13.245252 0.028061 20.176777 4.031932 -7.285778 -21.922467 8.102099 17.815785 0.506079 4.554932 3.598693 -1.519510 22.537298 -12.385135 7.012111 24.722267 -21.763292 13.577921 4.278698 19.107040 -4.657579 -12.347387 -14.189363 11.602452 -7.074691 5.277470 -1.695644 7.191621 -2.424473 5.035225 -8.703148 -12.265196 18.840954 -6.016853 14.226808 -2.355093 12.595261 -2.471873 -3.041878 -20.742533 13.921631 -7.237105 12.282245 8.355745 -12.402872 -34.120018 1.481488 -8.697060 -15.703380 -9.139259 -7.476249 -4.051122 -1.590724 1.616763 -10.052379 2.618334 -7.924575 14.705381 -1.586600 -14.611622 -8.816082 -28.249815 16.896169 13.811517 -3.310248 -15.146902 16.212820 -14.990193 7.852529 -9.301446 -6.614528 -22.129513 -6.723214 22.168222 -7.736044 -4.625891 9.446890 -10.529347 27.683810 -0.166388 -12.309909 -14.130157 -3.064644 -4.389110 -5.279987 -2.634312 -12.030097 -8.874280 3.903892 -9.363627 24.283797 -6.475251 -16.660091 4.130291 23.087871 13.213553 7.335290 -1.389576 3.631722 -13.651961 0.115682 -17.028483 -15.188767 -16.466776 2.681538 -9.202223 -5.717028 7.273562 -13.537634 -4.212848 -27.362706 -6.635614 16.019081 1.717188 19.392583 19.335022 7.879564 4.977864 3.970645 6.077798 20.753610 8.801021 10.542748 -14.663486 12.224636 -4.321293 4.073935 -6.689951 -4.492136 -10.542301 15.688464 -7.437469 -12.954641 24.616166 -4.820905 -2.860571 6.079999 3.395741 -2.249201 0.172416 -14.065725 5.330451 -7.765191 -4.633997 5.106599 -5.812089 26.405745 -10.063723 -4.331732 -20.759168 -0.197635 6.519802 -4.860489 1.964565 14.576159 7.754856 8.500630 -29.320360 17.488660 -5.895965 2.887066 -35.227816 -4.027255 15.012153 -4.556832 1.501420 -14.788284 2.638796 -13.607874 4.425227 1.168326 -11.220309 4.626395 -1.422342 3.978317 -17.901423 -11.434012 5.129034 -15.500461 -11.917293 -22.385584 
0.854283 -4.467720 26.668108 19.505701 13.632568 -7.557180 13.038625 7.795847 0.746246 22.065989 -14.975388 11.203690 11.645711 10.654333 -17.778829 26.479146 -25.247151 -19.087843 -15.017920 -10.549261 -9.531252 0.924893 -14.284112 -5.178180 3.005221 -1.096517 -0.068940 8.439803 11.764734 0.559466 10.892220 -12.184894 -15.184841 11.461345 -22.053388 -4.637594 18.614685 18.995950 -5.916720 8.714871 7.466404 15.439250 10.461775 2.189334 -19.045207 18.091985 3.566689 -4.680625 22.076970 9.558414 1.047027 -11.389017 -9.794581 6.990952 17.528293 5.454865 14.812764 13.032889 12.999582 21.628103 -1.696204 -9.661853 -23.321827 -1.613640 7.834618 0.848583 0.639564 -15.504573 -7.717351 -9.400550 -17.794400 -25.640606 14.915753 15.867019 2.652050 0.865980 1.617293 -3.199453 -6.839641 11.004669 7.016718 1.863104 -2.768957 6.674851 -4.861310 -7.127014 3.678286 16.533594 4.231288 5.349827 -8.521685 -2.738437 19.424351 20.769440 -11.104311 7.930196 14.852421 4.636992 -4.682417 12.371786 -7.838041 -0.419202 -14.020002 12.325014 15.472382 14.930982 0.165650 24.000883 -4.240846 6.896894 -3.692159 -18.121522 -12.258186 -13.408556 0.189417 24.719757 6.094261 6.614288 17.928030 -4.902910 1.182985 5.972444 -3.350314 -11.728548 0.178459 9.971909 16.221272 -6.765237 8.757003 12.936314 27.048355 -23.194167 -18.338727 10.845973 -5.312083 4.496233 -4.792371 -2.017992 -26.046688 25.294947 10.052289 -17.016804 1.055077 5.791827 22.748552 -7.443053 2.356339 -15.095689 8.003358 -16.373602 40.664722 23.261653 7.132442 -9.767804 -6.864950 6.641974 -15.236710 -7.293885 -7.655600 -13.131336 -13.628219 -8.925149 7.965496 -0.865026 0.160354 -7.081087 5.907456 -13.005568 16.681055 2.054543 -26.203340 -9.405337 7.967736 8.597233 -1.997665 8.210587 4.402877 -26.162919 4.523351 19.533047 3.120655 0.525436 0.410651 7.410013 17.143673 -20.379231 0.109761 -0.562678 -34.055350 22.376621 26.886452 12.008318 -44.168127 2.481700 5.253822 15.345444 -11.943619 14.235186 -1.872192 7.299506 
-3.342461 23.679177 -19.668348 4.480682 -5.842892 17.646659 -2.210088 3.659806 -12.105581 4.499339 -3.051285 -3.990792 9.073886 2.398385 26.770341 28.625698 6.332060 -15.614826 8.220869 -16.226616 0.980290 -11.685002 10.069194 -11.312757 -6.898945 -15.684586 -5.918801 19.598132 -1.638122 -19.135874 -15.188283 14.872529 -6.439419 3.205438 10.701112 15.567519 31.290426 -2.091789 28.611987 33.371842 -31.264500 1.969096 14.309504 1.044842 -4.402217 -6.851896 -7.036581 -7.042989 13.685293 -18.021213 -4.155479 13.632101 14.812918 -4.421104 27.879239 -8.163171 4.960422 25.749178 -0.510994 -5.098355 1.193451 -9.326116 -4.837477 -4.926044 -13.274690 -22.793361 14.648582 -13.892281 -4.666634 9.705890 11.734824 -4.640293 9.416575 3.988297 6.370760 -8.321970 8.824750 6.657018 0.815870 -19.041156 -0.247501 -16.297749 0.387173 11.586990 -2.420563 8.417512 5.839238 -17.592226 -5.504386 -17.688540 -15.911997 -28.476728 1.058107 3.603461 4.405754 -0.668657 2.143488 -14.831203 -15.465466 -5.070925 -2.801803 -13.905800 17.005267 5.411428 5.625740 15.805260 -4.376234 14.051923 -2.505430 -10.350811 0.420252 1.898336 -8.116742 -11.601012 9.977052 8.704080 3.407394 -17.955360 19.896952 14.468665 6.273679 -4.273197 11.622910 12.053813 -8.361267 16.697687 17.604171 -9.167412 -16.946471 -8.389324 24.170546 12.977725 14.442997 -10.861258 -25.933017 -0.745547 2.936643 -6.413080 -13.430682 -2.052069 17.093292 -15.804112 0.171272 2.016579 13.500263 -17.252999 -21.094627 -14.191902 15.437601 0.715413 -20.699578 16.652212 0.610158 18.521509 8.564424 -16.932297 -8.079025 -8.943826 4.738727 -13.415324 -0.185141 -10.709943 1.694918 -2.449018 19.567884 22.702420 -8.121836 -22.663587 18.299385 -19.907333 4.990880 -9.618816 19.908534 12.700618 6.689940 -23.546279 1.428709 11.997162 -5.154900 -12.045732 -3.091415 1.893774 10.786854 -0.906597 -13.108343 -7.217916 13.891880 23.420092 14.298894 2.209716 -7.026575 -12.545961 -1.264396 -9.787224 4.375826 -6.708966 12.520436 20.697232 -24.344250 7.957707 
7.498105 -14.811777 2.846722 -11.151039 -2.637388 -16.402763 -22.842026 38.991756 17.578031 -8.290207 4.646432 -2.863942 -4.909923 -4.990586 -9.871881 9.530138 -18.281188 -21.284573 -28.347912 -10.904279 19.982117 33.131238 8.930756 -17.027774 -33.901162 12.177177 7.061026 2.319082 -19.729196 -22.023638 4.180675 3.093895 -1.889653 -14.190022 14.705904 -22.638044 -20.845795 15.156472 -2.976450 -37.848646 -12.789177 -21.704290 -6.051645 26.807615 -7.255885 -6.657366 21.448892 -21.249154 -7.549994 -0.425874 -10.406284 -15.111797 8.023354 -9.725051 -4.091211 -21.574795 -21.515389 -10.857313 3.390613 1.402600 -0.302073 -16.687021 -20.660601 6.708159 1.239283 5.817952 -7.564366 -3.214347 -9.418867 10.344367 17.427746 -4.980634 5.661451 -23.237285 3.310249 4.432112 -27.945597 0.310070 17.259777 10.050534 14.361053 -8.977664 -0.735578 -9.828070 38.799410 -4.984820 13.150904 -9.509717 2.761511 -17.608730 -7.817409 -27.419617 -4.729493 14.817161 9.472356 8.981182 -1.153108 20.496202 -20.386842 -5.000071 6.198873 -16.728856 9.526230 10.468428 8.732423 5.339253 17.481840 -1.803643 11.111150 7.844399 8.981498 13.682218 -3.426689 7.319402 14.155292 -11.478785 12.615328 6.630873 -12.748016 2.371066 15.733192 19.886743 21.044528 -7.578588 7.258742 -20.532361 -13.049072 25.567789 8.889129 -1.746285 -5.156820 5.302393 21.782216 6.259661 -6.536811 26.741640 -2.358593 -0.539539 7.657749 21.893765 -12.415832 22.171051 -0.977032 12.419400 0.829174 3.717197 0.221548 -9.273413 -24.797856 21.194163 2.845259 -5.894599 4.237339 8.556716 9.559608 17.150106 -4.970653 -2.804038 -10.511494 5.014905 -0.432541 -0.658799 -3.666181 -1.616503 -22.260799 18.451378 22.040223 -0.661450 -1.923374 -21.727034 13.753642 -2.621168 4.890932 6.701947 13.395388 -10.159124 -39.514882 -8.157072 13.584585 6.890029 23.663872 13.460177 -11.431957 14.039620 -3.909007 7.442621 13.207432 -8.672204 -16.145112 7.364208 3.052272 -1.184084 16.662112 11.208718 -9.543900 -20.337345 17.268172 -9.624131 -19.093950 -25.724742 
-15.565129 -10.456370 -21.528672 -4.800749 21.444608 3.734457 11.169131 -3.116055 16.355425 10.044087 18.048931 24.430971 -20.256411 -1.936651 -15.025578 -4.862807 4.680636 9.103392 -8.350100 -35.434279 15.242968 -35.986778 -19.540178 16.818755 -4.397019 -19.367235 -29.848304 -14.592657 -8.584832 -22.408760 1.650243 0.129497 7.469965 22.674589 -23.356779 6.183256 -27.395326 -10.475606 -17.505490 16.166562 20.688178 16.333608 19.851350 25.077271 11.603215 -7.220648 -10.248244 -5.995346 12.657805 -1.110276 -3.410616 3.703510 -3.183107 8.101259 6.411610 -9.183545 -20.970720 -17.841345 0.827180 -19.495747 -3.551601 12.094110 -1.322250 9.634682 -2.906257 44.054457 -1.381813 8.036015 -4.252121 -17.983847 -17.771563 23.318743 -5.915947 8.819494 21.303022 7.780310 37.680700 -6.160838 34.535877 -17.367439 22.779538 15.143163 -27.884167 -4.547821 13.771755 -0.973789 21.768842 0.008019 -11.922418 -22.957035 9.586908 -28.473272 7.958845 -4.040337 23.347989 -8.270304 13.512835 -3.832012 -13.331042 0.868747 -8.615655 4.688994 3.982624 16.497175 23.615715 20.091053 6.885159 8.293106 20.756442 6.255739 -19.161612 -1.441939 17.858053 2.623504 -16.093767 -9.467666 -35.688162 12.092208 -9.427347 24.209027 -19.970777 -26.067479 -7.027942 5.699034 2.773194 -4.318268 -11.520656 -2.089287 14.392700 -26.532086 -3.737643 12.877563 -21.032947 21.194338 -4.215069 22.984214 -23.426816 -8.442278 10.380768 -38.017095 -2.824324 -20.173217 -7.679984 -9.264236 51.612958 -9.440868 -14.933667 -39.100588 -25.903801 -4.706568 24.818889 11.730792 -13.116477 4.379640 -13.263408 -4.720699 -5.794556 5.307787 2.669961 -22.923828 -12.851919 -6.925169 -5.262692 -5.160163 -9.889318 10.290934 6.414003 1.457296 18.916752 6.782693 -12.893379 6.600377 17.680671 -8.884498 -15.156971 -12.402898 -3.215639 0.747152 -7.262377 -18.290405 18.825823 -1.257304 -5.235343 20.633873 4.817888 -21.384572 10.333125 -13.330527 7.325472 3.244555 -1.913473 -21.821477 -3.909616 -14.438475 0.750751 -1.742335 -27.508510 -5.553684 -7.681748 -19.180989 
-15.060785 20.830928 -9.660140 25.814548 -17.218315 10.074701 -19.965592 -0.237434 4.428749 -2.117166 3.834470 -0.424137 -5.147585 2.216782 0.808468 10.743699 4.799984 12.984164 8.016953 21.505502 -3.873981 7.231755 6.560745 -12.637863 13.459364 23.623965 -32.167249 -4.356561 2.039485 4.624983 7.273439 -11.674355 -12.790371 24.053862 15.300851 7.305067 8.857442 13.214553 12.941099 9.166713 -8.444772 -16.122713 -5.914414 5.210662 -9.637808 12.754223 -11.716716 -9.673154 6.756254 -10.200369 -15.876155 -3.761425 -14.095767 -8.016787 -8.426323 27.403433 -35.071581 25.834703 37.364216 -17.904654 -17.737207 4.543936 7.365392 -11.091094 -12.429233 4.293055 -0.743056 16.093045 -0.246383 10.585683 -2.152441 -1.694845 29.719057 -11.931576 -11.990531 -2.281238 -5.527192 -5.946736 -22.662668 3.227413 14.334085 16.069192 8.873577 -17.139200 -2.536120 12.889061 24.763359 0.272582 -3.536055 -11.932279 -3.089147 9.020182 -7.017776 -25.220772 4.647511 -1.574737 -26.280187 -1.352412 -7.856093 15.383644 -13.600866 7.908041 14.963506 -14.010460 -1.929846 10.860259 16.772210 2.482246 -0.682209 -10.199948 1.449195 -6.205360 21.184480 19.730312 -2.633925 0.735193 2.405134 -7.122318 -14.453727 -5.157490 -9.668282 -17.311818 -29.914815 1.980408 -9.217588 -4.494342 -8.552372 -1.179600 -13.616235 -12.228705 7.640498 -16.816421 -17.144254 24.375183 3.144063 14.764603 -1.826102 -3.389042 24.089312 -7.451106 1.840171 1.947390 7.046420 5.149742 -11.907794 -20.691490 19.546808 -18.499053 -0.418603 -9.610629 21.076849 -5.439551 -9.867048 -13.042290 -1.882705 -14.466745 2.745352 43.392553 14.531504 -8.331194 -15.519020 -19.127749 -2.850323 -13.427582 14.800302 -0.277833 -0.662322 7.244864 -6.631032 13.000885 -7.638252 -26.689283 18.696006 19.433535 -7.374600 -9.057798 -4.205248 18.348642 -4.690726 -7.871044 -19.575493 5.176187 -4.693610 22.913933 9.435493 -2.633346 -3.075644 -10.437545 -11.167450 -9.096430 -23.751083 9.359143 5.587316 1.866698 -5.326100 19.940351 15.812783 14.381915 3.637821 -21.180881 
3.801481 -16.788175 -5.971176 4.519085 12.930932 -16.346380 -13.651116 7.076437 -4.258319 5.147601 -25.783265 -8.481974 -10.386157 -14.469306 0.724957 -0.104245 -13.618085 -14.551000 -17.994284 32.402008 15.238704 10.384861 40.098598 15.075787 0.503805 5.718918 -14.954617 9.836798 -1.873411 -7.656910 -7.933682 2.934273 8.071813 -10.182491 -10.963777 6.568946 -5.502234 -14.363744 -24.242542 3.965569 -8.353753 21.983387 -24.184968 7.034192 -6.767067 -15.343446 -5.495451 -0.617112 1.022018 3.211046 -1.226672 10.948502 -11.587136 0.682385 -7.297286 -24.730014 7.517718 -14.002660 -19.220164 12.784852 -11.455989 4.808779 15.965902 1.054031 -9.834552 5.207659 -16.671082 -17.351044 12.085970 -5.381872 12.709817 -4.139394 20.597017 6.568685 -10.956369 -30.025255 -10.941006 -14.016960 26.948366 -11.344417 -2.632218 1.350768 -32.895865 -22.515990 -3.476599 6.484948 6.624830 20.289208 -6.931527 -15.392525 -16.724659 0.897562 -5.241331 11.712804 23.215972 11.812259 6.898526 -6.574902 11.844627 -26.330106 -18.169678 8.385409 9.764020 17.844196 -5.035789 11.053572 -26.871352 -5.058039 34.877461 0.900220 -4.289183 -14.402902 -2.361870 -10.948662 1.995395 2.825973 -11.160392 -18.450877 -17.064757 29.282519 2.469457 -1.352393 -1.269185 -15.165924 0.923004 -13.843007 -26.591360 12.095743 -27.672220 2.603053 2.793072 -5.281376 3.869077 1.721008 29.228381 4.196504 22.494450 -0.333919 -4.317726 -5.605402 5.961204 1.085495 0.417377 -4.176323 2.361276 -1.107971 12.866895 -17.136269 6.473864 15.893775 -14.205455 4.801030 0.138210 5.142807 15.891926 2.099780 -19.518372 -11.196354 17.416384 -6.715271 2.439346 -29.170399 11.812186 -13.795428 35.036110 -0.078881 -6.863768 11.068286 -12.181596 15.117588 -6.897838 24.929108 7.590614 12.064537 -5.146695 -18.070319 -12.299398 7.701748 18.402734 -5.435201 -6.944509 25.140155 31.787380 4.027521 -21.029372 8.841468 18.944018 -16.679793 -14.813787 8.898300 -6.722581 1.443051 11.859745 3.381462 1.988596 -7.856393 -13.600561 10.807278 -4.105267 -4.592334 
-0.989097 -5.876374 1.613174 -6.644766 12.736327 -20.092934 5.186614 14.076927 1.278244 6.589332 -22.585309 4.025117 3.497225 1.403394 11.124735 -11.301963 -12.343224 13.054729 -21.386247 21.224983 -4.829716 18.833651 -1.788113 -5.936882 16.251296 -1.436741 -9.183604 5.065177 14.613263 25.074943 -7.300589 20.520415 15.505392 8.096052 -20.269634 8.853175 10.293788 17.133812 -9.798193 0.828554 0.660829 6.837745 11.784617 -10.527801 -4.945569 13.363114 0.426249 20.164850 -8.508998 1.243685 -5.330105 10.131672 -3.296106 5.338574 -19.512205 -4.853363 -16.738391 4.323106 -6.087039 14.392504 10.846564 -6.421540 6.516786 12.337927 2.010697 -4.346771 -0.005918 9.925599 11.595815 6.625287 17.264540 13.360664 16.731050 -13.750327 5.819086 -6.211854 9.771846 14.335231 22.015658 -6.311999 0.134301 5.016752 -7.591096 -21.119320 9.301721 7.517268 10.334088 23.125722 9.945005 -15.860282 1.960067 6.172225 -9.419305 -16.126861 -9.777427 17.133188 -12.242894 9.742175 -4.214430 14.522245 13.439863 2.032612 -6.820183 -0.720868 -8.434712 -19.971960 3.522699 2.055674 14.292983 -10.614451 0.450118 -3.196367 6.610739 -12.678040 2.912647 -7.854283 7.137883 18.605091 8.530811 5.850804 -8.892958 -3.227209 -4.275581 10.972833 3.568001 9.748738 -12.051583 12.092535 -21.326799 -6.282119 -3.325030 -21.020505 8.656032 -12.282235 11.839307 -3.693700 -4.830543 13.325009 4.809021 0.866991 5.277346 -8.189132 -9.214984 0.990038 7.398303 -24.312133 6.145192 -9.385234 17.012472 -4.455977 -0.460761 15.030562 -2.862239 10.922676 5.098962 -17.558600 28.138125 5.666079 -20.133529 7.863811 14.605898 -0.872350 3.245880 -12.707740 -16.409994 13.727661 -0.933364 -6.351762 11.415814 -6.706964 -1.060625 -21.389707 -25.630676 -18.578456 -9.813831 -5.249406 -2.779881 19.958640 -11.720415 12.805662 13.422932 -10.824039 -2.966644 2.619506 -17.794545 13.973271 1.650341 -3.866572 -9.463685 0.511016 -14.993852 15.280188 -2.661760 -7.087411 9.652246 -22.824400 3.971288 -8.846875 17.065945 -2.206410 
15.147393 5.184844 25.097562 -11.087022 -0.529565 21.070964 -16.081144 2.238497 4.340377 -13.470472 11.978266 32.119974 6.151389 -7.937979 14.823725 -1.502779 6.702712 8.692050 14.383004 13.886443 0.871514 -5.356032 29.134397 11.133345 -15.395203 -1.245081 -0.688088 16.826309 13.487992 -7.949596 -6.062429 8.470556 2.466879 2.431819 -5.686390 1.250440 -5.825329 -24.493854 27.510508 12.653001 16.222125 1.856476 6.197626 -11.610021 -19.515021 -14.188538 2.953865 0.444043 6.506092 -7.173962 -17.654252 -2.425942 -24.020388 10.297969 -7.388516 0.199668 6.872690 7.253562 -12.740069 30.984731 18.921106 -1.810706 -28.890612 17.979591 -14.861646 -5.644551 -3.350166 -5.712526 -2.938668 13.864457 -3.636255 -19.030099 16.643600 13.582116 -17.114092 15.587504 -27.425889 -7.102972 0.656987 -1.570340 -2.643413 -2.772965 26.789212 6.110942 -13.269267 -0.722483 -1.112657 17.042823 -24.939622 14.880358 13.161478 -1.867491 1.670729 11.588949 -1.039744 -33.815199 9.068535 -4.578894 -7.445858 -9.389666 0.475616 -5.345644 -23.868162 6.164427 -1.238064 -6.441097 2.985124 24.050229 -11.583751 3.209200 23.834391 -1.704672 -11.532935 19.592608 -20.221197 4.838832 -24.790211 -21.909574 24.667701 -1.022900 5.791057 45.903970 11.415955 -28.615436 29.072322 -21.914574 -18.437485 4.659583 -5.011625 50.106481 -9.887316 -3.252997 2.342468 13.765229 0.418076 26.120491 -2.987952 -16.217699 -18.194798 4.382231 22.968123 15.340167 -28.980446 17.603941 -12.160581 1.875020 -15.994029 -21.892702 19.711915 26.372897 -3.593484 25.138036 -21.231290 -11.742042 18.326853 -7.890584 -1.266361 0.287479 20.904232 -20.503437 -30.177923 14.592827 -11.510523 -2.659764 -13.991528 -7.225744 15.852483 0.524337 16.096919 -1.000314 8.592520 -8.846140 0.190059 18.614012 -15.520017 -14.638100 9.161539 22.692885 15.656152 6.180020 18.801797 16.932804 -24.915466 -3.662295 6.531053 -5.578829 -2.313802 -12.373030 -17.290901 5.622012 11.741353 14.629364 -8.465802 -15.021563 -1.529022 25.676091 -4.420891 22.554338 6.674588 21.503031 
49.111747 -25.373489 9.521002 -30.125429 -11.403042 -14.999464 -1.722581 0.374481 -20.580821 27.324908 -0.014644 -3.067051 11.173277 -11.102090 -4.060336 6.911665 -4.272176 -16.681744 3.576461 -0.632215 29.868732 -9.344325 2.030406 17.713253 -14.215365 -22.260872 -8.597237 -23.244125 -21.417965 -32.634842 -29.355954 35.854127 28.657048 -1.241444 -17.968741 3.469181 -7.064313 -8.518964 -1.472172 -2.591754 3.029160 -15.612848 -1.110041 -6.926810 -0.366046 -5.043239 10.906572 -3.635821 -5.528388 -8.116169 6.850105 10.797619 7.507776 -1.744325 7.041339 -12.791590 1.960299 8.720637 -12.222472 -18.661594 16.202856 -7.403222 17.732738 -9.862989 -4.613283 -5.105450 9.188726 -8.580504 -10.359687 15.435493 -3.808360 23.085352 -20.306580 20.712320 21.014099 14.655429 -4.155466 17.038561 8.483780 -4.870215 -15.227966 5.685642 -5.615035 17.100218 3.454991 -12.982629 1.879312 -27.259067 -18.156658 20.903349 3.854679 2.105664 -8.717622 32.051826 -26.006767 -27.588728 6.318987 8.586584 3.835645 -3.303408 -6.839830 -23.914831 -10.045068 13.782361 13.284242 -2.060151 2.021850 -0.862570 9.048451 19.942286 -18.685524 -3.788962 -14.108646 3.609607 -7.150909 -1.120589 23.367448 -5.730047 -1.002163 34.202677 -24.855080 14.089591 18.374049 4.879985 -7.157084 5.279943 3.850705 8.699559 -7.088469 6.900283 5.660377 -20.536240 15.962533 6.375660 -16.398181 3.907243 -15.102204 -32.437690 -23.375776 -2.351165 6.991192 -31.926616 -5.132606 -2.430701 10.576749 -2.393532 -11.757519 -15.960192 -11.192557 6.121939 -22.025233 13.217157 -27.948568 -13.199708 -21.838902 26.198792 -19.455337 14.234345 -9.242856 -4.643021 9.495944 -0.899400 11.653267 -9.490721 -8.472688 1.902575 4.881248 -3.591188 -11.669196 -20.313536 7.119673 5.193284 5.377156 -12.637388 11.433764 -21.585314 2.130192 -2.943141 20.141979 1.250283 3.792707 9.732408 14.246044 -36.614495 -3.606999 -2.203828 1.369524 -11.125486 -16.326189 17.635338 15.961377 3.563484 9.477475 -8.670277 11.241172 17.759627 10.326879 13.620490 -30.275105 22.456845 
0.411769 14.694723 -6.401360 -16.695161 -28.485260 0.512730 -1.307986 -15.119333 -12.569817 6.078080 26.884024 5.703528 1.506691 -13.903096 13.489617 -0.729391 3.365727 14.461570 6.351801 8.901884 -9.140009 7.155812 12.411775 1.975207 6.266705 -1.181688 3.832450 6.480341 -18.946408 2.156642 -5.867807 24.461081 -6.815806 -12.969788 -5.683860 19.044776 -8.522327 -9.481132 -30.684701 -10.223293 0.884690 -10.749196 -1.506790 -5.945805 12.541045 -12.422447 -0.520324 19.835937 11.571032 -11.749885 -4.558305 8.718480 7.059575 14.544118 -22.174974 2.160968 11.019927 2.772069 15.092971 11.627602 -18.011465 0.486046 16.340602 -6.785016 22.721690 -14.708021 23.966590 31.223434 -24.167993 1.497949 18.312692 -9.009381 -9.368664 25.054662 -2.870420 -6.210547 -3.030604 -15.858005 15.167085 -14.348415 -10.215088 -7.307885 -22.296055 -7.673641 -12.417872 -32.405272 3.731125 22.999740 2.681310 -0.145694 14.097658 6.041946 -21.741041 5.624400 11.903545 6.409129 11.911341 -8.814906 4.193965 6.157149 10.497186 -11.392138 17.103460 17.077465 -8.296682 -7.783365 0.423352 -27.436733 -5.115251 -25.534066 23.756322 16.156832 -11.720396 -7.678319 4.985446 15.553405 7.638318 -5.947308 13.127650 0.737959 19.267174 -15.071864 -11.110091 -7.130823 -9.099967 35.574732 -7.237901 20.288269 12.911366 7.545226 21.956650 -1.903403 12.063179 -0.769844 17.604275 2.448053 13.132338 -9.984282 1.089843 2.134163 -3.307014 -11.446212 -40.959862 -3.847096 -1.351509 -12.092965 -12.144096 12.131851 -0.610752 -17.192431 -5.259840 0.435283 17.405247 -42.322217 0.966466 -20.052644 7.189216 -5.939992 -14.135892 14.945386 0.549811 -11.742552 11.156214 12.211432 12.040052 -12.044572 -4.316696 18.991727 -9.693193 -1.680352 -4.076544 4.748356 -17.944746 4.665595 -0.131790 -1.750655 9.935978 35.830815 9.413510 10.288685 -8.347925 -8.141703 -14.160164 -7.884889 -2.364883 1.290980 -14.567661 1.779628 -12.171859 -16.572814 -24.214157 12.614931 -0.091384 15.013905 16.445118 -16.936809 8.284856 11.680534 -6.776717 15.413724 
-11.114908 -0.713467 -6.253364 -14.336095 -1.629657 -1.325682 -11.259234 36.257949 -20.463991 -14.537412 8.463337 3.384371 19.973332 -19.660922 37.746683 22.649101 -2.935478 22.908778 14.295742 10.059562 -24.633969 -24.365422 1.032330 7.738419 -30.950136 -0.650261 -33.431893 -7.587775 17.410511 19.367718 -16.968175 5.480794 4.930936 16.935833 -19.793057 24.296912 1.611303 -10.421650 28.177248 11.402336 5.480342 -9.502155 18.812398 -11.996206 11.537673 9.471080 -24.028844 1.701282 -8.048163 -6.893589 -19.563263 13.518671 -7.621425 20.248836 -4.211057 -0.936211 -13.559485 28.210296 11.389464 0.549341 -7.788002 -8.713455 5.502317 11.037104 3.833874 -24.091438 -0.648398 6.253208 -10.717404 -37.590049 8.926957 -11.941631 2.945243 11.619791 5.954652 -8.984187 27.656705 -12.574776 14.496753 19.577362 -15.230485 -17.531707 1.137533 9.293337 -36.871141 3.968708 -14.801265 -10.442811 -23.272529 13.974713 14.369401 -2.479902 6.211656 17.402121 5.958681 -10.583169 28.004007 14.079538 0.528892 0.552770 11.012672 -21.693045 5.832765 -9.854599 -5.887147 -25.915565 -22.997492 -24.887517 -26.910986 -18.294875 2.532875 10.359739 -16.875038 24.288128 8.315874 11.776975 11.818946 -19.718113 3.926973 -28.081450 -25.312823 -8.904439 6.615132 -7.789414 3.313126 3.088928 21.421847 3.032082 8.943095 9.139755 -24.938411 -4.898485 10.225387 -8.666070 -39.338738 -10.556319 -13.181066 -21.004472 3.851779 3.447608 12.803790 -1.405901 -31.874810 5.863840 -10.647375 0.724324 11.017875 -8.924371 -5.657869 5.304365 -1.718069 -0.531205 -22.820134 3.109673 30.799118 -14.705882 -6.641034 21.896498 1.342731 -17.344476 -7.767803 0.306595 -0.582276 1.894328 2.725196 4.150143 26.064548 -14.732989 1.129778 4.134525 9.870430 -25.451266 -11.241348 -5.495080 -0.156147 -3.302314 15.453792 38.604095 19.555311 12.846203 10.396966 9.961189 -33.270839 -11.651895 16.850164 -9.586498 17.988408 -3.411001 -38.688333 20.464225 -8.308107 -3.932763 24.910134 -3.904108 26.918489 -2.546217 -6.673325 -10.715864 4.772024 19.017010 
12.666824 27.775438 5.992851 -20.325695 -7.156418 -4.361071 -4.514725 -22.849649 11.000745 3.297839 13.614898 -17.754539 -1.636663 6.221209 10.910215 -0.204883 9.147851 3.477259 10.620728 -5.749978 -7.858859 23.836913 0.232850 -7.373309 20.695125 20.450521 19.460818 -15.727259 27.833061 0.040336 -26.214308 -14.846331 11.659229 -5.962895 -9.086446 -16.667914 23.630989 19.010460 -0.808335 38.727345 -43.095306 3.123613 5.702594 -10.767776 1.746634 -18.052897 -14.755527 -19.345196 -31.934362 -26.908284 20.551200 5.155325 9.066828 11.841893 -7.282836 17.062030 -10.022204 31.488829 11.851462 -1.250362 14.286440 -1.333020 17.028299 -3.462882 -17.445738 7.755395 -18.984117 1.305383 1.044086 6.433811 15.796266 -11.566386 7.688163 -5.192150 0.343134 24.071339 4.741772 15.308769 -26.028362 -22.047164 8.295326 -3.332502 10.287500 -3.732653 -2.583647 35.495861 -12.488870 -4.663375 13.530221 4.306697 -1.963664 0.981348 -15.546620 -20.918886 -8.876167 -13.159219 8.030649 -0.005359 14.791700 -16.960827 -25.289035 -5.899935 14.682528 29.085997 -4.734976 -1.676636 -3.851669 10.558624 17.567160 -6.314657 -13.477077 7.393960 1.553889 -8.506648 -9.569997 -8.836899 -7.346774 12.811398 -4.458003 -9.082857 -0.594280 -4.643933 4.507621 -9.443428 11.417153 -12.084206 1.851564 -15.701606 -6.898097 -6.176141 -11.005934 -7.000242 5.307772 12.641928 16.913674 20.741632 -0.104974 -3.363785 16.802162 18.289799 -2.069188 9.685006 16.463041 23.291963 -8.662313 14.135365 -2.220722 34.890851 13.422045 -9.019939 -5.740019 -3.490770 -4.724929 3.992484 4.688095 21.227620 -1.804660 3.039899 -31.488604 1.688773 -4.948116 4.869199 5.549780 11.935248 -4.190224 -1.628685 6.782793 14.876218 10.217969 5.893011 -9.746502 -8.538836 -0.105788 38.297507 17.370606 5.339265 -9.813703 -19.116402 -4.314091 17.470188 -1.655729 -15.182594 5.844632 5.938331 -15.724807 20.555028 -4.798844 3.513776 1.866297 24.340086 0.953197 -17.903501 -0.766418 19.218823 11.116875 -32.489450 6.232385 -3.241473 -17.049236 -3.072253 
11.099441 4.149995 -12.652291 15.377300 1.777815 -16.633235 -5.500649 13.488870 -6.642117 8.767425 -34.809937 -39.227974 4.631552 21.608121 -3.692993 6.393132 0.850650 -11.794014 -12.190347 -1.717463 16.867291 -1.805686 2.988994 6.817706 -12.754503 -12.423301 24.759865 6.596270 -16.999526 13.782537 10.999722 14.330335 -11.520514 3.631710 -2.987790 -4.074232 12.678738 13.071472 15.195803 9.965397 24.841788 -26.865674 -1.624137 -6.902845 -18.068130 -5.589103 6.638668 1.584227 1.879646 -15.545315 -0.578123 14.404590 9.130865 -4.218841 -3.001394 2.987883 9.653376 14.997302 0.708401 6.223674 -20.848262 17.590054 -10.945026 -10.609626 1.146866 12.723411 4.020986 -20.838945 9.186796 9.825118 -0.786773 -14.297429 3.394473 -12.594387 9.055479 -25.677549 -6.836113 5.798812 -23.594368 5.256188 -19.419469 -2.737718 7.785438 -2.828084 -24.191574 1.044320 3.470664 -23.278965 -2.085178 11.700621 21.200222 16.591911 -6.104996 -7.339686 -24.130462 -27.747917 -7.958085 20.384998 10.684978 -14.731070 -8.276363 15.628600 18.302401 7.920218 -20.172397 -5.638933 3.248380 26.454571 -3.532354 2.625939 16.062833 1.933752 -16.583503 10.294977 -23.882469 -9.664544 18.386722 -0.545309 26.092396 25.478684 -15.269065 16.401294 -13.616409 -0.086553 7.559324 -9.880383 -2.976770 -15.321110 9.105322 17.137094 -10.204287 5.799524 26.374110 -9.073329 5.658552 -3.811533 -18.651532 7.608302 -15.040350 9.640373 -12.556972 8.910292 10.033503 -3.416797 -19.829934 -25.471415 -18.051174 -14.832236 -11.113050 -23.326706 4.185063 -15.672164 -17.396344 -10.987444 -16.595780 16.754646 -1.568068 13.924750 17.270355 10.470840 -4.146607 4.710840 -1.738628 1.662285 -7.285748 -10.021088 -0.829276 -7.780985 -7.593748 -18.136266 -19.233049 40.759909 13.072704 -7.398718 -18.684788 -0.505295 2.922588 -5.451337 -12.115314 4.578748 -15.697696 13.896896 -4.997330 0.543515 18.584325 -16.544753 -24.457927 9.231210 -1.428634 -11.825711 -7.167504 16.265320 -29.923637 7.149748 -10.589398 28.495676 -18.147640 -1.560542 -1.433148 -1.868493 
29.511158 5.167451 33.114184 22.318622 27.537917 -15.410130 -2.306584 5.636907 1.607654 4.206765 1.555702 -33.160909 -1.109663 -8.893301 22.655716 -1.489119 4.846648 1.090248 7.654818 8.326447 -2.477274 11.082705 3.857072 11.876370 8.952235 1.538183 3.921762 -16.146302 -11.228052 20.899003 8.850836 -0.248634 8.395956 -4.447033 9.540691 19.627981 15.589260 -2.274737 16.175419 -13.598742 -4.478390 -6.557321 7.188386 3.576077 14.129656 5.934026 3.853276 4.252673 -13.088409 4.193682 0.597766 -18.056302 -8.341614 -2.442130 -0.810413 -21.007442 -0.390826 -21.125140 7.401586 20.792992 11.065906 -0.897507 -13.835545 -7.681423 -14.374580 -8.415122 -20.065941 -1.662674 -11.831297 -11.770436 -7.002574 0.983297 5.616837 2.892600 -7.465420 5.503018 -3.235643 -0.513346 2.500936 16.969179 -0.440955 -4.274746 -0.014322 7.019456 -10.972562 7.063761 -4.358610 -3.962185 1.917944 0.047361 9.199674 27.201595 13.904603 -7.874487 -9.657834 -10.830336 -6.984186 -6.632563 23.041859 -9.143984 4.945062 -12.977764 9.695095 -4.046346 11.784383 -3.171487 0.290959 13.124195 -22.786080 3.356691 12.520534 14.920379 16.860271 7.265326 -23.813528 -19.374008 17.374125 5.857744 -6.306817 -12.235625 -2.335352 25.802046 16.030562 16.793107 -1.963347 -1.837622 -24.203921 -0.504866 0.023187 5.323233 -16.170163 23.848365 -1.181133 -0.098660 -1.530786 -8.934275 19.133279 -4.999014 15.478340 -2.150889 -12.284581 1.711344 -12.288148 5.147033 -14.311633 11.602976 -7.586143 4.267004 -26.595722 5.470923 12.077192 9.844337 11.918205 12.086102 -8.924566 -5.356027 -5.770316 -10.045838 -9.314368 -2.619735 -9.839116 1.890712 -1.117397 -16.583254 8.958582 -0.853856 -10.948203 7.551556 -7.398775 -22.155925 18.395496 4.212206 -30.864408 -14.697709 9.043999 -4.424155 -5.763047 7.285473 2.276916 -10.856005 -11.992723 -4.091747 -21.343304 -5.022647 -10.161816 -0.447512 -5.077737 22.810229 -30.159463 31.457467 25.935971 14.294335 40.010617 -2.227068 8.111840 -7.723035 -7.357991 20.654041 2.025133 28.006503 
-19.046533 34.519399 9.042337 21.142093 2.952190 12.634576 11.426527 -9.963171 5.786295 -9.342613 -20.866709 0.357719 4.687111 -1.958123 -6.081609 -9.722810 10.908815 17.265817 8.251348 6.603010 8.889506 0.266375 -13.165788 -1.823301 29.185298 20.007179 -1.045247 6.266572 -7.943363 12.382410 -4.520309 -11.069399 16.677784 3.670869 2.133065 8.041000 27.856163 11.807657 -27.255193 15.252450 21.593528 5.462744 21.204997 -28.671673 -6.297520 -37.518216 -18.053577 16.420943 -5.790242 -19.759271 2.720356 7.426246 1.647196 -9.155899 5.594188 8.714597 4.222241 -12.117126 -6.285300 -7.817307 -1.032063 -21.925933 9.524008 -4.775554 -21.631147 14.654960 4.103475 1.718532 -1.269285 19.704538 -10.711649 9.593779 39.455736 7.766223 -20.233255 9.627721 -22.156729 -5.298979 6.618310 -9.170632 9.478307 -35.181147 39.735306 -23.766973 6.381813 19.958635 -6.923729 -13.738142 11.754342 -2.764460 -1.758915 -3.428915 6.449516 -8.366674 -4.682751 -7.906066 -15.129022 -5.869492 -9.420833 13.571974 -9.114617 -4.931586 -3.981926 -6.416786 6.578491 9.850731 23.154757 16.143857 8.820458 -10.092271 -2.783973 29.955265 0.091241 -24.669831 -15.032950 -9.127283 5.953639 -15.646375 -15.447547 9.367601 5.752490 27.137985 -17.925996 19.402692 6.015894 3.617489 -2.633280 -13.341526 -20.228215 10.167466 15.707578 -19.075314 4.835389 -38.238304 11.640671 1.939348 -2.051505 14.806244 -14.853566 21.179767 14.549304 10.747161 -1.117388 -3.094506 -6.460663 4.325904 13.110284 2.717982 10.861316 -10.500575 -16.397692 -4.287854 -28.594680 17.896717 -7.382818 -11.152362 -3.868474 2.133147 31.968943 7.628212 -26.593856 0.206618 -2.856139 31.458170 -20.629503 -25.492174 -11.461500 -0.938873 -1.939625 -11.953525 -13.438629 25.424489 11.534611 14.637282 4.694424 -23.287829 10.658192 -5.915593 -28.043707 -29.561278 -9.127303 -5.898410 16.038444 -14.569832 -16.597640 5.318173 33.279624 13.340625 4.984706 3.195305 -20.972833 -11.051667 -27.194552 -3.036580 -4.442916 5.181060 -0.691022 -5.499123 25.778019 0.545107 
-9.242654 -8.264080 2.226919 -5.686049 10.521276 -8.814016 1.726102 -5.112027 19.587896 12.363371 -3.399694 12.703018 -2.511930 10.386704 3.272216 -11.195049 6.616017 -5.590863 -2.494931 -32.166943 14.951369 0.258956 10.337387 17.625639 -5.563220 -18.499145 -8.044514 31.476895 6.927456 -22.770531 5.706321 4.500555 -3.542935 7.900584 -5.645231 -10.762083 -29.944951 -4.560008 9.117692 0.949330 13.088572 -6.839147 3.271958 50.667306 -9.149893 19.466764 8.267578 3.287537 -6.761062 3.632806 -1.614435 -12.120834 -24.807271 -18.692316 -7.643370 -10.413523 5.168101 4.179722 0.707597 -9.787319 4.169274 7.109353 -14.094194 -1.034610 10.854568 26.467546 -8.359742 0.596287 5.037012 8.950416 -24.129609 9.149870 3.783741 -18.492407 -2.242525 -4.645471 7.295640 8.143384 -2.722150 19.155178 -12.136563 -11.393454 20.200900 -12.431184 8.675171 11.363923 11.465728 -22.287942 9.809952 -1.885440 -0.289140 -21.833282 -18.515391 1.819855 -15.906899 -7.368038 6.518067 -7.712699 3.028650 -12.094411 4.038594 2.479321 -7.850689 -18.738392 -8.382560 11.948100 13.872741 0.754804 14.628039 10.057433 8.474499 -18.846073 16.633435 7.525246 11.122179 2.920813 -22.116875 -3.852864 -6.345187 23.208354 16.019468 20.377474 -13.078030 -15.383952 2.109759 -10.777476 -19.658003 -1.216683 4.943635 -27.025186 25.287188 9.573079 2.081538 15.507704 4.035858 0.050506 2.396067 -5.087537 -9.696167 -4.788586 5.596564 -4.547248 -24.895389 0.005738 18.415934 25.453056 -11.302421 -2.952969 -14.967132 1.216655 -14.219745 6.239695 3.297348 -2.791965 0.556903 4.693322 -2.928412 1.100579 16.984064 -19.513382 8.440274 -9.987373 8.014383 -5.012209 0.290628 -8.137963 15.464323 22.224681 1.425800 0.162262 26.117687 7.628054 12.202397 9.443993 -1.194039 -10.308009 -9.112914 -12.569852 -10.052380 8.114846 -19.618785 -12.036721 15.823683 -8.952657 -14.681915 -1.264121 15.477341 7.792182 13.886258 15.182340 17.470766 5.305487 -10.351817 -11.946034 20.120858 15.428176 -2.681146 6.023514 -1.122656 -7.508852 
-3.793124 -8.874751 9.898924 18.721954 10.184958 7.910119 -0.095741 -16.498893 -11.928778 -18.307933 9.749954 -9.169408 6.997879 -1.895413 -0.271837 14.932195 18.117575 -12.558159 -7.310116 -27.395389 -14.972182 24.099448 -5.565933 3.499599 0.350115 2.284983 8.100532 16.909581 20.700867 15.800146 22.114062 -18.890857 -30.042818 14.805992 2.996594 2.661505 -0.198328 -6.736607 -8.080726 18.258527 4.866603 21.961273 -10.789783 29.402132 6.229219 -15.402220 -10.619417 -2.460475 5.767665 9.825149 -4.045849 -4.852959 13.302181 -31.729334 7.933902 13.702860 -2.778002 26.727282 -11.634044 8.481883 0.168850 -18.512295 -26.305805 9.784715 2.383549 4.412947 8.220008 27.041136 0.386528 5.004333 -0.922274 -7.877509 -11.994967 21.879119 0.593857 3.591753 18.408093 -5.821631 14.636701 2.696496 26.231222 7.535184 -9.409800 5.194822 -1.576849 -15.736173 -15.989305 -20.028946 18.135921 -4.475976 6.889641 2.966916 -5.768425 -11.437051 21.689167 -3.755263 4.315377 0.239080 -22.041337 -11.515984 -2.883987 -4.001978 -5.328252 1.757343 -23.514316 3.629389 10.917912 6.161482 -2.954250 -18.257333 1.173820 -10.988461 11.443693 -11.537737 29.893449 -13.352121 1.147352 9.418188 3.790678 10.907000 1.642475 -7.410141 9.264874 -13.610665 27.666603 -4.983205 -7.032511 2.450826 24.368230 24.021854 -1.733620 8.328195 -9.730813 2.865240 -15.829624 6.469707 7.027351 12.786574 7.147989 -6.637077 14.060954 6.932586 2.426904 4.403084 -3.793435 -15.404150 -31.151169 -13.377340 29.747487 32.216173 -9.314796 15.187990 2.766411 21.722137 0.581973 -11.396059 5.813341 -5.395239 -3.069831 18.829002 18.389554 -4.393256 -13.863704 4.030142 8.454029 -14.383597 1.100177 -12.469362 11.480154 8.448675 -10.695055 -21.854845 23.046960 -17.954447 7.807840 -12.188829 4.385996 -19.499494 -9.475083 -15.451518 8.309908 -8.346902 -22.381304 24.127620 6.584260 -26.412126 -7.652140 18.894015 -8.132623 -16.287066 16.088141 -15.285279 -10.926484 7.574856 20.148817 -3.695225 -10.016117 -20.388095 0.157977 4.935350 
22.055838 16.246738 20.598061 -12.069879 -13.362738 8.851338 -6.214895 10.996633 -17.899399 -23.357307 -6.473524 7.617119 2.077536 9.814491 18.755202 2.527962 -1.540691 14.296104 16.746254 7.262746 -6.706417 -10.509746 -6.426972 -20.989698 -11.120111 -11.769892 -24.569206 17.440288 -19.800226 6.060662 12.883106 -12.419846 -5.761334 14.050758 -26.141401 -34.178376 6.559766 -21.693484 18.043423 -7.612821 3.657217 6.274738 -27.311072 6.786058 -19.631669 0.650252 7.603225 -12.849494 -8.546420 24.983387 -26.095233 -7.111526 0.507908 -12.980624 6.965411 -34.079265 22.274870 13.681811 0.408987 17.367695 -20.641484 -7.517642 -26.295304 -13.158812 6.550568 7.276575 -6.134348 -29.439239 2.932572 -10.239471 -14.720614 11.834681 3.577616 -8.006991 -25.263423 5.371591 13.646813 13.287996 20.064991 -15.192095 -6.208597 -11.188080 21.602589 16.284965 -1.351697 15.110804 -2.581090 21.678070 -13.380746 -6.365468 -4.077454 21.348175 0.762719 3.703126 -9.667171 15.121960 7.407301 -16.870367 16.838653 3.083742 9.748442 3.044990 27.967411 2.271862 3.734508 -23.975202 30.916092 25.927349 4.739860 5.221519 2.452344 1.718787 11.304482 10.388509 -3.532482 -7.302098 -0.827160 -15.616983 -23.856266 -12.701492 15.722965 -10.142263 -13.379883 -19.803766 4.807538 14.168392 5.002988 -5.403161 1.115569 17.059556 1.722606 -9.809728 -22.610552 -17.746727 -18.468652 26.140869 9.578454 8.359523 1.538924 -25.707214 -16.977576 -1.991038 -8.994347 4.431688 -24.359258 3.602501 7.339784 -5.857176 6.256476 -4.067035 5.666727 10.967860 -8.552219 12.011264 15.712099 -10.619456 -9.317942 -5.163847 -1.160094 -8.851242 -35.963643 -17.133826 8.368917 -2.240142 4.472756 -22.914432 -8.271006 -28.815161 1.122211 15.929378 9.711334 14.985966 1.825567 2.534453 6.031231 -2.551383 4.241018 2.757600 -7.238507 -8.398619 14.307916 23.122688 19.553297 -9.442961 2.243899 -0.818296 5.179533 -6.736623 22.018166 -12.728216 -4.542242 2.997678 -2.101580 -15.566100 -4.737203 -10.330142 -8.390764 -1.923103 7.267090 -1.161161 
-5.239251 14.300699 -2.703586 18.462878 -4.990705 5.717061 -9.102602 5.476685 5.085733 -30.642422 18.064048 -12.379543 4.532025 -27.430333 -13.618658 -20.124272 -10.438847 19.438008 28.531745 -6.996905 -0.734994 5.676423 4.115083 -5.073987 22.514055 -14.581143 20.029424 15.973836 -4.132433 -5.571596 -10.470048 9.220950 38.762237 13.314083 0.312896 14.495190 14.571461 -7.872158 -9.323724 9.158449 6.048750 -3.350488 11.699660 0.854822 -13.189731 -37.726101 -25.888907 -9.240100 -21.886110 11.195725 16.043194 11.312621 2.054758 11.806445 -23.951324 -0.837359 -15.307834 13.050388 18.973496 -18.206515 -2.661783 -16.123397 2.447366 -8.831967 12.023315 20.260876 8.412647 -14.180735 1.971993 -12.561766 -6.868988 25.162943 10.147159 15.687018 -9.428510 -30.461398 -12.747081 -13.401361 -8.219637 -0.711955 19.878708 6.155388 -7.636741 -8.176029 -12.466631 18.431825 2.054881 9.998790 -23.598389 10.834528 -7.678679 -6.750485 -6.683892 -7.057019 3.327653 15.233679 13.183853 9.218654 -21.777389 -35.109404 -16.043179 2.557415 9.031244 -10.006524 7.163676 32.489362 2.017759 22.339554 4.410724 4.586051 -2.940809 -5.420811 -3.255940 2.404343 -0.717072 2.127464 13.651816 7.730505 -30.811988 9.001535 -6.164868 -27.855754 -0.347592 -14.044424 7.182840 -20.931047 -14.710201 4.785990 -2.749777 0.006529 -20.193559 26.392362 8.208269 -18.423070 -35.732485 21.848233 -18.538060 12.823398 -23.376743 -23.689848 1.127268 -11.668013 35.146676 5.971183 4.327838 5.496838 -11.993624 -13.306231 12.422040 16.893910 -8.221876 14.929900 -23.816196 27.533559 10.637654 13.236083 -33.015014 -4.504855 -12.236747 -10.090976 -5.357678 -16.477370 32.594847 12.763900 23.620004 -1.642633 6.604867 4.211123 15.617019 4.745730 -23.479003 0.622212 34.887643 0.921431 19.212035 -15.574175 -0.149091 -2.475277 -23.880773 -11.093326 -2.126578 14.670792 26.080282 -16.823009 -11.417031 17.638609 -7.925500 22.822338 -5.717873 -26.277459 -6.287151 -40.589113 12.831883 11.669498 -23.958091 -11.406722 17.502131 -14.946708 12.413474 -0.629400 
-18.835648 -9.627590 -11.981405 28.140624 10.700282 -27.644185 2.556843 6.091234 -12.884409 -19.945273 -6.367266 -7.994523 -6.024477 9.048084 -22.733431 -14.358228 -1.353692 20.631547 -7.169281 3.445821 -1.535312 12.352763 10.315410 26.715379 -14.009203 -14.245326 13.706450 3.122986 -12.574865 4.112981 7.674669 9.995920 -6.550858 -22.624432 1.611879 3.268150 -5.191218 -13.250648 -18.721523 -0.029220 34.375028 -2.262453 -1.854887 3.191959 12.400072 -19.488895 -13.104531 -18.598242 -5.491500 -2.322777 -1.383067 19.516632 25.810444 -8.908152 13.211078 -18.736395 -18.748043 -14.877124 -11.727936 -19.088591 -22.368180 4.399859 -4.860027 4.264422 24.070527 -7.261087 -14.405764 -0.925220 -13.249419 -9.319800 15.902803 9.036226 2.288408 -21.905745 -2.879961 14.031711 21.800551 12.565232 5.905562 -7.564541 -31.170872 2.592065 -4.268863 -4.761045 1.530031 2.857773 11.640863 3.909458 -0.179343 10.586192 -9.873956 27.986089 -3.032391 3.481235 -12.759738 -5.934778 1.444540 5.738793 6.612571 -17.050936 2.834055 -3.941660 -10.668417 -17.958747 -18.264756 -13.349560 1.374863 -36.250021 9.623311 -10.176140 0.559722 -12.165118 -4.090827 -22.228051 -10.086055 -12.424153 28.455215 14.497653 -29.595392 7.136600 -19.776544 -8.747029 35.169992 4.891828 -6.854867 9.641442 0.628864 12.225079 5.750552 -21.507428 -5.028752 -3.014325 10.162703 -6.431350 22.376970 2.161973 13.040140 -7.329482 27.311806 16.876388 -1.906272 -5.696807 -23.476756 6.529924 10.705998 -8.852945 15.908168 13.779339 -16.406411 -12.887915 -17.444570 -18.217659 17.094039 23.553240 -9.480376 -16.927098 -5.576436 6.002478 8.720480 13.917832 19.336134 -8.676495 -6.154950 12.772747 11.138163 -7.746047 -3.646843 -15.265289 -7.397367 -5.633817 9.157705 17.570383 -12.523487 -6.068859 3.639182 2.728549 9.914314 -10.402672 6.339989 0.576864 -4.165655 18.083875 -4.383070 -12.183708 -17.144479 -19.680115 -0.172898 -4.355090 -5.994826 -10.245336 3.623330 -3.531894 -5.607710 -10.014492 11.800942 -26.997306 -12.573814 -13.364774 3.780222 28.188491 
-3.634477 -14.584157 -4.198728 -9.812611 -5.225734 10.862428 -4.068205 0.652874 2.611200 -9.783990 0.602074 21.316057 -13.991398 12.185295 -32.981195 -10.675199 -5.180981 6.930427 3.240883 18.696617 1.843779 -25.068190 14.115351 -8.183713 19.213549 -2.007535 17.117210 6.796272 16.598703 4.155719 1.018953 -5.593713 -15.594040 16.265946 -12.804463 1.762263 22.366369 -7.097857 6.755419 30.121353 -20.454476 -13.447140 13.146104 -18.095707 -2.092190 20.638973 -15.607872 0.146860 -6.648348 -16.888559 -9.088492 -11.218510 -24.028145 -13.526864 -1.459881 8.471271 1.839333 -16.017472 -9.760831 13.781408 4.190350 -1.562072 0.147864 -6.890185 -40.372902 0.646332 -3.207283 -9.535324 12.785217 6.865348 19.651468 -25.187088 -0.206087 17.231631 -1.806857 -15.688096 10.076339 13.723329 -7.679068 -31.503814 -16.289876 9.000103 14.309517 4.950954 -16.365931 26.799658 17.055814 28.654092 -16.552109 6.746413 -0.965259 19.456541 11.054321 -26.176957 9.493550 11.503241 -4.326894 0.198499 -34.208596 17.877861 3.558106 15.749280 -33.703002 -12.834618 14.547848 8.952158 11.845685 -4.769010 19.432651 -0.090613 4.294340 -15.946201 -0.392161 0.118366 -10.616591 -4.014140 -8.339591 28.149290 -1.916639 22.805755 -0.896826 9.470314 -0.782699 6.633961 0.781461 -1.675100 4.315328 -22.150731 -1.925319 -2.665570 12.923001 -14.353407 9.501279 -3.554237 14.362787 -4.687220 7.973925 -28.584213 -11.369898 -3.536257 23.972899 -9.880870 -4.197197 10.689933 4.053911 9.544998 -11.860644 -32.428042 23.311804 7.726786 -34.662458 25.537685 -17.074921 2.776734 6.305596 -3.276532 -1.766713 0.387244 12.096809 -33.649913 10.988207 0.500161 -0.303609 -5.447626 -3.100135 6.690489 -22.478055 -11.306700 16.629976 14.233188 -5.175234 -16.354244 -11.079825 -10.837934 -25.099834 -18.550828 -18.697266 7.388959 -20.987821 19.875748 6.210544 -9.585478 14.676829 1.784591 4.104800 10.947297 0.301601 4.476972 -11.679619 -17.708409 -13.917770 -6.450707 -2.401967 -13.047156 6.598823 22.203785 10.437889 -21.420961 0.135288 18.902234 
1.313798 -11.948624 12.950189 -15.868814 0.022908 3.933882 -0.642686 -10.576054 11.822321 -0.702567 2.637886 -5.297023 -8.671327 14.894126 -8.488958 0.578337 4.528354 -22.627263 1.035279 9.059632 3.717371 6.373988 -20.216428 0.633856 15.974520 -5.536312 -0.142326 -3.626466 -3.944933 11.520009 5.078402 -18.422834 -14.071332 20.773449 -6.424763 12.722498 -19.151544 -2.741126 18.393469 18.899891 -14.454952 27.384797 -18.691004 4.394196 5.381063 7.541523 12.666273 -12.558449 -9.293887 15.255317 -17.525653 14.497198 21.321152 6.836169 -4.478274 -22.132584 7.157466 23.152468 16.493108 16.627052 -0.530179 -6.683118 13.384868 14.203249 0.131041 -2.404317 11.190691 -34.984971 2.870123 -0.667632 -21.229327 -7.441097 7.697264 20.160808 18.340992 3.998260 2.656071 39.433751 1.891846 20.510321 14.169045 8.238261 -9.712197 23.472206 -3.594311 -10.334058 -12.899846 22.001130 9.333202 -6.445823 -1.198460 -30.277728 -7.252149 2.335013 14.012603 -10.977972 3.913685 2.567476 -22.219703 6.906436 -13.938306 -12.087559 10.996859 21.848662 28.089401 18.403398 -28.945619 10.017552 17.555359 4.589663 -4.364848 0.406245 22.145965 -17.202469 -19.813545 -22.071641 -1.575287 -9.285088 5.215439 -9.873595 -13.480854 6.040825 4.639563 11.360335 -5.861613 14.242261 -19.915348 7.903467 -2.851167 2.283492 -18.577961 13.449731 -25.951255 1.077058 -15.393145 -3.386856 13.168863 1.765313 -18.167309 -12.652134 -4.837126 -29.358527 9.962070 -23.370289 16.086760 -1.594675 -33.895812 -12.935094 14.231835 -18.492589 13.750341 12.703947 -8.242520 -4.274055 -12.904048 -0.195981 -16.701231 25.680310 16.712086 21.610430 -18.883643 1.718914 -6.997828 -7.689573 -0.949449 23.779552 6.649565 2.667116 -17.741487 -7.001320 4.983168 -23.486894 25.158694 11.646098 -1.657793 24.253645 9.936928 -7.120096 -4.421385 -17.686528 17.252718 19.442987 -8.444598 21.258705 10.234552 -18.325017 -10.893506 -6.950449 -31.212850 6.651515 1.363906 -9.435595 -8.243034 11.758732 9.026037 -1.148527 -20.391339 10.823230 -10.265664 -1.748353 
7.069220 14.940309 -22.957216 2.431560 -10.803582 15.284848 8.686894 7.163265 9.563633 -8.261096 -17.326015 -6.666166 -0.389380 3.994697 2.314153 -11.487003 9.193916 9.056130 19.105872 7.294801 4.651360 13.481751 -3.410179 -11.869236 -6.962037 -6.789772 -21.530940 -7.413052 -14.678488 -8.198475 13.139978 36.315058 -8.367736 10.700336 16.151769 9.692370 -9.151798 -12.012219 -3.707253 14.244606 3.441267 -17.259876 11.000642 12.632610 -8.229579 2.618564 10.122125 -19.798811 -16.809213 -3.810829 2.954299 -8.990575 6.301368 11.960852 -14.755463 -10.398264 10.038130 15.949080 -6.499789 2.492410 -18.710754 0.738201 14.770990 -2.434838 -6.570313 -2.242741 39.589013 2.149261 21.302040 9.834469 12.364521 -1.613242 19.352846 -20.743966 3.746795 1.142375 16.640271 3.100110 4.639353 1.190608 -17.680554 30.998602 2.775753 -19.487692 11.725371 3.313587 18.593136 24.995087 4.237964 9.554727 -3.306886 4.685724 -20.359024 14.429633 6.906676 16.296574 -3.376625 -17.401738 6.304836 23.276168 -9.836510 -0.294623 -6.972133 14.182343 12.576125 -12.628721 4.916503 -20.204034 5.663814 -8.523572 -4.653116 0.943773 -4.373450 8.407146 14.066240 6.362301 -0.203993 -14.155959 6.206762 -9.927420 -3.308964 2.303702 -16.473683 17.355100 -13.975210 -10.022608 -4.548862 -1.115284 25.423484 -8.704182 -19.198353 14.503818 5.242321 -4.488575 6.056658 7.744321 -26.618797 -18.770461 24.935284 8.412309 3.131327 -6.373234 -26.607001 14.923773 -17.643342 -5.304141 7.275372 -4.573952 11.365829 -25.519179 -16.299328 33.476902 0.365681 2.700181 20.251468 -15.607324 -17.824184 -32.105829 -0.049155 11.880540 -1.826167 -1.409868 30.008511 -8.791141 -22.218230 0.107043 -4.488436 -9.262155 -15.792361 -0.006616 -7.158983 -10.200919 6.975330 15.562945 6.015957 -7.626893 0.090071 33.240130 -12.196279 1.141475 -4.892607 32.899908 19.817554 10.952049 -0.884876 -9.209931 -25.048721 -4.674690 -6.060491 -31.332607 -2.715809 19.361917 4.599868 -2.500860 -15.591902 -22.848740 7.357138 -5.924981 1.748758 28.075651 
0.431062 25.299546 -1.658181 7.759672 11.871191 -3.784948 26.905561 23.588330 3.594992 -2.853249 7.929409 0.854659 2.399446 -4.689060 4.609579 7.751285 -13.867235 -13.849063 13.891965 10.443809 -15.670243 4.070395 -11.481806 -15.615094 2.952821 -18.989329 -8.020612 -16.679242 3.018448 4.840730 1.108053 -15.038204 -13.640416 4.797499 17.453548 5.381518 9.416941 3.670435 2.016001 -8.894498 9.275668 -0.421949 23.857107 -23.897391 27.907076 -2.781825 -20.377836 6.312103 7.863786 -25.894659 -18.602388 2.134302 0.841042 3.649085 1.467016 2.748387 14.455276 -9.604934 6.370951 7.363203 6.416656 -9.570800 2.378807 -15.739026 12.371898 -8.471527 -1.812311 -4.871449 -8.722459 -12.453705 -5.482349 2.053092 -0.455829 11.722025 -26.176101 2.549236 -4.333725 -17.753959 -9.853027 -10.543550 -0.926543 -11.382341 5.499803 9.431472 18.137320 -4.720742 -4.789886 -6.267625 -15.898278 -12.510707 23.998016 1.511906 -14.820250 2.653222 7.745651 -9.911417 7.049975 20.933709 -15.409137 -7.805251 -15.752317 -3.254571 5.149993 -5.129885 31.717023 2.121661 0.530997 7.403314 20.627681 -1.187067 3.513200 -15.518890 -30.599671 -22.096879 -13.304585 20.389666 -2.514613 7.499720 0.738834 -4.357441 -13.968985 12.406607 -4.163791 2.356442 5.273505 13.022856 1.704067 -9.283080 17.735717 9.430206 -8.535227 -8.138871 -1.343203 14.442016 1.316064 8.655923 -5.439558 -14.789012 -12.135820 10.696768 0.025031 2.302645 -7.745853 -8.722956 -8.098622 -0.377110 0.247267 -9.023817 -3.052568 -0.375213 -9.932092 33.712262 -6.228137 -2.184208 14.155190 28.427401 4.084979 5.528159 3.314094 2.388175 -8.306524 11.975445 13.542486 -1.628725 13.324698 -3.257929 9.033842 -18.105569 13.059397 -20.575255 11.919275 4.368952 -15.440140 10.387423 -11.535386 -11.755486 0.384360 -10.746807 18.952092 -5.533069 24.150730 -6.652925 17.511798 -0.899738 3.727664 4.687274 21.628905 -4.250088 -13.332228 -5.262012 -17.950948 10.904740 2.318378 20.985548 -20.150149 10.292786 10.646976 -20.660918 -4.446466 3.730234 
12.091640 2.078288 11.516679 -11.923591 6.159828 1.213670 11.061073 4.011221 2.058046 5.712558 2.864046 14.302568 -3.471056 9.093183 -11.476142 -22.797340 13.722973 -27.309182 10.531970 -5.313886 -3.930606 -14.649744 -10.991401 -15.584983 -2.417280 -7.470319 -2.162342 8.544082 -5.120003 9.585678 -25.752427 -17.866918 4.003259 -16.696553 -3.869664 -4.032356 -13.400768 16.513136 3.224398 28.483060 14.623197 -23.981863 3.407534 10.462688 -9.564174 -8.874511 25.493572 11.271569 9.314489 -6.370150 -8.719574 -18.055281 -17.634788 -16.850387 -2.600351 -10.277648 -14.567451 7.855091 4.425901 -20.907526 37.849135 -13.925310 -26.907068 -13.520208 -4.481559 2.734006 5.118851 36.107472 -38.230101 3.182054 -8.258178 -28.852831 -12.842536 -6.909772 28.101001 -14.927280 1.543760 0.907045 -0.777708 -3.076342 -2.452055 7.091870 -7.572716 -11.833862 9.956019 -4.294154 -9.117099 -31.389886 -29.727329 -14.751739 -10.633486 -9.433302 -18.860051 4.971467 11.115659 12.467318 -2.218167 -3.459981 -3.043471 5.725610 19.974965 1.132236 11.096182 -18.125952 1.737414 9.965685 7.627738 -6.392816 9.865559 25.161220 19.153743 -5.310693 14.298423 -4.291349 -3.085812 15.311479 4.489807 7.977811 11.316821 8.690150 8.021304 2.034121 -5.729290 -9.250998 -11.949891 -12.305975 6.816119 -12.596727 -4.001730 -8.404595 -19.589464 6.637595 -12.476276 -30.597108 -4.428616 22.053262 11.717416 10.545665 2.940056 -19.516398 -19.476872 12.397504 -2.311125 2.607254 0.895639 -22.190460 -15.758129 0.335829 9.292197 -28.894381 -9.661456 11.698601 19.425214 6.279655 -10.391632 -4.489798 5.562870 -34.401221 9.605484 3.817399 28.810699 -1.976646 -5.091191 -24.723894 -11.094101 -2.481753 20.206469 0.646952 5.073245 -4.934510 7.676681 7.951427 17.057922 -12.364338 7.475110 -14.294570 -7.470700 -10.423513 7.136786 11.444244 8.034616 0.532572 3.996310 5.721782 4.057163 23.769069 -11.838308 31.020169 5.247415 -16.554024 13.581315 5.338668 4.637120 -21.613739 -11.792375 7.945862 12.660683 1.730429 -13.392912 8.318652 
-4.859965 -9.875222 1.003017 -13.523410 -19.127645 -20.287812 -4.985512 -4.642139 11.261782 1.883050 -11.477128 26.682929 -1.609609 -8.152827 -14.718552 -15.028435 -21.646966 0.482237 3.637909 8.044906 7.929564 -1.497216 3.639450 13.360206 9.584164 -0.614391 4.310914 19.417567 7.019353 -12.186976 -5.114968 5.139263 20.607178 26.070554 -1.861926 1.611870 -8.678028 -20.296381 15.522505 -19.210427 -3.721630 -7.750563 -3.793873 -1.210026 -23.908357 3.822639 -14.903382 10.620374 2.550731 4.345194 -13.078595 12.149916 -15.162806 12.087912 -4.120115 -13.183694 4.997634 12.067784 -22.605232 17.196005 15.823498 -9.970113 -11.904447 -1.766323 -5.297947 -3.052322 3.797244 1.850577 23.047933 -2.987649 -11.528181 -14.492000 1.868230 -1.528106 7.092227 -1.694831 -14.284827 -9.740016 13.394413 3.356856 12.787989 -9.968971 23.757156 -2.497179 -23.809611 13.904007 4.229150 40.287113 -17.969766 17.817756 5.693355 11.866295 -8.057758 -7.513451 -2.260502 8.995091 -5.945953 -5.504724 26.559864 6.406549 -1.894241 18.521041 1.375120 1.635599 -24.010084 -0.782957 -3.818598 17.883222 15.557510 -4.306750 5.837283 9.961570 -17.016739 3.651212 15.292683 -17.696041 6.686937 2.590140 15.760447 -0.787872 -1.713320 -4.903491 20.784369 34.362622 7.178435 -22.387764 -24.848989 -7.226483 11.987467 -2.294134 -12.518679 3.961364 10.195380 0.426624 -0.017118 16.629588 -2.971202 -8.219653 -7.170483 -13.811617 9.213517 4.669284 0.183430 6.863790 18.220247 -9.088620 3.990372 -5.608508 16.366589 -9.813504 -8.232568 10.434626 -54.075242 13.128289 21.456675 -10.150699 -2.571807 2.548404 18.545160 -0.993771 -1.968560 5.632099 1.165667 -48.117828 13.649775 8.535340 3.829099 -3.895902 23.404768 -16.205734 6.908090 6.851064 -2.405712 -25.584219 -44.474526 -9.474033 7.212014 11.966214 -14.129883 8.568443 3.706664 -0.654418 6.306709 0.339611 -15.001810 1.167729 -22.914772 -19.231954 -4.859868 -4.385152 -16.303309 17.033353 19.186131 0.801467 -21.293120 0.808010 -2.969828 1.278309 30.591712 -6.591822 
4.561566 -3.744940 -24.281973 -4.844090 13.853638 -11.329918 3.558085 6.240123 19.737907 11.498888 -7.759869 5.889196 -4.040163 9.559107 14.065248 2.624016 -19.481448 -3.246879 -14.430013 -6.300078 21.137178 -18.561519 -24.944646 5.185658 -14.537880 3.497876 -14.232638 -22.270630 -25.482725 -7.286031 7.960861 16.303450 -1.329700 -17.699134 -3.889613 -9.360654 3.162218 -10.516759 -16.027581 -10.660443 -3.173569 -31.497193 -7.090364 -5.890200 1.455864 -12.007254 -1.659817 8.483138 7.059136 -1.968527 -6.947926 11.338884 7.434641 9.881953 -11.041180 -8.866479 10.125067 1.714727 -7.924744 -31.775281 -11.351771 0.483154 -29.606140 1.058296 -19.108470 28.979008 8.975735 3.145742 -10.195050 -2.566085 6.871090 44.399553 16.023306 -9.271278 -12.670769 -16.411642 -17.511277 -10.623735 -3.018975 14.533263 -3.532504 10.207612 -9.669837 0.734944 -20.642854 8.387030 20.939304 -19.117053 -16.003600 1.208035 0.321874 16.176446 -16.016345 5.193167 -1.621674 -10.640544 -9.554863 26.758004 0.813081 22.934337 -37.965217 3.373509 20.647912 0.283345 -23.861901 9.837652 -18.517704 -14.857805 -10.313264 43.835962 -8.876352 -22.481742 16.305351 -11.392824 2.204194 -5.184641 -10.716423 13.130159 -3.431408 5.649640 -14.782410 -15.047280 14.359416 6.722248 1.238337 -12.220822 7.265800 8.163845 20.315488 -6.207508 -15.870232 3.929604 4.495608 -8.284583 0.708273 9.428149 -8.913259 6.778190 13.707145 -14.055531 -20.344322 -0.581055 18.872256 8.994962 0.582350 2.014183 -2.645298 14.675929 23.156033 -1.082197 -1.822022 -2.959529 -5.047466 -15.540841 -6.419999 -4.173156 -30.190811 6.959245 -2.145588 9.263985 2.489189 8.906260 29.551326 9.532351 6.932962 -14.965416 -21.416584 -2.034780 0.195393 10.986045 -9.190104 3.385954 -21.311384 7.601299 -0.296674 4.786151 2.530235 -10.076130 34.225447 0.664611 -1.009502 -19.937985 6.275813 -8.401821 -18.963360 -2.371783 2.031302 -2.257811 -4.491439 -0.598732 6.282597 -16.819772 10.527141 -9.406166 -21.677614 -8.413863 0.712496 -8.742662 3.230598 -2.107715 
-14.770032 -9.973793 2.143940 22.002181 12.628176 -6.053662 -11.107761 3.883350 -14.378418 17.329325 18.546988 -20.035501 10.030726 9.549786 15.018683 29.522552 14.068540 13.262981 -1.837489 6.097097 14.883970 7.534709 1.867581 11.066448 14.032270 -7.320816 14.001209 9.102206 5.157917 1.270895 13.935499 3.175394 -8.665262 30.627799 -27.015686 -4.531040 24.863924 -0.791599 -10.679837 -9.745572 -16.539721 2.327774 -9.899743 0.074373 -0.566340 4.275667 -2.170533 -13.632682 5.158545 -13.238110 11.072790 17.292013 8.977627 -0.697468 13.195704 16.569083 5.388014 7.906317 4.094554 0.319971 -9.260658 1.034152 -5.764282 2.925267 8.106215 -17.262422 -4.368233 -4.242381 13.504712 -2.827505 -9.901088 -4.544934 -4.323537 -8.246717 -19.227313 11.211319 11.089358 -14.894655 -30.206188 4.482397 -0.997424 -4.913712 5.138946 14.668436 11.624987 -2.134004 19.295522 20.019985 3.252736 11.052195 -26.518459 14.519548 -11.923405 7.732772 -14.133399 -4.155532 -4.987326 3.711645 24.641665 -8.977718 -22.260979 3.125711 4.738715 11.359991 -2.487984 24.851890 11.497535 1.562572 -12.486776 2.529820 -6.440853 -22.419513 13.565352 -19.638654 -6.056457 6.461039 5.851048 8.993181 13.807625 4.850408 -2.686354 -9.265548 31.788709 -3.801752 -11.846115 -3.275312 -11.665702 16.330391 -5.888804 17.881638 7.637194 2.123694 -13.781879 18.163273 23.941020 -25.824606 -1.429617 -11.977044 -2.156461 0.218099 7.695257 18.387450 27.168216 -14.197088 4.183537 12.809710 8.652718 -12.199919 20.151868 5.425053 17.736187 -5.274473 -19.341846 -11.087338 1.042528 -0.924545 -29.135054 5.216053 -17.865163 0.010239 -0.500056 -2.366707 18.157828 -10.712595 -8.138960 6.708355 0.939058 12.169163 11.950092 -0.163712 -5.075120 -15.253436 2.971319 -2.796036 9.936794 18.048220 0.117275 12.890030 -6.358309 -3.980946 7.852623 6.873660 -27.400960 0.706601 -1.667475 -6.672082 -33.411753 -18.394078 6.137994 5.139041 3.015640 -6.946069 7.252192 22.226415 -13.475854 -11.226101 20.373723 26.391076 -1.167828 23.257915 
5.320897 -7.344048 28.932660 -9.126757 45.012751 20.434729 -14.755722 -20.695799 -19.753485 17.453150 11.649619 -9.746542 -13.529267 -12.328567 6.571453 -16.248770 8.601571 5.197161 2.413249 10.579245 -13.878456 3.252965 -0.292691 20.981014 22.069633 -20.312071 -11.377609 -13.645736 -5.316143 0.829097 4.072494 10.735245 -1.101817 7.606386 -12.104483 -2.179821 -14.525108 -17.329203 -7.883852 -1.729020 -32.618725 -30.827411 24.596862 6.533644 -11.898756 2.795187 8.266632 -6.755333 -13.682632 -10.613451 2.625871 4.617701 -6.684980 11.906489 -15.489612 -0.754436 -0.417298 11.333529 10.785519 -9.803463 2.777433 -10.070548 2.537121 15.412550 3.747465 -4.725808 -4.269059 2.303187 -21.005516 -1.894515 -8.527255 4.801102 -15.392555 -19.745326 7.422399 3.042221 19.090178 -14.638390 -9.318421 9.631947 -3.813811 21.276835 -14.280980 -2.790805 -9.179417 11.071903 12.180013 19.785390 -10.547422 11.320612 -21.820989 -6.069756 -1.820099 16.718527 -18.058343 2.487715 -24.989630 6.356090 -8.439092 -15.380261 4.660133 -25.019608 13.919146 -11.380669 -3.727154 19.000067 -21.402999 -11.732528 4.781696 -6.033309 5.423966 1.155112 2.797085 -1.323734 -30.338548 -6.114741 24.112731 9.435143 -8.696748 -5.389556 0.532817 -27.866920 -13.584599 11.860606 -4.554575 -19.104081 20.750018 13.900262 -1.794086 -20.448307 11.276793 21.033097 2.038298 -13.963330 10.159062 -18.606592 -20.212500 16.115283 -3.335988 -12.053450 1.303603 -28.687584 -2.052164 -14.730923 -9.521051 9.206774 17.543032 19.719346 -12.731360 1.109547 6.368869 5.890554 19.920937 9.299449 17.546614 -4.568617 -20.340236 1.256747 -31.185804 -6.354170 52.816358 -16.589120 32.558922 5.153412 -18.320610 1.663528 13.857033 9.810482 13.617355 -10.116948 -11.976345 -3.003522 -0.975444 11.822070 22.799988 7.014934 -2.663577 3.584980 10.413971 4.027557 -22.165760 -11.321735 6.916507 4.548500 -6.346416 -10.127455 -38.071444 13.160689 6.913899 16.742571 1.445569 -8.323635 23.775224 7.336373 10.556563 -28.820368 8.996624 -3.714674 -9.295798 22.656961 
-1.720936 18.531049 10.786107 11.510288 7.135756 -15.828273 -18.712111 1.991454 -13.901014 16.028110 -15.205203 -20.809624 -13.870221 0.166385 3.068133 5.257613 -15.120360 28.351699 -13.847589 -3.040546 21.716593 -3.245854 2.802652 -4.316346 15.094328 2.061569 -2.612353 -18.880189 -15.551291 0.982507 11.823246 -10.119348 -35.838520 -22.187097 -7.565966 -10.886082 16.643302 -2.557766 3.625586 2.685531 17.243663 -0.959835 -1.654699 -8.608415 -20.201543 -14.922829 -3.533493 12.200579 11.650419 21.046327 0.409603 -11.530456 9.960166 -6.826659 9.531159 -11.781201 -20.762501 6.127036 -0.950573 -6.527616 -3.678268 12.243563 3.479884 36.050560 -6.970937 -5.537265 -14.139416 8.787085 7.114910 13.107445 -11.434287 -9.636355 10.025795 2.721463 -18.417671 -5.991096 4.206254 -5.804145 4.406492 -3.708517 -11.179107 -10.554501 21.331347 7.623415 8.349935 -10.178117 4.576494 9.946403 2.049425 13.868883 12.815954 8.862002 2.712707 14.282496 7.140215 7.928251 -18.616764 24.212116 -2.256389 -9.167716 5.654024 -4.569917 -8.474573 3.637218 10.030451 -9.239001 16.117663 -12.455850 13.061785 17.554699 -2.460622 6.829409 23.130594 -19.706813 11.111619 8.705987 12.170389 6.386231 5.969548 -25.554007 -7.657720 10.195625 -4.578090 6.514788 37.384702 9.838966 8.200972 2.197476 15.884941 -15.991863 -13.385945 25.331291 8.362662 -3.774784 1.671967 -9.098899 21.149041 -9.827227 -2.681124 15.693882 4.983586 15.306526 8.377079 9.693853 6.144999 -8.870856 -2.065100 -8.132329 2.790339 1.581372 27.886923 18.965608 -4.363896 22.872878 2.717652 6.283759 1.981308 11.421215 0.963986 5.401761 -32.644392 9.759876 -9.381593 -27.439876 -12.300344 -6.704822 12.112954 13.337183 12.864393 -9.418311 6.437620 -17.543597 -9.843032 -22.997354 14.318680 11.632821 -5.723255 -4.092363 -11.370010 17.817835 10.830380 47.280109 -4.183672 -12.364274 -7.308865 6.916426 -16.376126 20.695376 7.952251 16.570098 -0.566943 20.147929 17.648717 8.425190 8.234660 3.584333 13.616839 -9.942226 26.762541 24.972054 
26.935236 15.127694 19.237564 7.268838 20.966193 1.216526 6.225443 -8.067319 5.111725 8.878699 -2.920770 -7.325585 -25.247425 -7.675121 18.896966 16.462380 25.954454 -12.838844 -23.658170 -8.342575 -8.951357 -7.485514 -28.285553 -15.658109 2.780255 0.469798 0.883037 22.032670 -14.050228 5.352939 -14.999307 -11.627930 -12.931716 -15.198182 -19.089718 33.865105 11.591444 13.717449 -13.874319 -30.016025 13.222193 3.421619 8.031146 -8.768300 -12.269695 31.677334 0.265808 13.002804 26.339341 25.554717 25.275480 -5.807822 3.416054 7.029834 -2.415071 14.734254 2.673032 -4.324934 17.056895 1.413153 5.282103 2.343241 -10.813804 15.656136 -8.639113 14.608966 6.211161 -8.764835 -13.897079 -10.622924 -15.919398 2.020682 15.172912 -28.016363 -12.687968 -0.364740 8.828508 -15.478801 -1.573290 12.370824 5.714984 9.205723 -13.951674 12.845595 -43.447630 1.468524 -0.467095 -8.943438 -18.678326 -2.384421 -1.079638 6.232285 11.874323 -3.330635 -11.480548 23.744078 12.223670 3.194396 4.107454 -14.426985 14.905530 -9.300130 4.607336 -18.005217 -29.630127 -0.780900 -12.506620 6.144033 8.783288 -14.228906 18.070547 -14.158660 2.678067 -4.291077 -13.984619 5.108225 6.825679 -2.146684 13.658036 -2.266745 -4.956628 -12.257674 1.682920 -23.734399 -10.176243 -1.154278 -5.016923 -10.591004 29.476845 7.058860 9.154140 13.145955 11.834865 -30.450567 -7.556298 -48.383373 -11.533718 -13.447120 4.136271 -5.148432 -1.672990 -12.185720 9.938651 -26.590698 46.303080 0.223044 -27.167196 -8.996181 -4.430344 -8.516195 15.476398 39.914056 -0.177452 9.988780 -2.718493 -15.839704 -14.324245 3.115158 -5.242970 -19.248980 30.162971 21.669412 37.034916 -14.903003 -0.674587 -8.775011 -22.005155 -0.509087 -18.916764 -3.329143 15.134317 -17.102289 -17.640018 -2.194676 12.257740 12.632109 20.916496 1.054666 4.610781 -13.841962 -2.263178 9.623754 -5.423928 13.454146 19.186831 -0.773039 -8.908818 12.428092 -3.869310 -12.829809 -4.136536 4.764604 -6.135876 40.695019 -22.173665 25.299490 18.956543 5.659218 7.112104 37.021380 
-27.712103 -11.187810 8.296121 35.334016 30.516407 -20.434399 20.646027 -4.773928 17.200870 2.349118 15.274438 2.109262 7.944353 -19.330955 -37.176316 23.796615 -13.374813 -5.808669 2.962545 15.463837 -11.628686 -4.305494 -2.163336 -7.712235 21.550777 16.110883 3.537340 16.335394 -2.785911 10.922092 -1.821963 -24.394371 -3.345784 7.738644 -18.683598 14.927196 24.234804 -3.325954 -6.386990 6.750219 -15.725079 4.015940 8.412754 -16.624723 -5.161016 18.810476 -18.431968 6.127473 5.157227 -8.563174 20.200771 -12.707479 14.101895 11.743695 17.101487 25.737913 -33.668664 -14.129347 -7.288558 -19.431554 1.271489 24.982593 16.069564 -16.980192 -19.042974 -3.224253 1.932914 5.290062 -6.864165 12.342073 8.404655 7.438718 0.313909 2.741898 10.932794 -0.106217 25.846295 7.393891 7.177942 -2.890251 -11.034044 10.676971 3.449417 -7.226561 -17.156784 7.390957 9.956383 19.621540 12.831471 -8.815237 -16.387654 -24.390079 1.789362 8.331047 30.714509 33.019382 3.621847 -15.182066 -5.701828 -10.333535 3.142273 21.347125 -1.161941 -11.904162 -4.923798 17.429048 3.431161 -0.898207 9.279647 -11.241845 3.325889 -36.981896 -7.501854 -9.477147 -7.066737 7.395420 -4.320806 -19.251215 -0.238653 -1.203837 7.128188 -12.496531 -7.611745 13.723435 -7.119475 4.731143 -32.116599 11.553486 3.750818 2.622468 17.533866 -22.051121 -17.742609 19.487991 10.346830 -0.557115 5.501243 14.091899 0.558317 10.513434 5.123749 -5.246981 8.181623 5.526665 28.600961 -13.715855 14.699229 -21.240796 18.561990 0.992320 39.229027 -15.194333 -6.217302 18.472487 14.346415 -10.937115 18.959925 -1.826538 12.820471 -7.302639 18.634815 5.066767 14.704937 0.005158 -7.185211 9.825100 -8.032798 14.083136 -11.280409 28.276262 12.706148 -23.190646 -4.783638 2.397878 -4.812916 6.550453 -22.809186 1.442922 -17.298099 8.597962 4.370755 -24.137805 2.001543 7.440868 7.240190 -6.572677 -38.757937 2.671600 11.856772 3.227805 0.547603 0.591790 -1.904243 -3.481219 37.226190 22.674493 0.372187 17.107251 -20.757088 -13.859943 
-3.094250 8.410435 25.900169 -13.543968 -6.298201 -1.363718 -8.146400 5.574815 -4.259346 15.806972 -11.678850 0.188274 -18.191699 -10.026085 -6.700918 11.921150 12.113354 4.011299 5.611917 -0.316729 2.816328 -10.366769 2.838152 -8.176216 12.609165 -9.073197 -2.598004 12.923859 -10.221290 -4.972639 -1.253000 -18.451646 -8.652684 8.118906 -6.956587 -6.530570 6.923617 -6.101264 25.122764 11.159602 9.874700 7.672363 8.884438 20.282953 13.127102 4.865573 -3.375562 8.022288 -0.527412 8.939733 15.940648 -7.681185 -4.572874 8.658527 -2.292652 -17.950575 -18.000953 -12.712969 26.983966 13.957976 4.674260 -17.070518 -10.443052 -0.043216 -1.191299 -8.612493 8.354646 -3.518167 -4.813717 5.235301 2.502450 -21.547326 2.951389 -2.737830 -19.541718 -5.435432 16.678506 2.263395 -9.601252 6.920356 -23.154561 -10.458114 16.878441 -3.434515 -17.353427 -7.739388 -4.556964 6.066363 -4.082930 -5.195176 -3.562900 -36.339763 19.651880 -2.947651 19.934482 4.181459 -3.737496 -14.271711 -21.076881 -12.134949 10.556646 -5.161190 -5.532733 -35.448435 -5.667977 -8.414563 -12.514269 5.803958 38.238123 9.118484 13.920057 -5.917696 -7.656670 11.963412 -3.015263 2.623987 -14.298039 9.951087 -9.785386 -11.562662 2.644301 -13.264611 -22.699289 -5.888366 -17.393141 -2.665294 5.000855 10.440562 13.681569 -20.827251 10.991113 3.937129 1.849044 0.685664 9.584477 5.628092 -5.372376 -18.370987 16.819228 -2.957842 -4.006809 10.423538 9.945467 12.695446 8.022908 10.423487 3.352573 -9.458477 -12.956313 15.958931 -3.397653 21.345556 -12.153741 8.937724 19.890217 -7.154146 -2.489775 -5.210438 -12.213211 0.498376 1.495688 -18.688201 1.096002 -7.673869 -2.026000 14.099811 -14.006310 2.944957 -2.572334 11.146041 -6.124328 -9.865494 20.756844 39.953738 -8.414311 -17.313166 -13.459480 -14.686984 5.974708 -6.150024 -15.995439 -3.258519 8.336134 -1.694668 7.160853 -21.877108 -7.442693 25.471812 -20.778100 -12.082424 -13.790168 3.764203 20.275177 6.350547 24.258940 -7.785830 25.471469 -4.654131 -5.352979 16.682006 
13.393142 31.141396 5.726828 10.482037 8.596698 19.813490 -8.851243 -2.803443 10.285500 -7.205179 -19.878727 19.551781 -30.832504 -12.672609 2.631639 -1.226621 12.931097 20.073039 15.877679 4.544634 -23.894785 24.174619 -18.979912 -28.001883 -2.496614 28.246558 -11.466428 -10.696253 -15.774000 8.492472 17.956792 5.071856 -32.668289 -17.874428 23.540743 -24.382784 -2.260748 15.294706 -6.999243 16.109255 23.651955 -11.382848 10.252404 -10.145610 34.396024 10.972646 38.535757 -14.960699 0.752520 -0.164624 6.772374 -21.857918 -12.650588 -21.388035 5.527817 -7.755310 1.274774 -0.233183 5.548324 16.068054 7.043591 6.318128 -19.007191 9.031195 -9.017433 7.411422 -10.116924 7.711064 2.729913 2.493858 -17.789391 10.749251 10.207628 -31.926943 -20.691992 8.541646 -12.327477 -2.310495 -17.194229 3.412431 23.074259 0.786609 -20.358528 -1.097895 5.975386 4.189504 -13.444821 -3.478278 -15.954001 1.331107 6.381128 7.680971 15.361012 9.956412 -5.071801 15.349965 -24.611066 6.111485 -6.999251 -14.960392 25.677926 -17.062784 -12.908290 -1.733633 17.042134 6.640160 29.014534 10.302385 7.393610 17.339050 2.720121 3.212623 14.926915 -4.958230 -28.237759 18.905977 18.376263 -5.473473 -15.470577 -17.565829 12.151985 25.938155 -34.573826 -4.221441 -9.274623 0.902939 23.680683 -14.026489 15.820935 34.454730 5.110210 12.920386 11.462084 -24.678144 7.835420 -12.246455 -0.991376 6.499423 -2.623216 -7.291747 0.231528 -26.622836 7.551022 10.851608 -48.089782 11.219162 9.931429 -5.280693 -14.855784 13.638083 -9.147597 19.229869 36.744574 -7.828120 4.500384 3.648538 -20.275707 9.171081 -11.144479 -30.039578 -9.282952 -7.657533 18.533114 -13.787706 -13.080388 -21.039369 -12.399271 -11.556996 7.569426 -19.208279 -12.058553 5.558514 6.175295 4.880358 12.336801 1.068204 -12.305534 -20.348834 10.021674 -28.216496 9.354920 45.027536 18.307846 6.741456 -9.134690 -3.855403 -24.381538 -6.054760 -20.341046 -21.550919 35.502810 -3.997565 11.985793 -13.290568 -1.813081 -1.270307 3.750802 -4.835203 30.925384 4.586032 
3.498808 -7.688877 0.045520 0.704459 21.707933 2.273000 -7.144027 -14.310989 -5.899215 -3.665497 -18.895650 10.928579 -8.963629 -15.679319 21.710299 -13.115953 20.973572 5.136933 -1.361143 21.797842 -15.261770 15.905242 -5.687335 5.556852 19.111028 1.986202 4.615020 4.406495 21.451233 -0.374165 6.643387 8.169935 2.960173 -14.913547 -0.216350 15.785544 -3.761521 -6.129550 -5.737735 6.686787 7.184037 -4.668625 15.066165 15.050852 -6.790775 12.130192 24.332974 -1.177166 4.997068 -23.437114 9.076974 1.446371 -16.539382 10.544096 -4.497993 -5.833706 -11.020914 23.435253 -1.994538 -4.717117 -1.352806 -11.456979 -30.756633 22.963708 -11.303230 4.215223 -15.987417 -17.832774 0.491600 1.159808 -4.688998 1.308221 -0.012047 -31.809889 2.325738 0.594657 4.678100 -21.293264 -13.024156 25.454183 19.460760 11.028890 10.064918 4.352634 -14.703049 7.865785 9.765687 4.338340 -15.328235 -26.178214 -6.997469 -9.124137 7.924257 -12.296883 -2.190241 3.160482 -3.136860 0.690488 23.160328 -25.109732 7.600784 9.694292 -11.756924 -15.333247 0.440279 0.269471 -1.785575 -5.145190 0.118171 8.372463 13.866592 12.555206 -17.948818 10.402234 -23.541233 9.049206 7.479729 -6.545584 5.623521 2.572904 -10.710602 -22.651879 -5.693013 13.265965 -5.055849 -10.415204 -6.839614 8.068881 -9.205880 -0.088320 -6.866400 -4.247597 12.152298 -27.223395 -1.264202 -2.705071 -11.564866 22.048526 7.789522 21.311908 -8.796424 -6.106997 22.864459 5.880941 2.390425 -9.524294 -1.896367 13.643121 -1.898887 -12.065263 2.235239 -14.679066 3.124208 23.122472 -6.021536 -9.183189 4.217307 -30.322597 15.924349 -16.629650 10.423486 -0.249830 0.921388 -6.413566 -1.144346 -6.963277 8.480195 -2.364579 -5.334714 -36.532646 6.620245 -3.297590 4.478042 -19.109176 16.891289 -18.472772 -8.121949 -22.744258 25.312266 0.019856 2.618075 34.499616 -3.169189 19.454325 4.748119 7.440515 9.828822 -26.350311 21.628768 15.397268 -6.608363 15.252779 -2.943997 -2.934261 -4.973647 -9.794770 -15.425385 -11.397780 -3.066282 23.194746 
9.272908 7.409810 29.784288 1.650527 3.373328 0.676771 -3.796109 -11.192730 9.610106 16.247040 -9.824855 -1.024432 1.188138 -11.849185 12.534515 -5.408875 22.201881 12.224909 12.562792 6.782045 0.283162 11.198021 8.656582 -29.335258 11.970806 -2.959035 -9.537085 1.861895 -14.120236 1.278187 -4.401465 -10.680230 20.985268 22.351126 -9.545084 -1.306307 -2.485133 6.040015 -13.974562 13.349579 -7.428630 10.071973 13.397393 -21.972550 -0.393879 0.908040 -3.196399 6.062926 -8.357821 10.139319 45.608606 26.589437 2.504197 -2.594623 -1.154264 4.035886 1.911696 -23.824873 2.741626 -4.294895 15.531379 9.155712 -3.635506 -33.237393 -29.657336 -18.300150 10.906092 20.448704 -20.567436 13.224298 -3.171242 -10.683508 -12.107814 -3.002459 -0.938665 -17.104063 5.459820 0.709186 5.383013 -14.928931 13.340595 -13.910598 14.149128 -1.429290 -12.653522 4.595039 -27.139135 -12.982282 -1.330583 8.760864 17.790143 4.664668 -0.168077 -12.565263 12.415270 4.138507 -7.182097 -4.036042 -18.093056 -2.185462 23.436301 -7.159497 5.540278 -16.516869 -13.542472 -0.868149 2.343258 -3.148548 13.787324 -18.490068 -8.006314 -7.474260 -11.542302 -6.095753 -10.126071 24.890042 1.902801 9.060544 -8.840256 5.264279 -1.639388 -13.228578 -5.165659 5.069241 -6.271029 -35.089791 9.847760 -2.478845 0.903785 14.491227 -4.762470 8.434403 -4.192441 -31.566298 14.387917 -7.855217 -5.592306 -1.744057 5.120646 -4.488852 2.142937 -6.705069 0.470115 -8.089429 0.201477 20.036906 11.161677 2.802891 11.412077 -21.442288 -18.103822 11.632739 2.018699 6.308970 10.687031 -8.505021 -11.134706 -17.437906 -9.517355 -9.765727 10.556607 23.463425 14.226096 4.992104 6.270478 -1.191465 1.970140 -11.079190 21.737526 9.208071 -4.006150 -11.135450 -3.116592 0.363320 -18.347866 -10.519317 5.899131 8.775684 5.455531 -7.725031 -9.496387 -17.043458 16.244430 0.792225 -0.400745 -4.898028 -13.838990 19.594411 -8.138597 -15.719989 7.928705 13.906490 30.442426 17.877381 -0.542593 -0.173979 11.555570 -17.707736 1.139125 19.150649 
-20.041602 21.663928 -12.855869 -18.767453 -20.715216 7.498158 -1.760471 -11.559789 15.163450 -18.305809 -12.397877 -5.928461 -11.316633 22.777815 19.177289 21.859954 -14.031380 18.000513 -3.499216 4.322676 -6.699557 11.746398 6.228314 17.693061 6.617035 21.420532 15.760537 -13.419108 -5.117817 -9.925209 -31.804517 -4.184732 14.372919 17.711359 -6.718150 -24.270243 3.370936 -16.863490 1.931539 18.311111 -19.561347 15.228178 -5.547903 1.446953 -17.832117 -26.531245 -7.989051 19.698610 1.801668 10.360609 34.526593 -1.928129 15.992030 -15.037682 -35.440122 -19.225260 2.420898 3.858285 -5.787479 3.761483 10.467278 31.548290 -1.512945 13.182995 2.440865 -28.771568 -5.941427 -3.241784 -0.886862 11.660048 -5.499614 25.115444 29.743379 6.559023 14.902704 -11.607901 -8.695262 -11.668287 7.314155 4.797189 20.121823 -0.324763 4.484233 -9.647257 3.231667 15.733644 -19.848289 -0.186189 -2.772853 14.230475 0.843911 -4.971924 13.041629 1.193615 -12.036981 -14.563854 -6.547478 -9.392410 25.880431 14.466060 -24.423576 -1.263647 23.896668 -12.012648 0.725610 -9.073456 -12.577480 -5.810931 13.167954 4.714921 -16.233854 9.725857 -5.222133 32.148288 -3.549120 6.043287 0.759633 -16.031691 -22.909024 10.578487 -4.019087 2.380541 15.751301 -1.322242 9.855889 -36.958749 4.105906 -11.399181 -6.721165 3.099854 -16.265011 1.972868 -14.167057 17.650340 -25.934526 24.263581 4.264556 -9.982761 13.891694 -16.080630 10.456824 -10.184192 0.785039 19.385670 -21.070591 -4.629338 -11.310673 9.730191 5.887681 15.079812 7.817178 -7.925723 -25.613820 5.371009 -4.339011 -9.794820 -0.925932 10.928671 -16.282039 -0.947562 -3.886109 14.778830 -17.731211 -6.413063 -7.539232 1.157601 15.575345 -21.301095 19.405587 0.841746 10.378505 -14.357796 2.445874 0.962668 22.449033 0.995986 11.559051 24.712510 21.601303 -7.842976 18.317983 23.830771 3.050899 15.730173 3.171961 31.020502 19.323820 18.402793 17.216972 26.732821 -4.769459 -13.602039 15.466479 16.778383 -32.980244 -7.464822 -9.840136 -14.657740 -18.466371 19.956482 
-5.427646 -11.817382 8.940434 -5.233917 50.060573 -38.135414 23.270677 0.673184 -28.143944 -1.915698 4.747246 -4.966700 2.885711 -5.612245 -1.430626 -10.440142 -0.241748 -5.963877 -18.292220 24.243934 -21.017026 -21.539347 -8.996829 -4.572778 10.971942 -1.377475 -8.328825 -22.684490 -9.803679 -5.777874 -24.560875 -2.615411 -2.477244 1.877511 -8.137683 9.495766 1.217720 -11.252182 -19.470594 -6.968804 -26.126995 9.006848 3.977867 -3.412528 5.465356 -0.384532 13.364419 -12.011799 -15.722823 -25.089092 4.353360 26.755676 -1.570759 19.399111 -6.888973 17.364529 -23.536599 21.841653 -3.872086 -6.531417 16.319644 -1.635529 5.568085 -1.826502 18.095966 -21.811118 9.989246 2.746810 -17.861306 -3.800030 -0.968998 10.572058 -1.665199 3.858699 19.452657 15.568874 25.523164 -7.356729 19.570017 -10.624568 7.590765 30.029670 -16.158865 17.636751 5.747038 3.895565 -2.298270 -15.036673 -12.822685 -1.127794 3.454138 -9.562571 19.081127 -1.859896 -2.311348 9.615801 -27.796191 -1.118741 -4.012682 15.271356 -6.959655 18.042172 9.761111 10.352530 -4.463941 18.372530 12.976899 -20.538303 -0.917194 0.175402 -17.014981 8.510631 22.240095 -20.270350 -13.936637 -2.430685 -23.826767 1.409067 6.522064 -3.712790 -13.714381 -41.941579 6.593716 -0.371604 -6.624337 -7.436162 -6.836737 -9.158807 -5.856475 -2.837904 -0.725213 2.767321 7.539775 10.621150 19.173744 -5.917968 15.340410 20.622598 6.388437 18.585028 5.424486 13.908274 15.427923 -8.330339 -2.769755 1.230847 1.044695 3.377973 7.618457 10.686814 11.997511 -7.377348 -30.534055 5.128751 -6.425292 -25.744256 1.934581 -12.382401 -3.307791 20.381174 6.243741 8.499909 -26.100908 -1.457151 -4.450986 10.597093 15.725683 -2.632831 3.164171 19.745766 12.153555 -35.227292 -1.837550 -22.821840 -9.758237 -2.819385 -10.690880 -10.799219 1.326785 2.898981 -6.848196 -10.532254 -6.224844 8.249665 10.391703 10.918544 -1.082242 6.600390 0.102605 5.614335 -25.673813 14.279829 26.917282 3.989191 14.107225 0.336433 -1.294162 5.968728 -20.655363 -6.529250 
-8.270616 -8.987582 -0.487196 -9.685739 11.010967 4.877454 -2.385826 8.530256 -15.200225 1.229582 27.279955 2.604409 -16.612624 22.301080 3.244641 -25.599558 13.072838 13.631031 -21.913268 -3.831470 -20.397962 -5.413666 -0.297997 6.129881 -9.703846 6.651070 9.401521 -0.388040 16.261924 2.949719 -4.073628 14.232180 10.307248 -17.510250 18.549635 2.618603 -6.389159 11.557779 -5.057943 -20.355489 24.376588 12.325231 8.854449 -16.636351 -3.547920 -10.716740 2.593564 9.315919 14.138002 1.443477 19.177517 -14.458338 -4.922552 20.315795 -22.715756 -19.220162 -10.139282 11.667732 -1.014061 15.495894 2.618481 19.301415 8.160416 3.843195 -31.829263 -7.105736 -9.740706 -1.845910 24.743746 3.758959 1.427488 25.653118 17.038159 -22.986565 7.688615 -18.756358 -0.577175 -5.933282 5.361270 -4.152270 -2.489193 5.244527 -2.217153 0.325305 -7.423871 -2.707304 -15.092298 12.805508 30.333968 -17.255780 -5.583333 -2.178393 16.029517 10.269151 9.433689 11.125160 -33.506128 -2.274361 -8.449318 12.338695 43.399470 -1.387500 -6.983389 1.831067 -5.322992 7.557423 5.676676 -12.365539 27.449590 -0.626133 7.868720 8.439250 21.204925 10.797540 23.729098 6.534201 -30.195720 8.412837 11.261437 -23.071582 -28.977835 29.842176 -27.769336 2.952180 4.395913 1.115157 8.939429 10.912038 19.541490 -37.806392 -3.688720 6.505768 9.375627 -2.076186 -16.840261 8.089598 10.342610 -5.605655 -10.836992 22.160901 -10.399417 18.622850 -12.905360 20.853649 21.271614 0.867437 -10.067198 -16.071770 -1.306613 31.350381 7.464657 13.810644 3.589421 -2.298748 29.765223 -6.453181 17.437910 -13.992985 -18.199679 -18.910038 6.890375 -17.581440 -5.276261 -9.726318 5.557510 11.243886 -2.480174 17.045814 8.993021 14.490602 -2.261868 8.664412 12.040146 -0.943824 -5.446404 5.566526 -26.628548 14.902159 7.714464 10.167693 18.274882 13.206920 16.196584 15.947207 4.790404 10.366294 12.272069 19.150650 4.333805 -2.936879 -23.389896 -1.809587 -3.099306 -8.892477 -11.654067 -15.429481 24.078802 -3.309249 6.208462 22.512616 
-9.735604 -18.530678 15.956520 22.604504 -5.352618 -25.648291 10.005698 23.417707 7.307343 12.759498 16.824216 9.104624 4.769441 -2.732604 -20.766767 -23.391009 13.539225 -21.453112 7.072237 16.315423 1.465922 3.714683 10.640615 -5.575591 8.932352 -15.418859 6.444984 23.356400 -0.201212 -5.835905 17.739983 2.788739 -23.880780 -6.931738 18.703583 30.665526 -14.189471 -13.104192 6.979413 37.111433 -2.404764 -27.207855 -2.355214 22.298979 5.872462 26.454773 -21.985005 4.348513 0.495023 0.983603 -12.242937 7.553206 -10.528136 4.967858 25.163494 9.567777 0.869536 3.755817 11.316334 4.321760 -7.020058 -18.407688 -3.674130 -19.516468 19.583193 15.995417 6.768933 26.754788 -10.263676 -0.426437 -19.733745 -8.560438 -27.706232 4.211256 -13.642310 -2.077009 -5.818244 2.978329 -6.452372 -13.649279 -18.364387 3.129773 -4.614515 6.107614 -4.970276 1.565126 12.159932 6.013398 15.641093 -22.265093 3.855252 6.750968 9.980074 -9.462402 -3.766132 7.335610 17.382136 -4.140831 -13.022482 -11.704656 -13.823563 -23.238077 -6.474359 -11.645397 -0.454385 6.299205 3.587174 4.027066 5.214856 2.429031 20.860268 -18.164895 13.496175 19.774943 7.659570 -7.275574 -12.784975 10.502848 8.867338 -6.190848 -18.212728 -6.053569 -9.421308 3.699703 -12.312434 -1.999618 -6.658786 10.216031 -17.263871 10.457575 14.791752 -12.052644 27.204927 -3.270139 12.397259 9.460803 1.312135 14.472154 4.911447 -7.503209 -18.265312 1.175784 7.507394 -5.585511 15.894820 -2.763953 9.859008 -0.204992 -23.407888 -25.293445 -0.667642 -5.052947 22.249737 14.561245 6.078803 -2.923968 -7.705601 -1.501004 -3.215143 -6.222878 25.839449 -4.532516 9.782533 -6.324286 51.340092 -7.462382 4.560195 -34.802864 1.131112 10.335647 6.594226 1.484548 -7.444895 6.724912 0.639523 32.625394 -5.304674 19.591633 5.308275 10.658968 -6.651366 -19.668304 -0.807251 -14.872889 4.864982 0.951260 4.640406 13.377946 -11.839588 -18.668418 -24.746915 4.659593 -3.129310 -28.133498 9.364148 0.838001 -12.189129 -10.208365 -13.190235 2.935008 
0.708904 10.167470 11.505827 16.741006 2.321815 -13.980867 -6.500973 5.386508 -11.871573 -18.898810 -2.284466 21.181906 7.069733 5.949016 -12.949244 -8.042793 3.439137 -0.160715 -3.306520 -3.426471 -4.348826 -12.260382 -6.224940 11.341077 -19.009329 -14.715770 -4.997435 5.587381 23.459161 11.850881 -8.288824 -15.250180 -3.070035 -15.170333 -6.889543 -0.628948 6.236546 2.588003 13.167572 10.968666 11.313153 19.875723 11.789823 -3.015944 -2.484138 9.136387 -15.792370 14.451861 12.756631 10.818162 2.832975 -6.742127 -18.590414 -1.664832 -4.489609 17.835761 18.048676 16.867843 1.035362 20.404905 -28.280542 -14.527422 20.742057 19.964381 17.083448 17.792427 32.902615 -17.479087 5.008198 -11.576534 11.161488 -6.200405 19.568343 -10.340381 -16.570967 6.856968 -23.757969 -3.570090 11.582903 -0.141158 -29.439107 1.474813 1.573590 -27.603362 -4.212421 25.897917 -5.153305 32.022557 -4.549768 -25.484872 2.393009 -13.197720 -6.160056 -11.664269 1.131834 2.700876 6.973708 -16.556350 -19.953237 1.417670 -3.238929 7.227539 -0.757799 -21.222584 46.132228 -24.711737 -0.831868 -11.460858 2.723076 -0.964750 2.808767 -9.445229 -12.345546 5.222288 1.371623 -23.257626 -4.477254 3.203973 -3.503314 11.586173 29.460047 12.472470 5.138042 -10.936094 26.182438 8.821237 -9.351355 2.002878 7.532990 4.568775 21.343940 -2.853181 11.903524 7.232684 17.790928 -15.365462 15.143678 0.245271 -22.698900 11.383971 15.208230 -13.809631 14.449316 1.392877 18.201629 -2.444145 23.697270 9.883028 2.089546 -15.154422 -13.677838 29.013916 8.180588 11.754869 2.245255 1.647478 -5.455613 5.637168 -10.495741 21.547794 25.709461 -17.967118 8.564212 14.532395 -5.177781 -3.468596 4.870951 -16.940827 -29.952748 26.493553 14.783248 -32.699640 6.488363 -2.104579 7.673812 -5.456088 -6.713241 -16.347400 -5.190731 18.910350 -5.869485 19.760819 6.544231 -6.769042 2.976397 3.055181 4.745340 2.352910 -23.261609 1.628390 -7.233956 5.271350 -14.104646 21.687557 5.618330 19.986775 9.025200 -4.953240 18.388275 -6.631595 
-0.941823 -8.729095 2.670300 -0.207853 -3.347494 8.353531 7.586575 36.063021 -17.044526 -9.341584 -3.442912 -14.889918 5.843719 -17.976487 19.352228 7.065832 -26.865089 12.935970 29.616218 2.799475 -7.797126 13.108434 17.024346 -2.442228 5.232035 -26.318484 4.207978 1.470440 -17.262722 -17.296028 20.928691 -1.827010 -2.511436 -2.150430 4.950773 -15.127525 -5.962834 13.931074 26.531055 -9.387185 5.195607 5.522657 -8.791082 5.573322 14.982195 -3.438824 24.133160 -6.179542 0.923392 25.555658 -7.894686 18.890212 0.147016 -8.712482 12.039938 -7.806189 -4.788936 -2.803121 13.674133 6.194676 -3.769027 -4.938010 -7.148545 9.191092 -3.587179 12.353489 4.203368 24.010430 -16.927271 -0.257681 2.111824 -1.443025 -4.290195 5.123283 -1.841947 -24.378621 25.941590 -6.948786 5.422586 -30.420075 8.411943 16.085564 -9.720603 5.983745 3.357705 -2.082284 8.620976 3.660793 -27.689593 7.832985 -1.324578 6.851975 9.266911 18.740302 6.320267 5.648702 13.466882 25.331323 10.464355 -38.515840 3.437000 -13.484846 19.257480 -7.909554 -7.842952 -19.281406 -10.116794 -20.843521 -29.415581 17.222955 10.058061 1.206739 21.060178 31.111753 7.337506 -10.777994 -13.773516 -22.085571 9.025665 2.624271 -3.906256 -49.844729 4.051560 10.534700 -0.079594 -8.119971 -11.890416 -0.015604 2.162520 5.092913 2.258439 -1.801943 0.065478 -28.568701 6.393026 -18.147533 -7.590435 2.003458 -4.431950 -27.509320 -8.814851 -10.452413 -5.700254 -8.702993 -0.472358 -18.514511 13.683560 -10.421829 -9.383143 0.552562 -3.286002 -13.243913 -2.346926 6.398572 -0.851556 0.089558 -1.446783 -15.225412 0.282363 -31.874416 -4.152196 -18.311507 -3.544629 6.803382 7.358890 -18.159477 1.715636 -5.587998 -3.261906 -17.025276 12.687672 -19.921179 -4.149370 -3.343913 2.843884 -15.008432 15.759388 -5.110634 2.465097 -14.935785 11.113693 -9.158107 11.676088 -18.775007 6.129803 -12.057681 3.759777 -10.678738 27.102550 -14.497929 -6.848167 16.198503 9.252274 -3.866609 -21.572779 14.260242 3.000476 -5.925818 -6.747455 0.373276 
1.001388 -9.634118 9.868379 -2.324229 3.309548 10.607618 10.159184 4.346702 27.275694 3.101014 26.164275 19.078226 18.505119 13.034803 -12.013514 -3.317749 10.349221 -5.760167 -15.667200 -1.611653 9.273750 24.965273 -8.054286 -4.604035 -10.455433 0.637641 -4.372877 17.059774 1.501279 1.941259 -3.618799 8.519619 29.739173 -1.320686 -2.317729 13.229823 32.752119 7.150973 10.489943 -3.671920 -4.778463 -4.513557 22.073483 -12.243161 -17.124195 9.462595 -0.309886 -7.626356 0.782166 16.600424 -2.873134 -0.004737 -9.437502 15.891309 22.259314 13.740471 7.799058 9.923601 0.685119 -8.300537 -1.875197 -7.118219 0.533240 -0.960008 5.544939 17.445076 -7.701426 -5.158592 -10.412711 5.299437 4.258556 -10.165990 -12.713513 -23.281050 -5.003138 23.417811 -17.632022 1.580989 12.637135 5.131335 16.613471 8.087494 4.553569 -7.051592 -9.518508 12.258541 -12.538282 21.068923 -4.975035 -1.222368 -1.195974 12.853120 -19.987682 10.593816 -23.135921 7.013632 2.656142 12.185869 -26.862067 2.261616 24.744025 17.012557 -24.493675 -4.293664 -3.461784 -14.471600 -13.242765 14.202323 -26.145471 -9.818885 -2.736602 -3.219130 -17.893047 -11.457107 10.388070 10.620111 11.022432 15.653694 -7.753375 3.520922 0.728395 31.124812 3.787413 -17.434172 16.002527 9.518070 -6.096327 13.363061 -28.303947 -6.761229 9.962830 -16.843001 -0.572358 -30.771516 -8.346258 -14.912327 -2.571546 -9.621405 -10.395055 1.948797 -7.170484 -28.130230 -16.290486 15.979291 19.035779 5.847285 10.861129 16.209073 -7.021577 -5.921723 -1.445469 7.715182 17.897742 3.480999 -6.492535 14.543625 -15.941060 -6.101321 -15.932247 -23.002451 18.208461 4.949681 11.481734 15.973830 -21.331962 -12.657987 -23.311323 5.244285 -2.818588 -3.539443 -19.449538 14.877247 -22.173535 2.765185 5.071878 20.834242 -4.676554 4.597094 -0.144478 26.291654 16.422888 -14.689382 -6.759265 24.061862 2.604396 14.979751 -5.456174 0.416696 1.057251 -9.250377 10.503778 -8.264747 -19.032490 -4.064714 4.074724 1.202922 -16.592729 -0.397852 0.616622 -7.453427 
3.575163 44.363601 11.474866 -0.759887 10.910566 16.864078 8.917349 -5.327351 -18.201024 -1.452355 -10.265571 -6.031633 4.943352 -9.953249 9.053988 -6.563608 -12.405260 -16.013171 26.196101 -2.550715 4.742675 11.885160 -19.512468 -17.674820 -17.958947 -3.201402 -6.480718 -9.612298 -7.520631 -11.977302 -40.273236 0.068334 -7.623905 -4.965240 12.398316 -11.394369 19.196789 2.373692 -26.995210 -4.514139 1.662371 24.379255 14.627440 -21.315109 -18.299402 -3.767938 22.994777 5.067467 10.288777 19.345627 -1.927947 4.435078 3.594775 -5.626670 8.665169 -25.375047 12.245322 -9.362829 4.619907 7.976662 3.414360 6.272565 3.560550 -16.949614 -5.886030 8.845086 -9.774441 1.524343 -22.570711 10.690975 -11.059574 18.398622 18.038050 9.027842 -28.218940 2.584849 19.729919 10.862307 3.782639 0.753774 -20.193989 11.989701 -10.608958 10.581727 -3.258245 3.751860 -7.964543 -6.089733 12.236097 -11.432908 2.519917 -0.455755 1.507287 20.632466 -1.005958 13.020836 -11.342419 7.798017 3.281225 -2.817138 30.063462 -22.508565 1.198980 -7.478117 9.566462 -0.936834 23.237876 20.127797 -16.167757 -5.118360 0.594229 15.597912 11.664098 7.190702 -12.762795 6.927507 39.630138 0.951596 -18.667117 -10.218063 -0.619523 20.984276 9.788156 15.052773 -5.283889 12.136578 -4.399333 5.676785 34.378758 -6.125817 -1.944036 8.393795 -30.058544 -4.832855 20.617699 -7.255456 16.697205 23.198422 -15.744403 -17.235918 28.108669 7.200354 12.991418 -6.623597 17.491262 -19.237337 -14.133977 21.586875 21.991202 -14.170071 0.944844 6.065144 8.838930 -17.400902 9.757377 16.311277 -11.410150 -1.783376 -2.700481 18.669481 13.871260 -15.793297 12.893294 -19.758027 -11.469436 -17.827963 -5.947298 -8.511756 5.490623 25.575745 27.443392 11.356640 14.941588 -9.831710 -15.651354 11.972665 -19.526260 -18.598638 -15.543216 4.320355 13.129046 10.211005 5.267493 2.236326 -10.919432 13.452640 -30.008976 -36.099470 20.849317 8.825710 -4.360294 -4.170145 6.036357 -24.887359 -7.665292 13.117505 2.256759 24.993835 7.000120 -8.860362 
3.757784 26.467486 -6.890175 -20.857104 -25.244953 2.847081 -12.147889 6.301276 7.750106 -3.111960 6.821816 -1.942165 12.079064 8.096885 28.652665 13.871500 -11.069069 14.556360 -24.111039 24.052356 -0.492145 13.457785 -3.286259 -29.028468 -8.415850 23.325559 6.404625 -21.868453 -7.711489 16.297717 -11.397207 13.113194 21.159329 12.461344 -22.621485 -1.113641 -2.659259 0.776649 15.520449 -1.342025 3.473288 -0.937323 19.445335 -18.688364 -6.888429 14.669663 19.759145 1.316901 12.705416 -2.357509 9.860062 25.052136 -29.826589 -4.525779 -22.380792 -29.177609 25.555767 3.521559 -9.632783 16.238810 -7.588230 3.467588 24.272059 16.977372 5.003293 10.665373 -15.782716 -22.812390 6.291283 -11.724566 -0.255681 -3.385663 28.369737 3.421285 10.556031 23.216070 20.448542 13.390721 13.173664 -3.898003 5.317854 -5.210388 12.710062 2.468570 -4.065096 -3.273299 -30.580706 -21.118928 15.094071 9.391800 -6.339256 -6.906857 -15.923843 -10.097443 -1.169355 6.182701 11.353522 1.749955 -13.642647 11.143007 3.325232 -10.817930 -2.785874 17.916130 23.062681 0.612164 3.891826 11.155613 2.428555 -9.827822 -3.206471 -9.091217 2.001975 0.546308 1.948633 -15.454880 12.226507 -24.817954 -7.068768 5.578536 10.017164 16.778062 -10.280122 -14.771759 10.310798 18.526857 -7.292964 7.056100 -13.912697 17.488954 14.441592 -5.945509 -16.568174 27.118838 -8.290405 -3.329680 20.921890 3.898050 -4.683892 11.834539 21.732045 23.353428 -14.857158 1.683337 2.116031 12.125114 -5.432212 -0.166684 -10.379433 -12.138200 -1.411665 20.278317 -13.703249 -17.874641 -20.135966 -13.091102 -12.662750 -5.815314 -1.869126 18.563720 -10.010014 11.960208 -20.889704 -6.850679 -20.336712 4.168270 -4.559619 -8.110858 -12.008269 -1.228190 -3.788729 -12.070726 -9.271299 2.068786 6.452666 11.879248 -5.261577 7.229912 -32.288892 16.626687 4.385089 28.133958 -29.121263 1.559380 -12.139969 -5.840919 2.255345 -3.631256 -20.314674 1.734488 -6.665703 9.152318 -15.094820 4.228766 -1.722081 17.301697 0.746583 10.364441 9.662377 6.927788 
-6.127063 2.809098 -3.795900 20.973335 4.355866 0.591281 -20.715997 -17.025179 -21.761921 -11.731070 18.710161 -14.496739 -14.896105 -2.801247 3.435692 4.931753 0.044356 -10.568720 8.091921 -18.746677 -9.295568 11.958824 -1.441336 5.531781 -14.828220 -9.277183 3.598449 -2.178828 -10.072794 5.302780 12.183129 -11.703848 6.692306 2.308499 3.563259 -24.612728 19.427297 2.658732 7.911466 9.392443 -27.193284 -18.350914 -4.022212 -6.272495 2.401962 -6.803686 0.568135 4.065403 -9.295716 18.844374 7.546839 -2.761908 6.093708 -5.443473 11.842273 -5.079221 7.427047 -11.748093 6.913145 -10.111886 -24.453320 -25.036532 2.856199 0.035526 -0.575103 4.958589 5.359847 -6.936131 20.760516 5.158342 12.655665 13.703499 45.388601 15.820204 -31.546347 -10.875238 11.166530 1.281846 0.321553 -9.375613 -13.200294 -29.162527 5.250435 -8.277692 -20.674055 -14.955659 14.244948 13.746758 15.853807 -17.677029 -24.389655 19.352553 -3.923439 5.075048 -8.151226 -22.737276 4.355425 -10.579909 12.707118 -19.226898 -6.806027 4.785572 21.455353 12.983461 14.047145 -5.275965 -17.321536 -12.986582 4.001739 14.055240 22.183680 -18.031506 22.265681 -3.349210 7.020878 6.904843 -13.090638 -18.209499 5.905815 12.828725 30.919848 34.865170 12.948007 -4.951341 11.049429 10.561749 -22.605676 -21.883503 -0.711923 25.819464 13.268213 0.091299 -11.930261 8.948232 -3.299184 -8.178134 20.019628 -30.801675 -26.574640 2.763998 -13.651082 18.751748 6.889914 18.429365 -2.749118 -6.842913 32.958531 -12.494834 35.627286 2.090472 -6.514449 16.485362 1.480812 -1.063098 -2.422805 17.394257 -1.389047 -15.075034 13.983979 13.146711 -22.443232 -21.199177 -18.594840 -5.144507 -26.285335 -6.042413 -10.467271 10.247533 6.701588 -5.170167 18.972320 17.048731 18.518387 6.359417 14.274245 3.743271 -0.250692 8.996137 31.018870 -5.197360 8.768313 7.871193 4.988420 -11.540113 5.898538 18.432780 16.281697 -4.025055 -4.790480 -2.723192 2.748399 21.642651 4.127160 -24.192201 8.049719 -21.895186 13.074312 10.097877 7.244169 24.294202 
-8.299155 21.548794 -13.417135 32.321956 -5.377517 -16.732611 -15.147356 25.966390 -11.652817 8.278790 27.065697 -5.260913 -5.550770 10.372423 -18.223574 -23.202334 2.736891 15.705363 0.792635 -5.422631 18.912115 -29.415814 16.524277 -9.404461 -2.303748 2.517554 -13.096894 7.022012 0.190087 23.134258 1.539097 -17.230638 7.714304 -3.964080 -3.430059 -7.555752 2.340475 6.953799 1.720804 16.776954 20.113104 15.435262 4.108975 6.812497 6.745235 3.327710 -7.809694 -10.561749 15.749797 15.173658 26.271661 18.086987 -13.697131 28.116290 -15.260263 -11.653709 10.438987 -13.040199 -4.851243 14.415215 8.393722 20.386049 -14.297353 13.783461 5.880127 19.554676 8.382143 -12.313632 19.056155 -13.311334 -28.506010 -9.517982 44.857409 -7.062019 2.999796 -10.098638 6.832216 -5.425495 -35.481301 2.383482 -3.562816 -4.030073 6.875206 -1.983524 -28.633263 -17.258135 -8.449812 -22.321657 -0.817238 6.098889 11.274858 21.448407 -4.274027 3.573396 -25.647067 8.783589 -0.275726 22.487649 -6.195733 -9.653165 12.987621 -20.238260 -13.411926 -31.230912 -18.950552 -6.457660 24.087749 18.614290 6.509198 25.758709 16.712578 -6.845106 16.849963 8.052729 12.095525 -0.008755 -27.661262 -4.540866 -15.224334 14.738761 -16.962529 -12.554359 -15.293737 -7.642899 29.049125 2.847197 7.024046 15.201955 6.983855 31.188784 -9.535139 12.880086 6.806316 -7.013637 -9.800900 -6.732372 1.510850 5.879988 -4.621061 -6.459602 16.811874 18.932269 11.838604 3.137515 9.852220 23.065704 2.237931 -20.296868 3.469714 14.608086 26.946770 20.758665 -18.017655 0.052218 8.996403 2.455552 -35.101749 -14.681844 -13.895045 -20.373093 11.261866 -13.536363 10.812876 9.033422 -17.989507 -12.028465 3.152503 -13.964744 -4.876055 -4.332136 -14.503458 25.176987 17.336803 6.543111 -20.044949 -8.822308 21.815824 2.956953 -18.574023 1.009001 -9.414457 10.840586 6.941055 -30.649096 -10.128196 -9.923857 -3.350615 -7.121758 3.478516 19.965411 9.002670 9.954058 11.927147 -1.275192 -24.348932 -23.175739 24.339235 5.260148 -3.299272 24.551224 
2.703532 10.768976 13.512156 -20.442288 13.274208 8.943279 -6.236461 -4.016816 -0.024351 -22.867752 2.867141 11.623711 4.905229 8.866815 4.312572 0.137599 -1.126549 -2.365291 -10.758496 -2.431442 -7.060943 -16.028083 -9.950613 -0.786661 -10.314512 -3.874076 9.250539 -2.268309 4.758342 3.504524 -2.072080 -5.094791 1.196307 4.026194 24.125174 16.803038 2.510086 -20.799431 -11.821667 -5.633134 -4.850199 -13.846455 4.617021 6.820584 -19.483481 13.730054 -8.873608 -7.640279 -4.945520 -25.462686 -11.939103 23.316994 12.193251 -13.463814 5.194087 12.005887 7.893849 10.607395 -23.726040 -7.953473 -11.700651 -17.422491 4.681646 4.961064 2.248529 -8.729481 -3.499997 18.588011 -5.357464 8.044024 -11.082618 4.194092 3.962299 15.434934 2.290759 14.419558 27.494824 -5.268659 -13.202902 2.650937 15.855196 8.188445 28.251427 -3.742449 0.336500 1.855668 -0.670126 8.902741 20.327242 3.638990 -3.954886 5.131212 12.891272 -14.636723 15.841966 -20.844599 -2.033524 -4.848758 -7.745940 -10.681079 -4.707933 -1.892979 17.147924 13.234895 21.498285 10.128307 -7.170819 -1.538925 -14.084746 -24.889254 3.990953 12.450404 3.356480 3.185429 6.776372 -8.115694 9.891467 22.515322 -6.523234 -4.880756 3.054634 6.518512 -3.822082 -1.474400 1.805881 14.157912 2.642620 5.055715 -12.008021 3.265654 8.142834 -9.280217 -8.425493 -0.094893 11.430446 -6.067527 -16.645190 -17.444893 -17.810571 5.179650 17.144562 -6.476874 4.833590 -8.501657 1.415832 4.721611 25.975836 -14.157261 0.156055 4.864304 1.385681 -9.631880 1.146769 12.413659 -2.707258 22.815404 -22.565112 10.341310 7.724193 3.046449 4.954188 3.956307 6.081538 20.315989 -12.580523 -13.805047 0.307465 10.889539 -6.202426 -17.101372 -11.697483 -1.329343 8.504436 -1.294254 -3.359054 6.982967 28.509694 -5.493890 -9.013010 -6.037912 12.508573 5.820904 -12.156713 0.300651 13.493523 -5.435624 11.184522 0.982183 -22.853110 -1.420908 8.249824 -5.139427 -9.463603 4.296766 16.354036 -24.897581 -19.555577 -1.248586 -5.178305 4.543711 
22.946026 7.198547 8.011059 -8.328857 -2.330017 -5.288588 -7.412029 5.035873 1.720450 4.669683 7.816534 -1.305453 2.260975 -4.964933 -6.005747 -9.147708 12.994195 -20.040633 15.264201 -4.998263 -14.968331 -3.511065 4.374746 4.547047 -5.967315 -1.986200 -23.981400 -2.042024 -6.076390 11.801908 -9.470524 4.509319 2.390725 -3.144031 10.711252 -27.510221 -8.599772 14.721080 -8.052261 14.777918 7.256133 -31.511199 -25.816381 8.246169 -10.530148 4.000944 7.407073 5.421004 -5.777848 19.945182 12.056804 21.745910 5.001916 -25.241960 -27.190314 -15.049749 14.846080 15.000825 -20.057928 10.440554 -7.092468 -33.139565 1.698229 -23.304151 2.227876 3.118027 6.258443 -16.999590 -2.528175 1.536441 -10.465214 -1.137703 1.108881 21.538706 7.781423 12.869628 23.505633 -7.028282 -1.102152 9.878910 -8.431605 0.504296 -7.906816 10.621630 -3.566171 -1.788488 5.967533 7.393063 -18.960630 8.940049 2.397354 24.187241 0.912025 8.992800 -26.644199 29.643930 6.627935 2.682289 -3.680352 15.762326 -32.013564 30.207763 -4.926281 15.721072 10.193301 -0.036218 20.377958 14.549372 -7.135256 2.295357 2.673129 -12.306331 8.583934 6.467935 -11.564093 -0.570465 32.215838 22.093574 -35.766443 14.075803 13.592659 -9.321214 -12.337011 -8.701958 -14.928169 12.406877 4.454258 5.551605 1.974101 10.433073 11.192290 10.276900 10.575031 -10.603900 -19.121315 -9.498377 -1.670911 -5.764692 -26.213461 1.174263 -14.709483 4.746925 3.597931 -6.081326 -3.895850 1.237940 10.631038 -21.584869 6.560791 8.223944 8.523636 1.973726 6.406702 -2.176538 -5.150587 11.229061 0.668173 -21.417837 2.450955 15.067762 -5.152009 -18.195129 -9.903040 8.191726 3.457222 -5.090327 -4.213347 -7.184921 -24.921392 25.693726 9.107791 13.317668 -4.913554 -5.497989 1.386297 -5.340947 5.646788 0.858664 -8.570347 -16.261880 -10.918090 3.508093 -0.749881 -0.692046 11.920519 6.504526 15.273757 4.316673 -12.786728 7.654441 13.735607 5.710207 -10.027354 -7.474411 -0.671129 -5.534776 6.423524 -14.374035 5.775547 5.862028 
-14.045469 -26.453883 -25.631564 17.991237 -13.254719 20.342065 -12.427942 -3.875415 -5.871922 5.050671 -31.104032 -1.172847 26.071171 22.309394 5.964955 15.709565 -15.664069 -13.481488 1.490385 -26.395730 -4.902692 -6.483040 3.361810 -18.053934 -7.151277 -18.682273 -15.621162 11.180979 8.555970 15.634152 17.054311 -6.745846 -13.445663 -18.350762 9.586507 -16.402978 -13.485986 -0.169675 -1.481575 25.087255 7.291533 8.317305 0.696793 5.301127 34.141513 1.332351 2.714262 -8.058404 -7.730505 -24.658709 8.590785 1.816392 29.629625 -7.776561 -14.869329 -1.829801 0.209579 -20.060126 -5.610816 5.930092 -0.512707 -28.931200 -12.112685 -18.024262 0.470427 -20.931377 5.863595 0.498250 11.267415 1.154650 3.032234 -14.800617 -6.490154 -29.358853 -27.057301 -32.238132 -11.089430 14.928276 17.956257 22.637046 -7.932330 5.782377 -9.771648 -8.870707 35.958994 -0.826144 20.947180 0.047172 13.272717 6.367182 -13.716375 -24.126523 -16.067715 -2.859665 9.351632 -33.430619 22.708964 -3.531668 5.570062 13.843606 -10.312088 -3.004118 -3.382264 -1.914734 2.573968 10.772355 -8.814797 -8.839947 11.000815 -5.213383 17.763348 12.743299 4.027788 17.175928 -8.803531 -0.612282 0.131275 -0.205015 -0.608709 15.359289 18.321776 25.391365 17.105360 -0.193770 0.832754 -41.542746 6.066694 -0.871271 -2.859975 6.998629 6.397064 -4.748921 6.966150 -11.809211 -8.838501 5.797198 -15.094473 -16.352091 -14.684685 14.159291 -1.181620 22.271581 -20.472503 -0.885822 -8.392409 -6.008458 -1.004172 -12.565579 -1.960157 12.999512 -10.538612 -6.406915 -10.052314 20.122833 13.546244 9.925437 9.908028 3.533059 25.916711 -10.139450 -11.667096 17.845025 -25.709701 10.893469 -3.879991 -4.146583 5.660454 -21.333509 -23.773048 -6.924840 -0.485149 24.216422 -6.165989 -8.633696 -4.725728 -17.013482 0.778387 22.438572 34.839970 -11.963886 12.703763 -12.497695 -34.271357 3.650643 7.334742 -9.443455 12.532957 1.830529 3.564984 -18.850418 2.495256 0.389264 37.006782 -21.815862 13.213718 2.079010 -15.565804 -2.041696 -6.726804 -16.946526 
25.626397 -15.337357 8.921973 2.881728 -5.276056 1.666782 -2.645969 -10.914366 18.250093 -0.694893 -4.526004 26.055694 -18.910799 -11.078280 4.151799 -10.224847 15.485995 10.765587 -18.462110 4.239355 7.831940 -5.328868 28.889070 7.618876 10.706948 3.728928 25.724629 19.863832 8.833045 10.746476 9.751692 2.238518 10.295603 -19.836155 12.683000 -12.185733 27.859377 -20.514328 -3.217869 16.867464 18.920791 -10.692167 7.189640 -3.323719 -5.743322 14.514602 -25.466726 9.159036 -1.597801 -9.652232 -29.753993 5.995248 1.417386 -1.783468 -14.597800 9.218710 -12.946514 -9.404578 -10.360433 3.307116 4.709535 -9.956200 6.139187 -34.253351 -16.700911 1.916394 1.727086 -4.268008 -3.085120 4.575318 -21.027632 -4.770431 -5.628009 -0.061758 -17.761484 11.172712 22.929153 -23.092429 15.920959 28.340398 16.464835 2.126885 42.298294 21.586163 -30.097499 -9.674767 -5.151307 10.182050 -20.220079 5.036213 8.373062 16.815348 -9.595853 -13.653872 5.596118 15.800560 0.622408 -8.498644 22.026732 15.165099 -4.414272 24.429926 -12.656399 -10.121631 -13.666272 -11.037468 25.448210 10.374440 -21.222605 0.061951 5.993327 8.096332 -24.065051 0.314397 -11.911974 18.023395 -8.629710 2.683390 -0.866968 -18.159315 2.930593 26.917913 13.794556 3.388691 12.596581 1.495262 7.980209 -12.099870 1.117777 -3.130286 -40.078668 3.511850 8.788688 -12.140961 -20.326524 6.739476 -20.314269 -7.429482 25.076536 -29.303076 2.010204 8.599215 6.228484 3.637175 17.346448 -2.974190 3.078401 26.565639 -0.679333 14.903826 -17.177387 -7.757497 11.739891 -18.616286 0.252455 -16.770728 -4.412361 -5.532690 -13.855469 3.166009 0.700753 10.018793 10.991145 6.033317 19.738456 2.819303 -36.291961 10.840176 14.865273 3.191225 -24.658736 15.171630 -1.707788 -1.582565 0.663334 -26.575777 -4.434129 10.618303 13.621610 -11.904721 22.545011 -2.532480 -21.840661 22.292534 18.392360 14.982254 -13.569428 11.633940 8.136997 0.233205 -15.381116 10.795833 -4.815312 -12.908983 -9.941222 -2.854199 -13.330723 -15.942272 5.210847 12.486436 
4.359878 21.080433 3.367852 -26.392205 -7.763954 9.302413 2.690400 -2.666529 9.667616 12.559339 -2.780026 -3.905521 -0.473999 -7.997178 -20.436588 -15.446722 -1.074185 -29.905103 3.823630 21.272841 8.263226 4.339528 16.058149 -15.903987 1.363376 18.300455 -0.124646 13.000424 6.068405 5.878196 -12.439435 12.589717 -2.452377 0.732540 21.576972 2.440569 0.642326 6.019791 10.441870 -4.520145 -5.756019 -2.592374 -1.585764 5.669678 9.263868 19.794147 35.343843 12.256902 6.729358 18.452569 25.886360 21.171035 -13.514140 -17.074586 17.367191 -10.805643 -1.129506 -23.028511 -14.631634 6.174391 10.542625 -18.788185 4.519741 12.458581 10.670776 14.420028 11.690164 15.789451 9.750916 5.863025 -9.683636 6.802854 22.929370 19.558689 4.422721 10.764977 14.181578 16.729971 3.947940 21.901193 -23.237084 -8.883935 -13.930401 -6.622287 -6.869154 -11.514341 -8.221178 9.306447 10.732962 13.179630 -1.982019 -0.888757 -13.073164 6.283691 -20.490431 34.616957 6.285960 5.289451 -9.123822 -4.736045 2.677505 -2.359707 -14.840388 -11.673766 21.015903 -12.377335 11.693483 20.776254 -6.979961 5.248472 6.745295 13.484930 15.575983 -0.424539 1.062461 -1.804093 20.188951 10.268553 -16.299284 3.206622 25.158002 14.817731 15.573608 18.012885 -6.577610 12.971175 4.198753 -3.005584 -5.880192 -9.010090 -10.971065 -2.914193 -1.670980 -0.006069 0.066857 -25.673567 1.518403 16.555827 -5.222273 -5.151323 -12.109991 3.346035 4.116082 2.596013 12.814185 14.301383 -16.992564 16.591774 11.573893 -9.644606 22.686541 -0.238044 25.097738 5.083510 -14.520584 6.862880 -1.487408 -0.576297 2.579060 26.791155 31.055234 -24.883456 -10.628503 -6.079427 5.032203 22.533116 -26.699764 -3.516570 -0.706053 -16.133001 10.566238 -23.086577 -5.905285 -14.892890 -10.740604 16.716008 -2.273309 -8.360447 -11.870068 17.089130 -14.322739 -12.386466 -11.454150 19.495955 -31.599259 38.609158 -18.708619 -8.418760 18.147338 17.071878 0.061009 2.414638 21.652744 -14.454520 5.414758 -12.189450 4.356137 0.411487 -3.739500 20.404029 
17.490337 -1.743044 -26.236652 3.584110 5.896676 -19.522172 15.241890 -24.391687 3.633014 11.466024 -11.570260 -13.625457 24.300212 -1.089222 8.883361 -0.870091 -20.301538 28.888397 -5.337597 -1.103201 -13.803615 -5.481419 -5.154627 15.629917 -19.358251 18.405023 -13.453935 -9.478937 17.792104 7.357851 -3.700672 14.194211 7.097347 -24.506037 8.818990 -0.682123 8.082947 2.891539 14.430322 -5.384640 5.615511 -1.211891 -8.049952 -14.413204 17.135787 -12.204825 -4.059960 5.389271 -36.037034 6.860697 -21.991374 6.114405 -3.916691 5.510621 6.205816 -20.603191 -9.946314 -7.083777 4.213852 -5.346168 5.855833 -6.393307 -9.492377 -2.759533 2.522139 9.345294 -25.825939 1.283734 -0.556781 11.805557 17.163633 8.582029 -9.416055 10.000896 8.071554 -3.420783 -10.399630 10.170679 -17.404886 -0.205383 6.144860 -5.865419 13.300277 21.269041 -1.035601 15.152683 -3.921403 -4.444589 -2.319179 15.227144 2.620356 15.132044 7.530434 0.838653 -13.211710 -2.870922 -3.178077 11.842198 -13.799349 25.319870 -0.511118 16.957376 3.889103 -0.408810 -9.719041 -6.211949 -1.717489 5.509597 -11.704225 -13.104860 6.279948 5.308827 16.463092 -7.233052 6.179872 -13.324500 -9.120318 16.820808 5.252605 -6.531896 -25.611827 5.070454 3.704103 22.509717 6.288414 1.772805 -21.677129 10.277975 0.297213 -19.799828 -7.516033 -20.770344 1.445211 -1.894431 3.102292 2.419707 -1.010652 2.457962 -5.612938 13.009560 -11.650524 8.045301 -25.457367 5.378413 5.934680 -7.380107 4.488654 -9.619569 -1.297390 23.618399 -5.491382 -3.714733 -19.615553 10.585882 0.012607 22.239623 7.107319 -4.027806 -14.375442 -12.575460 -8.995767 4.122261 -3.787477 -11.895830 16.860804 5.079238 -22.324952 -11.304543 -3.865715 18.235095 7.235670 8.578539 -38.266318 -24.576849 -12.427087 -7.968490 16.616778 10.595611 2.033676 -7.293320 36.458757 -10.422360 1.087838 -30.363559 -16.214644 -21.288686 -2.997909 -7.250921 7.187752 -21.754928 18.794923 -10.285706 0.654319 -4.214459 0.441174 -21.533582 9.030158 9.867372 5.363739 2.703034 
2.291126 19.089615 -20.342100 -21.540182 -1.619534 -2.581529 16.400951 -9.851865 13.174885 -9.800032 6.178196 2.968682 -24.533835 -10.187418 0.263601 -17.068959 1.399403 0.301456 11.938852 5.330847 9.569752 -5.031560 -2.407972 8.210615 -27.623860 -0.056263 21.159646 4.507086 0.318669 11.679204 -9.306125 -6.206729 7.342363 -16.554142 22.760124 -3.044407 11.902766 -11.616786 -11.933357 -2.687711 -2.842543 12.554545 -4.483384 -21.865132 -14.767344 -8.254468 -27.910355 -0.467926 1.158570 -3.480237 23.574042 -6.814749 25.405836 -11.220420 6.837145 -15.603324 7.860961 9.780506 -6.307186 -5.125454 9.666031 7.892371 15.544380 25.591421 7.179959 7.343526 -4.758779 -12.634978 25.255404 19.650649 -3.325513 -1.327050 9.453167 15.344112 2.682295 10.539799 7.006454 32.316919 -4.055674 15.690230 -15.764477 7.453805 -3.615091 -7.407058 1.221914 6.721211 -8.837560 9.053435 -3.864140 -15.418263 -14.558703 17.598587 7.989944 -6.185984 -29.881971 13.315645 23.871066 -7.134814 -9.315627 2.238513 -2.622698 2.732366 -2.258736 -7.718219 6.571961 2.170930 -12.611060 16.403541 -24.219811 -40.996852 9.963497 5.316838 -4.752817 -0.479265 13.382307 -4.815357 13.482369 1.235455 -12.589658 -7.945621 20.424981 -1.532290 14.105048 -9.054819 10.414916 11.203314 1.168755 -3.496112 -22.926487 11.217645 -13.353477 14.985251 -26.977192 15.986400 -13.226700 0.822269 -4.661527 16.453139 -3.874745 0.517781 -13.081652 13.324512 14.842890 -25.600168 7.774643 6.162160 -10.934811 -8.136322 -5.815135 -17.551636 -2.165087 -7.147899 -5.570646 -21.851742 14.364269 3.440687 0.956104 -11.946026 -4.891343 19.136966 5.409769 4.712799 -7.698105 -15.612813 -5.902860 -10.905136 -24.566435 5.867739 -21.304707 -8.037127 25.008109 -7.665961 22.617348 23.561487 -4.521642 17.543315 2.218631 4.547079 1.321989 -21.004241 -6.928311 -12.213372 8.196377 18.579150 -2.628296 6.596303 17.436975 -3.447547 14.684758 -3.895208 -25.273417 -13.678027 -4.828586 -9.588532 11.376162 -10.470459 -10.021762 -7.136237 2.450340 -6.497653 
-2.596147 -7.702035 17.991494 -4.322528 13.376756 -0.887353 2.855729 -13.331799 14.859112 12.106560 1.118910 -8.996046 -1.485636 -1.365117 -18.625575 39.024353 6.356381 -9.141131 2.923617 11.074955 0.191610 7.609070 2.412880 -10.571339 -13.071392 6.055227 3.240713 -2.044505 0.864967 -22.926465 -4.644529 -1.770753 -4.004940 -8.179629 -0.581355 -8.635377 -2.043022 -18.233103 -1.712467 -0.690693 -11.157530 -2.853115 -0.944229 21.137606 17.019329 -1.597558 -0.973454 -1.067132 17.703382 -17.431513 -12.982806 -9.610723 -25.589037 -0.022735 -8.448424 4.490305 7.109296 -5.387296 0.751674 -18.494469 8.076089 -2.723522 -14.151042 6.957698 17.343689 5.961607 -1.300484 -3.558258 -31.170460 -9.577748 -10.357171 15.767798 -29.649762 -1.156348 1.104047 29.573393 -5.258939 -26.316136 8.378924 0.935938 21.579601 -15.523779 0.188250 15.563797 8.942451 -1.375425 6.501571 -25.729698 0.658854 10.373407 18.729175 -22.432162 -5.995484 16.528792 -10.892352 -16.524864 26.714570 2.361571 0.177439 -45.078580 9.149246 -14.619043 -7.850721 6.847193 2.128335 -21.006898 -5.580196 -12.703323 -0.748618 9.273262 -20.650826 1.255906 -20.913768 -0.610672 -6.281347 35.831454 15.671116 0.760542 -23.918053 23.655852 16.226049 -30.253419 7.204776 1.404261 7.099139 -22.345941 -35.283946 -6.452233 5.601905 25.092245 -6.317216 12.497356 -3.184442 -12.792093 0.308328 -27.121002 13.704049 2.912746 1.104196 5.840926 -7.451029 13.641942 6.626504 -13.129326 2.422202 16.544067 21.636243 20.620554 6.745137 10.744961 -12.066096 -24.834796 18.631247 20.014830 -33.188593 -2.861950 7.642581 -4.603827 27.300323 -32.925289 -10.328288 17.385584 1.637505 -2.569374 1.765466 -3.864063 10.425092 27.419877 -16.064763 2.650593 22.428986 -4.902121 -6.814889 4.611569 -11.405879 16.603615 -15.969065 -30.742731 -12.326753 1.692900 15.598864 -12.534682 -10.840086 25.932725 7.879979 3.041883 -4.815838 -6.500071 13.010655 1.511397 32.578185 10.970505 6.779927 5.658717 5.616868 13.248004 -22.128539 -23.814051 -7.239690 -11.751906 
15.824836 -24.892499 -1.758029 -19.443213 19.032567 0.293435 -7.331381 23.840827 8.444821 -3.483005 27.277431 -3.496023 11.383503 4.215619 8.500611 2.937270 23.320189 -3.269388 -8.033009 17.873848 -11.283213 0.056555 6.159999 3.616728 27.081261 -1.673019 2.904340 -1.928938 16.496865 2.724335 -3.164042 1.214143 -10.815228 8.813101 -7.707622 -2.574729 -22.070227 -8.246921 -18.222783 -17.118709 -16.153265 -4.257687 7.554460 16.816874 -6.337621 8.555868 30.955875 -16.413632 -18.028473 2.849858 -14.810100 -9.793449 -5.131978 -6.002753 -10.175844 -0.426850 -6.196798 -5.524252 -2.786904 12.157280 28.491657 -0.750960 1.202661 -10.705036 -18.670846 9.922269 -20.351956 5.111367 -1.938848 -13.561410 21.560056 7.899999 -24.548665 -1.785611 0.112714 -9.127181 -14.555355 0.601428 7.356475 -2.304357 -1.936163 21.379100 -0.205655 1.068860 2.622180 -1.784080 12.838708 9.812639 5.633285 0.311870 11.376449 7.345297 -2.989136 -10.358690 28.743868 -16.340336 -4.320003 0.996058 6.932072 4.973365 7.274155 -13.237871 -3.639578 -6.285852 -0.171774 11.369287 9.118943 -11.057996 -11.720078 -0.494507 6.452202 16.855668 16.895992 2.499484 -7.293138 -3.282994 10.901817 -6.323112 20.594168 -16.226808 -28.899318 5.395765 6.693501 23.198919 0.920917 -8.258448 -16.624190 9.056972 -23.100212 -20.677167 -3.232917 -11.023935 -7.712311 7.149491 4.664327 -9.720856 8.528039 -4.311966 3.358992 -7.186485 -9.070933 -4.694538 -3.066178 -17.395338 -6.652497 24.142781 -6.417800 -20.071450 -10.789916 23.457450 -4.184648 -11.734582 -1.827035 -14.468280 6.968505 9.860878 24.782611 6.795530 -3.849456 1.036270 -10.155438 -13.060937 -10.728812 -15.121046 -3.318206 19.574620 20.776088 -6.118489 -2.783710 -2.713907 8.568250 -6.167559 -17.958607 -0.390628 -3.890525 -15.237572 3.665332 1.668994 -6.847698 -17.134684 12.156248 -15.261770 -12.315026 3.394900 -13.486019 -11.049564 8.214941 0.320239 -6.052769 20.400344 -12.178474 10.197272 25.126748 -8.922662 3.093929 -6.046786 7.065975 5.908556 5.574278 -1.527126 
1.111370 -7.362553 16.867977 17.918414 7.740474 -23.164204 -9.643335 7.017263 3.960571 -24.756834 -15.127042 1.548311 -11.232848 -2.361921 -28.857903 -9.907138 6.168110 2.000226 8.256232 0.372552 2.494354 6.686447 -2.153679 20.913624 1.308372 -22.158077 13.214527 -8.956035 -0.624352 12.714427 8.970060 6.890574 23.955815 -5.784835 8.271510 2.294391 4.851733 -25.545606 -14.840134 1.881971 11.481951 -20.653119 -19.690440 -12.883089 -1.591187 -4.232756 22.311550 28.735655 21.076280 -4.401322 -5.666402 1.584159 -6.543727 -2.102446 -4.244047 9.421166 -1.741671 -6.916788 -13.201530 -10.827246 25.924125 8.015644 7.235288 -7.601984 -8.692050 -17.900242 1.596905 21.562321 -1.694136 22.723871 -3.443570 11.672667 -10.933512 20.209367 -10.195650 -16.089056 0.864377 -5.179001 -16.061653 -2.561271 -17.799663 13.920464 5.695053 -8.262031 -7.879328 -4.910525 -18.388870 0.089009 -15.968498 10.427907 16.254465 8.546758 3.807202 14.315287 -9.255848 30.421966 -22.276844 -8.981087 18.700920 -12.775985 -21.499316 13.576100 -0.712047 0.765001 9.759308 -7.184827 -11.402856 -9.838293 -8.481107 -7.582701 2.084624 -8.724360 14.958001 42.364646 -1.118777 13.487868 -20.215829 13.352506 -12.089286 3.957113 12.227003 -14.138023 18.837695 2.066584 -0.269319 0.354092 -6.911561 5.640183 2.554394 -2.875418 -12.681001 20.935788 0.497890 -7.557983 21.031988 12.203573 -23.772563 13.042853 -2.190327 -10.034762 -33.934538 13.056037 20.262495 -4.276168 -2.757318 2.611653 22.002631 10.941768 -10.290393 0.052275 -4.569655 -8.376531 9.884008 20.904709 -20.726521 -3.685410 4.252339 -13.626281 -4.875981 -7.223879 -4.242579 19.685051 9.983991 -0.628052 28.244500 3.936893 -15.391739 2.643747 4.713862 6.712456 7.330755 -10.194639 -2.688863 1.123889 -18.073024 -3.360098 8.457940 4.771688 -11.379345 -7.980303 -19.616812 -23.715795 2.570310 -14.496035 5.405939 14.516834 1.739265 -11.294143 46.168098 -23.412785 -17.431788 15.366523 5.552338 -19.315144 -37.595396 9.199443 -13.359440 5.871963 3.719300 -24.869500 
-3.968855 -3.299292 -21.632443 -23.217651 -25.131845 -10.482310 -9.330400 -2.500848 -10.006602 19.468253 -43.187419 5.675472 11.034166 17.120116 11.529923 13.080987 -8.567589 24.191700 -4.752734 -17.866716 3.809391 26.891831 -20.039496 -26.451807 -12.452417 28.353493 18.240229 -14.831050 -3.500686 -12.718360 17.156707 5.135608 -17.827144 1.217216 4.636048 -12.102910 3.079345 -19.434511 6.744629 12.702382 -9.511762 -16.476518 -12.619837 -17.955587 -6.009481 18.535298 23.693219 19.491295 -10.580111 1.274783 3.232164 -25.786063 -15.148059 -0.514250 2.296746 32.160737 -8.590479 6.256608 -4.191184 25.605246 29.746141 19.416317 -7.787573 -13.927649 -15.667701 -20.048274 7.776356 -3.693636 -2.132247 32.439188 10.001995 -30.708908 -22.933894 -10.888994 -4.933275 10.577787 -2.998232 -11.347745 0.160157 14.515435 -2.643085 20.704991 -16.276180 2.915078 3.989058 -8.164174 27.181702 -16.208686 -8.282852 10.443032 -10.375856 1.553696 -17.988013 -0.177373 10.065573 8.368256 13.411003 -7.013941 -2.193584 11.459036 -0.200524 -15.394682 -1.608864 -23.483004 -33.168539 0.745704 -8.864099 5.336238 1.915633 -11.909794 32.372844 7.520346 -9.159896 13.555343 32.453054 16.009756 4.344004 16.668670 -0.245475 29.127694 2.921293 -12.137345 5.306311 -7.063222 -0.572496 -24.168126 3.481667 13.413136 -2.169283 2.234967 -8.537409 14.838258 -11.880430 1.131723 3.678740 -14.940120 6.635518 13.551218 7.803019 10.784866 22.901260 14.840393 -8.336375 -3.081220 -7.364053 -12.052297 -0.463132 0.762773 0.515767 -24.786237 -7.961690 15.167403 -2.551952 1.164078 12.971275 3.147325 -6.043711 -15.571502 -18.057167 -6.213271 16.884295 12.462253 -1.553948 4.599928 -18.877501 -17.215994 -11.571812 -24.837704 -9.848102 -1.800080 -0.079233 -18.049647 -6.413437 -2.785934 8.960678 13.884151 1.906683 -1.915607 0.497821 -8.258225 -24.798459 -8.346598 28.145946 -1.386917 16.697414 4.405668 5.839614 -12.456118 -12.849191 -46.196022 4.363183 3.114642 3.635550 -11.539322 -21.139268 33.498176 5.881388 3.609709 -24.490829 -1.483273 
-18.239709 0.216111 -0.521682 15.789040 8.123276 -9.944286 -2.225319 -0.320947 3.921791 -4.315375 3.252950 5.189764 -13.672354 9.107512 6.336426 -1.318137 7.748588 -2.180862 -7.606186 -5.037810 9.784273 5.592617 4.403099 -23.280556 -7.411081 28.746015 12.992011 -8.236793 -10.151624 4.552676 14.271423 -11.777307 -6.398921 -9.725019 15.642212 4.706144 1.892847 1.841066 11.496277 -16.487412 -0.631225 9.379533 12.732540 9.214936 20.981221 8.667251 -13.580902 -12.773646 -4.329224 20.020770 16.713298 -18.802452 8.491995 -13.625987 25.304849 -35.832481 -2.453153 9.975023 14.687808 -7.449518 -2.036640 -18.123020 -18.852175 26.684017 -12.499919 9.212138 0.761865 -23.908180 19.138695 -23.418715 -4.306666 14.476727 17.427534 4.604059 11.578969 6.191104 0.129431 -6.266866 3.192041 17.790931 1.527656 -14.981767 -16.549384 11.967403 -7.869618 11.192670 -6.012695 -0.811788 11.659115 9.933891 -1.010247 -6.523084 -13.574564 2.291478 -5.078009 2.027271 6.045124 4.040997 -8.175751 -1.849050 -6.035158 15.142777 -3.848902 6.486357 -0.064537 -17.581274 8.917484 0.417940 18.483516 -25.680757 -0.272832 -5.862063 -2.794510 -1.247319 16.326899 26.868757 12.192325 30.176934 -24.255553 -1.019630 12.031336 2.827462 -4.904723 -12.268141 10.297364 -32.113349 5.353374 -4.597812 5.958891 -6.171470 0.201888 13.630435 0.090537 -8.806994 -19.635811 -20.958210 -20.521869 10.023697 -11.005024 16.352134 -37.255349 17.614963 5.635954 -2.198636 6.300982 37.132076 -22.256868 26.847913 -6.116521 2.900981 -8.974330 -5.089117 -12.750021 34.382686 -2.784756 10.752703 -3.542988 -8.902945 -17.469108 -41.385557 -3.767597 6.996234 -19.889241 -6.616554 22.602106 -4.413605 -10.669788 -5.460197 8.455927 -6.751821 1.879866 -1.290729 11.984658 -9.161703 -9.940981 5.835451 -27.989705 -4.189303 3.594957 2.935290 10.748543 -11.663373 -8.287251 8.676642 23.542295 2.010941 -4.336340 -2.133162 -0.297810 -12.134175 10.019077 -22.132038 7.715231 18.935051 22.032923 2.628859 1.352906 -16.440951 2.577506 6.940293 
-15.225854 -13.602362 -18.967922 9.721006 1.805347 -18.276966 -7.686948 -13.159875 4.306868 9.088887 -8.008015 -0.864180 -10.293480 -13.402864 -16.501253 7.990328 0.590324 10.322586 -12.978443 -2.388427 -7.149403 -10.690540 -5.047207 4.034774 16.608554 -6.499854 12.319554 1.721716 -12.549516 -4.063022 4.217060 -26.884973 -1.994439 3.386712 -23.871992 -18.047367 3.636164 16.991787 -26.242351 -8.788443 -5.728747 15.586855 -10.503162 22.599467 -9.371201 3.991195 5.914086 0.951673 -0.910698 4.347285 6.808640 -1.892390 7.273894 -4.075750 -12.180773 -16.666356 12.491699 16.932823 -1.578945 2.126567 -43.649453 14.593557 22.434398 -3.116466 13.505296 -17.777460 8.553795 -13.136525 -4.183188 4.594065 -15.127722 -1.030815 -2.840517 29.876579 14.588152 2.201957 9.652989 -13.475945 2.765320 -12.870613 8.505127 -4.424950 -13.573007 -1.392883 5.225133 0.447262 -3.011511 3.570701 21.032871 8.225536 1.198678 -1.925874 -4.589062 -1.721567 3.054397 -16.285334 -30.981872 3.889511 19.951106 17.536182 -2.837867 5.510398 -6.329536 31.590455 -3.249805 29.941756 -35.482721 -3.970455 -7.245264 4.415446 -3.423022 -7.160920 6.307332 -11.064302 26.641392 15.565031 -21.521477 12.056491 11.154529 41.313640 -19.247699 -2.539391 6.572120 -4.169649 8.420872 11.699270 33.185521 6.926529 19.115900 12.716454 -2.334511 9.206321 0.807598 23.556651 5.569580 8.631317 32.106941 -14.688454 -27.035733 -11.858673 19.237437 -15.178997 24.737805 5.829282 4.080168 -28.836049 4.421750 2.537836 -5.540623 11.426082 -3.208939 -16.573115 18.547722 -28.193947 2.737937 32.684996 28.485464 -5.934860 -11.301967 -23.581408 -19.728545 -16.798561 9.226050 -3.174625 8.020798 13.328545 -14.148249 0.262635 -6.426100 32.520110 6.071555 26.956431 -11.787049 -2.626019 -12.960379 22.111932 -24.803931 -18.187616 38.729752 -5.314225 -0.461201 -0.455250 -13.810118 4.107866 3.422914 2.486774 20.336025 -2.104927 -13.951539 8.763047 0.785238 -8.590655 -10.322811 20.030214 1.048154 -6.753339 5.681570 -1.421213 -6.390568 -1.112680 
10.538878 -3.020194 23.690540 2.721203 1.531173 -14.482142 -8.180380 2.610200 -7.494617 1.683815 10.570674 -15.907895 -1.088738 -25.197514 -11.926820 -11.303172 6.014151 -11.884588 8.103248 -0.389956 6.501337 -3.560264 4.141689 7.546603 -6.315107 0.281539 6.573742 23.550116 -6.190372 -8.498622 5.679969 13.164782 -7.766608 -7.176046 2.640648 -11.689769 -6.627664 -12.875754 0.266623 -1.509701 -13.538084 16.496344 9.520901 -33.023709 18.314840 2.646072 10.787927 14.296653 8.890169 -6.331095 26.827761 8.718657 4.157448 -15.036310 4.232451 0.486533 -28.218503 -8.905151 -6.859718 5.676897 -7.821283 -0.369936 8.905236 -0.529260 -7.079642 -9.667403 -3.683124 5.265142 -7.501389 7.886055 -14.927352 5.017262 -23.315114 31.567676 -16.072644 -10.411542 7.191271 -20.912500 -1.054329 7.916013 6.650913 5.323306 -28.934454 -12.185653 3.198085 -26.754459 -7.471170 5.686148 0.665951 24.472835 29.599957 -6.597953 -18.511699 -8.280714 -8.165090 0.316430 18.385174 4.530440 -2.928404 -10.128827 -17.028788 -23.125346 -9.941213 11.941941 -13.040767 20.024171 3.473106 22.130737 14.282483 -23.079791 14.137314 -11.893475 15.725138 -6.079688 4.259490 2.760075 -19.347566 8.308834 24.242629 37.875211 -3.777836 31.600573 -16.811469 -29.896855 -14.642711 -0.453296 -7.195012 -0.200920 4.131896 34.477399 20.095283 -2.588104 -5.386967 -1.663897 -4.499030 -4.461822 7.661695 17.232926 -21.507904 8.571955 3.827748 19.048025 -2.151347 1.909991 5.555923 -10.803371 -29.994737 3.304067 15.108588 3.448063 -13.322372 0.556983 -10.826328 -5.810487 -1.134833 -13.955172 -16.617283 3.772575 -1.802596 -4.609145 -1.159758 -6.932812 -27.648310 6.562210 -17.759563 1.531521 -3.258769 -14.153304 -22.312709 4.510883 9.515346 7.787982 21.685762 1.119891 15.173295 -10.747499 0.992952 13.494891 18.098166 -19.014522 0.759965 -4.437032 6.802142 -20.012802 -15.479035 11.303062 -13.892122 7.156576 6.098801 -4.862097 2.445888 -26.801163 8.797998 -0.870712 3.354342 2.630685 17.733419 3.377442 -5.505910 4.711573 
-0.167193 -4.703410 -7.058419 7.671272 19.458226 -4.719172 11.227302 13.584579 14.269390 22.961178 -18.674468 -13.466227 -10.819513 -5.680558 -9.259285 -0.172887 -3.950137 4.541761 22.617762 3.113055 -8.052668 12.185836 -12.258684 16.080815 3.626401 13.948495 10.678505 18.256517 3.359258 -48.053930 1.792021 -28.444926 15.244460 -11.189857 4.013521 -8.109867 -7.289181 -1.199604 7.152694 -16.127261 -17.279317 14.623902 -8.671697 8.918012 -12.910243 3.775498 14.481458 -17.791415 0.153137 -3.578101 -4.885185 -4.087228 26.154150 4.747006 22.036833 -9.459977 -15.029934 -13.259342 -25.275238 -9.638842 -1.648467 -16.243000 1.149107 12.971989 -23.213972 33.351963 -0.219637 11.501987 -11.307686 23.501505 -23.782347 -0.734092 10.430810 8.867371 12.327033 -28.863829 -8.972538 -28.806700 -1.385385 -6.585353 -10.710599 -11.269582 0.665517 -14.104260 -26.362523 -5.248681 0.477517 10.797951 -31.311233 6.532569 -16.884291 -35.945479 2.740041 5.080965 10.125904 9.620602 2.690749 28.979131 11.946115 -12.974656 -11.117483 9.109143 25.620349 -0.743725 -19.470703 14.001397 -23.303111 -19.834765 17.288394 21.551285 11.013877 9.111101 -13.869897 -13.117344 -11.223477 -1.209321 9.169477 2.841292 13.860057 4.358328 -9.715067 16.605183 -19.377077 11.589067 -13.233221 -6.118957 6.558345 -35.466623 -14.752991 9.621669 27.774584 -23.994899 14.948480 -12.287194 13.742169 -0.306926 -8.118663 -5.173912 6.735089 6.921650 -21.098629 1.460433 15.558791 7.110173 14.341748 -15.087767 -11.418515 -0.060115 1.433331 -14.061150 -0.267295 1.026182 -5.082718 15.890462 6.785485 40.331575 28.673907 -10.922599 4.251495 -10.543585 -13.848601 -10.081345 7.951195 -19.279264 -18.472253 9.607617 4.387675 0.669765 1.162036 -8.219148 30.868371 -6.397375 1.232367 -5.920674 12.319796 6.827584 14.358181 -7.074815 31.388945 5.968224 18.066441 -27.889958 21.342788 -2.106947 -2.217301 21.168904 10.322005 -2.192111 6.036663 13.073192 -16.450011 -1.083179 4.466277 -6.490920 -14.614888 -18.220895 -20.531433 -2.772035 -16.975529 12.016085 
15.156607 -12.008144 13.734005 22.679150 4.263182 2.783421 -3.508707 1.682037 -10.131348 -20.251054 -4.204097 -33.282038 10.123331 -12.525636 0.837152 -17.248023 16.692943 -20.077543 -1.013222 -10.435347 10.521017 15.596697 -7.293520 16.552134 29.212938 -23.014313 17.817988 7.715016 -0.881268 12.806136 -3.704864 -3.201615 -5.281769 -9.320822 -26.052766 12.584674 31.391722 7.690774 6.264432 -33.173945 -10.951098 -5.165092 -8.991540 8.249237 -16.521572 15.633786 -10.691492 4.506550 -9.104053 8.507084 -17.891463 -13.980515 -0.336711 -37.520778 8.582092 -16.718747 16.527816 12.183710 -17.181746 -3.269107 -14.837086 11.741443 -2.058959 -4.685813 11.407574 10.185468 -14.479293 -12.163585 -9.019292 4.728862 -40.715749 -3.219054 -20.181924 6.969939 11.067397 9.867579 8.431792 -2.751765 25.261921 -26.262946 -30.967916 -0.846598 15.349265 15.007235 -31.129826 -7.018615 5.901582 12.621399 -10.106579 -15.568843 -19.484317 3.981263 14.234978 -9.587010 -8.523948 20.507415 -14.202129 -21.055161 18.793578 -0.477430 20.925997 7.184278 14.915298 4.472772 -38.760943 7.563904 9.074710 23.705511 -8.115814 -17.095410 22.876088 27.358866 7.581765 9.806181 7.739585 -13.561185 -27.803073 -29.018498 2.021627 2.234918 -3.155768 -14.523497 -5.991071 1.298359 17.800622 17.701423 7.883628 -12.761667 2.496075 -8.107348 23.558564 -4.489016 21.906803 -5.902267 1.611239 -2.481539 13.617039 3.340866 -16.784107 -10.230605 -6.376805 -14.983502 -12.578058 2.126402 -22.056380 0.449328 -5.912465 -14.696554 33.145424 -19.975506 15.531663 23.276252 -12.088409 -2.349251 -1.695483 0.647581 -4.776642 -18.520011 6.143028 -2.461148 -3.705007 -19.661033 -6.853467 -1.500996 7.842035 -12.694916 2.992725 6.000700 6.553171 2.300638 -3.017601 30.363088 8.985959 -34.333639 41.910164 7.170555 12.243756 0.639880 -23.000906 -4.574776 -23.355019 21.864336 0.154378 -7.332472 -2.581128 1.948746 0.043858 14.300699 2.123085 21.440341 -12.639239 -3.330270 -16.163542 11.328214 -5.652125 0.845189 -1.297065 12.726580 7.648507 -21.444572 
2.232830 8.754130 -19.851955 -2.570697 -2.463497 -2.919566 29.304074 16.583810 8.571324 35.079997 9.624220 9.012232 -2.536576 -15.642106 -8.837623 3.618541 -18.943416 9.196827 26.614933 10.294396 1.334295 -14.451965 9.790262 5.220487 -4.021352 5.097793 -19.941733 11.565559 -10.603836 -16.942561 15.653345 14.409536 -6.486521 -13.824753 -7.736571 -9.918580 -1.531545 -14.816239 13.596323 11.657916 -10.577733 9.287877 33.848318 20.826346 -10.075568 -11.165386 11.840283 4.372671 -0.841251 14.566791 -18.278721 -5.173350 -3.981889 14.929985 -17.060463 7.547018 18.868640 -29.211014 0.563682 -0.643231 6.227529 10.967713 13.863513 -2.043700 -7.588978 19.735641 1.306143 -8.842127 22.040312 13.319144 6.844368 2.835077 23.790456 -1.546913 -13.992981 7.873317 5.214845 -6.955721 15.086759 22.896611 -14.459480 -0.550135 -3.279329 -10.267325 -15.192722 7.980173 6.585030 -12.746244 -6.370668 10.774034 17.414108 -11.084804 1.448942 26.120210 -6.844029 5.340419 0.736878 37.159210 -11.272299 2.685474 -7.888195 12.838592 -16.687147 -13.811686 16.146731 -10.279826 12.325170 4.022049 -15.299945 18.666243 4.816147 0.809890 8.337576 10.444404 39.604319 15.022398 -5.333128 -19.844858 -9.505151 -7.887450 -6.517240 8.578741 -15.069299 -0.521699 -0.370569 12.207449 35.170061 -23.037480 -11.440138 28.538739 22.046056 21.909714 13.444266 -10.001596 -24.709113 -3.568589 10.262154 11.881572 3.615024 6.651799 11.965169 -6.487336 -3.331823 -4.796776 15.733763 13.140312 30.686528 24.347421 2.693374 17.401306 0.463746 13.031183 -0.060061 -16.278502 -1.822789 -4.539728 -10.029787 -8.131117 0.030640 18.607833 -3.642841 17.633403 13.363876 -1.756313 6.328732 13.148531 -10.318956 -10.418513 -10.851771 20.613924 6.431972 6.679495 -23.350695 16.866958 -7.619032 -9.313288 -11.176283 -7.681393 -30.301589 -4.874946 4.427486 10.384394 14.109003 4.291759 -19.139715 -3.711865 13.679873 14.421980 1.244492 15.434196 0.245657 5.698139 -18.777123 3.546702 6.561113 17.819581 36.702384 -0.122091 2.458352 13.265712 
-8.721980 8.175659 15.354164 19.983979 -11.593631 5.486274 12.228073 -28.698781 11.872498 -11.618581 25.488337 7.964620 3.733670 1.684339 -10.291980 9.934692 15.842110 -18.616314 -15.686293 -16.864339 -11.613786 5.050988 -7.204777 19.656005 6.429382 10.702869 32.338417 -13.220583 -1.369686 10.203177 4.037547 13.193278 1.987318 3.743199 9.900277 1.336087 6.484087 21.016561 -10.180006 3.634454 -16.543319 15.112585 -6.708138 -8.049881 -14.669028 -21.677007 -18.767515 6.869569 -24.367501 -19.072300 41.157058 -1.777507 20.953141 -6.916981 -10.540698 -0.014900 -17.140032 -3.718985 14.510098 -19.339676 3.925350 -9.205721 -11.185993 -11.577921 2.874268 6.174126 -37.393733 16.071703 -10.631481 9.551368 37.245106 33.693025 -3.333346 5.633487 -5.399964 -7.603896 3.628021 27.787711 7.843596 -5.917880 38.758710 -12.555216 8.015802 -19.803983 24.049129 2.919120 8.407880 -6.611328 37.067657 -3.371276 25.080697 -2.449757 -4.046233 -9.837604 7.241972 -6.182571 -19.708741 1.332998 -3.261166 3.354124 -11.457162 -11.594331 19.004169 -9.871576 2.519201 -4.028785 18.053127 -10.326904 -16.513431 -6.769294 -17.322233 -8.336263 10.265717 -4.642671 -33.697883 -15.906154 16.889428 -2.397978 2.655342 -2.692289 11.435603 21.291401 -1.479246 14.705012 -4.078678 6.409466 -2.735450 1.738033 -2.102832 -13.340538 -29.905433 -3.756448 -14.903104 2.381768 5.944200 -6.620308 -5.147476 21.086041 -6.218300 13.732613 -27.159391 19.355830 9.704711 -10.733533 7.726769 1.984486 10.816938 18.098112 18.638477 -6.391809 -5.464389 -31.139775 8.387153 0.094338 2.694224 3.027297 5.085953 7.434027 -8.001460 21.088529 6.097830 16.808530 -10.963955 11.172440 -1.426075 -7.684281 -8.250300 -6.764643 31.508888 -3.664053 1.411148 14.045907 -22.099685 8.149427 11.775088 -6.992829 -3.347199 -19.962392 -7.860838 0.670925 22.148478 -22.593157 -11.233241 0.981393 -16.271830 10.300987 -12.284197 16.767761 7.325492 11.428507 -13.310156 -10.406796 -21.425101 -3.688609 3.517201 -9.283969 13.321365 -3.500556 11.165388 -5.489903 
1.970660 -3.469548 8.470726 5.606632 13.523734 -16.941548 -9.911672 20.969638 10.569677 19.266536 -7.786307 -0.073765 2.032029 6.166298 15.753631 7.084602 -9.262050 15.767936 -13.394783 8.062371 -2.594076 6.368191 -29.641184 -5.090649 14.144965 5.814873 -3.334727 9.078945 11.360018 8.067888 25.980936 -2.131549 -6.044740 0.335475 3.053175 -35.018029 -22.725642 -9.597823 5.268424 -25.216890 -8.044132 -11.711537 -16.269802 -2.621845 9.356793 24.035293 -1.603600 -11.789491 -4.899141 -21.656144 24.728199 -6.527073 -0.304030 -4.548705 3.931764 2.378471 15.363092 -16.087649 -5.227870 -6.379679 5.795366 16.987484 -30.588234 12.491084 10.537009 12.779789 -16.796795 20.422058 12.440140 3.673052 -15.249574 9.985661 -2.365153 -24.674944 0.488644 -3.568302 -29.710857 -4.143348 -5.478440 17.407257 -4.082432 7.803243 -18.660449 20.146196 18.416090 -8.939247 22.617907 -6.219072 -7.454412 -5.387160 -29.440330 -17.791473 -11.829048 -9.548009 -17.167165 10.852644 2.463693 -1.226327 9.888763 -3.599563 5.964052 -1.333620 -2.453768 16.216011 -3.842153 -10.097541 28.344115 23.023167 20.094841 -0.111071 -20.840339 6.985704 3.393989 -22.254615 -12.397748 12.611279 -22.541919 -11.415238 14.609855 6.093436 30.429029 21.850861 26.484332 -11.506278 -3.561259 -3.765331 -2.640657 8.595768 13.385449 10.350929 3.833110 8.589000 -18.284361 13.613158 7.027756 14.211836 21.484152 20.781035 6.772973 5.251748 19.755823 26.859147 5.956259 0.529518 -5.364879 1.682567 7.101904 11.551132 5.760058 6.369900 13.515606 2.891147 -5.825370 -4.560556 5.814314 -9.882590 26.965140 5.894653 3.565787 4.365979 -0.382889 37.594405 3.718468 -15.867220 10.486662 9.920856 7.422051 -0.331544 15.691929 -3.674321 -8.439540 -9.808093 -17.283975 -12.757233 -10.972150 11.582919 9.201440 -0.004986 -10.489070 6.429395 -10.588121 -6.856431 -5.835425 2.136290 -19.945002 6.088156 -7.193337 -11.156480 1.488599 3.130919 24.255319 -2.862824 -14.986137 -22.448747 2.975173 18.968137 -20.856736 19.527397 -15.238096 -6.621029 
25.420439 -18.480134 -5.313739 -21.980290 1.221773 -11.749301 -48.883917 -18.012678 -5.576302 8.347786 -27.496157 -8.129362 23.762233 10.433796 16.721127 19.034514 11.277877 6.858256 3.839656 2.585517 -8.254831 2.733860 -10.311891 2.250357 -1.295296 -1.613965 -1.854643 -15.846762 35.627137 17.061293 8.234020 8.041728 19.043987 -14.426136 4.826429 -23.250490 -6.894191 19.329302 10.165973 0.340741 5.730440 -12.101514 7.537060 -17.332949 -1.350715 -14.302166 -5.646547 19.998913 -5.878399 -24.909557 38.132844 0.076044 -19.864201 -0.851106 -21.489761 -12.922186 -13.078308 7.462552 -13.323894 3.975681 14.713942 -4.938163 -12.549581 12.197324 -25.726644 -13.068600 19.304195 -23.444851 5.827617 -0.049030 31.365749 -11.998576 2.691753 -22.017794 -3.056318 0.529983 -4.594628 4.704278 16.151690 -7.028716 10.546781 19.293586 6.678808 25.951457 19.806238 -24.335746 16.974756 29.533593 -15.491689 27.280269 5.023431 38.408374 -16.935864 -17.775273 14.448055 5.521325 -15.260573 -20.285207 -0.226150 8.110881 -17.487431 18.053049 31.615753 4.463401 11.922244 -9.670667 17.338747 -24.647447 19.555306 -2.778372 -13.976278 26.477459 -24.984187 -0.436703 -21.506570 18.208354 -33.957878 8.911829 6.922881 -1.474088 24.997230 -13.567449 22.451283 -19.927370 47.609468 -1.501324 -24.751755 -14.498147 7.012017 -0.844137 -10.313997 -10.792867 1.394434 -15.599312 -22.417781 -8.453220 -10.409237 -14.171545 -3.481857 12.362894 -20.333903 -17.005580 2.504596 -6.766716 -18.739406 -1.051343 6.573820 -7.766336 14.283098 35.984719 -4.747256 19.691379 15.052060 15.381468 -20.137107 1.303966 9.268998 -7.166438 -17.659588 -6.384391 15.766350 -5.572256 -22.319076 1.396930 -5.415756 -15.442979 8.791242 -7.208814 2.419951 -10.434362 -16.341214 4.065241 -22.281964 1.282633 -10.255847 -32.750532 29.227900 17.127152 20.558721 -17.238904 3.982556 23.504986 -9.816248 -8.172861 -2.035747 -6.602188 20.319690 6.912925 13.917829 -11.767727 -22.323225 7.834309 -7.196189 -5.001817 -26.918707 -12.817614 0.367061 16.572378 9.184526 5.603565 
-15.697366 -10.712892 6.760014 -21.579696 -10.829518 12.505908 5.341547 -8.621138 -10.255986 33.898381 -17.877479 9.007863 4.137647 12.497808 2.791800 14.469367 6.731351 11.808574 16.199150 23.603768 -1.606467 -17.853375 11.812365 -29.259976 18.813455 -0.026110 3.478040 -0.990468 -4.751684 -6.656217 5.239857 21.011440 -13.312279 6.152717 -12.492052 -5.258225 -8.776749 -10.301256 2.529861 15.029252 -6.028024 -15.180592 2.353615 -1.280671 10.232863 22.475848 -7.096675 6.802907 -26.613400 -1.021609 -3.606390 23.665176 -10.635797 10.996052 -0.281529 -2.873773 -1.880390 -6.933656 17.158660 -19.787811 6.576503 -19.433357 0.230470 -20.550939 -2.890806 -6.760630 9.325710 1.798864 -9.704025 -5.432597 -19.027049 13.533819 5.959574 -0.319680 -19.930719 11.211825 8.514190 -1.473718 16.408645 14.558926 0.288809 -5.206842 10.067640 13.989189 4.778668 3.576472 16.429731 6.363652 -7.740125 18.586347 20.024608 -21.133667 -1.971817 -5.884129 -3.177124 12.339890 3.958656 6.621061 10.967826 4.958002 -0.379648 4.801574 -23.550603 -18.891582 -4.315594 -30.995845 27.739517 2.456002 13.600243 -2.059202 -1.743402 28.886648 2.184071 -10.763009 9.660383 5.844391 -5.340787 -10.160109 -22.140746 -18.751467 -8.765393 -31.251282 16.382082 2.398495 -0.155316 -3.776281 6.172578 -9.238947 9.016047 -12.789922 2.934587 3.319362 -15.053348 -17.621531 -10.873253 -12.474347 7.004046 -1.951160 1.973732 -15.713076 -12.948883 11.396114 -1.070133 6.998141 -13.295101 9.554649 2.585887 20.159455 0.170089 7.132199 -9.050399 -11.738439 -20.534710 11.610912 -9.428059 -3.490605 5.013980 -5.706812 1.686984 1.030403 -11.586443 17.912659 -12.355405 0.040308 30.073226 -5.259801 -29.188034 2.729875 12.165656 2.219261 13.641287 10.138944 -21.588395 2.940738 -18.164621 -15.544098 -3.316242 9.471694 -17.722802 -4.885348 -9.067225 2.172677 10.050774 17.535589 0.314168 12.324227 -0.950453 5.585540 18.800720 1.569078 -23.598175 4.471811 25.884239 -5.334740 7.275448 -6.050036 11.310197 -16.756273 -14.861907 -1.296800 
-5.892776 16.400052 19.329488 -0.870779 6.372013 -26.437474 1.144811 -5.981687 -2.303972 -10.593207 0.301716 4.205106 -36.446657 18.885557 -14.800112 -0.837665 -14.426083 12.602685 -1.568908 0.971220 -1.139288 -6.199446 -13.116076 6.510036 1.031376 8.002809 14.923753 6.639462 -6.183835 2.248395 3.580469 -0.293570 11.925788 24.852005 -2.557642 -12.593548 13.771826 7.362707 2.607230 27.998949 -2.088805 -23.868240 2.842562 -31.313644 -4.996924 0.207139 5.806161 -9.078774 17.975250 8.598838 -12.022772 -29.645187 -7.100996 1.137612 8.080299 17.843425 -6.579569 8.739039 -18.267079 8.958826 10.199780 23.291629 -8.639227 -11.199599 16.687365 4.556317 -7.515547 12.424117 -3.924905 13.842715 11.352274 -3.806899 2.164272 5.090420 1.822213 2.519571 -1.795476 13.927871 1.671577 3.389127 6.945423 -2.883250 12.203048 -12.999586 24.328823 10.646944 -4.915920 -1.613535 -10.468017 -11.159305 -13.587728 -10.953829 -5.746693 -10.067547 8.844472 32.230841 -20.494762 -10.027043 -11.651024 16.268174 5.216475 2.012108 -5.493844 -12.938533 -7.715608 23.281596 17.051405 5.970651 -6.780913 19.274521 17.649022 -8.261992 -8.110611 1.601766 -22.154408 3.388320 28.839513 -1.713152 20.273344 -7.154020 -20.733564 -11.025916 -3.413823 2.588727 9.144348 -5.748005 6.882667 -0.222532 -18.060165 -0.115268 -23.129105 -19.526434 8.764211 6.635404 12.535106 11.782495 2.923897 14.772216 14.197313 -21.914947 -8.318372 10.011326 -2.880190 19.854907 9.466550 4.952589 -19.739629 -22.651103 -6.694180 -30.537816 0.764462 0.600791 -16.541840 -2.085236 4.438499 -16.544758 -1.155048 -2.567980 4.678091 18.409044 10.321008 0.323434 -10.208413 -5.183610 1.899183 11.814648 -1.600041 -8.768888 8.966109 -22.435668 11.729924 -29.706409 -1.238145 31.069012 -7.807859 -11.411930 -4.705537 -13.207621 6.195663 26.006735 4.087475 -21.042907 -2.185301 19.540002 -15.136249 4.629920 -6.300657 -1.810425 -38.493282 -10.223473 -17.472358 -5.665410 22.095525 -5.999650 -0.330388 12.647585 11.175312 34.175559 16.973990 0.679143 
-9.735552 5.441220 18.500114 -6.233527 -14.017878 -18.693879 22.929369 -10.333221 -6.590551 10.729692 -12.487567 -19.380555 28.499276 17.212597 6.870937 -4.005314 13.035862 -39.515682 -16.853955 -6.984258 -9.663346 12.739388 -11.145158 0.503200 -1.417821 -11.374296 -8.339599 14.726624 -11.342375 8.536152 -21.351718 -8.140631 -4.937776 -7.538535 16.012817 19.954160 -17.107414 11.865414 -24.202787 -13.205010 -12.783141 19.500326 6.114966 -0.577479 -12.230065 -7.866952 -26.804714 2.665259 -1.051234 8.212056 0.128872 -8.055203 -9.585338 16.118605 -5.406587 -2.713932 2.131835 -9.190713 13.185672 11.328395 -17.483710 -9.751639 -15.171367 -5.645251 24.545369 -4.675364 17.326972 -6.505114 -16.166243 -5.139297 36.323819 8.129228 -3.351663 -27.163585 -17.099928 32.770052 -26.521633 2.922116 -4.343148 4.052477 13.299103 0.226647 4.177293 -4.707572 0.300485 17.935853 7.177708 14.612788 13.626395 -29.040596 4.327257 -11.794551 -7.211800 -21.243884 -13.244890 -5.094499 0.800481 -6.190946 8.238995 2.731904 12.965921 1.264448 5.254453 0.017922 5.689264 -23.305055 -6.722851 -11.163238 22.311344 10.131244 5.568262 7.208744 -22.908494 -31.199617 -19.395434 4.322229 27.415849 -1.845108 -2.684375 -8.234038 -9.184695 -8.604621 -13.902727 -0.408802 4.380762 12.455275 3.072118 -12.265797 -0.176236 -23.681576 -3.834442 -11.619333 1.699773 -25.593840 -3.874063 -19.524939 25.885768 -16.162706 5.025590 25.753777 -3.040353 -27.054547 -12.171863 3.404894 5.648115 -20.789988 -8.745149 10.833822 16.114071 -14.417662 1.134491 4.728451 6.255675 6.556749 -2.232714 -17.209796 7.153887 23.207156 -17.033857 19.944051 7.713819 -4.506138 -15.687153 -6.825723 8.387984 -23.989953 -16.195040 -0.693405 0.788345 3.224637 4.024491 -18.914630 1.817899 -0.612662 -10.456842 -8.761400 -16.346046 -1.456799 -1.297331 4.482525 5.306664 4.775329 28.421695 -0.444623 21.013861 5.984506 9.720339 22.260111 -28.386829 6.735498 -7.124690 11.567758 -6.217276 35.694439 45.201678 -12.781997 0.636444 -20.713555 -19.129473 5.136582 
40.815680 11.814705 22.789236 -9.773925 -4.835852 30.226741 7.578333 -11.017560 14.122636 2.835960 -27.083270 -3.183515 -0.799253 -6.148144 -7.693005 -29.388810 1.508947 -18.670567 2.150125 8.240804 15.925754 -8.906575 -7.485268 4.911420 14.032181 -11.088726 6.548806 -16.880923 4.392741 34.483004 -7.126170 -12.675880 2.621811 -5.753508 2.138206 21.108194 18.106716 9.074383 4.851646 4.240648 25.992564 0.995095 -19.311915 -16.992690 -5.252593 -7.742806 -2.626716 9.441244 -10.923386 -11.225437 -16.302479 -9.879935 1.959502 19.323010 -6.218968 27.238515 -11.132498 -4.951517 -27.710241 6.297719 15.821319 -11.023732 9.954761 -1.969366 8.482097 -10.636529 17.105977 11.617112 13.317780 -7.946290 19.380653 -9.515922 3.555966 -3.697457 8.990536 24.653324 -19.685624 -16.134649 -8.561406 1.357111 -4.652244 -12.165254 -2.056736 0.346797 12.392089 -4.873783 -7.191324 -9.466454 -19.490274 -6.261304 -0.021425 1.874000 1.495100 21.680086 2.204896 -12.671161 -0.473205 -4.736509 11.590580 3.497001 6.912616 12.729679 1.395734 11.764600 2.706369 -6.302826 -15.882547 11.524841 5.378949 -6.556644 -24.938872 25.351938 -8.259043 -12.284205 15.475628 -23.122796 19.732344 14.238042 8.222686 -43.145259 -7.484044 32.208435 3.618079 11.093124 3.098945 -12.304934 16.029564 -6.020868 -7.730711 0.666933 -20.359991 -11.064276 38.784386 -13.614577 -21.896617 -0.480027 -6.967419 24.234359 27.301882 -0.189643 7.570549 -20.801600 9.246875 -7.261685 -18.129341 3.787379 10.954240 12.358608 -16.791057 -5.028104 5.880058 24.264884 9.484600 -0.129273 19.837529 -8.079235 -1.201944 16.698301 1.820849 8.002932 17.302060 -7.691175 2.623873 7.949905 0.919213 -10.895545 0.358695 11.332609 -9.972306 8.261360 -9.326738 1.132385 -4.309061 -16.139585 1.899955 19.319548 6.409597 20.615932 -13.103870 4.743588 -7.915323 5.936346 -15.619258 -3.943094 -19.450906 -5.434858 -12.859906 15.840599 11.635511 -18.196957 -23.109306 10.368820 -18.207116 -12.459534 33.923984 -0.319883 -8.649737 -2.559968 -17.601218 2.231735 
-9.951975 -9.235804 -19.030651 -4.667692 -3.000329 17.275164 -8.793901 -20.468709 -14.012142 -28.565685 -14.243957 1.504160 -10.299727 10.158260 0.037155 -10.095126 -21.407884 -3.876883 42.651634 0.627547 26.328429 14.440051 15.193826 7.980699 9.435369 0.687846 8.109824 33.154245 10.230736 -11.666210 21.660153 -15.604754 3.590625 8.924268 11.939254 13.217164 -12.505269 10.642947 20.630688 -9.267398 -7.369323 -2.201193 -6.384356 14.826267 4.592764 16.036336 21.192413 -13.661504 11.678672 26.446072 33.950009 -5.039818 -0.812088 -43.653084 23.052218 -33.970492 6.668740 -10.528414 -14.358921 -24.062388 4.380486 6.661907 20.040241 23.422276 10.429080 -0.474210 -10.705801 1.839603 18.973642 17.371159 -5.382148 15.551481 -4.435332 10.070255 -3.203363 -23.071018 3.161765 -11.932864 -12.318222 -2.139966 -17.002127 -10.036921 -23.121391 -12.655103 3.605343 -5.780279 4.600311 3.833508 6.970400 19.585057 -32.630847 -8.837119 -3.360416 -4.216533 5.146222 19.152116 5.323551 -29.724563 -0.460035 -10.933317 9.239544 -14.996763 -9.015663 -16.956103 0.283530 6.660528 -21.628615 -12.701342 -2.141132 -6.041013 10.156268 0.347969 5.083538 -20.080452 -2.935435 -2.510111 -17.165144 -11.205416 20.087344 9.940882 23.328343 -16.013195 21.593297 0.795833 -25.145542 -8.922016 -25.136888 10.549793 -2.631629 -10.612333 33.606846 -11.787235 4.389565 13.121890 18.236019 -9.148054 0.962071 5.523635 -0.063982 -1.889638 13.015690 11.705963 10.515004 -6.335559 -12.850046 6.684089 -19.618979 24.199802 10.986517 -7.175413 -23.624925 -5.937251 -10.091290 17.864698 -5.736992 14.244042 14.488765 8.402093 -1.579377 2.310386 -7.548618 -5.030124 -11.665300 -17.151149 -15.502167 12.456393 6.475508 3.992890 8.155698 9.757326 10.658123 -20.601020 13.013642 -6.590526 20.904260 9.769208 26.333783 0.718319 -10.657702 3.181273 5.821965 -3.339227 9.242998 -10.980130 -29.588000 1.647902 -11.127080 1.520093 -8.862802 2.096742 19.964556 -23.648746 0.192149 -14.551685 -1.634047 6.612641 -3.714945 1.964050 6.679826 -7.163998 
16.103085 21.301649 10.900020 3.577169 5.341456 7.319549 20.881872 12.424802 -23.907042 -7.819147 4.870924 8.711050 -17.296418 12.400106 3.513076 -15.340508 6.910084 14.587589 -4.473849 -9.715205 -14.797289 -7.572632 16.856161 -34.976075 -25.410321 -8.492137 -19.602916 10.548715 5.328297 7.413588 -13.825162 0.278233 -5.424003 6.855420 13.655135 -9.620734 -2.144288 13.515318 17.424303 12.373380 7.363666 1.039784 0.434099 20.946489 1.085159 -4.089264 16.189714 -10.321588 10.697003 31.188233 -44.362353 -13.463567 -6.370690 20.355177 13.166712 -16.563542 -9.856101 11.373905 18.737258 8.301595 -2.778750 0.394733 -10.322675 14.995893 -2.574538 -4.610063 0.319587 6.338015 -7.750653 -18.425137 5.411726 -26.068526 16.252850 -14.344822 -13.879009 9.459816 22.177106 19.624108 12.292367 0.255241 -5.596660 5.171357 6.222433 -18.101913 -8.678259 11.944372 1.182107 24.005720 -1.999386 -0.578001 -9.365830 1.068270 -0.929869 3.436514 0.738318 -4.558655 5.552797 -4.697514 10.233606 -5.661035 29.843075 14.392259 -1.143004 13.293963 -6.651967 -25.344739 13.369306 7.923283 2.296891 23.485384 13.732131 16.869117 10.207267 -14.199251 6.906333 -18.324436 -9.621854 11.532908 27.410557 -13.787388 -9.559178 1.395100 26.403177 -2.992336 2.934747 -3.519338 14.813903 3.314432 13.300306 8.320433 9.493551 -21.083227 5.235763 17.423934 0.247937 23.261624 15.398858 -11.143016 -0.586388 -12.151033 1.957072 -13.726723 -5.417185 -18.642658 5.101166 -15.026051 -30.340283 13.107424 18.774881 -8.917844 11.095086 10.466947 7.582920 0.843586 -0.513854 -8.630189 -11.791978 -11.989252 -10.591711 -9.342103 -33.617911 -27.390378 -10.072391 22.553458 -36.230320 23.081227 8.423142 -16.620165 15.210759 11.074230 -5.809211 -25.152967 6.462403 7.483145 -21.598763 -4.574231 -2.212016 10.544444 -37.308947 -19.882341 23.094404 13.208911 10.472246 1.958331 9.894488 -9.598431 1.599415 -3.307800 -20.203815 6.578636 -7.972351 -0.743152 -21.000380 9.329391 5.044022 1.157290 5.906458 -3.271615 -16.842190 -6.981501 
-38.027410 -12.943456 11.121643 2.845364 -5.865189 2.199939 31.019522 4.913622 4.206343 -3.855504 -5.686318 8.282196 9.469119 21.847621 -20.751280 -3.104477 -9.167039 -26.053336 8.719437 10.100310 -1.751333 -3.011884 8.124478 -12.185842 15.695497 4.970896 13.471722 -11.882638 9.523867 -2.936766 -4.750262 -6.628095 3.255062 -6.482523 2.535968 -3.981721 -18.637596 -2.109277 -13.716598 -6.892456 -10.054205 28.040979 -0.594061 -1.306064 -3.179739 5.230958 -0.981452 16.425321 35.653506 -1.684565 41.684542 -10.676483 11.147164 20.324053 1.143158 -6.477898 -13.516996 -20.947138 -4.859068 -0.742846 12.163579 16.937997 17.185636 3.212647 2.847327 -31.921181 20.880302 6.365979 7.013711 18.428615 2.776537 1.128430 15.105124 -4.004465 5.963368 20.563983 -24.759058 16.599432 -8.673404 -8.488228 -30.172080 13.037543 9.073284 2.603775 -17.527263 -10.592175 -33.704558 3.843368 1.756901 22.504656 2.329069 0.194243 16.894044 3.170078 5.438667 -7.001606 -18.072901 -18.227589 2.043671 13.892888 -26.661782 18.652621 -1.673325 36.343289 -3.277258 -7.278605 -0.214202 -7.444818 27.432988 13.882230 8.926225 11.769288 -27.586205 33.212393 -19.784341 -7.044397 -17.808921 -29.639209 -22.626178 3.020427 2.442681 -26.514939 1.403008 14.092085 3.890500 16.522722 3.699831 -7.139193 14.310805 8.939991 3.544102 -2.789517 1.643555 15.789436 5.995208 24.326097 -10.905013 -8.449636 10.263499 2.613293 -8.969432 13.339917 1.427831 21.983305 3.361552 -8.892960 -2.314454 1.332871 -3.232557 -10.975277 14.233498 14.023834 -16.537422 3.071207 10.511114 -15.485921 -1.869385 9.560849 19.353136 0.989907 -6.548886 31.767139 -16.987636 -20.605329 -6.247999 25.880326 26.113265 -1.226591 -5.640055 17.040710 -30.030902 -43.649935 -0.957634 1.716800 -17.799501 -16.434227 -6.994340 15.156107 19.264591 -6.492679 -2.056567 4.967634 19.258811 20.774487 -12.709967 7.997032 11.110565 8.744568 24.248251 -22.275830 -13.197783 12.780216 1.023410 7.305341 -9.202293 9.262723 -13.313838 2.620056 -0.486957 -16.490638 
-11.258151 -8.217785 24.920309 23.770942 5.085227 -15.363045 -5.414333 21.318629 -6.869419 -3.164883 1.958156 -4.056290 1.060974 -3.555479 -15.667865 -0.889436 -6.749992 -19.066664 -9.409535 -21.456955 11.486378 -1.708935 -1.703742 6.597744 -17.797035 -20.566175 -11.932172 -26.873196 -5.984160 24.462531 22.414863 1.321665 0.827595 14.985473 11.665332 -7.434358 -17.605669 8.076984 16.568465 3.303286 0.542647 -1.978591 -2.030950 42.000530 -18.321823 -6.771300 12.994137 -0.435165 27.174653 36.046293 -12.213189 -20.151524 -13.986973 -6.813977 2.679144 -14.623888 3.219242 6.553808 6.200167 -12.888184 17.750816 2.009141 -14.939937 -2.159409 5.972294 -10.136512 28.809866 5.746849 -2.747857 -6.065098 -4.319257 -21.878491 2.327631 9.677378 9.941609 10.039095 9.236298 9.051053 -0.455429 -7.758732 2.490232 -20.773613 -7.417208 -5.170558 2.813350 -2.556016 -18.693859 -24.369791 22.906113 -1.554398 -17.321744 0.277471 17.344780 3.850213 18.030433 -10.764998 -24.539970 -20.665636 -1.072779 10.654124 15.727675 -18.896187 -8.391023 33.788258 22.161326 9.445547 -17.872755 9.344655 14.229171 11.888826 -5.891862 -13.682169 1.295410 13.050968 -2.868519 -5.559261 -4.702694 -10.600099 12.167108 16.764980 -2.987122 -9.344649 13.329082 14.807626 8.501883 4.548320 0.958575 7.720035 8.806404 -1.175060 -14.491224 14.866466 9.486890 15.977451 -14.350716 23.080511 -6.051058 27.853697 -5.363880 -12.962812 -21.258526 4.953245 -13.623113 15.265758 -4.637524 -13.109276 4.655542 -19.290411 -10.157372 -6.113335 15.944269 3.910663 -12.512313 3.956172 28.269557 11.563832 1.741451 -14.659106 -2.597191 9.995681 -1.017148 -26.829512 -12.221982 -6.067389 0.671607 14.123124 23.901099 0.425260 6.955350 8.841852 -31.102171 1.455521 16.909040 2.416494 -13.920073 3.679554 -3.896336 -3.645940 11.198366 3.714728 1.195097 -2.948177 7.126170 -0.870227 -7.864111 -28.863509 -13.216592 12.095327 -11.098783 9.048710 14.143616 -0.498973 -0.182641 -0.101443 3.109417 -10.275702 13.112572 9.970237 -6.353157 -17.842405 
19.598477 -10.369951 1.126657 -0.323569 2.153273 -24.671272 -7.283434 -15.405679 -12.722320 -10.702692 -18.467768 13.767134 -7.541849 23.768304 35.501487 5.699184 15.490887 24.598891 -13.213812 -26.714993 -0.080379 7.314827 -3.894904 18.166364 -7.639021 -3.112381 3.935448 -8.561688 8.549990 -10.096751 4.323471 8.444735 -9.738180 5.230756 -7.001899 5.872809 -16.302730 -32.573190 13.477974 -7.096163 1.430976 43.535989 -10.317962 14.052278 -1.761662 4.170945 10.808469 30.961331 0.517892 30.380514 4.114217 3.240117 -19.021387 9.090332 -11.621427 -4.176233 -6.765898 15.364445 -17.113939 12.818018 25.105126 3.724515 -11.175900 24.509518 -24.632272 -7.761750 -29.634617 -1.586617 7.994423 -13.594230 -13.673158 12.601157 -25.688888 -23.873656 -9.538633 -7.251181 1.319168 -0.443291 18.797718 -7.430471 27.986434 33.175925 2.971969 17.052433 -3.997759 7.712274 5.556246 0.878168 19.738577 -3.650687 2.892228 0.614039 13.662586 -11.065292 12.335938 9.329704 -5.048086 -1.793011 25.174228 -13.188217 -2.877776 8.052412 3.206088 7.469035 -3.232507 -8.633334 -5.161334 -5.554867 3.695180 2.199224 -6.446788 15.635122 14.812106 25.980148 0.344859 -8.861259 -18.013905 -7.862631 8.855491 5.595499 -2.463249 2.422380 5.950140 5.334672 26.427312 2.154562 -5.845293 8.991975 -16.126040 3.111483 0.202191 25.054648 -21.149833 -12.257046 12.368302 -15.453936 -7.308139 17.085545 22.094496 -10.770876 9.942778 -1.396507 0.652315 10.137443 1.930424 9.553412 4.348333 0.471452 12.588407 24.320849 5.071274 12.103831 -1.615301 12.561267 0.969979 2.270905 -3.589383 -8.952773 -8.586108 13.723072 4.847440 7.676914 -4.181396 -9.248627 16.760553 -34.866840 16.145457 -5.898101 6.166382 -0.018813 -0.128494 0.236958 -14.857212 -13.279560 8.916348 2.971614 16.605621 -11.996134 2.217939 3.319789 15.255927 27.579406 -17.772346 -13.383484 7.095266 11.109756 10.695403 3.639000 11.878831 2.422374 16.594742 15.360565 -2.109685 1.502933 -2.407139 2.569731 -22.970098 17.848012 21.971355 -6.421644 
-5.093028 -11.203523 -6.186300 28.634648 -1.659379 30.104362 -1.035474 -7.405571 -2.193473 2.751098 5.125315 -9.712717 -0.444303 -1.693616 18.535103 -12.332837 12.500633 14.417382 5.446099 -25.754913 -4.233454 1.751917 -5.328538 -5.181581 27.177853 7.989603 5.735820 25.713253 20.489884 5.667061 4.451870 -22.580881 -5.968794 7.168283 -10.926324 0.193564 10.826345 30.300568 -7.221421 -7.122428 -16.324907 -11.152766 2.628367 15.461811 -13.806499 3.903143 9.914386 -1.823850 2.044809 15.148017 -18.413579 4.933464 10.247737 -0.559486 -21.759930 4.831083 22.865114 10.147677 2.895216 22.683588 -12.579373 -28.049774 0.713776 -4.426233 -8.710779 -7.846485 -12.485930 -14.826466 -6.472026 10.202835 -49.918207 -37.622785 -20.889461 -13.850720 -10.795978 -14.692403 20.088892 2.337193 12.357969 16.274121 14.125316 -0.247475 15.213733 8.435437 -16.976026 0.774298 -25.072556 2.674301 8.065446 -29.981021 -39.802462 -8.671732 8.553508 -16.599799 9.065075 8.458493 -31.308201 -19.838364 8.532163 20.068644 23.107655 -1.637990 -2.911437 16.271941 -11.944513 20.587711 -32.092040 22.209325 -3.996375 1.044987 28.175823 7.047754 35.063219 2.992619 -0.279535 -20.634749 -2.322353 -15.125126 -4.566098 3.481206 3.154839 6.566681 -11.389107 -9.370967 18.388769 -2.118504 21.885147 -1.456361 -26.128270 -1.798338 13.391591 19.032639 6.380086 7.875195 -1.193304 -2.830597 26.126124 0.617094 -6.222513 -2.744496 11.812148 -4.942379 -14.422117 14.721295 -6.189053 7.653756 10.945847 -23.411551 3.655809 -11.105038 17.471922 2.640358 -9.964734 7.679850 30.275111 -19.349275 8.176513 -13.364734 12.469591 8.166231 -14.218349 5.773155 4.592018 28.598659 8.150723 -18.304087 -13.902607 3.980691 3.523373 4.564070 -16.687534 12.179725 13.079417 -10.347984 1.632460 -2.742823 -0.527428 -0.050872 -6.053634 0.091993 -16.962335 0.995937 -21.055371 25.920099 7.904387 2.079353 8.409316 -3.058966 -18.362831 -1.994126 -14.591906 -9.802792 5.121386 22.144431 -9.216195 10.918776 -5.785141 20.408744 16.373860 -8.801484 
22.856450 9.865448 -4.198608 3.356087 5.865973 -16.984333 20.832782 5.273275 16.323859 19.201685 -8.769019 0.782445 20.526538 15.624525 15.264867 14.106021 -7.864028 18.510946 -25.440580 -8.046732 -24.920027 8.175374 -18.138591 -7.858570 -1.105006 15.882395 -21.162146 -12.013866 23.555081 0.737813 -4.478018 7.415151 -17.050126 -1.519739 5.860920 13.475115 -1.026230 -13.750207 2.557807 6.677329 22.959636 13.320694 -0.620783 2.306857 21.938693 38.956491 11.870262 -3.517720 -10.976393 8.819818 -34.924125 7.937673 13.369320 9.059369 -2.993494 -2.650877 9.632624 14.972247 -5.635501 1.239708 20.465227 -12.483452 -6.581722 -14.112509 -9.162657 9.034181 -6.357212 5.679570 -9.673680 -0.617456 -2.865415 -2.517144 -18.981368 15.786391 8.703517 2.863856 -13.569466 3.738689 -28.701208 42.365639 7.073366 -9.322155 -17.263161 9.327422 5.381959 17.320544 -13.650219 -4.983399 30.435914 -24.708344 -5.042457 -28.878774 23.440449 -22.182739 -20.104560 7.367597 17.180639 8.331093 -5.681499 2.600603 0.065737 -19.493013 14.962311 12.642553 10.016431 0.149765 18.873231 -5.556672 -33.231283 11.874631 22.438247 -3.196573 10.516069 -5.898709 7.460374 -14.261750 22.139506 -4.751051 -5.041740 2.853358 6.922996 -17.771325 -19.067147 21.295568 -15.617959 1.134131 -2.223938 -9.830171 -11.369215 12.970775 -4.967339 12.399245 1.219814 -14.140799 20.237184 -13.546117 -3.261255 4.392573 -29.796417 1.928863 -17.911810 2.054222 -8.831886 13.694067 5.840654 1.846583 15.898880 -28.047199 -17.175389 -16.413996 -2.255050 18.661995 17.001528 -14.990055 -5.711508 14.686138 7.431791 -20.015950 -0.814593 -1.802294 23.782028 -2.084017 38.067185 -15.481072 18.836776 -7.105060 6.761705 -18.859929 -34.311938 -5.031655 -8.490906 -27.370916 -8.670006 -19.849894 6.502290 5.396957 4.701613 -15.911536 -13.958234 -16.644605 13.213027 -27.103595 0.903280 -4.001524 -7.353145 -11.848601 -1.951864 -11.057507 -23.601771 14.460462 0.279519 38.213313 -0.349788 -13.274543 -22.980017 -0.829244 20.938810 0.383289 8.365874 9.184136 
1.327903 15.007736 14.480774 9.258048 0.720156 12.952539 35.666451 18.001900 -2.959788 -3.547992 5.835651 -2.069079 9.131882 -4.416730 17.591989 9.344449 2.231572 14.089258 -7.932696 15.470115 1.375022 3.316557 -9.067387 -13.909256 -14.649733 10.746999 -4.344289 5.246784 -5.920631 14.644075 -17.906850 -1.505780 -2.479919 0.498040 6.045828 -9.299577 -8.607271 -13.278869 17.063607 -6.456715 4.429605 4.120243 9.564263 21.489277 4.602725 -22.572144 12.653319 1.175151 4.455470 -8.917353 -19.485980 -10.218507 -19.701605 -4.355845 3.122336 -9.021990 0.799441 -37.786165 -4.819296 21.695934 -2.719595 5.699661 -16.681579 24.300688 3.363501 -16.205873 -0.553445 10.191383 -15.221366 2.917991 0.035942 3.489717 -0.300170 -21.312380 -12.321237 10.227120 12.138128 -3.944432 -20.196614 35.884647 -3.003520 4.932245 -0.420627 -2.970776 14.197758 -12.875907 -12.655435 -11.044766 -3.790151 18.672476 6.046443 -15.174561 -2.792526 10.390794 -13.407245 -5.929028 0.418548 17.654058 -0.723990 7.105575 0.578303 -8.975228 4.885606 17.116593 -0.258566 -12.259487 22.740509 7.961621 -17.230491 0.826284 -0.123784 -6.124078 -0.292942 2.874282 -7.082113 -7.719345 -0.163177 -6.669862 -15.652930 -17.850493 5.356993 11.557410 -11.960433 -23.367504 15.367254 -36.578309 -7.431812 -20.610203 -0.494484 4.108769 -8.367207 4.022275 -7.702812 2.336811 2.740823 15.180712 3.645101 21.944166 3.948334 -0.544955 -24.822297 25.613936 -19.621533 3.479329 -24.655285 -9.060735 -4.782213 1.554762 -10.508691 0.495815 17.511800 -3.799843 3.752551 -11.401138 -10.753241 -17.291933 -13.042927 -12.772084 0.124045 -2.743082 20.641490 -5.294613 -14.130020 12.253575 -30.795305 -0.753234 15.583691 -5.417745 -5.517999 -20.822415 -5.200232 0.594095 -6.547996 5.484045 -6.253273 9.012561 -1.503221 18.485705 -4.864628 -15.007848 -9.791899 6.030278 -13.435832 -24.633192 5.104813 8.401115 -0.013462 5.577858 24.752334 16.995781 18.508678 13.251695 15.524235 -11.834281 23.478206 5.897288 6.625984 19.763014 -8.008875 13.547199 
-5.680695 -9.143667 -2.386194 -9.073076 2.796068 11.991063 9.068162 -3.934993 6.650485 9.079164 -15.851768 1.227971 -17.500020 12.816107 22.230357 -26.063743 8.543268 -5.031900 -3.195949 7.828665 20.707032 3.722527 14.372830 -3.792277 -19.862887 3.826490 10.698915 12.082225 23.478440 18.644712 -17.795749 1.962484 25.789106 -13.457003 23.015863 9.073378 2.773035 -11.002629 -10.359339 26.982910 17.108111 -4.987467 5.995582 -20.644010 -19.416124 4.227929 7.710596 10.066021 -7.610569 -18.285886 8.096189 20.856721 2.567475 14.815823 22.309574 6.560383 21.098892 13.549681 -7.064754 6.353097 14.305865 0.889376 17.122037 -15.177766 -10.642395 2.283116 12.331143 13.601184 6.740064 7.320500 2.177596 -13.838736 8.280579 -7.432764 -0.842661 5.333170 13.608737 10.777970 -12.671884 10.313826 8.759947 4.065309 33.475280 -10.188387 12.390188 16.337294 -14.819668 -0.723564 -15.521353 -8.253073 -7.655289 0.481869 -5.152367 -18.595392 11.127106 -8.608370 -5.664845 -11.657177 10.694281 9.616686 -2.873572 6.191766 -3.658960 -3.211541 -0.171089 12.605899 7.798700 -11.045521 12.149365 3.096058 24.074931 13.588706 10.060537 20.430555 8.468391 -24.463781 -2.103606 -6.637020 15.844798 0.687359 -30.185052 -1.687103 -7.395171 5.048400 7.020129 -16.745811 -0.051469 -7.966989 5.729471 1.469821 -8.087551 -31.718754 9.238403 -7.202368 8.886953 22.953682 -29.184233 18.345345 -4.101428 8.797431 -2.610008 -6.923877 34.946685 21.680206 -8.620447 -7.925318 0.784326 -13.065238 -6.256389 4.456898 -18.090142 -6.438468 12.834497 0.449045 8.378502 -18.899969 -8.209129 -16.850786 -3.505812 -8.525302 27.207605 -2.233774 -4.074343 20.668420 -5.936580 3.055369 -31.216184 -5.179768 -14.466429 9.259937 7.748718 -6.442785 3.292007 3.260083 -3.413353 -5.998455 -11.556586 29.391815 -4.923827 12.051147 -11.422078 -12.546068 -16.979400 -6.949819 2.237444 4.646496 7.610408 -1.258913 29.440078 -19.737113 -16.193835 -19.782087 -1.561020 -24.404639 24.622984 7.105061 -9.416237 10.775446 -2.570464 -19.086585 
2.833076 2.485559 5.259048 -15.151159 23.806886 -15.677396 -0.559690 -21.026857 3.125499 14.364070 9.915500 -26.139218 -14.903748 5.485787 9.211626 -27.786398 -2.734225 1.139281 -14.758781 -10.456147 1.997580 20.768563 10.969523 -12.186888 1.707613 -18.039743 20.980591 5.571736 -17.977617 22.766142 4.691637 -5.987574 7.137509 -7.711414 -0.839706 9.183463 0.261673 -10.893954 -14.604003 -12.834784 0.497845 11.521038 -7.710240 -20.871590 17.218384 18.558826 0.028593 13.568174 -21.993423 6.846500 0.041764 22.258236 3.732131 -20.532619 5.711637 3.245679 18.889168 -24.366353 10.289596 -9.329199 -18.162531 -2.550442 11.936478 -12.674273 36.616554 -7.422550 -3.104091 -1.804183 -7.096790 -15.326523 2.524353 11.337892 19.931280 2.780730 29.246092 5.325077 -13.819534 -2.431885 7.222301 -21.913550 -2.246017 3.683838 -35.509681 -13.158108 -0.357464 2.699178 -16.394130 15.694205 0.890223 -16.098903 7.709365 3.878504 0.134035 4.621365 -0.463716 9.538011 10.446344 20.931766 -11.404950 -13.158608 15.340564 -15.600972 2.591283 -30.839613 10.436177 -14.023439 -30.228752 5.454004 -8.970873 14.648026 -22.473042 -0.633769 -27.075240 -11.019174 9.790897 -8.338861 10.195584 30.381278 -26.719679 10.099286 -15.383876 -6.605435 8.833468 -2.413432 8.274996 18.961733 6.689371 9.903132 25.465975 -44.435337 11.202552 11.675188 -6.036537 -4.790311 -10.201436 -23.733220 22.673269 6.121080 13.122517 -7.196223 18.908340 -22.492283 7.979301 -7.058543 11.690642 20.686204 -1.381457 44.063245 -5.614733 -12.991280 -3.648727 -9.033702 20.474168 -0.875230 -29.157862 9.422579 -19.664094 5.372140 -34.472915 37.712716 27.633813 12.505041 1.169105 9.408367 1.911848 6.657226 -25.413542 10.476778 17.308768 -0.097586 2.857075 -9.060321 6.350204 9.059197 -1.520612 23.718486 -0.591942 -18.891552 -4.593941 16.450627 -11.700088 -9.322829 10.102861 15.918082 -22.396336 13.069647 -17.354541 7.080291 -8.680694 -3.729262 37.151245 -40.044365 0.105004 -3.859188 15.463453 -25.699286 -20.509457 -35.673461 -9.039404 -4.883191 
-28.614592 -17.489615 -19.743116 11.138749 -19.518746 4.196788 7.075534 1.927530 -16.839827 17.167849 0.266054 -2.436267 8.359197 41.366820 28.015037 23.680184 24.943076 15.457214 8.182175 -8.722879 1.858939 3.637422 -5.582376 12.307592 3.578533 21.177444 7.882937 37.714705 -10.720534 -7.667549 41.588195 11.397087 -6.049954 13.595213 19.067461 9.525438 8.921837 -8.042238 0.766133 -17.096438 -1.770492 -16.186676 29.884632 -13.108932 0.377509 -11.968662 2.626292 -14.623306 6.511303 -2.241820 7.278941 -15.923741 4.914166 -4.019842 22.306957 -5.948713 -3.003366 -15.593220 -7.115310 -1.754856 -22.807447 -19.762375 22.594194 -12.293067 -2.280547 -24.144524 -2.328544 -23.870261 -4.001918 3.480783 -22.061791 0.623796 7.200643 -16.733845 -25.726954 -12.091409 -8.108377 -11.253020 -28.849890 11.593610 10.387570 11.425520 33.448551 16.851356 -9.757226 -8.960715 -5.649828 -26.852425 20.130675 -2.735771 -0.735719 -38.151302 -3.134962 -20.267792 13.837244 -1.824965 -8.206975 20.453810 12.077923 19.606208 -0.291282 -6.395011 -7.934513 -15.583810 -31.285985 18.949219 -0.576429 14.467835 -7.412006 9.240195 4.296853 9.387028 16.774297 9.259037 22.386805 -7.538080 15.894397 -27.645738 18.557078 -33.315399 -31.329785 -7.579762 -39.474129 7.468929 -27.394877 -1.374958 -0.833447 22.347349 6.709689 -30.857975 15.915613 -14.304922 -6.309517 12.840947 17.546790 -16.508825 0.390766 9.246089 -0.041585 14.238748 21.540014 22.463624 10.962784 -6.061699 30.974422 -19.645218 12.009991 1.616430 -5.526211 15.632602 7.476515 -40.971945 -6.001592 -20.751353 -8.835188 -14.662350 5.023086 -9.567240 -1.108803 10.459181 -0.821963 -9.402072 -27.485357 24.035317 20.480081 15.338559 -4.281428 3.356571 -9.073261 -12.416131 11.127944 21.829730 -9.209426 59.127074 7.501199 3.079924 -3.892848 9.391859 -8.029855 -8.700114 -36.653568 -20.638423 5.417738 4.620631 19.991404 -9.097349 15.014554 -8.091490 -1.890582 -10.043345 5.586436 -20.236711 -7.520338 13.323714 -16.422262 17.560026 14.462996 19.467575 -5.286685 -10.837849 
19.195118 13.867494 -2.371274 -0.131632 -32.292321 -5.474759 1.621356 -1.260953 12.218746 19.347263 -10.299918 11.141441 40.942583 -15.305909 30.423945 24.298575 -20.339102 18.452885 -0.573335 -17.800978 -38.958696 23.135912 -16.254120 -1.414734 2.253814 3.114758 -1.266776 -41.405326 -10.295526 -6.852163 13.901853 37.176503 15.238458 11.835407 -2.848359 -25.201755 2.232301 -12.860606 -6.705957 1.335604 -5.074320 -0.636899 -12.022678 -6.119518 26.654012 -31.482843 -10.046402 30.510346 -3.904023 -9.640361 2.278956 6.706135 15.902917 31.641011 -19.791868 -3.381140 -19.192568 6.675681 3.070559 -2.140147 -5.646662 -18.379495 -4.011047 21.050362 -2.687029 -8.342608 -9.402015 -7.024886 -11.800404 -6.927659 22.509179 1.680651 -21.137360 3.694781 -9.923658 14.728499 4.356056 -32.947186 11.262777 -6.994743 4.215861 1.470462 2.486566 8.302764 4.293061 -14.749157 -2.284525 -2.068718 5.588588 -0.768616 -18.247307 0.979115 -7.236494 -1.889465 3.144963 -1.751211 1.510112 -0.726587 15.171648 -0.360896 3.232060 -14.093678 22.597428 -6.730675 22.937401 -4.002436 -0.655625 6.467977 -39.508112 25.058207 -38.945163 22.171003 2.700898 3.818534 42.078709 15.995111 -2.197678 6.451590 16.669241 -28.299469 1.490052 -19.083819 19.723947 28.453318 3.374632 -6.841987 -21.154337 3.783963 8.511746 -4.735712 1.522913 6.852854 -29.548772 14.460491 -1.720097 -16.560150 7.808383 9.670349 13.747566 7.990562 16.023030 -0.101968 -3.388960 -25.861751 5.217204 -7.604487 16.765497 15.557755 8.183328 15.243661 8.709967 -35.658301 -8.553611 -16.697081 9.690996 -19.399919 0.081747 8.555541 -22.179043 9.856687 -7.683338 -0.431394 -8.683396 9.382267 -11.548991 -7.397901 18.208805 13.005605 16.938343 10.639680 -11.701794 -0.131854 -9.174034 -4.506531 8.066105 3.882838 22.503607 -11.789236 -7.029977 -7.446018 12.102189 -21.848843 9.877348 -3.995352 9.872132 -17.465443 15.089277 4.067174 15.064792 5.737645 -0.012837 0.290960 -28.516701 -12.492808 -16.496702 -2.015541 -8.701735 -23.768613 25.202892 -0.358969 
0.294609 5.080854 -32.460951 0.146912 -13.996690 21.370643 -28.696889 2.273045 16.066457 -1.888420 -10.620351 6.860069 3.450622 -11.298360 -25.101525 -14.443769 48.991196 10.597112 17.450857 7.030792 5.816032 -4.437796 -22.945144 -14.587038 44.561965 -1.221289 -24.641848 -5.996670 17.036892 -8.547525 2.874854 -10.127695 -12.983516 -12.260104 -13.995669 4.614061 -17.654594 14.687669 20.709016 18.943924 17.536541 10.767041 9.837913 20.793472 -10.372574 7.921785 -22.548300 -15.839249 -25.030057 -4.779201 21.903305 -2.739899 13.616778 -6.912141 -6.700588 -12.417506 11.755341 1.076723 -2.247640 -11.277346 -16.716336 0.133568 -9.566126 21.504844 -10.055264 22.421991 -7.292551 -9.328510 8.409860 -30.957391 -4.517985 11.537079 -0.061473 -1.124294 8.407964 7.790877 -8.109778 -5.046179 -4.797950 2.663987 -2.810439 -3.767138 18.203714 -6.272116 13.176912 -24.144184 13.677644 10.585724 9.647353 3.353067 28.009937 -5.779048 -8.374331 5.390023 3.395161 -12.026184 -4.791388 -13.982322 -21.487887 29.935349 -11.006501 6.739082 -15.726416 -24.171670 18.651079 -9.151928 23.309219 19.845949 -18.750353 -3.920293 10.219906 12.035845 17.202326 14.526210 -9.658946 21.564203 -34.705192 5.889422 4.260001 -25.755529 3.676185 24.851657 4.219211 -4.573455 -5.376254 -10.568105 44.260094 -19.233136 7.342100 -14.060183 -25.125124 -15.622223 2.065375 14.038569 -25.675271 23.792001 -8.202152 -5.783639 0.508189 -9.554052 -9.423617 12.127426 16.171875 20.746052 -22.159282 4.552974 0.321803 -9.314194 -1.325771 15.796249 2.388581 25.719792 4.963499 -16.212901 13.649766 -11.509373 4.445916 -0.799780 28.099738 -11.094193 -12.150820 5.011497 -8.162476 6.852760 -19.782165 -1.906731 10.940325 -9.094676 8.804642 0.216915 12.376970 -5.103637 17.412020 -1.667989 7.529866 -10.147831 -13.409008 -0.668853 0.284824 -7.552988 -16.694369 -0.969405 -28.378372 0.344806 -8.506020 -18.886762 27.591309 19.498728 2.990103 -11.851375 -41.458266 8.673762 23.607379 1.312121 6.405897 2.654618 14.858330 -13.286656 -22.602253 -8.935729 
-2.462814 -15.937714 29.022633 -13.240748 -11.918687 -1.109162 -12.837996 4.214772 2.632269 -2.701829 14.415778 -4.777132 5.680919 7.491414 -16.827479 -2.949896 15.800502 -5.158280 21.829921 5.979989 5.738040 -2.189020 5.125863 23.727568 4.772432 4.064738 20.155544 -17.365745 10.663353 7.681106 9.357414 -7.577421 9.988967 17.635407 21.927145 11.505539 -17.296330 17.190553 4.716993 -24.397007 7.903307 13.093095 6.534417 1.330695 42.756440 -6.212157 -1.185747 6.896206 7.566802 -5.909533 26.461480 19.581310 -3.985499 -6.488959 -16.158242 3.346154 1.178546 15.243362 -10.212754 0.122434 -28.660269 -26.027982 20.645653 18.567642 25.796572 5.278971 7.931796 18.648931 -0.439964 -0.895390 -11.757863 -11.737574 17.584290 -20.657938 -30.464296 -2.854306 -18.706771 7.634495 -9.647807 -6.040104 -20.701446 5.436606 -8.657225 -15.864169 -9.626417 11.299878 -10.789969 -10.430181 9.156644 -7.097958 18.237932 1.926792 4.362570 -5.880497 0.424042 -6.502693 -4.988879 -24.765354 5.735239 -20.563001 -6.034043 -18.541922 30.511415 -26.968760 -4.869356 -18.186712 -31.124730 -19.928810 2.286589 3.422180 0.318705 8.146585 1.512695 4.809443 -12.955377 -47.216007 -23.924390 -11.234538 -7.449864 -1.182980 1.424950 6.487251 3.742017 -8.399152 -6.140651 13.707234 -12.183518 3.531709 12.265070 1.654677 25.145140 7.115296 12.636434 6.929251 22.361387 -27.256709 12.289833 1.059156 8.092950 1.675787 9.166633 -11.483125 4.585294 13.273332 -14.079590 22.535851 24.011740 3.116991 -14.009975 14.686894 5.309656 0.898099 12.216579 -1.149479 11.504173 -8.196406 -12.887346 1.595281 -16.089543 32.089877 -5.443201 -12.020715 15.045110 28.746050 -18.122821 -24.174573 -22.347391 6.992565 -31.699039 11.795979 0.239108 -19.906371 -2.408825 27.010945 -23.379730 35.013792 11.654948 31.555746 -7.205944 12.148119 -16.361734 4.925015 -9.450295 11.805016 -13.492114 -4.471518 5.808920 13.115918 2.227282 -15.274354 -6.284156 -0.473015 3.181191 31.954142 -6.525229 1.611151 1.140906 -13.875580 5.817615 -7.578441 
6.187173 9.718754 -5.290343 -11.939499 -0.699036 13.573407 -24.697048 0.212752 -21.406340 -4.580592 -10.445151 -12.716203 -10.277786 -8.651557 20.296676 1.325992 2.355654 13.980432 7.893971 3.486692 -9.983779 0.817112 27.464693 8.507393 -19.182307 10.517623 19.110607 2.736902 -15.301695 -5.868435 -8.148276 -22.393862 -0.730500 7.951656 -16.917517 -23.677440 -3.369827 -8.596068 11.519157 -11.213358 -8.553888 15.175856 -8.752959 -10.967712 2.411754 10.136109 10.600259 -9.707625 -16.193918 6.433021 12.938313 1.296574 9.471936 2.729536 6.357522 3.534976 -18.025325 8.341294 -4.064561 19.014362 -1.494450 2.489513 31.217494 -0.474968 -10.227313 9.350182 -1.897923 -20.497230 0.145844 -0.416558 2.297331 16.892678 16.811195 1.885113 -2.504379 5.333303 -6.491412 15.846223 -4.533684 -5.690389 -4.657508 0.895003 -8.981414 11.189524 -17.555085 -4.549092 -13.369373 6.499524 -45.053887 6.443699 -7.076667 10.543801 17.615909 -1.322374 -0.877194 -0.604344 -24.006527 -11.064253 12.451434 -10.593790 3.587808 -1.729460 7.168142 -6.704753 -3.490622 6.783800 5.863043 -7.477276 -24.011603 13.736602 10.132338 20.121196 4.366428 1.972188 -11.783905 -3.088409 -11.486475 -19.551702 26.760589 -12.737094 -28.769511 -30.844872 -0.056819 5.275207 -0.654512 -0.396674 0.655305 -10.827124 11.545462 -6.857411 16.583064 -12.187050 10.848264 -10.137460 -3.061741 -7.303089 12.951293 11.522871 -8.915365 1.492099 -0.148954 18.544570 -1.673672 3.559992 7.655948 9.829310 7.683642 -6.173442 -13.391210 -11.334295 6.189542 -2.124117 -15.611657 -14.699973 -2.168793 11.053985 3.205277 -12.944815 -3.543991 -23.524704 -24.157989 16.551312 -11.603479 -15.700852 -10.784187 19.388835 -19.551616 -0.410269 -11.574105 7.048719 5.351761 1.765016 -26.928724 9.105271 2.630354 16.271464 0.058729 2.010932 2.002267 -2.632546 -23.510794 3.728361 13.466551 12.850253 10.650566 8.406698 -4.091622 15.717511 -12.430241 -8.048395 23.230257 14.369919 -5.160758 6.801899 10.300335 -7.532542 -10.700505 2.476105 14.238610 7.727581 
10.222178 11.936766 -15.961811 -16.225258 -4.421744 -35.984488 -6.114351 6.953309 5.829831 1.169684 -8.079110 -2.304932 11.886163 16.352507 2.419002 -8.833670 7.647705 -0.887459 -27.275946 0.802655 -2.961905 -3.225920 8.892252 5.875348 12.392550 5.434153 -6.975337 -21.515587 -0.443101 -2.860007 -29.262333 39.437270 27.073475 -17.026545 -17.923543 31.772163 13.675090 -8.730805 -31.789466 18.087636 -0.801994 7.910351 -14.145851 -6.451408 -9.793650 -0.113020 5.653005 2.217061 3.700785 0.345876 -14.884719 -0.276406 0.405281 5.114767 -40.114377 10.663223 1.336368 14.925840 -9.515318 11.148169 21.060019 1.820561 -2.730548 29.455683 28.186840 -8.989099 3.914482 11.011177 -0.279053 3.497656 16.247047 5.245071 -0.329722 0.549552 37.261134 -14.585180 -5.076483 19.784551 12.955712 -10.453136 -2.006493 20.274374 -15.920929 -6.975162 -11.344625 17.645837 -12.745778 -16.547557 2.240397 -8.447672 19.677699 6.215343 9.966432 3.154911 -14.832803 2.856656 8.165399 6.902673 -21.501673 2.670459 -6.726009 8.693813 -4.152383 9.668485 -5.100769 -16.523796 -6.741491 2.089193 -16.919596 -10.863069 -10.166977 10.044098 -1.087890 -4.842589 -5.013746 1.082520 2.309965 -3.537570 5.350755 19.803887 2.407560 3.424457 13.869461 12.877837 16.993055 42.464157 -1.722598 20.635271 -31.833924 5.423480 -13.234205 15.473485 14.059434 4.610259 10.401241 0.339887 15.663163 -22.093502 8.862439 31.463114 7.184015 -24.274584 -20.763130 1.461117 6.523589 3.832653 -31.333166 3.638483 15.229210 -0.949752 -9.104382 -9.933977 8.168294 3.128695 -8.354815 -12.543946 -10.234947 -15.654708 -2.780381 11.384347 -5.596002 -8.294595 17.176657 5.245105 -7.882068 -14.331792 -4.183676 8.967161 -7.869692 4.550033 -19.938123 -19.095807 -0.523487 -11.160922 1.842223 -34.006103 -11.848825 12.137221 -10.893535 16.447874 1.977892 10.103920 17.969501 -5.909808 -26.301253 12.377320 10.379231 -6.983323 2.910392 1.820899 -5.721344 -6.271672 0.591396 1.643196 10.678075 -1.753503 3.008817 0.361611 -3.006428 -24.419440 
0.275242 -11.090928 -12.438469 -7.032279 -5.551048 16.344183 -10.172718 20.019757 -6.246310 3.512560 2.273579 -0.041320 -13.485446 16.235671 -22.051148 -12.712544 21.053816 18.097451 -15.411070 2.436424 7.516803 3.603691 15.816781 -11.293531 11.438492 -4.711871 14.490175 -2.158876 1.048566 12.234707 6.395840 14.781894 3.106085 21.621265 -10.028913 -4.576478 15.530419 6.511702 13.550029 10.751744 -20.640287 -3.756292 -2.292732 31.304161 -23.538794 -5.334696 -6.754912 11.011563 4.297883 -23.264933 3.005515 14.029917 7.117380 35.629225 -14.002159 0.883259 11.805146 11.328076 34.878166 -5.656609 1.346620 19.119413 2.536088 -9.595844 -23.514784 -13.685145 1.055805 -3.264958 20.401713 -3.804144 1.626468 -7.317528 6.401750 -12.928068 19.909117 0.127444 -2.541290 13.819901 0.020385 -12.025200 4.102279 -9.740461 23.993092 -23.214398 4.766066 -12.433186 10.918420 6.472433 19.818852 0.509880 7.243794 5.741262 5.762039 -14.947512 -9.965926 0.853121 -3.469819 -10.928235 -17.318976 -12.883910 -0.497966 3.447432 -4.550868 -17.703029 -4.421495 -21.454414 6.734837 4.003608 -14.973842 -6.388203 -12.754781 -1.831754 -0.698061 7.653098 -0.943247 4.624719 -8.984195 15.681659 -11.002504 -3.035543 1.415633 17.163758 24.135437 4.372257 18.184790 -28.890687 23.286062 18.958551 -12.956030 -5.975070 -26.910699 -4.953674 3.941117 0.588086 -38.704181 22.105049 6.521191 4.883089 11.769102 -10.961649 7.573465 -15.035206 26.985983 -44.837616 1.796766 -0.583123 -5.432526 -2.755885 -0.726775 12.898751 -15.735951 -0.769623 25.760225 -11.575242 10.916714 6.453895 -2.172475 -9.788475 -0.528428 -21.126606 31.778921 2.823741 -5.025452 1.565156 -19.465649 -0.540828 5.719678 -6.826880 4.740985 -32.342909 1.478795 0.751302 8.848166 -10.626969 5.440321 5.356904 -29.397087 3.289100 -28.888787 -27.169571 -12.359715 14.818749 13.373186 -11.017216 7.213738 -5.957099 -3.146419 35.028458 27.186173 3.206180 -10.825528 16.160749 3.477392 -9.224904 -11.175493 -10.671485 6.103479 -16.167111 -48.311874 14.412645 
-4.964693 -19.514241 6.616587 -0.347743 -2.952091 9.143214 -2.212384 -1.113795 3.487983 5.133326 -3.342034 21.459558 0.475704 7.640552 -11.469193 -3.018055 2.101271 -29.620413 -12.346399 -8.605649 -19.953597 -2.812063 -39.988626 -7.905139 8.271725 -14.404201 7.144185 9.566921 0.034155 28.950828 9.171335 12.026008 -16.242039 -0.051486 -14.350573 14.501301 20.523645 -13.389629 -14.413834 18.701725 3.653240 7.499289 12.062712 -3.790979 -14.286078 7.575171 -1.557772 22.779000 9.175261 -8.794336 5.873600 -10.122926 1.975832 3.961223 -26.457245 -21.105260 -2.318793 11.256092 6.938737 9.707681 -28.346650 2.712999 8.752002 -6.592780 28.030669 8.980182 2.205122 0.495455 -7.086063 0.592318 0.629281 4.374908 13.028300 14.310804 -3.605396 2.061036 15.805698 19.861030 -4.315713 17.808768 -14.754641 12.980514 11.104075 12.290562 5.594245 -20.041055 -20.387971 -4.214112 44.577673 -10.338205 18.887978 -12.484077 19.832045 -7.076651 11.993244 -13.070056 -16.538644 -1.113988 -8.482474 4.491872 8.882882 -11.797445 -13.331415 10.485629 35.413671 4.602491 5.377621 -9.711198 -7.325396 -13.910739 7.633771 16.447617 7.670598 19.425042 -6.812078 -2.093672 -1.870904 -2.597460 15.126560 -26.668969 3.196552 17.294863 19.843418 -6.885661 5.411412 32.941968 8.470052 27.369727 41.325253 -18.046968 -1.273346 -9.627935 -17.481116 17.344003 -3.442160 -10.711192 -7.040851 -2.371794 -25.741537 -2.654267 2.555291 -23.522883 -6.880539 21.222929 18.879347 -3.974415 13.642539 -11.900651 -2.647402 17.682045 2.707653 -0.220199 16.168282 -15.620347 3.580684 4.472582 -15.523067 6.012170 -4.858592 -11.032357 12.137358 12.459728 4.804222 -9.137630 3.385732 -13.228704 -24.909244 -10.875305 -10.194020 16.356208 -7.999890 3.628045 -2.677703 2.350216 -24.059412 -8.917598 -10.254171 -16.809515 18.417708 12.826828 -7.194023 13.501614 2.811239 -13.073075 12.376940 -7.610339 -1.749774 8.708155 -5.889000 3.697369 -34.935717 -17.510530 -15.275908 -10.689093 5.887331 10.087382 14.577065 -9.896153 5.155527 10.397686 
-19.363550 12.518653 22.691063 -4.883495 -6.687638 31.532552 22.630359 6.481200 -2.073134 -12.342775 -9.406755 4.564562 21.646020 -3.140426 5.900318 -2.470615 -3.513646 9.737296 -14.938189 15.326611 0.850806 6.223679 2.781327 9.986635 -5.292008 0.425526 11.158852 0.752017 -13.098775 -2.071231 5.356724 -9.402549 -1.102614 -7.352076 0.466921 3.240991 3.355874 -17.258230 1.410205 -8.884769 -7.893398 -16.833760 -10.364231 23.634997 -20.867549 1.248063 -4.974303 -12.746980 5.496219 -15.758938 -36.493694 -2.604385 -38.719106 18.905913 13.110979 2.717107 6.661731 5.806724 0.672372 19.981757 15.656771 2.079870 -23.242374 0.539121 -5.168469 23.522357 20.861382 9.442711 -6.646079 20.966047 25.525139 22.023080 12.339506 -19.129893 -24.248675 15.247168 -2.686693 3.986320 1.766700 -0.299515 -5.554298 14.759600 2.442174 -3.545639 6.621290 -15.049047 8.676732 14.592269 0.830774 12.143960 -0.787106 17.754468 16.408221 4.356593 17.220091 -4.830899 9.049606 -28.967012 7.547791 13.666344 17.081570 -11.246915 11.329874 -29.816570 -1.288585 -17.638297 14.841463 -5.870797 1.941637 2.975815 -16.441782 9.233367 -11.613758 28.721042 -1.791528 -0.145182 -5.483983 -19.102275 14.218804 -16.694864 15.358113 -16.225902 1.840813 -5.672824 16.011944 13.411438 3.122775 -5.130423 -2.507648 6.255672 13.335695 -20.755263 -19.316556 -4.827520 19.272680 2.572310 2.800040 15.024761 41.267305 -15.054468 14.170676 0.632686 26.212811 -7.176700 -17.804672 -1.685440 20.621206 -21.029522 22.404338 2.484596 16.793450 13.869767 13.958247 20.902776 -0.703184 -23.788484 -24.609840 0.338011 -12.858910 16.076410 -8.864741 -38.291751 -4.657252 -4.227967 5.842394 -12.112117 -6.285493 3.892639 1.648914 -6.313276 -21.735353 -12.582760 21.579730 11.385210 14.337986 -2.335641 0.799368 1.931492 -21.416175 -26.752593 5.158233 -12.944544 -12.430226 -11.036007 0.738840 -8.922657 -2.218320 21.339999 0.579311 -17.653897 0.619481 27.262542 4.712931 7.171600 15.819517 16.645766 -17.630245 21.778493 -6.139102 -2.871531 
8.828979 -5.184226 20.227629 -6.153275 -8.019764 2.089033 17.249958 -1.392683 -9.143805 1.198681 12.168343 -2.412434 23.156516 -5.648234 -22.340314 -0.070129 -15.361549 -26.027719 -10.345999 -12.590996 17.750304 5.402905 -0.729158 -20.086034 -11.763813 -15.920374 24.955588 -2.793415 20.558398 -5.955063 -23.836122 2.172310 14.291439 16.358843 6.998864 32.817707 -15.987230 -15.718985 -8.333331 -7.557269 12.787431 17.440088 -20.554071 15.274514 0.787321 -6.578583 -2.998901 10.980821 -1.551498 -0.798456 15.951580 -5.581210 8.083424 -19.151827 7.192797 0.334713 -1.033863 -17.391494 -12.036437 3.953661 -1.820034 -25.298012 2.812553 -3.732368 32.841004 -32.936696 10.260524 12.000127 -24.899720 5.862968 17.170015 -26.625501 -33.981394 -1.563704 -12.307435 8.052987 -19.115707 -10.196010 20.985338 -17.416171 41.427854 -8.449239 2.856422 4.313484 5.038171 -6.655546 17.591070 2.902535 17.751968 13.705184 21.846344 -20.832872 -16.353129 35.960345 -17.062914 -12.196808 6.896924 -11.606932 -6.652945 -4.818466 -6.054752 -18.538522 -15.608425 21.825268 -7.638669 -2.751081 3.095986 0.027774 -23.474233 22.004508 -19.016532 7.417900 -14.142009 -2.349560 4.180951 5.368215 -3.288713 2.351809 6.606642 -6.887597 15.420762 17.237689 0.928875 -0.883503 32.195472 -1.695164 -29.985609 18.796157 -9.692055 -11.499970 -5.893499 0.015815 -3.013981 -19.883890 -7.935937 -10.300441 19.828707 -15.247946 -34.859947 13.032500 11.148080 -12.225951 -1.425100 9.640158 -4.459628 -4.958176 -21.911127 19.446367 18.347422 5.798195 -8.564490 -2.020380 -1.717769 8.282514 -12.793265 12.681318 -20.757957 -16.974648 -10.050719 1.739764 -14.743821 -19.563636 -17.697098 13.216762 -31.958698 -2.343294 3.099093 12.174026 12.458009 24.655529 -13.877644 3.707014 16.263820 -7.499226 -4.669116 20.262554 5.976067 -6.567814 4.765537 5.752578 2.349387 -3.703736 0.092488 -15.060454 18.408361 0.040116 -15.551973 1.108379 2.481875 -17.814908 18.785328 18.279206 17.182726 -10.289728 11.577996 7.610903 -4.973562 -4.138894 -17.593389 -3.360563 
-3.784401 7.968688 27.905383 27.360408 -4.631683 5.875472 -3.559166 19.313134 0.358522 16.831880 -20.295640 -8.238530 19.396102 8.979933 21.497654 -13.280153 9.871666 -17.113267 -29.133152 -4.459279 24.594016 1.381048 6.067304 -37.293978 10.734570 12.008106 5.733136 10.773218 13.070088 -9.979348 4.426656 10.310475 23.266638 -21.120221 2.765055 31.194241 11.873726 3.950929 -5.849868 7.409773 12.814745 -14.931245 -4.408352 -25.017747 2.964842 8.281595 -15.331959 2.103092 13.113378 3.077300 -8.252922 36.967428 11.485735 19.482095 -1.020767 -3.023901 3.617121 -11.672803 -9.110882 1.885209 -14.065074 -6.693857 13.737404 14.733985 -10.278134 -4.468125 -9.376429 -8.002280 -17.112263 20.345591 -23.857891 -13.036379 4.638209 9.348104 -11.957234 5.156279 13.825854 -0.450920 21.188706 -6.949330 -6.024305 -8.706426 32.599266 -12.069769 -0.216781 3.711394 2.098338 5.473306 12.926009 1.800583 -8.709695 -3.890683 21.962303 -3.681895 -22.807002 -0.486949 -5.878999 -26.442499 15.515939 -1.265069 3.960579 5.602423 -34.487098 2.631426 1.321734 12.479883 9.874029 35.724872 -5.268754 -0.381679 -8.799805 16.802763 -9.219069 2.686465 4.045412 4.694471 27.449763 3.661985 17.624426 -0.741409 6.526449 -6.916835 12.435018 27.181155 -0.498812 -11.175672 -17.000537 -4.036446 -22.107529 -3.567829 -26.511185 -28.805948 8.609067 -17.031584 18.175619 -1.985219 -4.941645 -2.962945 8.990391 -6.798821 13.697683 12.171449 4.759794 3.161740 17.896933 2.059223 -14.349308 1.170733 -12.729031 -25.247595 15.442724 -0.734233 -27.666099 28.418569 1.812841 -8.469761 -17.750897 -32.522236 12.332777 1.947485 10.116437 -17.221255 4.524812 16.898200 -5.718977 26.323006 -19.753577 -5.350094 -20.410605 7.403753 -17.084500 9.035604 -18.472330 9.693065 -11.022637 -3.531326 13.093047 -9.520804 -5.185639 12.813450 -20.176098 -16.957460 -21.460086 19.243781 9.780802 -7.939113 10.881434 6.940942 -15.139320 14.822210 3.004446 11.213325 -12.200260 -14.161829 1.815281 6.941769 -10.926320 1.371159 -14.502731 -7.008030 
-16.033707 18.856743 -0.871681 -4.232577 0.697849 -4.658014 26.849073 -10.016856 9.160502 5.896233 -14.005411 -23.644438 4.680705 -5.093233 -17.703852 -22.905734 -5.039468 -1.169085 2.387196 8.266985 5.848636 5.146909 -8.033814 28.839523 -10.685634 -5.166314 -0.990599 2.523566 5.159154 1.602014 -24.937833 -7.841083 11.610836 3.347511 3.881808 6.245409 1.401042 -5.829483 -18.051757 5.649642 -13.033143 12.288738 -11.590002 -5.651470 11.139699 -21.112383 -27.295737 -11.591901 -5.690515 12.664148 -28.241949 -4.367526 26.836725 -1.445973 2.705814 23.443290 9.690674 -27.709408 -9.258040 -7.970478 -20.761561 -9.314498 -2.471686 -1.635553 29.588730 -9.108997 43.801642 -2.839561 -13.597093 8.331073 4.768765 1.251773 6.316036 5.417018 1.714167 3.056773 -7.349015 2.244803 0.520428 8.165388 -1.517093 -12.190778 -9.069142 -7.377159 -5.272760 9.924229 -4.657530 13.300279 14.352280 -19.833811 19.575015 -15.893867 3.009861 -3.040634 -10.519692 -7.197340 32.141979 -7.558129 28.987302 -2.755146 3.209080 1.787718 12.667987 -16.222559 6.485911 6.556638 -17.763835 3.339449 -1.775064 -11.353125 -23.356561 9.907738 -6.362141 -12.858982 22.377459 -6.771500 18.786308 23.920418 6.759617 -16.264811 -21.100707 -8.352977 1.180638 27.658753 -34.261148 6.365013 -6.612962 0.601701 -24.337873 -1.800007 20.041477 -7.435785 -4.831709 3.121870 13.767301 -13.809845 14.373947 -21.235714 -6.162366 31.857645 5.906193 -15.618384 -6.434937 -8.162634 -3.360681 2.635037 0.036414 -2.413828 0.067838 -11.467204 7.931439 -23.063823 2.184570 1.590692 -6.104288 -12.654381 -11.111760 10.546601 8.352874 17.510995 -1.863195 -6.698818 -3.892220 35.173828 -25.837243 -13.919806 -15.932575 25.559962 -2.203204 9.235249 18.937421 11.018707 11.300982 2.092610 14.515255 22.234101 3.068073 19.721941 -33.279911 -14.273758 4.988587 -14.872936 9.781419 -13.460260 1.916773 15.226715 5.777466 5.863766 12.152166 -10.934651 -5.268951 -26.218758 -27.607703 24.014974 11.008126 -15.542279 22.944133 -1.921504 -1.588603 -14.898989 
-5.585873 8.053800 -17.893412 -28.484643 -3.627324 -3.071898 -4.234466 -7.525859 31.568594 11.139754 12.033737 22.750163 14.205945 -13.162133 12.041192 -9.044298 -12.331226 31.701128 2.243932 0.616948 4.876512 -13.297334 7.355573 15.538908 -22.035175 30.924707 9.636077 22.577302 10.779928 -29.802713 -14.947252 -13.023150 24.080678 2.209823 -21.306751 5.280649 -11.009185 -21.960360 -2.293275 -4.501963 3.230884 -18.948610 4.244738 -0.496489 16.727236 2.883673 -23.304056 18.780287 14.550961 -19.891817 0.165923 1.509190 6.683310 26.118881 -12.333577 -8.288999 12.810690 -3.941929 -28.834396 6.219666 28.170843 8.051999 26.081149 22.428050 -5.001458 16.904285 -3.118368 3.385741 -1.783514 20.647021 -8.956278 14.507563 -20.520159 6.244825 3.046223 -9.573463 -5.547102 -21.087610 31.732216 -1.999216 -4.395725 -22.704137 -10.087823 -1.697114 -12.818291 -2.372514 1.480768 9.121337 -11.574128 -0.165310 -1.188087 6.419410 17.968788 4.859397 -0.470081 9.728236 22.358946 -4.933622 -22.167422 -3.836535 13.690668 -1.649492 6.961007 1.364045 2.814917 10.957450 -7.901135 -2.627145 10.939293 -5.791440 5.277723 11.187120 -21.989467 6.491107 -3.433385 5.272964 -17.052866 -18.120639 -8.292944 -14.421274 21.540773 -14.097239 -11.738566 -17.591092 10.403843 5.007672 -16.888589 6.923937 -7.971826 28.570538 -4.076231 10.823903 -25.579178 10.908727 -5.861003 14.339852 18.158317 18.191215 0.237384 -5.346777 19.566751 6.704377 6.448176 9.962622 17.708379 8.789758 -1.746846 1.797701 -1.805475 10.299127 7.996497 -13.570972 -3.450783 -11.740950 11.026276 8.339440 0.231463 -18.524046 -23.616513 -10.331564 -9.887105 27.877579 33.367811 -0.493636 15.225260 7.033794 -13.419293 11.153377 -11.195485 6.836137 -11.860814 27.956899 -17.028806 1.501318 -3.009445 5.488451 -0.895452 25.288277 -1.806517 -5.826435 14.423178 -7.723807 -31.246679 -6.703012 -26.955716 21.620844 -6.812724 -14.852737 3.300407 13.816123 -5.470358 -3.841200 -10.539524 5.333303 -19.562647 -1.160747 -21.301112 0.663533 9.963379 6.231520 
0.828889 -25.823138 6.618982 -1.637945 22.158237 -1.774765 5.085397 -13.121837 7.169988 1.602730 10.626366 -9.807625 1.992473 -12.934862 -1.469185 -10.647098 4.725498 -1.978101 -7.060552 1.472970 -11.364752 -2.148917 -5.934849 2.609217 -24.976819 -9.620982 -4.174278 -5.821672 -3.592239 2.849661 -6.750441 15.247341 14.086369 8.812513 -6.961343 3.683992 9.417120 -11.924316 1.610206 3.674878 -0.996249 -11.374319 9.579401 3.017330 -15.550366 -1.825907 -5.052484 9.319426 9.664122 -1.885217 -3.757800 0.645622 6.205818 3.531536 20.082144 -8.557003 -2.948603 -4.478755 -14.300027 -24.340253 13.387589 -12.795434 1.124696 -23.106433 -6.099360 7.076862 -11.970430 10.756628 -10.893381 2.575676 -3.407933 -9.612950 1.645901 13.628142 17.076991 -29.813512 15.288467 -19.112635 27.401410 -16.790200 1.544173 -4.490576 -17.021458 -14.004549 -27.785247 -6.684212 -17.568891 8.083953 -4.853072 -10.400751 -3.398702 -18.454894 4.753476 13.418978 33.253325 15.405862 -2.647265 13.315654 -22.992667 -2.698759 4.513219 2.102876 2.106549 3.919788 -7.432336 14.154231 -30.861017 6.827054 -4.989283 3.980560 6.312938 -5.722415 -1.053810 -4.608722 5.053051 4.022242 -19.578049 -17.987964 10.096245 2.004468 -23.849155 -1.270015 0.333985 -15.206056 5.643229 11.152047 4.017109 -9.635885 -0.452846 -23.848307 6.331616 4.234290 -10.010186 2.797682 -25.716837 14.547448 -11.010053 1.446647 -13.761386 -10.987646 -2.127791 -16.978587 -14.305492 13.851039 18.313108 0.866267 3.212971 7.599893 29.517451 2.079812 -25.949666 -0.646769 7.479356 -2.216475 -0.528912 6.286457 -10.703203 -29.515259 -14.009846 -11.568725 -4.941524 -6.740673 -6.091212 -8.847623 22.543830 9.993891 -21.627065 16.881070 2.240445 -1.857284 -9.904547 18.545293 10.443228 -11.857270 -10.712423 -25.594315 -12.964045 -12.097737 -4.064025 1.931648 20.192123 -17.174731 0.425560 18.861310 0.082798 -22.931476 13.492564 32.133957 6.003522 -4.574755 -12.042188 -14.471399 -6.688439 7.758147 -1.621553 -16.487272 -19.938896 -12.926678 10.958698 -4.180099 
-13.265387 -0.518229 23.496456 -8.819705 4.908900 11.147686 3.689032 27.356278 17.274612 18.043029 -12.828336 1.866317 -3.081870 -7.416907 10.921403 -3.162964 -0.254024 -7.909486 17.793243 19.210620 1.286533 -2.917667 -1.998117 -13.016713 -2.058314 11.739512 -15.949054 4.100566 -11.574042 -2.392214 10.301680 -3.207905 -9.610145 11.206120 -13.561134 -13.793838 -4.913759 -2.497583 -11.511559 -3.128486 17.876169 -7.810531 2.948179 5.578420 -1.687792 -15.108339 4.476981 -3.106625 -2.698250 -13.078110 -22.854276 9.580198 -16.081352 -10.221661 14.575131 -1.868759 3.698389 3.516795 -3.206171 8.589086 15.612964 -12.210076 -18.404743 0.833192 -4.882836 11.381464 -0.061333 27.882463 2.562165 3.981942 -1.206715 4.751106 17.113106 2.499369 -18.480604 8.694192 14.507738 5.818841 25.441005 -14.897817 2.323044 -17.536927 0.165779 -13.772949 18.484774 7.902639 -2.479405 -13.830634 -5.494382 3.569292 -0.218256 8.627819 -1.928972 -1.187738 -16.264566 -0.525170 9.441761 17.570065 -23.552849 -9.018198 -4.455708 7.571080 -6.967321 -6.066181 21.451893 0.723485 22.365984 -6.199487 2.359532 11.731221 -26.284233 5.354030 16.659535 16.085706 11.063209 -10.879442 30.781813 6.650945 7.296096 -12.686929 14.632321 20.024817 7.550684 1.060821 1.130000 2.786761 -2.252360 -27.683799 -5.699128 20.637003 -7.626831 -10.032792 -14.219273 -5.775180 -4.836533 3.171746 -10.970996 25.211399 3.466689 -0.936876 11.853824 -24.322196 23.209979 10.749335 -15.934296 22.065900 6.234772 2.410034 4.899412 -25.158455 -18.700205 3.607762 9.891194 27.534739 2.839671 -9.457271 14.021704 -6.614046 20.567906 -2.266724 2.629985 -9.761008 12.633020 -2.576727 1.787782 2.672592 -6.516503 -24.987360 -7.574473 -7.533103 -2.371001 7.774580 7.381167 13.064627 9.340634 -1.361029 -2.945860 -19.904859 4.793650 13.420782 2.404330 1.164326 7.284200 -3.017723 -11.373743 3.969682 6.622583 -4.636689 -15.759449 13.188563 9.690139 -22.135259 1.314662 -8.476800 14.142645 3.091743 -16.442630 -11.416077 -7.464411 -12.053430 
5.385306 22.639991 -11.496853 -0.848607 -5.924766 -1.977191 -18.384031 0.756136 11.091539 -1.732442 -7.531498 -13.490589 8.539706 -20.434604 22.067953 -12.302331 2.017472 10.236597 -0.876317 2.546541 -6.095050 11.609402 -22.552250 -15.808909 23.306809 7.302284 -11.655328 -4.240497 -21.718420 30.046464 -25.320807 -31.440418 2.606720 -42.428962 3.086407 5.037569 26.677895 -2.549746 4.987789 21.061279 1.634821 -19.970723 1.468096 -14.506433 -12.121804 -14.379971 -25.204335 1.471814 -12.160518 -3.500921 7.195331 -11.431374 19.353831 -0.931071 -15.327285 12.313525 -19.224570 -0.014224 20.734017 -9.135176 -13.782754 5.457889 0.225660 18.488346 -6.813508 -5.625188 -4.572932 1.581804 -25.585514 7.852057 24.512013 20.483648 12.128998 -13.479667 -18.870931 -9.996936 -6.227632 -9.193703 -5.192651 -1.111493 6.409508 6.325653 -2.118241 -5.479443 3.849247 -13.070442 5.467424 -7.826528 -13.996461 -15.830614 -12.397512 -6.182358 12.285855 -12.441557 13.407066 2.805030 -12.790970 -2.141741 -37.971044 23.897812 7.557010 -4.582728 14.178831 -7.802786 11.127467 2.471213 6.869952 -0.892611 17.383898 3.273556 -14.831585 -13.179711 -3.781739 -34.022426 -0.574051 -30.816159 13.064488 -9.178547 -25.103959 -20.671482 17.363101 5.900558 -9.152017 -8.367655 -0.695457 6.600903 8.705998 11.851160 32.577780 -31.279050 3.487543 1.345635 -7.672421 -16.858414 -32.125362 6.539454 2.029781 -13.484043 11.823160 8.020505 16.775193 7.979850 24.107707 -3.172190 -12.539334 -19.405132 18.290447 27.425551 -19.166260 9.319985 -16.583890 1.187102 7.518232 -6.004383 8.438076 -7.120433 -4.109323 14.731545 -13.344919 16.376740 16.779247 4.207057 0.693058 12.646288 -16.529496 4.914140 -5.099561 7.368989 -11.438711 24.070734 -3.265375 -3.192773 7.822694 15.623589 30.394185 -0.223071 -30.646377 28.406267 13.571832 -3.974850 -2.105382 -1.730699 12.545295 -6.732632 4.048976 7.804695 -13.466807 21.125918 20.922470 4.358519 -18.386310 4.647966 15.892341 12.543977 7.781007 2.296758 15.081097 -24.787512 8.294972 -4.960057 
-18.000621 27.858376 -15.749593 16.557055 -29.405657 -19.597915 -24.808328 -3.061453 -1.445502 -9.385923 14.898466 -7.990954 13.383391 15.406437 3.000945 -8.252743 8.741716 21.179284 2.666210 1.135518 17.362701 6.482295 -18.596770 -2.585898 -7.905130 -5.256200 16.742835 -11.365795 24.029067 -6.497698 1.179779 -7.964204 -8.077830 -25.572387 2.951982 4.143670 13.685513 -3.640310 13.217008 6.347737 1.330510 -13.480970 2.627861 -5.120309 6.636524 -11.045574 -5.534837 2.622532 31.335592 -9.975456 -5.146466 -16.702741 -10.677791 -2.946646 -11.996605 -1.709808 -7.635422 10.153289 1.842895 -3.445672 -17.354321 4.277406 0.614504 -13.477496 29.868335 6.416842 -7.634961 -19.958211 -1.745113 15.276125 34.744177 0.408184 8.281531 8.452002 5.509806 -11.704610 5.962236 3.014323 -18.527442 7.311886 -23.015100 22.666239 20.278532 6.027745 3.029966 -17.376492 11.119294 -10.915373 -6.813875 -1.101372 -15.366741 3.387326 10.167501 0.440376 -16.452432 -19.365400 -22.244882 -26.521938 -3.888663 1.348182 -2.648989 -15.041334 0.829655 2.182793 11.935120 10.601654 12.712613 -8.281439 20.178080 12.177839 9.597985 -8.243732 -15.413679 13.682411 -2.768116 21.028412 1.732910 -20.111006 3.267085 12.544858 14.028844 -6.154956 -6.880940 -10.974369 -12.965766 32.077009 11.323007 8.354665 5.040767 -27.352144 -10.042532 -14.614073 2.818119 1.731316 7.659785 13.618741 -22.903238 -26.242320 -17.135112 -13.105078 18.177022 11.745516 3.632024 9.801565 3.121667 -25.911333 -8.666625 16.958431 -0.297636 -19.903265 23.528645 16.987640 -0.651785 11.580213 -2.509346 17.492265 -13.138826 -5.624061 -2.811676 0.968394 6.515900 7.747392 -9.085844 7.868807 10.453043 -12.350707 1.934941 6.130997 9.887746 5.823635 -15.867236 3.627581 -1.356512 11.261084 2.028995 11.252901 -21.131178 0.473875 13.677490 41.336716 1.711894 -15.770676 -8.287037 3.988290 -1.674382 11.358804 0.869936 -0.964367 11.873876 -5.670651 -16.238161 17.831876 -15.305870 29.880817 -34.949995 -2.424167 15.596309 7.447458 -11.087758 9.842925 
-3.776581 -10.486491 20.656051 -8.006550 -16.866177 -5.293229 -9.129983 -13.136802 -3.113319 -4.143879 1.388319 13.317007 23.763941 6.581331 -18.440451 -4.469918 -3.801383 10.317845 -1.128521 18.404746 -11.925464 0.336506 4.574840 -15.726287 -12.439303 -1.378508 -6.847251 24.558023 17.917291 -0.073608 1.209065 6.159528 28.781904 11.073639 13.684295 10.976418 4.963692 22.697736 3.559226 -27.841602 -26.595203 20.970051 -10.802238 16.028452 0.257016 13.153338 8.265372 -1.352327 15.487188 14.190259 22.297530 6.944155 -14.930477 1.960910 7.368978 14.986876 11.619737 -4.729271 -9.898150 12.442318 -12.791788 1.630185 22.068276 4.636655 -0.417129 -12.905446 -7.389675 -10.529075 0.854974 5.544414 13.853937 16.678866 -16.098515 4.541449 10.694174 7.727393 -20.918749 9.675724 -1.907292 -13.097444 10.547077 -8.664163 -1.966382 -5.320468 -12.852665 6.676703 3.873463 22.061362 1.362790 2.310924 -36.122999 0.647949 1.944541 -6.784264 -14.326514 21.319430 6.634676 -35.725890 0.641227 3.396164 10.795042 -4.313058 -1.431741 -2.727711 17.315551 -5.600197 5.977678 2.108227 4.383979 -7.776070 -5.740992 14.994099 -8.211577 6.161649 -10.531424 -7.545285 -29.880700 7.215460 0.605480 14.484547 7.902472 -30.966505 17.948106 11.006254 -11.010909 -22.218798 6.529496 13.779814 -24.129492 -13.016886 -1.663367 -0.531733 8.864096 -6.916292 10.112492 -13.271211 -4.307983 13.790686 -13.254107 -9.120313 7.197688 -9.776155 20.629534 -33.080510 4.645198 2.529221 -14.972656 18.998876 4.517213 -6.236345 2.238666 -6.791625 -1.433618 5.702745 21.080319 1.778291 19.243527 -4.735553 -13.640530 -17.919195 15.329665 -5.260900 -18.670747 24.133385 -1.211241 25.283373 14.388456 9.908560 9.199833 -8.212200 -21.300481 -27.045301 1.884296 1.298153 -10.423318 -9.568209 6.988050 -4.564651 1.120480 4.879957 -21.177793 -3.329909 33.637584 4.498094 -5.865365 -5.862621 14.443685 -0.375443 -0.401916 17.866758 -16.113440 -11.046290 0.579639 25.357289 1.180060 3.810330 -4.714306 10.393521 -3.668542 1.494790 
5.798168 3.424724 -17.072136 -12.880301 -15.718950 -17.473760 -0.832176 21.975201 -25.970424 15.103727 21.278668 -15.148913 -24.955077 7.697814 10.253986 6.067683 1.776726 13.490625 5.476770 -1.028422 -34.439067 3.353213 -14.140495 6.445586 7.587284 8.913564 18.525450 1.288179 -4.245162 10.966603 1.667655 10.299378 0.037853 -24.318870 -2.465549 1.862085 10.208186 15.286487 24.762480 4.863119 -15.632781 17.154132 9.441953 -10.481549 7.890093 16.341522 2.231311 0.732087 4.978046 17.893362 -2.206085 6.731484 -13.392127 3.960229 12.087408 -13.466984 8.593799 -1.851375 28.008470 2.681716 -17.238427 24.139330 1.907868 34.440355 -22.729765 0.435217 -10.885173 -4.945209 -0.460486 0.037600 -11.296414 10.857235 -8.773835 0.524344 -10.101608 -22.816813 8.049675 -13.388544 -29.255526 -13.168112 -4.113001 12.404325 -18.149524 9.679290 -22.649784 -4.839407 3.006053 8.492402 16.031313 -9.641261 -11.403745 12.108424 36.111380 5.515532 -7.192184 8.676098 25.333024 15.494723 -2.564858 7.190908 -13.885713 -11.931156 16.697363 5.774597 1.539193 -16.743039 14.536505 -2.158357 13.048025 7.522620 15.550765 -3.955142 11.677005 -29.819366 12.523742 18.798406 -2.418737 -12.566044 2.680665 32.040199 -8.286276 -21.927787 10.869164 -16.055610 -2.289146 4.580817 23.554369 -4.019396 28.458927 -9.224812 9.388894 41.376254 -0.248026 13.087205 -7.984701 -6.132703 8.677794 -13.302360 -18.342850 8.350516 3.044226 9.804764 -7.419805 -6.594862 -0.152999 -6.113547 -0.168331 -0.402480 -7.452083 1.342339 9.563991 -13.604581 12.319213 -3.218500 -16.032746 6.807126 1.423146 -2.517718 -23.423713 -6.963193 18.640920 -11.477698 7.618453 -25.890491 -12.995270 15.201265 -12.331612 -12.331515 1.344941 -1.394909 26.161343 9.782132 -6.244078 -14.166751 7.671798 22.988766 -22.493538 -8.170750 -1.605326 3.217970 -8.243948 32.612400 6.869632 -23.429834 36.513685 8.154196 21.876663 27.465498 1.777055 5.963043 9.357810 10.445631 -12.605847 17.597324 -4.576297 -8.217827 33.202657 1.940623 -4.735064 4.636334 
1.121926 4.309318 -22.820553 -13.277518 -11.373440 -4.922059 11.295052 -10.418243 -1.495641 -13.314854 -7.191232 8.460595 -12.621525 -2.469930 -9.348231 -1.466388 7.307256 -6.012307 -2.679863 25.380756 -4.077679 3.296676 13.835061 2.201253 4.172710 19.469882 1.524193 5.841089 2.219235 -4.707360 -19.866511 7.265298 8.456745 -16.422214 35.245428 -7.009472 12.624863 14.869927 7.623839 13.055198 -27.460492 2.631566 -2.928595 14.644257 -7.751961 0.918351 -2.105242 -6.136390 -1.928538 0.528103 -16.320893 -8.262272 -12.937327 -5.456660 -4.649647 1.712086 -13.192138 1.889491 15.580948 -3.171745 -40.121637 1.846260 31.015862 5.102402 -1.018795 15.114233 -3.340491 9.217208 13.795255 12.789464 -0.557071 0.333432 -8.479498 28.466231 -0.720523 3.804398 5.838259 -0.044167 -16.964243 10.619073 0.400301 11.115245 2.022173 -18.036980 -8.007957 15.904270 -4.482593 -7.904270 21.511356 10.244426 0.514385 3.062045 21.192274 -13.694262 8.572168 -9.374498 13.390373 -7.265733 -13.872020 13.978395 -0.796462 -1.515419 -15.483450 3.199542 -23.820259 12.122171 12.374434 -0.503196 -11.918115 -18.910147 16.356154 -2.121913 -7.534169 -6.576581 28.901874 -2.527725 3.701598 5.003994 0.524908 16.480328 -29.720471 15.408475 -10.778608 -0.435504 -14.454379 3.632928 21.728494 4.990007 -4.248662 15.171391 12.441732 -32.452867 26.024052 28.636705 -3.215141 11.568727 -2.163921 -18.936616 -13.265727 3.962147 -8.259346 -3.516727 -5.651481 -4.925696 -1.841640 2.704948 2.487400 -10.243616 -2.723641 27.474537 -4.298116 -9.505308 -2.177324 -12.991088 4.788809 18.211708 -11.388718 11.068297 4.064236 18.049179 9.544128 -16.760982 5.560080 12.221252 2.537301 19.931219 15.453930 -25.830549 -10.115965 3.538039 31.790506 -3.761097 9.715311 25.892070 2.635636 -0.155794 0.155213 -0.166180 -3.986285 -19.442475 3.992712 -3.238064 16.877838 -21.383700 -8.703085 -19.975886 12.929314 2.271306 -20.788975 22.170571 2.467390 -22.644057 -3.297514 19.898069 22.852642 11.012975 23.179934 -0.499132 -15.401719 11.760863 
-25.141740 -29.081704 0.933937 12.937689 -2.500097 -12.445987 3.832910 -19.677979 -7.180607 1.558607 26.572495 9.774817 -1.605270 11.488701 -39.931382 -18.287323 -7.724903 -3.996386 13.574565 6.371562 -16.549407 -35.171245 -23.886233 16.809294 6.939759 2.350294 -11.317965 12.823113 9.758983 8.628874 -9.486255 -19.024771 10.887690 -9.440499 -19.576067 -15.582818 -7.992705 -20.600616 -18.023383 -19.576021 -7.375271 8.922152 -16.862826 -26.792259 11.697073 -4.664270 -9.603794 10.653171 8.515670 1.496463 9.019862 -12.246863 -2.917578 -33.734341 -7.855626 7.003915 -8.013916 -3.395680 -1.511664 -11.642358 -0.098520 -3.957126 5.574710 5.925011 12.001965 15.318919 13.947997 2.847853 -6.341007 6.764965 -23.155350 -14.712800 -17.855551 11.776980 28.159458 -4.002273 -6.824779 12.894507 10.019982 1.937767 -5.505063 -5.327795 -35.881302 0.677396 -1.882565 -7.825883 -10.653232 3.008899 6.744326 -1.573808 -12.927722 -7.095635 -10.591558 -9.522341 -1.690913 5.311865 13.318598 -31.425148 -16.748880 17.369108 1.820258 14.616965 -10.903044 -16.412478 16.915145 25.835308 17.938984 3.005096 30.465083 -18.150742 -23.048501 5.178828 -9.845596 -7.284770 -5.633524 12.081571 1.941809 12.742928 -12.804886 20.941931 13.490244 -11.696526 2.366063 16.489011 -27.378937 -4.709329 24.088864 3.150437 1.413212 18.141944 18.419369 -4.757203 -21.239121 5.361940 -8.497018 5.459350 -27.889491 12.564667 -39.128178 -10.937792 -10.946703 5.671402 -2.068948 -13.836407 -2.139610 1.967509 -1.689332 17.784861 -1.801856 -1.505859 11.064576 -3.877292 -3.507380 5.347877 -5.650359 4.534453 14.633749 2.481313 -0.959226 -7.531843 9.778289 -2.280040 -2.193731 -8.575738 1.688385 10.290074 -7.032237 0.109807 4.703831 21.441970 -7.997828 28.745437 1.592357 6.264005 -10.333959 18.590446 1.743534 -17.109841 -5.751451 2.861681 23.019903 -0.353707 18.865432 19.902339 12.136564 5.252192 6.451092 3.338732 -6.853590 -11.196328 -2.916916 -43.113426 -7.400999 2.684761 -13.643157 2.225393 8.528428 -10.571781 13.956520 -5.605328 
-7.851590 8.596849 -4.437321 -16.372553 -15.172024 20.264642 4.467568 -1.017378 -16.551490 -4.857299 -19.228965 6.953054 -4.717160 8.138982 8.547467 -2.000325 -14.503113 -19.034926 -2.470760 -2.568998 11.815080 13.278873 -2.083157 -10.789578 -5.701605 17.847574 -42.633255 0.989717 -4.359872 -8.328732 5.924946 -1.390929 3.758803 11.374118 8.153927 11.738773 -15.657868 -21.933585 -3.200733 9.872026 1.839318 -9.467922 -8.215450 9.218803 -24.216731 4.779121 16.678830 0.590756 21.604361 2.673085 -35.437294 -18.298841 -14.077669 16.621358 -7.172831 8.995473 28.203082 6.397773 -27.986783 4.222719 9.001538 4.552836 12.506582 10.117687 -1.720644 -7.240706 9.332457 -20.097182 -11.056445 -6.938101 -4.434300 -28.180204 -16.023242 -4.273667 10.990448 6.593199 9.248451 1.584100 -11.015941 28.263207 7.123643 -12.494227 -13.563788 14.723003 21.242068 9.081017 14.884513 -32.879082 8.229057 1.182893 -1.928538 -0.037586 1.483150 18.572579 -11.851650 -7.007922 -12.055882 -17.294940 24.427968 21.508853 8.595072 8.768073 -8.109233 20.629839 16.042581 11.809184 -9.324963 7.805313 -1.704365 15.877341 -2.785020 -9.983111 17.628672 8.863080 -18.516774 16.261080 28.003008 2.250352 19.020372 7.839579 18.236930 -18.145922 -10.346543 19.458862 -4.212920 -36.444866 1.488519 -19.046082 -8.490122 10.556620 -28.602757 19.411877 8.379390 -0.578576 22.565405 -18.987232 7.360133 30.109123 3.470849 -25.281740 8.466873 -6.715233 19.037265 -21.480882 -7.669168 -5.746233 -9.167792 -11.777211 16.860906 -2.508034 2.690901 -2.701713 14.477619 -5.998609 -13.378875 -11.623037 19.642529 4.712691 9.507666 12.844266 -8.619176 -1.787232 9.474121 -35.825762 10.098783 -3.148931 8.297181 12.606972 -13.330335 8.936319 -1.282142 -11.767439 7.534590 -23.961424 -13.426329 1.157215 -14.732537 -12.984177 -24.610612 -4.547347 -25.782166 -6.831055 -5.694407 14.275346 15.773701 -4.184858 -32.587681 -23.330835 -7.770312 -0.500814 18.160159 14.203674 0.981635 -4.008522 4.636291 19.380136 16.531968 25.491684 10.485052 5.325592 
23.403379 -15.537381 -1.639008 7.577069 -24.403466 4.296635 -25.130676 19.199219 12.489793 -3.977419 19.015387 -23.745075 5.458475 -20.899592 22.482853 -17.323290 13.846217 1.111720 10.563982 0.162219 -10.625340 19.540744 -13.019121 -22.138596 11.070048 -24.989524 4.499546 26.942746 -13.585799 23.407985 20.452938 -10.526352 15.827336 -3.990259 -0.101367 11.585537 6.613797 25.781383 2.359468 -21.503088 7.418388 -3.075020 -6.443459 26.596758 10.357550 -6.027460 -2.334013 -3.326006 -8.408491 25.592704 -13.272208 -7.106829 29.271754 -3.929807 -14.256680 -4.424491 22.110834 0.165194 4.611696 2.805732 5.203513 -33.877279 -26.141660 -10.397771 23.679422 10.776295 37.201907 -3.760102 5.656971 -17.648293 -7.386928 -21.262055 -1.279949 6.671064 0.665912 -18.486419 -11.331547 -6.819936 -16.585710 7.046149 8.737169 -30.686405 0.177165 -5.572597 -8.310076 -5.553619 -16.193829 -31.702188 -6.645236 -18.918371 -28.589264 -25.705641 0.099154 -11.699718 -5.280843 -20.356008 21.514835 -17.613595 -11.274894 6.030196 27.617753 -21.256256 -2.111005 -11.794214 7.326039 2.773031 10.800734 27.335845 -3.383592 -9.062812 25.382405 2.869209 7.887939 6.410300 5.820051 7.992311 7.441785 4.369747 35.584740 -10.367145 13.783650 21.736671 9.523428 8.282525 -21.819955 24.443027 -6.872127 11.265568 12.959025 15.569056 -7.498674 6.765091 -5.945818 12.375467 -17.164655 -0.036772 -4.429811 -9.314339 -13.807999 15.552981 -21.650826 -0.787684 5.713426 -8.737386 6.350859 3.127118 -12.463289 -13.288642 12.706145 -4.618732 5.256985 -2.501056 14.170596 2.509860 14.702822 5.738887 3.416601 -6.797440 18.884072 -4.932933 12.378579 -16.788178 10.678859 8.966370 -5.018358 -2.802693 -23.774905 20.935581 -11.644504 -3.736727 -8.409422 27.528205 25.639530 -0.309061 8.206941 8.904960 -9.045382 -5.861000 10.074695 -13.058545 0.028385 -11.390809 -4.543279 4.308439 -4.077098 -3.309939 10.263617 -5.175809 5.486510 -5.411743 -9.543371 -24.020650 5.268486 19.732941 -5.732384 -15.993347 26.219411 -19.794610 9.255503 0.106292 
-5.559483 -5.398578 14.328656 14.075394 -20.342232 7.990219 -2.128591 21.321140 -31.618263 -25.090890 -4.754352 1.950848 -3.200009 8.369505 -0.436779 1.851163 -7.982867 -25.922567 -8.025573 7.398787 0.924052 10.372375 -22.596154 -21.869362 2.746952 -10.103623 -14.489906 1.788812 -23.097686 20.083892 12.407004 4.531864 -14.924456 -12.423235 0.229667 1.447601 3.446959 8.698434 37.887326 -10.381759 11.497879 7.811962 -3.434005 0.785517 9.040522 -7.603920 -1.753177 -0.382915 -5.180228 9.789483 -15.618981 -34.239586 -18.221454 -14.927457 -5.542405 -19.083804 -8.785941 -21.419817 0.242171 -9.253377 -11.539222 -17.327735 -2.781389 16.882488 13.265998 8.129421 20.022340 8.287674 -0.579210 -20.650766 -6.463476 -20.806180 32.217193 7.813711 8.227178 -10.250569 -4.945195 19.319134 8.398732 -9.694564 -7.758999 15.112927 -16.573906 -21.743244 0.829549 -4.175622 -16.529122 20.135518 9.285119 -4.504410 -28.885117 19.450660 -13.981012 -13.148496 -12.794456 18.533624 -6.806949 25.112831 -5.399579 23.108411 28.579011 9.546363 -3.632308 -15.125324 -22.746094 -0.292187 4.758745 -2.485303 33.770677 -1.952923 -12.857415 -6.336570 35.037490 22.615548 0.738307 19.347554 2.925660 -8.335183 -3.042240 9.406516 2.448815 1.070115 -28.771001 -1.602377 -6.359735 -3.350077 -5.589389 -21.585772 -11.052549 0.004881 -18.253237 -13.175860 -1.825373 -10.114869 -28.775644 -30.197193 -17.075731 -9.548183 -12.758192 8.581486 -27.466106 -2.882324 -18.712725 1.375517 -11.003187 18.604156 -21.288126 11.560154 -9.794322 -11.287511 4.692734 2.527193 14.007153 28.922441 -20.690221 -2.655297 5.762394 3.577564 10.183995 -7.247068 5.007475 -16.866050 -3.633248 -32.112519 15.182718 -25.495700 14.740622 8.831867 2.028795 -15.852602 13.299845 9.513833 -26.803193 21.645012 17.125101 -6.110149 -3.774258 -19.138849 18.547643 22.775654 21.973406 34.863557 12.735357 -6.326227 20.895282 -7.997244 4.975759 5.242070 15.369220 -13.764576 -8.858115 -14.534538 -22.444484 -26.257196 2.304147 0.578933 12.631708 -16.359484 7.771528 -12.258776 
1.628067 7.202617 17.992925 -13.871093 10.310119 3.814647 19.461597 -6.692168 11.376872 29.937867 -4.005104 -20.433655 -21.721473 17.255214 3.072260 5.308956 -6.512755 0.682128 -0.808254 -21.301894 0.008908 2.198684 -4.037516 12.584785 6.032183 10.658127 -0.512258 -14.877464 -21.128923 -3.191610 4.914512 -14.524530 0.456897 0.828328 -17.909162 -9.619431 23.055996 5.272889 -0.501468 -0.996947 4.278332 -9.045842 25.003876 -26.468175 -6.696036 4.454767 0.017954 7.486850 3.618895 6.490142 4.310103 -3.065318 -26.037372 13.112723 8.215521 3.569978 3.666357 -17.206783 3.275510 -5.087184 -4.930646 4.005999 -26.152370 23.838053 2.723956 11.402170 -27.180590 10.380241 -5.274567 8.807428 -23.854618 25.286420 9.632859 5.537865 -24.811713 1.136035 18.890780 19.919801 -5.185521 -8.486844 -5.491723 14.071155 -0.963631 -10.018717 -8.380505 -6.674656 -26.136214 -19.469119 -3.808822 -9.177261 22.718578 14.517058 17.597812 -9.959335 4.736469 10.026264 6.860718 34.714933 -17.639930 -7.987419 9.634705 2.007663 -9.043407 3.087614 -19.819615 1.386732 -1.595642 13.151648 -4.813723 1.741132 17.284317 -7.955910 19.453848 -39.642461 26.734951 -19.711722 1.110555 -31.350574 0.759762 10.219592 -12.056777 22.705679 -22.856459 -14.568463 22.769316 -18.083107 4.736158 -15.254525 2.151240 27.225712 33.854980 -0.506841 -7.892423 -10.785142 14.791045 15.316195 -10.641235 -13.191115 1.891945 4.982651 -3.378954 17.714403 -8.898184 10.371451 0.553892 -4.005611 0.608206 -4.833282 -2.428524 10.330380 2.830431 6.625711 -10.704411 -4.010463 -25.314029 6.910215 -19.345477 -2.652391 5.845592 21.407758 -12.473987 7.188110 -1.601080 -10.704584 -0.419064 -14.556698 -5.165994 -1.290412 10.454487 -11.501990 -1.876792 3.613702 -9.957720 -5.127751 -2.259305 -6.263675 -18.299516 -9.386933 -6.080352 -4.560864 -0.818175 -6.355533 -9.842330 28.631690 -9.661854 7.218304 -14.037101 -2.699536 -1.957251 6.156726 4.203344 6.931929 13.089558 25.324046 6.132205 9.089540 23.420094 -19.668967 31.778277 -17.261058 
-22.383704 13.888349 13.548038 -22.603754 6.506691 3.388740 7.174615 -21.603765 -13.717875 13.024600 -21.361295 5.770134 -6.074369 5.509743 1.766938 17.699386 -4.455469 3.636965 9.767021 -13.225601 -18.341214 -11.832498 -22.062245 -28.038830 5.418691 -1.005105 -1.259069 -22.447011 -5.926705 34.476889 4.419130 29.485485 20.583397 -20.061451 20.190289 1.659505 34.567779 -3.963894 -11.667437 26.199827 1.765928 -8.678199 2.483366 -2.164005 -2.460196 18.270464 21.540318 5.474572 23.878488 -14.949431 8.335117 26.561340 -21.556777 -2.967432 0.536703 5.705664 18.921742 1.891258 -2.557603 -9.556271 6.547157 -1.901364 12.476234 24.251407 0.333058 -21.276655 1.765652 9.653377 -11.120686 10.234176 -12.998622 3.202946 2.381549 1.276276 -17.290106 8.285952 6.387139 21.910852 -16.406758 -19.452910 11.655974 10.866750 -12.293409 -7.443969 8.141914 -2.285022 -14.177185 -5.510785 6.616419 6.940917 -2.341731 19.854141 -15.308543 -33.491610 -7.921110 2.121994 -4.148718 -1.742384 -15.507787 11.092782 -0.579920 3.218721 -14.914698 23.668693 17.311756 -8.842320 -7.940820 -33.502305 -4.784595 -17.373113 -9.369335 -8.380253 18.209019 -10.189555 -7.599968 -4.924901 -7.658101 2.485379 -19.003167 6.410570 28.128113 -2.678254 14.684365 -18.147127 34.673293 2.077289 13.207733 17.778741 4.230109 19.125819 -4.044673 19.878020 2.915302 -22.656507 11.658014 1.254644 -10.400492 0.104691 -1.918567 -12.369291 13.615754 3.423023 3.416844 -11.293418 -8.299867 -7.231389 7.131683 32.841496 -2.122456 12.361951 -32.448985 6.301578 18.539291 -8.445290 -5.050055 -9.633486 -19.604397 -16.221411 2.549978 16.758093 23.172058 1.591085 -0.118310 -0.759319 -20.709116 -0.329898 -7.516263 -22.006299 -29.524439 -23.982573 4.789914 -3.839143 -14.022300 2.022069 -13.601201 -10.611483 7.106418 -12.404684 19.417986 0.813077 -25.886362 22.786596 8.540477 -0.160600 1.870105 -2.925338 28.048787 8.744347 0.781940 2.698484 1.483727 0.597565 -3.078640 0.859449 0.581812 9.085540 10.993738 -2.497845 23.321663 -3.826078 
19.183700 9.607133 -14.380142 1.472041 -17.458269 -21.434327 -12.783433 2.332826 -2.982189 -30.324182 -7.186626 5.958534 -1.468652 23.772612 -17.352075 1.309883 -15.570644 7.577265 -3.268677 -15.426719 11.784666 -0.682235 46.646143 18.352040 -25.597790 3.824087 -1.372532 6.483449 6.265059 -8.590942 -30.325177 -12.901116 -11.347693 -32.002164 -1.828708 -10.364197 -5.456050 -1.623581 -5.625509 3.869180 -4.512023 5.304033 -18.115064 -36.578350 5.675867 -15.126532 -18.393142 5.749652 -2.083954 -10.705047 -16.185173 -3.572816 15.922307 24.244381 -7.640681 -10.117252 -0.742401 4.572412 -6.061762 -2.277640 10.643277 -9.533083 -3.944323 -10.882645 20.946167 12.661688 -37.274480 1.510062 -2.773288 -0.350390 12.824576 9.226752 -5.425428 15.004013 -0.893028 0.473073 10.972704 -7.672305 -9.513543 -17.838156 -5.294752 -9.988453 -8.968400 3.264873 18.632759 7.439536 -11.022328 2.698681 -18.040779 6.356107 7.394430 9.776011 11.969751 -1.321239 -18.595849 -8.160307 25.871453 -5.177907 -2.244388 -17.767524 -9.855294 -3.385776 -20.001059 22.629146 0.992341 10.886898 19.814341 -1.736754 -11.449175 -15.302377 1.926073 17.069426 -11.275932 9.656715 -8.599239 14.249903 3.060753 13.194282 29.179433 34.542924 -11.683105 11.304613 -16.466339 -3.002245 7.904308 9.610188 -11.223528 0.712513 -17.608004 18.790356 2.570221 -13.877194 -14.457590 13.533223 -1.683954 13.600005 10.337152 -21.190650 -41.010711 12.017728 -10.512236 17.560095 5.590555 17.948417 22.240833 -28.268070 -4.058959 -13.950818 12.930652 2.954024 -21.846287 -7.279831 4.895226 -4.632246 15.410153 34.823809 7.125990 12.299319 -9.103020 -8.308784 -36.371329 8.441974 9.201433 13.104267 -6.322470 -6.929574 -5.297085 7.125334 -4.507071 2.664226 18.745743 33.673929 -0.100368 -6.487862 9.041656 -7.824274 -3.985200 -25.247678 -6.018970 -12.108418 31.693447 8.181436 9.181174 -32.161758 -7.587298 6.360759 12.318334 2.645346 9.969787 26.448686 0.864891 10.821796 -35.124994 7.329132 6.278107 -28.927717 2.093798 12.466704 11.489310 -16.884441 
-18.054823 -4.004038 -6.918040 14.808035 7.933846 10.657350 -2.027265 -17.662540 5.424491 -7.887428 11.181131 14.985455 -1.890193 -9.299434 16.324622 2.265613 -1.169890 -4.001950 31.801087 -12.621652 -4.468986 -9.814162 21.656400 -3.979623 -5.772870 -7.968219 1.309752 -4.041525 26.874590 2.383935 7.094749 -5.577499 -13.187551 8.940304 -0.466415 -12.533520 -22.379083 17.721653 -0.718721 -12.350842 7.104131 -6.831934 -10.096887 -9.505673 6.983234 -13.766383 -5.462090 15.643262 1.140358 0.240815 6.506582 -19.520341 -12.212443 4.848424 -22.430026 -19.120817 18.523930 -8.443993 14.427941 -4.767197 -2.155797 5.124716 -3.791978 -2.861346 17.248137 -7.358484 14.133647 -7.816136 22.435069 -9.394905 -2.347464 2.595202 -10.172505 -5.791487 -2.835168 28.018504 6.123750 -19.188786 1.545969 -17.335205 -3.256574 -20.264427 1.610743 -2.820627 -10.337642 -9.482054 3.593417 2.658101 24.193608 -3.380144 -14.188409 29.983424 -23.287646 9.323150 28.303005 -9.582183 1.214525 -32.086433 23.220320 -13.739794 -6.548966 -0.326775 -8.259311 -8.303693 -10.260984 -1.966491 -31.879627 4.716547 -5.960579 2.407515 16.147326 17.343823 1.610646 -1.470856 -0.146169 11.094065 -34.440163 -17.837003 13.961337 -9.954839 -10.394528 -11.069290 -2.421834 -8.166621 1.580484 12.502768 -16.876506 2.380732 12.281222 12.426735 -5.641776 1.669831 -7.578005 9.621597 -23.956128 22.993545 7.021448 -9.548830 13.816910 -3.347716 -32.042601 -14.594552 -3.095729 14.738688 -9.662070 14.235312 26.397603 11.789669 -2.073957 -1.128091 -24.259098 -9.543090 14.533651 -11.487504 14.926216 3.849034 24.477157 8.813820 5.921746 -3.765412 -21.589989 -2.294697 13.566679 -21.007898 9.725826 -14.050005 -20.873688 3.204920 15.355985 -3.805116 6.626590 25.465989 19.999806 7.746296 -11.992736 -15.073545 -21.819780 -17.585864 3.811350 -15.185935 17.253692 15.063431 11.446711 15.190579 -7.411230 -13.525450 17.022570 -1.277527 6.329412 4.775210 1.733305 -23.124148 13.117746 2.427631 4.442349 -1.325522 6.066262 -13.313275 10.713678 5.110378 
15.254306 5.157417 5.416736 -18.376798 8.198623 3.323168 -20.992820 -21.039394 -8.637406 3.970548 1.509493 2.616240 -14.532943 -23.713342 0.621526 2.786400 0.716036 -4.755051 -5.682208 -9.075386 -20.052613 0.266661 -7.881543 -19.464602 5.786729 -2.323294 11.511814 14.676167 5.341853 1.438514 -7.762469 10.167030 -3.114498 -1.696768 -23.784110 13.217432 -4.952330 -16.801732 10.302600 4.798166 5.525153 -17.184159 -1.436578 24.041400 -23.061935 26.934619 14.331071 1.563604 0.228513 -6.798839 12.102862 7.177910 7.929526 -2.577903 14.562773 6.880171 -16.468603 7.096264 -18.420845 -8.379698 -1.368972 -3.895456 -13.345415 15.728145 -12.354825 -24.107568 14.688493 -10.237046 -19.196763 11.909301 1.894780 -3.571483 13.695407 -25.253600 10.127936 -10.976809 8.328334 6.986928 9.627381 -14.097661 5.330183 9.417926 0.606433 -10.888933 -39.248523 -5.214102 41.904017 17.366227 13.030595 -13.471586 10.873992 -5.869214 14.084858 -9.351872 22.859306 9.116194 -15.086617 -4.472971 6.316984 14.461070 0.994501 -1.623423 -7.495788 -26.890561 -4.666105 11.566710 12.803790 5.548754 4.029520 -37.491947 22.665960 -13.493930 -10.690417 6.700550 -27.599787 0.080185 -0.892190 -2.717786 3.446089 -4.224929 -1.637811 2.835288 8.433091 2.410779 13.777652 11.073175 -23.878832 -5.391513 18.208539 -30.203919 19.833611 -1.378343 6.466084 1.490768 -4.478150 8.006775 -4.550344 0.171065 -2.105937 5.928963 8.070745 4.941133 13.549651 4.996747 -3.590085 3.530805 -9.665030 2.106944 14.109824 3.795078 18.287150 4.615302 3.562384 29.647165 -10.040886 -6.582320 25.654629 -4.968655 9.839546 -4.072964 4.162361 -6.301284 -11.582453 -36.077046 8.735792 19.661952 -6.814896 5.839355 8.576886 -7.515065 -1.573389 -11.139351 6.318154 17.022954 -3.505309 -12.484295 25.654162 4.615563 12.780486 27.466202 9.046620 19.465925 -5.770267 15.207019 21.971191 -15.505940 -9.023837 -13.703827 5.946488 -15.356984 -1.130205 0.336929 18.628068 -16.684502 18.159178 -4.169010 4.681728 18.436302 14.079449 8.174504 
-4.147856 6.656779 6.211521 16.832505 33.638515 41.915145 14.241270 5.393409 -9.826774 -0.958527 -2.252968 -2.585287 12.674335 2.935186 -9.830313 -4.909290 8.166294 -12.678877 5.080756 3.654238 18.429745 -14.676891 -0.557466 -5.383088 19.116019 -5.853559 -7.064948 -9.827918 -0.412607 -8.420449 9.334638 8.887867 -12.001576 6.816634 3.100011 -2.032347 9.284798 -26.412228 -0.182995 19.472542 -3.555090 6.765640 16.879098 6.539637 8.783106 -0.981341 2.481342 0.181854 22.921045 -1.625018 -23.830844 17.036114 4.531070 -7.998870 6.810627 -8.141321 12.604168 15.049533 -16.901206 4.378906 26.584858 -4.084339 12.090703 -11.006367 -0.337421 15.860842 -4.251932 -32.541297 -16.737789 23.372094 -2.668701 22.198917 -18.914539 -8.250545 5.802632 -2.830598 5.471451 -13.774725 3.386224 -19.631717 12.730462 4.550320 23.179908 13.293322 6.602345 24.081898 -7.846620 -0.153113 -2.230775 7.761864 38.347344 5.384190 4.559807 32.544887 -4.276494 25.169910 -13.073644 32.061897 -7.632608 -1.884493 -17.518883 29.217371 -0.279353 12.731608 -6.396818 -16.990833 5.451147 4.247959 -2.931466 8.292946 5.697088 -7.345505 -4.600426 -9.063887 24.582957 -20.305279 11.296794 -6.258167 -16.771916 -1.334756 5.980528 -11.045940 -22.001701 4.781340 35.483175 -1.651465 3.910173 10.621486 -24.815566 7.421718 12.820969 8.894435 -0.357092 -14.149587 18.871151 -5.365402 7.014477 33.163182 3.646410 0.199007 -15.289044 -8.858215 -10.267984 6.006677 -6.511713 -11.753827 -12.094882 1.170823 36.030936 1.197927 -17.586158 13.454515 -23.044208 12.464844 -17.525055 -6.641602 -2.111616 -16.476293 5.535715 -0.835023 38.232254 1.882329 4.133379 10.510548 17.941619 -8.004888 -16.137134 -14.383541 8.381064 6.806701 10.237216 18.423179 -3.287243 -22.006901 5.432459 -18.182702 4.409157 -14.417332 -23.802030 -15.124774 -0.682965 -5.701095 19.533792 4.573203 -6.004088 -8.629593 -21.796965 4.196652 24.596551 -29.453193 -8.254427 -9.084727 -2.170886 -2.984422 14.206488 -3.550750 1.898938 -20.844181 -14.482971 5.728426 
-26.169400 -18.296104 -3.779866 -9.158125 34.586509 -11.282758 -10.213224 29.173042 15.803030 0.663758 17.397456 -7.213180 20.346999 4.129682 7.750273 -18.639851 17.810834 3.771945 22.064860 20.041810 3.388396 -2.140974 -8.449525 10.117202 3.176902 2.834433 19.761426 12.236530 3.816092 20.292883 -1.964125 -19.701428 -14.769406 14.341291 -10.589429 27.494653 -3.514637 17.440265 2.137132 -22.241222 2.484770 15.272839 22.170241 -6.398228 17.458214 41.067777 3.045334 12.675610 -20.538622 -1.247602 17.189779 19.049373 -21.903948 9.357903 -0.464039 12.266462 -4.300808 6.013144 17.286437 9.535790 -31.070732 1.163834 0.003959 8.733477 24.618627 5.350641 -18.987131 -16.757235 -23.659954 3.080517 -13.917523 -2.007679 14.007628 10.757881 12.390670 5.421286 7.129603 -10.963869 -3.407678 0.703858 -13.532410 10.956207 0.822680 6.211345 -17.838574 -20.120699 10.601544 12.614725 -7.820092 -2.068838 -22.126117 -12.781468 4.693203 -13.694157 -23.755090 -2.244884 -15.243454 3.385453 -16.544609 12.997449 31.151030 13.563272 -22.970305 4.874048 -19.209411 -9.056434 -3.532414 -5.015850 -17.939032 -2.185400 -2.091351 -6.739095 -10.599747 14.310747 -14.828447 -10.151877 4.531539 23.107171 -3.126172 -1.168461 -14.950703 -8.309401 -31.374631 -27.003261 15.751744 11.981572 1.654213 23.742625 -5.625153 -11.354195 6.263128 16.100748 3.191107 -1.285409 -32.742426 -28.753206 14.604918 -24.200112 -5.556243 -5.291125 8.108135 -17.214159 -24.750010 -0.574821 -4.658610 10.506204 -16.172048 23.490209 -1.961341 10.827538 23.166687 29.285914 -14.767950 -2.428322 34.010003 8.738009 38.741049 21.145016 5.229241 -13.751710 -18.330335 -1.781528 10.774453 -11.779266 -21.397396 18.200150 18.824343 12.985898 -12.332879 0.392533 -14.016993 -20.219463 1.148626 26.802143 4.931963 29.539671 5.645500 -4.570342 -7.672184 27.282429 -6.711162 0.722741 -13.763784 8.308968 7.414770 -13.039208 3.920099 -1.663538 -12.272484 -8.444830 -11.525867 13.376676 14.572283 16.942253 18.191115 -8.548172 -6.110873 14.524407 -3.529460 6.225653 
4.587611 -6.290815 -1.583311 -10.903298 2.997645 -7.622267 -23.044966 -6.721974 -2.694379 -17.925238 -18.206538 -3.494334 -55.184204 4.415778 5.745918 17.237267 6.067565 6.740261 -15.516703 -6.256675 8.293683 1.715397 -18.272387 -0.946719 6.536023 -8.623150 -39.548388 -13.031984 -23.814324 0.928237 -22.101302 -13.852889 -6.143605 -1.549932 -32.707035 -5.227808 -15.011345 -16.083659 -14.371098 5.090914 0.146215 13.087509 -12.942087 -5.081345 -7.346268 -12.239406 9.530199 -12.239029 2.226629 8.897185 -6.389885 10.753897 19.105650 18.660040 -3.849626 -6.961180 24.032455 4.676554 -14.401270 -2.936937 6.722338 -9.134224 4.738287 29.145695 -1.275944 -10.369952 -9.430031 -2.000645 0.287594 -0.047669 14.394170 -1.460595 6.221251 1.691146 -24.350091 13.460413 13.593376 10.765775 10.442598 10.849862 7.611748 -5.985212 15.868531 5.329805 28.230962 7.467210 4.644344 13.377311 -6.167972 -12.989662 10.900743 12.329534 1.294697 23.366435 -14.834488 5.623589 7.151525 -0.370652 -14.939310 16.936503 -18.275966 -20.402913 -8.469488 15.331860 -1.147438 5.455322 -11.418505 -29.356134 -4.556751 2.292206 -14.643359 -14.522440 -6.792219 -24.339838 -15.076431 9.161175 26.955981 -2.965954 -12.475051 17.926346 -14.130489 -4.357097 16.479173 3.513595 18.263434 -7.297705 -4.779381 -15.893274 3.506771 17.577006 -21.109752 -5.005846 -7.790189 -30.670147 -17.599296 -29.090567 -13.979687 -19.376089 7.352623 -6.719667 13.737362 -1.181423 6.246063 -10.524810 -4.993645 -3.454229 7.423038 2.224384 -10.033412 -15.898124 -14.531716 21.410032 3.704659 7.955781 -50.587023 -21.222413 -22.713271 -3.053042 -26.963507 44.180829 -9.160295 19.206249 17.620840 3.712799 -2.625631 21.405764 -2.071092 -11.590187 -9.850601 2.153820 1.080515 -22.123745 -15.825937 16.429096 15.453243 8.116482 4.640881 5.988065 14.784840 5.465580 24.799193 7.523520 -18.896929 -4.624797 -2.737299 -18.985034 -2.410966 -8.394372 10.797376 13.003949 -8.346207 1.133870 -1.218000 -2.830892 -6.924056 -12.719481 -4.409495 7.567023 11.385545 33.147803 
-5.585334 -1.760655 10.069744 -22.119920 12.850471 12.980513 -23.350467 -10.232668 -18.420304 -12.481219 -26.767319 0.733375 -26.529260 -15.205538 19.371711 14.590327 -2.252148 -11.034026 -0.461075 13.213576 14.745011 9.163418 -15.509619 -1.328988 22.828544 -10.263278 16.932810 1.636625 3.852178 9.721767 -19.853817 0.422112 24.373878 -11.071980 -3.627517 -8.558414 16.750452 18.058516 5.870835 1.170128 -3.522046 27.626426 -11.207108 -10.011049 -17.775284 -13.857264 1.888211 17.889482 -10.609209 15.325846 -0.619684 -5.309290 5.520876 -2.027541 12.634407 -4.718520 -11.905167 -10.303731 17.064449 -30.346333 4.769907 -4.946171 16.157132 40.323039 -0.450176 -4.645429 16.086607 3.404082 8.082900 -9.065169 4.518443 -9.753108 3.759624 5.890301 -7.980196 6.837856 -21.140417 19.202244 15.508711 0.431724 24.172010 -20.436603 0.695746 -11.407412 17.701983 3.449716 -2.444504 -9.101001 2.596383 -5.870089 4.278453 -4.943642 21.190083 -6.609258 15.431187 15.977814 -13.374142 5.733301 -9.718478 -3.001756 17.010466 -0.551895 -17.557097 -9.798290 11.127704 7.887524 -0.284108 13.239592 -21.265912 0.945381 -10.421102 -0.402172 -7.648119 -9.036344 11.678318 1.553149 6.181431 -1.895587 5.775570 11.022650 19.797908 16.037245 21.042257 7.492930 31.663155 -11.788179 -17.469916 -13.209233 -4.246886 5.410416 -24.971701 -21.036066 -9.133531 -0.280211 -17.858841 9.124857 11.298877 -7.467987 -2.151903 -11.642220 -1.695088 10.817266 7.066326 18.463774 -5.401400 8.604257 12.803691 12.250328 4.528716 3.445268 -13.723850 5.213001 -9.228995 15.429164 1.964538 -15.010086 12.139239 -19.509846 2.653278 6.490058 12.444634 -6.670145 -0.550273 -21.914193 -5.325395 8.014491 -1.280968 24.687116 22.856824 -2.847419 8.847641 -21.687690 4.641523 15.533368 12.567708 -20.646876 25.004930 -18.126884 5.311578 -8.383405 32.533672 27.488574 11.778141 11.636368 -0.161641 -8.159912 21.378743 7.101185 4.771284 6.339986 -1.459112 0.542368 -11.276919 -30.202849 1.886818 0.146247 11.725373 -28.883009 21.463962 -29.306483 
-1.796053 17.781022 32.821222 10.706106 -10.436022 23.221871 -16.098452 1.588815 -17.240185 -8.558407 16.907747 9.079064 6.620084 -18.097254 -15.122617 -7.249321 0.337164 -9.873212 29.544740 1.476074 -11.035118 -3.596668 -12.337211 17.437030 15.483065 -9.530736 11.482806 -7.842730 5.258111 1.808080 2.774176 0.080864 -6.158130 12.489245 -1.487726 5.157265 21.253633 -11.994291 4.195432 -7.692156 -3.349244 -0.162451 4.471321 11.322896 2.762412 -27.753380 -23.148499 -4.962220 8.256377 1.638411 3.474561 -37.505655 3.336290 -2.619924 11.433693 8.131501 -22.482314 -0.885942 -3.200211 -16.046481 -17.005824 -9.751916 8.163495 -3.316078 2.402656 10.312968 22.204365 13.632891 -5.090048 1.647654 1.962433 -1.804660 21.937942 2.700672 -6.710502 25.475952 -14.433414 5.524288 -0.121428 3.221800 -22.017620 -13.791955 -7.304717 -5.033650 -6.110026 -8.317266 -16.602293 -17.830250 38.409216 -7.130519 -15.053281 5.369343 -1.720838 -22.221928 11.991313 -4.533506 -2.954088 -11.516318 15.404570 -17.534750 -1.565835 0.855918 2.272040 -1.049190 3.650019 7.148087 -10.320440 6.979237 21.085224 3.264750 -13.704465 1.477482 1.514086 -2.046759 17.643303 -5.357538 13.248315 5.839221 0.711681 -32.688935 0.883810 -19.832016 17.008848 4.820685 -2.815414 5.791562 8.484019 17.480781 7.328358 -4.309869 -14.416431 -6.633410 -1.335637 18.847458 -7.996003 -18.297489 9.349135 26.088799 16.976277 16.500539 -11.495602 5.142608 1.046652 -3.229410 19.620278 0.630628 14.082292 -11.134739 -0.249433 1.999971 2.219087 -23.394722 -2.523179 14.334390 9.623621 -4.297565 7.385221 12.132436 5.016218 -3.574216 -11.766872 -20.124866 0.687194 1.752505 26.217355 -7.303726 4.303573 6.691122 15.431720 20.993400 -1.065818 8.899761 1.894526 17.062978 -2.017352 -17.885172 2.677825 2.127857 -33.307122 7.082309 -11.182639 -12.001170 14.134155 -8.446826 -14.811093 -2.484319 -0.484270 16.055783 25.384640 1.711638 -26.958792 -20.797462 -13.817279 -7.523520 6.171888 -2.775020 16.550585 -0.703418 5.441556 1.205379 
16.632538 10.176627 3.821059 -0.091389 -12.336304 -22.466674 4.923720 10.445864 -2.367992 20.008228 -0.916039 -4.361182 0.801048 0.856252 0.486614 21.006233 8.898768 27.998458 -3.194093 -18.751337 -14.288150 -11.598573 -24.701784 18.023974 18.545574 -7.589028 10.883936 -13.602663 16.506191 9.415688 -1.735726 12.879758 -1.737317 -20.077738 0.061634 -19.689404 5.946847 18.613487 20.646952 7.983964 5.823386 -0.639308 8.976786 -12.323555 19.865618 -10.788628 -39.430968 -4.195057 -7.279281 -1.560694 29.278818 1.669858 4.526119 -0.593011 -1.727667 -10.578062 -19.850659 1.833233 17.710012 -0.139230 15.729517 -14.149895 16.855710 9.123873 22.982987 -1.039713 17.836474 -15.396744 0.665415 5.708175 -1.092937 9.216823 -8.794916 -14.005274 -4.106941 15.100237 5.784479 6.007372 -24.722235 -2.570052 -2.393522 -6.916723 1.805901 6.592729 -5.446395 2.725612 1.858781 30.295842 8.376605 -1.745939 4.746679 -1.195932 10.672965 -18.820747 -21.626040 2.358547 10.949563 39.025766 -12.159335 6.180297 -8.764386 -5.882811 21.623263 18.042940 -12.926150 -19.447157 -17.362231 -2.081501 -1.884408 -11.315096 -2.507531 4.382681 -7.365115 -19.878639 -4.115015 -7.920415 -18.753218 12.353082 5.709458 -11.401174 -14.206645 5.207407 -3.808730 -4.155320 4.642886 17.655853 -4.864767 0.990144 -19.953879 -5.016228 5.389247 7.546586 8.141988 5.272792 -4.225613 24.519829 -2.170989 -7.022037 -5.092634 13.759511 -8.349330 -9.931829 -8.296935 15.861874 7.530455 -11.485796 19.043883 -11.752638 -14.310133 11.282266 4.184884 -5.146246 -14.379930 5.130474 -1.675764 0.613673 13.553424 15.962325 -20.702673 -14.311837 20.540543 1.519477 -8.389240 -3.863131 15.281307 -19.423624 8.265029 -5.031008 10.925361 -7.341752 6.354407 36.559343 -16.377394 5.510081 11.784200 -3.155297 -0.617800 21.865368 4.921977 7.532148 18.395002 1.034277 -8.336219 -17.626384 -16.516785 1.838205 0.834470 21.087676 8.919799 -12.195650 -10.433214 11.453648 -20.380606 13.859258 11.687180 -24.944510 21.090951 6.775910 8.782847 3.980177 
-26.908086 -14.427280 -4.957762 13.285084 10.788325 5.658511 -23.865697 -19.320872 4.357852 -3.731504 -8.052915 17.238485 -5.843558 -13.254766 9.873422 -7.128917 -22.658168 -7.178161 -17.292640 -11.754744 -4.524040 -10.622545 -24.261637 26.456900 13.618117 -0.013754 -18.411062 -2.979883 -26.059839 -22.503458 13.951522 -23.025482 7.800426 28.766680 -0.234793 -13.918762 4.958060 13.625251 8.921996 1.095252 -12.073564 12.280572 -5.773002 3.228475 -18.469125 -4.842483 16.459987 -3.160027 3.127897 5.376984 24.092934 -11.786186 -4.366142 -14.038871 14.192111 8.857407 -40.691262 -33.116359 13.302766 -12.613716 -3.657299 -6.419750 -16.849018 7.720259 -8.605026 -20.492457 -11.164148 3.875802 -10.142887 15.146249 5.439214 -6.350158 14.967678 6.390745 -15.358655 8.556632 25.792677 12.811810 25.034094 27.365887 17.880193 -9.455763 0.280898 -18.721151 18.701311 5.934519 19.181993 0.992646 4.964667 -2.613477 -0.263942 -2.288033 20.249597 19.602832 -2.625543 -17.255201 6.876150 27.132025 -20.143970 9.426632 -14.395785 10.445091 -6.418178 -4.836924 19.726482 24.652167 -18.609421 9.036700 2.346470 6.479515 10.828901 -7.635745 -15.477219 3.547559 10.545298 1.891415 37.645850 8.868631 -13.529246 14.084042 -17.221442 17.174767 -0.145905 -11.397285 5.540765 -22.004633 -16.094573 6.626107 0.182172 -9.111282 22.868474 -22.013629 5.312007 6.908650 -30.705142 2.012889 2.810431 -2.183450 -9.753091 0.540065 3.197363 -0.523390 -19.219642 12.562383 13.108723 -7.897915 3.624412 3.920163 -11.333344 1.053658 3.696401 0.669473 -8.073347 24.279549 -18.607265 5.324337 -3.037525 36.129302 9.704624 -30.530003 -8.936398 4.940856 -10.988381 -17.852488 1.075536 14.531916 -14.104705 -14.845781 -5.101015 15.456031 20.206160 -10.599146 -6.675024 22.376465 26.404642 7.694968 -3.661372 -21.215781 24.123948 2.014942 9.277770 -23.674836 -12.017704 9.605165 2.811031 -8.309307 5.089499 -15.678128 1.885010 -2.209516 11.101372 -30.474904 4.246203 -13.220003 8.665401 10.027387 -0.014264 -7.642351 -19.733546 -3.153784 
-12.729769 3.214330 -23.788087 18.693535 12.802866 -14.192558 -1.410618 11.270452 -5.895609 16.273891 -15.111242 3.335565 -21.261725 -6.002915 -1.076884 -6.823059 14.811732 22.930596 -27.439218 -2.040315 -7.777670 -7.678892 -19.102031 5.257858 16.596586 7.135942 -0.419831 0.386085 -5.864800 0.903187 -7.956946 4.209928 -6.362918 -6.846110 -18.626390 -10.424308 19.575678 19.178805 -12.560304 -21.910475 -18.623138 16.784569 -6.258712 -6.193930 -10.763670 -22.294190 -11.850757 20.417680 -17.930035 -4.647999 -6.579409 26.747974 29.123624 6.535363 9.974784 3.387575 16.176306 7.214352 34.197036 4.090728 5.887261 -6.506739 -3.801270 13.298724 -14.495024 2.947262 -10.690306 -3.766142 4.986047 -6.990388 -0.436915 -0.470415 -12.271637 0.726697 14.505241 -14.629304 0.647725 21.048325 0.928331 7.960825 3.493974 -4.915379 14.830955 -15.421650 -7.572780 -12.755735 19.970267 8.120403 -6.056102 4.433417 14.029642 19.089424 -14.344967 -4.586747 2.283007 10.831300 -11.438407 21.279060 -10.212104 21.518271 -5.286324 6.782953 5.346475 -4.463445 -14.947418 -5.717550 -9.210536 12.809501 2.631814 -21.452763 24.224081 -14.007965 -9.453925 -18.049911 -9.001608 9.289512 0.172534 27.028884 3.115546 19.263104 -19.285236 15.974287 3.035717 -6.131178 24.032592 1.474086 14.057222 9.653309 -9.751912 -18.400758 -4.145463 -11.832791 -7.147550 2.162768 8.772345 27.894704 6.348963 15.167112 6.770649 -10.822704 14.420364 -12.780394 4.014874 -23.580171 19.859644 -10.924378 20.491750 11.534972 11.535281 -4.602121 10.085578 -1.551972 7.899724 3.179240 9.948441 2.051416 29.860833 21.035967 -7.734175 2.873249 12.089279 35.946696 10.892888 -15.664084 2.455055 15.122969 -7.894606 -17.550331 13.189564 3.905495 -15.077070 -9.293403 2.568759 -19.419558 -5.561510 -29.205232 20.218079 -15.876716 9.033165 -17.645986 -13.939347 1.885663 5.386913 -14.136705 -11.474297 -0.063046 -2.127116 0.515637 2.519651 15.983174 21.107455 -5.738808 -23.822106 -11.415055 3.693713 -8.331737 -0.118317 -2.821981 -4.042965 -9.328227 
10.651825 6.566835 20.635155 -7.964773 5.448156 2.025753 4.132578 -4.911097 3.197830 -0.664650 -25.106360 7.078096 -7.708400 -23.091373 -4.709322 -15.280019 -26.897250 -13.710056 -0.844525 3.637949 17.832984 18.502085 -1.223322 -24.959421 -5.365214 17.453062 -7.332397 15.691673 -8.686793 -28.792386 4.239366 4.000857 6.838582 -1.116441 23.528970 -7.223175 8.573329 1.864220 13.534463 -0.098208 24.176617 5.592075 -6.141204 15.386278 -7.874595 -10.307506 17.682904 -12.710760 0.597931 -3.083770 -3.159726 -3.539508 -15.142150 -8.696140 6.344475 -27.137991 -26.857671 -21.836989 12.177273 -5.764883 -21.715766 2.882476 -20.368649 -8.776184 -17.666198 0.050778 -13.118631 6.909215 -7.313515 12.499277 -10.468084 -0.517236 8.108110 -2.303088 -12.038687 16.420772 -15.826397 7.787420 -18.550930 23.331895 0.457990 3.766701 27.438930 -23.138834 -14.126853 17.705508 4.806567 1.395047 -2.986574 3.687143 13.217378 -35.675368 -16.723854 7.550756 8.263913 13.310733 1.044106 16.443212 -6.686818 -19.946976 5.021738 -4.113735 -2.533106 -3.736740 1.046750 -6.176958 11.798349 22.359551 -23.917462 9.421402 16.682258 0.359134 7.632423 -8.548302 -1.620068 -5.705883 10.283955 3.683370 -17.157792 -1.971937 -18.892869 25.575844 -14.313387 -2.325882 -19.350694 -28.530304 -3.767610 14.190772 -13.248168 -9.272637 -29.108336 -15.102599 11.993536 -23.188361 4.244096 -0.898818 -18.290012 1.096831 16.867232 10.308675 -2.377832 11.678844 -9.205305 -3.340283 20.784530 3.342122 -12.981668 -14.669406 -1.853608 -1.908074 -0.139351 5.076766 16.863871 -16.376350 5.572059 -15.283328 -19.431227 5.500373 7.058391 -0.109874 26.497828 -2.640559 -0.256165 2.310981 4.439345 4.039012 -8.291590 0.576101 1.502030 -5.202339 12.249932 -20.758606 19.539528 -0.180319 -27.521560 -23.629409 -3.330349 -4.954507 -6.562459 6.387977 3.529300 7.911452 -1.574765 27.051086 21.901180 -7.153262 -21.540532 -2.562098 11.932133 -24.932804 4.273032 -7.021627 16.768674 -30.829497 14.352973 22.023247 -9.884246 -29.530993 -4.758629 0.102513 
-8.298444 0.771605 13.097013 -14.640124 -19.941698 -8.288820 11.589953 2.248805 15.424660 9.948274 -6.785504 -6.754820 2.615018 30.130314 -3.478651 5.382118 -16.392579 -42.140987 2.625280 -14.904642 8.348968 -7.574623 5.996369 1.995028 -32.449799 -5.010030 7.809357 0.627574 2.114405 -19.611677 9.527837 -7.515188 -2.926241 18.267902 7.128371 11.100872 -17.749107 14.230520 22.815918 4.549587 -12.547860 -6.911461 17.246308 -2.579823 -7.826719 12.708321 7.194332 -11.190360 5.905257 9.351393 -1.710573 11.295336 -9.287092 -2.819437 32.604104 -11.731378 -3.633526 -16.956789 -2.458706 -2.104135 -20.965184 3.707945 -7.623900 13.294707 -11.838003 -5.774972 -6.621826 2.405390 -0.887210 9.081494 -15.459286 3.127238 -17.109839 3.472681 3.912857 11.250793 -6.254357 6.163997 -19.756149 -1.762903 7.612074 -14.743860 22.238117 -4.949931 -3.611743 -12.486432 -13.844308 1.601326 17.656810 12.760162 -0.573638 -22.220463 -5.556519 13.158066 -10.240930 -8.369099 11.596637 -5.246757 23.680596 -13.569065 -4.193124 6.135424 -2.099390 7.462892 34.702589 7.889295 -10.908900 -1.436558 -6.781807 -0.439793 -3.911546 1.779176 -11.195450 -9.180091 12.895254 -0.002397 8.207254 32.047219 0.645301 10.750467 -6.283249 32.559849 8.567709 11.327953 10.501586 -26.714849 -5.364746 2.163170 -28.382211 7.341534 16.717535 20.674157 13.284830 22.029714 -4.629330 -9.325619 -6.676866 -19.867323 -6.082593 17.701681 1.449159 21.739524 10.707013 -20.576640 -19.525877 3.086499 -26.443525 1.717825 -10.996270 -8.566989 0.681740 -6.170104 -11.318173 23.560673 -6.605176 9.441765 14.335712 3.619772 -9.122864 0.828663 -6.110097 -23.177505 -25.626675 -1.523022 -22.700873 -21.269118 13.069772 -0.834149 8.681807 -19.910006 -3.100754 -8.100714 7.099484 3.743918 7.076744 18.398599 17.791845 -7.871125 -13.932207 2.834525 -12.102975 6.370802 20.574818 -0.468143 15.116373 5.305885 2.326721 -5.779956 -22.906970 -5.079901 -21.164615 -14.698446 -4.163553 2.680797 20.014929 0.980424 0.823935 0.526383 -0.592818 -9.198217 
4.508858 5.150936 -9.118098 26.190826 26.165108 -14.440469 0.862082 -2.822308 27.560296 15.093750 -22.966425 -1.168632 11.573223 -15.284172 4.765243 10.660823 8.931224 4.845108 20.321151 22.879985 10.800660 9.671288 4.531158 11.346106 23.145960 0.732958 11.566800 -4.925814 9.134482 6.076181 17.448328 -9.681360 18.693962 -16.749928 26.265491 3.156060 3.313285 13.605703 11.430578 -12.617172 5.484559 20.099877 0.915317 -5.023760 30.550244 5.325818 -1.087837 13.317533 -20.671319 5.655006 16.492198 13.583391 -8.767544 13.403213 -4.833127 -4.475698 11.675566 5.473207 2.960047 -4.586578 34.835780 16.360551 8.011152 -18.115932 -8.709905 37.527174 12.728340 2.954933 -4.381563 4.328142 -1.405049 15.888407 8.682082 20.195609 3.641101 4.965936 -10.682001 5.043938 -14.835719 -21.838235 -13.107632 -19.075036 -12.366995 27.528029 0.718653 -31.670256 -7.018913 1.394960 -11.824485 1.119523 -5.105732 -7.706381 37.221169 -2.404390 -4.495048 3.965463 -10.402820 -25.513288 -3.568395 0.557984 19.994207 -20.807363 10.572012 -22.264576 -17.648911 -0.680815 5.370605 -14.142235 -9.818502 9.278008 -18.227234 18.351133 12.741307 8.707282 4.920007 -5.470659 -37.679762 -6.071721 14.572584 -17.953938 -14.008285 -17.296256 -18.922068 32.269715 -28.394434 0.951622 -26.882808 -17.437691 15.044694 8.023557 -5.660513 -5.537338 4.539487 -8.145440 17.313213 0.949983 5.739412 -2.297247 12.122741 -12.022958 -28.198229 13.470116 5.707436 6.870920 -22.253102 -2.286422 5.511091 5.133636 -22.751240 11.429844 20.724971 21.252126 -15.241602 -13.450402 8.551463 3.347320 4.796312 6.264662 3.645310 16.517679 -1.815328 -2.286866 11.867655 5.866587 21.327585 9.578335 29.218322 6.535072 3.281491 -1.615201 -6.692268 12.563187 2.610651 19.937229 11.101485 22.250465 19.595178 15.918249 0.866108 -21.619984 -3.595079 -7.499741 14.897664 -10.330938 -29.821151 -8.812277 5.351384 -15.263966 3.701975 14.175158 -17.064702 28.338792 4.269931 -9.016394 -50.442165 -2.913189 12.548941 19.858264 -5.887020 5.991835 
-18.999056 12.482192 -19.250397 -7.539680 -10.631372 4.597103 -18.197570 -0.831849 8.210337 8.351166 -2.014231 -7.495172 13.212207 12.779870 2.768650 24.282186 3.575520 15.360374 0.998487 1.156795 1.878898 5.346938 -23.725737 5.344116 2.173768 5.550337 10.469217 1.961277 -25.512036 -12.909770 8.020935 -4.229054 -15.343709 5.818656 -14.079740 -24.494963 -5.261265 -8.993785 -6.349441 -31.177212 2.605434 3.824135 3.415204 -3.412565 -13.557066 -24.968436 13.070430 -11.207522 -6.104881 30.210236 -2.907208 13.830853 14.485764 -15.093113 -7.127373 -18.704389 -10.883080 0.824197 -12.614268 -4.734053 -12.923438 21.441898 -15.157539 -12.609427 9.539688 1.429657 -3.469286 -15.700431 -8.544944 2.885051 5.472985 22.679183 20.039728 -10.831696 12.700045 11.431808 -0.368289 -4.836683 -5.500637 -22.823351 25.807753 -3.074730 -6.799445 -18.443756 21.129472 13.292369 34.685512 19.482671 -27.006222 12.199819 -5.009929 8.386502 -2.031142 3.443869 2.980355 -13.095028 -7.726040 15.871253 8.695143 27.131406 3.402690 20.335656 -8.811040 -1.938214 1.619172 12.068959 -0.891518 -21.643720 -5.931722 15.458099 1.319747 0.067744 1.159999 14.982352 2.524952 19.714178 21.310242 -1.278863 -24.722012 21.802376 -9.052945 -14.824133 -7.922273 13.029520 -3.417103 2.976775 19.768974 -20.472373 20.043938 2.236648 -15.667824 6.890331 12.505920 -10.539328 -22.316212 4.604597 9.512364 1.768172 -2.065586 -19.756044 19.625612 6.252225 -4.318039 -12.483894 -12.426733 -42.321468 13.880169 15.063595 19.914950 -7.998723 10.956871 6.360667 8.113164 -13.768188 -0.625824 -7.066846 2.641039 1.458749 15.732054 5.543969 3.650613 -14.710996 21.225447 8.123393 -14.483065 16.101029 -11.901780 -19.928880 -1.294235 6.314254 22.882290 0.106016 -13.306696 3.037154 21.352104 1.169997 28.236241 -6.230398 1.063697 -19.521480 14.836933 15.660863 -10.059692 1.748380 4.233564 -19.677194 33.717686 -11.745162 -9.747516 -17.966043 11.156895 7.764923 7.455197 15.070670 -33.974340 -9.310074 2.585319 -20.679149 5.122773 2.485089 
-24.808376 4.307512 -29.055971 17.649234 -4.170652 -8.560532 -12.304396 33.516198 24.201648 13.202923 -7.740960 13.557186 7.417692 -4.896565 4.571654 -9.282877 23.704122 17.194336 6.088221 9.906048 2.825042 1.768459 -28.569854 -20.046226 -0.067533 -2.067441 0.833919 6.992291 2.168111 6.700963 10.039643 2.414135 -7.523661 -5.827375 8.646764 9.407281 -19.429389 7.428684 14.475248 -4.980646 9.942105 -8.476909 -2.563571 -2.353483 7.161636 -6.761155 -4.001071 -13.632601 -11.232571 1.283583 -31.440562 -13.148217 -2.056305 28.966122 3.567619 18.464485 -3.104981 -9.481622 11.389941 -0.198268 6.314373 4.694916 14.268183 -0.621578 9.896852 13.040676 24.051158 -9.072230 1.589421 -7.678441 -22.478711 -18.923270 1.403358 -4.591498 -9.942509 24.498835 -22.389257 -11.676734 -20.043128 20.372997 -29.565682 -7.489236 -8.085881 -3.406503 2.961085 -3.130914 11.863881 4.199097 -7.239476 -1.242089 -12.895098 -15.974323 5.075612 -0.963335 6.920619 -7.924111 1.685225 -4.557533 -8.511487 -27.318312 -9.806155 4.223541 -3.413473 -17.266936 4.152294 -5.361065 -0.011891 27.758668 -6.521816 3.910907 1.754426 23.751135 -9.250138 6.133773 -7.558584 -2.566498 -2.925451 4.546733 -2.991591 -14.419654 -13.624723 -8.943384 -10.169044 1.782414 -7.822443 9.533310 6.974507 -15.416814 -0.792022 -0.591043 -19.772269 -1.056149 14.975602 0.846783 -8.372284 -14.910732 -10.644139 9.276138 -1.189424 -8.892155 -17.533902 -14.562342 12.366602 -3.051789 -3.762135 -8.364013 16.501210 -27.911725 -33.154397 -11.453159 18.266193 13.179904 9.235838 11.253498 24.825924 3.819544 23.676799 -5.449375 5.942502 -4.130733 11.404969 -8.049544 10.226348 -6.047185 -3.676024 17.045888 13.142926 9.929353 -13.311616 -12.738556 -2.569192 2.916550 19.024661 18.215084 -3.302369 17.843879 15.969251 19.092259 -17.638137 -33.276576 -19.422034 -0.173396 17.053723 5.419831 12.564870 -30.856286 12.287505 13.766262 2.673492 -22.313585 -39.597068 -11.382122 -1.880447 -2.358116 -16.443886 3.263901 -0.270771 -7.364816 -6.026722 -10.030750 
-15.689916 -12.768828 -15.757363 4.247859 -8.238414 0.714010 -4.199727 -7.906765 -0.289180 10.906001 -4.956509 -16.973881 -13.158334 14.531873 12.794783 -7.420597 16.311179 32.889242 -5.264782 -0.106325 22.097043 -0.710105 -2.476683 2.766886 -13.919694 -8.652913 17.405453 0.459855 -13.246599 -29.882959 6.395331 -4.201011 10.606725 -32.606235 -0.044878 -2.834278 -12.474712 -13.737911 -0.985936 -26.335394 -8.253583 6.952261 -29.716754 7.532344 -6.346427 -2.540821 28.159230 -8.527452 -3.175197 9.411542 -4.796421 -10.996203 -10.507988 6.260861 22.155292 -10.270123 -6.349854 -25.162439 12.722235 -18.601371 -13.620070 30.214395 -6.607344 22.876878 -4.345375 -29.045959 -34.165826 4.643131 -3.712057 0.692080 -20.403168 12.485252 -21.366581 -17.939747 10.291606 -4.622796 -3.120564 -9.033990 -5.268739 15.329686 -4.881929 -2.967715 -21.160751 8.089583 1.090591 -5.115909 19.523204 -13.731302 -27.725962 18.589355 -16.272079 3.099307 36.150889 5.309404 -13.396092 -6.166005 0.777915 -19.251493 19.094739 3.488856 14.337348 -27.878222 -8.466025 18.556908 -15.507396 15.128155 1.353160 14.361815 4.744636 -15.575077 -6.600460 5.534816 -11.267438 -6.116096 -2.889508 13.861952 -25.284146 -16.025162 8.412487 21.910691 -3.601441 -4.499127 -21.449351 1.599527 -8.778471 -2.552594 -4.445865 -22.446333 -2.171115 -0.428023 -9.536968 -28.945705 0.249749 -32.179950 9.485961 2.597637 -8.670283 13.788210 16.128319 -32.811975 7.185670 17.964116 -2.457128 -13.795067 2.531835 -50.531614 12.386898 6.793098 -29.124877 -21.127904 3.721983 1.694437 -17.388374 -15.394340 -10.754084 -14.584743 5.642977 -17.542792 14.513645 -3.848856 10.690220 11.980708 -16.534643 -11.958308 14.046886 -4.405408 2.436767 7.670059 -17.122658 -4.676449 -0.713686 11.013048 -13.755251 14.249965 2.026871 2.753236 -5.811054 8.750846 6.644686 -9.915286 -13.877592 -8.780988 5.555251 -3.265045 -4.417115 -11.678641 -15.076484 5.131926 37.213098 -3.073411 -17.038518 -1.822987 -3.457333 9.336325 -16.173163 -13.605846 3.832338 3.328232 -9.317211 3.309791 
16.080807 8.967575 13.050392 -2.484228 13.246731 -8.893975 -21.326832 6.130230 -4.633426 7.920025 17.493457 -14.575167 17.974019 -16.895543 -5.764544 5.963442 -0.024091 16.103925 -9.716371 6.515657 12.998490 -6.185927 -14.931578 14.292366 13.875944 2.070037 5.962294 -7.641512 7.484585 -20.494775 16.206387 9.523293 -30.415273 -2.594024 -7.591383 -3.083116 -1.579032 -18.089999 20.815178 -21.892840 -0.528724 17.899295 4.442310 -10.985679 7.800832 2.607982 -12.389784 -12.127010 -10.937490 26.301154 -5.518009 -0.951445 0.569285 -5.185219 21.919591 -18.461574 -19.992093 6.421083 20.589184 -11.143466 -17.216015 -18.492869 4.378860 -2.150293 19.870512 4.337430 11.005461 -25.410124 5.298553 0.846454 7.822432 9.371336 -17.925729 -2.557072 -6.988921 5.366522 -1.147597 16.222539 -5.920332 5.687303 -5.152925 16.106082 10.993755 20.552711 20.367248 0.217034 21.243117 18.616950 -5.912605 -4.027844 -0.838373 -12.822421 11.571262 -1.914136 8.547729 -18.222553 15.544388 4.255581 -12.633899 -2.582458 -8.825282 1.340027 -27.292873 -12.009926 1.118502 -8.973270 15.901770 9.952222 6.750649 -5.091672 -25.426824 2.731959 8.997373 -12.508232 -5.487910 17.490144 -15.645879 -4.156334 -0.823667 -33.279363 -5.625864 -3.434899 -20.369997 17.893782 -43.068618 -1.239379 8.076818 5.375691 -7.091483 -14.278651 -9.651762 11.417627 -9.408454 -22.379844 17.506261 -30.303619 7.595058 25.757225 -23.779863 -5.781629 0.911614 13.363414 6.301295 -19.439783 -4.975318 1.295447 12.175184 2.718095 -8.290872 9.666929 15.296778 10.855348 15.373380 -3.230341 -19.257835 0.670226 4.654589 5.173135 6.348884 7.446972 12.488435 -5.346646 -2.729024 14.284374 13.145295 12.289518 -9.306596 -7.303420 -5.357036 2.918627 5.090010 -11.285139 2.283899 -2.603568 -2.978167 10.959604 -3.482947 -9.647505 -12.515422 -14.656134 -15.535559 -13.955540 -18.456281 13.011764 6.211450 -7.090099 -23.343540 8.642436 13.178177 -1.313879 26.018625 21.042738 19.919352 -2.917298 -7.480121 8.935656 0.973313 -13.834987 12.741457 27.595672 
13.695950 30.269658 -0.177527 -23.290122 5.575149 -5.089880 -22.803704 3.921659 -35.805850 9.431140 -2.438471 -15.957413 5.047424 -8.601213 27.025322 4.905887 5.238960 34.735464 -1.272321 -6.740820 -18.092230 7.878961 10.573882 14.897302 -3.670616 -1.309741 -7.150599 -24.620494 24.055330 24.014293 0.854001 3.703542 -13.948925 -10.935652 -21.271494 8.005788 8.752577 -8.683463 -4.048568 -0.478821 15.163388 -13.527459 -24.387659 16.481250 -6.725613 12.735519 9.842949 -9.479194 -5.489025 -16.603879 -8.840422 13.421019 5.514745 -6.433102 11.032618 20.806650 -10.637295 4.082278 10.986955 -9.938605 2.518008 -20.558717 -15.241994 31.914916 -5.201870 -14.526535 2.391034 -4.159018 2.414488 -31.733546 15.821782 -26.651542 14.263650 -13.917073 -12.963113 21.330165 -4.472218 -4.026113 -4.478292 23.704946 10.668760 1.431799 9.189829 4.397840 -4.501230 -6.950488 14.680528 5.575397 6.161450 25.806340 7.782344 49.142298 3.732363 -30.741643 -12.884382 -15.461004 -4.038917 27.603883 16.874947 -8.520369 -7.459080 -12.297124 25.171087 -4.242577 -7.398204 -2.588531 9.660256 -0.939070 -22.156807 2.863784 -10.390380 7.617741 -22.621642 -19.668347 1.831458 -16.079710 29.182397 9.632463 -4.079185 -9.068924 -28.216266 -21.832043 8.773657 9.489226 2.582075 14.006747 16.325454 -0.684020 7.020268 -13.347095 -4.347121 13.045763 -3.076380 -1.827909 -10.651334 -10.612813 -2.688118 -16.098489 14.350738 -3.149442 15.075096 16.418554 35.067037 -12.198843 -15.893245 17.192672 12.023749 8.051239 -10.461338 7.120617 -5.426366 -50.840691 3.865149 17.190797 17.232085 -13.079469 -6.079885 -10.177930 -19.977000 4.771602 -14.071794 -16.237063 -1.237892 3.200930 8.282785 -9.891251 -10.059002 -1.089955 -7.471318 0.800899 -28.407562 -0.514642 12.767228 -12.883873 -13.729961 -22.723620 11.122131 -0.467649 14.097114 -4.496840 17.012136 11.600260 -22.641205 -11.495991 -11.005160 -24.194081 -6.335977 7.303185 -3.406315 2.626934 -2.962364 9.545871 4.212231 13.799854 -0.288845 -7.130408 5.517941 19.865471 31.512276 -19.632944 
9.694928 -1.742419 8.300137 -1.327215 21.967115 -26.556456 -22.115942 2.531215 7.328867 -13.875709 3.007130 -5.500465 -14.203058 -4.002401 -12.140107 14.258178 11.303867 -4.576066 20.435890 -11.144659 -1.411725 0.156988 -17.180839 2.411109 -2.470354 8.467524 23.386201 10.166330 -2.944292 -5.893980 -16.008470 14.537300 -42.381502 24.480109 -12.550109 -17.415867 -28.830327 -4.062125 -9.632606 20.549817 11.263982 9.031807 2.749355 -17.859590 -2.642085 -17.455707 -1.720671 -11.425600 -3.945060 14.420604 22.167810 -5.277417 15.711582 -17.038516 4.741011 -0.909477 -16.496191 7.574667 10.528340 -1.510009 7.232236 -0.626913 -12.314282 -7.898046 14.351825 -16.801568 18.377016 -4.112476 0.266152 7.141131 -7.118268 21.068398 -0.021292 -0.137169 -2.451005 17.469360 3.531551 -15.515420 22.418916 8.161271 17.917858 20.035793 -10.141545 13.128725 -8.212249 -21.658150 9.350600 9.462529 -5.479044 -14.002615 -8.215070 -25.941915 4.065224 3.532961 2.650953 21.847996 3.241244 12.706808 -3.340202 -25.957508 -21.699592 21.225763 -20.825332 -4.970947 -9.470618 18.150122 25.155010 -14.870661 -0.079973 -6.376856 3.341462 12.360238 -1.352557 17.031407 -32.298458 19.754231 9.313582 -23.619667 -20.285495 -4.721476 14.149794 -7.509558 10.834468 0.098023 -1.469247 -0.962641 -4.382732 26.883814 -6.952290 17.149039 -21.939083 16.545273 -1.462144 -19.159900 -32.337822 3.278204 -22.088819 -6.196931 -18.844722 3.294868 -3.644554 8.387402 10.752841 10.248155 -16.800192 16.422618 -2.612042 -6.128163 3.938670 34.954867 -0.539844 27.897695 -29.944258 -5.029187 2.655201 4.342927 -19.258674 11.688463 -3.026264 17.341632 -12.376518 -28.841261 -11.262668 -23.439289 -9.455632 7.720789 1.023382 -0.063021 39.787789 -10.998611 10.522433 13.976744 38.629649 4.773360 24.592205 15.009845 0.998921 0.663035 15.063678 -18.496557 7.295670 36.192272 -13.144494 -1.390779 14.421270 25.636973 -12.356469 -1.654317 -5.243449 3.414396 -21.727786 -20.122150 18.874809 -18.404273 -15.430690 -4.156743 7.800972 -0.868447 -6.344046 2.670014 
-9.818262 1.170450 -16.943522 6.961906 4.392464 -9.700262 13.346066 14.902617 -27.875707 8.216383 5.206886 -15.283762 34.126346 5.496973 21.690951 32.347365 -32.401068 4.960833 -2.951410 -18.500990 14.800607 8.425505 -4.595725 6.224799 -15.957555 -18.699153 -12.052575 -4.279699 10.062016 7.635775 11.254077 -3.900668 1.135435 2.725851 -10.518429 16.065293 12.513309 -20.248100 6.886349 15.624876 -1.811150 14.085583 -11.561234 1.539251 -9.054645 -15.354629 -3.156391 19.152965 4.285012 2.141310 7.694386 19.241080 -3.514085 33.100086 11.004752 15.703368 -6.065240 -7.372262 -5.504033 1.970114 15.669215 21.469922 25.929319 5.844023 19.384984 -4.409393 -0.963006 -0.942117 3.000237 9.077758 10.731255 -18.858122 10.183012 12.132299 -1.772572 1.840563 3.848777 -2.424230 -2.644150 -2.436947 -24.338817 -12.943747 -10.541127 25.711439 -14.838831 -13.842282 2.532743 -6.852432 -11.993538 27.356384 5.298821 2.701189 22.022791 15.836844 -8.552378 -4.829062 8.841560 9.419360 16.599901 -6.315423 -9.164413 -22.728272 20.924049 13.743291 14.860383 -17.887433 -16.624189 -12.931226 -7.419703 11.649080 -30.021002 1.840101 -11.704958 11.970102 11.273630 -22.321987 -0.394119 -1.726536 3.532942 -21.826727 -0.499338 -36.462016 0.709959 6.789440 -4.097537 13.635331 -23.843059 -8.020959 14.615691 3.945889 10.293700 15.702925 4.306917 -1.340652 8.474327 -28.325137 8.658545 -17.055661 10.828092 -30.689508 4.833855 -21.677126 18.466363 -10.143879 5.612676 8.241004 -4.862562 14.360681 -23.192124 -22.968664 -0.725948 -9.203893 -11.684303 -24.523254 10.229292 -3.189740 -10.059929 13.698931 -26.948679 11.366575 20.219066 11.156580 -25.648171 6.393585 -2.979393 -11.994404 -8.331585 22.999640 -15.258747 -5.797562 -29.399343 0.257513 -7.115734 8.550017 6.391007 2.253892 1.486091 17.419991 -18.560732 -2.879794 18.545142 4.466691 12.386368 -9.139100 -2.510869 -17.450691 -14.716066 25.863949 34.066567 9.412161 -22.287143 14.410049 -10.699083 -19.572240 -7.141593 4.908741 -18.425598 17.054672 -5.038296 0.519869 
-1.668117 -10.039452 1.944047 0.844721 -8.944106 12.920126 -8.650071 -20.737191 14.748796 -8.625800 24.132435 6.635579 -30.274621 15.287243 -6.019770 10.246164 -3.984256 -10.961324 8.175927 4.693447 -6.696533 1.529583 9.130864 -2.637800 18.637843 0.743517 -10.804527 1.405054 0.464348 -20.097041 4.546790 -18.311665 2.303639 -4.638848 -25.197481 -16.332842 1.629897 -18.310195 8.000383 9.625794 -14.085936 29.952039 -0.003346 13.953105 -2.440420 5.742449 12.234330 -6.703686 3.918530 8.786137 -10.923612 -31.650946 17.769323 14.501248 7.829756 11.763377 10.992581 -4.405185 15.003204 -24.876218 -2.614513 38.934649 16.471986 9.549366 -7.753956 2.511606 -26.159142 -8.876167 15.960096 -7.741253 -0.822144 11.554868 -8.667009 -12.618203 -12.511403 16.105544 -15.031653 -8.551956 4.235911 -25.477049 4.135348 -3.049189 7.099171 -11.818157 -2.291810 4.672343 1.434345 20.416498 -10.627554 3.686543 -15.588308 -11.723973 -12.645238 9.984180 11.062166 20.633803 17.374315 -0.923191 1.263241 -10.176166 14.591560 16.160117 -7.432567 -15.354517 27.168967 -2.688255 2.139634 -3.313825 10.955400 12.650122 -8.531254 -21.711456 -7.138096 -0.361181 -2.722018 -7.698525 -35.972776 -6.687868 -4.388287 12.861653 26.809969 -3.175521 2.363060 -5.799162 -6.812735 6.588945 -2.276973 -7.558154 8.185948 23.869890 3.972461 20.205916 -8.561181 -8.027451 1.946686 1.812229 -13.351159 -11.215435 23.411940 -19.679991 19.135940 8.383117 9.385516 -2.121816 0.878469 3.275283 0.402923 -7.781045 15.367979 1.106426 10.081282 9.624632 -27.816370 4.936517 14.885858 -31.157751 15.784216 -13.129966 6.284726 25.153211 -0.445541 10.240344 3.213968 -0.353441 -38.654290 -15.501946 21.711701 11.111373 -3.221541 -13.076399 -11.446961 -13.520519 3.978167 9.861636 4.461048 6.669740 12.270578 -7.479672 11.524748 1.317850 20.166700 -1.316655 15.225456 11.519981 1.082024 2.209685 -9.145719 -2.502019 17.599129 4.007036 -16.722495 -5.362149 -44.315945 1.625456 -8.038090 -1.252573 2.002841 -16.080140 -5.520475 17.887327 
-15.205649 8.664824 -16.890703 14.715084 22.113601 0.948064 -23.058519 -5.226416 0.547717 15.509419 0.567283 3.602298 -1.002282 5.444241 -0.340036 -2.384740 15.024118 1.098259 -27.805479 -1.282654 -15.996487 1.319917 -6.884866 -10.504701 7.691848 -6.045779 -9.563316 -16.680933 -20.004004 24.671803 -13.322913 3.385696 -23.668546 -7.556724 -19.175344 -0.047148 -1.687527 -7.346247 -13.442207 25.437454 8.940390 -25.445027 13.366711 -5.008101 -5.226341 13.339503 2.933555 5.959415 -17.955559 -19.604159 4.347553 8.446541 28.573993 14.862757 -3.911143 1.889876 14.285488 5.222701 15.417351 12.535360 -10.012787 6.293142 -1.783913 -12.117230 1.069580 14.899343 7.087674 -20.019417 21.831049 -16.224124 -8.512662 4.570949 25.849957 -27.422430 1.355279 -4.031705 1.070736 14.903521 28.237884 6.160933 -36.594479 18.444311 -1.445233 15.485466 -16.034152 6.551553 11.782193 17.379227 3.509763 -2.641524 -20.834070 -6.456400 -9.925781 -0.052829 -3.179310 16.761286 -25.398226 10.444622 -14.323895 17.054103 1.210022 -9.196147 -4.696726 -1.941040 28.698338 3.764337 6.675579 18.111559 37.422691 23.912544 10.840676 -4.343815 15.046538 -10.639669 -12.317403 -20.027946 -13.710969 -4.654905 6.808903 5.362065 23.349376 22.133054 -4.304380 -16.223507 5.359967 47.054178 4.020618 16.435899 25.450988 2.867392 20.588416 14.037237 -21.108750 -8.122554 1.561074 -14.843802 30.129117 -14.973740 -3.764500 4.534428 26.919180 -19.255473 4.540955 16.766770 17.827201 0.205961 2.134941 -17.331542 33.067466 0.624158 3.458279 34.412043 7.404444 -20.531822 5.805442 -23.556707 -9.649387 6.111019 -8.612715 34.260878 -8.859580 4.501027 12.145452 3.796565 -0.450347 -10.257525 4.328605 -18.109514 8.734779 4.307008 -10.344496 5.550501 11.381882 -15.618924 3.952328 -6.052950 -8.855392 -2.902246 -3.345015 2.253751 -3.489634 3.395993 -3.552310 -13.592131 9.368419 7.056717 -7.929340 -0.777968 -6.354254 5.751172 -16.167672 2.315442 -19.646250 -10.901414 -12.700173 -1.925386 -25.894736 0.829374 23.754037 21.777939 
-12.520690 10.891321 28.020410 35.597900 21.775559 -14.302842 -10.977987 -7.993883 0.682229 -23.621469 24.366872 10.189201 -3.252226 6.218734 15.314467 -11.967087 -13.504770 15.016076 -3.556348 -20.959473 -2.829956 -2.744192 0.413491 2.716367 -3.915640 16.973851 24.619461 -3.520627 19.654137 11.573193 -11.026044 -31.716433 18.548343 -6.450411 -16.657243 1.937421 24.473896 -24.119052 -0.410978 33.518255 -17.632078 -6.117952 -7.240188 -9.382303 21.060800 32.567808 -12.752258 9.986781 17.996757 33.447508 -3.325275 19.816196 13.074701 -23.328384 6.754205 5.645260 10.483794 7.537887 -16.233680 -1.907644 -8.516824 -16.450609 -8.961909 15.080103 -2.910636 35.321006 -40.823626 13.119324 -28.576019 -15.311594 -3.822092 14.391947 0.225552 5.518162 -15.482022 -0.752715 34.638773 0.417716 12.187346 -6.125112 13.884754 20.941427 12.377935 -17.116456 -18.740864 11.013928 -30.114154 -15.060302 10.733569 -6.877859 -13.128411 5.237606 5.752710 -17.005794 -13.860285 9.717119 26.853575 -5.371764 10.606826 -52.400896 31.162033 -3.059965 11.701265 7.214127 -1.991206 5.241560 -1.661147 12.085706 -13.726863 -19.809640 1.679600 -12.886855 6.081470 15.333610 5.615160 -24.725620 25.310306 -15.350304 -23.449379 8.871707 4.858767 -11.638529 3.645935 -2.322335 17.163554 -17.063305 -20.533597 6.297677 -10.108277 23.544681 -20.813091 9.877974 -30.780040 -4.054449 -7.207258 -13.339666 25.598151 19.557332 -16.155354 -19.742624 4.793445 11.453943 0.762578 18.931097 8.813634 3.717149 -2.915000 21.027791 -7.038166 -16.634856 -9.902994 -7.196773 -18.872350 22.622681 -11.071874 5.273210 -20.185371 -29.667039 -1.359563 -16.918415 4.820287 -17.241489 -7.767553 21.804604 -13.841098 -20.312251 -20.120874 -1.604693 9.944086 5.726418 20.427491 -9.203655 -16.547177 3.857309 -27.563300 12.736525 -29.085647 -28.915525 -12.434498 31.200641 -19.043758 -9.386075 -27.398010 -5.672308 1.866230 17.998172 -22.702721 1.873362 36.442824 36.315343 -1.064494 -3.186487 23.366587 11.306615 1.868066 14.797495 -12.593132 5.195888 14.106127 -3.558055 
21.030882 -11.034809 -31.229073 6.568673 22.033014 7.837081 -5.423573 4.869770 -11.930952 24.014337 -16.023931 -2.067155 18.245917 -2.044846 2.769910 11.369965 -2.871358 -21.211104 -8.418259 15.373789 0.581016 3.413730 -10.500098 -30.411901 12.825829 1.754789 21.384001 18.020403 29.414271 -12.080900 0.461227 -3.259123 15.479482 -22.800656 18.750966 -10.927866 1.483626 13.951501 -0.653979 10.789558 15.972681 16.771599 5.802648 -9.464808 -4.272371 -8.298108 16.529012 3.096940 -11.326343 -13.415854 28.982848 -16.776051 2.283244 -9.160187 -9.772257 -13.402728 -2.825069 10.170879 6.455866 11.054828 -2.333018 1.320927 13.177496 -9.646086 0.404087 12.538667 27.772368 -11.886036 28.447179 -22.897907 16.195646 -15.551278 15.834655 -15.429729 4.269359 -21.259955 -26.784375 -15.722044 0.736584 -10.175511 24.181679 0.152033 19.631757 3.294736 32.513158 -7.965709 9.994220 20.207775 -4.932044 19.219608 13.547173 -8.096442 -25.093807 21.274979 1.485409 -8.174051 1.576134 -3.816764 -3.987560 22.490171 -9.008055 18.904122 -7.797539 -2.571434 -10.201207 3.670411 13.419917 -1.282893 15.809009 22.540877 11.142583 -0.834542 0.145604 2.680525 26.270500 -4.900998 -6.767222 2.415374 7.085149 -10.672086 11.626613 18.650503 -2.756219 9.059740 -1.103400 -7.996024 -21.794673 -0.531923 23.358642 -11.696172 4.746227 -10.685792 -4.740223 -7.814203 -5.098628 0.652543 -1.871904 11.598741 -20.533690 -1.886757 8.209409 -7.777999 6.597197 -10.970235 -8.613028 -1.412158 -7.788221 -6.951214 11.821280 16.480171 12.650352 5.773286 13.389511 -3.819897 -0.684738 -2.998418 2.672991 -4.235391 31.905765 -11.712942 23.496927 9.281873 -9.753806 -1.780202 -22.775782 -2.044238 4.987131 7.439518 -19.441761 15.838613 -19.256951 -7.659530 -9.252977 9.831537 6.053111 2.597556 11.564932 -2.175839 -10.814411 4.197815 2.964134 8.089768 12.085310 3.683336 -16.157988 7.384082 8.294039 -1.166710 -12.346049 -24.622444 28.650038 -0.927899 -43.773268 -35.028002 10.027054 0.072561 0.452519 -26.029165 -8.149624 19.357173 
-1.837174 14.050007 2.660417 -0.262301 2.570175 3.802483 -5.751546 -13.001458 10.109822 7.328596 -9.080263 7.943576 3.605046 -0.468581 11.585865 -3.328708 9.927221 -14.828564 3.318862 5.094453 11.975632 -0.502623 -10.617142 -6.620551 -2.805474 -5.195350 -23.154616 -15.609195 -7.568107 -7.045401 18.880878 8.350090 9.274166 -15.970515 16.252495 -8.667953 -3.484934 18.026671 7.493140 -5.155114 7.072006 -17.210152 -22.937770 -32.896536 23.912673 -23.554190 -31.470989 17.503934 22.402914 24.963399 1.448972 -1.340917 20.686837 -10.070175 12.243795 7.217070 9.349150 -0.429217 -6.822372 -11.525719 5.747613 18.264127 26.312064 -5.535064 -8.092176 -2.918037 4.630864 -2.598532 -10.476469 22.111443 20.956173 23.904728 -27.141501 -11.010205 9.452756 18.199192 -18.158325 -10.272277 1.819582 -22.933604 -13.697849 -12.983904 -7.299541 14.193722 30.344835 2.082757 12.648569 -11.600030 -14.833767 -17.001095 6.059010 21.338374 6.544837 26.555780 -0.770459 30.151003 -10.100392 -1.122472 -2.303837 -22.225950 1.846472 4.350650 6.502015 -11.635449 -2.324883 -26.788296 8.263247 13.130213 -20.540223 -4.192209 -14.041679 21.665369 -14.445116 -21.234645 15.227935 14.066528 -1.474779 -22.032680 1.311667 -38.931211 18.137956 -22.211258 -1.674751 20.985696 -3.547882 1.574630 -5.073038 8.987066 6.497199 -25.533838 -3.821114 -8.427144 7.793231 -34.631023 9.118471 -6.596478 -4.393625 3.613372 26.118402 1.407681 -14.859246 -8.628736 -12.128073 0.925529 -1.451375 10.136299 31.401909 27.987366 -11.246574 -19.577481 -18.714359 18.113870 6.105205 2.777515 -10.789600 4.268564 4.349593 -4.075580 -33.777433 4.202832 38.669037 2.315155 19.063906 1.197552 29.400821 -4.106158 0.372826 14.525532 12.480862 1.391958 12.531296 23.353810 -25.839449 1.398241 7.314630 -20.420639 8.651580 -26.744223 7.188357 -27.774642 -8.807814 -1.070697 9.038848 17.164957 -28.248930 1.288117 -18.385229 16.126262 27.041559 16.625243 9.550746 17.817548 -23.757951 7.369895 -24.425609 -8.586558 18.519096 -25.598758 28.596733 -12.561010 
3.749969 15.821277 30.376583 -11.711491 31.252306 17.287439 -5.420511 7.241088 -17.266539 0.160676 20.805386 8.891965 -9.954368 -23.087765 -2.741886 10.438184 14.071101 -1.598261 14.175193 8.184356 -25.820393 -20.980348 19.588578 -20.981129 39.224530 4.870080 -12.617907 -0.141644 -12.033774 -5.069006 -14.215318 4.544801 -4.038587 20.041980 -1.200283 10.075971 -12.801470 16.766148 -11.337772 -3.514673 -8.721956 6.976675 14.648917 -2.759354 16.167177 30.291377 30.816927 -9.257869 24.737803 12.253653 1.144523 6.269530 -17.819621 -0.220188 6.392597 -1.038909 8.694246 12.874305 5.566871 -7.938549 17.535429 -2.115298 9.435426 24.041223 18.836898 -18.455635 14.423052 7.632699 -11.139150 -5.929645 -4.604359 16.338308 -16.579176 -5.043293 -8.728338 8.112367 5.750201 9.540866 -3.598978 -8.634974 1.185951 -17.589693 -30.628590 -12.129292 14.703746 6.692631 26.824139 -19.894533 22.989967 -17.669393 2.623376 -10.148309 29.278414 -15.231032 17.277151 -3.204356 -4.559688 -11.037245 -22.331062 -11.076566 -4.968403 -16.838018 -12.290001 -4.589081 14.307547 9.240143 18.675972 -8.118595 -8.829270 -24.562294 -11.499015 -2.031123 23.138983 -27.071533 -33.806635 -1.547686 2.622842 -1.566409 26.589209 -13.717706 20.645817 9.909427 4.263264 -5.600793 -13.837972 1.333758 19.422354 -0.803227 -2.932540 21.817950 0.319299 -3.359396 -1.056724 4.781213 -0.540666 -23.466719 27.893776 -0.379059 -7.977150 -2.137871 7.824645 -10.487125 9.416755 -30.152457 -0.021420 4.668774 -4.430982 -20.867638 8.701713 4.215875 11.187817 20.696641 9.986666 7.860400 -7.517322 -22.719172 8.902138 13.260259 5.380809 0.802271 7.081215 -2.838179 12.463812 -2.165978 2.712438 22.474318 8.933177 -32.475278 19.287583 -24.643618 27.376037 -15.042834 -7.589108 1.416121 -19.472083 -0.687205 15.070675 0.997740 -25.775578 -14.832849 -6.215908 33.343097 -5.163514 -2.380399 21.845104 7.207406 10.529234 -4.203868 -10.141189 17.062564 29.628688 3.977865 41.806073 14.959439 -15.584878 11.163326 32.127511 7.255864 7.045689 19.211158 
14.676620 -7.653634 -0.775048 7.299820 -27.068050 5.768629 -3.526497 -22.028923 16.993822 -21.406935 -25.260929 -3.323163 -28.581192 18.317060 17.410708 16.359382 6.113198 -5.580848 -15.222692 -9.019860 12.908628 -2.618927 15.887701 21.553766 -13.373370 -4.033555 7.007791 -3.170622 -9.999723 -18.858365 -6.289013 4.268582 -12.933942 8.329696 -7.949351 -10.333599 10.595253 -18.970234 -0.373167 16.780204 4.987044 23.789458 18.072826 -0.494491 -5.472191 -2.603944 -6.695084 17.475606 22.983546 7.522261 -5.659149 -20.694012 15.922023 20.266763 -7.938958 -2.277904 4.761341 36.240642 -6.624771 23.070968 -3.066203 23.429793 17.557092 16.188369 -26.028960 -28.787087 -7.220043 -8.683718 7.175643 3.761239 -17.114892 0.748657 9.690913 -1.576102 -9.123572 -18.380397 -3.110911 5.966174 -9.452890 -12.393961 -0.178311 5.537456 -5.167834 -9.928068 -33.961653 -5.468991 -35.216754 -7.084019 -4.049429 -15.238925 26.184927 12.901678 20.883816 -4.188426 -0.980898 11.261888 -1.266789 -17.805776 17.647540 -3.603583 11.541838 4.177033 -1.475458 23.519921 -10.543683 0.021557 -10.490749 -5.214956 1.806890 -22.172824 -9.292510 -4.406244 4.637185 40.945906 -1.602733 7.201283 1.860007 5.416002 9.062432 -19.254319 -13.902244 -0.419969 16.677268 22.438095 8.841636 0.541035 -4.077749 -11.093331 6.130700 18.322628 -16.817293 12.078195 -4.160991 -29.491510 -5.432262 12.818707 -30.022503 18.626162 16.607636 -8.651541 34.374284 -35.071363 -10.190900 -6.044994 -15.248185 -28.407806 -33.007865 6.040108 -26.470996 30.432895 4.601780 9.190346 -4.796861 -13.241555 -9.463130 4.071125 -35.941893 10.029822 -0.229670 -4.024580 -2.206783 17.427554 1.288345 -10.884515 7.182411 7.831224 15.905187 -6.305365 -13.915869 -5.762897 5.483005 9.299251 -3.287724 -19.741604 6.424381 10.312367 -4.190256 19.544717 0.215337 26.760553 19.629076 11.698500 -5.973579 -0.534374 12.456796 6.164019 -7.928387 -11.379052 19.007886 -9.831391 4.375305 1.750886 -29.390855 24.453114 5.557531 -4.435221 -19.307598 -2.075387 -3.651308 16.817916 
-14.325901 15.199278 -1.403463 -7.244523 -5.273773 0.560725 -2.650787 6.776016 -4.964356 -11.936834 10.442877 19.432299 -39.689816 5.427630 11.158062 -43.633247 12.160696 2.426681 3.334034 8.574325 25.917269 -1.233003 18.466653 2.366040 11.992890 -0.807183 -3.132667 -6.911685 -22.642310 -9.135873 -2.972197 2.974996 -23.441677 0.999600 -21.011521 -8.233346 0.807787 -18.853055 -1.469801 4.985465 6.478640 0.209012 -10.129862 6.540993 -18.202970 -1.101329 0.231368 -9.349311 9.909836 -2.294669 -13.633398 -20.603055 -2.785095 20.846062 -15.149832 -37.836395 2.213669 26.446818 12.229771 22.373466 -4.193734 12.727477 -3.100253 7.702761 -9.668590 -17.530449 -1.566047 -42.795870 8.721471 -10.522509 15.940759 7.510699 6.265848 7.170000 17.639532 -13.254277 15.888876 9.426838 3.959548 19.394243 -9.676087 26.755446 9.004014 9.666666 9.245968 -3.706670 -3.541527 0.819729 -8.721031 -20.058557 5.396799 16.966318 -7.403959 1.551335 -1.095652 -15.851926 -29.341566 6.570490 -6.095196 12.422264 -6.476144 -16.266589 -1.961375 -10.277621 -17.571162 -3.354679 23.983022 -1.216003 -17.713586 13.194123 -1.283596 4.933323 10.224875 4.204137 3.213966 8.017513 -6.511930 3.309201 22.551843 7.485512 -35.063820 -7.578223 3.393221 -3.842222 9.068429 -1.262790 27.405177 6.353588 1.516175 -8.714451 -32.506227 8.666522 14.526996 -22.454368 9.012332 12.175442 23.196737 17.783256 11.311566 -23.288851 11.054329 1.717977 14.257676 1.156225 -0.104214 10.227482 -2.095537 10.241684 26.859299 -2.034483 -23.000137 4.018148 13.062707 -8.259799 -11.257978 -25.204848 -12.973302 -15.955862 -14.336385 -10.686452 -9.640799 -15.059236 12.062549 -17.726648 32.033005 3.837427 -1.955294 -20.747398 8.843188 4.248337 -13.264754 3.737245 11.297455 -5.919729 -8.098894 -11.187129 -28.216957 -24.696623 14.066031 10.092263 -7.852402 8.663771 -2.698205 7.535052 -8.348529 28.624816 -11.068535 4.360282 -0.433934 13.024689 11.168082 3.818161 -10.055469 -21.896411 11.365478 0.492073 9.131310 17.817755 1.979234 15.984382 
-0.243460 2.692322 -0.646554 -12.351212 -22.786967 3.917338 18.097435 -8.148835 -2.295824 -16.599281 -16.472827 4.227621 -0.318120 9.462428 7.159826 -2.731585 7.897926 26.850838 9.489730 5.780917 -7.881251 22.999284 -2.422978 10.674604 2.057710 11.904747 17.458866 2.914570 2.197673 -11.173881 -3.387541 4.178418 13.790613 8.788707 7.910109 -2.363023 3.012025 -13.961434 11.141980 10.496710 5.300078 -1.177291 -1.245196 9.138916 1.600328 16.393218 11.027561 11.132550 -11.568868 -9.448512 -12.392768 1.109314 -9.671467 5.471845 8.486646 0.625778 -5.116145 -9.702885 0.420229 0.153108 -6.920069 14.256780 -5.702828 14.036896 13.084360 -21.493129 -3.999931 30.768504 -23.334024 7.412316 -3.639923 10.855533 -21.816288 -3.907693 -8.665259 3.860956 16.534957 -2.322801 6.474970 -4.919391 -15.863552 -23.454419 -2.417387 2.294758 -11.215994 1.554790 -18.972873 -5.302371 -0.476570 2.128332 -3.270696 -7.001727 8.163392 -10.718139 1.428706 5.956428 -4.402163 -16.835291 17.523666 -31.353214 32.383974 0.684941 4.188808 -7.605200 15.519195 -27.349396 -1.723392 -22.281797 -4.457369 -11.509471 -14.336271 23.525121 -1.573386 -5.547160 -5.348486 3.921838 17.970930 -2.380772 1.338407 -2.855801 28.968579 -2.703047 12.431373 17.619369 -1.227012 12.235742 -36.620528 12.156002 -8.995420 -19.738819 -1.048186 -8.155338 -3.823725 -1.888888 44.996753 -12.993637 0.197121 -14.480632 10.599361 2.701100 -8.364638 8.301381 -6.459967 6.081632 -12.916206 -30.727805 13.577958 9.777793 -5.822174 -11.636521 -14.531818 -27.735005 -0.773832 13.758069 -5.190313 -5.256625 -2.635974 0.185390 11.594435 -7.798452 -6.537058 -22.140042 -3.089426 0.721206 -5.678146 -13.124114 -14.080590 21.972918 12.863737 7.915979 -16.823106 -8.305524 -8.049447 -19.558553 18.288324 5.075226 7.431463 -13.657959 -6.318617 -11.480441 2.286622 19.029297 10.327096 -17.883381 -6.890403 23.708883 -11.956841 -28.500938 4.973384 -5.208220 1.352785 22.283478 5.782405 -6.806506 -11.079387 -3.806335 5.625265 -0.746071 15.171275 -6.245752 
2.540013 12.785687 -4.036903 -20.501467 -16.526106 12.459669 -24.875951 5.668221 -18.780319 7.937966 -12.940378 14.277644 9.053433 -9.343967 17.861854 -24.044817 7.700851 38.197357 -0.172841 15.451583 -9.150551 -0.607816 -11.653765 7.658012 23.025757 -5.933068 -11.647874 8.286262 -4.958241 -14.156986 -9.133802 -18.986668 18.994725 -4.157674 -9.872234 -16.074520 17.125111 0.518148 7.470787 -14.494765 -14.405761 -12.298212 3.608770 -16.212166 3.173307 5.901911 8.124112 3.556304 25.501868 -21.404657 -11.794713 -6.692663 10.439955 2.033871 3.890366 2.272386 12.824136 -10.007300 -4.543257 -3.308411 22.994723 20.719384 4.281890 -18.322583 10.081880 -13.950996 2.510789 20.084762 -17.385702 13.256957 -4.500607 6.100213 -13.136618 -14.618237 -16.085546 -11.933668 6.104575 -4.618671 1.693905 -4.995200 -19.982961 -0.442393 -15.817854 -14.356607 3.965539 -6.380451 -4.913447 4.199123 -3.039924 8.340409 10.787496 4.837267 21.757767 -0.741261 12.198851 6.384418 -1.922971 -8.638019 15.767664 -1.454066 -5.492208 -19.627842 9.115542 -10.213452 17.929187 -18.721727 11.528145 2.996041 0.671340 -3.521245 -3.768202 4.689436 -30.138123 11.376782 9.131739 -0.697982 -5.987469 -5.279938 7.198571 -14.783540 -7.192511 -11.002821 -7.032371 -12.470266 -6.051399 -16.935505 2.278365 6.051579 -0.559212 2.878889 -2.846993 -6.496301 -7.354779 -0.702185 22.246770 17.032303 1.149554 15.378761 11.047062 -17.741798 -1.304175 3.603538 13.654202 1.076222 -1.591947 -14.598723 14.058325 -5.831855 -11.015335 12.159625 -2.637765 -19.542535 17.586306 -11.864408 36.378678 5.815271 18.323399 -8.782094 -26.441074 -3.160081 8.697188 33.914130 12.575801 -11.541969 38.816703 -8.300872 16.336586 1.016244 -0.822673 -5.348315 12.355920 2.039961 -10.782208 -19.322325 9.592456 -14.739063 19.764935 15.927675 12.114599 -12.263374 9.610058 -10.887659 -2.449463 0.980137 10.751088 -5.455127 -5.175720 18.269413 2.321797 21.812048 -5.693407 34.481598 21.249292 14.457805 -28.949636 -1.663926 8.059377 -12.574217 -2.365174 0.613923 
-5.734360 -7.178691 -0.233684 -13.067628 16.254848 22.299560 -12.869272 13.766948 -5.388384 -21.224486 -15.797809 -2.083038 -4.382964 3.043799 10.042953 1.084304 6.205252 12.997261 3.576948 11.008865 18.870626 3.262430 -7.584683 -0.001608 -31.387479 -3.207043 5.538554 -17.101686 -2.221636 2.256361 14.313789 4.224919 8.915219 -9.967524 32.193183 -25.760886 -6.886673 6.712477 12.292232 -8.258948 7.202831 -13.420886 -4.290189 36.218005 -4.793034 4.228705 2.775989 7.530031 1.781971 19.310685 9.155408 -4.950755 -6.489038 -11.236005 17.263789 -17.089825 4.750104 -10.517620 9.672966 -2.253793 -1.998174 4.151643 4.824269 1.128497 -11.089819 -1.406802 16.077690 -34.899203 20.416297 -0.049979 -2.304770 -14.677040 -4.967958 -20.697186 5.828055 -6.399023 0.424201 6.432035 1.557108 0.965369 -13.960695 4.513414 5.714370 -7.415620 -0.490037 15.159470 24.508187 -11.970545 0.724422 -5.364466 -35.164208 17.728535 -9.055166 -12.153514 -2.818221 16.353791 1.366490 -2.143540 2.132266 -5.570404 -2.052683 -25.970377 6.087991 -24.474049 -15.644452 -13.259369 -9.572015 -0.554050 16.367811 17.038122 1.484225 -20.335087 -7.613607 17.380258 10.983632 -8.544854 -25.835448 -11.817339 -2.306984 1.044503 4.919765 -17.208026 17.154761 -7.899054 20.458476 -12.901941 -3.616779 3.193127 14.381352 -23.555196 4.230838 8.873322 14.212591 -16.247488 -1.353135 13.490905 -18.330354 -1.016208 4.532356 -11.627763 -21.180186 -3.063542 -4.390608 4.919162 -3.996519 22.022654 5.653910 4.203499 -23.757779 -6.748604 -8.698655 26.979793 -1.523776 -11.550944 33.163213 15.964532 -22.843200 -31.805822 -7.685394 -18.339420 34.494905 2.989821 -3.258186 0.584329 14.030195 -23.353741 8.921680 -9.921641 -7.290416 -18.910110 1.726487 4.688787 -5.365979 17.761824 1.580605 -1.362747 0.969233 11.655703 47.922722 29.066723 -8.441178 6.130391 36.044463 -23.662309 -11.084549 0.301488 21.742880 1.049006 3.456046 6.819751 26.522557 0.745507 -25.194680 -26.968497 -14.987517 -9.681891 -8.002187 -10.702478 -9.678728 -3.122102 
7.966375 5.569470 -12.268824 0.117130 17.173762 9.581074 14.848218 15.577801 -10.757653 11.669691 -0.704263 -1.914086 -19.139113 2.591288 -2.615349 -8.954640 3.014687 9.247855 -6.453210 16.889547 8.200158 7.420719 2.947693 -13.359285 -24.395250 -1.449838 -22.687629 5.365277 11.680420 3.220524 -27.190212 -18.458923 -8.622510 3.351808 -12.647609 -0.462933 22.611362 -5.579005 1.076018 20.636625 -16.622236 -5.437994 14.203195 12.247315 -8.324198 -15.635590 -15.503190 -7.633575 7.504284 -13.670093 -9.980721 8.508148 7.507191 -23.691890 22.075211 -10.765937 15.662291 -4.004988 -9.763103 -12.657654 -0.864830 -4.524453 -16.715410 -1.157629 -2.947340 31.562164 8.557695 -0.527354 -14.377782 12.357145 2.176873 18.429272 2.906640 6.798741 -24.408394 9.090685 -11.864749 1.662158 14.211818 -5.515725 5.460008 -1.325823 17.697778 18.157570 0.599499 -12.735356 9.052715 -0.694531 -17.096769 -7.288873 7.517072 -7.861688 -25.896165 2.636197 -9.747973 8.057332 12.327780 -5.040913 -19.114404 -31.055630 -11.209864 -7.175965 15.295492 7.304939 8.291539 -17.700576 15.729543 3.981707 8.654545 5.312299 -16.271790 16.691952 -17.459126 -6.775258 -1.232278 -3.517096 -13.104608 -10.235293 -24.031958 7.882354 34.079692 -1.737974 -12.824452 -11.262945 23.140969 -4.455309 -9.279818 20.794441 -2.482545 3.914361 -11.249439 -18.679705 -29.954170 -8.188242 -13.951778 25.629014 -13.894863 -13.108893 16.343448 -21.538850 26.538491 10.854801 -11.331700 14.214155 -10.410406 -1.630907 -3.198817 2.170327 -3.156070 3.472241 -27.900549 22.503163 7.314675 1.667419 -2.151507 -23.010974 -16.435874 -11.326791 20.763707 1.254617 23.152629 8.748734 -1.216332 9.105598 -22.403616 -5.960896 -1.211471 6.440633 0.138121 -16.186000 2.168020 -5.127928 20.970687 1.496847 19.642084 -28.834553 3.076304 15.367487 18.491557 -12.596982 -13.787913 21.858545 -3.159776 5.078636 11.355028 7.181302 -3.895218 -14.461107 10.199544 4.726598 3.803268 28.295406 4.725454 -12.497656 -16.755383 9.420088 -17.036605 -6.134877 -8.695539 5.541717 
-5.436117 -3.346216 32.243142 -4.415419 1.697403 18.580341 14.041390 -10.053390 -25.242838 -11.809539 3.155896 -6.879283 -25.002311 5.918307 -2.718179 18.686624 -7.451914 -8.195576 -14.251910 -4.277685 -5.721706 2.387658 5.183283 -17.564763 -17.392095 -21.595390 -9.555744 5.316309 -0.968062 -5.987793 20.585465 -10.363493 7.189383 14.295247 7.098317 -2.193330 -11.706390 7.112530 -8.727848 2.561900 2.885204 11.240607 20.561277 -3.037616 8.463942 15.903914 14.308921 -18.052504 -6.449001 -0.426485 27.709076 2.005662 4.031931 -3.875934 20.413234 -22.379618 19.956376 19.270495 -18.567616 7.622105 -4.006673 9.742447 -7.218256 -0.192479 3.350092 0.838293 -8.168340 -20.169652 0.831970 -15.468686 16.158246 -1.698596 5.493300 -1.801626 -18.115641 -7.981192 8.592893 22.199650 -22.919194 15.886606 17.284166 -12.119039 2.380893 -16.405217 19.969439 -12.639050 14.794191 -19.154596 10.947338 -12.779601 12.539125 -33.555441 -38.380655 3.805211 17.514727 -5.565370 6.741669 -4.104837 -10.998763 -26.617774 5.678916 7.671739 14.074244 0.459698 -3.271628 -0.907262 -13.295295 -10.765876 3.949669 13.553995 -4.271479 11.592217 -15.280376 -24.976961 -19.286240 5.458474 -13.931602 -12.358733 13.956624 9.759820 9.296698 -2.650119 -1.053026 0.157335 14.514812 -5.736039 3.781783 -14.946450 10.744147 -5.826538 5.695440 13.064953 -9.614430 -27.438468 -4.417573 -6.269905 11.458912 -3.004315 4.988252 -14.565054 2.441876 6.944042 0.904602 14.212838 -8.414080 10.650897 -7.192560 11.878748 2.009820 12.093088 -24.574035 -2.108445 15.080588 23.025284 4.116416 -9.889707 11.586022 -11.300746 10.717437 2.405541 -27.229253 9.656703 -19.798535 34.326471 -1.529862 10.497877 -4.737725 -2.583229 -3.022659 -20.505141 -4.150491 -8.765766 26.578581 5.072202 -17.132300 -24.623150 -0.595252 -16.413444 5.585357 8.689346 -7.729462 -31.474769 6.248766 16.065807 27.009145 -15.152422 21.609470 -0.850182 -21.696102 -0.080629 23.353982 33.492327 16.013108 0.907077 9.260015 3.724772 -20.302483 3.687628 18.482847 7.088114 
-12.803764 -19.591550 5.261008 6.496145 28.708274 9.192007 0.055117 16.828548 -15.117438 1.361859 1.745026 -14.754729 1.707941 16.655075 -11.934432 -4.275624 5.125713 12.414341 -6.831768 -10.466642 -1.525699 -1.812640 -19.921670 -9.782545 -22.440007 4.344565 -16.642785 -9.223480 30.777905 23.280986 -0.170602 -4.456325 -16.942023 5.027680 0.999519 -21.069812 -3.468834 5.223511 -0.323583 1.046065 14.019254 -7.817146 -12.835796 9.229611 -12.721677 6.421986 23.265684 20.687013 19.202023 18.062728 20.985964 -7.114213 -18.025225 12.729818 -9.119734 -15.057197 10.099270 -7.435903 -23.151803 -8.851722 -4.702095 -12.742452 -0.816275 28.566167 -3.383374 4.409568 14.853747 -15.268732 8.898034 -14.370718 3.123195 -14.644006 9.636192 -15.266108 2.361527 0.259758 13.217438 -13.547428 -3.349701 -0.723486 1.304486 0.211411 14.108237 11.199857 -2.838314 -16.465355 -1.193629 -6.411681 12.064095 21.929650 -18.414751 13.317542 0.166901 -10.833169 -14.338283 -10.292015 -2.115148 30.470833 -3.303434 4.066148 8.038866 8.427898 -18.222470 23.343599 -15.118742 -18.295586 2.940459 -3.663415 -2.322026 21.471403 -23.799639 -11.268591 3.899606 4.822795 -2.694632 -6.281994 -11.815784 13.739610 -13.068258 1.102874 -0.961923 -12.273300 -5.809117 -0.233696 17.023110 -10.652191 -7.796307 1.676094 -1.196216 6.426074 -3.985679 12.509010 -5.166674 -15.517939 -13.856562 -24.000821 -0.531132 15.872288 -10.269946 0.686000 -21.882402 18.959913 -3.226006 6.303028 5.269195 22.091154 31.470599 -5.278625 -2.975951 21.881309 6.781516 -8.119386 0.437542 18.571601 -16.400617 3.140243 9.287012 -4.020645 -1.054699 3.742065 12.684381 9.454784 -13.576987 5.120498 -28.743222 9.739405 11.154403 3.710044 2.194270 3.010692 -21.137564 7.913010 3.350541 1.741177 -23.403995 -8.972764 21.132399 -5.171113 -3.501969 12.666695 -0.310737 -1.108151 -7.293872 -13.989580 -12.103928 -11.173423 1.096931 -9.272522 36.563872 14.749003 18.728016 18.917824 -6.117915 -32.049955 -19.349257 -18.775955 -18.202747 11.116631 26.192650 22.454945 
4.968630 -29.503902 3.981076 -20.637428 -1.730699 -1.120093 -15.683976 -19.958065 -1.993086 10.347230 1.008255 -5.340767 2.106339 -28.294472 -3.187855 -21.859459 16.824564 -2.307964 -10.875123 4.624612 32.974804 -31.682610 -16.472224 -0.685697 -20.603335 -14.791995 4.863865 -17.402010 -12.492972 18.627030 6.768205 1.351769 -5.194138 -14.605812 6.879352 13.525972 -11.666770 -18.171110 -29.626094 -10.855581 -1.084008 -19.485558 30.197256 -12.852911 -11.479662 10.215053 -28.670101 21.739143 -8.635928 4.064213 2.378840 14.969217 -0.488477 -6.797567 -23.815240 13.665133 3.894423 -19.057860 -8.186910 5.452473 12.617495 -17.418753 -4.908506 15.887306 5.676207 -5.443624 20.792383 -24.402775 1.324518 14.552750 16.980106 0.043149 -12.497116 -9.926628 -25.325472 17.740778 19.965241 11.521985 6.236215 25.932859 -17.663660 16.291249 15.856693 6.690331 23.031749 -17.285921 15.859180 -2.113953 10.932844 13.182187 2.473436 30.006513 -12.706437 -1.463201 0.608225 -25.983717 -8.251740 -7.173825 -21.656449 10.062948 7.322875 -11.838548 -30.429953 -9.051752 -0.113598 5.222824 -4.456809 11.221983 -12.082125 -10.292959 -2.358212 12.153287 3.143257 -9.289179 -12.987815 14.939546 -0.598291 7.020151 27.460614 3.903393 -2.236771 9.551969 30.716903 -11.083505 14.300018 -3.394781 -1.829202 7.709287 -0.386181 -2.409363 -21.063129 6.330878 -0.566711 -12.072306 -17.698685 -15.124372 10.471894 2.311403 2.271489 9.478039 2.626050 -13.337853 -9.720341 -30.161597 2.171105 13.755698 -10.259224 12.416239 1.904071 14.205182 -16.185559 18.550396 -9.247129 12.652327 -8.330703 13.933606 -5.696873 -7.798325 -16.044127 8.258974 11.523256 16.033137 15.977594 2.926829 -15.679947 9.901843 -8.249294 -4.768555 3.011793 5.644065 -17.131986 0.107520 8.136282 -22.832274 -18.418548 -7.468405 -2.109879 8.140821 19.878227 -5.172733 -26.146138 4.099888 -5.300859 8.320700 -15.911364 3.344531 -5.908547 -6.387344 -22.920212 16.957219 -2.609863 -2.136064 18.676723 23.032143 26.421665 -19.153108 6.108488 -2.368428 9.310718 13.482973 
-14.285507 4.958179 16.627483 22.616509 9.111986 3.896435 8.124436 3.054229 -12.628858 -7.675239 0.741846 0.871441 -11.749618 10.713656 13.173753 -16.678974 -4.452873 -23.990150 4.823155 29.190934 11.598183 6.706607 -3.127655 -6.413173 -4.017665 -14.998066 -13.521205 -2.358664 -11.767864 3.009363 -1.747465 2.817891 -6.481739 -16.666673 -22.384065 -15.675824 4.544779 -8.854054 23.614036 20.765597 -17.277943 -4.063820 -9.491808 -44.587270 16.524554 -9.413286 20.235633 9.994987 7.030479 -1.665640 -11.564225 -22.288352 0.278472 15.157492 -2.390076 -18.774025 23.630840 8.168692 5.032853 17.689555 16.347089 9.877980 -4.253939 14.864873 10.127703 -2.503889 5.664541 -12.116051 17.112369 -33.258461 -6.574979 31.673378 12.383478 -8.278535 9.943531 1.284017 -25.491721 17.869412 17.634804 0.450526 -29.542485 6.884430 -15.717182 4.565876 -4.879606 -5.927463 -14.408754 18.680031 -9.006626 -14.775817 -15.498171 -23.455990 -16.066454 18.449316 -15.543690 17.708009 -5.519027 -5.720448 11.912736 -1.166359 -11.919898 7.607371 1.915290 15.172234 10.033146 11.734486 36.234966 -0.322007 5.904172 15.930103 27.369869 6.387879 11.679771 35.562184 -19.464910 -15.640121 15.321264 -23.677014 -6.113428 0.670634 -17.183978 7.400047 -5.187789 12.063597 15.092940 10.118364 1.812329 -1.315755 2.284304 25.563521 -11.372828 -3.167311 -1.934106 -6.255241 1.290712 15.209607 13.015417 9.434888 -32.890816 -2.630338 -19.306986 20.995538 22.210552 15.984958 -1.763885 5.362146 5.567358 8.158326 21.047040 -11.228784 22.138520 -0.775348 13.325771 9.798996 5.792857 -22.147318 -4.538885 -3.698088 17.943737 -12.132445 9.075093 24.040375 -2.204643 -9.807161 -0.342892 -11.619603 23.286373 -19.590250 -11.613555 -25.120334 8.867123 5.578317 -3.906347 -9.645031 22.822876 25.006087 -38.170121 2.926680 -6.202034 9.672595 0.259908 13.335816 5.763029 0.978589 -15.054424 21.899079 -13.172972 6.928038 31.527300 23.913932 -7.149459 -6.070820 7.757314 -23.144035 -9.202790 12.816612 4.868993 22.950734 2.575767 -30.026642 
0.807337 -4.067391 9.164582 -22.493013 -23.052632 0.895874 -6.120810 14.391664 24.589909 -28.455624 -14.998837 0.534847 -23.301941 -7.263104 -9.568644 -2.578242 -12.564720 -14.471273 4.060569 16.750790 18.696484 21.520876 5.804266 -14.580423 -5.508558 13.206485 -10.121052 7.307951 4.682552 13.353683 0.152695 15.606702 1.250195 2.481652 7.018499 9.287415 -11.299031 3.895634 -5.255108 7.689145 10.850489 2.581188 -25.498621 8.914603 -4.191900 -11.176828 8.151577 2.364336 -5.554354 -0.061870 11.523051 29.388692 -19.819236 -6.069603 -20.772204 15.902373 0.210453 2.783659 5.214844 5.120649 -11.183886 6.847150 0.604430 18.772577 -41.025697 11.069394 -14.058297 21.397972 -0.957525 -2.088092 21.247326 14.298626 24.494493 -6.792027 -5.883367 -3.665971 -16.375014 4.283814 -7.644153 -2.939876 4.692456 -4.873988 -5.478066 -26.486450 -18.823744 -15.502292 5.491675 8.070594 -0.843817 29.280620 -8.232704 8.206875 -25.871599 13.420179 -2.946832 19.452800 -3.822741 -8.104116 29.619833 -15.240976 -2.303103 1.655265 16.961819 -7.549400 6.417583 7.519258 8.149215 -5.655750 -9.787096 5.829591 -8.837746 1.168687 18.618984 -14.789208 -18.253076 21.803513 -13.785830 0.379703 -22.580285 -12.435104 3.972630 -31.805090 -3.515616 -8.852421 -12.964695 -4.796683 -16.214860 -6.683743 -18.666780 -7.586124 2.992791 16.248786 -7.240622 -25.705768 -14.549661 -6.850274 -3.675373 -5.216033 27.619101 -5.511416 -21.499612 8.717694 1.369859 -14.826292 -29.144541 56.483059 -25.443409 -5.171172 3.229157 41.779183 15.010893 -0.505801 18.137439 22.409266 -7.898141 3.773810 -14.856834 31.635092 -8.805523 13.303384 -25.752155 -4.718303 8.259447 -3.685881 -8.142838 4.807506 6.323264 18.861748 2.716349 18.915387 -31.507624 -9.144547 17.254413 17.165087 -25.252569 4.722848 8.286755 -2.655006 -14.907404 -9.300122 -19.048072 -3.674112 17.212712 12.911520 3.963972 15.835012 -23.179633 -4.619161 31.361928 -22.604788 5.461120 5.274298 9.000027 -5.709443 1.428361 -9.228066 2.500884 9.500729 47.604449 -18.865181 
-16.159863 -18.254838 -18.289916 0.022874 -21.144820 8.700830 13.796184 -18.517588 12.820913 27.464427 3.758164 1.351482 21.317237 -16.182368 -0.517833 -32.609436 0.639212 0.563788 -8.690358 -5.845612 -12.486986 -10.872883 19.435381 16.134946 12.865318 -31.287702 20.539596 26.471164 -2.485079 8.527217 6.159851 -3.568851 30.625091 1.455780 12.771090 30.631995 7.727268 13.290255 2.427221 -28.138784 15.966472 12.641845 30.316650 -5.189573 -12.507437 9.333080 -39.109960 -5.503953 -2.983855 -14.662053 8.823235 11.590597 -7.684501 6.296157 -9.695532 -1.149715 -0.904476 -23.279841 0.499860 9.096133 -5.560232 -6.176127 10.789667 9.080805 18.476759 1.502083 7.804999 -3.314972 4.273620 14.954156 -18.318963 -2.533760 9.190016 -2.814663 -20.082761 4.867001 3.434754 40.184447 -6.182949 14.553048 -16.466483 9.706599 30.005011 -22.450808 6.437304 2.595602 11.201630 18.658029 -14.630606 9.227185 -3.026492 18.157672 11.505416 -19.869913 5.272064 -19.008446 -7.104617 -5.680557 -3.126382 12.875779 22.524646 25.273560 -14.341687 -26.799816 -19.491112 -11.198168 -15.992885 18.011018 23.800172 3.461536 -1.611588 15.288921 -10.245786 -1.106653 -27.519583 -1.704975 -19.539503 2.520431 -5.424086 -4.452097 8.481176 11.839309 -3.877670 -4.992395 -2.163254 6.558935 -0.924164 24.765846 -2.422988 -21.113863 20.621594 -31.178501 16.471876 0.773664 -4.272022 -24.784397 0.496511 -29.253356 22.124144 -5.447886 4.399108 -7.298330 -27.563428 -12.189535 -18.226773 0.786805 0.405064 -6.830405 2.443058 10.595689 -2.229438 -11.020949 10.290621 14.249323 -4.625263 3.671620 15.699190 12.618786 0.730705 -7.219803 -24.736580 -2.929643 2.179325 10.045507 -7.892789 8.211972 -16.516918 22.628549 4.386555 -3.361044 -21.566639 -1.527418 -6.707037 -0.399983 -9.156739 -10.795473 0.479453 29.493508 12.206550 -1.397008 -0.351178 -7.972013 5.490566 11.928427 -13.925580 20.959925 -17.815832 -5.713400 7.118080 8.408526 3.641476 -9.723198 27.951820 0.165163 23.306341 -4.366991 5.338076 0.202975 1.014447 -15.018275 
-3.686451 13.032812 9.381468 -9.297274 10.677683 8.447250 -2.269736 21.965078 7.028408 14.035091 53.044246 16.963280 -4.452967 23.877061 -2.705431 32.175258 12.939183 -4.769413 -3.827470 -4.462796 1.896010 -29.313624 11.584703 -11.078974 2.358799 -12.028849 4.348796 -9.928463 20.693006 -24.537736 -22.916739 13.166498 -8.516655 4.235353 4.044669 13.692202 -4.286411 -2.586472 1.446612 -10.852347 -26.816754 -9.443312 4.617566 -26.241224 5.648873 4.414511 12.624204 -9.728023 0.901920 -22.096786 -15.560015 -6.834001 -11.738061 5.368141 11.061312 -3.071236 17.370595 4.236154 3.251264 -8.279411 2.597640 10.964205 4.482673 25.873140 20.772660 -4.757706 -7.522107 5.066696 -6.145467 -1.743546 -9.945529 -2.728840 8.380499 12.058951 -0.644737 0.818706 -23.527649 -3.372558 -9.501217 -22.140064 -19.356894 -25.971995 3.224172 9.646481 -17.028834 10.463217 5.126835 1.519552 -3.450623 -11.860728 17.965337 -2.057731 21.093509 1.418079 -11.213056 -11.456700 -2.291080 4.456221 -8.818489 -2.414382 -37.396068 20.384379 1.178816 2.385820 16.072388 -1.596256 5.649619 14.956105 -7.316981 6.286855 12.890688 -0.322925 -4.331046 9.325359 2.101349 -2.050892 -15.060277 22.870840 -20.556073 12.207599 16.147600 22.640656 3.611717 -8.251618 -8.143688 4.919564 -2.114105 -12.757526 -4.988580 -3.052345 20.449078 3.621122 4.759492 27.995405 14.401486 21.841981 17.697300 -29.004213 -19.423695 -5.022208 -1.375485 -7.846277 0.612823 4.658728 -5.452055 30.837594 6.288612 -11.274858 -24.099452 17.261733 19.739306 5.685419 14.446118 -4.952637 0.884167 12.031696 21.822667 36.299178 14.252431 -8.027910 -4.322457 -1.224751 4.566389 -15.895865 7.970956 6.134546 12.882160 5.682551 11.094875 -21.099273 22.010730 1.791011 7.191388 0.664382 -4.357081 -2.063204 15.274112 -0.194640 -21.523286 -14.339402 1.769618 -24.083053 0.720162 -3.867638 14.934268 -11.884966 38.337003 -6.301707 -12.047409 8.712844 -4.461027 13.311879 14.715358 6.637235 -15.504228 -7.065724 15.632391 4.915858 -14.034308 -14.808987 
3.861347 0.658241 -23.192875 8.071892 30.589057 17.826791 16.190532 4.461838 -7.769492 -23.218962 -6.490045 -18.441377 -10.888048 -15.532616 4.565952 -3.303208 6.729721 13.349487 -0.160631 5.824992 34.523653 -15.866951 10.319172 -5.253651 0.882427 -13.234319 -32.925424 -5.083976 8.451152 0.157359 -17.786795 -16.734367 -26.865641 13.296716 1.871867 0.624684 -7.738043 -29.041980 -3.728922 -9.342499 -7.216090 14.515335 7.759535 1.037168 -6.937365 -19.664673 13.083112 25.036994 -28.480873 21.305031 -32.668677 15.231300 -0.363225 -6.673555 23.917673 10.289023 5.650639 -8.832365 2.344745 -22.131055 21.572686 15.215603 9.722079 26.789584 23.755127 -7.849763 -5.956138 -26.593866 -11.400476 5.904365 15.328228 23.187601 -10.011524 20.707059 5.187282 23.490325 0.980069 -31.904059 -2.503712 -20.637904 -6.074114 -15.684875 -29.302972 8.904419 0.946939 30.662076 18.763160 -9.137555 -17.794286 -11.332372 -6.094208 -10.701197 3.906291 2.158549 -2.707740 2.129864 -21.557353 -27.382552 -7.817161 11.822148 0.290342 -11.155625 1.073134 15.511185 14.989226 -0.285411 -13.274861 6.588347 -10.008771 3.178011 -10.273903 -28.322953 9.096808 -26.014684 2.291080 4.461741 -13.766154 16.332774 10.377599 28.641088 8.613846 -14.119384 8.918838 29.405275 12.999137 15.605362 -15.619032 -13.928695 4.338590 2.539341 14.432450 15.697126 -13.434928 15.859856 21.199228 8.971876 -4.777648 3.632551 -11.129260 -0.186383 -0.599464 2.186478 2.526902 -6.485193 0.243853 -10.081582 4.064724 3.301576 6.473987 -1.603872 -0.987369 22.807402 -15.739781 -25.173171 19.001099 -6.183748 17.716150 0.125858 13.743170 22.525774 -2.036163 32.042324 7.967397 -12.007687 10.237290 21.982084 2.744689 13.658544 5.404641 25.026399 6.853662 -21.827186 28.828690 -4.700820 9.820304 31.543523 -2.672353 1.582914 -3.832196 -10.831113 23.602519 -3.374002 31.302419 -7.939612 -0.311745 -13.351860 10.366575 3.120855 30.416903 -1.020071 -15.439078 4.190474 -18.520547 -16.878496 17.114265 -23.891946 3.469086 -9.937790 -23.246461 1.308319 
-23.396216 -22.840017 20.619737 0.475911 -22.110984 23.951416 -1.057895 11.075675 0.745005 26.820499 -26.101597 -13.820150 8.390668 -11.281446 5.822681 7.858844 1.877018 -9.895422 -12.900895 -12.647639 15.204856 -10.255467 0.109562 -29.827350 38.242251 -7.233590 13.644962 -1.161919 -27.896966 -2.126565 16.761586 0.992508 11.020574 -20.165562 3.502877 12.663417 14.813034 15.321742 0.545020 6.094999 7.849409 -20.151302 6.094228 14.141646 -13.919190 9.288537 18.922469 4.335778 12.435616 -5.121366 -10.560477 3.250246 -1.706081 16.596610 1.115735 -7.649075 13.254964 -15.043394 3.813375 15.938472 -13.352825 1.020648 0.089989 6.174786 3.452993 -13.450070 20.437906 4.229044 -17.079624 5.104966 -11.487578 -25.019510 -14.155741 -1.559424 -6.049118 2.558539 -2.711819 0.580133 7.415390 -9.329141 8.696287 -14.824438 6.220166 -16.092643 -9.047578 -22.101810 -2.946098 -13.159355 -13.771776 12.163680 -13.636457 15.709301 1.921534 -7.448924 23.903422 -2.678589 -10.391277 25.371394 10.370689 34.315362 -4.248449 3.609296 -12.867971 20.620440 -3.494955 -3.072356 -24.485329 -2.727228 12.951986 12.168660 12.545579 -18.800578 3.812185 4.064921 -8.917126 -21.010378 3.026474 3.045770 21.040456 -1.818368 -7.597831 -14.385231 29.288029 6.448957 -8.376703 -21.172003 26.288760 14.824714 -0.838868 2.349446 -12.154811 -1.824922 23.627284 -11.095987 0.913742 7.392458 2.494304 -8.391843 8.773175 -16.668265 5.092746 1.688083 5.200647 -23.972446 -11.445671 2.845716 2.637236 23.715954 -24.962736 -13.856064 11.776405 1.014181 0.346163 18.938951 -2.841027 -8.683922 -10.792987 3.562235 10.393539 2.295012 -2.789953 9.631623 -9.230286 8.991723 -2.167118 -5.474696 0.546120 -8.550376 5.407253 -19.499121 -13.960014 5.373157 -39.544215 11.140971 -4.257399 -9.704181 16.662625 16.564923 22.311682 15.698222 -12.756728 7.122872 -9.201032 2.286952 12.503885 -11.500448 8.073738 0.924792 -25.428567 -12.454453 -3.232349 6.204632 0.438135 2.826129 17.142726 14.056476 -0.024006 17.261079 0.973535 -7.827054 
1.750670 -10.122700 -14.789914 24.610755 7.618520 10.611598 20.142701 -16.245395 10.742811 -0.196526 -15.574481 -7.264239 -22.806359 12.822362 -11.084703 -26.881435 -10.687169 -7.705726 3.084169 -8.108028 12.545001 2.150499 17.770401 24.974675 14.868261 15.645589 7.039716 29.629789 -7.116096 2.386928 36.323542 -11.741393 19.247994 1.565386 22.026068 8.992736 -5.795027 9.734491 13.150938 23.751922 1.462263 -3.925338 6.215387 7.073278 -12.246540 -1.014864 -9.340248 -31.179774 29.375263 11.980710 -6.905132 -12.873116 7.837760 8.528107 10.900807 11.822409 17.410697 3.555668 -22.762485 -0.521542 17.803034 19.410450 -14.756108 6.828847 -5.016535 17.437311 -17.142706 -7.542478 16.567126 16.309077 -0.511135 7.573778 6.568600 -6.632912 -1.671776 -10.128180 16.574695 9.901529 -6.536776 2.576004 0.647829 -2.531159 16.660327 16.226752 4.767680 25.350978 -23.642126 -7.396930 -9.605165 9.273350 1.965114 -0.090119 15.956726 26.577367 -16.176889 -0.140194 -6.166726 4.286876 21.378528 6.795241 4.762445 3.733137 -18.919134 21.571197 2.033205 -11.493163 -8.552720 -9.121491 -10.042284 16.920960 10.480342 -0.762336 18.958744 -8.424758 -16.010540 -16.965536 11.208828 -9.496511 18.537765 18.328849 1.620773 10.814683 -23.734217 12.563239 -1.491124 13.427793 -5.498256 1.968552 -19.219697 -2.674690 4.413499 -7.572575 3.028597 -5.428188 11.384614 -24.226151 -18.861545 -0.121184 7.606740 5.927851 -1.094028 0.316393 -5.565864 23.580209 -19.204763 -29.215218 -9.442615 -3.976853 9.962246 -20.649118 -0.285112 5.373385 15.728666 3.331572 -10.318683 -0.962297 0.535930 4.361206 -6.613154 -17.049292 -11.089805 -1.131671 -18.204158 8.153629 -21.723779 -1.487694 -4.680406 7.509939 3.505797 -6.602240 6.387953 -24.821416 -4.286615 -21.879326 6.952869 14.294940 24.731832 2.773938 -6.559950 11.104689 -11.053373 -21.190393 10.297182 -1.600268 8.315299 22.885666 -20.104195 -11.026056 18.575081 -20.816337 25.611743 -14.956852 -0.462699 -0.306140 7.940805 -12.040711 -7.606723 3.064128 18.313092 -0.976158 
-8.265080 27.674107 10.569051 -2.455433 -7.703361 -1.803994 21.238530 16.648118 11.862126 -0.128019 22.697138 37.658787 -7.791557 4.131178 -5.079670 3.271768 18.620589 -8.328714 3.248135 -13.913837 -3.911577 17.050767 3.250203 -14.554769 6.277626 13.493955 -5.602672 1.429240 -0.365059 -1.304704 19.240175 -2.558253 2.566402 1.185119 6.095899 18.786135 -6.869983 -11.641231 11.172317 13.888606 24.895762 9.836575 -9.935161 8.381771 14.026705 16.634932 4.361673 -3.468609 12.309733 -4.438348 14.900531 14.124376 -11.569791 0.823594 -2.732662 -1.209653 -21.458338 -11.576939 4.752908 3.156283 6.404903 -7.584313 9.362235 6.252775 3.942443 8.558910 4.050499 4.961936 -3.983075 -12.688886 -21.494779 0.034505 33.653522 -20.805090 21.452751 1.759679 -18.070471 8.221788 -23.919093 -15.684099 14.536881 10.659134 5.814439 -10.865620 3.215270 4.592046 -7.501657 10.915838 -1.827967 -8.623820 11.258543 5.928366 14.595392 -11.399005 -8.479467 -8.143749 -12.956726 10.045180 -8.404564 4.091680 2.851451 24.386960 7.498992 -12.967193 -9.118340 -9.948201 4.687662 8.736406 16.113399 11.702097 -6.251329 8.271066 26.975876 16.089711 -18.738903 5.113816 -13.318775 18.193546 -6.547301 -1.263119 -2.318920 -3.522715 -12.295546 6.412283 -23.240167 0.308696 -11.261384 -5.468446 -8.999986 3.237465 21.294866 -1.092228 4.423748 -0.042021 2.148792 16.080503 10.415457 -0.313825 -7.593740 -11.087220 17.866243 -7.581809 18.621322 -5.833623 -8.702710 0.414269 -20.537207 -2.899351 4.190135 20.138076 22.498848 -4.669141 9.275948 18.405376 -19.440955 -25.646856 4.003488 22.843290 26.748041 -20.399470 -3.177544 1.181594 4.384586 -7.800436 -34.427708 2.601141 7.420133 -30.888122 -4.641238 -6.854966 -6.595947 -24.474662 -4.907762 13.973215 -9.623602 -12.580789 1.265731 -5.339605 -29.330919 -4.949300 -31.003104 -1.164567 1.552316 1.124674 10.255842 -21.625482 -8.489378 -3.315063 -9.334883 -39.141938 17.846084 -7.440739 21.907032 17.783532 -5.453883 7.223326 28.344335 14.919793 5.250065 -13.301778 
4.038828 -1.713384 2.476492 -14.729556 -15.271524 -13.683577 -15.954547 -4.453676 -19.116163 30.797934 20.184832 -12.737953 35.825208 -25.304328 5.449059 19.295624 -1.873600 -4.807310 -1.166089 -1.513632 -19.707731 0.969340 9.725346 -34.316852 17.696961 17.929765 6.786898 6.229380 -3.563761 -6.017914 -0.195779 -2.111195 -5.029828 1.700332 -13.428211 1.008507 3.885197 17.047495 0.652993 5.769257 -8.258647 -0.245350 19.044695 -6.015818 21.658588 16.578771 7.059471 17.599417 14.293530 -2.666353 20.443033 -15.026502 -21.014781 15.769879 -6.514056 13.540941 -9.203557 -12.545750 4.600173 9.761649 22.268895 18.678552 -8.932571 -25.886481 18.165057 -22.679966 6.293186 19.977839 2.603656 10.043296 18.087464 -15.354592 -3.844950 26.568092 -12.599638 -4.310445 -5.104702 3.516410 3.223780 -20.942729 -21.140931 6.906243 -11.999529 3.074540 10.700301 -11.315725 -2.236993 2.330869 -5.425417 16.114987 -5.743956 -12.128818 25.202721 6.212048 17.030689 -7.562139 -8.175649 0.731527 -5.000567 4.981100 -9.120856 6.595042 -19.599925 -9.905072 3.073421 21.943212 15.923459 -13.586697 9.594365 -3.370574 4.767265 -2.321507 -1.315360 14.278572 9.930220 20.873154 -4.527409 2.051445 -0.601456 -3.879963 8.211327 -5.864225 -16.238040 -17.880536 -15.528100 9.231459 5.984167 9.460305 11.815573 0.174276 -11.391468 21.735380 13.212683 23.848213 -12.590778 -4.198151 8.306374 -1.087935 -9.051748 2.658942 -9.019088 29.858213 -0.700166 2.325644 -7.382734 -0.417646 -20.569617 -7.257625 8.143738 1.032952 17.250943 -13.323545 0.450791 4.657459 -0.286583 3.390894 18.789975 -1.083712 -0.566292 -6.745070 2.034374 5.969169 -6.853168 -12.889097 10.290513 -2.222332 6.672412 6.083478 10.868099 -0.965242 -1.298112 -13.453431 -37.998591 5.626909 11.550720 -7.569272 -3.151527 11.116004 -17.570449 5.486090 -21.897679 21.864261 -13.152004 6.886044 0.365138 -15.257896 11.062964 -8.133210 -20.447031 11.040333 13.500015 12.124847 19.701374 -3.352905 2.895872 -14.855718 5.377834 10.004594 -10.047487 2.412121 
-1.268180 17.941851 4.590906 -20.736680 -5.120705 14.899291 -2.590225 7.408078 20.443032 -12.603984 -4.774285 1.630009 -7.228868 -24.175062 -2.984472 -13.899605 -12.914265 -16.962181 -16.635415 30.813421 -3.764463 13.926874 -13.176706 -3.550614 18.058784 -1.164810 -13.523826 -10.215031 -6.531235 4.652454 -0.687220 -6.124019 10.782155 -5.649210 0.898683 18.255019 7.933032 -14.585759 -6.711269 -19.145852 -4.129149 19.834729 -5.059975 -3.001865 3.905202 -37.165622 -21.108878 -2.615479 -12.222762 1.450883 2.161931 13.420942 6.615176 -9.748234 0.374523 2.905929 -13.047291 -21.187414 13.823375 -7.402294 -1.418715 11.641381 -1.970211 22.135287 -33.609185 8.584388 -11.130283 3.327335 30.373323 13.338431 -6.685067 5.727297 18.835442 -6.997453 11.583847 -15.002128 -23.924659 12.461380 4.253829 -3.160370 19.794087 6.230230 27.429683 -23.551137 -0.442637 11.945852 -8.075913 6.971760 3.834215 -6.960208 -2.449669 19.672984 -12.544338 1.327013 -19.791126 2.656604 -15.712527 11.264596 16.010135 -5.827070 6.949402 4.865889 -2.879371 0.312090 5.800977 2.409143 7.365283 -2.260437 21.398767 16.586119 -6.457454 0.590352 7.432120 -9.701522 -22.991706 3.914323 -32.794185 -11.223028 10.718903 -27.124968 10.710301 28.783398 5.855122 -25.342788 22.333136 10.593443 -4.667049 0.558676 3.288276 -8.203048 -23.619827 -9.073470 -32.936447 -7.614667 -4.321501 -15.051048 -11.876106 3.387641 -1.133662 -15.584885 9.170893 -17.276602 23.112014 -11.631250 -34.945060 -1.157612 -14.544197 -9.680350 45.129236 8.885888 21.686345 19.715262 -24.849559 -1.830072 -0.520278 3.849054 -10.432144 -0.189884 2.187534 -5.254312 2.834998 -0.048258 24.317913 -23.469429 -24.995825 0.919988 -5.300346 -13.865527 7.939036 -9.330237 -24.739532 -4.053937 -4.782648 4.577698 10.366278 -20.987044 -0.819557 -7.678081 -15.202144 9.837581 22.864597 31.124351 28.265845 -7.627978 -1.490798 31.309941 -18.905665 -13.907710 14.958865 7.183344 -3.951905 -26.175858 -4.216281 13.281615 14.767282 11.411975 24.311018 -31.907111 23.033757 -3.050023 
-14.086826 -4.904171 -14.592057 -19.807589 2.272181 -0.467321 -15.624831 -4.211879 -11.982307 -5.815824 -26.276307 -10.927186 7.840441 10.996431 -3.758488 26.443363 -4.834853 6.211713 -12.332537 -4.240369 -7.025739 -9.887985 -2.017716 17.964834 -3.178431 3.245451 -15.269947 9.933570 10.900790 -3.839092 -9.186135 0.811145 0.425098 -1.932402 -2.836543 -18.337207 0.681056 -15.142760 19.822500 12.006172 -26.601174 13.717904 -8.357294 34.635375 -18.268264 13.534635 12.678462 -9.639373 6.724053 26.198485 -22.738797 -10.565306 -3.090004 17.344193 4.597879 18.734582 -11.273616 22.583561 -13.455677 -17.389205 8.489377 0.389011 -11.147846 14.989364 3.684016 -16.546453 0.680237 18.097126 -6.764602 -3.478094 -2.950871 11.689343 -10.993588 -0.694821 -0.412568 -10.005519 14.861821 6.077834 7.788352 12.754702 9.476524 -5.214120 -16.465057 7.507434 -2.399107 6.882006 14.143183 -20.441650 3.736483 -2.396725 3.031290 -9.321530 -6.125800 18.505145 2.501979 9.011806 11.027314 -3.700830 19.456088 -10.692313 -9.476872 6.776140 11.947477 12.390208 1.946142 -10.759798 -13.610527 -24.848839 -11.823480 8.883911 -9.112769 2.254785 -1.346142 -7.227632 20.677140 -10.990164 3.904309 -13.849125 4.173792 -11.133875 38.132311 -3.908874 21.298477 2.484385 15.369240 -1.669132 -3.527003 -2.079757 -1.173834 11.580319 5.062750 4.833194 7.930900 2.351491 9.863475 -16.817557 -13.460043 6.196474 9.655468 -15.516429 -0.824523 -1.858751 11.520968 10.153372 -0.231773 11.035771 6.009686 -3.357951 24.797800 11.938994 5.614817 -5.016044 0.445346 -0.436581 5.060457 1.007466 15.507707 -11.224891 -10.757026 14.695045 11.717759 -18.304251 -4.683368 -10.023256 4.625074 14.382413 30.905666 0.254768 -0.497562 -4.746836 1.536314 -32.650862 7.673192 -9.993020 20.186746 1.864476 4.611456 -15.209101 9.516641 -5.283595 6.262605 -19.737581 -8.767162 6.156176 9.010198 -0.253660 -5.548641 -16.412063 0.416412 29.397655 10.699333 5.937989 0.011801 -7.990327 -3.301932 -0.107945 -11.110625 -1.934532 11.557451 4.125327 
23.935635 -4.105240 -18.982227 -19.995596 -11.870309 -5.720465 24.660277 -1.630683 15.085051 15.752914 12.174478 34.498018 11.926132 -7.539882 18.825822 5.421873 -7.972487 -1.568642 -8.662959 -10.641067 5.653618 15.896068 -14.052662 2.836528 -21.379349 28.754031 -4.228834 6.601112 11.113334 -30.226630 -23.224369 27.615968 -15.232497 -12.289303 25.779945 -6.295426 11.854549 22.847953 -4.032911 10.968480 0.542797 17.466163 17.056703 -4.298974 -8.924627 -2.062097 21.152587 4.544514 3.897917 -4.668554 -9.334699 -10.519599 -23.345526 7.838326 1.685376 -1.690565 -29.243793 -4.903608 19.036557 -3.721569 0.079976 -6.720664 -1.356501 1.817621 27.799322 -8.389158 -18.225486 -0.367116 0.991750 0.151001 16.918428 -3.888805 0.914180 14.207296 4.963342 28.882367 -12.288248 -8.331215 -6.433108 23.575628 -13.054390 1.206314 11.845825 -9.090167 2.292522 19.922499 2.662310 13.432880 0.659831 -3.220542 8.508491 -31.520353 -10.246361 17.169284 -6.762641 -15.936381 11.125902 20.548033 9.806921 2.013536 -25.826522 2.952919 -25.465179 30.825162 -8.176266 -3.355395 14.413413 17.281196 -26.224484 10.909260 16.965652 -1.693322 -14.256256 -8.399489 4.230603 -28.721822 -2.490641 -0.085840 17.139309 15.118029 -17.048699 18.131302 6.163217 -13.118029 -13.381701 4.760504 -14.212755 21.100669 -13.047690 -17.389347 0.410712 -20.308588 -6.980595 26.126323 -13.795282 1.142406 -9.999957 -20.541206 -18.315628 -18.947136 1.742819 -15.141429 -35.533335 -1.455649 27.616748 -11.894273 -20.328628 5.434957 -8.576819 10.664291 -3.820922 -9.665155 -4.842487 -15.899203 18.379425 -16.927546 0.996583 -1.668996 10.500677 -16.503654 11.046828 15.217013 6.997532 -12.888694 -9.639540 24.541691 8.773320 -18.595815 -15.673921 -10.726856 -7.815282 -26.263273 12.744962 -4.745331 -7.219694 -27.815268 -3.384576 16.130094 3.678388 -1.791006 19.140949 0.085855 15.582591 7.740510 -10.751957 -11.639803 -24.726005 -17.540985 -8.643096 7.706251 21.393594 6.067313 -22.974277 -2.127515 -4.557262 13.566500 30.267495 3.998730 0.512026 -5.575625 
-3.563984 11.815436 0.958640 -11.886355 -5.938716 7.805490 -1.496497 17.279368 -19.238328 -7.069731 -0.906420 -5.193207 -0.822980 -29.690930 -3.947317 -13.281124 -5.121663 14.811730 19.499659 3.311371 4.140825 15.231055 -13.141803 -7.393705 -4.881602 1.883949 -0.744147 8.911891 1.426237 -8.998655 6.619973 -2.753876 -7.531496 -9.249981 9.130295 -17.703454 -11.256046 -19.243313 18.206901 -4.158526 15.412359 -3.965559 -0.261767 -1.992475 11.982988 -8.178704 8.310387 13.815636 0.771421 3.705656 -20.387190 -19.760871 -16.578696 -23.267108 -10.353838 -10.920940 5.644419 3.017710 0.426236 -12.568681 -9.847898 -4.628862 17.157690 10.390537 17.371554 8.614422 5.008632 6.965611 9.211751 -4.437967 -2.830935 -12.943899 14.778361 20.098661 0.812394 2.928232 10.792362 -23.786342 14.100341 -10.459218 5.101718 3.815042 -8.122890 -12.758953 7.830831 3.251710 28.199632 9.698098 -20.663704 -11.275355 -4.876189 -20.641539 -8.336387 4.247505 2.179428 -1.318452 2.099821 32.657534 -18.280526 -11.111793 -3.652755 -4.484901 2.642749 21.595891 -6.255127 -20.557016 27.341662 16.666968 3.619079 16.643429 -16.661756 -5.566581 -6.742251 15.811305 22.980462 -16.833926 15.704137 -20.873223 -33.712632 12.739280 -21.884852 -0.414450 -32.666046 -8.356239 8.680381 8.784075 4.352452 -15.271205 19.187235 12.074729 2.722155 11.021819 -0.600911 -0.888540 -4.140685 9.733152 -10.374004 8.929546 -11.783930 -24.097156 5.856795 -12.320966 -16.415740 23.351936 -9.869350 -2.406665 24.604611 12.020586 1.174279 -7.988477 -14.730896 14.093359 9.926791 -1.092840 -21.023227 10.854320 8.612345 -0.408269 22.942616 7.103848 -10.695698 15.778982 21.572032 -20.519868 10.597971 -20.548821 23.747610 -7.151924 -4.715003 -5.566601 4.228985 5.386675 -7.340451 3.953849 10.149289 -3.726157 10.754239 -1.946986 -0.691209 19.281918 -16.347707 24.022940 11.529755 -15.548785 -9.464480 -13.270228 -8.656395 -21.887324 -7.333457 -6.230479 17.295744 0.631126 9.571290 -25.028792 -23.462430 -10.385657 -18.507236 -9.805328 9.157921 8.639666 
2.625050 -9.787040 -4.922037 -14.210365 2.293576 -7.140269 15.413620 -12.222168 19.751496 -5.626371 -15.719431 4.189789 -8.162178 -0.103516 -14.810278 -26.795906 -7.727834 -16.972718 -11.258311 11.595931 -2.700548 26.495914 -3.786331 -7.248570 7.653971 18.431898 -23.513085 -5.842146 -8.285911 -10.875878 16.233462 -21.416235 18.477011 -28.747002 21.490476 7.382071 5.296530 -10.413296 -7.801960 3.780334 -3.919858 4.827057 -8.346176 -14.487092 -9.620057 6.619730 8.004687 14.741799 16.960071 -2.623513 -27.365738 -18.605974 33.000639 17.594883 14.336506 7.878743 1.028007 -0.770242 -3.698383 -18.805786 5.121446 17.146665 4.730323 1.759231 -13.259648 -3.537901 -11.018004 3.916141 0.495011 16.245873 -9.195008 -5.116928 -3.502958 -6.966894 -16.356114 9.825592 -13.706820 1.544046 5.304704 -22.521693 -7.868505 -5.542293 16.588945 -30.420379 25.685052 29.232253 -9.542460 23.647226 14.947276 -24.295374 -9.921840 -4.230391 11.235374 -0.972887 15.763385 -11.161864 9.490226 -19.918523 2.223799 2.903655 8.328383 19.941445 11.516093 3.302456 12.293742 -5.805121 -27.485400 -29.756629 24.597375 8.939222 22.869425 -2.366030 -12.245045 -24.953515 -13.878057 7.259791 -0.650454 -10.985261 2.964133 -5.761638 -12.140300 7.832516 13.827266 9.307840 -7.690870 -31.131981 10.979959 -3.204334 -11.554002 -23.375549 -9.217350 -12.144992 22.529617 7.939587 12.437308 16.785419 -11.390541 11.986508 -2.692082 14.361658 -49.217368 -8.536333 -5.612252 -0.199210 -6.791746 -27.605290 10.519823 3.433651 0.551852 -15.876794 0.184790 -19.001716 9.225317 12.179902 -0.438270 2.481366 7.758879 13.273975 23.211360 -6.103255 -6.845019 -3.087824 24.872637 4.034139 -13.155266 8.373407 -4.191245 29.612480 13.432986 -1.989107 -4.577848 -3.888824 -2.377438 -0.192865 10.274196 13.611268 4.979351 19.860167 22.026256 -15.722518 -0.625313 -1.300144 22.955356 18.739533 -22.152404 24.134874 25.767179 25.512857 11.775458 25.484856 -13.211138 6.742536 -7.883479 -22.094743 -6.179895 -14.505858 -3.738630 4.080120 -6.482374 -13.181895 
3.936594 -2.751892 15.738122 8.952656 10.892533 -3.916388 -7.804949 -3.582618 7.228234 20.180632 28.454733 13.795441 -2.415745 -38.900336 6.871253 -4.798585 -10.321379 1.296578 -1.440083 2.388688 -33.002659 -0.981478 -0.294247 0.525106 12.204165 9.216448 -26.307507 -14.354070 7.994362 -2.577331 6.748243 -19.129222 12.075750 -12.485235 5.656562 0.425697 -1.798610 -3.346848 -5.272518 3.589140 15.299154 -23.502628 -3.832766 5.164695 33.318429 -0.799885 -9.025100 0.367640 -5.452019 1.471043 -0.934805 19.196474 11.639603 -2.224188 -22.762546 4.910633 4.431375 -6.571329 0.816495 11.766569 -0.870062 -24.325510 7.799635 0.902504 -14.281522 20.384644 -6.157730 8.153397 -8.210099 -11.813735 -3.343882 -0.915844 -5.461963 4.011729 13.150760 28.401427 7.048739 -9.976114 11.766092 5.918739 14.026543 -10.294974 15.677041 17.769091 7.844127 -22.639498 -21.830140 -5.940951 -1.942938 -17.175798 -21.324646 -12.325649 2.204624 -11.977108 -8.695292 5.061435 7.431690 1.226169 -21.783140 -1.877714 -1.558379 -5.122336 9.271246 -5.321282 20.897736 -6.523830 9.279807 3.685761 3.615442 -3.263595 11.333520 -12.732071 -4.700503 -10.961972 -27.617550 7.891923 10.399431 -3.568193 -6.475355 -20.968306 -10.129733 3.320045 -3.454543 7.283043 2.384324 -5.997252 -9.584281 11.161488 1.050953 17.084192 20.203194 -7.475797 -1.926753 0.488299 -27.025841 1.693250 6.389932 6.280056 2.472650 15.049631 -18.847822 -5.520565 17.204392 -14.459084 21.687215 8.529993 26.335915 -7.901363 -17.760353 3.913977 6.459655 -13.536326 -9.285966 23.671736 -11.088492 15.805885 7.096208 2.496487 -2.745907 -5.744842 10.837445 5.722427 11.107455 0.516690 9.465237 3.449192 -7.324615 -12.156712 -5.203140 5.355727 -7.210911 7.071007 -30.105748 -8.911782 -5.074005 -8.406352 2.601096 -3.443378 6.427424 0.204907 -6.275315 2.504942 -13.593693 10.748090 -1.323624 -2.999375 -5.839551 -16.023973 -26.557478 23.500788 -4.690990 -5.259332 38.943066 5.240095 15.737948 -17.159374 -3.769478 7.467589 -1.315776 23.336399 
11.750684 -22.053330 -24.010136 4.211512 5.058204 -8.186640 3.336666 -8.315250 15.608910 22.488277 -3.116542 -3.022465 14.146530 0.561580 14.581291 -9.942174 9.355256 0.290936 2.658748 -15.501312 -4.987493 26.967395 10.582557 8.593772 11.591265 -5.591658 -7.050093 27.816693 -17.258004 -10.893270 2.425944 8.005320 -3.925752 -3.368380 -1.813128 -4.105030 -9.584256 1.479936 21.199775 -14.574489 -20.189451 -10.622296 7.670511 35.760700 -10.444757 22.635448 -2.124670 -17.006178 -26.615395 -23.331775 -15.089796 12.276172 0.305798 10.028749 -8.565749 1.128099 -15.421155 -39.284603 -5.605265 18.613915 9.450566 -17.636382 -20.778010 -33.638679 -2.373763 2.861017 -11.530320 -4.018365 -2.303804 0.209096 -18.512710 -10.629778 -17.495876 -14.909780 14.688796 3.364690 16.178414 5.410659 0.082211 11.013337 -6.265021 29.115273 -4.286647 0.019371 -7.145316 2.910986 4.215657 -11.220158 -2.902172 2.288714 -13.484741 9.758997 6.923274 -5.806021 -23.160716 -7.769892 12.927719 31.680993 7.930950 15.077187 8.748923 -19.117856 -18.319660 3.370268 -0.313540 1.106230 24.145431 -3.547887 10.939424 14.628571 2.756253 17.612711 -5.340205 24.952779 -14.547316 -33.423477 13.106493 8.146463 1.351903 17.928195 5.253903 21.883991 -2.095260 -15.483434 -3.886412 5.598938 15.946002 -8.462545 -11.171007 0.497258 16.019000 16.580791 6.126705 7.481920 -3.627868 -3.386826 0.561692 -0.422681 -11.765101 -5.904151 -1.050529 -0.491147 1.777242 2.109081 -9.950670 -8.872512 5.278802 -29.210432 -7.321821 -3.917308 8.720927 -13.241264 14.525677 -7.885194 5.648906 -12.852687 -5.473392 -12.676596 7.878058 15.201058 19.529876 8.008321 -8.752026 -4.131172 -9.311538 8.121479 25.925272 -21.433733 0.759829 -11.959681 5.066840 1.411284 4.543911 -22.370625 33.861155 -16.626511 -14.386321 8.606318 11.247876 5.942645 1.255604 0.437752 7.748388 -12.920070 -13.122925 11.072543 18.443195 -23.872204 -19.039763 14.266478 0.401064 -1.631934 13.373636 -9.723486 16.448210 -7.869801 -12.441114 -15.885817 -26.324982 2.026380 
1.193704 -2.967810 -18.588236 -6.722271 -0.220857 -24.568264 -18.388029 11.604933 -13.298579 1.278721 -26.888413 1.034712 9.229820 31.277235 -15.092968 -5.372032 11.157249 -14.142270 8.328818 10.662559 -3.205348 -0.745387 -5.251653 8.582806 -2.855754 -5.455021 -10.592903 -12.500211 2.488177 -4.601883 11.674911 -13.706195 -5.937073 32.737875 8.154822 7.583052 -19.885712 25.470021 10.612558 30.779736 9.854700 -4.466267 -5.078199 -9.755871 -11.469298 12.740055 -8.121613 14.339504 22.267464 10.778077 5.382072 -1.307941 7.410651 -6.752976 -7.234409 12.550599 -19.032459 20.322398 -16.810829 -34.286910 -13.049170 0.172116 39.183979 -4.760140 5.315931 2.776304 6.381924 2.640014 -18.215466 -19.188520 17.024272 -3.271548 10.714781 -22.336491 6.482836 -0.691849 -8.520251 0.971381 1.233555 0.568512 4.189952 -6.228846 7.510996 -9.702285 -13.547557 17.950313 17.305490 -29.310376 -6.709028 0.507693 6.712844 -0.304442 21.117317 -3.257820 10.274793 12.764807 -17.515939 25.122438 -18.931558 18.874823 -14.217137 10.852073 29.808347 -0.430772 2.424496 -1.542712 0.123802 -13.218669 3.905225 10.185973 22.322304 -5.176927 -8.900497 -7.129641 -19.916542 -20.813714 9.416267 -2.971660 14.050017 -3.398307 -17.489104 7.492614 -23.694925 -18.376761 -27.207712 14.292421 -8.307873 4.181827 7.120542 2.197435 6.135315 -34.975704 17.088452 -0.222150 -21.214465 -21.200556 9.102657 -3.934327 -1.495178 6.077434 -3.220499 -28.055302 20.197361 6.415628 16.273328 5.841699 7.185917 -8.198731 -10.006619 -7.095512 -8.908957 -32.713133 -14.850559 9.756964 -4.485335 0.664577 13.779017 41.580651 -6.043278 21.085113 13.960545 18.356458 0.199877 0.555307 3.183856 12.446513 5.090659 -8.800056 -12.092026 -3.071790 29.281250 0.836726 -3.151630 22.034217 -13.261977 -9.313372 -2.602949 7.248741 -5.667384 23.704071 19.444171 -0.804782 -15.616271 3.448737 -0.961092 -16.615434 -35.186574 -5.397981 -12.350455 -12.277262 -16.834200 -7.354882 -3.377727 17.969070 6.691314 14.793758 17.511773 12.234107 2.978343 -13.683143 
-1.336968 15.404410 6.939007 15.173170 12.457071 4.228529 -8.094622 18.332184 -1.569839 -22.143777 -5.874258 8.554327 -19.522457 32.599124 16.335771 -5.193670 10.197619 -2.480821 -4.583677 22.723556 -20.090357 6.492058 6.511304 3.563757 -24.959860 -29.977242 -8.831307 8.254551 -5.071278 4.665250 -15.422746 -14.112289 -19.979267 17.729837 7.356715 4.592465 13.611264 -21.225099 32.437283 11.821766 -10.227969 12.030799 -18.756822 26.632624 -2.735311 -15.493775 15.456858 1.432266 -4.566403 10.081778 -29.297876 -12.571520 18.483262 13.163353 13.950267 -19.101356 -11.153346 22.534824 -2.707335 8.922241 -2.864040 -3.713092 -37.201924 -9.692646 11.235985 -0.427173 2.191452 1.138779 -4.299760 -1.040823 -0.656977 -15.086010 31.208731 6.347715 -6.834687 -12.627063 -21.428519 -6.073709 -20.509188 11.526174 9.826569 7.672355 0.149369 -27.042325 -26.868444 2.203560 2.148029 -19.318657 -14.390377 -4.741436 17.543777 5.165960 -10.158454 2.120964 18.752542 -7.340023 -12.783180 4.601503 -22.467395 1.810409 -7.936648 -27.819397 9.913422 -21.077775 -19.440634 8.410095 -9.062078 -1.712526 -1.252531 23.421577 29.200051 -1.703230 15.949460 13.975227 2.462040 -2.595727 -0.535545 6.968530 -2.709984 -9.546150 -14.976351 14.821670 18.104154 0.683466 -7.085856 -6.080294 1.865216 0.269224 21.279969 8.630615 -27.369536 10.768833 30.298544 -10.710508 -25.730976 25.592969 0.642911 7.695622 26.132984 -5.572433 -11.433351 -1.793705 8.579183 -8.764834 -5.073649 0.007062 -25.352752 7.486132 0.776030 -12.808917 -14.227771 -0.609609 10.988456 -5.254302 15.348374 9.141277 -22.048266 -14.748788 -12.245170 11.009464 -6.173900 -8.909257 -3.922629 -1.446347 19.414824 -0.187682 5.788139 -16.299010 9.631286 -20.669405 25.156638 -11.163045 19.636458 22.356351 6.929438 -14.493800 -2.490721 -7.966341 11.721193 -20.602294 39.448152 5.525834 -2.234831 -2.728763 16.256100 -19.845410 -1.462005 14.243461 -2.012183 -8.918528 -28.645309 -6.516003 4.483086 -29.461914 -5.658062 -2.989352 -14.989707 -13.793706 -0.383851 13.996303 
2.838382 14.653876 1.926979 -11.959320 7.556723 -14.748934 9.153153 -35.963974 5.862067 5.041767 -3.991640 3.529217 9.480071 -2.868894 -10.561275 -17.049041 -12.167603 7.545442 -17.189298 4.280235 7.208012 6.070969 1.595174 -3.765853 14.200967 -0.043300 8.134106 0.782668 0.953642 16.460866 14.168816 -5.798312 11.713540 -20.338711 5.457703 11.286877 -3.053794 4.044381 -8.105060 -13.299270 8.496447 1.012659 -12.330586 3.462235 -20.854742 33.419589 -11.865191 -25.894393 1.010319 -1.317768 4.646130 -16.378331 -11.292093 -41.657918 14.131435 -1.725044 9.277563 -39.793545 9.644334 9.318729 3.066891 22.022255 15.359930 -23.680468 -19.929201 -1.126394 29.690724 -2.281058 24.837087 19.139745 5.558252 7.399485 10.275175 -12.232427 -1.618654 4.805062 -3.827819 25.313506 -8.230366 -4.626478 19.292028 13.129041 12.678573 3.844038 -17.089580 -0.945217 -6.002151 4.539074 20.781230 8.960653 -13.026358 31.739294 -12.579636 -22.620448 -13.701173 6.099132 -7.790151 -23.297439 -12.175193 26.391091 -7.972961 8.492475 -24.687386 -3.852703 -4.267116 8.130484 13.009835 20.569103 -1.437202 0.362331 11.297276 -8.435654 10.229460 -0.744968 11.229683 -22.039569 -34.586284 -9.973946 -14.604343 21.155022 24.206554 2.453265 -9.410015 -24.776207 0.153581 -13.593927 19.429491 3.701447 -3.660771 -13.337362 3.805073 -4.886989 3.195549 0.361281 21.831006 -15.943777 -0.466000 -21.087500 -13.992112 -12.062345 32.912269 12.149416 -7.040267 -21.381859 -16.068788 10.434517 -18.112345 -1.490742 5.432169 2.992761 -6.918809 5.807821 8.149022 -36.257571 -10.855268 -4.908752 5.138517 -16.209435 -7.242701 -12.129731 -11.316287 -5.570398 -17.544382 0.418484 11.725471 -5.286701 -4.891578 15.622379 -4.030614 3.740366 -27.018189 -3.388669 4.381292 1.629135 2.873954 -14.043978 2.558863 -5.453716 -0.407199 -33.771412 -14.009070 -22.822032 4.321510 22.538464 0.797579 5.668956 15.200516 -7.612602 -8.567683 -29.265798 -6.178250 -13.480381 -3.406678 14.751896 -9.699082 36.415078 -2.727528 4.160540 -4.056230 -5.516212 
3.981359 -14.188649 -26.411717 -6.946466 -7.429122 16.928049 -18.951701 6.801037 -14.051281 -20.297404 22.267974 -9.443401 3.745502 14.990956 16.799250 24.988204 14.048805 15.195076 -0.067991 -15.671120 8.275819 -17.361964 -3.986233 5.079220 -20.050692 7.973941 26.946015 8.176808 4.584462 0.857134 20.347072 24.302311 2.716786 19.532316 -11.713266 -3.175390 4.321505 10.476273 -4.992516 -24.563254 -5.882595 -19.367161 2.748623 1.452428 -1.353049 5.281416 15.551289 5.497748 22.427515 23.686964 -11.513459 -2.327909 -5.533375 -4.178968 -5.986874 7.881198 10.669712 20.525003 -1.106837 11.755363 14.358172 -0.411840 15.374014 23.441816 -3.771761 -3.124157 -6.724975 -21.912562 14.813204 3.638233 -13.144353 -10.535416 -9.843996 5.422490 8.274928 -25.302057 -0.246067 -7.951280 -1.086504 4.942250 11.509706 -27.008721 -35.352932 10.439020 -4.144340 12.505023 -14.717545 -4.190397 -16.514299 0.614224 -5.213066 -14.264449 32.989909 -3.856743 -0.858982 5.739393 0.499655 -0.891582 10.047481 6.357952 1.200341 -19.235413 -0.500791 17.201309 12.466886 0.737496 9.299959 11.913865 -11.474990 -6.567395 2.707595 -15.634823 18.579143 20.147729 13.162504 -16.684277 0.082770 2.043953 -0.748046 18.382507 -8.101280 -23.272449 5.554446 -0.515030 9.300354 12.554457 -17.088734 8.965821 -4.948462 30.100849 4.296650 32.758581 19.198704 0.397674 -2.099497 -8.547133 -7.499493 9.193980 -17.159441 0.881561 -37.698665 -19.373697 2.435709 11.755430 -23.624781 13.166479 -20.539462 -13.137052 4.271483 6.565199 0.990782 -2.430822 0.567188 -6.871117 3.495447 23.537156 0.535467 0.268423 9.419472 -19.815818 -7.922098 -6.345164 -16.717664 -11.748705 2.351031 -23.223479 -1.543907 31.843855 -19.153637 -17.497005 14.445613 -0.738354 -6.262492 1.064925 5.479756 3.098329 -1.714551 22.595518 -18.809036 5.101208 6.933832 4.453634 12.239310 -2.433266 -19.856767 -5.638648 12.245476 1.106801 16.091921 5.545553 -7.979358 -33.557366 12.127788 -9.725532 -15.580581 -4.125134 18.507432 14.057066 9.649261 -0.494702 
3.698033 6.483395 0.338136 -18.411576 -9.946442 23.544767 2.125750 -25.552262 0.396492 11.875364 -32.080529 2.304451 8.578703 -0.004716 -5.759008 -7.862500 5.882465 -7.050505 22.175545 -12.550990 4.419468 11.456426 -13.961797 2.174825 11.180249 12.550064 5.357161 -1.408380 -27.997120 -29.860978 -1.909692 0.688695 -15.996219 -8.475214 19.626787 -3.234113 6.935881 15.886651 3.288374 -5.264305 19.559143 -15.028670 -9.868655 -18.351320 11.945989 -8.320940 2.540536 4.824845 1.370088 -0.672057 28.788813 -9.550844 7.471290 -10.881876 18.147519 -15.395503 -12.768405 11.270160 -8.686746 0.242029 -2.333711 3.289932 1.347411 18.719701 -9.713834 -9.390677 -1.708489 -3.457866 -7.395711 6.622265 -10.046405 24.860132 -14.811791 1.105974 2.309534 -6.364073 -13.137159 -2.556786 8.445071 -16.582087 -9.748313 -1.088895 -15.286252 -12.369618 -0.316849 -26.616462 -5.928290 -11.428073 6.259701 7.172955 -3.475782 2.545949 9.910054 7.196934 9.802017 7.198092 -31.358626 -12.031230 -3.804306 0.461436 5.474380 -0.068311 -13.011194 -24.478673 -3.934375 21.704290 10.348211 4.051795 9.236675 -3.433946 -6.935409 -7.271473 10.875946 -3.933549 15.289646 -14.717512 2.067605 27.459764 -6.081462 -4.367401 -1.737797 6.012608 -2.235691 7.094256 -7.501072 -15.647046 21.478063 3.113345 5.797520 -18.978762 12.030323 -2.681366 -4.836756 -7.524878 6.430169 -15.369128 18.290004 3.482287 2.963924 -19.916053 19.098797 17.884104 6.797824 -18.577649 -0.241234 -2.669753 10.187351 -4.951989 -21.725788 25.146467 -8.977522 -2.532482 -2.198659 0.756295 -9.084463 -9.485129 -9.447888 6.576402 3.458589 11.135915 4.591528 -5.286616 2.012736 5.583310 22.567500 -18.078024 -12.600959 7.102649 -6.327477 -2.840963 3.745292 25.301917 0.368304 -5.467408 8.126787 17.027663 6.177906 -8.945136 4.850942 -14.295647 -2.555049 23.524039 6.939348 -13.340761 -9.539362 18.231813 -9.721108 12.984651 -4.604828 -3.564783 7.300171 -4.121533 -1.730641 -27.115976 14.075014 5.499595 13.395570 5.312215 10.071919 2.797829 
-32.929352 -18.502743 15.356274 7.439394 14.129839 -18.247347 28.871760 -26.059266 -9.890172 1.490854 -14.197778 5.962068 -5.481884 -15.470788 -16.197969 -2.118621 0.542608 -4.934066 25.917100 26.584779 -3.913657 0.564708 2.580451 10.179057 2.365369 16.544274 1.462872 5.713237 -12.681087 -9.706537 -12.144457 -27.330349 4.783243 -17.658585 -0.083210 -8.864391 -2.469050 11.264170 -15.114332 -4.615750 10.807573 12.626098 -1.714386 -15.388111 19.472165 -1.384831 -23.249169 9.388371 -22.150743 22.163543 22.822130 1.104265 8.780663 -21.595079 35.283919 0.515839 -13.748447 -12.206089 -12.610399 -25.703084 -0.132497 10.845999 13.217633 -2.093304 -12.134665 9.437768 -5.572693 29.189963 -1.384750 -0.070969 -13.729742 6.187112 -15.058846 5.953390 7.794392 -5.900080 -33.066637 -8.384905 24.823051 -25.694273 -8.412383 -17.221050 -7.619684 3.289985 -11.951968 -11.842412 -23.857242 -5.423518 8.264819 -4.011843 -8.729485 19.168416 6.593565 4.211191 10.015236 8.601729 8.698743 -14.312783 -2.745706 3.118949 3.148397 3.829507 3.623134 -9.414497 -22.248537 9.296173 -1.657700 -5.647564 12.559942 -3.436796 1.415591 5.843216 -6.127975 -13.003703 -4.773927 17.261264 -18.081275 -17.639205 -3.391784 -8.592729 5.635932 -2.401294 1.513890 2.673279 0.467846 -4.465808 0.065863 -3.999477 -2.426548 11.789681 19.843650 -33.099769 -1.737380 7.410067 -12.690626 13.539073 8.542664 17.523311 -0.095246 11.935830 24.675842 -10.031636 2.089739 3.218676 -9.735355 -7.295431 -2.732044 27.384863 8.433469 -21.283326 -0.164134 -30.206167 -9.200097 11.857823 7.218200 5.508104 16.580368 13.641155 18.389824 -25.414050 -13.252458 11.294971 -8.629564 -5.552325 0.751631 14.819417 5.010373 -7.277279 14.893322 19.797291 -4.984313 12.977427 1.183348 -6.035958 -6.335705 -1.741236 -13.637213 -11.290154 4.996916 -10.299173 22.496979 1.894174 -7.341204 -4.265999 -4.954075 -2.504962 10.872315 -0.220646 -1.275193 -0.048454 4.833495 -6.125352 -13.118195 16.860570 28.661267 3.941886 -14.554049 -22.754545 21.829855 -11.400578 
-18.404982 -16.324208 13.698716 -6.894217 3.676747 -19.585745 -16.434620 11.598900 -12.051046 -6.683958 -21.128260 -23.333119 -6.113218 -8.241480 7.044562 -8.803068 -4.360479 22.012397 -2.726737 2.874449 -8.922415 -1.167680 -10.856551 -13.419756 -18.830710 21.425965 -0.584865 18.420092 -11.189276 -3.476952 23.496375 4.250883 -27.111458 1.359750 -3.002410 -13.231867 -33.257337 -3.623913 10.693354 -32.030321 -1.275682 -3.196932 -21.064829 1.803288 0.989151 29.810388 12.500756 -5.985548 -5.433052 48.524185 -4.679238 -13.789701 -21.599451 -16.513264 19.535650 -9.077237 -22.892893 -9.120694 -13.948094 -17.704841 -36.477144 10.968000 -17.802942 25.893923 5.837305 6.573836 -8.778662 11.679370 -16.850835 0.193058 -3.283214 37.494199 14.722780 -1.099426 -11.702785 -19.763265 3.370793 -0.479856 22.005087 24.904768 15.029277 17.456299 -20.514135 -11.700061 0.298778 -23.476754 25.956666 13.734484 -15.388258 10.544050 -28.329272 9.257374 -1.051775 26.820523 -9.572399 13.830840 -0.683866 6.697766 13.998789 -7.512510 -3.688364 7.996915 18.818366 2.479602 -1.192663 1.941493 24.453843 -21.267322 -28.401804 18.515789 -6.356312 -6.590410 16.906488 -20.217311 -6.862721 -6.111381 -9.900803 -19.429734 15.567246 -12.372971 22.603128 8.685628 12.360493 -12.294343 4.997866 -11.198417 -23.757483 -0.138898 0.818032 -1.202106 -13.717880 5.788249 -30.133263 2.477227 -12.758631 -19.509406 12.291073 8.499146 -6.493660 0.962285 -5.672333 25.231287 -10.723401 10.989584 -13.375447 2.664780 9.446292 -5.274452 2.827301 3.976566 21.628574 -8.013403 -15.827246 21.055780 -9.471421 3.853815 -9.450195 8.034501 -6.158878 -21.010147 -10.604672 -7.640574 -11.284558 -15.488887 -21.057070 -1.950358 1.371259 -11.361655 6.472536 1.650349 15.109823 -29.680385 -13.497717 -6.146409 -0.585077 5.117353 5.003285 9.997959 2.521478 15.129799 4.337930 30.536150 -18.345396 6.022274 16.058371 -7.404179 -11.946370 -30.127298 -12.184389 -7.767994 9.717757 -6.071208 33.067769 -0.364477 8.740466 10.495868 1.434022 26.077039 15.974466 35.180400 
3.619680 6.236268 -37.582043 -8.132135 -2.621406 22.953809 7.479116 -15.493330 0.516041 -7.093787 -11.552952 18.190803 -2.039391 15.469314 12.525902 -20.467246 42.573568 -17.633984 5.271835 18.065446 -8.064514 18.389404 24.897572 -15.621935 -9.908002 -12.195223 -1.472178 -8.131489 -8.948955 7.635229 -12.433997 -8.403511 -11.729811 -3.357393 16.084785 11.459474 -0.862320 2.822649 14.914693 -0.324333 -15.184151 -14.517460 -19.528794 -32.932752 16.151540 0.910771 16.678881 9.178907 -0.043007 -44.854511 -10.166108 21.859123 0.452673 14.003531 -5.612267 7.748117 41.992503 23.195649 -0.592231 30.922290 -27.675630 -30.159688 6.737095 -16.793589 -1.245559 -6.356834 -16.233058 -20.983597 -6.266654 -17.801531 -32.519532 -1.222320 -17.485667 -8.733510 6.989613 -2.834581 -17.215989 -13.123510 -0.012657 -17.751464 -10.560428 14.624242 1.456708 13.356614 3.981854 2.538964 7.471336 -16.015112 -21.649065 -23.264261 2.792252 -12.124993 -29.612172 9.245111 10.499814 11.554870 -18.330155 11.609832 8.375383 8.989340 -8.072982 12.350787 -1.744095 20.530003 8.966847 0.193608 -21.462539 1.186922 -35.293427 -14.232611 6.832965 10.542567 5.405373 0.395201 0.455199 3.929044 16.462318 4.155607 -13.432710 -23.746803 13.650431 6.384644 -16.155861 3.792446 -4.749969 -22.475101 13.413325 -2.967531 -30.033102 -10.922647 -10.352237 13.428253 -2.934937 -11.760512 14.292283 11.351194 0.050253 20.057196 7.463649 -1.818717 -9.468046 -3.191500 20.788435 -2.204210 -31.639665 -7.488887 20.809221 -15.890000 -2.273097 -23.337711 -14.995719 -19.488497 13.482327 -16.998787 21.181021 -20.527346 4.197281 -2.892135 4.308293 20.421577 4.922087 9.418812 11.437659 37.300941 0.840510 2.170298 5.019155 11.769725 4.891996 -14.382077 -5.205455 -12.725282 -1.126351 -9.315963 -4.471632 10.002343 7.068651 -8.248871 6.226248 -21.544880 4.023685 9.328601 -27.667233 20.093098 -4.571761 -5.195762 27.189660 1.915166 -15.542664 -21.539236 -5.135473 19.900300 6.897364 -1.512784 11.035589 19.242649 -10.422487 -1.717916 16.869795 -26.039690 
18.150634 -6.987585 15.466744 15.253878 -7.924641 13.080402 4.997608 7.663840 18.139190 15.086386 -13.358847 -12.802360 -11.835495 -2.544009 19.656003 5.827072 27.691822 -11.536347 -8.507925 -19.938537 3.765147 -0.654359 13.302220 -4.255706 19.931895 -7.123229 -2.261856 4.778194 -2.825164 6.825056 -17.992049 -2.244028 -17.606544 -4.031032 6.302575 14.799654 35.236696 -6.590306 -7.782292 -20.999287 -1.256431 -5.958338 -23.217481 -8.247763 4.534937 11.658473 8.757912 8.473568 7.110280 1.046634 -22.560638 7.189065 19.461523 -3.523232 -16.847254 3.283810 4.076213 7.664170 -9.619560 14.292755 14.098688 -41.781231 3.705554 17.926636 -7.532640 -11.240469 18.031488 3.137222 -10.983568 -22.521777 -25.760220 -17.564585 -10.532725 -5.930414 -14.336822 17.863719 7.335108 -2.683265 -0.007921 25.945215 8.518107 0.798568 19.724754 1.087408 -19.774468 -5.274138 -19.372926 6.115918 2.342465 7.450613 10.183669 -15.806265 2.091392 -1.271255 1.287681 -4.261324 13.674586 8.160456 -6.133598 5.728575 -10.534743 13.114167 -3.930754 -0.976869 -34.487391 -9.430572 -2.706020 -7.386406 -28.806963 -9.191699 -1.913944 7.926613 -5.739319 18.841372 4.056374 -15.193804 23.941549 21.485560 8.772984 8.959826 -13.534583 1.041213 12.994989 2.209809 -6.697151 3.206277 23.360587 10.746455 -2.252185 -6.491028 2.025626 -15.555782 6.258391 1.283708 18.970880 -21.254017 -1.189496 -16.183790 -2.229431 10.537379 9.417624 23.081041 4.745731 11.221064 0.078676 11.717284 22.945948 -5.703338 -6.343274 25.275285 2.748535 -4.020966 -4.398519 16.641889 -13.137033 -6.849316 -5.564063 -11.078372 4.522321 -9.924895 -8.042664 -7.287468 19.336340 18.422888 -11.310885 12.948652 -13.734272 1.770472 -8.311092 -6.391105 -2.429556 4.491201 9.180255 -9.377364 4.457101 18.136618 -0.270173 2.741164 8.439140 -5.941557 -22.793988 -1.010868 -28.514494 -29.301941 -1.994356 -6.395055 10.651577 -14.060625 -14.713987 17.276521 -19.022292 0.471875 -1.171114 19.612245 10.451918 1.345420 15.893895 17.189697 -6.862922 -9.049063 
50.011674 1.233888 14.342411 -31.230184 -13.918290 4.263623 -17.759005 1.274021 -0.005083 -21.398553 -1.423791 -15.853301 21.115926 -14.933297 18.219827 4.287957 -11.743669 -17.067750 -13.860133 14.075512 6.334687 9.361366 -19.636454 -3.700877 -17.719935 16.988607 4.023321 -12.673617 -10.111502 -15.007600 0.834668 16.276714 3.112282 -8.040556 -3.372814 -9.292156 0.983552 -2.708703 14.448248 26.727961 -18.988207 3.145589 -0.135954 -4.262736 7.982028 -4.797389 1.370823 -14.829695 -2.664901 37.730282 26.612860 -19.388159 -13.391931 3.425961 -8.978091 -29.324243 3.411969 10.030929 -11.676988 5.822337 -10.956438 3.863965 -7.941023 20.830840 5.602299 -3.993103 4.973680 -13.706737 5.358954 1.243466 23.546800 18.754454 -3.724946 16.405761 -27.155169 0.302609 6.272665 -20.751737 18.130013 13.919056 22.928587 21.686711 -5.588516 4.920034 29.794493 16.743001 17.072666 -7.098763 -14.369591 -9.292125 -16.267466 -2.849683 5.722071 -5.139561 11.330709 5.578122 5.871070 2.787960 -2.630196 -0.574477 10.522190 15.980933 -31.042607 -10.430541 9.431939 26.754500 17.072148 -1.707406 0.813751 8.901373 -16.791177 -8.756577 36.248629 -11.948921 13.224029 19.803224 7.334299 -3.341308 -19.171646 -7.940883 20.157660 7.936050 6.964767 -17.309221 0.003106 -7.864565 -12.924800 9.850824 -20.929274 5.088374 -12.256022 5.587801 -7.930314 -9.232206 -14.872789 -27.947969 2.901124 -15.422396 -14.782547 -14.929628 -5.706271 9.486761 13.120042 -8.663505 -1.808346 22.380874 -25.939579 13.040045 15.458378 25.174308 13.060742 15.999010 17.022514 2.572385 -7.001889 19.860213 -23.419552 -28.129192 -16.051649 14.535203 24.685681 -31.805806 -1.461430 -26.263225 6.630992 -11.958368 -13.878339 -12.025718 -6.602039 9.291287 2.189468 0.799606 -9.893356 14.453728 20.286005 -3.347103 -5.352582 -20.670003 26.953134 -4.704564 -6.119244 7.372940 5.899112 -15.664014 2.679760 18.062830 21.762484 7.870073 -2.899962 13.902890 4.538267 -11.786725 24.021489 -5.444737 -3.659188 2.539336 10.293359 -3.222279 15.027661 24.118549 
4.627439 -33.488768 -2.143170 7.865358 7.878786 6.179062 -29.173721 28.719933 10.906674 -14.768286 10.389285 17.078627 -6.793911 6.542862 -11.541541 5.768487 -1.322764 4.679907 -11.273290 18.031702 5.648743 -6.424644 -12.551487 13.454538 15.550951 0.117487 10.841647 26.283703 9.842710 -7.467653 12.061525 11.234892 -4.421127 -2.576390 -6.613656 -1.478383 -5.471971 10.502804 -12.360001 -30.870934 3.982064 15.418472 13.016029 -9.011788 -10.666587 1.409853 11.740866 -22.389346 -12.714795 3.318229 -5.108466 -11.810611 17.630642 5.516878 6.322543 -11.651951 -6.563070 -5.094554 1.194890 1.746223 -5.606318 -14.289014 5.725040 0.276110 -6.270078 34.389917 -20.065180 1.248250 -2.385179 16.662716 12.346047 -9.384499 -7.186529 -15.027051 -21.295979 -37.624854 -14.259609 -5.553207 0.188876 28.890745 -2.545561 -4.231410 -15.850206 6.441466 -0.588242 -7.021309 6.357185 33.968183 16.524865 6.634897 14.748136 -6.683710 -1.898366 4.764797 2.264017 -11.100746 -19.201722 16.658303 12.451426 -5.687837 0.144686 -25.537156 0.219113 1.683847 6.152333 -6.101984 -6.166570 -2.484780 19.337337 -25.273537 4.489223 -10.358692 -5.361618 -5.595965 -5.925898 9.256490 2.314140 -7.454140 6.755971 -7.929818 -11.434918 35.893347 -6.524422 1.008843 0.036716 9.865862 -17.948605 -8.144066 19.343821 5.442129 1.720783 0.062924 -3.086211 13.585848 15.481540 -5.246445 -1.462088 -13.615314 -28.734640 36.286256 -16.788165 -15.439184 -8.746877 5.430454 5.305472 12.456099 6.056137 2.163158 -9.679753 -10.686015 -14.863225 -8.086352 20.902512 3.728471 27.182596 21.119684 23.161937 19.630975 8.746032 -17.146252 -5.591178 0.485511 -2.060213 -11.687353 -4.176387 -9.319859 -14.787036 3.504521 5.337382 6.367534 2.083326 29.893346 0.298293 2.256496 1.504316 12.257985 -3.292387 14.160163 22.569928 19.448742 25.366773 -14.367064 14.667310 -5.796363 8.246303 -41.307035 1.004974 0.191512 -12.553241 5.597696 3.290843 -0.403387 6.317910 3.715506 -1.298629 3.131339 -8.650546 -6.065510 5.128837 1.652599 
12.388331 21.336484 -7.993103 -5.463680 -10.007350 -26.081891 13.611040 -6.139622 1.734616 -15.808264 -18.751817 1.247518 15.607776 -8.955297 -4.150421 15.898623 -20.603510 -13.973116 0.799049 11.204998 -10.145473 -9.117558 6.540464 13.569223 -16.085830 -6.274330 -16.088031 -5.979439 -7.297232 17.313749 -24.746810 16.660597 -2.745174 2.648294 -1.626642 24.039205 -19.350108 1.499998 -9.406145 -32.729896 29.998315 27.251473 -4.761289 10.776491 23.937828 -16.036447 3.743707 -17.029055 -1.378034 -7.765331 -7.625368 25.077495 2.110012 -13.792413 5.495396 -1.190882 -18.267209 -9.585643 18.816474 -10.678291 -0.455436 -5.644020 20.614470 -3.324106 -14.873026 13.306553 -11.484186 10.320194 -8.993134 -32.779598 10.467465 7.772517 8.684791 25.698552 15.150467 21.408536 -7.654161 14.853274 21.250881 -2.316940 17.418325 1.384417 -2.660991 -23.777455 14.863953 1.228611 -15.079033 -14.420379 0.917006 -1.312228 3.372875 18.746091 8.791651 -18.880470 -18.911278 8.992956 20.112123 6.151811 8.948451 4.474412 13.859352 -4.257455 22.057493 -31.338681 -3.685492 -3.856456 5.210951 -16.943748 0.591008 29.469167 -21.623408 -11.881849 -4.524145 -13.715007 -14.279256 9.251763 38.862634 5.764633 -44.575781 -10.132411 -16.803558 -27.213895 5.966071 37.460194 -12.644625 4.566170 0.225561 -0.335413 -2.743206 -12.533708 5.908547 -18.340460 11.644213 3.334005 -15.117829 -13.471216 -22.203014 12.404645 31.027458 6.231135 5.933484 0.285479 -9.249841 -25.795026 -21.797180 -12.097360 -19.475310 9.004681 -16.565241 -6.369384 -3.432754 -23.540188 -3.205360 8.704044 -25.368489 -3.889369 -14.940218 13.295839 -17.565675 11.527922 -15.639833 -21.530098 9.337592 -2.121269 17.769600 -1.985404 1.747600 1.445699 -13.835324 21.000760 19.866027 -7.544832 -0.123475 -1.518807 -5.525575 -0.797576 22.039102 -14.784636 1.390108 0.297658 13.066790 0.321551 18.004245 -21.416463 -8.937154 -7.521840 -7.550424 -4.181307 -15.543885 3.176878 -5.611861 -14.293274 9.900638 -12.779378 26.148736 -11.092167 -13.202245 3.368056 -4.933812 -30.884610 
-31.660276 8.464984 -0.268646 10.130871 -17.872513 5.171946 10.095381 37.095716 2.478435 -17.903956 -0.863207 -6.295494 -14.006370 33.500517 -0.585172 0.372640 17.346160 -21.800250 16.753381 0.927515 9.390358 8.362623 -0.788957 13.446361 -35.411131 5.720810 -7.057819 16.910035 -15.845159 15.337982 -12.270307 3.615102 -10.045142 19.907466 12.230893 7.099854 12.897329 -2.396810 0.699216 5.899876 -20.853920 -32.659925 -17.275637 6.032071 -6.405654 -17.777698 -10.835724 16.900904 7.606176 1.559485 -2.704097 -13.223524 2.469582 -7.104668 -10.984979 7.504762 3.803189 -6.357046 -1.422591 0.095618 -39.814483 -0.357326 -8.509440 -24.977878 3.881114 12.468111 8.025998 10.276291 -11.876470 -4.829121 5.549358 -0.483355 20.132950 14.578416 3.957399 -20.337242 -19.389997 -7.634642 5.944661 7.319685 -12.312781 2.626482 -3.435819 -5.798284 -28.697997 -4.323564 -2.195744 -5.249895 -0.660583 -9.081758 -2.551047 1.820313 -3.689317 3.577812 -6.564251 22.191420 -6.770491 -32.070208 28.830551 -0.556633 -2.532548 9.655048 9.645101 -12.154829 -28.904358 11.682752 -5.496312 -3.051243 -23.399844 3.060564 -0.066456 17.152415 10.667090 12.652828 1.870176 15.408757 7.108476 8.400111 14.227538 0.988315 18.013052 17.501194 29.184182 -3.622860 -10.296314 17.145143 18.915466 27.543057 -22.179746 15.531754 15.999788 10.940846 15.968019 11.794740 -25.824153 13.490973 5.204994 -31.024895 19.291603 -13.051203 -23.602067 1.715125 -9.265555 23.020942 10.642625 -2.984845 -12.138864 -15.682745 35.258870 -6.780911 -6.702531 9.908381 -1.966685 -2.367268 16.366187 -20.446760 -23.160873 -9.351207 10.192757 19.157588 -35.713467 -7.590232 21.064221 -10.649811 -2.547570 1.455785 -17.642416 -8.826783 7.912452 -9.229603 2.938577 15.408472 11.656905 15.108187 4.783834 -0.382470 -2.335594 7.163798 -5.594098 -11.369617 -34.287607 2.346626 16.747538 -10.168411 3.057504 -1.156472 2.810823 17.372829 -14.530685 -11.706728 -23.585936 -2.868888 13.153165 14.716486 -6.519128 -10.664188 11.993049 14.426298 -12.489929 8.457781 
-11.933994 13.675605 9.314355 4.842611 15.353500 6.274847 2.073761 4.596336 -9.794141 -4.742484 -2.253839 4.965129 -2.547184 -15.226784 13.707204 5.017986 19.914494 13.035125 17.140325 7.222598 6.753753 6.634339 5.527947 0.256528 -1.737945 -7.500719 -17.815377 -12.230843 -23.315731 -31.291552 -0.647403 19.312033 -2.364121 -7.338010 12.180236 29.642602 -13.363728 -0.691929 22.127630 9.065402 -5.824679 -19.266986 3.967828 21.701471 -3.766777 5.201251 30.489692 -12.994497 -25.724525 -1.410089 -19.868081 0.959744 -18.283926 26.884000 3.964710 -9.487241 -19.059087 -2.502077 24.057591 16.729322 9.251151 -15.848946 -17.729159 27.202675 -14.878615 -21.632576 19.033008 -2.394155 -14.956114 -9.688327 -25.571297 -5.494523 -5.336784 4.864760 -18.647373 19.686507 19.452586 -32.418218 -2.166261 3.794175 17.373181 -6.547576 3.277718 14.335864 -14.247428 -22.674729 30.702188 -2.396475 -6.183507 -3.304981 8.136881 -13.064429 -25.483240 0.950714 21.442803 0.625112 -3.428277 3.305741 -14.589527 -25.410750 2.113468 -10.055507 5.219271 15.331859 -17.538978 -24.693081 -18.967594 0.316416 20.224267 7.756827 19.117630 3.361622 -2.576857 -22.332988 -24.413149 4.788995 22.054199 11.668548 23.869364 -4.861263 -13.595159 -7.547517 9.991205 0.761802 -13.710444 5.009866 11.005950 -9.120373 24.050111 -31.088085 13.088590 16.719295 5.017382 -14.168568 12.279326 -23.062991 -15.411557 -22.439261 9.191201 15.162266 27.631730 -5.277814 -5.427751 -5.115844 -6.361114 1.524138 17.649042 16.535030 -24.781000 -7.719990 0.500747 24.119720 1.398171 1.443084 -7.845275 -4.723040 -5.511267 -21.836412 -3.347202 -24.059498 12.226137 -15.083209 -5.180953 13.503154 -6.388024 8.677744 -3.172337 6.861668 -9.978013 -33.218344 -16.948215 5.895601 3.872681 6.540225 1.742790 -10.892870 -5.983756 14.612260 -5.938908 -7.711346 -13.355579 -5.138405 -18.316819 -6.040970 26.005669 -13.203299 -16.397291 4.913540 -7.566104 -9.477998 -0.797896 29.007779 9.213873 14.361716 4.242732 0.620901 -4.957807 19.530362 -2.164634 29.585742 
7.714021 14.077287 -16.228564 9.626213 36.399580 19.630449 18.909180 -8.891673 3.009465 2.239384 13.376846 10.509776 -25.134871 -18.317008 -3.324124 -28.745393 20.720719 28.711149 -8.987651 -14.720172 -3.384972 -18.151483 -2.953412 2.092461 -24.189384 -5.111310 -3.620869 -21.281363 3.354295 19.406667 -1.017210 -2.143866 -17.569841 3.990036 0.234158 14.020426 -9.922472 6.401926 -3.952937 17.165719 11.850521 -39.109373 -4.699891 5.909183 -7.545976 6.308817 13.155654 10.987447 -3.331869 -3.892767 -10.113610 18.544560 -3.595646 -14.175794 -7.254669 -5.380508 -3.814160 -5.082206 -6.976590 7.545424 20.445407 -7.333488 -15.213409 5.893173 -23.350040 8.692864 -7.379840 8.852476 -8.069269 -8.039331 0.593019 10.531571 -18.453663 4.231291 24.257982 11.060605 11.466498 -0.664356 0.737463 18.315945 32.579454 8.919919 4.691330 17.779215 5.619505 -4.837471 1.500637 -6.413965 -12.569471 6.987759 -12.093607 12.975292 -2.647198 -8.396575 -10.632596 6.223077 3.646152 -13.485520 2.673701 31.284507 6.040147 -6.903020 8.188810 -0.233760 -0.251484 27.432170 0.970953 17.438562 -16.845513 5.297216 15.841947 -9.751900 6.380656 -14.782439 10.504607 -3.367586 -3.873987 24.897186 15.365997 -4.708651 -24.812821 15.618330 -12.682870 -1.441078 1.213426 -6.276455 22.155169 17.404218 -5.119077 17.935675 -4.778493 -14.123614 -11.093217 4.162107 -6.986220 8.813970 -15.991748 18.633748 15.877457 -8.597595 4.679548 1.030884 26.179603 -10.143141 -3.444123 -8.432324 -6.279602 -19.784649 -5.901616 4.042872 -10.534874 -2.225486 27.360852 -13.567378 -4.411116 -5.259951 -24.644070 -24.105409 -4.379232 1.590670 27.763922 3.760683 -7.075803 15.592915 0.823446 5.777309 -5.680846 -27.272684 1.975043 2.156674 2.274339 4.841994 13.415841 -2.885348 0.412381 4.767520 17.209952 6.935730 7.471216 -16.647867 2.470545 -18.892782 -6.829077 -2.879457 1.660382 -9.088613 -3.987249 2.848563 0.490272 -3.150505 14.833940 -29.763941 8.962888 -16.641738 -2.254609 4.616879 -30.341522 5.890275 -13.309276 0.526152 
-2.186668 -1.152608 0.781244 -10.990375 3.693736 5.993791 19.183603 -13.954375 -7.224712 7.090888 8.571063 -2.534830 4.040148 -12.616013 25.388804 -1.701361 -26.325955 -10.245070 17.575623 13.333436 -11.868932 -1.712976 11.208656 5.994674 23.197879 6.601455 -5.623590 -3.247731 16.787435 -21.213809 -5.639130 5.573135 7.411222 -3.473461 -11.122688 2.116543 -5.786529 -9.429435 -8.563543 2.737010 -10.989874 22.452982 -1.032484 -3.221610 12.321365 -2.855152 -3.654893 -1.643772 -0.749503 -14.071036 -9.213577 -21.058146 2.509365 15.288419 -2.841423 -12.116630 5.782362 0.912453 11.344909 -4.094851 5.197519 -2.206982 9.470460 32.088508 -13.521219 -0.758987 4.620952 7.818033 19.516437 -14.028452 14.507617 5.015649 -13.308006 1.713258 -7.441096 16.047483 -5.853043 17.748858 7.234251 -17.102146 16.821807 4.765667 5.855352 13.800708 4.198557 -7.430616 -18.361559 10.150307 13.113184 -17.873020 0.180815 -27.441578 0.051972 2.844915 30.606837 -5.461790 31.339967 2.630421 -22.884495 5.506296 -4.218939 10.196521 -12.983270 0.565503 -14.495504 3.112477 -19.363650 -0.047732 21.127797 9.664752 -10.557267 -22.108432 8.920662 -10.032317 17.369746 8.035870 0.480263 -19.800301 -10.160167 -4.169055 -34.340499 -10.347268 -13.028511 14.943568 3.782370 -19.793018 -8.875473 -4.107601 -7.035475 -4.170603 -6.595532 10.845295 0.818888 9.330414 -13.899151 2.262676 8.956507 -3.220792 15.620292 24.250155 11.122095 -2.050437 -6.881893 -6.934379 14.639427 -0.124999 -1.385697 5.276441 -9.361586 9.714125 -3.058042 0.711284 7.827719 14.673983 -8.990245 3.408007 9.624725 8.746770 -15.046326 -9.122716 -18.473679 -0.423275 11.800292 -5.217925 8.629325 8.908996 -6.457709 -6.686388 -0.632704 1.994550 -10.006812 -22.971149 -22.109264 -8.783884 -15.336804 8.362352 -4.877393 5.899115 2.343672 -14.807405 13.588828 5.168411 17.255082 15.257321 -6.413343 -14.358019 16.818201 7.343651 9.326138 0.057587 -0.936810 -11.616952 0.729198 3.287359 18.752659 18.945336 -8.008248 -9.464253 -11.451492 6.294666 
-0.175367 21.249168 -0.944847 -6.982460 15.272146 -20.125421 10.955538 -7.682684 10.062411 -0.312101 6.084086 14.792940 -18.046885 -12.076834 1.239562 -7.540757 20.918722 6.252232 18.345327 -6.945596 9.375958 -3.261747 -0.414247 10.768917 -17.823767 -8.674823 -1.275022 7.265560 -12.026237 -23.547156 5.243742 3.894516 1.747397 -11.680670 4.032411 -0.282656 -10.966784 -6.677698 -24.093144 5.091602 -20.278595 -9.564642 0.207528 -12.486628 -18.750602 -2.297297 -7.144657 21.765199 13.551789 45.644776 6.920712 -19.601048 15.086019 -7.470320 -0.479682 -1.076113 -14.792723 -16.313149 12.655142 -5.760843 -3.543063 -9.194702 0.578127 21.672478 11.702852 -13.245704 22.212632 -2.907006 -7.339999 11.679223 -21.827159 8.397899 2.947578 10.094499 3.135607 14.147012 2.918943 0.001201 19.020457 7.429991 -5.067359 0.135631 0.671152 -5.260953 9.314265 8.498507 22.349029 18.391954 0.787651 -17.343834 8.918763 16.739310 32.460727 6.066931 -0.475747 -0.539455 -13.937915 -6.185235 5.947113 12.478896 2.241950 13.543143 -4.492894 1.394049 6.755531 13.189326 5.266419 16.562070 0.416052 3.614889 8.295496 17.027206 -6.996494 -13.327762 -6.032946 15.518401 9.421101 20.400791 -10.661364 -9.078705 -10.710810 -8.327595 0.029123 11.787398 -13.782994 21.311900 -20.607126 4.171425 -5.876411 -6.456747 2.995748 -14.837613 3.126168 6.941165 2.018609 7.084755 -8.993370 10.917501 -6.025615 3.047898 -24.014375 -10.401122 -2.570008 16.099609 17.341828 -3.100205 12.998549 4.780108 2.722901 14.422441 -4.056800 4.066624 -17.739265 5.621802 -17.114593 -15.604528 8.168421 -6.409304 6.969080 -3.917634 -9.418010 -8.177383 -0.806505 -8.414483 7.421816 16.944568 5.550059 -3.570148 24.728960 9.486418 22.100115 -22.390557 11.129511 19.180671 -5.096105 -18.825923 32.512505 -0.728621 4.502780 -18.023943 1.450702 -2.822017 11.572892 -2.975858 20.378523 21.182627 6.625839 0.607510 -4.708904 3.454217 22.561394 -17.269560 11.046836 -7.406864 -23.865895 -4.778851 22.992919 -15.846338 24.890377 -15.228500 
17.287546 0.650009 -2.554117 8.318274 14.795361 -16.168523 12.128367 30.533966 10.229295 -14.679249 -12.328629 -17.681129 21.742226 -11.706584 17.286855 17.195984 -1.138712 3.318135 -13.470005 -7.870261 0.754113 13.713982 -8.033521 -18.969425 6.649424 4.547913 -0.235383 -2.564852 -23.411530 9.739637 9.272583 -6.197244 -3.548495 1.061682 -16.992522 6.480462 -2.456616 10.118183 14.416881 -15.873044 -3.543749 24.748449 18.677135 4.919265 6.496327 18.311784 -2.695421 -11.087888 -11.935066 13.871564 -22.938915 9.405316 7.327015 17.089498 -8.720544 11.293393 24.778812 -11.648945 16.852576 -0.368381 -11.373803 -10.590168 1.991800 -25.758564 3.321454 -16.298278 6.403955 -2.128129 -13.260711 -30.527505 -8.906795 -12.209138 17.716542 13.927410 12.597152 -6.184789 16.012247 -23.745946 7.605965 1.271839 8.829614 -28.067539 -31.838490 5.365643 10.734929 -6.845015 -14.648185 -13.997131 12.668433 -2.109895 1.890024 -13.244341 13.197785 3.196939 -3.736518 -22.007963 9.002934 15.688932 16.149870 21.038054 4.883893 -7.209790 5.151099 2.298276 33.388392 -16.456395 -23.320020 -21.228383 -26.359765 -6.697320 -3.452923 -22.351419 5.821918 3.477482 -13.538932 -6.564463 18.934469 8.656632 -5.507898 -4.368908 -0.504150 1.475324 8.109738 5.161506 -16.315437 -8.639382 4.244191 -4.346690 0.783517 14.947382 -13.053336 14.768468 -11.157422 6.660687 -21.854684 -11.864253 17.329220 16.210754 -7.070382 6.374313 -11.490039 5.018980 1.398194 9.127753 -15.501677 0.986747 10.010456 -7.222890 0.337035 -3.263594 12.787160 2.990552 26.698724 -1.998096 5.343334 11.325344 7.931530 3.944790 -1.891056 -1.389751 -13.883990 8.488337 -2.835997 4.800161 -15.651528 -12.777579 11.416568 -16.580245 -14.279737 -2.625186 -1.672688 -10.734045 11.736538 -6.441320 5.128834 10.835294 -5.037438 -5.050046 9.061529 -21.589438 6.409449 -22.773392 -12.646359 -13.018716 9.296642 1.014390 -4.020624 -7.193065 -14.372636 -1.608347 20.567461 11.143918 18.188261 10.305225 -16.583945 4.596672 16.208356 -17.460204 5.336839 4.974466 
32.740355 -11.469927 3.418104 -4.225612 3.768126 9.171786 5.967105 5.747291 -11.204813 -25.799227 18.049184 9.728038 16.831071 5.742768 -20.682188 -17.566164 15.371077 -10.257902 4.084246 4.537051 2.553067 3.740058 15.459037 16.555121 -25.965628 -29.589825 2.554899 -4.110089 -4.899993 15.537305 -8.950500 12.626734 8.316361 19.697720 11.336321 18.025884 -7.033720 -14.935020 0.690631 -29.544540 0.849283 3.170001 4.754692 32.205224 -2.030429 -11.119079 15.996241 2.353998 6.252118 -36.223097 13.430835 4.034598 -6.423345 -3.783279 -8.945778 -7.784041 4.832415 -9.440515 -3.154217 11.288361 16.526418 -27.195365 18.025022 -6.560959 -20.964408 14.226335 -10.785423 10.108605 -1.366915 -21.647319 5.649765 -3.673485 1.872493 -9.320368 -3.112358 6.050432 -8.034987 -9.139602 -8.328243 -23.814790 -13.612863 -4.939349 -18.893298 13.523721 -30.082184 13.748323 -21.693810 -23.868634 20.349245 16.641336 13.225572 28.897898 -1.869206 11.657896 -28.822302 -15.162144 8.326363 -4.421965 -7.466819 -15.541054 2.982115 -43.104218 8.573808 -4.068088 4.364693 -16.958021 -2.656930 1.743270 -11.709466 -3.171613 -14.743852 4.039444 9.460515 28.551186 -14.273005 8.887407 1.707425 9.866426 -6.034840 -6.225262 -11.227117 -0.192262 13.825992 -8.993454 1.651101 13.202219 -17.224941 -18.174330 4.080301 -0.095380 7.642630 7.542743 -15.842576 7.694303 6.984422 5.576891 -3.502056 27.242929 16.233290 29.681522 -4.419388 -5.265407 -0.045383 7.031468 44.445605 -1.755547 -4.489441 -7.163422 -7.999913 3.190820 -7.514595 -8.819205 27.619851 2.663059 -15.885144 13.303380 -40.477550 -16.009680 -22.339210 19.629754 24.263859 13.316170 27.848873 -7.406115 -14.951341 11.145936 3.811988 5.656818 -10.788824 18.991442 7.129766 9.313851 17.464383 4.447966 -0.142540 14.757039 7.154755 -7.149273 16.039787 -2.569694 -11.517994 -3.338830 9.605170 -13.241301 -27.958313 -18.754757 10.617598 7.636568 -1.567946 20.495274 16.168066 7.799603 -12.594231 -11.928307 7.280844 -3.748719 -17.493940 -3.080387 -12.473746 38.709552 
-18.735504 15.652644 29.159492 -27.206156 3.313022 3.607376 -5.484798 41.689096 5.837972 10.573801 8.186948 -2.577477 -7.613448 -22.970701 -12.314359 3.714155 -4.975099 7.866142 4.772382 9.224759 -26.173633 21.567598 -14.135527 29.069444 21.986073 2.421920 -0.833194 -13.680893 -7.182626 12.482031 -3.854087 -4.420296 12.301326 37.943241 -23.077287 4.983137 -12.279859 -3.280826 13.021374 -5.719982 9.289211 -5.512317 -2.033841 25.091486 0.252271 -12.544766 -23.119458 7.736222 -21.139357 -12.401569 8.030981 18.867904 -8.143975 -27.833309 3.667968 3.447557 5.468962 -2.358785 0.815563 -8.511476 -24.127091 -10.644903 -22.452182 13.256566 12.545223 15.899016 -12.315120 27.314205 -26.646306 19.528912 -16.925396 3.014676 9.737300 30.252116 -5.061517 -16.764889 13.290095 21.973069 -2.989206 2.996134 12.406013 -13.945462 3.615160 -22.284476 -3.951692 2.180050 15.759431 -9.972134 -8.477887 -24.087604 13.589922 -18.965965 -10.807740 -8.828071 16.592106 11.436682 7.073842 -1.830680 1.377662 -20.842581 -25.309052 7.453099 35.164538 7.455433 -4.830591 2.090684 -7.443650 12.877288 -10.221748 28.055102 -29.639171 -2.574588 9.047469 -13.515289 -30.358061 -9.332840 -18.415699 -9.226294 -10.849599 3.574599 6.369334 7.713634 -14.921213 -17.621950 12.898204 -5.665821 -12.180029 8.086774 15.350080 8.123506 -16.324116 28.404288 2.772318 2.619359 5.632449 3.379385 0.454255 -25.167179 7.341424 -18.990600 -16.069388 -25.057368 4.080329 13.922117 -6.455808 -11.227394 11.106097 -18.549460 6.952410 -13.672495 5.566851 9.485891 22.667536 -16.722379 7.028906 8.655394 -12.144806 1.426487 -15.802262 14.826127 -41.153996 -18.406298 21.775038 -2.432382 -3.568965 8.278557 -1.434482 9.334867 25.637929 -20.227465 -0.915677 -13.446505 0.037486 -9.016152 -15.498891 -4.658646 -14.233485 -10.763578 -5.803356 3.318842 4.331246 13.602370 -1.678782 16.965246 13.355547 -9.262762 -15.490002 -1.432924 -0.506790 2.924487 -2.218915 31.230506 23.239592 -0.933764 2.601580 22.884864 -7.622848 12.207215 27.918117 -9.432002 
-9.123699 -4.828570 -16.022633 31.282926 11.479460 -17.081465 -2.015165 -0.480212 -8.001098 23.629652 0.772442 13.450412 22.795583 7.619854 -8.856184 3.515985 -12.033225 -4.396732 13.693777 -0.017745 -8.691161 -0.685471 20.144961 -19.046676 15.001933 4.020360 -22.877220 24.666886 33.324589 0.206905 -8.243795 -17.173563 -13.632373 -4.896337 7.270486 36.224498 -15.892820 4.742364 9.822936 2.170116 8.343265 21.561879 -5.400743 5.834956 12.891169 -1.080977 1.516507 -27.414283 -17.771246 -10.265115 -24.842311 -2.682287 16.686462 0.755525 4.738488 -14.925404 -12.170667 -5.663808 5.154849 -7.336370 -3.556600 -32.141745 -13.405888 18.793654 23.298073 13.124777 -23.187611 14.571465 -15.756081 -16.065429 2.465960 13.158781 -36.082509 -0.175372 21.234254 -4.085667 -3.755847 -31.762041 -5.711404 -21.345446 -3.365600 11.384445 -2.248398 3.248461 3.303321 19.052775 -10.743371 0.916663 -2.317267 -23.040430 -7.545784 -10.149308 5.158914 -2.341387 -17.360077 -14.322212 0.187967 8.351790 -18.193252 -9.504989 -11.982214 3.570804 -13.084476 19.977923 2.716956 -2.088492 -2.454284 20.636773 -20.653852 -32.653697 15.806597 8.292002 0.750351 5.880923 -15.087639 10.744586 4.576607 6.215115 -10.882733 -2.365706 0.415796 5.868320 -1.812359 3.930558 -11.844053 -22.140238 -0.912664 3.856416 -17.939909 -7.131381 26.784875 -20.869329 3.062848 17.651976 4.852864 10.547975 29.780419 -2.110803 5.472423 13.705034 -0.909059 3.163960 -6.157670 -30.895681 16.479401 -24.076321 13.300087 8.507641 4.824050 -9.110558 -1.050733 -8.858140 -8.559724 8.132405 3.999020 7.368666 24.025775 14.485710 16.301765 -2.961585 7.700119 -23.010310 6.323829 -18.450821 19.632405 5.092491 -4.712767 1.866716 3.195154 23.804323 14.148843 -15.103057 5.431640 -16.773390 -5.203849 3.383860 0.924369 -14.270914 -9.565449 -4.163667 -11.342041 -21.741427 3.105614 14.823713 0.548302 -13.095907 3.617938 -6.725484 3.940830 11.100287 -29.612245 1.675907 17.594944 18.670750 15.709722 -12.962450 -13.062452 -2.201992 -3.485879 0.353725 
-8.505873 -4.535065 -4.718914 -6.466412 -6.969029 -8.733638 4.297663 16.782590 -8.019369 -6.810095 22.296694 6.649868 3.435228 -2.476546 2.119621 13.164105 -11.714206 10.033220 29.529758 -4.182106 2.904790 5.125061 0.723759 20.838758 4.651995 -17.059235 26.923335 -6.774045 16.964240 -17.426342 -2.435721 12.781393 5.864627 -11.668679 -20.015435 -2.060837 5.106539 -2.259182 -19.624485 27.742154 -4.957204 13.947953 14.558688 4.963750 9.174366 -14.169652 -4.635185 -17.777633 -8.510506 8.807670 -5.449675 0.881535 11.658426 2.495310 -9.568845 0.397934 -6.857842 17.341210 11.232289 7.032199 17.354302 -15.094369 -0.279474 -0.408096 1.206747 14.004510 8.786509 13.210838 -4.455457 4.000907 2.068401 10.409864 3.328708 9.877333 -1.884467 -39.770124 11.465429 5.125025 21.510757 -28.163742 12.218455 23.767390 -0.773037 9.398662 -8.430728 -13.439787 2.193447 5.862971 -18.486840 -22.481478 -6.606694 -0.541008 8.857034 8.244766 13.186843 22.472715 29.972846 13.356972 -5.640562 -17.380680 -18.515059 5.772898 6.597805 -9.849247 4.643917 19.916538 5.306502 -27.301931 5.325413 34.912318 -11.228327 1.309289 14.562589 19.289416 15.464893 5.143254 3.016009 -1.741026 0.172438 -23.565580 14.135637 -27.441914 8.404484 -4.648576 6.101910 15.976576 -20.632303 18.339137 -19.856289 -3.278942 -2.390103 7.902725 -6.524864 -17.336109 -0.117526 9.105122 -15.539516 -14.650958 -2.021684 -5.134027 0.642234 -13.796223 -1.440137 11.469041 11.039122 2.729950 -16.092546 -26.171242 6.372959 10.263131 3.316529 5.157168 -17.982503 -2.893914 -1.053895 24.634563 -14.715827 -3.601322 -13.149535 0.865657 3.610915 -20.822739 5.452181 15.862300 3.974373 -11.460668 13.761531 10.657658 9.624617 -16.144504 -12.024682 1.594823 -6.062748 -3.759287 4.613377 -10.973615 -0.276403 -5.230023 14.687477 22.698741 12.414689 5.637988 -6.355919 -10.805789 15.504966 24.104754 21.112089 -7.067515 -9.901202 8.821735 -1.801287 6.471831 -3.778928 -24.732223 -12.664574 5.073380 3.434046 0.180971 4.325959 -3.754901 
17.369863 -28.284445 15.834522 -3.358759 8.414646 -0.599329 15.408818 12.403706 18.437679 0.179844 -6.261888 23.051912 -11.965270 -14.288697 -4.607231 8.167334 12.352691 -12.649994 -8.815168 -21.998691 -1.524578 9.317148 5.335139 12.630519 5.651135 -13.122364 14.717058 17.353382 -0.253757 0.722619 -14.731243 5.728493 0.485715 -9.514074 -23.485112 0.462731 21.390951 16.605790 -2.494985 11.896080 3.814264 -7.582862 -3.015764 -3.861576 -17.232105 -1.724915 7.819522 26.273772 -10.105795 1.783013 -3.613411 0.831662 -12.406483 2.714478 -8.816721 9.613952 -5.807603 4.856205 0.407045 12.662357 23.872079 -9.189789 9.667680 -19.611948 4.287081 0.250737 8.303731 -2.361252 -9.148563 30.133499 8.954890 -9.798381 -3.716090 12.878688 3.923368 -19.269598 -1.967449 -4.103260 18.384815 12.013939 -7.695026 -15.772396 3.041592 7.909636 0.805596 -20.490228 -11.126000 17.097240 -5.645439 9.541069 -23.253817 0.732459 -6.823752 22.856862 -9.262693 37.973778 -5.438365 10.725763 14.239393 -10.047141 31.319115 -7.452823 -0.577387 -8.576607 1.092013 9.582627 -19.177152 4.255665 8.985580 3.627001 -14.021427 4.574219 -18.356387 2.264411 1.521936 -11.928032 14.485951 -19.285939 33.711638 4.404259 19.711309 1.886617 9.927753 -9.920298 4.535316 26.591791 5.228478 -5.762879 -4.113493 -5.748841 -9.062362 2.592485 1.413185 -17.095173 -15.785337 -22.082126 -9.487084 -26.836138 -42.327331 -12.380768 2.569551 -10.569848 -8.735033 -7.859735 0.656351 -2.141005 20.839529 -10.743442 -0.046485 15.335042 9.176737 -6.757107 10.777682 8.314523 1.174017 10.375370 28.738430 -4.275980 2.280555 -6.317914 3.239196 -12.877498 24.430218 -10.660408 20.239299 -24.059513 -12.665646 7.852933 13.539816 -12.187994 -20.246715 12.963332 -7.417682 9.118995 8.898031 -14.955433 -15.866694 -5.818527 9.892327 1.554586 -6.857551 6.492233 -1.243785 -6.833618 4.365514 11.163105 -9.638069 7.841749 15.234050 4.426224 -11.920473 8.958473 -2.937144 -15.578054 -21.458880 24.150364 0.462230 15.925404 2.386738 -0.563494 
-7.242134 22.119381 24.484778 -33.585437 13.371062 -5.306628 3.865853 -12.851161 8.475861 -3.013771 -1.575899 5.430434 6.395168 23.649555 -3.362144 10.237579 -24.960044 1.533884 11.573124 -9.164555 -6.641414 3.468154 -3.715499 -8.957310 21.020719 22.782501 15.789033 8.965132 -19.617122 -4.301887 -9.979315 1.904094 5.663328 -4.474554 11.394303 2.358883 23.234219 0.257706 -1.441918 4.476065 9.306060 21.847038 -0.933798 -12.614226 -5.340878 17.201665 6.236783 12.313316 26.242697 -3.047489 45.312643 -3.625359 6.968501 4.048504 6.805148 -3.250855 -12.916760 -6.218978 7.544667 -15.528604 16.037064 7.622969 8.810773 -5.265511 3.246395 -8.891583 -6.922314 14.505448 -20.974292 33.779410 -13.543799 3.394035 17.341820 -17.552393 -3.662494 5.827141 3.276431 -2.279391 19.896894 -44.677816 -10.448993 10.092941 13.280374 2.925709 12.493448 11.361369 -1.442245 8.457750 8.362123 -5.241671 -5.583925 5.068421 10.873028 -15.806029 13.190187 21.515690 -10.916932 -3.748384 -5.755461 -18.967229 8.012413 9.232316 14.847924 -12.659816 5.355469 -2.986753 24.342968 9.867546 16.360778 -6.787930 -4.952951 -8.883515 19.450277 13.908644 -27.261522 12.931617 -7.231689 4.542164 -13.243727 -5.191301 -3.439643 -12.692578 -4.864101 -21.528347 11.365564 21.143449 -21.395055 13.507075 -12.446051 -11.075263 21.177194 -0.469430 -18.631680 8.430659 25.320517 1.053309 15.873295 9.020135 12.960969 -1.384909 19.031010 -6.541899 -1.328476 -17.290627 35.870628 -19.927192 -24.285128 -29.736271 7.296660 -10.612080 17.803908 23.074819 -7.054656 18.346761 -10.682089 9.973525 -2.416616 10.345203 -4.078928 0.018889 13.670774 17.965442 5.436969 -33.966513 -16.439112 -0.358978 6.153734 -2.052103 24.113534 7.720204 -18.075398 -12.332966 -6.318837 -7.819318 14.004837 -4.328676 6.986347 -12.952579 -13.874603 -1.726983 -5.616676 36.706144 9.179557 8.917152 -20.505114 -2.119284 -26.842658 10.457640 28.517649 -10.265257 13.979634 -3.555622 1.448835 2.712038 3.534235 10.579009 6.408130 16.814453 1.986761 11.069976 
-1.741694 -24.201462 -8.385278 19.379582 -10.006124 3.107920 7.936529 -7.399484 25.011774 8.693131 -7.763153 25.038838 0.805052 -12.545265 -26.815912 -7.938135 9.789290 1.291287 -2.763112 11.543110 -4.452969 -1.765870 -10.731634 -0.754880 -0.450532 19.363024 -0.467687 3.444886 2.358984 -20.956574 6.495449 -15.777819 -8.877470 -1.469200 0.437887 -2.975678 -29.812222 6.272972 6.845358 3.459561 8.883134 -15.394598 -15.316612 9.998558 -10.795034 12.776066 -1.685493 2.882398 5.488659 9.479308 11.001092 -23.459237 -2.957818 -22.116080 12.942838 34.616600 0.356790 2.250677 -28.910857 -17.403536 11.151643 -16.187538 -20.549347 -7.773756 -13.427967 5.105195 -1.086939 0.673942 -2.138194 3.477156 -10.296644 -1.246243 10.560439 -26.569132 9.184381 15.994870 -6.432071 -19.622855 -10.549766 13.730148 30.330376 3.940272 -2.347488 -4.952657 10.279659 -18.747723 34.827585 -15.279376 -10.263315 -5.147780 -15.664769 -32.789686 -8.448219 6.509137 24.257499 -11.330082 -0.457418 -16.346553 3.618092 -1.843179 -0.002537 6.927137 7.156290 -13.155901 -25.941899 17.524705 -7.534101 -13.803108 -1.464147 -0.841793 -11.265053 -12.041509 -0.121331 11.981871 -23.006503 17.591729 -4.614852 -6.839985 14.383856 0.642948 -8.727484 0.597738 -8.915734 25.620218 -9.057055 -29.952671 -1.599900 -17.641248 1.214012 -9.420722 -8.574187 -0.014174 19.498720 2.595656 -20.127296 -8.625531 -16.691570 18.757034 2.018173 12.954426 -0.662761 0.935900 7.580822 -14.460164 -3.043382 3.259692 23.338747 -20.346558 9.365764 -23.961224 10.539143 -9.959232 -6.824399 14.810626 14.253225 18.428788 -1.177937 4.401677 45.182558 -28.201432 2.900223 3.921677 1.695985 -7.446656 -36.169384 -5.851497 4.241758 7.504080 2.459762 -8.802813 21.249453 5.580302 7.234056 4.982027 5.339224 6.248252 1.891902 -11.847528 5.517409 10.223400 -19.369779 -7.124820 -17.891501 -11.264128 19.070210 -22.610913 17.450976 -13.288018 1.218449 -16.141129 14.878847 7.588786 9.746779 1.055070 2.861607 29.735893 2.559402 25.477971 -0.981407 4.510005 
31.110062 0.436973 -7.365252 8.507932 2.363116 8.434669 14.133758 -8.935070 15.407106 0.976623 24.961690 19.234695 -22.174410 -9.188225 14.676199 -15.355778 2.454783 -2.124049 -3.833427 -13.334636 13.041504 -19.520165 5.864512 -4.565731 -16.389454 -5.094594 22.044126 -10.000146 1.674289 -1.202885 -9.441197 0.511239 26.386061 5.285312 -7.857944 -4.966766 3.302115 19.305516 -19.624843 13.298538 9.861297 1.301199 10.020160 21.921545 -14.328069 -12.263235 -22.893604 12.096486 -0.868079 4.860452 6.967105 5.143469 11.518821 -2.126673 -3.902053 -6.662779 5.534441 -1.744963 8.155415 -1.772633 -2.542176 5.719719 -9.636346 -3.948808 -5.180064 18.080280 -1.821886 -22.657278 14.888942 -7.326885 -18.630427 -17.568095 10.539925 18.495324 21.316857 -8.764880 37.298768 5.462140 -4.136914 15.595072 -13.722849 -6.771122 0.281995 -10.320517 -19.414091 13.410467 15.132721 4.689959 -16.513302 -4.252940 -2.856195 12.716796 -7.159820 5.554452 4.984853 6.259324 4.075684 4.414216 5.069995 -18.098331 -5.935907 25.743579 1.280033 -0.098620 -8.915971 -10.192306 -22.106341 21.062921 -0.251580 -0.242255 2.896790 11.223243 -2.132856 9.063993 -10.726452 14.567807 2.261913 29.235212 -14.575627 5.533003 16.195163 -15.660810 -2.891618 -12.660453 2.048190 30.751611 23.091052 -20.015112 -32.523947 -18.665436 -6.190948 6.293031 -17.753585 -7.444971 -15.793756 -0.398845 -26.526980 -33.025647 15.401976 -15.637173 -30.960238 -13.921975 -11.177399 4.583055 22.127367 -9.668275 -24.126302 4.963886 -5.536908 -9.781421 -2.397665 6.739250 20.373570 -3.314946 1.908646 -5.491269 -2.272600 -14.990935 -8.418483 -4.285836 -7.099139 -6.535683 29.505997 26.255655 -10.440975 -17.385256 -21.153211 26.428370 -3.248796 -19.548483 -14.536843 5.046378 18.464965 0.821082 -13.778127 -22.597100 18.249549 -14.274920 20.373210 -20.537674 -8.845818 12.046958 3.322278 12.406549 28.151953 21.250326 31.241698 -3.526949 0.961880 -7.462781 -1.127843 -5.157972 -13.349596 0.548140 -10.736151 -5.455709 -0.372270 -17.794285 19.522454 9.911195 
-4.584407 7.785419 -9.439934 12.342453 3.541577 -17.473296 -12.197963 14.847659 33.091915 -13.175716 15.235008 0.146011 12.339545 -10.363898 1.822522 -19.829196 6.589878 -17.584187 32.626252 23.326663 13.215171 -14.840695 8.683855 21.974669 -2.290173 14.213314 -10.059099 -12.536757 19.278397 17.551972 -21.016545 2.682120 -6.610317 -5.797018 -14.484133 36.611622 8.267003 -10.796086 13.113540 5.446195 -12.256777 -26.689691 11.791899 -8.203619 10.394854 20.647894 -8.744106 -13.433788 -14.528112 -5.867595 -22.641827 3.525400 -7.999169 12.378973 -5.251382 26.044857 -1.349111 21.340963 2.976554 -5.478004 -15.776607 -15.329566 -0.120081 6.578507 4.078917 25.321582 8.484534 18.650367 -16.025789 -23.322492 -13.320258 3.712775 6.460788 -3.363548 20.473067 8.425465 -1.823480 -14.565217 5.768761 8.213897 -0.187985 -11.721234 -8.055324 -9.091175 -19.410687 -11.490018 -39.976540 -2.713367 -23.157427 -18.302720 3.591481 -14.098039 -9.741643 -21.111380 -13.130226 1.480263 16.574415 -5.917503 -17.300049 -0.250581 -7.784042 3.566695 3.093556 -3.844475 11.666331 16.362724 -29.895653 -0.301002 -29.688658 -3.922952 15.965857 0.643061 4.339563 0.474089 -3.948827 -23.719775 1.356691 -1.115899 2.904621 1.330448 -14.707312 -17.062071 -17.956183 6.820098 -11.111357 -2.617596 12.092969 -4.579517 -24.233911 33.112133 -7.428554 -1.231488 18.016584 2.581392 -2.885242 -4.423270 2.973403 6.152413 0.703451 2.028859 -2.531210 -3.873664 4.656629 1.664637 -17.102001 -6.118470 2.524081 17.796801 11.886927 -36.314386 -7.993005 -1.318191 -6.632983 3.063245 19.467020 -9.162406 16.379208 -4.298627 21.154518 4.587107 -14.964072 -14.186837 5.183198 10.652592 -20.875364 -11.170777 -1.424093 19.983307 -20.105056 -4.457193 11.157713 -16.540519 2.565155 -7.356036 12.786297 27.467594 -13.816872 8.848316 -11.103478 -5.481206 -17.575733 -10.009695 -4.986114 19.755389 11.104453 10.573769 -5.596959 0.861080 -23.187136 8.796755 -42.781199 26.101409 7.554584 33.309171 1.736182 -1.958090 -12.506014 2.581678 11.352813 -17.568401 
0.351567 16.404241 -4.739052 -7.766406 -2.070082 3.590533 7.161383 7.090405 1.479867 -9.458995 -3.156431 7.235345 -0.767793 1.381265 3.857916 6.281604 5.113880 11.564506 -20.125556 0.704120 4.042983 10.111461 -17.309522 -10.742281 -1.109464 19.222558 0.842107 -9.397989 -1.386358 2.713837 -18.746008 -12.255912 -15.934436 -11.609214 -24.801263 -4.465451 -13.696604 5.182511 0.712519 2.676877 -5.998866 1.189343 -13.956423 10.744528 6.757453 5.589984 6.042310 -6.470837 26.516118 17.426269 -11.880289 -7.451122 8.064690 -25.342567 -6.352796 5.552476 -16.240881 0.698234 26.574956 -7.961592 0.609503 0.307312 12.872106 26.116848 4.254972 -9.152579 -27.750996 1.495703 -21.631054 15.690561 9.346352 5.673994 -13.162677 15.812176 14.997184 15.074532 3.483014 2.248027 2.143630 -3.167363 10.129470 -1.880962 0.663320 -11.294160 19.265202 13.647599 -4.678994 -10.669363 -8.118879 -2.212762 -23.549334 13.464882 20.137479 -2.673080 -10.633600 22.213961 9.109161 -8.203932 4.028818 7.874066 18.089417 20.963557 -8.689002 16.936371 12.038265 16.613513 5.907908 -2.743368 -10.964492 3.727706 -20.461171 1.943590 25.636217 -24.595882 -7.955732 6.103836 6.023316 3.301333 6.741919 -0.110062 31.088396 -12.313007 12.553510 -21.348261 -23.498051 5.628112 -5.784134 21.052746 -2.238315 -7.492034 16.215478 -6.035656 -4.809660 9.956926 -10.071304 4.643423 32.441003 -32.770748 25.120756 -2.996393 23.491168 5.766435 -2.436447 -11.019970 -1.372966 -16.720734 -19.381906 -2.389033 -10.149360 22.494277 4.650151 0.775519 -24.145987 7.907463 -16.106356 -25.340586 -12.696139 -2.299523 13.563660 -12.122632 -15.439965 12.700952 15.064835 -20.010579 3.968780 10.228973 -6.088246 -16.931542 -0.930349 -4.079598 3.432837 -26.841118 -7.662467 11.024415 -12.028419 -11.822571 -6.856393 -18.307436 -6.524560 -15.531584 -2.343600 -0.720838 -18.132056 12.186123 12.979815 21.111972 -27.739929 -9.064218 -7.105618 5.555445 -4.128992 -8.237538 -3.193127 16.418923 33.069562 24.440634 15.284267 24.538560 12.059253 0.552000 
-9.287611 24.401146 -6.482859 13.725586 -4.782690 -5.670532 6.920423 8.587681 -4.020583 25.633677 -1.199120 1.524061 -14.922287 -20.005702 1.618878 2.281719 7.121294 -0.382066 8.620567 0.505675 -8.884168 15.033595 1.110754 -6.689008 5.605794 -4.274220 9.774195 -2.839983 -13.108804 6.976222 -32.150659 -27.050014 -8.537314 -4.813737 5.132666 -21.752661 17.648953 -0.981041 7.832273 -8.876885 18.622843 29.985196 -4.718698 -2.536335 38.784504 -10.453892 -9.571932 4.962118 -25.685711 11.487878 26.734551 -6.441361 -1.574977 -27.529132 31.761653 0.825280 -5.620143 -10.966925 1.642231 -2.092008 -19.264873 -19.718595 -0.797577 -11.084274 -7.605140 25.354666 -15.085697 -17.990853 -3.805840 17.888733 1.016898 18.238784 28.512712 -8.308752 -22.915465 -13.340059 -14.987193 -0.148983 -2.319664 -5.038407 -7.125864 4.911035 -19.031962 10.708673 9.620359 -1.235864 7.635848 0.627916 -19.222297 -12.219687 -8.867118 30.789451 7.151375 7.000295 1.310723 5.552379 -13.645949 14.915886 -6.657128 -12.633752 -0.793789 -8.909687 17.934971 -16.316689 6.493979 8.830745 9.233164 13.657298 -5.211463 20.935716 -22.396351 -24.781346 -8.648328 10.898649 4.551570 15.845557 8.568063 10.050825 -19.412118 -17.098709 26.888312 24.189281 -19.727340 -4.064180 4.140717 3.117205 -1.767678 -24.622550 25.772746 6.585629 22.998686 -23.716161 -18.296509 1.001935 -9.130789 -0.081359 26.223683 11.674379 -9.743282 1.713351 15.386263 1.658561 10.282575 -0.306162 1.491964 -30.362116 1.136220 -3.557667 18.367078 -0.239959 22.418338 11.037056 -22.765852 1.517186 -1.863640 25.973439 4.603924 18.705837 1.243480 -3.637497 0.373529 -5.747963 18.661409 -20.153439 -10.973182 8.328372 -1.056913 -2.490128 24.610510 0.263159 16.684416 0.338323 0.418337 22.539637 8.202226 3.665071 3.753783 -24.350733 -6.240771 7.381011 0.405635 14.292993 0.185490 -3.736994 -3.739816 -6.794890 -9.359556 -15.740493 8.070573 -7.432783 11.199113 18.227264 -5.622173 -2.037145 17.263894 3.072480 -6.686682 3.171505 29.410448 19.419587 
31.732406 -9.416851 1.031571 -27.022276 -9.581874 11.232438 4.679087 1.242412 -8.974418 7.907957 12.004736 2.048663 10.246470 4.175919 -2.796620 -0.384978 -1.235232 -0.904313 -26.602789 -11.794882 1.164186 3.961317 13.971629 -18.710059 -1.006783 2.093716 3.505565 14.052758 -26.865773 17.822853 17.986194 20.598963 17.924130 -8.246061 12.910640 -19.438646 20.001328 12.091310 -19.721082 -38.406560 -3.192198 -17.487148 -12.119674 5.250262 2.501101 10.864089 11.041063 -23.388768 5.977457 3.235509 -11.561890 14.318000 6.257043 -9.362270 14.380308 8.857825 21.850348 -11.024131 -0.012598 8.971692 -20.684536 -2.984801 -0.976511 -20.457110 -20.912062 4.042937 -6.711044 -0.558803 14.036465 28.659009 2.381289 3.764320 25.196341 -14.998055 4.992456 -15.246820 1.733999 12.687061 17.781806 -3.109288 -17.010564 11.972500 -12.104880 -12.480634 -11.146174 11.218505 -16.305760 13.372521 11.057817 17.541034 -12.058191 20.203538 5.993290 2.783622 -11.344946 0.924425 -24.311029 4.802468 1.793992 24.476360 19.368843 -12.342795 -10.418005 -7.258715 -2.876508 -11.845635 -3.800966 10.480250 -7.616502 -15.841732 -33.814753 -34.848688 28.530743 -5.127260 39.997148 -15.694929 -28.715964 -6.675118 -19.129919 -2.153985 25.051628 44.641441 -19.451055 -15.130795 -6.964779 20.444155 -3.387848 4.560738 -3.215339 -11.459844 -1.102264 -7.511354 -5.452225 3.809011 -6.180500 11.374478 -2.290597 -4.682288 23.195390 2.857217 -2.437810 -13.952395 -18.361314 -35.619084 13.047220 -17.820550 -14.444209 -25.195974 8.044324 -16.196173 -1.570267 -3.171923 12.848193 -24.300682 3.883670 10.231604 8.059491 10.465323 11.274402 44.234049 6.818083 -16.641118 -20.470364 -6.348076 -9.761181 -2.764865 -19.886837 2.855853 -12.722235 4.505543 -7.441975 19.544676 -4.784595 16.981185 -0.553736 -31.247373 10.029041 15.612733 0.674131 -1.307388 -10.609442 -3.399311 17.554843 13.089903 -17.750746 -14.626447 0.759201 -2.624588 -2.822213 10.802813 2.562304 3.929158 -23.557053 -4.911708 22.867899 -21.056086 -8.083945 -21.174046 -4.207737 3.814470 
22.687820 2.575801 6.904898 -14.668017 -8.406423 -16.249846 14.789103 -25.093635 -14.828889 11.326854 -20.413719 29.188233 -10.699618 4.386026 -35.137128 2.980675 -0.252982 -9.758193 -30.419264 -2.049936 -17.968048 -15.289836 -6.560255 -4.337615 9.220248 -12.648474 -7.330803 -5.040934 -5.469452 2.473731 -20.480468 -20.005111 9.565129 12.462827 -7.122074 13.294501 -6.626230 -5.591232 -14.046588 2.833081 28.982006 26.948466 8.240522 5.198585 -13.584106 20.049739 -0.063492 7.396045 24.163664 -10.973116 -7.547519 -11.430945 1.437877 -19.083701 1.268525 5.949778 9.512947 -20.095366 -27.572832 13.918659 20.784121 4.647194 13.778240 0.473133 -18.766639 -7.264829 -8.038340 11.558530 -3.089977 4.790609 0.830389 -14.902506 -24.369633 3.161419 2.722614 -15.465208 -8.276743 0.614550 -7.314508 -7.899746 4.900564 3.252824 6.100775 9.017618 -12.940306 2.126797 -24.224997 -6.552077 11.164169 2.817135 -15.120339 -21.086013 2.264023 -4.187751 -4.229936 15.192459 -9.118171 -4.054474 -0.137479 7.322357 -9.100660 -4.569633 23.850526 -3.115158 1.825930 12.429889 6.062854 4.899815 24.457681 -6.101970 -6.626163 -10.149867 -13.033415 5.569179 -15.720045 -15.681141 -16.410627 18.547174 24.541467 -9.712556 -20.502558 -7.098617 9.718278 -5.925096 9.069091 -9.874177 22.140657 3.645418 12.494346 -24.290542 7.978375 -16.185171 -6.610514 16.878481 14.015446 -18.573973 8.131255 5.819261 5.224296 10.256293 -6.315275 -15.213303 18.821454 -28.791661 46.841075 -6.320332 -18.365124 -25.981163 37.044072 -6.453833 11.895682 -4.084613 -2.355540 3.274195 -7.956061 -3.041957 1.485451 4.753934 11.946330 -7.272724 27.423045 25.842064 26.430083 -24.852254 19.936952 -1.017049 5.894592 -15.575623 14.884105 14.646255 -21.748387 -15.063960 -0.995136 -4.235614 -2.448295 -5.206181 14.874956 7.722869 -8.704391 -6.531244 -3.378525 2.167968 25.211173 6.529205 4.928217 -8.776433 -20.472865 -1.462808 10.001805 1.744730 1.059669 -10.800461 -15.446344 9.737972 3.513085 18.455613 10.342048 10.550197 -9.855552 15.482684 
-0.468661 11.804385 -13.373213 -40.169364 -13.513183 9.793732 -24.700672 3.759910 1.251760 -7.567824 -2.666677 19.098536 6.449696 0.691788 -10.384310 -5.919409 2.058945 5.211749 18.504207 7.497882 -13.665152 -2.194851 2.424584 25.141196 -11.935967 -4.633186 -11.546451 3.181997 -7.136339 1.007582 -23.827733 -12.437955 -21.040278 19.026649 -27.214366 -4.862579 6.526714 -18.714851 22.592682 -4.229747 18.726744 3.682776 17.546107 -5.898863 -12.895922 0.775078 -28.648393 -11.980615 2.791906 -5.594891 -2.441105 -20.272269 -16.703886 -29.011689 12.500545 17.138781 -12.700516 -6.116490 -0.570829 0.525359 0.261605 -0.124723 4.772032 -12.581667 14.708321 -17.882721 1.545932 -12.288559 6.024443 -6.367756 5.671284 35.192231 18.418313 -11.415089 18.901034 6.906499 -5.623352 -12.166848 10.370709 -6.371298 -7.173709 34.101476 -13.641968 11.430808 -11.613795 -6.775840 -6.817942 3.030620 -24.231220 -1.063314 2.453982 0.271256 -14.908499 18.381473 7.625969 8.408590 -8.686794 13.142561 15.312326 -29.707158 -12.000252 10.235253 3.865909 -11.987762 -3.260212 12.411247 -4.121285 22.521564 -6.153664 -8.501846 -13.852652 -4.749686 -16.296379 -24.899608 41.648040 25.143348 -8.537896 -18.805930 -8.737884 -15.787874 8.868612 -8.438947 -4.507003 -29.235175 21.272076 21.977684 22.727731 1.652808 7.496732 -26.924660 9.836810 18.431876 -24.646057 19.232091 -14.505483 3.879738 4.154425 1.181858 7.134634 4.161135 38.486602 28.286038 4.342766 -9.092746 0.319167 -26.170743 17.113078 -0.622586 23.885147 -1.046298 4.243705 8.925479 0.291507 -15.692961 3.660427 11.198818 6.011120 -6.914240 -0.055139 -3.988472 -1.008495 -16.082497 3.480096 -22.216835 2.465866 -8.562992 13.196140 -1.264250 7.646394 24.599231 3.478709 -8.894102 9.168674 8.053084 27.917929 21.734449 -3.067781 -12.208920 2.516163 -0.797048 -34.297722 16.921253 -3.861605 -5.371826 6.700179 -12.961225 -19.992511 -17.270184 -4.323496 -30.502313 7.394739 -9.278789 -0.367680 12.194815 18.478365 -16.171735 11.843014 -8.008683 15.551400 -15.795418 
-14.048795 -18.038080 -35.106120 -6.087017 13.871311 -18.212376 3.621039 1.809672 14.184336 1.553534 -9.964715 -1.266842 -32.784029 7.546064 10.589818 -3.636928 -13.194029 3.972452 -2.598344 -18.840394 -23.492951 -18.274977 1.411891 33.694515 -6.173106 9.595779 -12.000392 12.823116 -11.582154 9.661263 -5.133700 23.629219 -4.297784 -17.331042 6.710149 -6.553171 6.139303 -17.892226 1.170268 -8.931628 -6.303329 -16.697178 3.611665 -10.484581 -23.841490 -11.078125 11.957513 -7.988915 6.977766 -12.916368 -26.971830 14.225733 -5.515489 26.266180 -3.491869 -3.686894 -11.953960 -3.547628 -18.478978 -24.790586 -3.132140 6.848022 -17.776714 -2.646828 3.428201 -9.006074 -22.876836 0.325059 4.394151 13.045812 -5.163873 11.096704 -16.136828 -0.748248 21.916603 -2.507098 32.774668 -20.864187 0.206554 23.707829 -1.275240 11.401714 7.152323 -12.641532 25.128377 -4.303061 -26.569243 -7.758435 -16.060982 3.361251 15.046777 5.291839 -0.245098 4.431680 0.079978 -28.760357 10.357781 17.457044 6.408837 4.459870 -23.634130 -9.109810 -8.412656 33.651507 -5.163048 -4.384320 -17.963481 -7.081318 -1.537827 -15.580628 0.953880 3.254298 -28.168112 4.353533 9.527295 1.338384 8.647648 -1.137927 -7.822367 21.229422 -23.004359 -17.360457 1.150185 -4.224960 23.744103 -18.808295 23.299279 -0.961823 22.418462 10.329886 -11.205959 -12.152656 19.638340 11.075427 6.602699 5.625690 -9.018252 15.555177 16.746893 -16.088682 1.305878 -21.263971 -7.768163 -18.494485 -7.213139 -39.001006 22.048203 9.850772 -2.410725 -3.553380 -23.185344 -0.167541 -14.665863 -1.189940 4.465925 0.646198 -14.639759 -7.081001 -16.628779 -1.352251 20.425555 -0.289799 -0.641424 -6.366279 -13.472482 37.516371 -3.575611 -21.056635 -9.208267 2.003308 17.344988 -18.591233 -1.121620 -3.891497 2.124651 5.463346 7.936704 -6.438102 17.873483 -18.993426 5.611513 -0.112351 18.831125 3.665656 4.021628 -0.825125 4.270373 -5.273987 0.051815 10.294992 -12.804041 -21.445168 -0.195901 17.573832 -8.265285 -28.950748 -4.725872 -17.359742 -10.591430 9.614873 
-16.146586 -1.635550 -5.911113 13.331247 5.388769 -9.391183 2.831813 0.266644 -7.027871 53.894403 4.787483 -7.926225 1.620333 -0.253563 -17.894733 -6.173931 -9.446870 19.341102 2.100015 -23.763797 2.699127 -27.140640 -8.251871 -10.693391 -23.078726 16.566764 -17.000957 -20.596343 22.754397 1.304380 -6.051637 -25.839792 12.576191 5.208333 -3.070454 6.603956 -5.904761 -6.050069 10.413838 13.155458 10.538952 12.630052 20.661846 2.417359 5.340463 32.741478 4.799561 -13.267912 -7.633657 13.148867 1.310449 19.246213 1.269633 9.681854 24.797614 -10.582417 11.132180 -8.030991 -28.319670 0.983583 19.038417 16.343384 15.729374 -8.814064 -14.113927 3.663278 5.092525 -5.288882 -20.866587 5.456960 -15.891980 6.505773 -25.248390 24.749716 -19.422532 46.975889 56.902815 -0.140241 -28.569404 10.127298 -5.458440 1.324602 -15.443673 -0.900017 -9.967306 11.528451 -8.265911 6.283683 -10.878182 -6.834708 -5.897016 -12.448589 -6.417348 -16.522522 -6.459347 -13.435524 17.480247 27.190909 -17.339932 -16.528033 -8.581715 -23.923286 -14.322604 -6.083388 19.339825 2.121732 -12.389725 -16.068137 -27.943297 -14.701234 6.361363 -18.974322 -13.756031 16.024229 -9.319338 2.677134 9.180231 33.380403 -28.919798 3.554578 -13.088479 -10.575045 -18.408083 13.849223 -0.850874 -16.640427 18.908272 3.772747 -5.557237 9.894454 -1.228959 8.404217 3.256397 1.563741 30.970541 -7.804406 6.365379 18.222364 -2.776477 -7.344117 -11.946989 11.711054 8.657144 1.135392 18.470951 1.159317 -6.045402 16.206029 -12.320705 -11.849219 -10.756384 26.344449 23.859539 -11.764366 4.127049 31.517925 0.996471 -11.349362 -10.678445 -33.372727 12.120675 -12.420543 27.245755 -5.870372 6.708303 8.741992 -14.953631 4.834387 -7.610636 27.014007 -0.367743 -21.886862 0.033453 11.427472 23.665950 43.801251 -9.194700 0.575377 18.171367 -20.403894 -22.143569 -6.379126 17.884091 -2.028912 15.442897 8.690842 8.762893 -22.983517 -10.475640 10.229307 -11.290930 -9.665697 0.587505 6.879865 -13.914918 -2.822640 4.291067 -13.378799 -7.559802 11.995078 
-25.310393 19.768963 -12.333708 3.886408 -3.349747 -4.555354 -0.327627 13.310728 -7.155645 -9.411107 -5.465681 3.080898 -1.438044 -41.514428 -7.885023 -1.913548 -28.528342 10.073958 9.374254 9.817835 -12.190156 6.895016 -12.480167 14.466861 -11.401346 -6.574295 -8.277535 -1.530402 6.200821 -17.033473 12.941024 -6.026006 1.130045 4.440351 -10.460584 12.924976 -1.729756 0.242031 10.120984 -18.220012 15.196628 0.944301 4.190496 -3.494056 -0.435074 -9.509098 15.653682 -29.164385 13.259859 16.487922 -3.215074 -22.879400 -4.980765 -13.308478 8.782995 -10.708545 -15.747751 -20.187114 -21.483233 -3.883717 7.146968 17.582704 8.075793 15.532266 -11.427641 10.816166 10.829409 13.052867 10.972570 -4.075059 -4.215235 10.173600 -4.222683 -17.531471 3.321665 12.328515 20.943989 0.652057 -3.424186 -7.426135 26.529495 0.302040 -2.203305 14.635235 19.415683 5.458378 -6.505501 14.913665 3.199419 7.568888 -3.619660 -2.791675 13.179506 17.610024 -1.082775 8.990004 3.332695 -3.275286 8.193633 -11.073467 18.532547 -9.043275 -13.339052 4.486437 7.939900 -7.053286 -11.961259 5.179249 -11.437594 -6.182164 15.980437 -3.104918 -0.665547 2.438912 26.150888 22.961929 -8.134759 -16.407444 5.163075 -0.934179 5.264249 1.278345 -13.212321 -15.637538 7.386401 -4.137972 -4.232811 4.812365 11.701234 4.881412 -0.818016 -10.645958 2.652341 -1.675814 4.481396 -11.501564 4.942515 25.539719 10.285635 17.145029 -3.480093 10.388394 -20.150969 35.778358 27.195817 4.735520 26.780401 -20.493090 20.452747 -6.673752 11.108105 -8.942269 -6.032723 13.959377 -0.838461 1.792582 14.481688 -1.346069 -1.796838 -28.319919 -2.984999 -21.549622 5.363570 -39.794004 5.978421 18.232938 -8.613696 8.134854 8.262459 -7.286619 28.199833 10.229296 -9.855979 -8.974445 6.849501 5.014945 11.414288 -13.985901 -24.998531 6.364460 8.084800 -9.012846 -23.619832 3.475909 -14.326701 0.908725 -2.419129 -12.423206 26.833653 -12.863176 18.314652 6.666865 -0.348624 3.968789 -8.054506 20.658173 -3.222277 13.354014 -8.453270 4.450294 
