200
0.03606628207403839 0.5236130410772647 0.3111015704263388 0.6426724287020967 0.6513535826764605 0.7092752670352204 0.33366463825851456 0.8726093552777147 0.7430804374772589 0.6508561041464948 0.6098318294437635 0.20646392266547475 0.3479953068537478 0.8704194884568355 0.15521149724019045 0.24217499531516884 0.3023291293178584 0.22008771026023943 0.51086323208546 0.22168777550944874 0.9406043989544441 0.7764005158331841 0.27257757383430903 0.8760540368031711 0.1663194457699828 0.012727829476578467 0.08978624037065797 0.3070023859383133 0.007567106032298043 0.9605689768139427 0.9919751624672191 0.8582581246993005 0.024550359822085754 0.7751018018422523 0.4558221340298483 0.9060416819104968 0.6231922300944743 0.5802832382682372 0.0642964721874486 0.38745615966940394 0.7992179070723543 0.24005644350502187 0.5728211762611809 0.9210736313339657 0.6429831635314447 0.5148491072034016 0.9225437740481349 0.7751985799069728 0.7588005719138029 0.7377752802685905 0.5307794927042034 0.8311137700483063 0.8131473292089355 0.705636875256813 0.6314673925319957 0.985736810009343 0.6264071380073373 0.6502887699758481 0.3276355662806525 0.7014654354278702 0.12456105645819093 0.5116766547943493 0.16665456123353062 0.2384970422247943 0.5914126817380188 0.8641976362385354 0.5994064092355512 0.615606150214897 0.39177936809940195 0.45444493831667254 0.2863475191436907 0.7376184768295097 0.1187677104219309 0.4267403966060106 0.2791558929700131 0.07349862004982943 0.9529060796093609 0.8665442672027209 0.13232150380655483 0.03395015842118365 0.4424393292148445 0.017387814999502704 0.6573736604460749 0.9784788417226937 0.36231755410078825 0.37520444699082045 0.11291552094586232 0.1125847418574557 0.8030000189329918 0.4104377133442091 0.30571781441304635 0.16341620272792678 0.9075082645870873 0.8657773962355434 0.9675440810804123 0.5866161194066873 0.0790257465703329 0.29335296458638926 0.9405266939486524 0.6689106181408524 0.846588636904453 0.034135216720087125 0.08265593741493715 0.7107231672958743 0.9311687565867258 0.7008605505646234 0.05517086542947225 0.4191348937135887 0.8131962238072165 0.8059005870260433 0.15941873404054974 0.1424307081753463 0.5034094410079709 0.27824298272173853 0.009080009682780443 0.903687077854267 0.07273386017826133 0.8628127002196372 0.3567475276324432 0.5867195761107522 0.2778815644636923 0.15439559642727252 0.628461238464285 0.3085183742210791 0.8772441756541065 0.7989725277049506 0.9678243834749104 0.802942026123652 0.31480996752173296 0.8956129108196634 0.3476256883795069 0.4074986905455372 0.8872051157955075 0.4136608672294232 0.9446017332334244 0.2942076089922313 0.8403172284864306 0.016629528213502054 0.4479371239384159 0.7865632263482778 0.5217972896485988 0.15430982563048357 0.6255778379480539 0.46798799951992565 0.05771568254951942 0.651933539661131 0.47851924215945973 0.29122561976653016 0.15237290279671412 0.17633890771551852 0.7873094711537765 0.26431599206164647 0.2353713489189746 0.6883163251158108 0.14130120096361443 0.015267516929313052 0.13305381909157987 0.9785971067943747 0.7045929168490181 0.8815006062664598 0.7653469046964482 0.04461693384481935 0.5335097284158331 0.11167769092659197 0.030453864671244335 0.4133749619536242 0.8250321427186053 0.953466090633148 0.4017250986250739 0.0334525070941627 0.10217558015366024 0.43843626665584157 0.725506996677531 0.3195541365521555 0.10161795377761818 0.3717709210209236 0.3502798980586921 0.17904958238027424 0.8473020323946169 0.14966135296899363 0.3371982688586792 0.8619459661375527 0.8975804077741439 0.013700622250158556 0.6886601374892413 0.5635796824641675 0.8204901764693153 0.3114924560039788 0.6427411911650542 0.014107900750807811 0.11093620848729646 0.9822779028207149 0.6978395708539787 0.5396741006480489 0.7971978838598757 0.4171672578160617 0.5579726262433741 0.6791809968531205 0.8390584262683999 0.5623411458463063
0.41035714784479327 0.11577444651794422 0.20528971053172185 0.8498198583188861 0.1775628820365457 0.06163523141234839 0.8399743137780353 0.19758332159332836 0.16379757996520428 0.878625941467706 0.202749395430313 0.3331593779608564 0.29188037017324775 0.16949795848129867 0.5277653879136792 0.9875305752144754 0.44552904329552867 0.0813489630301103 0.8724170849106886 0.9013939199137728 0.8598460589455005 0.1753770537112478 0.016120083627423454 0.08789819770094287 0.09842631075837549 0.5385122639948677 0.07933750287616426 0.5711521593299547 0.5384603303134956 0.5711047189522934 0.048526616038051085 0.787696132692662 0.31338063009957495 0.3127843819337125 0.6246241464272229 0.622467037155265 0.5674416848737899 0.7040253206146496 0.22940584164977196 0.4543078736892574 0.1650840667913731 0.7282671369519428 0.4199068825889488 0.07954851571903121 0.9676032133801504 0.052916989771959355 0.3111798746068001 0.4800825081895469 0.3410834312399903 0.4817300649293602 0.23279967387900025 0.03301403942940384 0.23804392896923665 0.14147563827843102 0.8610514681170451 0.7358503760421309 0.9436818277938113 0.6792410001655407 0.8168456363693329 0.28404160889145713 0.10191175410849163 0.5567260350499978 0.1885854167575064 0.06640513136510695 0.15738293445736695 0.600216156881419 0.3542435362455525 0.02578910985093197 0.9689492990845723 0.21342907973889036 0.47179775870665 0.9318432199729086 0.10712279580713824 0.7126254291975307 0.9245238159068708 0.9174845998393033 0.388833250383551 0.2722137687536077 0.6546078586161664 0.9189565715863403 0.5808713631754359 0.7534084992107858 0.5464552773334147 0.9334294134364824 0.5914176490054673 0.11822659375922939 0.33104491205789044 0.2678431277928457 0.8861813724980754 0.7375037141795636 0.3401710314159717 0.9438222405978619 0.3205209631233785 0.6173410351789009 0.6923086112670127 0.07328640479308557 0.3493678183134087 0.9734019157996066 0.6068847181315159 0.9590440068001199 0.7797421899750772 0.3665886796024487 0.6439563578883825 0.21719017268140706 0.3662776549963882 0.7520380914661314 0.18670540868331664 0.7110640811672511 0.09874382527405201 0.22063994076836158 0.28835871919542033 0.36130900189525583 0.4504944861982426 0.21658899730941927 0.06267638827924105 0.5688165990533901 0.8915544929290131 0.21313782636370981 0.029609522643580743 0.13032056709290885 0.7677668765684839 0.07079714811891535 0.19609762240918727 0.6536653166537628 0.49975869227160785 0.6911906570104489 0.9217532163170533 0.5072736080592264 0.3601545740270483 0.7138783333821184 0.7787433576505987 0.839681183785581 0.4064448048096553 0.036439927910611125 0.11589789205556267 0.712148979545324 0.7097065625480343 0.23714973134117234 0.7954417728346679 0.5081939999190015 0.2825596475569081 0.22214503189113077 0.7203375602184732 0.20981449353551407 0.49558726165295264 0.5936928815068976 0.11096328344916295 0.3574175476983281 0.8110148644711438 0.29893854255286734 0.5451594052472847 0.24937105283678385 0.17543683471170535 0.7471432664342356 0.581984294743572 0.43391414533407946 0.18554626073260483 0.12090315867096957 0.7393009485899429 0.13355115547934315 0.8869690497594876 0.7840727995653463 0.7583673622512302 0.03694147285705174 0.25430351821768227 0.006339737271732426 0.231922153501519 0.13268555959476946 0.08019458155990544 0.8431159825059737 0.043178273737734196 0.7781914960981274 0.09740705016281981 0.4861363656307687 0.19193262621618234 0.6575765703306778 0.9821267674987606 0.040475250211972846 0.9354880598738468 0.8548629430421524 0.3160300546070124 0.14276235354848754 0.9054764824696436 0.796221730207629 0.5517978400240455 0.9801947926534307 0.5623304459035223 0.9676256811175299 0.04146837763901867 0.6852749246339154 0.27266980356366854 0.1943170461474235 0.046374706391505094 0.37972261511747774 0.05335367792662371 0.0820481330756544 0.7043088935812117 0.79956335640233 0.8384108403426519 0.6525342190686415
0.05551435340332256 0.5614757973894751 0.5349525541280323 0.5469225115052101 0.5781273696089833 0.7236104831255846 0.7814318825692234 0.28596013111268026 0.43845837647617536 0.7058863621967127 0.3769942668165728 0.9564213364529937 0.5324932786749116 0.6478251380923719 0.6236334754319645 0.10195024732159574 0.8415192343195618 0.9241302148859112 0.27584912667729555 0.036478073775794706 0.9017148072011865 0.0974063521705002 0.18179809609048903 0.8070363899406295 0.16568928365522584 0.5171604854847853 0.3574144072882235 0.10299595664268535 0.04080539918485837 0.02243692715419876 0.024158442021475768 0.6740036639956513 0.6842243250703028 0.5984285595235893 0.7685277369826752 0.36152556103998024 0.32067654560167846 0.9653608176607793 0.6730240896184738 0.7135497944196232 0.44492504402321686 0.5811371685396418 0.4300239584698716 0.6577563077633811 0.925609249632419 0.5707037396318785 0.8972468562316863 0.9594038281482034 0.040229378013763584 0.5663365900375223 0.665874618062424 0.5309344199827529 0.25455358877085454 0.48257072770023857 0.9485110448276535 0.6835338618075907 0.6262395404076171 0.5014213065318129 0.6231053795166701 0.45352249245443554 0.4256159989133713 0.1421423817900308 0.6820823695727543 0.32594097741159345 0.10336741269432159 0.07108745604228461 0.8510133364888286 0.8959511046077552 0.3592688052434585 0.17210386904958896 0.5777278325470347 0.7589153704461892 0.23259872063706766 0.12977803259057186 0.30602864041419564 0.961622252319496 0.6838285001259746 0.33398492730015295 0.758932075809726 0.6522281015839563 0.8650781694755315 0.807634414982295 0.36461033674967447 0.9388733863258347 0.7221995890695802 0.02621306288809855 0.8761120239102306 0.04439640395682731 0.0026455351929773885 0.3227082229608085 0.9834063748044449 0.56949148832837 0.6021416899207762 0.2715731464328601 0.13903846336515924 0.40528837126644734 0.8603991042128342 0.677320020954145 0.9492073749125114 0.03333066605325097 0.06261751424591744 0.20085755692160123 0.7434649634739963 0.08922420893463068 0.3529993057351293 0.7896800548769926 0.28537414843498654 0.4073955183334924 0.36106745083944036 0.841888915548757 0.41408265800333655 0.07265942509554602 0.8849793038361099 0.5337923587483011 0.8711268520150508 0.5147768179047744 0.047744296488688276 0.2544868030125925 0.7369453711580688 0.0015088941963978808 0.15601023517730883 0.7703768912097727 0.17930420196452035 0.9808513269756528 0.5518858760737598 0.6081877961036538 0.09072085626966042 0.6900179450077245 0.7603470622389326 0.006867246008451344 0.2976638103836793 0.8478299643522412 0.1018208658402705 0.45080622755180333 0.2535883998432077 0.23554809670284116 0.11038921334590046 0.18130346571145572 0.38359313609070445 0.12119284186982082 0.8817308393411458 0.5112998427555174 0.9155220312818956 0.023741079188171366 0.47403750434392455 0.4128749830969599 0.45927092742598374 0.1896431388887152 0.7559894327389368 0.14494706427304882 0.6885245912758462 0.6703336333372707 0.8330915509888448 0.3734806292626588 0.01034618036128554 0.6874208855897614 0.06314409980378977 0.9968918026765011 0.4314102798701397 0.4345885600627165 0.5239812368282113 0.45307914420188533 0.6003455244797531 0.7886199257008412 0.7087697491769325 0.36659691710323894 0.37439471870174823 0.1459486020292503 0.7575135389951034 0.13726967445414007 0.1431596751492865 0.44446596815224115 0.6904440155312547 0.9269930338436391 0.6484066135355022 0.4531824330967552 0.24765672558284313 0.2086064284497129 0.9217483789627802 0.7921131503521737 0.9274962648510825 0.6489812888759205 0.680706556188641 0.37417821404085194 0.47619168707805426 0.4718308887683803 0.0592555562751903 0.20240658122363964 0.8067841415639714 0.5902761164369688 0.8540314170928054 0.26877692197709147 0.5232381495109908 0.4611454588218724 0.03992799848232553 0.9046325165091619 0.04121258684801321 0.34821090551435396 0.36830668206655204 0.3489221240635356
0.14825993190297737 0.33726424974787794 0.03182098300582703 0.7582359508695381 0.03541057819031512 0.13857795432422415 0.6835105872244441 0.10340019476090523 0.47919188472366736 0.35418478397929276 0.5639340104421012 0.49397447560658747 0.8671741569360042 0.07134213517875032 0.04392617987252023 0.6577986099406937 0.29944269395741496 0.30552825434581865 0.46313249462304495 0.8058327714287556 0.6018418057851338 0.7838710781877821 0.599961080736126 0.5308072718534175 0.41692544176753465 0.5478029885340058 0.8293983265683228 0.4356981036294205 0.8801722168420356 0.25799589801601897 0.03537618704793388 0.01648638807999414 0.5164089550668693 0.3275440387372981 0.39928507199515906 0.37635186481943395 0.9647339671843068 0.7688014366210214 0.041377975716570425 0.9275884256970877 0.49503412717571693 0.03862302398683659 0.7522199527282927 0.2742329659617805 0.2184434040776314 0.6110649660083278 0.13176302588415345 0.9280698663709274 0.628759491095399 0.3869705545728609 0.17669982736408696 0.6861536558129891 0.04267388259722149 0.577506605411724 0.7441176348281385 0.7798448536074741 0.3934400432092665 0.19575179264482623 0.7201130117195403 0.23556701936255864 0.9105462976330592 0.8472599595554514 0.0531459021139723 0.7781186754617357 0.415219539573471 0.1139938199066507 0.30341383514381415 0.4787055154858074 0.3040401467538424 0.9384314689908191 0.9366098210007644 0.8864293769393342 0.9470066989705744 0.6321397139868363 0.6563578634217261 0.13119813301175798 0.2987856713851039 0.05541750018588654 0.5509951536752722 0.7546467054291347 0.2903536700536725 0.032308466272953695 0.28626897982148436 0.5022419324149658 0.18039752912912876 0.35249757135252957 0.9435031284843756 0.30314821969507477 0.7425165098525818 0.750637128903886 0.9752524288777452 0.8527386769449131 0.7880821815269413 0.2643011790442358 0.23725583178923249 0.7341403267166158 0.16296520513167756 0.6730959260341765 0.8809150886282604 0.915837409581867 0.19855930927089616 0.9653230973014205 0.6506319663511171 0.5413186450738982 0.7908867630515556 0.2182287653131587 0.8898174708393712 0.06507185210468791 0.6997510715473406 0.21833954844249526 0.05522387051151012 0.006212840445744328 0.7690482634931167 0.8198297740481065 0.9689531989368524 0.6942156542577677 0.19166052192055905 0.36568635584979314 0.7356289597941547 0.09260561780603815 0.6127311528224255 0.9629998749403702 0.18523154626918437 0.8832445272289247 0.12217935010217407 0.12321896699598822 0.7534452600858127 0.32995604599961226 0.15569392128576942 0.5594500700922536 0.8592723424153864 0.44939977286148935 0.7360350321345714 0.7192309840126341 0.03757200546672046 0.9180493796759008 0.35680552620461914 0.5151287586482379 0.5487631928515705 0.19106329997581206 0.24191258673308624 0.25731989034711744 0.42770823194542584 0.04440924476446462 0.11983227107229444 0.25735388150048955 0.35184836611401804 0.36071959122934394 0.5007880939499536 0.8441700311882403 0.9774659558664257 0.3453600303821124 0.8957761359913604 0.11972579462426025 0.5935692955057261 0.3851017749942005 0.66950673340324 0.6318179408786596 0.854240205602834 0.6782087132466771 0.3108473050081352 0.6493683953107166 0.17109560054936623 0.7974508966742712 0.9395934711548456 0.9635224645962429 0.14459578916322713 0.9863516428305481 0.04981111460666365 0.858996657640167 0.9089152082143046 0.5771189592083095 0.7537833931470103 0.21941806732114666 0.13527558426171715 0.5648850760288289 0.8010365199677646 0.8798203432477056 0.9143688210997679 0.2113378374917877 0.29700329593070307 0.33131513410084423 0.26152798771301355 0.253557189883199 0.22994484219458033 0.5960785783949472 0.09063029857509386 0.36374929819247614 0.6751058216337068 0.6157105220742305 0.31409156246412484 0.9691306588530266 0.0827457933737672 0.05357041721419986 0.6339083455684212 0.4161941062652652 0.779906100879572 0.23237097121703054 0.05514192454661471 0.5192652327279044
0.7938191296886783 0.4432281506953253 0.26398616954073917 0.589248492051588 0.49389855498747615 0.3289820919893677 0.6391418385004278 0.7915253984385278 0.129988949713297 0.5638952185970644 0.9455631354631636 0.6127878470874908 0.028088109308415876 0.7756603730935817 0.09328178326440828 0.49449916708267194 0.7906991071300531 0.8298724909848113 0.8566697052108007 0.6715265323044873 0.3842600933670868 0.939052473958941 0.6182378464809798 0.34946749176672254 0.15880308878215987 0.2678106521304514 0.3724376555000184 0.5511975012630562 0.17931176243929414 0.1855483571164971 0.8534033686452833 0.8933671323468113 0.36255590254021186 0.9122204819750036 0.43585324313797724 0.47561895357354167 0.5885416459039631 0.5937551361491443 0.4829929579647193 0.005173082475467883 0.19974021538264564 0.7799442851517324 0.14217345743651444 0.09108582485689276 0.5456050752259746 0.8441791546237232 0.5759777158755036 0.30845866064503047 0.5706620750186832 0.4949781938646368 0.11713522785373798 0.5476363910874031 0.030964020725795183 0.6606664372065817 0.20103805485275417 0.3329910486387979 0.9330338545520933 0.9366773223853166 0.48787309232356757 0.12475484240669898 0.3698831011164204 0.8465293891275342 0.4813678282530649 0.5304944190324716 0.5855955633831423 0.32124606124041566 0.6251851550522941 0.4878952936974401 0.5091661187164978 0.8477814604054198 0.5173146945445589 0.5574814015036657 0.7284493469712086 0.7510710927593102 0.9488612735389487 0.24655282334060424 0.3656115828196158 0.9478988351562618 0.12717438395293168 0.2244185021603443 0.03210656656570621 0.7323045386641679 0.0975141745525272 0.47970718875851814 0.22827063294541095 0.5149626956927033 0.8506710213161136 0.7538280320289962 0.7447112975272403 0.7153916136667379 0.014452965858984146 0.19541346411243632 0.5172923040902354 0.7011953314958635 0.7682343799074755 0.29428545613476853 0.7096013509815444 0.6131214796012117 0.10130949167988368 0.8411211141258281 0.8348022367791438 0.23221053748224885 0.27660036271923283 0.9783091289612124 0.9417266242490249 0.6245741257970793 0.9401485394670349 0.8476512998909622 0.5859024177102722 0.6526531355298386 0.9138174416033804 0.21055849203668997 0.07153816741663921 0.28447777143609687 0.8741971129391581 0.23529510129460718 0.5278565765664757 0.09749658517045134 0.6376481081230979 0.8908543482903527 0.6832464128481884 0.07044893484159398 0.2011272552153155 0.22443793636188858 0.5618773940808316 0.8052966199304377 0.2629451712313483 0.10939854847731567 0.7547433108147921 0.4371690717547736 0.6167723579851916 0.14412291420810786 0.10285819434819443 0.701221188578717 0.7633633109076472 0.7843135653544988 0.07220496989167036 0.33480105153768946 0.056171865728490644 0.6084172591742824 0.21941217665377122 0.4898487441389632 0.34705389404327525 0.9233758767390525 0.5384187362007199 0.37684354257786 0.027412382018359382 0.2199294691286262 0.8880619083156476 0.18550890068436576 0.006310558579309511 0.33149309069863664 0.45330694276532 0.3354722266464766 0.5421076504481196 0.6751991487942814 0.795362466303048 0.3704561195362098 0.10212446933295916 0.9560703038290655 0.7320044540480697 0.6132800410005318 0.3274747782604277 0.41153215092717277 0.9695962965021221 0.025170636180723682 0.41904134066411314 0.3670285201106618 0.7708244867217797 0.1251570045070295 0.14218201030095423 0.6685715564429058 0.8209232315795756 0.3810313914390817 0.2508613074211833 0.13248459151310887 0.2065020505213786 0.22683290981742998 0.3508932246113089 0.5636358047287363 0.9301776338752751 0.1741504890059442 0.9629812201756138 0.5748919513893591 0.5976704395539004 0.21657989237592634 0.35199512368316377 0.4129981741620231 0.8938645425980747 0.7642747976563962 0.4174750537713272 0.8650441265179826 0.9226492550010272 0.057077188037889526 0.8161984067139267 0.3408139643184568 0.052624399375315045 0.16894199805688914 0.15531272674854046 0.8843440932797284
0.7848215894653628 0.8791704968770474 0.583306004987065 0.22779096160129164 0.5220143311975922 0.37013960701786863 0.6852931103657286 0.8969149763121359 0.850027616393466 0.7582157599455734 0.7787421591987652 0.06264538236507233 0.5367900896420127 0.8924306112305067 0.8454314249922482 0.27398718650404974 0.08774493074483292 0.7579054812730688 0.7579911240284771 0.44421201740258076 0.163869834937026 0.7407162112119077 0.8661732460402346 0.7343657089492803 0.06317178368085996 0.31451784874860833 0.5152821124474768 0.34548634654530874 0.40208463658620797 0.5460439200970297 0.8914681814501885 0.7654255698252638 0.21357913657413685 0.25451731278857614 0.4110006198864047 0.37430105016772763 0.4716796559376597 0.8983381121422965 0.8966587014882713 0.6872067270395661 0.9207741691724128 0.08758186946340696 0.5685192627193079 0.47746316172801906 0.5616105589132852 0.12767582418477996 0.7507371983108121 0.6834453099806559 0.2976142809745277 0.048534460097324206 0.11321432091478012 0.020390884837574785 0.04817168408958372 0.8381180133833696 0.0981831382868158 0.30748737274177884 0.31637571373312023 0.664992660416534 0.6109889742542326 0.33212384017579755 0.30991363545052875 0.669608282942915 0.3408462783430395 0.10703538705937254 0.6783153493684799 0.0880653103841339 0.6858492942476424 0.17550840286267855 0.3749618059047859 0.9568853521019806 0.719497953819758 0.621155740625879 0.409947139183067 0.0417762382025596 0.7501157231233458 0.5833034718507345 0.026643314612882496 0.5449375448841829 0.30880818137517385 0.8697432821384832 0.755800291575624 0.8310470363373172 0.2835302849984799 0.39937939221533836 0.08157165773497255 0.4895852840396452 0.47566396790007925 0.5842189163567456 0.5046356248922164 0.8587765747762477 0.9304042716487435 0.9362961980896911 9.326843019363817e-05 0.426111527916855 0.00867816501081764 0.5383808096072227 0.6781072408214194 0.27651206148031204 0.22722390055887254 0.33688868383760373 0.2701277451840357 0.5772216231290203 0.9103876362362252 0.4355181895514638 0.4187551171433649 0.9138932732038285 0.698994326638442 0.4074612597224042 0.3800394035201121 0.18409138600862762 0.20994515498957944 0.3486976027345535 0.29645123453555855 0.9091720259565831 0.5233808459572559 0.05631130433595355 0.3883457608381401 0.45865197838692073 0.9655959909164389 0.9636159105024394 0.43171022524789593 0.22728699805332486 0.7515128739502203 0.48622057516384687 0.2621190737391673 0.16841589895376008 0.46481390576091564 0.5958637526744993 0.09049097506569614 0.4247450725505204 0.12258549641058791 0.2370514594156411 0.5112271245889046 0.7256434083828684 0.8518986238766914 0.8630784661949903 0.40517937700281836 0.7162206064259972 0.36509521061751904 0.9224398430612247 0.882907021295128 0.32785819178927433 0.9320004989316754 0.09620987577944506 0.3883415338477346 0.3800792750724522 0.9693228533857768 0.6007023219345082 0.5559965486617322 0.2795834328590008 0.23144558428376194 0.5467868335503299 0.3609977246225181 0.052817540524329964 0.9549169744290289 0.41621809399054566 0.9039450561681177 0.640934504677385 0.7847850089093334 0.8440287416616717 0.34165091236837253 0.8667538938674398 0.9462674168392649 0.18251925995495544 0.5868688821379484 0.41983240878315276 0.271738982636722 0.7329018117614313 0.9059122531859242 0.5449503381564742 0.549125885917573 0.8867219004618981 0.3774426341515065 0.7457700740218093 0.7356682086243204 0.7758081164952728 0.5093450398678546 0.15408034779045876 0.3708616421931066 0.33402893637833264 0.9961926741681161 0.9910583153301126 0.6105123650906098 0.1160128201541688 0.20015739515184572 0.5105655513666665 0.6372280153207249 0.03495981191971553 0.23804227892362695 0.8366863007370735 0.37176555871903916 0.9158311754653415 0.18456798778722516 0.5414270878745049 0.08251908094077087 0.8971900232957092 0.7261498297468875 0.9352653435995233 0.20524623920066465 0.9506303671802088
0.9840846402503901 0.7529363780327729 0.8849338597701834 0.8815371101504859 0.04317560927646935 0.2542468425190103 0.559931134649937 0.20913077160191296 0.07418129836429654 0.8854662515066478 0.6710012988653395 0.12221298068601805 0.6823144926427854 0.2802913294649496 0.6320794937036746 0.45983201316544964 0.12182385367337989 0.24882912813633895 0.6831420247185503 0.13829698852263905 0.7558960695040715 0.742792762493698 0.23492388751074178 0.7790707985031422 0.6790511387387915 0.5294335550212952 0.6780806896518979 0.7940743568863781 0.14566951784159365 0.3979762083815602 0.29139885429566437 0.4961328332969136 0.4219441241548305 0.7199010127324388 0.9518844924247685 0.643172402749563 0.6400404957575809 0.45690826890966585 0.9008130028575426 0.8378459107300121 0.4147869671416283 0.5010116370069854 0.981337750835486 0.1502111867183954 0.6880864905844272 0.2313439822516704 0.9923854941316306 0.008216163969021584 0.33601384664912703 0.8961915455883783 0.46273038694780255 0.47519502455223905 0.8583157498193059 0.28033023415212055 0.3025707370816276 0.7637548651478908 0.29737505238982265 0.18154233072872838 0.5909323431304091 0.7349130565527834 0.5994446834118964 0.29625544907510215 0.08580361096649924 0.4723563272053013 0.9287604812986341 0.7060888747544288 0.09724279722032236 0.7001256676699393 0.9590914200981421 0.6521625771823277 0.24565867593900947 0.02073313848041025 0.6893088052808358 0.9678630509360342 0.26352361033682337 0.7580448431151656 0.3086513006746384 0.6326255137598257 0.16415638944701416 0.7466482494402799 0.1192999018105334 0.14222846402236944 0.5642332480359283 0.11842047204510608 0.16890430050067018 0.552341417057069 0.2677535705025239 0.5134895951141015 0.5067033737354456 0.24345024732181264 0.10301965196145679 0.33228826126342415 0.3458316894063679 0.8322778837306951 0.3122980767678961 0.2466417406656075 0.8760229147588814 0.45888420270984265 0.3317484182789254 0.9690688685769677 0.19202773591340971 0.6034017067387127 0.6041615545952197 0.1497223082833089 0.23115018687180555 0.4219012717190016 0.2123639066206715 0.38972728601880724 0.19463398521134556 0.846366942911863 0.36044648114570965 0.5730880711890488 0.2885440867346766 0.7662031490416898 0.19256895674814356 0.4741034297804029 0.3174121543633711 0.034591590759465385 0.4568576751142882 0.5973852194279294 0.6474270715994013 0.212925504508512 0.43922689963226935 0.15365445361165808 0.2673750028444004 0.522088882423046 0.22176215935786625 0.37449899237912454 0.8478840517840551 0.2603814859625191 0.8510248954445778 0.4292668903428034 0.5082279787663151 0.14638367089636506 0.3783605305330854 0.9561231779322088 0.9093662399545398 0.7283790240089753 0.623367434673958 0.4493680213323099 0.0029776753953778545 0.784158375611421 0.25714065245999085 0.09242356903774296 0.4218896205172843 0.795318745078592 0.6327555589736326 0.15740284139007266 0.1440310167670027 0.47938881087379637 0.10682015577826443 0.4301315822772368 0.49491262375240563 0.29020456067242506 0.32193049792274364 0.6404142612120439 0.9259800650780077 0.1779074485946638 0.5128225654214841 0.4127245488579131 0.3178365733475632 0.8538839403796853 0.09784298822770998 0.9453697916833833 0.7591095560078969 0.08970560085873736 0.5982643735761405 0.294316997012427 0.05415296667982583 0.8989699478142751 0.3058045766065767 0.9363608349663638 0.7870925706972773 0.21957356183511179 0.43424037664370074 0.2536822259716094 0.2039611883875163 0.13466340382400988 0.04644456234924477 0.40711791708310185 0.27693731384645315 0.39547836076627496 0.40008995608110853 0.540971407535743 0.9154288682748492 0.3765362264084545 0.2854432416981121 0.17363953806033827 0.6224521990522283 0.4736284826531313 0.6636543475945514 0.49480672731485376 0.42661113904805303 0.9462964962801783 0.20374306757636407 0.41823974554149324 0.5405103527265352 0.3972264589697765 0.025449367895037267 0.486724133126092
0.532595340120601 0.9918952248546058 0.23574384332588016 0.6460476630212937 0.7729022510870689 0.23276687540139063 0.8733410428606053 0.28502564929839025 0.5747241306116756 0.4093552116508611 0.3734614849409962 0.21901230016556683 0.3885541531288069 0.3485225025984573 0.618864274957118 0.26131361041040413 0.4713189769286734 0.42372338935319886 0.11188119549099151 0.9465103348886893 0.43090809261727925 0.1286966837988205 0.30597238779313396 0.8973045941918402 0.23613722154540628 0.902981798058837 0.1710975572509199 0.9984468085332882 0.7514754021300256 0.28323064855145774 0.7745960971588391 0.548172356614355 0.533308378116333 0.06372960029524488 0.9463313886498067 0.2611958119830343 0.5695348790693429 0.8997861385278846 0.7569980873054265 0.4966826027982506 0.27688341254472704 0.18061344317366346 0.0535106354181043 0.22583727560703437 0.7705053410159561 0.18284174559796418 0.9119334240273264 0.7364598289028844 0.0003815682418212285 0.316683048187853 0.9383806181635992 0.1921978647158722 0.46128236967481606 0.6038367822028377 0.579273342810929 0.29637601290354065 0.9563743800232924 0.006652844920263523 0.8518179259666672 0.06781733696733605 0.021885566884972563 0.002232589939029972 0.9075839887313023 0.8110182102198857 0.32017839368295486 0.727896125371381 0.6607069923782395 0.4996457978571375 0.6874778617069208 0.7963020628878424 0.08095424208904056 0.9882523977652804 0.9967398093701335 0.8388074492238772 0.13557958338244414 0.05355946411255996 0.6568047655345415 0.1934224346117045 0.6516329403699181 0.8284663248180039 0.2566787002351657 0.1017077328598448 0.7760065837056654 0.20210845149791 0.3131194709614008 0.8265301078835093 0.8032808414963186 0.681533919830385 0.36164785161262236 0.40296095293088263 0.2184506174588866 0.9914333087133387 0.5650783499174914 0.1817719895262715 0.14006989284643045 0.702917491122568 0.6125141874118843 0.29031431837610844 0.949015773476859 0.31625523709506775 0.8090973857875595 0.7041435962212389 0.8525906152218418 0.01114069830659925 0.3897173004005148 0.34716817434886993 0.7439729966855484 0.9020307943286789 0.2653461438622646 0.8827159756779251 0.8996141160416327 0.6594236757253285 0.44254600523595344 0.6977971881514914 0.7086625434766286 0.7955752801916128 0.8664073506650484 0.563034470404748 0.9647850119071245 0.6033303487510999 0.6497083554311746 0.23331162533496308 0.894466388482811 0.45132872419526326 0.10004279752533951 0.7505778354723626 0.02524740503678269 0.1569191392400231 0.032027881893262 0.21790446564143895 0.6725193329378508 0.5449971860963687 0.05249298389995094 0.5331077532901681 0.0717162232083357 0.903154862712424 0.2034281429769752 0.9623339343395064 0.7365786583216404 0.7799203424146747 0.5236361454651075 0.24122748355720847 0.4062808471986179 0.5931322434504741 0.014665009114457672 0.7919878147558789 0.43819316477748105 0.733147305561457 0.899414338243343 0.001365070341238006 0.5401935588948853 0.8726229530889404 0.36388691902885306 0.2001704768184609 0.9342318597291195 0.4461280532520515 0.6404950148316068 0.4616411858235533 0.6787217998789473 0.27271329560502056 0.5188507154698763 0.7044196038597592 0.6028704789910899 0.03219744666594071 0.41181614180792103 0.47457950257541437 0.22483216401901163 0.39959784915652485 0.42928784630475647 0.7014510726567821 0.1879124902158621 0.21263054439919582 0.31981765603953893 0.7495688576541143 0.038669334721517234 0.39031359198711135 0.2114652233729849 0.4094502366689565 0.8477763708537714 0.8969972769948119 0.3915532826352208 0.8375631132528802 0.31320714143265316 0.6062145437424312 0.9492053323502846 0.7942212590061919 0.8789367461438892 0.7026407167955435 0.8224150512273962 0.8021975197657616 0.3208319997740404 0.5832624772557564 0.5187117902545575 0.08901863386505204 0.8260094925599474 0.930154451130585 0.42492702507384417 0.6497423432931526 0.7768324098693623 0.17579314183442007
0.39297125979095193 0.8003016927366996 0.707823092378485 0.6354505017087899 0.3075069224567446 0.19789419340280068 0.2453646468616727 0.19486527158887534 0.0762937569961658 0.7459172347407098 0.5051440125928116 0.918618913374165 0.9099346823467798 0.26644334070808406 0.9144662488797698 0.3677605914044838 0.48077956796152366 0.06929725123448749 0.41568076281196786 0.17472611585789954 0.1115680962779827 0.5286311178935842 0.30880419460930164 0.8325866509982025 0.21049834558060998 0.8734827253575157 0.14287995952555355 0.9508213498917438 0.4379265638379465 0.6847122827292238 0.12312442187940198 0.4622879052151492 0.764842618330474 0.36310218023766205 0.7026629847214676 0.40952245527176045 0.37901001845744453 0.987680375568935 0.6877296978601707 0.7165636436252932 0.010426875351286724 0.852643163291837 0.3149271330762078 0.04196311098992733 0.29901689875645643 0.8767461044570897 0.08591679707211197 0.8988397565788445 0.6401196218340954 0.4788862322153723 0.2222940266365946 0.08772268328655763 0.6629663418577253 0.2331710929229559 0.19834515979097211 0.918105363515516 0.6439043251512448 0.2575804905953658 0.522019258632666 0.12519356584400154 0.05791242861478718 0.25806644930222333 0.24946321950023354 0.3083353918086361 0.25336777998627735 0.9319336170176727 0.2643399007334216 0.0929208840642034 0.1429780474600042 0.10635017549378556 0.5351689306866992 0.5657693852826523 0.0628974072093128 0.1088664948019119 0.4559450193797525 0.22816700990029692 0.3342449665727808 0.37210081796365335 0.8397148864689254 0.6827369675760997 0.5505129820361583 0.011959392234483723 0.24410300591429945 0.3807860640299965 0.7642935807178376 0.2865789351865179 0.35646981609734396 0.5035849695673411 0.9966568238002803 0.7703133624394927 0.4470942756345876 0.5587437270020934 0.5524808091653612 0.9467966606253098 0.1277892430151858 0.5877049894767216 0.20412711407880924 0.40737560256642735 0.2603783038223738 0.7064453619377479 0.4796139793703498 0.07854880179816115 0.11851144667445401 0.3536831864184018 0.11766777499548542 0.8187633467945168 0.15431656524446435 0.17775774641563713 0.5217120888330053 0.19033782161373836 0.24471505454456455 0.9492281261101521 0.3598661480382477 0.16680672451420753 0.2634689558845792 0.45905658416118456 0.8072195046010713 0.8868588606496249 0.5588244515444417 0.9824355895714973 0.9259527534683631 0.5045950372644871 0.22517097160868926 0.1263932396515376 0.58656490362894 0.9070878558900919 0.18447550686075564 0.10924246206826127 0.5490553059481198 0.5360559988756478 0.6590414340421392 0.22425213181914472 0.08842754355609639 0.43317078013820665 0.8346477551389234 0.2715560820058015 0.2589608705339993 0.7900063412182078 0.326150524540775 0.2087453729644504 0.7222447635267202 0.49711778867291456 0.20710891062452486 0.4860996265872689 0.01016848533065895 0.16367736344513983 0.2025996549329605 0.8600656993273027 0.362469260559782 0.05606859109974083 0.8625888483095631 0.16336313799078017 0.38172423614018325 0.43041185049148345 0.020531100337526476 0.160030775458455 0.2956465680578658 0.6070893447028489 0.24673277632622181 0.20248088149893573 0.19136823126453084 0.26645429371989715 0.3390850523623806 0.48562749438927644 0.9938237368926993 0.8762639682238037 0.07033079644706752 0.10021051482169474 0.5999299633134503 0.7933518592342382 0.1851120513390726 0.7778591335022303 0.11646604434500862 0.5513462990019212 0.36041853016419967 0.35914500414044415 0.9253139304587764 0.7971287288661314 0.812392238736197 0.16941931203222593 0.14325106992077996 0.07057374386622717 0.7073946251465485 0.9150577948670363 0.9091120939266666 0.9851460402933516 0.734346355177659 0.10022161657905881 0.6348734899468935 0.3921228655811143 0.6144293956973008 0.39867008888189137 0.9153568140657222 0.06967889353383594 0.3929422312713572 0.3205541014235681 0.8075828271850312 0.8095641223567132 0.5733499884422139 0.9117419778329479
0.870923744761126 0.43367407868006014 0.521702236061443 0.03281832764057535 0.9536122797622446 0.3318421322690769 0.2675965733517043 0.5393575056901476 0.2706259299868493 0.9387538982651917 0.36499865052450453 0.7342545342311665 0.661035421209952 0.6234458714868216 0.05675521180072374 0.37692433994230634 0.9434268124140888 0.31990368936157576 0.24884160811203004 0.8139250610275715 0.8767761787434756 0.9973803025518271 0.18613933745492062 0.9936185306509763 0.4215490806692772 0.16445599100884134 0.08745262394180287 0.17196650168339578 0.4816316334977264 0.9637580050203568 0.002391448071358604 0.9163986216372553 0.9209238078122279 0.8397276898649734 0.3539235901132197 0.3363666939208404 0.6850570241629839 0.23138110270107437 0.16723650773449728 0.7159706886358895 0.35919915978915573 0.4417128713573095 0.6954830509447387 0.0098508622036787 0.5035308985045435 0.03160020392510288 0.22703706950672364 0.14658294257965243 0.6912299889264619 0.46839857859213485 0.5478429287363858 0.030179934750175774 0.676405723162152 0.920457871654625 0.11687627939282297 0.5883894415841682 0.35191626563107403 0.5492251773278479 0.6679665469294956 0.6651236080633811 0.7813917759063822 0.6931384813393633 0.6993647010155724 0.006761109635557649 0.556584707132571 0.6317897253032199 0.578711746536875 0.5362158150335578 0.6111428056149052 0.7479974730927575 0.10733550993787722 0.44958125846189334 0.4924580695412317 0.47250627555587654 0.04478404067152231 0.42581889673100015 0.7986083326639952 0.09775204906722845 0.35418303793437855 0.9345597407867354 0.5047226156550095 0.49460857396772295 0.0009963402429492563 0.8914640236362098 0.639467383666633 0.07278293713272543 0.862927718797387 0.3412529995233652 0.9968385645661715 0.6436128003128021 0.9380100984094861 0.39161970877913876 0.13162772911602572 0.7442389383230072 0.8710047312148939 0.25637119921732154 0.49182442211027766 0.17642063973915267 0.8411350207606145 0.4520972969141889 0.5691634602674486 0.5254463487588841 0.018798172272997515 0.37307788976113043 0.2816915812746327 0.6134363889201634 0.09079150782266399 0.43111129356685685 0.3006711851342131 0.7520085741023543 0.7576501952708895 0.8415439267422747 0.33532774656943076 0.7123549311913269 0.4148517180245732 0.7043977195210569 0.8526015651997391 0.5741278457489031 0.06245969252641437 0.8916194525411401 0.2528714391996575 0.3303496998613369 0.6510348047496457 0.2422347067455496 0.43420223613158804 0.8118447985452809 0.7027977675229035 0.9994757647462351 0.984787148499614 0.959312120653041 0.8960471137666444 0.40035695502665225 0.6724527148198773 0.9517766757223785 0.2736912029162152 0.42427115509847957 0.8601026448105996 0.9114123418310854 0.30964051345677657 0.18576464909410462 0.7919429928480685 0.7219684633069502 0.7784276972400711 0.9135363281779254 0.4283071936226591 0.08211028257389041 0.6982576715932314 0.7853672323196975 0.7885172463834363 0.7140267847777443 0.3112420004477584 0.03894554569287445 0.5050374592768424 0.5871368395481548 0.5947826330079831 0.3192485439810683 0.994238477865493 0.6887346587107676 0.7195319998150402 0.33729861439928654 0.8670452451062585 0.9053027110699782 0.9942268296221345 0.5637198754055995 0.9779585079127089 0.8216826950433775 0.7653828735278655 0.6732478379139156 0.30372725024213665 0.7950846271922359 0.6468524617152873 0.5822609480499739 0.1678050739116993 0.16902456548908995 0.6004040919573408 0.130953591606647 0.39517499854044635 0.5393905690173282 0.9655968583900914 0.1746633080725185 0.27691190467542803 0.03544384355034125 0.816267481906328 0.7000488582604167 0.6541937763350334 0.3181717474049428 0.490087999312079 0.8087494301637628 0.07058975447892579 0.21402249344192237 0.5585813464498887 0.36498220002253245 0.6334021963028881 0.8537830664265629 0.20863672454683901 0.7031822096397464 0.973337611233942 0.2656787623005077 0.6939518234465856 0.8707270281918228
0.8242508075342994 0.7437888275852638 0.25812285371984467 0.9661183216662884 0.0038051158847544064 0.8920767220026022 0.4597071130943283 0.8198214644300209 0.5801638757457724 0.2758110139581408 0.06803719702841804 0.20812554555574103 0.7281861469026484 0.8225183630228959 0.1876482067895442 0.12540390647445032 0.3142885090679104 0.23234150354666616 0.4583398262224836 0.4630931550511729 0.005096690841390528 0.49437304410776217 0.5972568057347201 0.712087806230992 0.8037679023810224 0.654734285630771 0.9071755184105901 0.4410403377336791 0.33066556083517196 0.534053836216808 0.45260625993901893 0.9372282754250087 0.7918716785779873 0.3481277116901976 0.5673605494839191 0.4614051791292971 0.13161369243748156 0.5104876849416197 0.9634829764707661 0.2805206863006182 0.5878135492086699 0.14546001743662795 0.036097250741845555 0.057688519916523795 0.46984454867433456 0.8237456713642987 0.0870008847060535 0.624449808298657 0.09721939556136683 0.11120394418517843 0.21366847564661995 0.8383549955081109 0.8739178428728966 0.3455195791625736 0.4301782419333843 0.6036097470163386 0.3667038249423985 0.08948983635657537 0.2904519697409833 0.18430822251963475 0.8612887507864795 0.719019686486047 0.7086354801903614 0.7214892784249246 0.2176014819190769 0.45532108151340767 0.04208677928926685 0.24789514175690996 0.022585269397608965 0.5263047228319914 0.36886535660542696 0.35239894914152403 0.8630542076948688 0.707370958442616 0.5667795353051475 0.626988969497679 0.32920014431136935 0.15749532325103754 0.6331058992179901 0.9242760121947482 0.11630422115624994 0.6089070705162767 0.237558127582563 0.41596593223626566 0.3039578593663511 0.4666120457474735 0.35307320744722615 0.1561490907516443 0.8094906250264455 0.12279323112570417 0.38187613792433717 0.2664276306793737 0.4689334290707291 0.2540517514287294 0.8543276857892963 0.9166049516772374 0.5960847613961552 0.07013103617549421 0.2537692647476679 0.1045524234191737 0.721779434087953 0.40875853740919277 0.9196557328880381 0.38688432977304577 0.5701647909574887 0.7231451294272573 0.28583744452793036 0.5716691140698963 0.08159989767011311 0.4915524063284402 0.7484619784836753 0.8884359311306783 0.618387030150571 0.6276480200352795 0.1146679276608451 0.7224577801941223 0.19216703473742935 0.9263016956135963 0.9082725197634951 0.6783533743365882 0.3128028240317028 0.6794175554277647 0.06656313113368784 0.6675961613826957 0.46903709498702717 0.45067499771957553 0.7257735145667793 0.2749666665349867 0.2646715992002132 0.6423886910362374 0.32178520398883237 0.5220095937094763 0.25943207638907906 0.47791804550726436 0.5986688541826961 0.04118966753580788 0.8938148753730759 0.44647337487366456 0.6639338929871147 0.563412914636745 0.2306530838591142 0.5310640939051972 0.5291417638649342 0.7912947608063639 0.8558361002528023 0.5688403969474484 0.0591668234953332 0.4112914908307318 0.3122543988123978 0.06094302363462856 0.9993646782219472 0.08667771865470042 0.6612915209588253 0.5906914487011408 0.9609873067955911 0.023150837947821024 0.8142937591174382 0.5068495296729216 0.27198074370996483 0.9945526041996456 0.08618500403556806 0.8940972390772493 0.8679247247385742 0.9514828266680001 0.29757618765451976 0.3390211368612891 0.10754718449655043 0.9818509018254139 0.2131192097955309 0.6655591300679105 0.15526998060012598 0.0389255743122644 0.37660570739444743 0.9399802164337795 0.05099426321956424 0.8331053309119806 0.49276013197211455 0.2492904462221075 0.09030972543557547 0.7925361733844377 0.4582550597137157 0.5830476865542923 0.5146148544330832 0.38853516956896805 0.8119436686533059 0.4645599351034464 0.41671328418199105 0.6222277654014837 0.12354718457525993 0.8036511245743209 0.8250109541277999 0.5700962369921747 0.37907231378531636 0.5772533780216053 0.6975373043244075 0.4437362104867223 0.01472773625449253 0.40564547392249106 0.7358917710279209 0.9618963544285757
0.31989396909457335 0.5676213474567425 0.8486857723773167 0.6516673139754502 0.2928813056885804 0.8753447711567625 0.6716801565572326 0.7442555949503752 0.6225200823276532 0.14720018714755734 0.2444995345717349 0.8033151082290191 0.9032625726515012 0.8660563328121781 0.5479182940350464 0.258293079116269 0.170693489859706 0.7283809989514521 0.7126106699624566 0.20848647619672622 0.21288305902939986 0.03604351967452757 0.21885262311346831 0.5802921068517728 0.6678779674226131 0.46572992081811604 0.25463757995470593 0.11744873345594176 0.9629733927810019 0.4512184556471417 0.8572714211512521 0.6183325824068254 0.8574171605740891 0.3738823699858451 0.4319579900109294 0.9913801414360479 0.48254980048057394 0.651269155658734 0.4709753075394314 0.09512497841189216 0.6603136821378451 0.6748328930274289 0.5192207619191698 0.5252909134153506 0.820943033280688 0.2630688336696245 0.46163666589495733 0.1420379659108958 0.9292294304271724 0.868651073893979 0.7709564994521759 0.669824192783476 0.2691580646239119 0.340955021103753 0.1670870644010365 0.11163086326306138 0.05359918909165984 0.9228027868152785 0.8839327308025129 0.79416212764893 0.08231906442126757 0.7292842633297147 0.07247637189874834 0.14245418988167546 0.6756573635273244 0.9734013017625254 0.49583815319967217 0.5839648740322277 0.7500990247694618 0.6215284749709603 0.6029109505093695 0.029961409169824926 0.41427786530348143 0.8018311646450738 0.4866056168074919 0.13927880179752972 0.9539601543710338 0.029304525597321218 0.3040790998656646 0.9559359175143213 0.9992864963321773 0.3401445136851363 0.30418732802597537 0.5864165246478146 0.80651862429933 0.8236062541393027 0.8269879261501278 0.0020328561740338147 0.8157419278812181 0.29568322941590663 0.9380225128744029 0.6058659756409943 0.20624616712413046 0.2097184331557762 0.6882013332609218 0.785980247330708 0.1665716964844427 0.5664737602239709 0.4790234217548901 0.4376622962658784 0.8672291796884449 0.9489860851931877 0.2771686714643733 0.6800920145610786 0.13136231523289188 0.01466298021765855 0.6183369600854391 0.7276778731028393 0.19469262624200978 0.3055683465459199 0.6186322501275388 0.8245909624088127 0.03439533065802591 0.9833879968995922 0.8383320622097518 0.047687448813497846 0.48869629320152885 0.30097275218188535 0.13171680059770974 0.4354880649527171 0.22173967914399573 0.15007846949901638 0.22192789105347022 0.19816686021825902 0.7181106229292644 0.7463091963439606 0.33587270515069423 0.9056290127100348 0.6971437106579398 0.07829979958924438 0.9868335585617158 0.7512463395706201 0.9818228996430285 0.9206641035598637 0.277461046506032 0.5506493610635739 0.23705476213671284 0.47940413535227433 0.1324557214758716 0.6768478258127261 0.6547027486118457 0.9577538661946611 0.8294949210341958 0.3291220246497052 0.96090866709893 0.38727365351498877 0.15304153101565943 0.9288058895567516 0.8365851737293574 0.12169529735803153 0.7280276165660166 0.0036111968090625224 0.4500595643763907 0.2072109205814746 0.6803283348274459 0.2144400889951662 0.511784202640765 0.6077724855630144 0.20916635997781885 0.784955524726858 0.2599240550842714 0.26204405270687936 0.5966315049990447 0.4289694155710989 0.44320373513202427 0.6513254128604308 0.0636011207745445 0.32706853396407887 0.602946468889159 0.5869861207311908 0.28210721572462083 0.24936408750840444 0.7739180438232877 0.9101569251014155 0.2909880038456415 0.6723122661167898 0.5041589261384758 0.8738126252359311 0.9975290484344884 0.7384289424657231 0.8943756711491639 0.24663347882148268 0.5209724668186884 0.4290473597077956 0.17813941110746523 0.3956809758162647 0.7931967465794482 0.15666843190683133 0.5193538816813976 0.37996516016912363 0.16652061036775823 0.8353542245954653 0.782042896248987 0.2264103175051313 0.2106145201889683 0.9649886790453369 0.978647181595605 0.556739621117888 0.6590778394565552 0.4331418763681504
0.42375672304344425 0.19559667448834073 0.4742703740325249 0.21649275263819512 0.6508984571461942 0.5308702045349433 0.2924206196373782 0.5437844474949592 0.4574132474778744 0.5466539850788997 0.6981801477453917 0.7394269151322272 0.9505354756711825 0.6347558475468787 0.3728705945911944 0.4822718431065838 0.931138631284906 0.3149969285136327 0.4074481938136706 0.17185759584681948 0.5408643370416621 0.2940406359458121 0.5360248439668978 0.7540201106772273 0.4028454965277344 0.7974887773785779 0.42440437261837527 0.24658821847156498 0.5645422494139628 0.29541561965657903 0.24626272463957288 0.9556398369877728 0.7478685658935498 0.2602906090547761 0.5560884576297018 0.3903948571567287 0.41249280154783285 0.37562086959856633 0.45362750129517837 0.13092230193912102 0.3519840784623922 0.860184562275069 0.41713597348265463 0.1583674258672212 0.021241533356377795 0.7773057641316484 0.7529353003816839 0.7086341685786625 0.8569520055811461 0.2892832853305708 0.6870683287447865 0.6980865389106877 0.18695757174269412 0.2307970867708089 0.7194659000525875 0.8318215550241685 0.048244892645051496 0.5413493562842071 0.09629664886159983 0.4589637751593706 0.012178866283479195 0.26163274405920645 0.9028569497709967 0.6370363126841054 0.38917096322633027 0.5314928300128504 0.7913375577641286 0.6351750647650185 0.6611937749308732 0.09737807683498512 0.8036607691585071 0.03587961787624283 0.31239099108851875 0.21589764817363222 0.17155767926492915 0.1835500040748227 0.4432542937622199 0.4648388073945938 0.13088710764553269 0.049164671314509856 0.2628252068580612 0.03560333254462078 0.11094160631298056 0.4630117308731755 0.5051447251728011 0.9937097693837803 0.43461697669083454 0.4863831633043889 0.2369358393538038 0.3747606652375217 0.343784291848372 0.7844636444483075 0.12593267194990654 0.6861575341839453 0.06891600929225628 0.7694525399041487 0.7221750889033075 0.5344454899727279 0.18889636311159574 0.03570000574681231 0.2727194019653313 0.05254073803457682 0.6918440452790543 0.38427675362782177 0.05871469773668647 0.761871606873141 0.8094186880049824 0.17696873476856 0.06018604174395836 0.7076445100955273 0.12327581999042414 0.11249197201650252 0.4562838059447246 0.041763431506206206 0.25680889992936595 0.26194931243263797 0.1355650498300739 0.46143435587653503 0.34862255663127173 0.1926700230730577 0.3063987789748668 0.018305275084106287 0.8973717980835251 0.5896562518205495 0.8907666773949825 0.17005051984669117 0.1845423008406777 0.19904137511495767 0.40790174010828095 0.5445059653693805 0.6637841597301581 0.4846890610485335 0.07770983639879225 0.652165238403081 0.11971261476042883 0.2951390386173306 0.21527501693722795 0.5863855284696454 0.53201644558989 0.5322970197946614 0.7558796904718901 0.8314733408457492 0.44800872551137094 0.1766317336817157 0.568204636478585 0.6354462390958449 0.5193062009182378 0.2245157625146914 0.4557957099601424 0.17534932525449098 0.2846221424997938 0.05219933658812803 0.9492695218578807 0.4084560986800482 0.049314211723680335 0.11694465493315342 0.5381044388908671 0.3647970252181236 0.20478188191976976 0.5551571940957213 0.8876059484449866 0.3262308863383466 0.5775841568876295 0.17497866886993818 0.34081051613179336 0.598945385236338 0.8637670064614881 0.2870601135592409 0.88928762011315 0.8130958498108564 0.5781676353699817 0.5987946875806232 0.338735523371253 0.7996138633672357 0.6601789507423296 0.19678184847812674 0.8832762741021535 0.7988697734414001 0.001063414892063741 0.35963474648001004 0.594254684312677 0.3946422572443392 0.6770270465755134 0.38204733997736284 0.5238653132792811 0.08726658737829862 0.5641309730483326 0.9593472723850496 0.728226103993946 0.7206125069907832 0.40841705543262097 0.9272764410082466 0.4393049168702512 0.792969415023469 0.10422151313963968 0.14725645032553736 0.14840704773806068 0.7139407600160501 0.4427531378638585 0.5565512341204227
0.04497664942778923 0.2345156431318849 0.2965536505872175 0.44963585381824456 0.374347317397258 0.008473663737844861 0.9290389474027599 0.2551219919875164 0.16669064191557958 0.14316219585085344 0.7473866055155597 0.37572131664763764 0.43467122678359693 0.08826859725649228 0.03658594599388054 0.3971806611895443 0.41932477082706965 0.08023163058922 0.3762030268911444 0.197139243996437 0.06401737819448672 0.5058139878280249 0.001063548114436541 0.12018904292421329 0.47018365733183975 0.648148942696708 0.04815428926145626 0.8651870510784053 0.2824762114489898 0.25931942785074613 0.8292819295950714 0.35838320281589875 0.5186649982166215 0.8581594104837248 0.5058225836772579 0.8936030472582502 0.291943802163373 0.16639564181841338 0.71342189523934 0.8013542747229137 0.6516108357335865 0.03865933219952511 0.1987032590599721 0.26125974224004855 0.7024389822535031 0.01201079239659153 0.3584714560235903 0.7793068962261135 0.33565926379583044 0.11487527170766743 0.9407920508535965 0.6644101178090603 0.3811063947012028 0.939135455984873 0.3178885053193825 0.15292589584898764 0.2968817864091353 0.6999716660000423 0.27962951883322795 0.07984880957851848 0.37348024831668636 0.05815984157650256 0.5390980415058546 0.6514090392027402 0.33424172475489833 0.31364179892303823 0.37090989685012277 0.0363521163444841 0.4914674318493244 0.35955970000861026 0.5726552532123398 0.9249987144667806 0.763041364603852 0.03380008787475275 0.7244080422152318 0.34769892500961386 0.4146582927123482 0.6135777344306972 0.7753528791090811 0.648189873956515 0.33309904304712945 0.013996897419682908 0.47982591698347765 0.6659459012410102 0.6473561582327915 0.12438071961056152 0.8000622949498757 0.35445075072329746 0.04583614318843354 0.9714461586152002 0.8548245502693731 0.19840479928807497 0.413218355046136 0.5220214912886887 0.6236100705791473 0.40227235273013706 0.7124971160348377 0.09604788341105008 0.1035026786429113 0.14457459184149968 0.5313575905607634 0.17657332496656153 0.7856912165873999 0.6938016938820507 0.681332251434361 0.45483732355753914 0.5063175666105708 0.6750585223314444 0.6099397717544148 0.6216591298401694 0.6734099470459577 0.7818010847900441 0.7432520448666953 0.6261651596788336 0.9282694197019289 0.05016406670005247 0.68531489321461 0.4176405575321306 0.1710023047428857 0.7208886362633066 0.09207352991634454 0.2190648665967163 0.06074919417767766 0.19115691602022566 0.9699538317679229 0.04922803403201115 0.17177342023830777 0.15423854307685614 0.1379978689715491 0.22679506219291357 0.7932124164358705 0.7580977616637883 0.7491306923111497 0.4298820224053326 0.10575363756319545 0.7557238186418387 0.759751545710561 0.022791979821576658 0.5974437716492966 0.6778234339039485 0.47169574169489625 0.12247475024327137 0.6593180076418202 0.7818635276717543 0.25576037027238685 0.3504296467182806 0.5585413400368797 0.18713466213398933 0.7358399103154275 0.4711204646221261 0.8629337660014862 0.6504388534816865 0.9182586598740596 0.9246359227553749 0.4392116471113011 0.2280528213483154 0.5244268002040374 0.5451134380177687 0.5035500022313276 0.6641524664864284 0.2282776931718209 0.897611809376575 0.8891392283853207 0.46917468759562053 0.4205790981987876 0.9139682088665796 0.7959141038068938 0.8031429233456819 0.052329998816687984 0.686758727484248 0.5198137848683928 0.3477989638543768 0.2455713524392833 0.28555938648285106 0.0005339655641080077 0.515886586079847 0.09539413855697132 0.796391786750038 0.9469877413951292 0.7750457703183155 0.2662877578649264 0.7085658216495787 0.7427673840306094 0.8230885781953138 0.05799831424567603 0.30907866982399224 0.3559873741525136 0.8408182991657687 0.44443900191661945 0.8383043943980998 0.08649917176874389 0.3015431296594977 0.6542738294236115 0.7956143601506503 0.11031841742445747 0.7399492516182423 0.6399604696000968 0.9188104319257209 0.30627334915292215 0.835487439123562
0.8604658421906042 0.4942613841887519 0.6576700751091694 0.8925927857315046 0.7118356894477239 0.4000899387968342 0.34779445547525367 0.639472848423391 0.7742408051418066 0.4087058670451523 0.16742067179446685 0.0012818271994713415 0.9361451277486093 0.15748118589141402 0.5129499995894312 0.3006449300119265 0.19242285252697355 0.8125424308623872 0.8215081253875466 0.5043050852427299 0.824768327327875 0.5951339859098357 0.8543055483322965 0.6130040391111344 0.07623055314928517 0.3593989809090794 0.6273014891396625 0.9761454179486279 0.3278788718424549 0.39953980678739875 0.42951927836386383 0.9275372451465443 0.9451539564206474 0.9980782551446471 0.6519486354586923 0.8868408584382491 0.6228274771741148 0.7763890427145881 0.05403251418716637 0.782631246823474 0.19348688372852885 0.9533724354072539 0.10173716400451416 0.9199611521986958 0.4638759907757868 0.22464956460875196 0.9254054747565535 0.10608223271886985 0.7821008075043073 0.9018703204587872 0.29351039690138847 0.7709020975030937 0.931867065704677 0.3926515858272588 0.9956039188623713 0.24732104414332878 0.7511406122890414 0.760173090553016 0.6443851114289053 0.7582768180709794 0.8987728129536576 0.7363115414978073 0.6795714056903344 0.8295429043770453 0.40821514345422927 0.02994950320702683 0.29649556107212316 0.7013922773404192 0.422983146887001 0.7739659785214982 0.886206180746541 0.15399602434312964 0.1216169096018146 0.40628865396409064 0.043673409297986465 0.3126586234869828 0.2989246343837607 0.4104576167802444 0.20715425117109643 0.9937234704667742 0.9442378653978377 0.32418440771401613 0.9265221025830755 0.7189553479302958 0.25146675758147585 0.8432351878707977 0.8558717317028876 0.5376995963932716 0.26671866636124764 0.4265478505250748 0.7292790524308971 0.7924918769485728 0.8474461715575551 0.0428715288741125 0.38069132796356553 0.2335286062219838 0.5647788182454626 0.07244486650028126 0.2715748469540419 0.7464526321373787 0.2892665911276421 0.5534904550533302 0.9616033141952599 0.6543522922534453 0.6476101603041748 0.9063273515189781 0.42573850490920695 0.23272298959750615 0.30861959286511187 0.4964486395296299 0.40500700457706484 0.13768075988696427 0.7163962001742555 0.3283847758099079 0.054135810286444874 0.8982681919866958 0.9917065692914854 0.153198409544817 0.3834672181993425 0.318480029311201 0.7129117354088828 0.32140514706821577 0.9059810563362664 0.7783321129881354 0.06331547551388073 0.705790199062198 0.46518178327327075 0.3602999829303293 0.31695999161126753 0.46284085948997067 0.7977328595247125 0.615669690254022 0.9633367844100486 0.4646195107986164 0.767661690291695 0.7265984952043828 0.1755626433004911 0.8835638936121408 0.9191603427414827 0.4014494274639163 0.24978430231862792 0.4739641727256527 0.4539417688860806 0.3275032270239715 0.08504571967906727 0.6229047852563906 0.1948892915880025 0.7889457249951374 0.4748489350579199 0.44626599595845795 0.0715355016735042 0.14796588303740166 0.540974035267953 0.41219452360427855 0.7970267564949907 0.38303991711941343 0.7750761532159308 0.8313768998108833 0.48344805909021094 0.46599767306479356 0.14946724789693522 0.8706968021253264 0.36064172739728917 0.9930266350118684 0.02978889351555869 0.04713618447231005 0.06915161127907099 0.20570145102466197 0.42895133695930787 0.3936126461389279 0.7967899892667284 0.5736000310035972 0.2773899723103108 0.5873919476182187 0.6089483440160919 0.4868109750813209 0.20548976761537552 0.06547042597152841 0.735505609878439 0.7353514466712372 0.9837849877657266 0.2205317438622033 0.97621438208248 0.16776860469899513 0.571579784617111 0.11620320187578825 0.7773783755405305 0.2074144938876452 0.7843041168600302 0.9294088152748641 0.4252501527645145 0.05784113947302694 0.24878778181696548 0.7382979449208608 0.5648974640830438 0.8491944136897562 0.00655057269244097 0.7213721352098457 0.931579773540625 0.2736393680498379
0.003073100380243554 0.6744731238784036 0.7003069000571307 0.5143334151951103 0.662404691369695 0.061450450500247666 0.42579298628569706 0.5529325186047654 0.11740872052823281 0.7702744047704746 0.8799846721204836 0.3906280987536309 0.22320227690453898 0.4660147469857877 0.638140292368942 0.864122035669316 0.6869980348034345 0.34112030467209975 0.2921320862626411 0.9925087587072845 0.8225858726722434 0.8143028810673362 0.5443015965128145 0.22053212853846538 0.8589675703944122 0.5074531215005372 0.7954305935587359 0.13681544495926523 0.994146317666421 0.45414963465499214 0.6509206404006191 0.8190803935002553 0.4827598494612697 0.959134625895751 0.14327290995863096 0.6925506310246792 0.8970696030600295 0.26327275368615954 0.5451922943078958 0.8523889218964606 0.9793684458625719 0.6054286380498773 0.8692601079402009 0.5483231347589632 0.33945734127985616 0.9330581921797124 0.916542016359293 0.49580486065456164 0.8084830422725985 0.5383186109778632 0.4663118105914622 0.22304359692362774 0.5784859309642313 0.10397711292814071 0.9081808716369946 0.3063220870931621 0.8360870733402057 0.32147259513343673 0.632101980703144 0.7947011743187505 0.549800339134039 0.6753069618196833 0.49090852174776856 0.7269931330562444 0.5294485449338516 0.48734698074207483 0.04504567262120884 0.7986744585153271 0.4806576218239804 0.21140260647151143 0.7139404893560661 0.03459288348168388 0.15121304455777007 0.1850367294024351 0.5623701778840124 0.111930063052051 0.14526968848031696 0.3844615390574315 0.6134617166654965 0.559745731048946 0.14034518836088794 0.7322885261210286 0.7011483320175463 0.8533638728664863 0.5407367231163055 0.3317063921345217 0.5517085186868952 0.13541377283344813 0.29668788749495245 0.07865685832936209 0.4764285054292624 0.9669838286088529 0.5269714842231016 0.18603660541989242 0.30907205645142877 0.7596216966880117 0.7959426684698445 0.7736507887401916 0.5644476159618323 0.9895691903835366 0.8394632795839582 0.5350183325604435 0.914802975999232 0.34828094711784185 0.49294663885831824 0.44141601584833123 0.3829712919953294 0.3546863087543217 0.40484244059450947 0.3081150587462417 0.36509900932091155 0.7408331088447913 0.9160631478686636 0.2641726671153144 0.679876056803083 0.05085262181840822 0.10366315826089656 0.1364464937335198 0.4383117375278004 0.2295120031730843 0.8830114358232416 0.6136769043059039 0.9785470964139947 0.6081540190103815 0.8577580289402519 0.6569022559697558 0.9176329189005542 0.795127288326078 0.8484051736499175 0.9926058813082763 0.7863587944480342 0.9658259526751003 0.7768827765553387 0.5345004061955748 0.9416137976623907 0.6510098391478988 0.6130593662046193 0.6228514854498416 0.13062316029503163 0.3753709893030014 0.4054791011423867 0.604406549731824 0.6220521488828614 0.1331532955569278 0.20882377470139235 0.8639871952136596 0.22156166092646634 0.697589720835633 0.5173715411787037 0.17587205567098652 0.27710204265142335 0.4812656087026639 0.862266709457345 0.2041368201114967 0.05923822634292952 0.3651334330515289 0.5541321513633958 0.09653641092837117 0.4754290925995964 0.7943071020132015 0.12878448227609296 0.21392959547021162 0.12325350997038897 0.10593355103325508 0.6188717835885121 0.19553168957821165 0.7345266314205979 0.27836134141384805 0.33542687446308117 0.14546625047644135 0.28308468844802626 0.36045620759629715 0.5808428112374056 0.7401024605879721 0.34702863222516145 0.20466044034253295 0.43752732513742953 0.6743994697540798 0.1901101888369836 0.9325074815204373 0.4747862007983702 0.04285688543840105 0.06467144154645599 0.9843972582807397 0.09012662381729297 0.48940577571547095 0.9868378139813195 0.29670911082591067 0.9515072277357954 0.29080864502926507 0.8145840982549237 0.4016340639517223 0.44000326963045877 0.26998327962270663 0.46697069636791044 0.7596112318738886 0.09751522983609295 0.03870875177195898 0.11261829231851295 0.779749164491522
0.22318279292784593 0.5524705334190168 0.37499600163765423 0.47125494362305165 0.8846978351212468 0.5635978401649202 0.12770322133677514 0.2348584504034018 0.18290501983302299 0.794968048976545 0.9947112682520767 0.20949818952201538 0.017840504721661432 0.5312061145743565 0.45039976691746364 0.9542685325141862 0.9894811189319348 0.2574727931901124 0.12202599103832457 0.4636623562732545 0.5175996866064153 0.07089097355747953 0.949039967701023 0.2643847955616816 0.3780321087739419 0.810417024647186 0.2969347911611464 0.6993039392468412 0.6198702062769019 0.9244324222964745 0.15544681915391134 0.46235246814818054 0.7871362633969724 0.7844782553286419 0.3242956266581771 0.17030763275419358 0.9583377450396783 0.22357122782500594 0.5617629571834752 0.41443846829462794 0.9867068996370354 0.4620278353234325 0.9819753391776935 0.7889034165746617 0.32987037121185847 0.6513159987811983 0.8155966409775259 0.503612906949909 0.7214875467349452 0.31706363443251817 0.23187135412596493 0.8493315029637059 0.01630624654560886 0.03241464396350424 0.30512688013528877 0.6257911761409408 0.49690163309999025 0.6950654716477996 0.41610188873616283 0.7406450967757676 0.9234389075633745 0.130282811261358 0.6319214426353654 0.7472908992255589 0.9202468911069077 0.017563702845565188 0.006011451479100205 0.28225512130199437 0.4499509281289542 0.7761980201368178 0.8980905079625624 0.9897002568014126 0.5026356384539469 0.8010266682614371 0.31936150137507124 0.6069783845754029 0.030453989440257012 0.18963237894720886 0.47961354753511887 0.05629364588368879 0.7315959156124008 0.9368016801219023 0.8417441469305521 0.5275118591185504 0.39671277549299777 0.7065220408996536 0.6976191441186826 0.2815191337977171 0.8944173421444421 0.6733533803487158 0.3921561258771402 0.42546332983931445 0.6980318699157472 0.7128157155167086 0.39595323252066883 0.019288661712320354 0.45878115669820985 0.36280459138802335 0.3390949594436079 0.33941512942634855 0.37603025662080003 0.7055911871680486 0.1821142884907878 0.8304135556128959 0.29323993363817225 0.79225120755635 0.4739512919134309 0.9671063543311382 0.7680938186922293 0.904149019294872 0.10728710555077714 0.6861349051974986 0.9283926168136833 0.24060908373053025 0.9301830387694313 0.23098899647574345 0.6457353858088815 0.6876828618768899 0.4485549674172976 0.016570304756562737 0.9357309337041836 0.47641428860917623 0.8980213584936807 0.8643747188007771 0.5144659888854384 0.6725535219938942 0.6282962527171756 0.2654242909946539 0.9311788184110207 0.537011399430121 0.48273210429406066 0.5965563250246748 0.2515478423763162 0.7492141144718643 0.6656052072139348 0.21624185905929882 0.20656532678543849 0.33386466364927725 0.6952762313910937 0.38156576139920906 0.5815338500552333 0.2978336718143989 0.9507000113021812 0.8924541192601081 0.05095327163326102 0.14780639718284483 0.44995009588335844 0.9077704109453673 0.17514543916456182 0.7328919026888027 0.30509248449623017 0.12261711286534038 0.6629203509179835 0.5018775748805602 0.14935274162201706 0.34538149004414287 0.56826408635035 0.4455874222722862 0.1716488777424141 0.9260876158389348 0.3355723735994476 0.5297893441822182 0.3851135077930511 0.6674979776571247 0.6935055535524131 0.8694791402535865 0.9898396082630972 0.2440547935869002 0.6590437865052927 0.8510130397074775 0.8725547156092713 0.5316515420841553 0.7816174787414125 0.8999737427861756 0.6164877381124785 0.637712110633871 0.03888049301028984 0.8647361274207399 0.933325014844715 0.5069608974083837 0.6150093480679387 0.8019733664524011 0.3779187601181171 0.24724171236738568 0.07611829334752529 0.22531903912159568 0.9641692217333176 0.49051850412057674 0.5121805342050674 0.3102930985066815 0.6244989310089452 0.15559421194591294 0.7428913592524532 0.6410493392691851 0.829819061190177 0.5651752729141201 0.2818999488926466 0.23907256539780097 0.7601851404532043 0.20694025748686518
0.566938250658176 0.03581503450353707 0.3055074430563668 0.7716656012590841 0.684827026302096 0.5449549904719686 0.48578290109798994 0.4278821320181533 0.2943924884669178 0.4354429533077716 0.36436382533460565 0.5350546814129066 0.5164457919656243 0.1433430066986735 0.2696200916372906 0.35100596923492344 0.3485129908952729 0.2017372105376687 0.558457803369757 0.49828732941545173 0.9807416096177305 0.7488846705504139 0.3939620502027318 0.3475045569607451 0.8317618073424987 0.9545269682007556 0.21405331005880446 0.328329690600636 0.5646896021472835 0.503636768215447 0.9339539721267223 0.07122045702527868 0.2595975470968539 0.1848675445492336 0.8664832350746314 0.9501059264995368 0.277863382710014 0.3773955548070247 0.39810772758530466 0.8228945242266649 0.8525423459654293 0.9266404612419185 0.7376050496343634 0.3589140371027645 0.804620924337707 0.18042634220359288 0.5126385147496753 0.9252818531484042 0.007020256161103577 0.16727959850903906 0.34829733001843854 0.22348841477623005 0.002396239325097027 0.5619688020904222 0.2722729319707947 0.5933902542740889 0.6413241831274846 0.35166685830940914 0.16986420923053103 0.40133020537526654 0.9193422524711358 0.5831095128278464 0.08655395892635098 0.011424660174135903 0.8444266604472987 0.10219742513306751 0.9311865455830552 0.9514502308472239 0.4868943883279492 0.3065088057011277 0.8337371878094795 0.8178327787109668 0.8578726801955385 0.12433020594828659 0.18056573314432345 0.6926425346435069 0.4859607320139965 0.3197527966069046 0.21748961631702057 0.16111469488195362 0.5736435128574464 0.5892445777835584 0.7417262930212462 0.19039584185847203 0.17481235903704917 0.0664672361905636 0.13495841769945416 0.04434828850630068 0.7989829422291148 0.13437161323986102 0.9113943229850613 0.6196592546473003 0.025308893498511287 0.36002173702187057 0.02754688698113994 0.47549682171708985 0.6190461030501745 0.07821242143576546 0.985824178942052 0.13303763073886854 0.6045985617913641 0.08577577172236328 0.5625620377445676 0.07028787107768153 0.6057417760242887 0.08758690852971729 0.6673117864932725 0.6168265129740037 0.1663325914630266 0.5241782486318682 0.27198165581608513 0.2952578912408519 0.9099448758714319 0.7633359990136921 0.67995790019964 0.1536325094407095 0.7674532353530829 0.30572429010893676 0.8743552220552583 0.5026915558914656 0.7063091512100204 0.25866386913719996 0.31708121566926606 0.9452685504222967 0.756253144836048 0.7940624909794357 0.8910280398014683 0.5319346527114589 0.17292783404052559 0.961306358631443 0.07763959688730615 0.4071677305650395 0.7966226553501704 0.39387736058053247 0.08798455950789275 0.7920452988934197 0.3547349193249315 0.4905940772457227 0.10043766252218711 0.1688018524440169 0.025264889088247422 0.45863653795600157 0.9367262445548387 0.6413913181061281 0.3388932847702685 0.21645685254495728 0.8230884880704828 0.5287836698278009 0.8246772596220581 0.9245207261082354 0.3584921417687016 0.5319410003041221 0.6484990023548367 0.6176814965918509 0.23834564533841407 0.5545790700975911 0.6666722847552746 0.08856608725859849 0.027313725769001485 0.06625505551173949 0.7976475047477644 0.7175270314480421 0.3046750911773962 0.8658214181587582 0.5039692551834178 0.5040074795614946 0.4856237709278375 0.035312320059765256 0.7124980764371224 0.11834527460421174 0.2339475444203848 0.2741659676905309 0.7608428319568291 0.9035156236693438 0.4349488963334578 0.8203353788408086 0.20103841134763734 0.5264568171944494 0.5641522064607738 0.9636069598944317 0.2785824775761149 0.8690381042627876 0.3661014919957396 0.4654380677581421 0.8344158234353534 0.9725271556010762 0.9878182327148524 0.333642956149396 0.06548216346690916 0.7412697942303538 0.08114487077301857 0.8890869872739919 0.12975982046558643 0.27241665826818917 0.5575778274139008 0.06356038875474468 0.2883802780592135 0.08550061645299667 0.19756496635463006 0.2857440279299843
0.2730785357962108 0.2906662757299825 0.33473769713769164 0.9426874254851935 0.7513303164004469 0.43726020793038134 0.07109789610225958 0.09794851480336253 0.46770906143558366 0.7427281037687774 0.5980995808729572 0.7504400888937851 0.7303139487438782 0.8906375274314206 0.35233667673181046 0.07045784192398907 0.16454740556747915 0.5192791703248321 0.07421072719040966 0.9447011093887119 0.06129089701407253 0.422560135117545 0.7958161135549318 0.5858376942670476 0.3866467836375942 0.03954760169208604 0.3934976324560747 0.37887561998119323 0.7920168018397438 0.011556029846103377 0.17461969153476375 0.5166553920166359 0.4917023936665085 0.6812644323974032 0.5088774544630965 0.025348353390355127 0.9485282888790736 0.6915033239958245 0.9528096923979662 0.44552494554168043 0.8615135428235632 0.9644843414864666 0.0023959271754785405 0.045751271386459735 0.09699636579136228 0.8739680488839499 0.9812900678436205 0.028443641797294084 0.8301200766012816 0.39987443844103576 0.36103591470941754 0.7673456775903762 0.6489403713773029 0.6129753491307792 0.24053468471825012 0.31292108944243746 0.12082335897393992 0.23244596395317474 0.24407808966472255 0.49310170137088716 0.6635207375554131 0.36017640818123675 0.9947277932580559 0.9345980621123785 0.5037132494421891 0.47159292010499576 0.25847441883668776 0.6917275981055041 0.7001910589028755 0.2925812746738806 0.9376141393099329 0.8724372057875324 0.9284939038137037 0.573780619787838 0.0935701234951436 0.8272263713604113 0.049583858362181155 0.08358363357759413 0.6373742936688948 0.8032726224542112 0.2918945112751916 0.27694553936954525 0.48522460542151136 0.26660660074943987 0.8979693377299603 0.05768496697651937 0.3312314764547132 0.898138174640617 0.9437682051531808 0.500558649095109 0.014656913785421222 0.6388627837075435 0.40254319374259817 0.4165024033933893 0.4161128955531932 0.7878818165335486 0.8426111105882645 0.961582593764805 0.7472858524479673 0.21575524219554598 0.27780997933400287 0.31793148887754297 0.5522619631500854 0.21107885725504183 0.9183641417157736 0.5509318506221171 0.2758838934710257 0.4665911614958891 0.39051717494032556 0.6898916166391164 0.24844361143259752 0.8143814710398033 0.48132881970378694 0.005267068196077029 0.5332414518001504 0.8463028476160589 0.6318098113337519 0.9677944441442117 0.035811154891014274 0.19076706762778162 0.7660091109721459 0.2270341510259053 0.5966990773655876 0.5945363209471791 0.23533282378714904 0.42645555895186393 0.5384150410968829 0.6934938916169594 0.7686309278318759 0.6327340259696734 0.04268391925519599 0.8133476313336201 0.5234850647145094 0.5453751287624425 0.11450943747597853 0.9733387774007646 0.7412144285809098 0.13651002367509735 0.09905203725394929 0.7012726678502158 0.7422395053113265 0.6386665197109529 0.8607688341659924 0.786950868972356 0.4682516104336977 0.09540594575645289 0.8569354118459791 0.10892511790064452 0.03658283143540764 0.6782950942055517 0.9786848810097978 0.5140931475251599 0.7468933432758113 0.6245886883287051 0.8267343663332817 0.9268594904448045 0.3497138900855039 0.8673730885693961 0.6938078537540492 0.08625491018815956 0.8412934148972234 0.78419801384701 0.1814859276827222 0.2756298455860494 0.9541494802132995 0.38159081236280024 0.4361316532857019 0.20238539844004078 0.5856517635454628 0.686955087709682 0.025097652896391653 0.8248989635714631 0.21627611812301284 0.15684317045087992 0.15489555199513017 0.35164036035583734 0.128593582603461 0.41315827759725376 0.6027774467094953 0.8025192679338714 0.6420347404378888 0.4267518549557098 0.05494942486504206 0.32543154504277627 0.18830137208573505 0.20878589719829477 0.36541765580516195 0.523482890731016 0.13912449573469443 0.9835424590278697 0.9531186528067663 0.25347347499921724 0.6617157547274017 0.32568509343966545 0.5405416727022528 0.8733524813747556 0.2803522443550882 0.09572702096419816 0.1395392026521013 0.7950470818704677
0.941865796457845 0.5434945975057156 0.15566864264830227 0.3941605131125788 0.15747130648400842 0.050223587341378884 0.09073378747187155 0.18411027153000903 0.7146168854717253 0.5363615967855928 0.14618298972792543 0.7396503348094792 0.1364354767836925 0.3831618232933903 0.10168920631099376 0.9922997232308496 0.7813478211265914 0.10845518990516712 0.7810214527738971 0.5887014134141666 0.2276635654523247 0.38401705725582214 0.8572068671269156 0.45339824210674284 0.6820686401325271 0.63017831340757 0.24303956429229456 0.7397560843077083 0.37737182926671453 0.7639071301194896 0.9343656785464971 0.033473212372389094 0.46828214721340045 0.029325873870244767 0.23398690303581582 0.20734933505157327 0.3683903679685535 0.22813300810400883 0.2529949702656642 0.3264362551770754 0.7923035486870307 0.3995961380793236 0.08884350224466486 0.961440661805207 0.8405305774780566 0.29195015461434937 0.14204657337716375 0.751946714507916 0.3869879081821538 0.7119244831216306 0.6910220194894958 0.9736339859681685 0.5222740244198998 0.37550051763985093 0.03952162155643124 0.3259402243788396 0.8290753224504731 0.2110583823529225 0.7010163650954331 0.606422340751551 0.37102903529308506 0.8193418764213544 0.3689476507565439 0.42412885211015305 0.4157293280671256 0.3613285866883723 0.7692487624614345 0.5872757027169999 0.8083468393867982 0.7851908769758066 0.8119479609705094 0.4835872593221576 0.7512182903511513 0.1040201467053975 0.5477034317868544 0.37519413045042127 0.09874699821809085 0.9855898317907313 0.7195274358888266 0.7182128351606691 0.8921364398683043 0.10801372728948688 0.6260046903100317 0.48708472972502004 0.563219761073513 0.41363196773753197 0.7968759888649606 0.874121425667765 0.6367588478047742 0.3283916243556301 0.059216932898906616 0.0941524425661151 0.05554390590289038 0.6759081161972033 0.1751289709573356 0.8933452050665197 0.6017415732498336 0.8733067680443902 0.6097442593021201 0.9085756770625268 0.07886175019050223 0.5895344997857519 0.19930109667530094 0.36917392432730023 0.32452597035888675 0.6284576223827776 0.932133826480172 0.8580188389859574 0.4737369627455421 0.3540153333105026 0.16695308048615232 0.32009164935848544 0.008423717458593938 0.6838066648893781 0.4132782878839838 0.5378780032610792 0.6936804135211867 0.16379292090455844 0.42870595732079975 0.7223820723303935 0.7976475258662161 0.772724548340422 0.370522540861865 0.02307144178427467 0.4116874930182022 0.4506845755180565 0.32401298688979707 0.5474209554238193 0.3508737364983642 0.35143421545246056 0.8590836657497997 0.33801229859441106 0.0365174614460998 0.4585397136518716 0.9020961395891169 0.7874084480795766 0.7274446997976133 0.37791632076918025 0.6771865813865656 0.6225747854327779 0.7515440571220084 0.39261184073065136 0.6350163006390728 0.41727396143070283 0.14924783663238328 0.9065119062416587 0.47673342710825184 0.5411332306012373 0.6536682131230601 0.45276159273720795 0.5148467256349393 0.2645413582761207 0.794141857946319 0.7673503544702088 0.9560575880918931 0.012306304789625355 0.7564750791262461 0.1251652108183341 0.9818109068637486 0.46283956121707104 0.10088911349957619 0.13799709900113966 0.7459168749729337 0.22037934225554268 0.06428491091285371 0.08001585280990797 0.2581836182927081 0.9657462890953382 0.32442324932865596 0.8588892532553544 0.4392449233679192 0.8960406500550523 0.9841547198021859 0.5602144701355314 0.7481240492519114 0.4491646452722404 0.9721974490973379 0.9650252915528343 0.043110498664510444 0.7067431466157882 0.4252802983802997 0.8357735219202984 0.13831901130578161 0.37402816250000215 0.9484935626029947 0.29487511650967313 0.9601048008560003 0.4945873075268402 0.7423882126885069 0.5028482803780818 0.7258121883872288 0.5435355352885044 0.6030190043503459 0.6787690317826566 0.25697825885976733 0.1859925464530462 0.18710458391326756 0.5749045054243999 0.8998651464734958 0.7060420921183003
0.5722120182124556 0.45154812885185636 0.5268012020804866 0.19344748164028136 0.3836476056603294 0.009462410501859142 0.2966203868093469 0.5717454257117486 0.5311373074774897 0.3299386328803755 0.6773592883706142 0.0799880942219292 0.9475177184724376 0.04991651610937431 0.7063706040977702 0.9040458908621997 0.12331386085971963 0.11234224665848735 0.3405717322150764 0.9365291553549293 0.3807749232769744 0.2669797289344613 0.9647269322487724 0.11304216516779952 0.714766551281994 0.7729117696805156 0.21033768787945473 0.18632521186143325 0.3430718536731431 0.4183383784659217 0.8895207239802094 0.36424656311058534 0.3930263615574938 0.8782054047368704 0.19224635913891608 0.530197335443968 0.18680754346528583 0.22442306898984377 0.16254767705440876 0.05995057682275229 0.8685385413259418 0.7911600331281174 0.6166255839400886 0.046659571333070526 0.08611396865442422 0.1289298615537413 0.31572107136779193 0.3753877510379813 0.8518013689776376 0.8764060355475467 0.681328702405143 0.31082496240716806 0.30672010602913535 0.30377530731389824 0.06374326549757459 0.5291429465953927 0.34169056296729705 0.6509117922403069 0.020753875978196556 0.5941567383704994 0.5431089802295038 0.6072118726007346 0.46183966385722397 0.9743346211931335 0.4735444392903978 0.7339909172024808 0.1211264062017946 0.19649880066252468 0.06167487866154331 0.4627036359198412 0.62841779273817 0.06615789903341052 0.7714574721258336 0.5577524429400538 0.5321806906442671 0.8319105025798268 0.3122908103268287 0.4604775669982417 0.3453169722191002 0.4616102776398817 0.9759190478675822 0.45749395939522153 0.28849305674447756 0.9445344772850891 0.9769195957889942 0.9422116401853735 0.280319107807416 0.46597463417490737 0.4374453790153966 0.4496476700158559 0.041018755134589635 0.29136866555489616 0.7394206530686134 0.7046602862654989 0.5311076604381985 0.3657238866181465 0.14338499392381876 0.19458554736649836 0.913015897563735 0.1792772133821645 0.34079533581100063 0.3009587168159613 0.47170313527603946 0.5164074995327667 0.8382327279757976 0.5700692832809895 0.46948360707459935 0.7566749581832612 0.1045826000879354 0.7161897448372696 0.708143625420019 0.1604282886095194 0.47490338653346675 0.05351236258306591 0.06482980389456117 0.07534285084391079 0.21673564140833446 0.17534444826346052 0.6366830859050441 0.9373418227647711 0.8924706032492495 0.7151986670997318 0.1436427895576029 0.6715937813262868 0.8887987230942467 0.540915855943703 0.5040306540858285 0.268988379178969 0.9015295454463085 0.40526387909530626 0.4229949059550365 0.941553856263615 0.9463460807737183 0.5134454484716158 0.13561868667359744 0.7435485738162537 0.4259313979767122 0.1497471192816383 0.6604485572656662 0.58214252782463 0.8469096150582315 0.3014976079933126 0.4242039586021653 0.9238000049043289 0.10257655074385452 0.9696998721565329 0.2831140651329863 0.8931045591152529 0.2476428795747243 0.657348277789327 0.8537989674988373 0.3229777337243396 0.19088773552704208 0.25827853614795626 0.49100824344804184 0.5196713330132459 0.6617157333889369 0.08200645085147551 0.49510504731862404 0.47939764882611624 0.30822341690550503 0.4270765634175129 0.19566036580699497 0.03950516622829059 0.5211399550968047 0.369188357233055 0.6585163496001913 0.38831551546801923 0.7791428319367616 0.44577994769906104 0.47787822003001335 0.8107471999876791 0.914298930702459 0.6389507641015223 0.7772208123718799 0.9561200057820044 0.953331533776024 0.4718487491469684 0.7887038418584966 0.8126437742420256 0.6729317985064557 0.9626184435085858 0.6742394124842204 0.6924992891564767 0.03869232354396401 0.021080656741623516 0.2852307935915248 0.17723535720608785 0.21874203183462027 0.4003324478561069 0.3747302899250333 0.9645131366306484 0.8240605275090929 0.7178157430355085 0.839290934668756 0.311024792121134 0.3346669028961664 0.5463273944686905 0.9843317576457896 0.26311833694438536
0.4712849295032633 0.899839074590098 0.5739667838044539 0.23059894919328805 0.7101120213005259 0.6996430725010098 0.9253640981546091 0.05259915384973757 0.870466269133117 0.6148617515995122 0.25416403720160874 0.04111638497944836 0.8393207374392382 0.8829349337170583 0.7389668297277022 0.0878982491089596 0.2792945495379442 0.4230454292119319 0.13950023032101244 0.4114423104888216 0.39680395670010593 0.09936028172636624 0.134862673176119 0.9176581275035953 0.6624411182083848 0.6158677883153721 0.372821694535831 0.8998515589658043 0.7799880081122625 0.9987549583254984 0.623865630966944 0.2585269959798109 0.5499011168647611 0.6572292298423144 0.7724499523705152 0.3845192835970386 0.5540860998135437 0.04854458172499976 0.16321112971464113 0.42507200063430517 0.5930734688586096 0.5898076879496819 0.5149791318758112 0.3326274244244013 0.9164876368369923 0.8452021627747027 0.9713492288264565 0.6392299966035899 0.6946198997661802 0.6072655208072293 0.30966396822403974 0.8018435536527541 0.07224942008902602 0.46782429330386543 0.42219056590666326 0.791015038918189 0.5144624774250879 0.7552418220464439 0.4059067458796355 0.7411036524636305 0.8558743259471582 0.6486091311954619 0.8867858686783227 0.43094443860880927 0.39300675617841496 0.07689948255876522 0.12797507946852205 0.0044838547040856325 0.3764581885782081 0.3042752294918073 0.6682676901125318 0.5689586826462023 0.038585974421305735 0.9476243018891799 0.006692480607390472 0.9130597334579021 0.5237548329188413 0.04907759396444955 0.4789366953737936 0.4378996614184135 0.30847998088760475 0.33505736203880565 0.8325318165567731 0.19353971664906922 0.5269399432595415 0.9014139408845259 0.6462444956434348 0.9481186723579571 0.4132198645207107 0.8702650313609624 0.6122012479068841 0.3896111925379362 0.7218311128763507 0.9364060917903988 0.7357714793675011 0.6662733083611176 0.4480932600572781 0.8614116696156973 0.5762370295346415 0.6212771364069547 0.31724596721870957 0.24037930311277966 0.48730797600729125 0.25783789151751424 0.5205155504376995 0.498517531995445 0.6770956930036593 0.31764838421971986 0.48986977455450165 0.4979107600215046 0.5179639726680053 0.5620237090078991 0.9656402346178177 0.991094972975922 0.7316568132949035 0.794019433258642 0.9425825413904511 0.6919413153904478 0.5403362067446482 0.042118211454966636 0.7207833588574359 0.1388448721237776 0.24508483390497982 0.7325611229538229 0.6768420705666846 0.15801665745194482 0.22797957190472862 0.4207558090724317 0.5140866454062165 0.0959221801475646 0.9664217481004784 0.992619605294425 0.33794929650750105 0.2600603804322269 0.4854896428219313 0.21693310750621564 0.9577816149701732 0.10984342277383363 0.4649622850998427 0.6448859346561964 0.43126287263908014 0.4486935566862944 0.996133441058877 0.5436784331896364 0.19351170452507838 0.28731212237448467 0.015653860026227817 0.5650191667129455 0.03704049818654942 0.5940492821158139 0.6645153557749441 0.10545145896391572 0.3894143097648942 0.5103330702363973 0.2079664007449955 0.6223441636308424 0.6709758003203424 0.9632537084651911 0.46662838653171623 0.09783191952849912 0.599538921829875 0.24232720344534575 0.1823179236793997 0.698386266599931 0.8854268332170665 0.4114457219890584 0.6806255543712508 0.9866450346179709 0.9495794783722548 0.15806911901750464 0.20370019065210554 0.1991558546336487 0.09371984624988583 0.46119577939806633 0.6629745505073374 0.5959688347359237 0.24958879609620532 0.9114447466953254 0.39887691756298604 0.19713874187712943 0.8111326438280856 0.6503877943496327 0.8818523525621231 0.10214680163367229 0.8178096845459986 0.2576767901356909 0.9865769063313861 0.7991149159341966 0.007264971493143646 0.07715239481560987 0.8737120101564336 0.8390725129401576 0.5791133263904115 0.7550692554781298 0.43306099884753557 0.35035224481590954 0.6659844768924672 0.7285669247679174 0.560775717228894 0.9182757406528376
0.9463336602885869 0.6174242820796028 0.6392967367190119 0.49240082875348856 0.3755975569905369 0.690741675559298 0.5620111395114428 0.5030325925958837 0.3308624626475375 0.07584417995026982 0.35247244201325123 0.324352478886922 0.18670715535494975 0.31404268608270924 0.9814304637065627 0.07812785912528153 0.13413981954547516 0.8398410491536414 0.2268586221784925 0.22316126816565418 0.723905735425531 0.4964646425094261 0.07146522057417148 0.826493452825949 0.371840538066291 0.996136078405219 0.5994483634305123 0.4882030579491963 0.2827665044634764 0.698828606437784 0.35389572692926596 0.5238405008658799 0.908877718154415 0.744590758931515 0.27767576132736616 0.463200310684327 0.15959606997304387 0.4259673060380412 0.3952599195766515 0.29119522188051794 0.9931050611621421 0.8018370701407604 0.8056582389443183 0.6088130409026794 0.9532384896741216 0.5430539172728518 0.9470259424581244 0.9663669659034775 0.850037403930845 0.32643405291147853 0.3075939325195425 0.31527843100969455 0.9050731379311545 0.9879484222356533 0.8014656998481153 0.9244251174290643 0.3111558356963926 0.1488909594146849 0.018039032202596728 0.5343159831384778 0.3544569613412659 0.23749874744174715 0.4389699998317296 0.3094481491229193 0.5990358923822593 0.7915121154751396 0.11888354897339293 0.57843263448479 0.538213766706932 0.5632205559638573 0.01776076322012876 0.5829051651212876 0.14010576377735595 0.857798565097229 0.2876469922932068 0.4689194377251681 0.597266910729032 0.8186849140292132 0.6744595266177826 0.30248996238292447 0.9476860251906356 0.8688771390240555 0.18340070114856344 0.848350303849998 0.8073177152689575 0.6559697022534168 0.7534039700915603 0.21871487138130896 0.44824605235771253 0.2982837577117302 0.4705541624883738 0.39634910130247636 0.8364651510886961 0.5011664673456362 0.570700942362791 0.5422214429517319 0.29955921355078075 0.5861756506872497 0.46024790240298263 0.5193013779798611 0.08220720726126896 0.447929209331705 0.8177476857753658 0.002005214796103494 0.8563654850973856 0.8013155957415911 0.5006325453054846 0.08952132821592051 0.18281518452197532 0.14072315924814838 0.39316598518497825 0.12622923858038282 0.9202579014183354 0.11975649570032654 0.5581392882236387 0.4378977720438616 0.9827333876960211 0.2911954873091639 0.2884536156765095 0.09982180774729388 0.9517649061462866 0.9735875445596841 0.7378372478328842 0.21606696753172383 0.43790001035710746 0.19327892585421846 0.08674454733068437 0.8182936181757958 0.34191690716122736 0.6514297021841122 0.7755708209652871 0.788264107208534 0.7608457950442424 0.005249868427992133 0.36524327213560537 0.4858453253265482 0.15623687685872467 0.030915384570218363 0.19362189192479518 0.6640042007063341 0.7503233132783811 0.3002281658233631 0.34908577441497457 0.9609602972663881 0.010448052738149749 0.9911962054322284 0.06683070048576145 0.7873879171400083 0.9927211868437404 0.5817288949828641 0.24874773404401118 0.6850988750562772 0.7004217764408045 0.21553784943146592 0.05354803205695191 0.9987128721954077 0.5850568897932512 0.7630922006492374 0.21638555467305798 0.3178506791782505 0.16733214226371917 0.31659385150238717 0.27365055449894105 0.5047327250150738 0.722832290044678 0.5124571549638519 0.6166789528972517 0.676751302137627 0.31790250902822637 0.45762496096949223 0.5798412747969522 0.3220306724792157 0.708240170218287 0.0708391359472107 0.07235492399667298 0.23328196620417596 0.3980544847351686 0.8231188073326977 0.1475012973593709 0.3773490652933985 0.8657321039385829 0.3543580927167824 0.4341572775313488 0.28062229731800425 0.14866019435498257 0.4648474495535214 0.9663092460860403 0.728379108972219 0.8792754587716439 0.5829486439434242 0.04010103282806132 0.6999324598466764 0.777541493921696 0.6831129336621319 0.18410539764319045 0.3154974720905268 0.45922708843652216 0.6483814561954221 0.4754096745847399 0.5473297881290345
0.8547923530935434 0.8652258903358944 0.5311655213663706 0.6215774989236535 0.10295922236727761 0.11370715553919553 0.56067290753135 0.4149864830297758 0.7438116717278894 0.15834743082411262 0.4188437534845433 0.5384999593251709 0.012114059358775964 0.09523816062372892 0.9684542638590268 0.2532045720043622 0.42342602747790703 0.6947827439503621 0.11588699611944764 0.8938069611629876 0.9226385946741203 0.5749523304782133 0.4967191496002882 0.3800131956054231 0.073377086316332 0.20357681874817313 0.7641282036483488 0.8630003241901573 0.9504597767284475 0.22847484974094434 0.23351806269965503 0.7201218043145997 0.0897857915961886 0.8042023751466 0.9885398914057507 0.2997986196580603 0.7240597823238535 0.16266786748323026 0.9786890221066256 0.07743218067960833 0.1290447872879391 0.6063182495803148 0.5740674380655494 0.9997982550351734 0.3777515108361472 0.1293100557914899 0.8997072257382964 0.04305232639626666 0.15662704583902587 0.8240028943714997 0.926182830233502 0.31791392424429865 0.22934708736909626 0.484099724975786 0.08843041796008533 0.7169000014409951 0.7868381663472136 0.8443951698606099 0.024250935256943662 0.11062945722307638 0.1650421141796532 0.8761645187420652 0.9357084616181006 0.6949654601786702 0.2964010779272571 0.0021874741159453315 0.44573081818204685 0.3524349510940489 0.7962053743854627 0.7131204566433217 0.9151723748213477 0.9035274737674477 0.28694743059212335 0.5693685117991758 0.4106012078517246 0.9077012846889598 0.7929887188749921 0.28254168700504356 0.08000152659948723 0.9967885409724407 0.35628269882401975 0.6982014469766225 0.4772466863120306 0.7819112560447088 0.3154126041307622 0.35337266664678035 0.4203489723372136 0.9093057606015217 0.8006839795711945 0.05304797769237768 0.0007829374689601876 0.1160835149064785 0.38723942194687266 0.1565073753680991 0.9274422083521154 0.20875714696358472 0.09201660824716162 0.43691656475737173 0.0844518869499351 0.8240820435936894 0.9752021722596397 0.32709199831264657 0.3400653910525887 0.6064390448811395 0.5778706561099307 0.3352080876116388 0.25687307253285885 0.8400201909175702 0.5854544347414348 0.9158412103660873 0.1407868828494293 0.06273475236581572 0.1872190373670405 0.536373453703554 0.29118935439821325 0.6918797518125707 0.08039343773799656 0.0883845227275285 0.22965893333643006 0.3478477893014469 0.6838101248021143 0.3222781030256813 0.12502216180912262 0.669956387017255 0.29182192084512437 0.3257734270101008 0.5347767064557196 0.9075458324340224 0.9552697873885371 0.45813907108288576 0.32443183663180053 0.5806112165757009 0.5361193147189378 0.4131964430735703 0.7915272604912874 0.92128540331525 0.8119315264198491 0.6223798023164897 0.882584530062411 0.45290478869826845 0.5016735207447367 0.0137998484952504 0.38448548854961384 0.8436777756049522 0.20855452670393293 0.5100758105006018 0.4449165771278726 0.7131665415098232 0.8868493070050755 0.28142709036613056 0.5921179124703743 0.7341494091928259 0.3567263836158693 0.7420969154268873 0.48480210158955106 0.17192724799540826 0.7091730419594146 0.7811071768375524 0.9998655897940961 0.6745548571712475 0.3205521528097909 0.1717240821471131 0.006275636731044809 0.585361881602491 0.8135165394588417 0.8006080217166849 0.07805681317022384 0.16511294073550975 0.8102484373155089 0.7221643380700571 0.2714606136243197 0.9672800743915226 0.41903450324681957 0.5429694113935465 0.3956073509059702 0.4774794187796213 0.6591045633542338 0.40042603721055914 0.3720860481068524 0.6961712321819524 0.9988531578303986 0.23845042251907012 0.32276730835716705 0.4939628503564488 0.6707074859217198 0.10472105886113936 0.9408203474934667 0.6684024827515507 0.34404804854112514 0.254257829476503 0.38444047513198076 0.17393232564635064 0.4780156061926629 0.48164458497637963 0.10185973385262026 0.20826448690022414 0.45586756130429773 0.48437874804960956 0.12299431529094473 0.4761566770518766
0.41653505004518177 0.5845362520917231 0.9435108342924531 0.07112698078838431 0.9025113329362923 0.01449327701204961 0.20524773134894225 0.8472671247568343 0.7492897526110346 0.36921028010756907 0.5623052614573129 0.842772364286267 0.6434191817998107 0.4354888989211684 0.32467156487397886 0.4702514527575814 0.95580893549785 0.11146475234670239 0.07826106798371768 0.055514688991005534 0.9098424714824348 0.9309334581093383 0.48534952148208166 0.7064782359557125 0.44799611473911605 0.3548757164441829 0.14539786417188794 0.23795646013482974 0.6394548032320003 0.4575913215400532 0.5757557604602617 0.03797850257333235 0.42274216603867676 0.7482666450647684 0.8916479044525624 0.4234183799883584 0.6504485842454091 0.4992023813460855 0.2410213070120475 0.011647673593549679 0.6373803581272548 0.06347596554458368 0.5989171315757404 0.1067696816015109 0.11674678292355345 0.42326822018613797 0.8433948683835103 0.13608990612160154 0.28731629797025426 0.6282813707884735 0.531029562178097 0.5157810677399799 0.4831710818287832 0.9971857605395262 0.1434174080348234 0.2528937859950049 0.17986075901072596 0.1911936084677266 0.8816543998559547 0.581488722427434 0.47773907257011505 0.21023574147820367 0.000330797967194818 0.3223706889231187 0.3264258813382792 0.13313462588830371 0.7177073605376842 0.8717929131676304 0.9065127474162106 0.9792671995327157 0.366391041820452 0.7780083219811814 0.6366535272439868 0.18171108632167754 0.7087615236542417 0.14358327319495634 0.3912994539987916 0.08238375079643767 0.5585217335164826 0.7923880239397655 0.6080696621143276 0.18669609410493515 0.8115642063898374 0.3963009906740774 0.10972974613883346 0.33849791531304396 0.7969904216812908 0.38098113097799746 0.6156692013648954 0.9678676476087655 0.4465074960620937 0.17918083063033952 0.002062692890056006 0.45167344708762736 0.4905578307610914 0.43504810490867085 0.6159082237737854 0.28057711081291603 0.9379580767022112 0.9789378958462847 0.10300983613313452 0.7800587783125271 0.48702094056405254 0.23214090531372156 0.5341609114498078 0.35164271724392837 0.08513356572456399 0.7272951943566547 0.29376563571269987 0.9710726311316974 0.863692456889754 0.30693160783244866 0.3504653726325705 0.2416477465766791 0.43768008692211346 0.1666780215857977 0.4103404648191641 0.41940567602404133 0.8038211212786935 0.5697623677048262 0.3607296294401827 0.24763320563205105 0.9894021881319787 0.37754431216954976 0.9554706414550501 0.30204685004175624 0.9859731148802355 0.7118220262034962 0.963990050231486 0.4602815780899069 0.15307149215631088 0.3683191543296592 0.024153342471621264 0.28792528419301644 0.2067080952844581 0.7471139917361064 0.21232864057579548 0.7432990700210035 0.1916217202438404 0.5535160142319792 0.5743447239876245 0.7426805812903483 0.8659338537455459 0.9353840963600916 0.720801267538658 0.003129003397628005 0.9439989009814301 0.2051350782495862 0.3541523129017611 0.584750252221281 0.8070367721053143 0.524985535555057 0.06995618205696974 0.8685025911450157 0.6642408430006156 0.8645505490248548 0.9420737135497672 0.01071804768955098 0.1503060391760468 0.4131578781807047 0.7306391318225184 0.05320435310654936 0.8604710729690296 0.7704037755742971 0.44627950626594803 0.8335455458761659 0.0008072572677909617 0.41703410339420555 0.015146355732069128 0.5299399600034749 0.8062142148415379 0.7361785331800725 0.8993298485114525 0.9030931974552038 0.31427526186152954 0.962866441594652 0.057224465255227064 0.3480826886785924 0.6318365541139002 0.2654795170766553 0.7782240545026936 0.3372620397294369 0.9199943049742755 0.37292066677584956 0.782126657657079 0.701911408882953 0.23271210553083832 0.012144166586336658 0.9471410809921376 0.9648571675935236 0.43443729961081 0.6621728824753409 0.3182610596015104 0.4979667574550444 0.32620074354158657 0.17593501197206673 0.25084773595765597 0.38777275284958534 0.23352167239701327 0.9429228743337253
0.9415900008740802 0.8430752643509202 0.3128079149526328 0.30855017759878967 0.8982517912341449 0.04087605990559395 0.44227837696738537 0.7850329669978177 0.7360784349746446 0.1618641724749842 0.030950660402779273 0.5903988756318919 0.4384212810004787 0.430898166179867 0.28553072935144386 0.5009958930637866 0.006160946055490113 0.25970032403875265 0.7970277908247155 0.5523185435558078 0.12513007974199086 0.30640886533315614 0.10392802672975487 0.34404911767005597 0.021362599941962657 0.0805276416544154 0.6191176354945132 0.26525583996955004 0.03064882579486916 0.49656226224838096 0.2519091469927125 0.22681069664125575 0.6976053057660565 0.4735890614085577 0.050348732199984036 0.04597938842932037 0.8758154509220164 0.6574276244419691 0.8589843675756288 0.1958965110507095 0.10328456724265 0.04970102181262137 0.6062317308029112 0.07255138208728884 0.6692848244380134 0.33403941595503317 0.060042097646240356 0.23165031469056818 0.8988850921981277 0.40441282261586686 0.6877019451126941 0.6058072203837023 0.8643892003384093 0.423038252280015 0.41369848581864677 0.0585814556874813 0.5366533073619684 0.5889245807121879 0.8998315315391092 0.39349166938855995 0.33951725768385654 0.4670500261733377 0.3496901680972587 0.9850318376460031 0.6754807396022319 0.25360725720288324 0.31924143735193045 0.5683490210820208 0.7228682923190192 0.5785815549567709 0.9135753801524507 0.46624786957755715 0.9531509694071795 0.961611926023151 0.7517843808561049 0.07589165673216314 0.5871124983987822 0.6438774190846153 0.6162433812821655 0.6379322484106982 0.7716242179328614 0.2964872314206989 0.09868761962589112 0.9914250627847293 0.47735155339065694 0.613213867424975 0.9284522543991156 0.9781332761431608 0.5761278242016259 0.9923034400371673 0.19400981122933925 0.25327552562080813 0.5698009260501893 0.5121705083026704 0.4607082851732843 0.0695903376663225 0.11802089445386987 0.14041282932572974 0.5783936080527219 0.11886718985374745 0.4304010273737813 0.30706511380849555 0.8322499642868894 0.7777588943100182 0.9220668042491 0.09302413432179313 0.8863218967646411 0.3478144178764795 0.6098600692752607 0.8110918264363314 0.3276559688275562 0.3658482323835692 0.9449291858847829 0.6895679798097171 0.9728167709715176 0.7840730661599321 0.9808765713045091 0.835665664332471 0.3743114373120785 0.234188529281125 0.8887876457977448 0.992839716813738 0.10919058080866795 0.4002819980843607 0.9512068783945601 0.7388371725117325 0.21595950700855515 0.9989397776589711 0.5764766853673554 0.7591252563171106 0.02916984613367135 0.19329617891630757 0.5453675179213991 0.6942713882165703 0.012185896012757436 0.5495005765623528 0.8713898868564907 0.8073837236902812 0.84302111033748 0.3624581163340256 0.22882542433248565 0.693559973639267 0.03674843615120438 0.9634553598194696 0.10450176270311595 0.8360527264486712 0.44489413145146495 0.9108271039507481 0.32092305405138466 0.6783492565514261 0.7405508965227849 0.6482968278324125 0.033312571050578055 0.12026139682476056 0.6497535995436475 0.36171470828113883 0.12458442118675717 0.6911113715842884 0.7678202712780201 0.9589785703661349 0.9630755817837345 0.5678555683637834 0.5476244932531112 0.3736480686378667 0.13131371249908352 0.7841160311838118 0.9260164799881414 0.6659543217822105 0.9216661977420905 0.9836074334148315 0.26671102995340734 0.5924537188814655 0.39019024225373344 0.6389354847267276 0.2417807168640278 0.21196914600052863 0.42136415876329114 0.135936898229438 0.22331594519163023 0.6479535222886744 0.4992693081588051 0.7633921452573015 0.45336757927568716 0.28121689118944326 0.36142344264521964 0.27291633487472833 0.44764193934795804 0.8099600136618127 0.2653440630924787 0.40017025407550244 0.605916554463351 0.12828973214779194 0.3677816193504977 0.5077646154174577 0.1636137183874693 0.7111903377730434 0.208593716073616 0.4703637024100802 0.29054726718944157 0.6145758403621451
0.7581318484550014 0.31947311818008783 0.5041174223445152 0.39300394787166226 0.692952671356558 0.44757622948707176 0.7837395448879418 0.610623765793447 0.8239196529194768 0.30887223219634086 0.41611318586697277 0.29706370663574944 0.20782252017925418 0.48240676443282415 0.9071760018454343 0.34314488191909376 0.7885814359996324 0.6635949049858251 0.041711291278319296 0.2366891940085205 0.7561920839906243 0.8014038526543841 0.9466292419794949 0.9238969562036555 0.44678538120012745 0.7044814541977105 0.13108012234143163 0.08120074731263549 0.9356523581737409 0.9811940002363434 0.41219137136599704 0.29099894833746276 0.6227635902532361 0.2554685785853933 0.6659378071301695 0.8506293247356591 0.02719918842838409 0.8320031538062015 0.9768820611235846 0.12281495741184278 0.14999873688270027 0.5698754404100012 0.7192865406056453 0.11798652570814905 0.4918423635465917 0.9978555720038067 0.4730667120302193 0.4434035356976881 0.2552176710244848 0.22258345730274176 0.9993173548519918 0.05109463287620153 0.757393687930458 0.09395129006422842 0.27865441081114484 0.5978608237379159 0.7116171409689821 0.07635053759154775 0.6024825857760285 0.788862634479524 0.8309245735062889 0.24788906664578347 0.697114056590766 0.050740492703708506 0.07895481289912731 0.5944819969553286 0.43515727574052177 0.24028415838694228 0.9397026284395746 0.06717508523573335 0.36144156913476155 0.8091425250316213 0.45516204592246345 0.8401759578124521 0.728223936202863 0.45530279917872685 0.6085519791667039 0.6334985834423439 0.9403115542527584 0.6221632817618509 0.12306192101219227 0.15565729052901045 0.9468703354567842 0.9528706851890548 0.5324146496277035 0.09008560176130564 0.1616147486139241 0.8002169986796599 0.2556739581695362 0.9585138308229443 0.8068316110538539 0.06493296100052948 0.8448688241140552 0.4123562384359103 0.20576527049526228 0.6918103118057302 0.6467359456672235 0.4925950042801487 0.30937973176438904 0.0020869755018533276 0.9084866642838104 0.03110731140051648 0.5376689290555786 0.09299773540049083 0.9521855376401669 0.8268981704234346 0.5811582323079749 0.11273904981311145 0.5499323136133751 0.8296526695921979 0.8193632059233835 0.8224294061961517 0.34842869644067276 0.8236205547701281 0.31909939480638005 0.9468478941793468 0.6353895554781636 0.865874075987279 0.8306024588593841 0.5838314927932041 0.5922920613163611 0.895454008987075 0.07609145714225041 0.8329672244939801 0.3837399483147803 0.6090455693097854 0.9604351669003827 0.5362000690403378 0.3125665723686696 0.6775368148919892 0.37084019457276796 0.597348416736052 0.5950419464749961 0.967274064106231 0.36237524136434596 0.4703103912576 0.14645317888678644 0.9396808725906369 0.7855837130361163 0.009829517163915003 0.2406913242043046 0.05544822744495326 0.5075068519448032 0.33686478901704664 0.2775034434840603 0.9597724756897261 0.10072407957963603 0.16983109284157405 0.4167389103592134 0.5196088629144766 0.4716572069957867 0.6132919139986296 0.21490835648136364 0.18200897491540657 0.4625861907112656 0.2965065185842126 0.5141986995385758 0.8688121610424501 0.9920836212023381 0.34790737152044304 0.391932229213256 0.5650858518153631 0.22645290750815172 0.9226308061879237 0.5118162257399754 0.7717149445304008 0.31766298585448993 0.1202612378227621 0.2937015800356495 0.8297105598406703 0.4967481737855919 0.9770348734251366 0.3801002825760257 0.35775128340872386 0.12000675432681362 0.10196776669951313 0.175619336359216 0.21990200276703986 0.9665151584661785 0.4183867184551464 0.3957644102274278 0.5334858614200182 0.4451165301563339 0.9782643936080649 0.4117281891561474 0.5550540197129773 0.9112824739232682 0.3419360983888836 0.14100901776699037 0.835092817352865 0.9536914905481068 0.5362917407222448 0.860938232193492 0.4657983741476919 0.0013041413516710065 0.016011814292227422 0.6221759621922069 0.9672347447078069 0.9652265520393093 0.10125902674665854
0.4487910722621221 0.23739662046007726 0.7306467931672883 0.605030234406607 0.6342003169488616 0.9219999681903035 0.13405930781656894 0.8202390393749093 0.8615918483574848 0.15173493655812587 0.4537105392221401 0.22179939235241275 0.39680644644159324 0.7183594748936106 0.3334594610856345 0.4341786478686107 0.19837296331245657 0.14377067546114097 0.865169852369856 0.3494319852155112 0.23477070481452067 0.3411062385929524 0.10839769432712443 0.38227657586766395 0.5687999828257405 0.4047915769926441 0.11902888758096042 0.31413980425577315 0.46402373140454267 0.4402269343988149 0.9667666194917968 0.7199333440862944 0.790639604708208 0.8967844355474853 0.16501758877610206 0.4146161395342708 0.5896628839056827 0.952600611282871 0.9944485603894716 0.9359443705897532 0.677509856868867 0.8686494541271734 0.6753983530949593 0.4228064747270558 0.44552795369569753 0.681896975832664 0.9661465464719631 0.5764029721870364 0.37817669432760936 0.7150725613958948 0.5708414284352182 0.569164048095703 0.07182217412153513 0.6004890723996692 0.46493721310114455 0.24946913240822988 0.5899177686773058 0.889728460342921 0.6651006918999429 0.5404101775338457 0.42050335398270977 0.7522895920274436 0.7146546137342271 0.12706562171454838 0.37576559949287935 0.025897479974739568 0.6210198175812551 0.2047091234988292 0.16720470522141517 0.004240388287844787 0.29986002478188567 0.0730785663215483 0.7975264538595715 0.5532172957049901 0.8563251427203384 0.3985361725702685 0.2064836571973211 0.6492654245811621 0.4758713995058004 0.9987691423370432 0.5409938423951677 0.7136119975546082 0.5784752288605046 0.9447823314172061 0.41912077377034374 0.6712859830771442 0.8884179878996185 0.0921172680748712 0.4888518529569337 0.2938782874130884 0.9624758881242285 0.3434028046971731 0.9527999322167788 0.5096615616590953 0.6513576211670224 0.11175215850814646 0.7799596787800647 0.26825219564614267 0.4886989794742306 0.28386506936725087 0.9850011121540816 0.512652644533514 0.45329001366806865 0.6472936907621742 0.007225555466218503 0.3162004089643865 0.6126703781275157 0.6725928746850954 0.02628855830196375 0.628637750720412 0.030739373774278267 0.6531769143826035 0.2216836383766052 0.2193045689329185 0.5911740775551874 0.5405801537949583 0.20053850670499607 0.744602715266778 0.9035611855778627 0.04123682078113411 0.8834945362618201 0.8540213330149145 0.8414198511221498 0.03926027390212117 0.4895455317913857 0.17893021462887582 0.3825900935133072 0.37139976316951895 0.001341455763445687 0.8570120665918797 0.2556363111735608 0.5501016234547278 0.8107112350155561 0.9615397171468943 0.9743704417357167 0.14969069890179132 0.39486696246345765 0.673875831779519 0.9357511321211415 0.43933497151817624 0.7179873041910815 0.5997635100935115 0.7800169125288119 0.3025761122185582 0.19488878052107372 0.4282410515306605 0.03705861269477917 0.9505809198804697 0.6733753505900745 0.9885899813730159 0.329605900587593 0.18189746347557267 0.7744630261138312 0.730441844062905 0.06127575524899298 0.6248221807806267 0.14611755582110475 0.06906618866692205 0.7657651278805574 0.571651138845049 0.07094649392971075 0.11224096795983118 0.35552221113445126 0.3462472797614755 0.9313882982961138 0.5007193356654944 0.38028914445599593 0.0647911179948909 0.5423923187517492 0.45001586979126795 0.7126208997493961 0.6456144215650966 0.030546052199370233 0.4313615160928651 0.24101748956072588 0.5227352736931563 0.3508551762158 0.9441879235853163 0.37728997311585677 0.36868686968963105 0.6254922974271817 0.12066308163897943 0.932545909133263 0.802815743059897 0.028761217996394528 0.5495925158910243 0.9508516587587958 0.9404608061785 0.24801361663346155 0.9094435281516565 0.6360079855312011 0.7531517490297762 0.029914531449421244 0.6637685110833422 0.54625386708752 0.7753467759853981 0.791193364979721 0.22026405356561907 0.7063203200346789 0.8720243027821608
0.35915658330743394 0.9162363175601799 0.07032022576139418 0.4000479507426924 0.313916991712465 0.45990803257003 0.16252576668665297 0.07420467480576942 0.5628930980136847 0.08166368724357387 0.04167707187981906 0.09996736905474057 0.546069352567726 0.9479075227764157 0.640117071293586 0.13797510488891185 0.44527432310698345 0.30258854663429746 0.3303040425847017 0.2152851714819003 0.7506365625630786 0.6504264569127203 0.3869034021875737 0.19295924961906352 0.16172236134805595 0.36003404738106026 0.5023950415095011 0.9297058562856636 0.413593287139156 0.25994186293733534 0.6231646501643452 0.7160035315758759 0.3911628672375106 0.4937969367741637 0.13309573667796315 0.5793810363666078 0.2101949939616763 0.3466293648445774 0.29250012100957523 0.24274816358532125 0.8126465038793962 0.6555315715972658 0.09669821373135035 0.9417241851910725 0.3271613238639597 0.5481345623593816 0.9754760409280272 0.20624369661855024 0.9682330142100303 0.8183937107369579 0.8996677756253315 0.1415404737464302 0.8024733292486196 0.5166096890326284 0.20936056204680953 0.9067801431262947 0.7080661124087753 0.8182091030289301 0.4554935314954749 0.0965674641462454 0.3253369009867576 0.33655643882027353 0.5850244927090661 0.052919583422308514 0.12115562529791402 0.5075029456349277 0.8698878566128312 0.0022451353247888717 0.5694223984015245 0.47169863077048035 0.2177204510724262 0.24711765912674843 0.49620203211344227 0.11862592449101073 0.282707671155469 0.9805625045759316 0.4593027415454193 0.9908814010619187 0.6573090064065185 0.5975053368242146 0.10628414297659827 0.8537119777765539 0.27626504143667807 0.4673401087987248 0.6661340555418621 0.5238776210350962 0.36244489135284674 0.32344443688634505 0.5556693075105986 0.3032617964083494 0.2895431905075243 0.18249207456813743 0.863711585461988 0.550520498568165 0.917045317293139 0.664389862682601 0.16387070208798193 0.19519046016646102 0.5790102138826733 0.40722767531575965 0.11525048642932989 0.44344606517402607 0.6918524608675272 0.2507631892368458 0.5647877903973076 8.15425200541009e-05 0.7028597003456846 0.16901516680109685 0.5384431148014561 0.9434649872779772 0.6824745086762616 0.12310227219275016 0.6738828065237595 0.2257855368442181 0.9225757261442634 0.17930526184732132 0.1323499557867177 0.9445982610080067 0.8839292019440907 0.8539600031136341 0.39903066769363704 0.617247632340543 0.9005381314677784 0.4982093981281843 0.4304581564291444 0.5733923245726553 0.9151775635384071 0.37751118100995584 0.11576189650286184 0.41953573318215553 0.8298879912606285 0.8702593041918686 0.34107030287047413 0.2947020849256621 0.949113141810612 0.6009831300536421 0.9805196232015192 0.7204634592883654 0.5352178620333955 0.2809973971608737 0.7089560038564733 0.5852671901079302 0.855763614908465 0.6489778723642273 0.4220013455745235 0.745916756533811 0.4250580996059232 0.28620977344581633 0.8393664725511587 0.6173456575538534 0.5660620832772062 0.060968943698961664 0.47866475693350463 0.1685080126141505 0.29647745570200856 0.9560323125996327 0.6215646056415643 0.20980205381981254 0.1746830397889111 0.7631160834089478 0.4556880398947287 0.7492947268601913 0.22026415039479585 0.28349840599332166 0.1068840881906824 0.9766716062613855 0.5933376629727911 0.5119045423773361 0.5667790249746352 0.880322386938394 0.09318720168004802 0.6152045789135309 0.11130741171799596 0.5465812665718425 0.38632678048387714 0.517904203464671 0.05793156488206397 0.2905890046220537 0.4745424341567065 0.5535597002410281 0.20211250465997554 0.8987200332812685 0.7277291838776955 0.12079227893061584 0.21599466599361716 0.43759623354713517 0.4223877475953429 0.8097691407173251 0.6998648564765033 0.09845161286933735 0.34811059827870694 0.9335168484980344 0.5173427593737362 0.4995293293375007 0.15133990182780654 0.9362490820670154 0.2875014393901755 0.8677182530626164 0.034708637550268095 0.383510161441161
0.08010561307719977 0.06535733909626873 0.25755740437854646 0.43376777168784 0.9032307868014534 0.1092553133817632 0.06160273915309333 0.15154909427443597 0.4371627046451354 0.7684394693262201 0.4889305009375876 0.1474190780037633 0.5164323930433184 0.17625420280521775 0.12416219153594965 0.9029625283565353 0.5600427793646556 0.7972306744517447 0.017078746000746214 0.04170059193341835 0.12093565750309543 0.09567612020259442 0.0711085466498329 0.7243545296592784 0.13767739253009248 0.8034101346713776 0.9352190413429392 0.5925383817233991 0.5984401930527957 0.21456293753791011 0.25783373531869935 0.7172531480872166 0.48751258599538594 0.6493754176274424 0.3392924654496705 0.5559984935617792 0.5726029024968813 0.3735110260498695 0.5526708290123612 0.04169931924835535 0.06831640610585221 0.36252916382926537 0.012713768007621251 0.8909751260003044 0.09692902651622648 0.6040783636480173 0.1854330387564468 0.6055189010121809 0.5311154693133665 0.8628487288309071 0.9468898565535318 0.5375580803675368 0.22197783768512291 0.8026182265179064 0.9200600411340472 0.4361604866061093 0.7619501713864345 0.3466717977166799 0.1863986960718914 0.8950488017527944 0.587765859946205 0.8041768341819091 0.006765304548484785 0.11476618996517285 0.19346929524845535 0.23478013853017743 0.3236451202543449 0.6254050863941736 0.18344510299194539 0.18141232635026672 0.48182720934570866 0.2499689374253803 0.4450971751963162 0.9356780155214657 0.7022736206404834 0.016441545909273825 0.5280456935657583 0.23160781811932285 0.2645330173658992 0.913042027965878 0.9750194958024561 0.49122899462860714 0.23742671713941854 0.8224502700470849 0.2642515791754063 0.5618716499793165 0.5836798805788924 0.4872978533157776 0.21736820414551883 0.2418988817749942 0.9257129266184005 0.5389658298494412 0.6849401248963026 0.14956038582880138 0.20113035602923224 0.06817298633244973 0.9933011309450035 0.1609299015470248 0.34704436037898934 0.46622631369292733 0.2355641528275464 0.5086084967953659 0.43223573149864836 0.06374255513988858 0.16694021280613358 0.31268030565483074 0.3764491345037969 0.44729049623477646 0.06981415413977454 0.3105188002336565 0.6285699503552243 0.8097113674290516 0.3745109754799306 0.6627070998487362 0.9822344937709819 0.7654387303327198 0.5999213268133227 0.135185308274254 0.6927031198024363 0.8554824032607187 0.6854137678245865 0.895985167178066 0.30108135488046894 0.2763377308057887 0.48749486849033585 0.30721799783558823 0.4495957668566628 0.8130786124529276 0.9765418782368822 0.47181603779473713 0.024223692260733953 0.5446390310333833 0.1997648639902705 0.47990525484660196 0.08592523507073835 0.9400037746749755 0.47877061082732464 0.6388502154224711 0.6945141904202428 0.3118863176682072 0.10317872282900442 0.04106148572073187 0.2828303243311847 0.9349040787922264 0.20969578651833087 0.9709476286564331 0.8017541774012303 0.6311265006595554 0.23497505759766935 0.5547325829173927 0.060592441325606705 0.9251708663035203 0.03614742518211045 0.3900852903001809 0.6303988196200441 0.19225900650709404 0.606931519533001 0.6147646815438742 0.8661769521092841 0.10968111096373612 0.8720823255304917 0.9943558836230472 0.3878273251409048 0.5103295814242712 0.5241111309899534 0.3722819338048674 0.1999252676478206 0.037235819286206895 0.9799188969816222 0.5300190282287439 0.22330241470726153 0.09908024196182941 0.5580442285059701 0.6108970945457827 0.3653663286555143 0.9927366509089008 0.09794581433555916 0.6123879983314193 0.13156232000181944 0.9786429007868365 0.264111604622555 0.9306617764581512 0.8076788553346586 0.8087680663039861 0.417015261179289 0.23460269759478547 0.3743684136456178 0.5331811075869017 0.07914224215786869 0.32996215814896024 0.5975403370310504 0.3175928402224848 0.7187005898082913 0.33151513373559083 0.3377977422855012 0.6635317261719955 0.5692126266590284 0.12689146093467019 0.8119153126481388 0.626813142866797
0.09754212471777679 0.34435485627958784 0.5783174609969662 0.4372198723975165 0.07414937743160899 0.5019184250447649 0.9248989525340142 0.5516713754190173 0.930802142193333 0.8351064699261583 0.104221260937437 0.6173303074842782 0.9202171117567981 0.10286802357671032 0.24326323049706344 0.4546765486062597 0.05185990981748878 0.9172547266372643 0.2468697500157745 0.41509016891840766 0.23727925733298216 0.6247982900052081 0.8614891368980817 0.9854950852634163 0.22243407098804724 0.4562354430296859 0.11178443198542432 0.7112814525569431 0.9614774992987583 0.7772372789120737 0.1561263909937297 0.14186247756848835 0.7998518353037539 0.5074242895235582 0.27132966731520347 0.6255163839621152 0.928202690811289 0.5543726220612895 0.04197319343536032 0.9509103923604991 0.4598369826623947 0.19873010232274302 0.1004931954885423 0.6883972090940715 0.20572403401406525 0.5638697966846394 0.41551307888739886 0.2613644681610996 0.17093651364423024 0.8634795345243256 0.5421232522805154 0.8685361749588584 0.8214821234629088 0.1315101334786396 0.41627504663500225 0.1071870159082301 0.6492666485345794 0.9147057609756071 0.34341090804015995 0.34691001593887705 0.49199514411744705 0.9724654930890382 0.6792241586621086 0.8276378210512135 0.0910165822183191 0.48160572560911796 0.39659535236656374 0.09143038268810977 0.3720475878540723 0.009589650059504629 0.340649245775304 0.6439513939398328 0.07291300296888814 0.5422631595628117 0.6149510595035997 0.2848314856800599 0.20396401263389297 0.5868884993192324 0.5149948215312777 0.05408437845883962 0.32611562010842754 0.7397276507252407 0.6856271235185393 0.4741990900705084 0.42800805028124 0.09726213608328849 0.20149792504685904 0.519607593943023 0.23963521477660643 0.38901953666765643 0.4621529983413677 0.5657565038462283 0.32445034794687966 0.7237152309730083 0.21325260796977696 0.3780237918620477 0.372329041745902 0.4999511517435362 0.5825124009920265 0.9974307083259646 0.1359251156559087 0.4097809607732793 0.9556266986893353 0.10826561992053785 0.2130493044412124 0.5958130965477052 0.1312164240295004 0.8540561066537877 0.7627009768517478 0.9817290325054946 0.11653211472774783 0.7233623913040814 0.8941137866186932 0.6866560750380415 0.011341996408646415 0.29359175154740424 0.12456167397647588 0.2823561785011499 0.4043076368238526 0.7109595980707838 0.8867674673257242 0.50440801803326 0.6878916132544384 0.20564830621021057 0.09700277904227816 0.8742099463597752 0.15097537299221253 0.370774076605655 0.5401931651763576 0.15130830063721856 0.08707027615957674 0.5264670836318015 0.4569446548951356 0.11535695748510966 0.2936796940199905 0.028949770576521372 0.980110604449399 0.6009624184053788 0.08879158085699168 0.6587458363895423 0.6024921732481325 0.033725089135233755 0.9102939894022772 0.5857778073132004 0.7024339783821154 0.404758570441377 0.37327846760147787 0.05824080657909547 0.5646947600338492 0.36546175151799976 0.292222481206042 0.6464836601454589 0.7960074013663959 0.3192668745471372 0.9953762930154181 0.8141916073396424 0.14115000409821554 0.01172441288592685 0.8966176996689126 0.6487997296108081 0.20436248415748648 0.4369922743700997 0.26785232476728793 0.8274205254584034 0.5924834905854821 0.7139875611805959 0.26678390944798336 0.25505060341010066 0.22486302728823238 0.561531400175176 0.7698904501094074 0.3764128980754303 0.05333921888974924 0.43809434969513006 0.873859343883281 0.9667079594725139 0.7493805440901019 0.00875249593401728 0.11892435042377536 0.20574595229870096 0.09361896932459224 0.07393165910495347 0.4383256252178931 0.41549453330656505 0.37594056601858217 0.14422706493164084 0.13199053504353297 0.9709484111001734 0.24566522137465785 0.5686748597920106 0.27792757151227243 0.6377058603354607 0.9846441830098316 0.3618891690201197 0.8814966738500839 0.6697211287303234 0.8425428050179582 0.5650785586237865 0.583684029744985 0.13437237142828162
0.7277882758309684 0.902519734654502 0.5716398658045089 0.7461398171026103 0.0156003872140279 0.20345019728925617 0.6366858083177414 0.18410855013143257 0.9162834083772406 0.7066053953637946 0.6688151462410932 0.1146238971849427 0.18503776381400916 0.060727347624288996 0.4488989206135757 0.8090528887467333 0.4410151467903839 0.2599124237767594 0.7870664162717629 0.7045691126823599 0.3337086441059719 0.11117467726319719 0.33309751820201117 0.02587461261497559 0.5698703351733715 0.5831769043879291 0.9439718684385012 0.028498881281707522 0.21155351708824288 0.8196034166618706 0.39099318763615876 0.9602537051147776 0.5741320385360887 0.9728270506403349 0.36173864587849824 0.09107161908641404 0.754272933286748 0.16587213694743352 0.056455903266910634 0.3885454422908059 0.7750279597617876 0.9938680527432701 0.2941742916746416 0.9554660484364097 0.7502926347882398 0.17349726001266785 0.9391632462720922 0.47479829689455944 0.539516919815047 0.48008831079228287 0.11021486661501922 0.0110773745172148 0.6034894908447649 0.37038898670918885 0.4228511807927179 0.989981021072534 0.08015320168957385 0.15909379334193474 0.9135838823277646 0.37486942393482925 0.1581200856946693 0.02034891412201001 0.10010295286475701 0.1814367802956094 0.22980646824193351 0.2795115560017565 0.11332356762926687 0.8590920231993714 0.845415589520212 0.6176910343399908 0.8761025152994585 0.315808053792922 0.16992522366336738 0.0963578381523913 0.8667723936874371 0.8163713162298295 0.5464605164277716 0.7268752405666783 0.16711297618340426 0.7112085741493027 0.8360294359381074 0.6325932898688851 0.7072232619262687 0.36670938594122693 0.9131182333270318 0.7520321270976544 0.9303778973310416 0.02797149664099996 0.757913126886325 0.9785695545099555 0.9421354990286279 0.42282760799358077 0.2570475238480767 0.6356634855218369 0.17494827732069784 0.5813241219096031 0.7537818194069844 0.3842388398322706 0.3765185915722712 0.5931344155045499 0.6051410639084076 0.21046083690767792 0.796116788005205 0.6110317133582369 0.7152055581879646 0.7343932751127062 0.4560107491852432 0.7768646006623736 0.3027210038845032 0.2038943951108284 0.07549323048815171 0.026011506959056407 0.5726996810471164 0.2824466134996445 0.5150794514264674 0.4802994541982356 0.9495134943496724 0.3251442205704036 0.0443395243624366 0.40016759810711977 0.6096937080958955 0.6860520461728723 0.0004600112632227038 0.15245289773889525 0.6375555298363136 0.6264700811799002 0.0389212417761341 0.7829693436019408 0.5519111144447381 0.04896885981461252 0.140025537156672 0.8195626228824652 0.15401659747443253 0.4192353375565637 0.8305146156031382 0.3397918552563407 0.6318331307404812 0.7649543366197633 0.10781590555792575 0.36627778710515535 0.7191265372787484 0.3352786140833075 0.8372417717808883 0.33804303521713974 0.4442792331212382 0.9297625988024262 0.6103986083680176 0.8477143134408045 0.9489262266139532 0.7840950346168233 0.23163080503736144 0.19308561869621543 0.32487325258899813 0.36660353544253654 0.4249283478401914 0.9657830338249507 0.3176544429622893 0.7654693267243913 0.6509181472943055 0.6210776746816241 0.4472735953103951 0.5461306712462919 0.07620425892377314 0.6731121385760088 0.9483830599152798 0.11888223553285648 0.1315457622623859 0.3387774270284529 0.05318443590859234 0.20947378205453082 0.14690298516052613 0.9928149817246099 0.8028940423370567 0.9996576379180383 0.9007084939435742 0.11328642964389235 0.1678880941348625 0.3492880262412039 0.22339868597680312 0.8938334984260061 0.6804652546372876 0.9003141570594241 0.03091832345113743 0.6429511533854295 0.04397797911904977 0.9245031127148622 0.23360171208148361 0.20504244749597544 0.2649722383684483 0.1867103618598116 0.9352889449414091 0.6677468336954705 0.8600442604946233 0.2731128143471936 0.7347499946401899 0.6682146379563952 0.07902335702123298 0.9537625909422803 0.9145569263397473 0.5243446527415774
0.23524783845986963 0.5505030789300044 0.9790708447612015 0.32319457257006734 0.8130738574951794 0.17454625125709078 0.7028528931163246 0.24490565190404723 0.010050191352401705 0.5699362056769203 0.708148699592702 0.8845075961727131 0.34899583749411445 0.9619778888360615 0.673865286806308 0.4976847114194419 0.2692315078290438 0.39390350497332094 0.8792412946522697 0.2904232077386919 0.5621695035467978 0.20627671711067297 0.6523423634914621 0.05275210793508189 0.7348200777569084 0.8847935430784797 0.5110947501023088 0.24172509436971035 0.3356190826566582 0.7930628758088741 0.8931259645307471 0.7636853471018179 0.2895714923018713 0.4561617431023963 0.13489730647792386 0.41873278664191493 0.7109062430333798 0.3340697522303744 0.24174898890082086 0.5295356581683295 0.14443697854802295 0.830184016789612 0.40190569946677024 0.22314053502444187 0.014663905624545892 0.16107274353573764 0.4624488391168523 0.658282386456758 0.3966124111021959 0.7030361543218886 0.23588263251366004 0.66589476891545 0.22775023213353474 0.8379459610339601 0.3633850387322721 0.7969566812424911 0.1294514111434647 0.33152868431362204 0.26449957894633713 0.4770532357748066 0.5852841357290236 0.4286550627681258 0.6371637883194162 0.02328018033783319 0.7731748921495687 0.41399611335686615 0.8641844041007006 0.16883601992000685 0.8806204785614518 0.36108692609762827 0.9372165000015878 0.4535835906566701 0.34125055039152097 0.9321944554155653 0.3407471230683401 0.8129751749098229 0.8463132160261633 0.7442926721635288 0.3480058915584111 0.43197930237895144 0.1396722755358205 0.9127377755484246 0.31949959968806496 0.7667191068251765 0.5005126608508843 0.6632027683098823 0.9561089365063048 0.4578641471538921 0.8902983863338683 0.0028466645855693695 0.6817265583476605 0.7813549280795122 0.6502519494609584 0.7052524007378485 0.2899088631735902 0.6047941205688943 0.6509179664945175 0.09774993010202193 0.6498191373464689 0.26641081333103267 0.40001856846832506 0.044668312623872386 0.29956832221215046 0.0010502371979580483 0.8720802268871068 0.07733227706455537 0.7350811155362297 0.9281652222706955 0.6694456792432905 0.22163995071661757 0.3800141803411493 0.6135309808439859 0.13222932688483258 0.20075453757861572 0.919344132889461 0.855085011177036 0.14314401875180105 0.44024551814845847 0.2714882039236133 0.8998072815011346 0.9759441276117047 0.045563900072001506 0.1590905430235211 0.9320097168837024 0.7495956610600967 0.5499447703287649 0.8202917108406824 0.018105136971969693 0.6237915407208119 0.9109291478267377 0.008523429193573073 0.3875848991255779 0.4372232548381769 0.9140141633072681 0.7826119714133467 0.681473439187128 0.8056003606578978 0.8724715862319495 0.9896494784150949 0.6040609058317161 0.8952401694135469 0.32096722473854544 0.37816362870413633 0.23862358230672986 0.13980341688715459 0.3390682800851633 0.003207780088213763 0.8896445294710583 0.2872209907862564 0.8268428570267525 0.7717130912381689 0.2890476560118663 0.05491411664810386 0.4019129908567938 0.7372040921653866 0.904372055363118 0.5026437001935757 0.5916252848204818 0.23995469483183762 0.8178020922374052 0.5702870393972638 0.22356188751799944 0.6753177409910502 0.5667749654753951 0.9116863213817636 0.022620549498480913 0.09696300094664179 0.40328468083483093 0.8995436405651313 0.034198709231294866 0.6482034743251347 0.7497706328902531 0.24777217148544162 0.8903911456630097 0.08796844763954148 0.5303441667932118 0.5110945621840535 0.7483591086046887 0.3633839965890301 0.40948647529795557 0.01759942253560709 0.4342752860760656 0.5223736331251868 0.630794535093598 0.8699006432048437 0.7753890746958463 0.2910148004026645 0.445488367055481 0.5097201770187355 0.23734726481948565 0.08268550083140636 0.012942733053395994 0.4209409219630421 0.7776078734021902 0.048474374012350774 0.4414108938535435 0.6780511499116852 0.5212553115772776 0.14853755871698104 0.026145261227034533
0.4529792037459882 0.29126701011185907 0.4334075229764893 0.0002111195422136447 0.06615850619640085 0.02588902057511111 0.7246828285798195 0.3559902379045904 0.7008875084530104 0.8927277286234381 0.5451472363532346 0.9873465683989208 0.5958049173671811 0.32372059092312944 0.8550063639533217 0.08660142260136872 0.6041292609212396 0.8938048697291966 0.6898480243975514 0.3092203538238766 0.7378759311206277 0.5684723065373901 0.7176505259349671 0.675034162776637 0.915443068116793 0.6552583479663422 0.30216118593470087 0.8317414264111725 0.8138156476230439 0.20376680974543848 0.7447207998394739 0.6562504032612204 0.7212004742008955 0.35789940713460033 0.525520646568141 0.9649405674437805 0.3180392193626781 0.7162077433748796 0.5042790937716206 0.3675345434020759 0.1578153542937063 0.48815087864188356 0.6857973758350882 0.3992774320857314 0.45066716626969583 0.9623760986526502 0.9162461928364832 0.24983815356981043 0.3875387221043065 0.30538043833158035 0.3445244700150929 0.022900294613660055 0.5888759524984651 0.3671659270176513 0.37192465396627084 0.2329049533186297 0.9602281761663016 0.3815861602923374 0.6665590101013957 0.7846154062134896 0.31036076751752717 0.891222826665702 0.8362811986449582 0.27264253624587265 0.2636471185199326 0.9731946896313592 0.4308921786169284 0.5197632702300975 0.001989944550592204 0.09205385583292847 0.3036284343475181 0.8357035061953513 0.57677592242122 0.6499115018173284 0.024314929745392955 0.707114048185471 0.757965130031473 0.22499572954627112 0.14899115373963134 0.631579390259563 0.12575915501280044 0.9323235220533476 0.38750326529355594 0.758068566262611 0.7825088380563205 0.8345624508155004 0.7267695420530546 0.47224249184720213 0.19628512472091209 0.26186798216603224 0.2094230701556783 0.5842089931801037 0.2835066824388216 0.25559944048593497 0.2679081484067334 0.6733416207610379 0.7735464254911408 0.35011425371743987 0.0014103636040143641 0.6140403088273256 0.12778322292750033 0.1172988544149206 0.28768336137460215 0.058719915836233594 0.20175819648033066 0.39638377019574667 0.706350202416476 0.16114658264183335 0.5663364834442389 0.5105402059543533 0.11614340024476555 0.23503644635444654 0.08752738839079055 0.39582104297015275 0.8575084677670792 0.344519531287375 0.6668461714293459 0.2875015986953704 0.74555575120787 0.003275778895667547 0.3457931965743163 0.1629107620173187 0.2782067841320178 0.2557490058668218 0.4691264145063643 0.3222962369788316 0.8693446075994414 0.5135764702437886 0.03765471638762785 0.5484197517581052 0.9120511089113302 0.3793086121378103 0.7684573309006077 0.07023953232341873 0.41023324243669823 0.7057799822646836 0.41015648186304365 0.5040193126427059 0.909620731797349 0.4860508845112952 0.7435771167610864 0.23593814080013642 0.9709858921618655 0.8967856712440704 0.369351907529354 0.495768391090054 0.6850067546027463 0.8273876402636552 0.4259116259182777 0.9259694891230388 0.9414544500203595 0.036173056705127715 0.2918480658706347 0.2974750902097294 0.33991074374905395 0.35990469597681984 0.6397807912930102 0.681973060027555 0.12464230058337633 0.8960390095753115 0.5230897291753275 0.6180352558738184 0.9442430034248831 0.46921309423280244 0.26485752449874334 0.4186211614194182 0.9107715596465642 0.23939040296743974 0.8993509890606536 0.5841819246447004 0.4711244767259083 0.12186970886256931 0.27982856773926135 0.608494096798348 0.6243148891680309 0.04158969175708904 0.8699750053593881 0.8647770977153938 0.11851355672784436 0.17898212657173163 0.6250986492795118 0.7360578869619376 0.7944615591316989 0.5459560213241565 0.886313268986244 0.8816476131785667 0.6711404811037605 0.6099620314976169 0.13425277294813143 0.9791830330558778 0.3406555667861745 0.6500305868246472 0.43393498857307833 0.8169136729078283 0.006371658133760172 0.0758841759764054 0.013196078754943219 0.42098707112120737 0.45931257150771465 0.47391809355405756
0.9175571732712137 0.05987472353543988 0.6410344073590917 0.5081764833854997 0.8756521418683761 0.39623453156856714 0.7207469333433911 0.16818781566087904 0.4048107384673302 0.28368601389829173 0.1402167454830816 0.8730794549953003 0.4103688004194853 0.331583903572947 0.38670333590687167 0.12567315827818348 0.3391364833739041 0.2871103473625106 0.39214115620333956 0.7886209091304911 0.19672432162301579 0.48100314682361267 0.8841926325146596 0.6822860129618563 0.026899579085012504 0.6565172509051937 0.8655939281921559 0.4593839799931121 0.7143417300053965 0.33238557388323575 0.06324307355344616 0.9506431473621773 0.08836181302105461 0.10972919663198699 0.9323104705986202 0.034810317978981375 0.9735977075067631 0.7788398091818899 0.8541326967110355 0.8999739654205946 0.8467034241348771 0.05342236952849022 0.3048572989317825 0.2748320195732519 0.9307072681788571 0.3663176868755177 0.0779493025243686 0.38377170236517777 0.6054061381437004 0.5148145441293132 0.9428393815267561 0.6651800641601595 0.8736189447950283 0.6621140980651345 0.6262830848706256 0.799018322120147 0.8246449370915581 0.5824836534389172 0.3773405652605559 0.15827785227666513 0.9384581079607481 0.9537114941611038 0.16611166075894312 0.8818999421906235 0.9581971770133688 0.7912289681248114 0.8706339225168573 0.13599844606898637 0.8747298063347082 0.2814265955069456 0.30663359729470097 0.17585134354109022 0.8277718618812179 0.5332614156434654 0.6298903795007251 0.981183635487693 0.6796934242410487 0.8881151320848071 0.7996289576399682 0.3592965597789226 0.3269737419957812 0.9621838536496999 0.25655562210993366 0.7982931059138415 0.5285324923225179 0.04321222787193557 0.8939049346973104 0.039085052424741806 0.13202456422029096 0.5746261931317487 0.4861559823570757 0.375914458426726 0.9298574115108377 0.8327306453866776 0.6539126753321342 0.9467201388346702 0.1821473099292651 0.12602847167334374 0.4617381346485465 0.6872735334376322 0.1952742387638221 0.08709623691075974 0.436568965260584 0.6905421790718849 0.26696368269860105 0.25710985571812794 0.637715993728438 0.3971986384029088 0.6438064957271826 0.0920215915698348 0.2585622978308286 0.11760265854454366 0.2069187210529606 0.49409276363338084 0.9375361307248083 0.7151669197960973 0.5307138652928489 0.4853404918471973 0.4390711205274843 0.6751396407444065 0.9765931599276566 0.36569999331866243 0.5023939586140269 0.3951473583797269 0.2500912590945169 0.40840129699608696 0.2371739686370945 0.9048452684948369 0.6629256259215239 0.5045948993923822 0.6246877050101817 0.8995263362728393 0.6213958837933353 0.2783052717184824 0.900740437863454 0.4317897911348135 0.6453522525155923 0.8676375156018312 0.11165181387584155 0.44575348509821433 0.9008146148752308 0.7128272960857258 0.9282461038133147 0.7730913682760443 0.26944683013634463 0.499955333823736 0.7540977245773012 0.3834123589747027 0.1841483046878628 0.8183331671604189 0.062015333038071385 0.4793469471900249 0.7715937431764194 0.6501309670233203 0.44513973577610055 0.02842728735837996 0.5331379432721348 0.494964180234856 0.08970072778608995 0.7780515844660346 0.04690420160196629 0.03822938133318532 0.8385945480436571 0.12570878634614324 0.7163137419269195 0.06605935931420681 0.6191535985673512 0.9006594616063385 0.6604641066488509 0.9091200208433514 0.8856851520201998 0.611263651650765 0.23645973954165356 0.1307130281854636 0.888662391372103 0.6743219490220497 0.9063056633215288 0.8173474865461632 0.5521656065437891 0.7075808453672209 0.8806276837500016 0.34385082818187696 0.40647247169764267 0.20827454765474585 0.136745151874748 0.16069518030719143 0.7015779592501991 0.9056545195352949 0.002669257811243164 0.13197289978450433 0.0249766616375674 0.935937664382292 0.5573805671353397 0.3208143941875984 0.2082131495216104 0.46925979926876993 0.7330637607761346 0.46582009419777637 0.8961894190947213 0.7582333172302572
0.513987484744476 0.22375945920472418 0.23413860430871547 0.5353143207156009 0.9129697373834688 0.8291861508849347 0.6356225685792414 0.1494654502678926 0.09456185326439437 0.1896347451678988 0.7603250248287016 0.3533800425872654 0.5605146343461985 0.3006470939129814 0.8229012930786103 0.08297045283836335 0.5179524094848367 0.4405421181679541 0.5524815391186135 0.5614755779097836 0.0948761960572807 0.7393912498173424 0.2764540046848605 0.4061106248664116 0.6415003281165029 0.23724422304808646 0.04831346390833491 0.7847586751719602 0.47767860368072923 0.5679452046248696 0.9672935592668468 0.9325990051692677 0.17018722678701104 0.7061540834045626 0.1260888912515884 0.10049105874190445 0.15881314379462952 0.02420295987896992 0.41403596517185537 0.7466945206852912 0.28325791453844806 0.7371021227110696 0.7643988878871569 0.5018775780009772 0.9616476798411553 0.03680392033824187 0.30098976532088684 0.6043423592747873 0.2929182598722616 0.23017683272133282 0.9851786445138891 0.28088721213104517 0.13576881516848338 0.8692352412532913 0.28568339302663537 0.15031255814514655 0.4808918739445448 0.5220603735735191 0.599507168032958 0.13392715750230755 0.7599208477662603 0.36027685152738953 0.4190402787188946 0.6947250795396485 0.8075672159497006 0.9376674130794455 0.0500022730543358 0.5700740532894055 0.5210334794571587 0.9691294657572355 0.482881736540557 0.5866021178610382 0.8249018774669414 0.42423695295305963 0.560370174749296 0.15684741404283087 0.18700732898545125 0.593140119248715 0.8241419403836497 0.3661115300168205 0.33765701667819403 0.9708332181396924 0.559916499955508 0.7601721350635777 0.002080024237674838 0.9552772763034962 0.7472680148403228 0.27678439444169456 0.35892844602061424 0.9592309824378425 0.5643845381352574 0.7732569997483547 0.9103154706631968 0.6146240435637433 0.05806458399267689 0.6144686764256923 0.5099320260613304 0.24599505952282574 0.8953164663500711 0.8829032851973718 0.17227179863543307 0.3549676211064292 0.5796449925669473 0.2510369734408061 0.5177438590132358 0.9516759782387277 0.888379553177298 0.3255383671485659 0.3306845764245979 0.7673714334332992 0.41456602398711695 0.48200142209227126 0.3447266699210497 0.9380281047738696 0.053948174461486254 0.7508750832358418 0.2205889821661795 0.6353081031826626 0.09535330633569372 0.3126932513661109 0.2952800990026606 0.9126922629466587 0.5883224181381311 0.6930007648000446 0.7450294741653475 0.3013385947792673 0.6584827887786138 0.8497728811730412 0.25943222307823155 0.9734081659560824 0.7828308580129262 0.46397875728880333 0.05207267884382383 0.891387795154948 0.21737022126907424 0.35787721899233615 0.8344109807408678 0.4406545842380071 0.31271531853106593 0.9707001487815704 0.997223754678428 0.8804335543712287 0.9744187860235344 0.9614651021470385 0.9620127882216045 0.3397137301445894 0.22278333038982778 0.6290535737260802 0.7826333871053348 0.919111246822897 0.40813590316045767 0.537539131021195 0.0625322664876029 0.055462481804438246 0.8605429259971122 0.29316265203495984 0.8549897646750849 0.3644438561573675 0.5652785549840986 0.1994403107337529 0.09881387362013161 0.9846764784922566 0.0017110266958549891 0.5433631572280896 0.4139158287639175 0.8102168963030592 0.7697376614578895 0.5040258815688938 0.6297993098945157 0.960243983670016 0.34257631211715134 0.9534077369414623 0.9231273804149362 0.7061726429161962 0.5119157616424737 0.48547251995283836 0.9075037110252686 0.7367261633437044 0.19179207003993248 0.28609184021135425 0.42021920850512573 0.3184372206982051 0.39031012904952966 0.7550183688498405 0.9263996802456949 0.5294287526818272 0.73276444649547 0.8704645236381975 0.015551530101937328 0.9586350653959617 0.5935279307845 0.6496751250729235 0.25512363611800093 0.08515182831000856 0.7209769078397019 0.4646515359449649 0.3789003686879676 0.8426976440486593 0.016258458064994263 0.15878662806231258
0.5070617919189322 0.9102984993249921 0.39953820322115674 0.010071817891957546 0.10985785983814411 0.9946272395148287 0.01163158530973818 0.9795758796570381 0.3372530892690626 0.3402431653422058 0.5133651129236201 0.9038933570711719 0.2673215652588047 0.24681124330155157 0.7093501586483439 0.7176120924608913 0.4768625094623399 0.4872355321904911 0.08395981733435731 0.3773527358797306 0.04520893219913247 0.510626587185994 0.8913973433100374 0.2820542246246317 0.11351303622565212 0.4544660912820455 0.4603555121176526 0.32699459348635074 0.02870034980690206 0.6902241272901739 0.7625202286821386 0.33242088526754454 0.6037132044224155 0.7552038587459362 0.5515068379120887 0.3869182371852423 0.32279901578122283 0.9533174262707639 0.9941152686256872 0.24831431848246954 0.2892132168699878 0.03527725510347213 0.8421501239240499 0.7288185824522557 0.036091475619508984 0.9846616947888525 0.6879693578833105 0.6200858621463201 0.7017053352821214 0.6305786938887397 0.6512661477363685 0.9651080101866637 0.3511781866378434 0.6735792513700535 0.5574366694330696 0.44433693024272236 0.00745307068694423 0.25609392756293836 0.6651232586146703 0.983749998793839 0.5602611844776254 0.4280025083250928 0.005991415605594019 0.26780771483909216 0.39551520603735835 0.37736559031496575 0.9788951205718802 0.38380251285201106 0.8081584332443513 0.8969076613584959 0.6309069470119045 0.7737576092465471 0.1076223428915315 0.009182199991212503 0.56794780409171 0.057919458507437516 0.04945980028111119 0.3292634022682136 0.05581434654400441 0.5310510360848877 0.28492622170337556 0.06664257506918625 0.5204263990905214 0.7016638171711328 0.9306901169193855 0.5234932479068684 0.026038832858398364 0.9000847728271433 0.23361232714985491 0.02204532849833374 0.34226096844786846 0.5153686208276596 0.267173196571839 0.4352358771474467 0.35165896428617216 0.9090427642530085 0.836814359084873 0.6161975954830727 0.39452244971869566 0.15542865025883068 0.2014697414473231 0.8383434632767355 0.7111256663682026 0.2654425597580703 0.7520745008469455 0.9744894441049777 0.03502274249361803 0.9476325432621532 0.0677615374869579 0.3584670181428722 0.4208740635287105 0.043474460012668636 0.1265766649569493 0.0191260415188218 0.5761507340988707 0.22565201656447798 0.4118379761596167 0.26842634195476744 0.20473570638865135 0.29300771776640144 0.35485379287682794 0.6010012236177122 0.8067544934539331 0.042553563809497374 0.7541425777978846 0.6675433801590391 0.8326481600598858 0.7945055796645116 0.8638313561047076 0.061538649227896536 0.21929958821820128 0.6554773947176784 0.048241949899173076 0.7535356630990792 0.8460323921730155 0.36373758668492173 0.3656879159245049 0.597303726473929 0.7597200615535594 0.03798715301865896 0.25405896609900125 0.4105288057076988 0.03962860967484694 0.25051371871704475 0.37922005714041906 0.16039970061691544 0.24796861458616226 0.03677860683913603 0.09584146062507348 0.9235655427161222 0.5895321156474513 0.21487585654086372 0.4814772087995862 0.48584336903349457 0.9389821460527424 0.6982559558218575 0.6481409246285195 0.44204939509735564 0.6425133614740302 0.16570181400544992 0.9627899367349918 0.15730172804559261 0.5207834874001144 0.31086842964331673 0.9465561526154168 0.5922173574915769 0.7728379932101005 0.6369841209627533 0.4981517152416387 0.944708715405638 0.9226989712036433 0.2193634573404437 0.7386833549164767 0.9668454049817921 0.8114941991879492 0.6875500988000767 0.3105874211710804 0.150609587746398 0.28900742626451037 0.04267779397720817 0.5454380478615479 0.5243971664988512 0.9808879336591072 0.2236582419842833 0.38756336159812765 0.6539823764405618 0.7462757972602543 0.8061804690298188 0.4912772748699741 0.4350568011817101 0.6965363636357668 0.1385204298132937 0.5037563152199415 0.08826241907958632 0.19739920194196547 0.9082869753806206 0.6700875368458951 0.5849225861266563 0.433770948065216 0.8035719829307427
0.10873455629004758 0.39132906495210396 0.936454214852595 0.9302089208591563 0.2892482246562278 0.8506717368633622 0.41880227480027343 0.298465171355748 0.9321523948342166 0.38068963716248394 0.4935076066304138 0.7304088699720165 0.4966458177671872 0.6886478558533964 0.24436067204805578 0.6589623362382654 0.9536631477684586 0.9770554745774833 0.19855825075587874 0.3709705833810859 0.6303038152371493 0.7161034095255686 0.5728791434994565 0.4039279050096142 0.3885690401248574 0.8620493682284487 0.23354369167513878 0.2222061305988664 0.23664144541796284 0.02236207515807498 0.4372640446832905 0.6611464196180483 0.9291497780009291 0.8040805722177117 0.34075353672296793 0.9695340036546485 0.6562791050161189 0.5937240958342098 0.9667181125482834 0.601466757729249 0.4870423751112072 0.2623344963780062 0.5489300842575929 0.3768666695719761 0.5764398674802497 0.02506200931732394 0.6294029016780552 0.857782271709471 0.3465864796829662 0.39577987039281903 0.7123963540282058 0.306059380401005 0.6445094353440338 0.6841445088746344 0.888401745665674 0.7141303480287314 0.6076209768073692 0.8795606930536141 0.959447873890149 0.5137990649587667 0.2616334973553688 0.9573683480123424 0.15471100519699843 0.1614703514639909 0.8789607218519757 0.8601351865700919 0.6171289546075663 0.14993042068749796 0.8357266111408076 0.507178654411943 0.19233435259073017 0.5442819217427739 0.9206988172493639 0.2961851721001634 0.09252944628717708 0.9193496078440152 0.33531105998487054 0.4115680692627339 0.9633420696244186 0.03320920136928185 0.4297329784579439 0.5067056152578368 0.5971812333235954 0.5678237077478361 0.2964176382247725 0.45130854199993986 0.38358239873205646 0.4983399645832851 0.898983009042861 0.679488678069698 0.8768787183558929 0.8528717473237519 0.8120690503692942 0.18206492955354903 0.45449835177663744 0.1938430078040687 0.2336034184738477 0.03616909413822367 0.9882172316285033 0.4706220789397447 0.9921270158857282 0.5093935450518737 0.3509177329739963 0.8643489038593023 0.42109204442474424 0.18469468018412138 0.48507555341607245 0.5448246075264116 0.6500730293155693 0.9895406255401356 0.5260448755232093 0.07486900154966636 0.9794546346620889 0.7917232526082996 0.5356603409021202 0.9435264796803162 0.5749025385136153 0.8552774612524533 0.48985398149753057 0.9355556641242286 0.2421778400347513 0.6159893729077613 0.6603673866871638 0.0074670923133843825 0.010901811786037552 0.15754801770485372 0.6003004990383667 0.7585453387664326 0.8053669235602844 0.9250309122352879 0.005407364674013815 0.39691371268564724 0.9773231498081917 0.04133347057482584 0.8517469599407603 0.9735345342865247 0.7981261980710225 0.3212196178383836 0.1018289004595685 0.26433051408948305 0.8018196465498413 0.9914766241108717 0.3079668924964406 0.6063616310947273 0.3881101025080713 0.18107036986443048 0.042279904839622406 0.3297123559850689 0.7044646244206326 0.06048007330301264 0.48915721911988563 0.5081815379900237 0.03568462070172129 0.17180452678952118 0.3936930146336842 0.9057001463257621 0.8837483274802441 0.9526903146503128 0.34263622304943275 0.4007829405192588 0.20073010231820965 0.7953234410489117 0.1607975480022117 0.4584899704144618 0.5575451737001246 0.9025523549597172 0.2740861017572426 0.8656875036386866 0.2349241612707611 0.8162358640126999 0.20101860829103313 0.06498468410181524 0.20243339757463064 0.0856833712713837 0.2643287829164711 0.6046138477458177 0.5995618393678053 0.8188317899395231 0.6939270738925825 0.8639991869890554 0.05696154166615153 0.6166208850691445 0.3179554368751121 0.8539345992498063 0.6116186947503385 0.2341030867966596 0.7849544218156724 0.31739836309444935 0.43172799727105415 0.4845903183995939 0.17640886944786704 0.07335243738465835 0.3400410008596072 0.7165326159419054 0.4559462747572419 0.35922167029675023 0.12898012958144933 0.6046135594689394 0.39563292726252053 0.08472606144635708
0.1081770816158123 0.6091788341514369 0.1070516403662306 0.14363923776567122 0.4701493683237883 0.34923689557329984 0.908162193022761 0.6565228583564567 0.5685756983601221 0.41514196363899325 0.11651397509751682 0.8111583279351651 0.9986005328501628 0.9273773575100359 0.04671231992518099 0.7099136924420505 0.6524380987934358 0.693569116962047 0.42509888509900307 0.5959879123695179 0.5210433519906231 0.1763447985684139 0.13907240602995985 0.8333229454147522 0.13241323672823413 0.5172011506449208 0.673163768354046 0.7161657193351 0.7139153658750176 0.03148012125587396 0.4099470331942172 0.34586616077853116 0.749849816237494 0.8834785860906834 0.9632277099249319 0.857962589438967 0.5737014770976383 0.9576802751071162 0.21551314951941325 0.13464530955157183 0.41766090739194517 0.8589904515252592 0.7454593195909031 0.6891542727990227 0.6845122594310374 0.5208968322942986 0.3255698426056012 0.11516112692914038 0.259985547498942 0.24781506948625998 0.48142503922025415 0.6567366379710502 0.7054120103114105 0.537511077376514 0.5584416181682489 0.3319517230129829 0.16193003902500647 0.6347192422146847 0.8227251970178683 0.359417303470827 0.3405737401880261 0.356343477006005 0.2571796961401698 0.31070960556744576 0.7821838587542713 0.0007973020437701539 0.2328850125826415 0.8930758372398677 0.5925028743621623 0.22805354599282457 0.3463821567268499 0.31535524717375873 0.9516511980420319 0.931273906581062 0.5011910867714717 0.7592412626198053 0.3107607449313513 0.40837970622054676 0.625750191295901 0.1965109701798714 0.8657715587095592 0.2545727474327151 0.7997506783567417 0.07323325524139368 0.4482808555190755 0.8932263735448904 0.6613496132522195 0.4219068838641252 0.1678943604666584 0.9394485148016868 0.5689221945826445 0.71841611754799 0.18720641412889805 0.2985620977862782 0.8071000611422479 0.6686989149180667 0.6260228752283002 0.30568431004306473 0.7161640479225818 0.03225952393321507 0.43757373714005676 0.8158508236230237 0.7465693259974334 0.8318356560839552 0.37314207448194625 0.6739488268735944 0.4283418026563054 0.2104176844560398 0.5729508997619369 0.001077186655893958 0.9811890734716914 0.03019259136946828 0.5991482917669398 0.5902852702036633 0.6398589153519442 0.5367711345884503 0.040890980250089526 0.8531157888534165 0.6781571521323713 0.769411417500932 0.5377514282035317 0.9009736479435727 0.8533929330696759 0.3414180440206994 0.6591800060995304 0.8756331247191774 0.07147397068466832 0.10230034293075296 0.7127116366375337 0.8402011030858216 0.712194652035281 0.6003255864653553 0.3584273035970661 0.7770294790336246 0.697679755537906 0.395558865041891 0.058697228824329706 0.15585556743986806 0.04033749339429882 0.730620883218033 0.4929235973227871 0.6719633657889351 0.2898748134281589 0.7293092175107712 0.9805098907931428 0.3391625497785963 0.9133650966172978 0.48886991841333616 0.21971478459244775 0.8041276935714584 0.11021312455236698 0.715855882621243 0.6458233695283402 0.032807097660098705 0.5143014331740328 0.5600876331609874 0.689077499500851 0.8740882330400193 0.5892773340538713 0.8394807565996012 0.5558832179205738 0.44275522809285983 0.5116865286196955 0.6497528335206252 0.6193968668575791 0.8740721796972846 0.0682375070541843 0.8971493366344987 0.7578375679338382 0.50174086105033 0.6071724865581126 0.24952887847606275 0.7359502535682402 0.18554932966692583 0.10442510208414035 0.7734309550370483 0.990704045741875 0.5457477849454598 0.15603218034328215 0.3906145978182143 0.9211477967451224 0.5477972604201111 0.258449549391341 0.23160716897189737 0.7973899820828269 0.5239097871829156 0.9316620874893832 0.02625062526979216 0.7051213374598917 0.4078275696138224 0.8082507249265689 0.7508225023961591 0.17447552195284688 0.4319551943773686 0.5228059801898736 0.19943577955808012 0.34346180064629905 0.006733409474162011 0.9133224873901462 0.27104763713196434
0.6439587240273849 0.6301635314370021 0.5146320949621526 0.5261904224154449 0.9326200417453471 0.6724201252951818 0.918600174913258 0.07549983893376788 0.7168446370893844 0.7901415922668752 0.08468523692464958 0.2464438722151543 0.351015651353319 0.8339997596967579 0.9641948034202665 0.8462480347655381 0.6980896409840573 0.3094865831411877 0.9018181197140799 0.8327930376985245 0.30064428698561063 0.5338536193669214 0.905614663134932 0.5136958219766787 0.8208528187491816 0.8909114171152508 0.6172469909321371 0.18496471150870397 0.6277780726766929 0.3318023586045735 0.188908295355248 0.5269599751340788 0.5115689063532287 0.032968115047880886 0.42157658027301603 0.22982821221287875 0.7294329830623224 0.6641175946814657 0.8859370761335161 0.3179337321117738 0.19633831761541665 0.2990726839686183 0.6481917435456196 0.8198368254517225 0.38578819325136116 0.16813649056770896 0.8118555537613592 0.7520108783101916 0.8834683515379029 0.9906766367414299 0.9902996297398193 0.35783246505781274 0.1458248105673675 0.5579195542384938 0.338228746931759 0.4566829717853186 0.6622388741664291 0.7531145832900544 0.7715921690890193 0.06711139910743125 0.3945293687747342 0.8380603678445842 0.6509939621659887 0.4446606111861665 0.5984938984452751 0.3771714926365938 0.3183662305735113 0.7954398927028021 0.7511212652481808 0.5333343866426618 0.2826253393931005 0.7853403933657372 0.845467050853102 0.4886823143534955 0.48543388841866253 0.5990326523157463 0.5582171095368447 0.2598061320863292 0.6257651737144385 0.6893713557470723 0.09950481293226132 0.38367239274524667 0.008046916622604261 0.40869114621364044 0.36227647095095183 0.02385733919153976 0.1883661640888057 0.5519894721926322 0.9543747570985123 0.15144587236482332 0.6238194342400949 0.42320818218326217 0.5365418366277335 0.7418019603754825 0.46682411439550153 0.3637084533143795 0.7911676644591381 0.5938488105347777 0.18031155823727718 0.8259615048490017 0.7797130538455269 0.6618789772817903 0.6636207988486171 0.2523798873484231 0.10411861152123036 0.8482109982751624 0.7837255922146279 0.04828213241720536 0.7371775387634882 0.04239354245626081 0.11259582419210779 0.5503762203437568 0.3729348917336096 0.9491981015718601 0.560600095687178 0.349484423672186 0.4546607497418832 0.7076634763398937 0.45151862564307677 0.9402998647623075 0.034764940709404946 0.3630356738459165 0.7627079202629977 0.19910896876916273 0.05625409450579821 0.8050097239211431 0.606125942459097 0.2539965083003741 0.401098723069067 0.26048468321511664 0.2033551989409721 0.5310503314910474 0.09629507599914233 0.5142631106848107 0.743307012954789 0.3368468271901288 0.8321715200995371 0.8880696326297669 0.639710927618112 0.5151408271883772 0.6138848162209661 0.16262622314927933 0.5213888390217265 0.5389716238527295 0.5731585806324505 0.19828958858134016 0.26412899901853604 0.06629165347206178 0.339269189171411 0.882474963701425 0.3383867026941708 0.39150943472185495 0.34423019451226955 0.44081528392504166 0.6941715168616327 0.9721983388523406 0.5291828562102675 0.35951839616790304 0.33778627738166345 0.808341228026809 0.5625702683338504 0.4037788003431425 0.9227790866698373 0.7551600497259544 0.22667546090228607 0.5260910167412222 0.1612052861877803 0.8643558327161897 0.949298452867444 0.15742292932551338 0.4754736820718426 0.8678923500853863 0.42851125926256395 0.4783410618964622 0.0005964265093338916 0.7994084677505384 0.99519860162257 0.7867930173464425 0.5922198109393053 0.6870053776308666 0.3071074658430145 0.44424625783619875 0.7056152003137086 0.8240727469685668 0.8879206973043594 0.9757151000546711 0.8862439650269349 0.7087158869379864 0.36056931134297077 0.5415544368651075 0.3543021606479668 0.04654041067667303 0.1098031556970005 0.6885277121939565 0.20507774804000145 0.36926675827474376 0.7918214325613946 0.7817872838083465 0.6457360420074637 0.5912399712651589
0.5330391268134989 0.2139404301956045 0.33236082222068886 0.5855629926689669 0.701733688656485 0.39464073745710115 0.885278197649605 0.7787667337784476 0.07107993755054243 0.7522461874338936 0.585274860966818 0.09347307609389433 0.49167241317473853 0.7954088170988979 0.030911711795197805 0.8887153813724458 0.7485786192528601 0.8569169785814545 0.5995897240591033 0.7323945880180903 0.7455816559772459 0.7691899389062109 0.9941009528387283 0.4683469356484443 0.6600911168469359 0.6659941357826247 0.25437041268460125 0.5276932621440389 0.8072676104914462 0.25892119737779473 0.7558275493183306 0.8272056863029065 0.04630974671427235 0.9173221067523928 0.8539587396879947 0.16621821098437062 0.8210164657278647 0.5612151527866959 0.5141410297817344 0.8987434889102128 0.9150974725603579 0.06946503567664153 0.2567586756049962 0.6707076692809912 0.8630189654919107 0.21069642394910015 0.30843292890182417 0.1246890232654958 0.26645279162780566 0.6279704927223839 0.8701922035699289 0.8448222768657878 0.7772516143227295 0.26525436582698303 0.027686429290136316 0.5486930748121657 0.11287239582933062 0.4627530208876909 0.6671731705036057 0.8665778252847431 0.6313536664928756 0.7406080399779196 0.6800899344046417 0.2548225298363124 0.11914276116822109 0.8986158808615947 0.6017719183701794 0.27790478292790777 0.6672886580460029 0.3510925145854127 0.16186568264314483 0.03795493364446312 0.27655430550710347 0.738806780914046 0.29468686977532976 0.6705180810595549 0.5558158179816627 0.9701080640854881 0.8953948181958389 0.2321369465031876 0.10498065956964231 0.07636230293549251 0.7912990216403548 0.05338331785215167 0.2979908502613615 0.5048220438170326 0.5130287625787625 0.8355429326081439 0.7515595377723362 0.7835047302512851 0.42222488893952637 0.2695847842449014 0.24015063052465724 0.7349158094205961 0.3959239882002249 0.2217965297424992 0.33180011804551623 0.29245956087673397 0.8863032565711807 0.9517014816932422 0.3476661828621773 0.36518167171822546 0.21843138649355986 0.2003409824856478 0.035587007137147686 0.135226890727143 0.7222978760961505 0.2160440734227307 0.25153950979193096 0.63460370702843 0.2848188739935894 0.912176933089252 0.4628968517437164 0.27112586778882164 0.9599242052411586 0.06569985879132767 0.7331389815281559 0.09307169897455436 0.4702677864751811 0.34680067050305097 0.7698241258823587 0.8159108256554805 0.39043569182309534 0.3055930938992163 0.2892412738125608 0.603625899212058 0.7167669541928371 0.40499982486448394 0.37573737143506325 0.7604172189999138 0.9426823210243747 0.13092221359925915 0.8713741942354049 0.2792431386397034 0.36744365895901165 0.8320163398754328 0.2540254680434626 0.9218554833330563 0.1771844614689877 0.5303532952046099 0.7542566563197967 0.07572687059435479 0.16818201983971726 0.6738680471586088 0.009500135692845024 0.0326768531190591 0.5939017256157479 0.48690429676955616 0.5903437441378925 0.39751014333014967 0.35699937005676974 0.10131612346605956 0.7771368885038429 0.1315985988963475 0.42053874431306915 0.24320708936544244 0.7580305617197057 0.3446889869929961 0.3538653136343004 0.4736691203709914 0.7045965780270351 0.5144628422157428 0.8913860645522885 0.6684515079284452 0.9701623430745403 0.1791655646566962 0.3534636525413728 0.5530630637552434 0.5861519671332174 0.4431452385306218 0.4344692877541384 0.5171873307347425 0.26089063619367014 0.164370775076925 0.8121082509941607 0.5367106073892146 0.732444290706368 0.6647437510712854 0.8611930063103407 0.15219097427544204 0.7347755435069607 0.6787675590721036 0.36327224538053715 0.8070463746771439 0.4967381532926599 0.9095690551751052 0.4512735189372794 0.8519481556338825 0.1896620254276683 0.5501656498818746 0.12227166301564762 0.891131295291016 0.7155307428380834 0.35934622973328967 0.24175078769851 0.5839582431342661 0.6434312503854948 0.14424028227530472 0.6574646314836644 0.3180975303264174
0.6920747676838149 0.34529532780262406 0.34582787371589685 0.07561049709346945 0.283828872603184 0.3059028521715049 0.03697542511664065 0.760821101056366 0.30707714627092253 0.17019123265432035 0.9904017373845291 0.6526629633258358 0.32087122265657975 0.006615272225476643 0.987287606110062 0.5397911116800839 0.03044590214574916 0.2424237514043931 0.5144053224003293 0.5557681143753919 0.961059457207508 0.648030655817699 0.9737292907202026 0.03742881391705355 0.8319617314578301 0.4291517826500526 0.453168213985933 0.41473427993352796 0.18769392686786812 0.7051501862816741 0.8348173016125151 0.7972680748026219 0.3153805220194694 0.4809421412162367 0.2350797586232145 0.5325991486688458 0.5900050164503382 0.8212791432777443 0.7781382751613996 0.7437607788930226 0.7930762892765241 0.05636215483272089 0.004399191458177354 0.45450455320331273 0.13895230129251235 0.8244925603315308 0.16594520488516962 0.3062435404741922 0.4528405135429924 0.16324666248260833 0.0657719772072427 0.9922748653903677 0.14504116677363688 0.2258549045439976 0.14147917300766766 0.5103420553016361 0.9263407262506703 0.030785252849452327 0.25107438381986125 0.23172591092846928 0.25615436698483085 0.2136973826440034 0.7943604150057487 0.601159687347463 0.5311963465887881 0.08259617346421078 0.4748943236992287 0.7520037112267086 0.38598244696077566 0.00575385752982327 0.7239171072922174 0.44702804258274575 0.0398026360512721 0.04991324249493301 0.7647072126664387 0.88920758910866 0.9793155091683721 0.4011582547299938 0.4563688913995737 0.6620739780435453 0.4981780511753875 0.30181824208698627 0.1097331737337165 0.16413306770799752 0.39393443560535446 0.5009715541403965 0.9123649259181923 0.17704197542797395 0.8204721201207894 0.2522199506539262 0.3030889413111848 0.249243907496848 0.1040408816527878 0.8210465130961941 0.5422460053831133 0.8122476737416171 0.5908994889265069 0.8340446023290126 0.9726140791560389 0.48479140840690493 0.9183825621598223 0.7325392193499928 0.3794683148948583 0.4741410640232372 0.4969864893807443 0.8274967163920299 0.6032556935258826 0.44488443458948534 0.9132706725413067 0.6371422800843547 0.8296317391496233 0.7816255320743541 0.3337115880033069 0.31923354677827454 0.15360043114909094 0.7546970792380793 0.6407690841805617 0.4333903124365486 0.32758917594549564 0.08043302657501761 0.2620868513300463 0.012305623491611462 0.27566747650659607 0.6974910201451229 0.5225812458665487 0.9836174836620135 0.15656688104362815 0.28488899652398303 0.821092159627389 0.5573506400915028 0.6773122878606139 0.7056043827296574 0.14647028697470943 0.7464082069134429 0.562297756003516 0.9828941140298127 0.09488902060356674 0.541952559977977 0.8850488832518393 0.3282104100280141 0.8524338390240784 0.5148679048005148 0.9661074058282465 0.19421874055705024 0.253148168911398 0.25466570890553886 0.7620096900092672 0.9054214811394771 0.677228695317311 0.4894921375048783 0.9377125172172424 0.7505620190178501 0.49872217544572084 0.8100362420697333 0.13095030379369998 0.9079528434749556 0.654535759659522 0.6260601191217829 0.15779617503058951 0.6906443686812002 0.02366978764899874 0.09648414335819144 0.5129074842267033 0.10075834935255423 0.7026267825360862 0.31256841757164155 0.9657581322597167 0.2808521723709331 0.18302962135471612 0.5375153727163331 0.5329800437545269 0.5658934799202541 0.5444292556496292 0.5376372091064547 0.912589585163254 0.5577463096370694 0.3203266230214228 0.9052500852827468 0.4389594453393597 0.8602509964244528 0.8634391657771111 0.9617113184319842 0.04945058133106106 0.7421652284421804 0.30864016491988344 0.5385506243403003 0.7268613830106412 0.40247215360813926 0.5744912748089505 0.6017073924596499 0.7394410508085891 0.4010139564377443 0.1801150535014182 0.07965724965855048 0.9976430630839233 0.24367041970340098 0.8514076686654692 0.09710814612209973 0.5811781912232178 0.28128484237370943
0.7839832032590774 0.6596030399158078 0.29727420922406567 0.6900510213977709 0.9484885076197086 0.9482503437350677 0.36796629539960846 0.09234671313864007 0.869705526161429 0.05732645943985937 0.6249518946063986 0.43062218450299106 0.9181876859195321 0.4048971492735767 0.053605840079195 0.009250590588421148 0.7107206111726888 0.28686255538599015 0.040123799166143725 0.1653500674393199 0.9150342018077945 0.51033225076272 0.7901925827251893 0.6674712707118775 0.22757695017410717 0.27183559145884617 0.12249453426257473 0.9136592908429993 0.8054750290816873 0.9630861585821748 0.6938038724772528 0.2579696389802473 0.4289483028441854 0.6668189893972957 0.7812283547348386 0.713076252966809 0.3921268216433563 0.98968369334118 0.6871569900046747 0.2853977188950203 0.5721300467957326 0.8605926005286898 0.45386194706597194 0.24397703488117684 0.4123276180435892 0.7966697819753512 0.7324359018926763 0.6179454106899799 0.292992121899201 0.2871451738520129 0.32069164969617536 0.8136737308016271 0.6073703782956459 0.5109883253144036 0.43173954642429846 0.970666009533046 0.2623322349697257 0.7101645718599959 0.04698094456893431 0.21347607126448087 0.8382234188571911 0.1501009116319002 0.6101449575584852 0.01782937680754615 0.5776146634001218 0.8776459592919559 0.2547843035588161 0.8771180862871861 0.22352145838998816 0.9050158235164724 0.6773564015081595 0.7158344384194939 0.8627519387820406 0.8903863324395136 0.6201506592671361 0.0658254679615059 0.4412824602272226 0.8478093120549963 0.36596729628197033 0.7881899512437098 0.5580030275271356 0.1691306501577009 0.7371951166872323 0.04637805158503305 0.9705531477455039 0.5805615789694699 0.5323602189238241 0.25666271900672677 0.7623436758441817 0.1452004643486261 0.7044933468613588 0.02924014206905723 0.8030972820514211 0.7307895049974057 0.13983889851001874 0.9984616054744981 0.49348520681273667 0.3353125188373155 0.743753060193269 0.3854533281717504 0.8265695615978434 0.5977949536102228 0.6661818080636138 0.7928533093076295 0.13937140747209853 0.7078009934115956 0.6734741307635165 0.5962734708825288 0.8983674792027484 0.9966764492905011 0.6346770070576211 0.6553609695997049 0.07737464693379181 0.7444424459109953 0.34932811808305253 0.9162713206323562 0.43767327806762757 0.13513608066667693 0.3540240315970078 0.5504757090547292 0.16280230172518662 0.1917299675896319 0.1860444135556253 0.7845442080170848 0.4622077223830139 0.004650437949381803 0.42575279115798736 0.13156256008010747 0.8662402331979742 0.10492433032815385 0.9878140837500472 0.33527738276723573 0.39292874866786587 0.9117757490791213 0.08694453929669899 0.5475342500813313 0.7445291801207494 0.534018618358452 0.9016030323497177 0.10124404934471076 0.5075595941432955 0.08804183993236647 0.6751069743222298 0.5714675826086406 0.225888897598025 0.3283703783449049 0.6063701569851749 0.5668221856485769 0.5639808710654801 0.8147514783115068 0.07033227452058888 0.3432354807481365 0.06338820984769467 0.28912808221243613 0.6236645108054728 0.39300719296268216 0.8276044417377965 0.4138935565618027 0.0874127640744482 0.9408668784559352 0.3132795428612237 0.17530563762139484 0.7347825483862531 0.7519067761527626 0.8152712065969003 0.850793858108559 0.028504380263838502 0.2667969261149796 0.2960098511663315 0.8997022636198775 0.8908837135088359 0.7875703456686478 0.6455466063174503 0.2615936606679975 0.5962838048537478 0.6334315621596079 0.16493003182859656 0.24855571075205962 0.32843140553733396 0.9671519110237862 0.45481463182103976 0.07683879292987472 0.4323489331566287 0.6072749837546976 0.04544200122204134 0.2677542871498867 0.4984053970017963 0.7074897597571653 0.5728103271565318 0.8043380076187977 0.7339430314402979 0.3262501413068789 0.971388358919044 0.2763927586809126 0.6520844170856832 0.006343707388652087 0.5639516305486753 0.46214002997497117 0.07958398449440951 0.17578549409828026
0.5711568654534084 0.20714172413465892 0.0797491638321054 0.007546866345979453 0.7774541536417123 0.6865196321709383 0.8744771905885291 0.14410557080811282 0.7609632603906175 0.8166127752187664 0.4559427846621851 0.5789862345528688 0.6872620435932529 0.7322303262857421 0.9059578184888913 0.4496138160953431 0.10830689281549122 0.7613850784058293 0.2603351679060302 0.10056639914731724 0.7735995930347661 0.8055106689439007 0.31732350119460373 0.3854467672080104 0.695787004539938 0.6979742493472275 0.7175973842778954 0.6847185237682233 0.7136571345136922 0.5185117889022786 0.07929303180692038 0.07561496400704626 0.4004016235719555 0.9250651305169203 0.9959299912502488 0.5841380578692501 0.5692738181661372 0.3292624430819764 0.6337401358352952 0.08697267666054098 0.9284982226064256 0.18050237389370327 0.3312144788821212 0.6097610806244866 0.008784394360648706 0.7755305090471594 0.14283503201451364 0.3773268428187875 0.07022329841255981 0.824112069932303 0.7779657144394823 0.5450445746553323 0.4627442972613096 0.8127071775224596 0.7810163882448508 0.5078804027761437 0.5037642221581373 0.3884749090274451 0.3444710506692038 0.2650349804735016 0.7018212708492203 0.40464923649601625 0.7974149121719984 0.7014765761595869 0.2648439112297081 0.9927898599925884 0.28644744850084836 0.1452917752060875 0.804975226065959 0.4042398848790425 0.6081966038174915 0.29300377915481257 0.5939626403082293 0.19524218148438066 0.6525029689497132 0.7005430096275304 0.9791914519904921 0.9692719197795198 0.07055356339120722 0.8612959972821604 0.9290468075014153 0.874868677076793 0.5595101140713195 0.42822841338427853 0.7882313822998294 0.3823880449108654 0.6752647366368626 0.14774145293044938 0.7329219819588109 0.8034754034515963 0.061596646914548914 0.034476540148052015 0.024540875659402994 0.09838913647695902 0.059473083962589435 0.1535486981153572 0.6812375162444066 0.7810067757584697 0.21669854883534412 0.00161000874112871 0.6043063318381352 0.7499698324548817 0.9014642152472518 0.42293411306532147 0.8422559785548883 0.1633870862358272 0.6912037181691346 0.9231318291167608 0.7853558617174943 0.1674163166081224 0.9624565405954566 0.9463485409501566 0.016879539841025304 0.7043445049426115 0.810557201186633 0.67644657388332 0.9322799512010315 0.7840792807222947 0.14180675695267342 0.8869278402458839 0.12793119081903304 0.6902951270395357 0.6247108405577835 0.29476006241189967 0.06979361791680372 0.7721909367349619 0.15331859376580304 0.8707622698707659 0.8466013520676742 0.8494611666593866 0.27474450648406046 0.023985830578424405 0.41878261605020783 0.3168731637395006 0.09960569429098487 0.9145389841095894 0.7158014911811617 0.936338284471487 0.516614632847123 0.0019412224964918678 0.31250557979066396 0.44452044713763117 0.6767529186711297 0.5683927485100922 0.9046716199901575 0.09467667539189295 0.7088163378785561 0.07791994383330492 0.33395991948143167 0.5836472399838818 0.00329645020157443 0.009409274474229012 0.9800842473554257 0.48793482857877357 0.5110424993168701 0.4991265408376704 0.7366254154150863 0.8511522803498202 0.4667493853170255 0.8516641453391021 0.8999986272012512 0.565421472295861 0.6705503017439036 0.9389808310237083 0.09411578815918664 0.31338723854966455 0.3566913295385432 0.34133449849158903 0.8606867134784018 0.34854946973908274 0.21024640348574275 0.7735796512113916 0.5264281641000396 0.5585565417216838 0.2551511186327605 0.20277678772645602 0.3335440824128254 0.6037159244485402 0.8926485506010038 0.21323676342882802 0.29937592803395496 0.6862383955049152 0.4876639144118212 0.4328691785825006 0.970138308329084 0.39155615702359836 0.3189996615462264 0.6427768930596969 0.32040724444955937 0.09450768083275884 0.31114503386002557 0.2175618727447316 0.432990389933432 0.7993760201725778 0.9999160461385609 0.6740003312653091 0.14410458029606765 0.5596150313368701 0.16988244264111918 0.5936590520929605
0.7307666911969662 0.01799676228152447 0.5702129885897987 0.8241637847685963 0.45954798663110985 0.6041516991539353 0.6947394915939457 0.5087860127112259 0.4423727680342514 0.4561240771772842 0.9730690891652567 0.7947011202155333 0.2682639031025499 0.5919665828839176 0.9920273846938058 0.8581000697312642 0.7370303854207885 0.5525077521649709 0.20856055120281403 0.21703638175711548 0.5877033532811794 0.807783333673869 0.0003861428862766969 0.18532149856881142 0.5927761715320443 0.8828006527144642 0.28228028832165786 0.7068611792236169 0.8616789718587091 0.45524831143561484 0.6397617155923172 0.422742956965688 0.4976314742122343 0.7157137349160265 0.3919862199576626 0.577839481298482 0.7966907711766362 0.7820420744978108 0.8163655546280976 0.10883731257549234 0.9346569198064011 0.6782166991346165 0.17886430510249274 0.05535063698110698 0.5145640203983038 0.7355718113990704 0.9222891853434799 0.7429218162941377 0.9342845625716328 0.38983422393457934 0.015044353125724164 0.9242046824310283 0.4061527644407025 0.0795315886552358 0.09259785048751046 0.4318535764646768 0.931543428557516 0.9136729083305327 0.1971550620405621 0.9276501499589968 0.1859279367471084 0.5390558455182347 0.7669872399140907 0.30537499906217125 0.6639257215503569 0.4042613387172488 0.8908913618586246 0.2868033462063502 0.4709717315256623 0.7902799210073393 0.0561342606248737 0.6209544356621978 0.7170616203124411 0.7832409260211995 0.9305647481129438 0.7546239239172089 0.3582769590567788 0.018441196969359974 0.8081469881365684 0.42274570665914546 0.841873014609533 0.6684787918625279 0.9268606433126989 0.9529442430394351 0.3728314907905249 0.05234236084832811 0.9382374995906245 0.9639147282352712 0.5795578853395559 0.7265325248372723 0.6046319219109325 0.29796526539678814 0.6744523790635999 0.12028348468608929 0.605306996113556 0.2381374264784255 0.7222472868308715 0.41546397854477746 0.19633912886165616 0.3941094996656572 0.7952703146353596 0.9428178993435878 0.7249168434965141 0.31253974385012007 0.24668728634708237 0.15703268187805797 0.32694206207641996 0.2553230417764937 0.05699908348285221 0.6331596237224415 0.4735681748427669 0.7813608547107789 0.1654089540736261 0.4391723610973265 0.6339242994891152 0.7291003482826313 0.9990056948485077 0.058134986863324745 0.6959577523816869 0.19943276900193985 0.51178400546394 0.6705250893101796 0.6715638064869554 0.03413735947695584 0.9104343988059562 0.22390239706463866 0.900195037394138 0.21871734836207357 0.22048757970472077 0.7293118166637833 0.5283546427270627 0.48028151894576565 0.5116761922912414 0.8826573671998035 0.9464401242185062 0.8128938793923778 0.035130337700570835 0.43381042342620335 0.42275830393880354 0.4635378394264441 0.5461328150674963 0.864312052249134 0.564744097154758 0.7817414774520328 0.6215541674378752 0.42377682341716527 0.38170461031954406 0.23779231841768644 0.44734995497594754 0.8616810014995057 0.6427081980972432 0.4858432178269452 0.9768401939989736 0.5240417497717594 0.9044931458796275 0.0936423073501712 0.9787274058320856 0.12079318340891443 0.8541137365462166 0.03492716785631578 0.15065542718314962 0.6943177975785652 0.3218982657000281 0.7222864265004201 0.3794042602855646 0.6779351160205884 0.3632076583792677 0.01819229782170384 0.2071174791080067 0.9862732090175095 0.10717202768562195 0.8661142617619562 0.9388927451259349 0.7815101184714622 0.4028078772510364 0.3542847740830738 0.6869130419909656 0.671757381376389 0.961424146940699 0.8203277181489984 0.021615857354411627 0.787524281440431 0.7854570379219772 0.16500129622916482 0.48634317743896227 0.7679053406937273 0.30033151107359524 0.6748886438895765 0.3904933087725503 0.039421019091709364 0.8423413404168322 0.3787001415306521 0.09253392471268373 0.7647881890049617 0.09848316963654047 0.8659749171718576 0.3646912801257446 0.9396642814633183 0.24738207803149648 0.2377507026438015
0.2348776662901293 0.28264517980723713 0.49245748844517334 0.7740189107264496 0.7298166811375362 0.10008415393865389 0.8635393328980359 0.061144899421476495 0.42438096872165165 0.8393098711033474 0.4437763827475344 0.7604300655484855 0.40364955622041254 0.512116120988694 0.39979993703621663 0.04893063254539132 0.3424131524329127 0.2505877572893477 0.887433053658483 0.9119778363699409 0.0790063407074083 0.822780335015821 0.8210616686416251 0.9711297616489541 0.5979744601685613 0.07677709806848432 0.1411156955106324 0.2199284140035065 0.32982770076939094 0.11622648631337962 0.6621392340486392 0.3781229562108651 0.6178629797103082 0.571236144758525 0.9501957426024673 0.8040268882275937 0.03565601892902126 0.18734617898085437 0.8500253632712466 0.7810769388200858 0.9630757156356529 0.9104296474304214 0.0626952851424547 0.36649869225906706 0.9576717907811664 0.35575369943079105 0.21185135462536986 0.10236411573917137 0.48650463708224123 0.6850854405102162 0.8279439953830229 0.9710431498130411 0.44874499819398594 0.3637283403681236 0.4243237123581647 0.24861357214305413 0.43177118777520873 0.7114952781307897 0.07357693020199463 0.9968585997830319 0.822459113599612 0.06094384602862146 0.5006636621176537 0.8471182239509681 0.4377012018111519 0.5133679679264832 0.9617067854401238 0.6145994849716325 0.841310559660657 0.13146518845126443 0.12421911185762557 0.6632134021996281 0.3373698448479372 0.3228793256031093 0.6682195248751827 0.11885232184148398 0.5525864944208274 0.3359824840716611 0.5306784376530951 0.05328979689867264 0.6824423154666245 0.13121157551360696 0.7031555480105286 0.6863343571195945 0.9930456449483664 0.14836151817950416 0.9945050800005407 0.06250563924425878 0.7403761592103286 0.21862448946420865 0.5550438327539077 0.42582836578647876 0.8080149523694173 0.4793060912113626 0.5705281712753796 0.757938239300239 0.9025313875166084 0.6950527895213542 0.20612817144574647 0.43805054427968637 0.3657840129488721 0.9822120321560727 0.4330941025215288 0.6855457030967045 0.851992819742375 0.6925056892470436 0.5810764427464364 0.7522460404137515 0.9103282081492068 0.961307631289526 0.8511925142041412 0.24359619152205592 0.5989511345240658 0.4048352331896409 0.51674703733809 0.528805760378876 0.6960577530631475 0.30200714046888366 0.4058748150763428 0.11264437483772449 0.42390290478035497 0.5469793071658322 0.6440118791488079 0.9074628276647336 0.8630696414438715 0.33194624890533486 0.4547929347019156 0.8309769978136925 0.33272428467196535 0.7157496935620438 0.5854638003712391 0.22542115459050394 0.5798784089818286 0.03895101534628975 0.41637014238388437 0.7546112776069379 0.5830171968118416 0.13788874052291633 0.37615717361367496 0.6503614654446612 0.4472014868100235 0.9359217794085688 0.5140328028822381 0.8200929666419109 0.4401244089833657 0.060613075293082685 0.03158113579635191 0.39300870030686685 0.4122510916293308 0.7825661380591179 0.5185183090034017 0.6279989862494499 0.15672501023275864 0.9449942652566706 0.05091831688601611 0.3009447915916029 0.12370806743264273 0.8379753138745065 0.16255867666146728 0.9537078298430381 0.6583872925922833 0.8901009865995408 0.23251688261034897 0.385956366827628 0.8947889981816131 0.5033032733868553 0.6747119636330553 0.09954841128894709 0.9097951368508282 0.5760433376397829 0.8053124104543624 0.8770289364782005 0.013302638260123123 0.05969437431626168 0.4100019882520096 0.6596587814653404 0.6108314734476181 0.5575867568008781 0.18435177827229254 0.4645639620676336 0.16907625107708968 0.8302949905530663 0.07333759411751273 0.8788666135251894 0.12522410705577547 0.3341175467607552 0.09943188442495543 0.646961915440808 0.4388478342860358 0.7603544731579563 0.13661221613439134 0.28851572111503077 0.5112535001035922 0.9733197613433128 0.9758780805729615 0.011139818276808322 0.7279244334586473 0.5322540196470202 0.30246165788589263 0.1771892388495634
0.240832384629717 0.03480055554369721 0.129252001351982 0.8052845824711448 0.5341778200715923 0.1693994596072942 0.06700936300723392 0.25497843844929313 0.6950504500721526 0.409187677612909 0.025876184222139997 0.7223692429967282 0.6201204241298356 0.2899761555946734 0.06391114965440214 0.7392199268330102 0.8578818761655179 0.3146978523953383 0.2475869853510828 0.3866481092415994 0.9312791021507194 0.9144923503002027 0.297976730657904 0.15997313329200014 0.7801935142623222 0.16871577465945553 0.7725050061085889 0.5430233148018243 0.6556913659136308 0.08704874917584615 0.1518094808575794 0.5510762558187368 0.46047075416657457 0.7519044231709482 0.17676867930785822 0.49022612118985776 0.8543562872578699 0.8461880415731073 0.10754134107332758 0.6468686753612479 0.6035200851512909 0.37402418440769103 0.8382093562241199 0.2563568377421904 0.9876594719233244 0.7370762140135393 0.8919729200218343 0.6047389973025804 0.3327828746292645 0.8317154444432169 0.2660930138421298 0.7806446156862766 0.16829233595741988 0.5705404914657377 0.9873260890795963 0.6335537443669618 0.06982937679754386 0.4764726833844193 0.7666824746735952 0.12353659966645747 0.27277891806748067 0.0657823580906588 0.47441001890840695 0.7682975601678356 0.0406780721505452 0.5477193510414654 0.7370282100698191 0.4208777421813943 0.38689041995591866 0.05962350804362471 0.7920363691846495 0.9793731256074395 0.5956580101460645 0.48980721127745575 0.94681097869396 0.221024162519049 0.4670909203411231 0.5968252001297624 0.7563486809698242 0.19783901978095075 0.07567010202167412 0.08053188273441814 0.15692024182011044 0.7524987305694565 0.012572664369669306 0.5808619320225178 0.9870123838699185 0.37386134219736145 0.7941462528156695 0.626114644597675 0.47533361759983506 0.1514028477730308 0.8157471975518852 0.6384776174945357 0.37946846780083154 0.35093938578466854 0.6725405413021736 0.7337213316101815 0.9700236371101137 0.939582091844377 0.34268078738703023 0.7134451900055743 0.5822792479916176 0.3289827669989096 0.809421601085576 0.14631267532834025 0.7558786885289679 0.8352032715016249 0.3258905816140657 0.3188397700066665 0.2011328615224286 0.0987890792708076 0.6316117614165261 0.6640145943414636 0.5490897326239083 0.9186174337388431 0.5600958401986378 0.5841579578769528 0.3489708845341539 0.4239781578357208 0.7205339193807951 0.9907303184790546 0.958008226116464 0.09090549206504939 0.24962790532274548 0.17157142871728914 0.1187106323405549 0.3624344751360137 0.6245962958981619 0.922584847082434 0.1797994005238387 0.3525246602525418 0.10459283585648749 0.5943223201151091 0.18300120545125942 0.18084290795554991 0.9184178656682109 0.011551441094031611 0.45555759055111145 0.4805913992352846 0.03367351462923762 0.5135361033484817 0.7501556916892524 0.6795007889626887 0.5524851130864834 0.179610009033788 0.7736470752948936 0.6797967953036888 0.48733456087386184 0.3035642986766479 0.6960551737729685 0.4203716199466262 0.15380058375139272 0.890767195827238 0.5509875590643711 0.3707841309660155 0.30371117088692035 0.9650578745534318 0.1962088402974116 0.17223229748620472 0.5678476055093905 0.19748409593614102 0.43856814215161677 0.3627152267107816 0.981025703694018 0.18365728331169084 0.5431712061765113 0.39125020591898607 0.5560185947048387 0.28492176516070855 0.3158846368708751 0.2588493861715905 0.3537432264288667 0.5305071576019298 0.8945007157997481 0.5280165133481098 0.14683736164836259 0.14000399112509454 0.547552124636267 0.09533140694150344 0.5088034757849506 0.6538689337328978 0.8372066135278101 0.7628005534671283 0.7540873703503751 0.7916074109321322 0.6226527221571975 0.3308154011946629 0.14400570338828744 0.6424833576767678 0.23376416711878012 0.9441649834319655 0.2772441857329243 0.5633814300940366 0.47398541842717856 0.5897356734162763 0.006741190041296141 0.7956468532816799 0.6202571716449236 0.8785203340120162
0.8173608560862434 0.40370347297458886 0.5681852955349114 0.5880254945070081 0.43116674841861047 0.9903170522364758 0.47278739598993824 0.8272325548478356 0.5214754031600592 0.7759411859187282 0.35247879237340063 0.9950716656756742 0.2651764215565765 0.5757250579531799 0.938514769626175 0.013348040253390203 0.7341872515439163 0.8312758411162419 0.3436306886929106 0.49377296498689716 0.6225783748602541 0.43873243097513404 0.3801553284403908 0.7418897685571554 0.6582875493892537 0.42344910309746475 0.17412211862672555 0.6998768649589389 0.5228294153510826 0.743951494993874 0.600827079969396 0.7742672508196846 0.43574839967398604 0.28127090642106733 0.998833729264865 0.7273353307260961 0.06113230489487498 0.10202371915786657 0.3038794856751248 0.9653503812718808 0.8155527580799063 0.4538453078669442 0.2847222827014716 0.6111113081572951 0.59534225603625 0.7412404040968121 0.7844309008138777 0.08667233218428039 0.2611168295830728 0.9666768918192788 0.71759641073078 0.47270299758486345 0.23592638061226967 0.616304723760505 0.8330829192275124 0.08176756975125798 0.6158139096266536 0.1692233386460087 0.7696917601506205 0.3074893215303396 0.7141790792193552 0.9529853209464564 0.28218523724478195 0.5417085179333617 0.3811052912078585 0.1964771180233953 0.35949331976145404 0.6380085428185952 0.9852435929300482 0.6752269457590179 0.03244195615291323 0.46932462295216826 0.3837042934335936 0.9899159774091773 0.5568365765235669 0.33651282986477804 0.7371112680345638 0.6672180134125039 0.9635230125471131 0.6356840228630781 0.21125215734803227 0.8239039666246727 0.8149656219306245 0.4371563805904589 0.1901150808580664 0.8858391167208819 0.20798253322771842 0.8776811025594863 0.30200830410659163 0.38272746254187484 0.2870890408117468 0.08712572257834184 0.36020778395844655 0.4162172876863274 0.16402991456643046 0.7392908171276324 0.9633692893610335 0.17918789192856588 0.23721697047136125 0.4275466649619425 0.09029736207996819 0.7799539389286764 0.5629445167429483 0.8068658113469556 0.17026849774551733 0.013940559273274755 0.8236752528810418 0.616806803920196 0.6061452027067814 0.610699649921404 0.6176915406931333 0.9587765129297166 0.170874502180137 0.19514372693745075 0.5720066830145344 0.9969368546151655 0.7149152827111517 0.17932050689669365 0.6531953912907836 0.4187811507841297 0.13434307988913896 0.30484103724733125 0.3383206775023868 0.9475554284188848 0.35906093024344 0.021263566568924364 0.7249641633463932 0.5471720736176445 0.6932887421021977 0.116301401227489 0.9873959930769239 0.7470551527672433 0.33031562832555883 0.9402297066611355 0.5231077924958856 0.5277734568245126 0.33808596956420855 0.474011562306619 0.7912720241918932 0.14701596313979692 0.8341821952830581 0.6950788506203476 0.28092447400947396 0.3107796025723759 0.8250198882627773 0.7615193985697122 0.7541605522794914 0.9072897970656171 0.9812262429222759 0.8269167822355191 0.08982785074746635 0.41044140484202085 0.7235018507131522 0.7871159385784273 0.08853091402212077 0.07317705766315219 0.4325145722348267 0.9721391124141764 0.975464190076448 0.9516059801787358 0.6829165026427446 0.15083009978185413 0.998825606415395 0.5273780326214224 0.10613902961265587 0.7492642569370652 0.4147430931928556 0.15580843182739124 0.5981367335853242 0.34962618555796365 0.4282731440244283 0.8065535532480603 0.9034774158634614 0.8777666547689152 0.8936905995342244 0.12438163678317049 0.8500583136923044 0.23338990184665853 0.9074896242565325 0.13252733937046646 0.9290664651206696 0.4175132748962166 0.37175466633145904 0.27499519831177444 0.6263908972196861 0.6313239740392842 0.1193545619077675 0.571823926995941 0.8540101002036852 0.13289333857790242 0.5976045813128654 0.38003562932252155 0.8637474022801211 0.7365223865876477 0.7530014764678016 0.8473123453551997 0.009341267133596398 0.270112823329527 0.6708080630966798 0.9015459846121584
0.08740178496211426 0.6422281098110884 0.23138535980661856 0.9637473539045075 0.8308372425798786 0.035659542462230576 0.8390678961738842 0.37404508638851786 0.46116432735538737 0.420565288221159 0.7605568360081489 0.904728336099915 0.5687116506617269 0.5209710654497808 0.16148763442068026 0.6995373289453328 0.20059057314975481 0.07934184846235182 0.7964399416144201 0.9215023974924919 0.998904582631303 0.3043945392898446 0.004067838623469711 0.26813416577360116 0.8988617653341394 0.9462933435338788 0.6786682640008395 0.5530526530015657 0.9041401578996026 0.7222926426657005 0.7172984458538736 0.8786392707518393 0.47221869115194026 0.32275547305936914 0.003072261467215842 0.6160851888111893 0.6476495448511017 0.41275106483196 0.19252941972559978 0.5679128614580361 0.4814324807000626 0.8072276743645256 0.3658038830001983 0.4758591997676457 0.13495139609228402 0.6064683231805309 0.4970101590773135 0.009274030823123391 0.8540354568119625 0.7038136166919493 0.41399438926902044 0.6492217565914601 0.7910463392539968 0.205016698230434 0.4371625225849852 0.9225378612753734 0.6184724178381449 0.4172964823715296 0.8497053676328044 0.04444600036451907 0.13048389363813595 0.30641143064855536 0.5801403388846791 0.9152929596839783 0.9932277941843483 0.22143170086409714 0.8621067227185694 0.6733954507287493 0.18582553092992427 0.03786709099645669 0.5346062920523332 0.7775833754118032 0.15846848857381102 0.2575435362886894 0.34133520228221526 0.8991588572664121 0.3686961913126655 0.2656723015300708 0.7254202863593096 0.8592791207375226 0.6082803301558299 0.9070559074961513 0.4341304685333214 0.12261875833860103 0.13286174009399765 0.14165406286228677 0.8650636464888544 0.6959365376418415 0.6561637069626817 0.686548623229647 0.6975510221983396 0.20259873364907077 0.8648691401917771 0.5144707178658855 0.6014912545551837 0.8440452719266492 0.24799095478562316 0.5250431401597038 0.02276448289383015 0.9062518040870721 0.0366590128749793 0.45440303587998987 0.7104733439628605 0.2887501117255904 0.09420622482200114 0.2762802264488001 0.9213461104159777 0.39035529889125864 0.47671470000841865 0.4762584959827465 0.9908464807438078 0.3396527063001492 0.23944895310187952 0.5936350496301745 0.08003785966442989 0.7825181315052699 0.8228070630702338 0.9939013576039589 0.46117190500426253 0.7635520578308308 0.6383850341763909 0.29658727409878227 0.16202302371810262 0.9297076774471087 0.3586168647918264 0.46090350063957064 0.7537255417133704 0.6601729465233614 0.9770900294072875 0.20795219180758717 0.6562744238190977 0.7797793426588133 0.4043165840508608 0.7695236392021588 0.7219244773289822 0.9350924151857183 0.4621839341931544 0.3717700518426432 0.6719173240030917 0.5872369849183395 0.1607649596435824 0.14744390290615894 0.8626563837435353 0.8176625357032673 0.21383724945975646 0.6801329783231362 0.521901058753637 0.09608951271654398 0.5706773682292431 0.9039434657908099 0.23938724529379096 0.2930671135498263 0.6338836634462836 0.9673638461435329 0.10761046877198455 0.9594642104896284 0.5538237856412138 0.14379294894785155 0.682939413211309 0.1766848616633927 0.6116041891442583 0.1186942768309619 0.8194375630987908 0.4792060402056997 0.7723935731791833 0.8283568672660316 0.4468790536892565 0.5892415512274213 0.16087849380237063 0.4319967794471016 0.07374621822061456 0.8694992185479318 0.060623333118248635 0.17046577685232345 0.9994625585423216 0.4011961233593989 0.2671531345042898 0.9243464469751884 0.023437664204690845 0.24608267451378085 0.32324147027076533 0.29167934657948136 0.8956995035733354 0.16378565353824348 0.33581698890989886 0.8014079224209132 0.829271844688497 0.43135915087196197 0.2689401803255662 0.6142915957242029 0.49785237573531493 0.7489210829943779 0.954383213322328 0.43314582151098824 0.27763346811485046 0.0988835947089316 0.022400571444807782 0.39361483211395965 0.722374547423113 0.970543710263917
0.905118293451056 0.9751858639223393 0.8106977769257676 0.9191284663618406 0.7095416705674721 0.33499294010656144 0.4681900465111898 0.6996039294074656 0.17987099024379327 0.4524243911626189 0.08299789260714718 0.6225009378040962 0.30187418170029623 0.34289952200361185 0.6964995617280939 0.3697728673931182 0.39298330556950767 0.17649342625923503 0.7759963375115623 0.01703466455573821 0.9426706620386046 0.652090255138535 0.5880985652449474 0.7266621451566512 0.30985564347622496 0.7375358234169569 0.11552937209270453 0.8585771473644379 0.07220871260420281 0.2382353439588898 0.040623581921008456 0.423747009211933 0.7531276873612385 0.42377466838204514 0.39315758620630314 0.20763503804811434 0.4297536219174476 0.383699489001631 0.16936280594371544 0.7702730929708429 0.9931835964151862 0.719883269849077 0.8075581534061682 0.7046944459301767 0.09619856768551882 0.5277429448820005 0.44979997590583487 0.23283667210745684 0.05944011669481797 0.49154509739305874 0.30555142168128746 0.9605828681768794 0.43098583768148335 0.17891549891500835 0.586541526140072 0.9010147398710733 0.4927313659340714 0.06770104406319244 0.09720608825058596 0.08931853657070143 0.1465443082080783 0.6839911114405205 0.7251870955246457 0.9245950235753969 0.6758302297244304 0.20854523753240117 0.23131520081749746 0.0407707093533316 0.415326672271903 0.7322641862714162 0.8956120569245997 0.49257237005131616 0.36823542768767203 0.2051912753525864 0.392521519274586 0.2840494454376371 0.8991668439703576 0.3333644239221686 0.5432405051077053 0.36833441993549876 0.2677114863556719 0.08962980472049897 0.6167449472729171 0.2391236820843642 0.2745385945497817 0.797236065278539 0.9810973545702596 0.7536303498767248 0.5940478176312745 0.1483803785838359 0.40792428303233597 0.3159945553647683 0.045458642327344645 0.8553612128778417 0.662048116610512 0.7855818665305373 0.4987669163100652 0.5672632754457355 0.7422319317443157 0.5839663019291329 0.6294556220926931 0.15285743612986935 0.7693350635242167 0.3979232786859245 0.7697731378027614 0.43725496748949977 0.906533272917019 0.7480122616204711 0.32980243082606864 0.598502209561585 0.8624081665701561 0.629980063768244 0.7999627059237816 0.14579236603649715 0.49468633334982004 0.9407683294559658 0.1997117325844503 0.6471222912148024 0.778121070269738 0.708109959004676 0.8283591290529619 0.5504967928162553 0.5731136820282522 0.09197511050954055 0.9903938770851826 0.5160875949325106 0.40363958938192057 0.667653805939221 0.899995036303437 0.9591293408443547 0.03110826216862106 0.9325360636035552 0.7621021780560652 0.30765104028854906 0.5699763733732511 0.9085696523089242 0.7356050286455126 0.29704906443208823 0.8705008025284997 0.511110549147269 0.5930884004415254 0.5401937816740814 0.28481332362688283 0.3260450667343143 0.40264260100509 0.5013828520321753 0.5750131133704629 0.9686329541153357 0.8869456371999402 0.32588807766227534 0.565776008051505 0.37534218417694865 0.8911568532212949 0.4905284404340272 0.19460498235725165 0.16602072738740037 0.3687388822311485 0.46456815873466595 0.7560567918885426 0.4766923815657671 0.15063831305753173 0.26058829921262716 0.9774471151114896 0.05859420923867231 0.09774473006063111 0.3869687684627471 0.23332787078682193 0.2369817509024239 0.6762616144358681 0.995554970247252 0.5040940628069535 0.5035074165868052 0.9034446763930098 0.4158300683309417 0.948638699289984 0.29475536189239626 0.9245416228966357 0.7045477498750357 0.09736012340244427 0.9929346043888089 0.21509690587266184 0.03540731823505627 0.7116693507688261 0.5062675301752921 0.12172766480484332 0.007227216817000559 0.26383261842289374 0.9800907041337833 0.19190966159817457 0.32148804012112187 0.03150302811216821 0.06725914063200022 0.30989732913797485 0.39752986417017666 0.42552722824030986 0.7704866856962193 0.27002024914347345 0.42687217528686405 0.5315369563228046 0.22991615438337087
0.47899957505153823 0.41249333087149376 0.9840976234537026 0.9517586136500951 0.4959594877682165 0.25537953391114865 0.22655463466413395 0.7668681575760544 0.9888491580145399 0.7789498123896315 0.9215641647811101 0.9415896961693092 0.16776763308187326 0.5061545495437241 0.9115339795111562 0.5391679263490133 0.0769608302340885 0.5888591330362308 0.7716596882872379 0.9524310234053187 0.8982878537833602 0.9250381767262696 0.3502429002215508 0.6463852755451907 0.055777121462331714 0.7127913397825515 0.6565932897887765 0.5156697438052441 0.553659066098008 0.5210995842195746 0.08095959040001988 0.9949968369335063 0.12572604827937894 0.7738326385418568 0.7400229049717841 0.12262223329383637 0.8788301271613806 0.007349684521222644 0.7372521398739343 0.3743986873992524 0.1833509238072054 0.5058980975274324 0.3456999740832295 0.8056893166620315 0.9744221586212494 0.76940312154454 0.04329234740953092 0.5035156741567923 0.5591340838431371 0.626368545685481 0.5796816156558985 0.1480323379412093 0.8857846531223184 0.6810051113489495 0.48656195571028027 0.9189399189053314 0.5078163367268012 0.2701551705534563 0.26654238842173406 0.17651375974610894 0.14036444694594585 0.6523947422683812 0.6637715531648508 0.7922047107525492 0.09761254416407306 0.8723571087338082 0.28857454071369304 0.5867628004333624 0.7932195896900845 0.06710110891382581 0.06663403465733864 0.14625968101265885 0.1543474564845133 0.19910577166427113 0.3968946261754668 0.818621289135562 0.350042367514541 0.5526135683294889 0.5496284544816035 0.4600677000826563 0.712148426007115 0.3315471737965715 0.8903710910633647 0.11372302585399097 0.40435638019465225 0.13229596474971828 0.14774376876287387 0.2127487020430887 0.29905570344728205 0.8687615541686443 0.026749743958677463 0.7647412009627134 0.2722911520187149 0.21248161955333844 0.17279524362811838 0.8984319486135866 0.6100257018818119 0.5078797926234293 0.5965408973159466 0.5220423681650814 0.19604982498849866 0.911413369009461 0.6410159844098272 0.31928283923256007 0.6492227403434435 0.8784591991118594 0.6858154552082972 0.743329296664068 0.9940262922075955 0.9969474186663843 0.9166973632167299 0.6117944252992955 0.00417815584029968 0.9791659917065723 0.5783545150479631 0.8129985481758008 0.2130096610032014 0.8893299292426061 0.0028042233116010173 0.685364908976314 0.6526474339255142 0.4820259457869114 0.307849548336108 0.05870509307535321 0.8143379982301377 0.7272208120410476 0.13474424505351257 0.8048893698968429 0.30701452166829757 0.22666308656049006 0.8634590338794151 0.5293630367535059 0.6193417622742005 0.3248432517315749 0.9451201794715482 0.13208633468068975 0.25662549626472075 0.9951227389501393 0.46533028126734044 0.05102669205414001 0.516769261615019 0.904427997348457 0.8622805761812424 0.7881992157784043 0.9231084993021844 0.6608275593071438 0.09729743521381018 0.4953678641343099 0.4661639821936763 0.06757174530351995 0.6485875716328577 0.1781359422312776 0.23785085721191013 0.3622138260655179 0.24195092664621354 0.581130608622862 0.22626981035029547 0.5643896966535238 0.4774875423560849 0.36937572703375665 0.05948342693558217 0.3140366755001637 0.38668249147527967 0.21063745175763593 0.8070673489489706 0.9498042787002795 0.20830946862801436 0.3120872812190997 0.6724932952835573 0.7079625256167473 0.7830479006610487 0.9444291231606148 0.5410554119513681 0.5563388391575754 0.3961533914425933 0.02418832560448625 0.3165350606113876 0.5903131318138066 0.6191619272875378 0.44124142071118333 0.7329817362149008 0.7870679945372661 0.030484818293635474 0.39700107818982333 0.8334795015883459 0.4722835142601839 0.42200603465855524 0.5499941673951424 0.27787584957127864 0.9894906575891428 0.5021124876502628 0.6628140459361961 0.2334119533921145 0.4589294013148727 0.42260159079943294 0.7624847032675788 0.398770901121561 0.8929044565565717 0.6151316378992844 0.2539494667464969
0.7856516129321066 0.29922141994423224 0.883704557996863 0.81093621066916 0.9769283307924682 0.42350467802121516 0.6387630596711825 0.8577610806779178 0.5013551297704119 0.4116058475692792 0.4721690078220364 0.9675513163921405 0.49792852352313843 0.6092268131820427 0.03260936098592726 0.42522843890640427 0.028109452201845686 0.43628660185354007 0.25232219129354916 0.3283302673798818 0.8069492471085513 0.14671879246972164 0.4154449263361947 0.5584031401193241 0.10382309551977897 0.2970767911977189 0.5449780262728052 0.231278005020507 0.11421392286958154 0.7562803501949372 0.8139822592365064 0.17925279841324482 0.45532385678079335 0.7401573550381271 0.9832373499224699 0.042682975902774034 0.7584163440788328 0.8854318894224921 0.8168818860282672 0.2531801062910245 0.26309636657135305 0.27897135482620394 0.5302785868905809 0.4964933323001246 0.9214746955171493 0.24640147168658877 0.544538123605283 0.6876533878578849 0.5923019718420128 0.8198544323907512 0.46722964401483946 0.23915268239751175 0.4691136756423804 0.0593170459153759 0.7189458840152032 0.02481380601973493 0.966037879439479 0.7079870565056008 0.6698365311357635 0.727244896605407 0.6864426420123414 0.060153554056233904 0.3325168296864094 0.26431137916889913 0.5635572474198922 0.24105375418760655 0.26102347857480623 0.19664145799872312 0.035142279299489765 0.18983216599311292 0.7625199360023537 0.3902828982523553 0.3380420024147315 0.9306823882790429 0.04269482657145973 0.9356337019813049 0.08807719936685898 0.39106122527831444 0.48491115978909183 0.2244143263537296 0.9061462577996282 0.6173198419421182 0.9725012642481735 0.4047542207187482 0.027345545831152673 0.34527292335866455 0.22192193807647542 0.13720558226459356 0.09922148898871641 0.07903035397356606 0.7454569955080962 0.16031628787742325 0.2464271196698744 0.08539435864682177 0.06671679911679596 0.7141222740321805 0.39765738804591755 0.2687045463068861 0.5195719873632161 0.8420072654633128 0.9206116901338859 0.18997853715096957 0.8359114138627203 0.10448449576011665 0.9235299690374202 0.6007036747030516 0.3902170675282708 0.16317361889160664 0.050434874579973976 0.09909165981510082 0.4157530756002098 0.4278027800441111 0.1570368131185792 0.35001735252563393 0.33069669068975804 0.4898907532236755 0.7428723629532733 0.661139619694203 0.7923173888038939 0.607756672132796 0.7357116200073943 0.14278240206287618 0.6208757768017049 0.7818867044742599 0.9682320384593875 0.5019048341888567 0.21209350248935 0.34683452272373283 0.6394027106874823 0.6281093101995853 0.032047480732850575 0.3292071643774198 0.5227187975450506 0.4782134708232315 0.6080257154202953 0.3101922463577317 0.9265170613269061 0.2963986356925614 0.8843816736420086 0.9205387151597708 0.7912684684626126 0.23980190465072693 0.6274867364781935 0.8598898026248858 0.300583196643478 0.44015631331811567 0.8555924232573322 0.6612498820295496 0.6422202976377528 0.7708475851272224 0.24444594920216356 0.3232940539028586 0.17555320424507193 0.4983814019175352 0.7266542095454368 0.20096655395182472 0.9351136057822952 0.14761409068194387 0.4869796696778317 0.9877701081154155 0.26370133848946886 0.10489110785169875 0.9191323839375857 0.7317725072340534 0.6445837138846636 0.4597851993120746 0.6019388543433256 0.606944699064462 0.4573704163438326 0.5709949701067032 0.9180014458019343 0.11510223515291751 0.8655144144702233 0.1994201570997589 0.47947264995278494 0.18901476574894982 0.10702808447166279 0.7225878758807525 0.9462883607284162 0.4692590824600341 0.11488340829495303 0.5460935451476603 0.05426090583820231 0.48049322378820203 0.06828766077214432 0.791367862061749 0.30106348882160927 0.7899209446110474 0.9148528651461841 0.5433056153926934 0.5830361201319821 0.4184689064061887 0.5324572911902433 0.12323910350555889 0.2767122471003589 0.08140930057386586 0.360680508357362 0.5422045697230896 0.8217072042304107 0.3541255879868219
0.9005755993217606 0.5613781737258187 0.07925732795200013 0.7986789231545988 0.8362469236194936 0.31249210046733433 0.11219504461578 0.76848106926676 0.8012021849237652 0.485764895229275 0.47189208797821025 0.9829929110346046 0.20644877821403929 0.4668857504121837 0.14072050676183223 0.0844232598321587 0.3515407185841871 0.07285960537945757 0.3318376971872544 0.035369279232668416 0.38002022526337975 0.9464464403673142 0.7129570160440517 0.1854284048445738 0.7598808288855092 0.31462947731907964 0.5386374107825763 0.30152739001613926 0.22310408133637738 0.37291860620625716 0.9672359174108686 0.9288849109502835 0.23045888544808102 0.9484171363473527 0.9058142394400501 0.10655626638773741 0.8011802596486011 0.11083080650042043 0.10017537166654578 0.5490058996343833 0.9550306303119637 0.24444893774178456 0.08936317244561764 0.04327782904517585 0.3367942818983898 0.18652498443372723 0.6035377844500779 0.7923481457755949 0.8767149275641869 0.5060292770383805 0.7195996966331433 0.4251815847635956 0.9817527264992533 0.7329176384096954 0.10850470442730409 0.8626789660810557 0.6667495200420761 0.3777419978094937 0.11308576519672875 0.3883183713710078 0.13225262527727366 0.7988623593633606 0.9912235555039262 0.5552264032165973 0.8058423188459019 0.08487489606779064 0.6572063908433047 0.44070822380435115 0.5507675704800208 0.34472924064467514 0.22759128682478702 0.7043892546309997 0.2660221891731309 0.711215291034218 0.4564552610091429 0.5031747820500653 0.8329233827700804 0.21887104932093748 0.5803237235792253 0.3461949934421712 0.9996739334952311 0.6254173749373779 0.41655513708598346 0.9274321907929629 0.5881189842050157 0.7847375452664017 0.14035044471083513 0.5877142650389414 0.27305899355481633 0.3710328403793356 0.8660837686962763 0.03228804590147227 0.14486825353088406 0.3719035672641645 0.778449309162124 0.9315071498308063 0.8902233859107987 0.750633975876696 0.9164765473555504 0.3648468003525398 0.839693129914908 0.9022606130101554 0.7843241179148428 0.09987827019627349 0.49659244694012117 0.9136960890095117 0.9902998901701959 0.5337402754061739 0.45150240368034544 0.06541647932741146 0.5616062829137638 0.020181797894282205 0.3459479285331333 0.3475092171427191 0.6114708904096546 0.96628029375271 0.40066463344255876 0.20739154680437344 0.3982712823097243 0.2147105203734988 0.7285927473229225 0.5239729132929646 0.20408495907403046 0.10514101995878511 0.14101987065168453 0.051549573687828754 0.16358905445130933 0.6288381434178466 0.8197880214091195 0.9320546204845397 0.4845898245498199 0.10078708091675148 0.9564572739248091 0.6998954193035006 0.5786370383617658 0.13426390056512982 0.6268465496436039 0.8485728380215203 0.6465281635243236 0.14246762089253184 0.7713566604781151 0.7468874007375053 0.25462442011541975 0.39237747345649676 0.7458410887230889 0.0006223087998855625 0.7366313499576885 0.7797177901695249 0.8489239884542873 0.4077174706085148 0.9610395905948615 0.6815535504239127 0.05011526383403997 0.6250883282113465 0.9384828095025751 0.1677559394959831 0.32824695444538543 0.1604561269844943 0.9111867579502689 0.7661340059609508 0.24091700811523054 0.2156066159634693 0.7626903637389054 0.3527897391778616 0.4446949970752798 0.062429387558783356 0.26998414267641613 0.5174808825498203 0.39918689366676285 0.5053742873329855 0.3665473015006565 0.3964684491794528 0.7139118861445217 0.7960581770396118 0.10193060565741274 0.19720887914670704 0.14467101490833423 0.7678803494147587 0.15360993114554888 0.22552733264440283 0.9239234558108691 0.06441953550607793 0.6290632269360729 0.9154664523423057 0.773063857547334 0.6634090732117313 0.4798490951107267 0.5594631732931424 0.8518008050310962 0.7730616976830058 0.0027418843701285667 0.05178964050759538 0.45423137535397773 0.9280697817531377 0.6463030880371656 0.6377071501660825 0.2882639371710122 0.5650645267703516 0.7027654673165474 0.003698285847770766
0.013556329343623719 0.4134981242881578 0.2513032554205582 0.15957276940403686 0.09894442319748997 0.05074567509507366 0.029272484228200057 0.010616471254158988 0.5381527492122707 0.9854366026083606 0.14613425208682784 0.6880952745118385 0.4823301063387003 0.038040804381859306 0.8219857365953414 0.8312847212449278 0.04397720009751582 0.47033915057943265 0.48266450340422584 0.9116936774956391 0.18863740666254836 0.3422413043058813 0.18192046977595044 0.27875023365170903 0.7526112346529283 0.44984021830414556 0.7765591937618751 0.8086565817530375 0.1043073623419728 0.6193636700971658 0.41648637937517663 0.24363236944267153 0.2525734974682211 0.2989611567429383 0.10682309874517071 0.11043307245329714 0.9309833186009976 0.2825085175517581 0.09063253896338008 0.3581046249735832 0.7076105349480073 0.9822680451461648 0.26620429297116743 0.9953037122114486 0.6913353485346035 0.20359614515876945 0.8760707294086096 0.6028502224464845 0.4514227221810717 0.9550481681604134 0.6165001651599036 0.5423228528029906 0.5093092359734744 0.8368813612393332 0.43028947591623457 0.9151819177936334 0.20365042106566567 0.11308537141863773 0.9717787370024967 0.06026924763058683 0.4576975866569961 0.37024205531341814 0.36253698083264696 0.1241915213003405 0.2695936149944782 0.7709130914314816 0.6113630041920924 0.3775314351088299 0.7962063984611961 0.43447211858094026 0.09601611725796799 0.9713709784788667 0.47015671732830056 0.39741183775485367 0.9719094140800703 0.7347379655171066 0.24277667588337082 0.08863187264139116 0.33483124527368446 0.9090036718216411 0.8240067537865718 0.09226418747654164 0.9413045181171044 0.8048663533296934 0.09055690492209612 0.2872430335075373 0.9226281597809401 0.8172246870478432 0.13084626072819416 0.031161370748350792 0.709386073503163 0.9613791224395926 0.026186799472128985 0.2521541569839495 0.9710029726578391 0.9995935167254328 0.35235263709409903 0.25831242425653944 0.6589101997231983 0.14734657491029357 0.505660618391686 0.23009594099050956 0.8341887139171956 0.21068631116147574 0.19864939414020077 0.15297521152806326 0.9821012359170275 0.8748214683751682 0.3301730905800816 0.9079934238262187 0.8122910603843345 0.2046086280035594 0.4438425511290024 0.3776176784523916 0.16038135140895726 0.342485266298889 0.860513860907352 0.43413165904990225 0.7358095539202014 0.832990612822987 0.6461207634996307 0.8030712374030614 0.22252032700372093 0.14099619225740145 0.7634895334381135 0.3886593798959519 0.2695110379077751 0.5182591356586739 0.29388853915928137 0.3489631929351291 0.8274084223176037 0.36805394280691084 0.9047867710828573 0.4081003702327449 0.9073259202953721 0.8905861746717916 0.17754095796546454 0.4132047772445514 0.7274397510278343 0.9704213669347986 0.23632972279885056 0.20400747835432376 0.8562542747700149 0.5535147752638716 0.5035154257945195 0.17678579445488762 0.9083935297610729 0.5180217205365106 0.662719975720012 0.2425316883725288 0.15521037373614344 0.983142762829166 0.7397973922768265 0.9660864921695844 0.1739757835472726 0.962797832808462 0.17670020072503045 0.06192423792204482 0.15111132672519478 0.27926047074382665 0.22482494549639886 0.2961368179109204 0.9210915931615447 0.5659047431455838 0.2527736319628 0.8699991179932637 0.5568222956622508 0.1393116212271449 0.9637362282341995 0.7710897285812063 0.12400569890768676 0.655431617052397 0.9168190824052889 0.27000092432285405 0.003607210759389634 0.7528752539157797 0.016017091230266955 0.8758682410796039 0.5467709070051024 0.6201292159530252 0.8455185037354167 0.6616572007949884 0.8292608219806468 0.338869232027902 0.4531671961589695 0.940492696784354 0.6438646037211133 0.7340657368591706 0.2516701994986895 0.03845160215793553 0.13093678071011938 0.16779593405626558 0.5784821654488999 0.9422094175009557 0.1805167022868237 0.6695760975104369 0.1034706413803852 0.2971055210688406 0.4677505003378699 0.9232739560167278
0.6613434151645177 0.01973018471714061 0.7639044868674862 0.9422673716737338 0.9928676229938942 0.7852092505924396 0.8442989077500659 0.0454850476300358 0.5419621980122713 0.8735422185244283 0.09101838898204873 0.5482213105986489 0.6679717142053221 0.5481090116842201 0.5558994778497158 0.6150469691261136 0.4834588326589615 0.23289152900705046 0.12888059103189675 0.7503749393848125 0.12452812554363213 0.7389527795804106 0.6997177508904245 0.551269942876717 0.06903250902661406 0.003758219233193527 0.04252858038403606 0.7288156202634797 0.19423576454271851 0.4695598911471385 0.9624577807919074 0.07288848223402389 0.8996697832237562 0.8184590586461736 0.23336094386049178 0.7715931742773893 0.06327693037145987 0.8273105700438221 0.38210822625755025 0.8785443689563741 0.8158948443225205 0.4644029040468789 0.9104860655089841 0.8187893257462854 0.014651983292107151 0.5949965200470151 0.6159123961096997 0.047703540776667386 0.7314509950527068 0.3696058624312234 0.4066306137117356 0.44776940686146216 0.5497922843867948 0.6309895027721318 0.4314537284739589 0.7171785949903791 0.40151721831869525 0.6410019523637489 0.062716621780046 0.22879095416866857 0.5078766648798558 0.331227609904998 0.9057533818124077 0.2908763712448964 0.42186403689829155 0.21721647564645008 0.904377427468382 0.9584706928399228 0.2363896275492925 0.7928725691435118 0.3996133756347986 0.3600495703714337 0.9951813769315371 0.8910664180334844 0.7388442118310724 0.5797646655792732 0.8850907253820846 0.3452981558734396 0.31753208674708644 0.8323941408913113 0.10204341475497902 0.4715796835976732 0.04085622378750364 0.7537455443731941 0.4819282918373533 0.7756501209916198 0.22286084527028172 0.3568681527469396 0.05648176307535169 0.4387355765459534 0.7070725939998056 0.7289869044532135 0.352964182203344 0.1797456746799393 0.8840356031915416 0.6244205837951282 0.817706947898723 0.9428813804978651 0.7163646516766906 0.9386500207040641 0.9077089997014014 0.2196830777713984 0.37871790822966556 0.06505344008946023 0.25927672161932824 0.5124246656365868 0.5972688339141714 0.45445843733469504 0.8595732461721837 0.30312051718576305 0.6295205509173001 0.32052270482323386 0.666209661102883 0.18990255963083946 0.9252051974320742 0.7092009375506495 0.9312152485118439 0.21320951413723122 0.9605612319482252 0.26965866203443223 0.7981666241117022 0.8273674668954922 0.0557178712590779 0.5313757792235806 0.9477228476970776 0.03480095576278741 0.5587496921560108 0.7559502318094146 0.7295609381801474 0.27929079781940946 0.48842071400408016 0.960930693967489 0.811878560626413 0.8932354937135403 0.3870952586746014 0.12262500964986578 0.040516356271326326 0.5729660519522638 0.640957466699309 0.9118905856062468 0.6337801773562838 0.0421882066300856 0.8379146035218928 0.6858944119596551 0.6581954780814074 0.5090293366578568 0.5712580268459375 0.6026411335295347 0.41646366675379276 0.8512781325570268 0.0907902997825214 0.44994040865454177 0.22784431927222293 0.2388339105184314 0.01580643661796155 0.5599446833849842 0.694150592130758 0.3102768930800288 0.28221722106098357 0.11184933825071608 0.11405535882129214 0.8789286749757007 0.1614353458009028 0.3064716679909172 0.316505036316461 0.3697571830054426 0.1401331528368086 0.41617754985780864 0.6224052119959713 0.28691603894598483 0.22914047833771878 0.32414159106643115 0.13306916053958473 0.9464174474177678 0.7446411235940574 0.9483685370901099 0.7456598565834548 0.6638252920084112 0.5556534198598911 0.6900579901966605 0.02646764114455913 0.5536228704334271 0.17408351992862126 0.829684947749659 0.1731993921937185 0.5639544252185756 0.6195053659556657 0.11755623679696259 0.591865436478128 0.5474527951779513 0.25824270689513773 0.9192185390737259 0.630587822455167 0.0664981450157408 0.41940165680794816 0.850130929906021 0.6684858653983228 0.5421463079020193 0.2423807920905955 0.22546412035790608
0.44689840546486304 0.13958399033282787 0.7829771623398302 0.9617640600055598 0.1632100105897918 0.5507496655630947 0.08519082460011773 0.9984740281228067 0.09391756658725992 0.8916622900108891 0.8113939081377167 0.19138236408259957 0.6038052644140846 0.25236960124314634 0.8365188230410491 0.5294881280687753 0.969535431827084 0.8424424663759792 0.04439010313253944 0.10565149366340598 0.11336129386744942 0.7864628016724576 0.3978442291542915 0.8914369246564757 0.7029418662203536 0.6482859760878972 0.8203723583279521 0.9462146622952601 0.37891826402674933 0.42428140937134884 0.29301862991013994 0.6916640711549837 0.6190511692596329 0.8710802313656263 0.4222640248169005 0.641058817184177 0.5855026286599746 0.6700341792136211 0.4404332281942639 0.869851045798143 0.1814118112231663 0.8664274705189043 0.16486721311646968 0.130061208306414 0.4011660739944456 0.13384404401565209 0.027490782501729982 0.41999397636310587 0.7659779369287422 0.6987378901353962 0.4893497047315758 0.7881683913420289 0.8076678891571505 0.20824950276173815 0.3687334174240733 0.5070160946625091 0.647776844170373 0.22907264512283365 0.3574107334583839 0.024751946380542234 0.8041395388692844 0.6940377899585753 0.13146873218241129 0.8209028040182786 0.2660350480093896 0.7503247640269372 0.34659473289750964 0.6221997112607872 0.23058463805795282 0.6708655669432888 0.9636370867331839 0.5720919685700956 0.9488625275554896 0.6107610256483161 0.09619482973357185 0.8743072405373445 0.9361464617855704 0.007996550287277526 0.9541339142129841 0.6831993747858848 0.18609322852012322 0.6102294050171079 0.1829116274993019 0.027218888615701098 0.46872493476693045 0.07008149520074602 0.5802482727883057 0.13691609224091228 0.3415467420802434 0.7366950903106565 0.3875668597513414 0.9690623269126918 0.2729328692943189 0.1994881278913312 0.35578682479301926 0.3663948990452077 0.1951228462351411 0.6123870062098091 0.024237997137321776 0.4938856819694566 0.9101373983570293 0.24805557621503205 0.05025940034598264 0.06938253900679614 0.657558524788243 0.08374192855888041 0.7816391478010715 0.07724257041311311 0.4609988996842872 0.2961008767165523 0.7199241715699487 0.7682655080353668 0.9516454126283765 0.1518061524462272 0.21846729780933893 0.9287177108363056 0.6357271639196959 0.17075473849233014 0.7320884263146527 0.8850531497957884 0.9446376769829369 0.4536911958052483 0.7377765366667337 0.9642359617472734 0.7930762894357198 0.5934215623758845 0.1476683613209948 0.4292223795229909 0.02633055692507147 0.7917902719553024 0.4924360162992585 0.8538238631683174 0.543882167491717 0.4863772496067945 0.057289270295868944 0.9068859632916737 0.31033423779807356 0.16091782881230787 0.9482406996389322 0.13639264019147845 0.7184166928879174 0.8285049611719778 0.9632784733611722 0.6071856230102285 0.525178680782648 0.8352457171507897 0.8956186863352545 0.30682731108548944 0.5975805670133513 0.12489183740073873 0.12798219380266485 0.8792011876718373 0.3974715506791551 0.5166417195379523 0.7885346444924745 0.05204357572040652 0.6848319628436585 0.18666141457469876 0.2336727903742517 0.44280061240862834 0.0511420051009821 0.5881260289923916 0.6165778125000578 0.12044001648397529 0.4495743326610211 0.2354844846455466 0.735553841011115 0.6529985314579446 0.196577410816398 0.9927214789020733 0.7768779683481042 0.14746946017096063 0.060201541948422976 0.16580396526262142 0.8405058286480617 0.46067815799320677 0.7224769022784733 0.7047750801489934 0.8210507530908872 0.7951893126163968 0.18395009103940818 0.5866883818733845 0.4250511045010932 0.36128762698588224 0.7550628154396098 0.319973803611716 0.16948248018543177 0.9544551123576318 0.45367161520148547 0.6199117580761482 0.9084662409841973 0.8963830200666616 0.791176339181593 0.19088425763758865 0.31709528512588625 0.2524409837051469 0.46256697116626744 0.542484400278771 0.5200203359495159 0.9281271074070824
0.3184608359486214 0.764337767388141 0.6488077456518411 0.07967573837338082 0.2846207802094993 0.5204367862617333 0.9103985020637224 0.8804405045803302 0.784227893364296 0.9062427304982233 0.44494231478655133 0.026438883885483655 0.5114784586820446 0.9115951155967057 0.9891442550037206 0.9948593843827531 0.5560323464429148 0.3670422228611552 0.10561569835491291 0.608650950132347 0.13533845559253233 0.5371748209319087 0.8095853928589657 0.3885997546202713 0.2568570770855181 0.05037267807823931 0.08578093173152457 0.5975724701969806 0.9205873523175561 0.6993288260728614 0.568711862094978 0.1291961377815416 0.9510285645125356 0.21989073568710404 0.988956072840456 0.934927984132074 0.25942783839402284 0.3336419445025257 0.4918092291793883 0.8099134740675203 0.9187190763512929 0.785795337557274 0.38329324330333114 0.6273816854805018 0.19653221137527377 0.375846797835068 0.8110631629465972 0.19716115046473748 0.6031276919068289 0.8308388561469826 0.8327712075839977 0.8132868798053792 0.5228572590481059 0.768841589542878 0.7815691153660876 0.43240660934092245 0.04979440735373464 0.37773421679439767 0.07563799197475884 0.5140315110654576 0.6373841388239084 0.6199291582909506 0.6622014621482142 0.19384408876860737 0.9488128341330293 0.17225400267475532 0.5782146416173086 0.8866383410480096 0.7278601256283294 0.9762994217920694 0.2498537535685189 0.2135402168418834 0.2093059821646851 0.7338367710509734 0.0735377922140098 0.9583546000313248 0.7636917969835783 0.9443466144127031 0.48286120193166493 0.09710180088711673 0.02254595422249006 0.3713693038096234 0.7401121511024794 0.44790983523556827 0.3591081160594516 0.8090422164910295 0.15555153829378965 0.426241251271931 0.47787763436723063 0.09102215227920862 0.3308623390733305 0.8372717153264596 0.7794876054639145 0.8424030780607459 0.6775103231607281 0.9049794809168067 0.2542007362381452 0.9571341032677595 0.47501806669227 0.989280741772674 0.49151788806282504 0.7577767355727841 0.4830076269696656 0.6521190209501825 0.22452071430106657 0.38314776621443014 0.8658232887992363 0.31780110529693595 0.5399679466924636 0.750311307370235 0.43186017602881066 0.9251811897805334 0.4732974699619178 0.9342636317602435 0.7670462829590166 0.8932669987806472 0.06005049912026239 0.9523781621544366 0.3866774879752576 0.17932898496407268 0.43363359328305284 0.41316337711722884 0.16047285753448826 0.48361533273910995 0.13787025128177288 0.7171754386211845 0.951218626998253 0.6186975818267808 0.6694286011646551 0.19431291338861623 0.5909636604796159 0.5778247092585468 0.1402055980152599 0.3150998635087172 0.6636179771709113 0.5494202337886528 0.9005404467800868 0.9577387113760564 0.158976940997696 0.10227220836206996 0.4454241424806338 0.5062761316000953 0.31395633496183184 0.5575491346278436 0.47006395817169655 0.4469648832101366 0.9935084032939014 0.5833704547308882 0.4196631649878333 0.5031486912883265 0.03811224457734619 0.0652805485503466 0.577237399354566 0.24259219124399423 0.6937412867630525 0.40398503873811853 0.6192592921180184 0.19070373922742356 0.9902903217328642 0.3319007094071892 0.6634362949780701 0.9135724261913911 0.5955935431659141 0.5357192931279035 0.003842942489536094 0.6154475649829982 0.8306629074557931 0.8733174323600815 0.2201751321028672 0.36366338944017884 0.025041721078936985 0.4846406609372643 0.014326768138300805 0.6883683730344565 0.07488089305431145 0.6330568058445479 0.786851179879762 0.16468435844906992 0.9217472819270205 0.6632241952613559 0.626182214345427 0.13410628643581213 0.4400645743440087 0.5129609670956046 0.0736146169447125 0.6794354197866582 0.43669358193996943 0.7750874689215915 0.2525111820374434 0.10769419292362725 0.43216397850750043 0.17914700835019548 0.4728085086259046 0.10619453422623348 0.19674015449356252 0.391800048482395 0.8097121047292989 0.6628792613644527 0.9345576128808705 0.5348865089000825
0.21722594689963526 0.250050699752588 0.3756439388791255 0.4763241235495135 0.7103143386053529 0.5938707808454914 0.7685984221690235 0.19039766178735318 0.6004775942573237 0.4117533969544205 0.47094157598618513 0.8025632104972572 0.9363104950598672 0.22740487963638734 0.9197932922383408 0.15491987544976937 0.13998878118000324 0.7315584287198431 0.9915479981678595 0.14785230669362015 0.5466293421662971 0.422385411451349 0.4001251889600913 0.05486128341792218 0.27975753406015014 0.601822346156683 0.3860101791567644 0.04662089578378592 0.35867850150418945 0.31426358831048484 0.10593959466144487 0.22213209655862065 0.244384712153782 0.4902873624093511 0.5541197906601648 0.5861530483210793 0.7576355262973679 0.6224951412347517 0.5909296436637393 0.052152375437025444 0.9722081348933566 0.2886028822072494 0.21995325129876853 0.0959816147863658 0.8638896589805781 0.32192753530234197 0.7343537460173911 0.36602052460631684 0.46704860275413385 0.8382681349633823 0.21110448394667036 0.9603440156626041 0.5365601522061657 0.051090662883804705 0.17704400808658327 0.1664890720721851 0.8611080878203096 0.8989283262822241 0.019976648149029885 0.5498488648059083 0.6578256169799774 0.6697442562423987 0.13962737747420662 0.04919983971926922 0.0416534474145841 0.12339075822004486 0.5114006288747187 0.2953922335139728 0.4840544516730154 0.920419968424761 0.1541624851831529 0.28683751683732084 0.28570883470287856 0.6285550273380482 0.45236460351203733 0.2345728102270478 0.6737622159598815 0.05468729310593967 0.07423651736489989 0.6557777030812165 0.6717825985453633 0.32441835652082396 0.9549293940618876 0.8389156214524149 0.7000542321295217 0.46549796664275767 0.22922991159080175 0.6670316660388574 0.7458218730038033 0.17752728907006343 0.4348532316081626 0.742346023144405 0.8485689844194071 0.727655369123464 0.9176505935496261 0.28244733015429835 0.10196443891560747 0.09837793739280698 0.14214780062875376 0.7160176388021688 0.023967928097848423 0.6321455931592902 0.5996900293481886 0.8927255820727993 0.5983645245748589 0.5491182792040358 0.9376801682861459 0.5096103195325962 0.4729810655540354 0.7422927738119228 0.03792193291155477 0.3221419678616656 0.4593531491872186 0.407598093212753 0.015885719492678918 0.628534328380673 0.4216134621871558 0.4443992985307199 0.4045914369241632 0.6501113374261334 0.4796742658224248 0.2519309064797095 0.46578361915403454 0.5084015134616852 0.9721865559144859 0.5814329119220014 0.9362147756154414 0.6126525210712772 0.030725238805253796 0.5678361908308261 0.43260811079065165 0.44503201866393516 0.34267257179719013 0.4212552888965825 0.7074277717294054 0.47573605434832955 0.7278884880433796 0.45902496676854787 0.558799738205076 0.2798615385232093 0.5288172618370612 0.14217927615205117 0.27502112003680534 0.31954749726912335 0.7706807559811959 0.551834638032345 0.43030296370745724 0.6693655613442857 0.6573615958605746 0.6741307880777285 0.7079310914282346 0.48928902325775236 0.8697812105742871 0.2537605551867981 0.7338656863704239 0.8485929728745302 0.6091778142856469 0.11094581821217209 0.39607053163389894 0.2565707660248351 0.41155426270052764 0.5059162633267748 0.39032009802862544 0.7019235545773411 0.8528120207277522 0.25537276829982625 0.6501134381160988 0.5426312988632396 0.12423736412738606 0.6090724971380972 0.5305158605552214 0.7941431148369117 0.6619719089359343 0.10333229493104767 0.7066346598610891 0.8395574656120393 0.6457873845379822 0.8220249676355912 0.38996282563674656 0.8453388940055697 0.4745751692342477 0.04199431392662156 0.21116271098159434 0.08521075647951848 0.33594041419868415 0.1653365100136126 0.5396299093466652 0.2017879275634027 0.5767399240153158 0.5766103067008899 0.8015343129828103 0.659748406282634 0.7290910811896043 0.7758207448618135 0.846984898436883 0.1931705374398457 0.23492461525767028 0.6355804166822466 0.5936624227714205 0.9721700307900351
0.6180415987480068 0.6030099396163111 0.8262810483271925 0.031486526999581765 0.31931381207004395 0.4825660693489514 0.8473707210684555 0.7349638136296855 0.5261947443803765 0.11274168881275337 0.6414107753738569 0.015944323596856047 0.6965982686573775 0.3235425402701032 0.8279963584924581 0.11882157987856257 0.4003923216797243 0.22304460148753602 0.31369804516112654 0.8366580614529845 0.18222458729101398 0.6486484299227284 0.8871907540869898 0.03640477919794616 0.8832024341406274 0.4968466496836159 0.2677942788534592 0.02953030123328615 0.8500728299536685 0.9774990046301888 0.34931582949131545 0.3009207705580731 0.10204198276355003 0.4960751651976574 0.17758073741759817 0.977005379871325 0.9927560884231105 0.2640749037913753 0.7239593197521181 0.4894591921135043 0.3248849499562154 0.9591374689609226 0.9963655746801 0.3861086648588905 0.30285622879948626 0.13516956923363488 0.5487991584539262 0.35001611449716097 0.6623855517990286 0.29090877125398273 0.6426545377250727 0.4621478603991914 0.879207600459786 0.5446763972158002 0.08842292109822658 0.6446258090424977 0.16413203106154017 0.24281040921484465 0.5131455537853374 0.6540671018534929 0.20460084316850713 0.21925671077068043 0.5575375327880834 0.4095811284414639 0.2012812432278096 0.5460854160758085 0.4176022441828364 0.5099495798399475 0.07927805963936674 0.3457475761085016 0.7001586959146865 0.6826938728320736 0.15071289964020307 0.3687392350805736 0.365194121933872 0.213739522806503 0.8680012027386849 0.9596792036132977 0.41857590488368457 0.12462769076832325 0.6245819101234569 0.1958940121557945 0.6904593817957212 0.8001863944612185 0.1371244407131903 0.6364092772051368 0.27533180606840435 0.32944877797972605 0.4306104749031028 0.31639980133138457 0.41041755401713387 0.8513455057529649 0.072203478667623 0.359461244493535 0.20771763506394791 0.6030270723230375 0.3924206834432522 0.72717760083879 0.1385241380612875 0.05903062607803922 0.5825833202263031 0.9796501288957712 0.13595830268929787 0.3522181590177984 0.14475024183973417 0.47381924944833753 0.6442142650328183 0.8977842885047015 0.7746357980303479 0.024763744847419056 0.5405404540655835 0.4657140570408359 0.035772263097266555 0.9434679305878354 0.6873554844588402 0.8421726064685362 0.6951210602825019 0.025556641384246848 0.1070366514497566 0.7441895976526053 0.6074764007941523 0.667018690216129 0.5554319552412149 0.7979741621028651 0.5708249967233016 0.45707963900525506 0.8384547033801089 0.1498475101453407 0.6065498022229813 0.5567922520657079 0.8520160772558208 0.7788918658945273 0.42186673688294185 0.33635769357095857 0.2969317941190799 0.6975510389769722 0.28164553115436575 0.2915206453745506 0.01147349387906993 0.4940281555604853 0.6527038941656559 0.8021493104418286 0.2946569433975903 0.7351773023894844 0.6635905830035912 0.8371515565898823 0.9642823689668312 0.7699254350054336 0.1537599979417592 0.8935866071454107 0.5735844756894083 0.28419419983772265 0.8265940753841239 0.26681467272745607 0.14467088051869736 0.8240214607253787 0.831760141039403 0.9216644690076382 0.36377942037264244 0.12821457721348395 0.5311580230244528 0.21203901667327207 0.013221168022017116 0.8377861305727405 0.1717229088191431 0.8276855244734124 0.1765655993460704 0.5821243354050207 0.428514808877101 0.47285972049239167 0.3335738292277616 0.22206705366976442 0.08823919940551617 0.6727551842800542 0.05868847130141952 0.16391056907921042 0.10965888908083998 0.723147230861001 0.5465745363713532 0.7561022155818516 0.34667559338859955 0.12573691799672104 0.2180347251955871 0.4958574327697114 0.7335552970348708 0.14962669244833882 0.5031646273531895 0.11095960634543267 0.09589004166845816 0.8369063717777822 0.6504010317846 0.0310435359607778 0.10459105252539447 0.8489850024323224 0.07686836883682213 0.4249047949958964 0.7569081995887498 0.79956729380417 0.054654546482900246 0.2975617970543787
0.1748082968344068 0.09037233814665391 0.27686625420581723 0.16528991764751455 0.5677099031388176 0.6575385619692774 0.639917403802763 0.05467801672415051 0.9608075875779668 0.9855789924080057 0.05952259004371563 0.6114906638464315 0.36132235653908007 0.6125511912874547 0.4484941375850726 0.5733492368806388 0.5659342468369855 0.13400226395882398 0.6621580390697362 0.4793234314803201 0.3392234772290892 0.9194041560193486 0.557899755575217 0.07063617332253702 0.905579770474973 0.3480482393757287 0.8697670533034796 0.34708613513101916 0.46842512769933464 0.4904768099344169 0.35282025868862776 0.28761435031426175 0.31248132761878156 0.6161524939262857 0.2556459937552479 0.8904417165434996 0.9465418390603052 0.5684604193701583 0.7425928312281269 0.5697139835373146 0.3457508459341315 0.8832890983278913 0.12836302710705783 0.8067946428451492 0.18104882903184016 0.8268972273123346 0.8436718822242043 0.3102304099875114 0.5940524242902265 0.04853647497288727 0.23419774139952942 0.8848869741355405 0.8012762740890095 0.4420661430447058 0.23197433741837603 0.7048604301575294 0.5931316086638001 0.8159593178337564 0.9513444832140584 0.4631098283304911 0.6845223619331873 0.15277085908210608 0.31742729564177186 0.08252254669203585 0.7704465990048797 0.9037526317879994 0.5103837141627128 0.51649776787759 0.27924706565030855 0.9134816107479243 0.6514727465940967 0.38849417062197433 0.21661870458440902 0.9301044015377468 0.514716636680057 0.7346877616587452 0.41842057120847154 0.027992762863511267 0.8215853914078839 0.11381239324504899 0.9630385845665641 0.27643028249633106 0.07526275016596551 0.3160773200749952 0.4118452393941525 0.5569613391903953 0.7972489728056847 0.3688884244034296 0.27983958491359406 0.6595901831244815 0.9968037762958573 0.8008547963232332 0.7759243808308944 0.5254175470172046 0.4680608486091048 0.7394967394026619 0.9561271181505677 0.8167089811477445 0.40479668404514035 0.9313112840213479 0.8979785257065721 0.7688988317189541 0.3996751828015639 0.36669176627416433 0.09300955706110303 0.995538389093826 0.9985071206170332 0.5339147843385026 0.3582737203416395 0.889597639950265 0.9748077991867713 0.9838626325336003 0.21780429313599792 0.6157774546453367 0.46133588154194505 0.16536315343932018 0.15377769276454034 0.6740060317928581 0.47333979764147993 0.9638261704802344 0.8513450180039501 0.1218038309671059 0.22708816591144854 0.9624407982194391 0.6507334810207825 0.7100631236889751 0.5271542919250217 0.7394019642872404 0.20330117050002472 0.9803540506426437 0.22286059806761882 0.7510054413488618 0.23608378431886445 0.8996804509128953 0.6581439190613542 0.7340778603775879 0.884997524613063 0.0591727525185608 0.10588161243383887 0.2360084303618888 0.5101830014279225 0.47418212736265986 0.8170509088212201 0.9886102998852817 0.1877931616788755 0.5177019198360229 0.40448041421821723 0.8819484337891056 0.40943040849987444 0.4411798242743554 0.8879575489922109 0.9308153379952817 0.7009601444170516 0.4197469163204084 0.4141907348124453 0.16448334418944233 0.20358755213186297 0.1133641593740623 0.4631113762490574 0.8206592066548554 0.05892991537364145 0.7425903630903883 0.6046873439698814 0.46121420342958874 0.5301991604874998 0.9477670445609746 0.23959820883439287 0.4965617979412428 0.2049804357305346 0.36618968050661616 0.4262365017786798 0.9212893677375281 0.3069486619939089 0.5493472707192222 0.083921652613001 0.7949461750266129 0.010194539275850456 0.5119160801786705 0.16976191803092666 0.37786476757007437 0.12124659087485823 0.991435734345373 0.3092837947041226 0.1706388472598508 0.01548617987252876 0.3448197402320048 0.3401568144281456 0.3182623297330033 0.1610107604397415 0.015292472433615756 0.935082118280289 0.4233982677923498 0.2396445932564557 0.9745880284338404 0.46816170869188156 0.30902637852169834 0.29489051946384115 0.6649275719504816 0.4263373990790512 0.8392512931044307
0.19117303294594568 0.6500775048563787 0.09671547693238869 0.48733606945507824 0.11118149251063492 0.7396366771477852 0.6669217306539718 0.5698831392211865 0.6843855984420739 0.7289084872110041 0.026067402881439383 0.4912354445378586 0.8864507697960534 0.33926814220663504 0.5476622889771005 0.798278769719935 0.7457054147993081 0.6168673221778977 0.38983512537625176 0.07897165646828885 0.8205956305449368 0.2688174322595478 0.17346327354697955 0.9426557363621215 0.9325354502827365 0.09017647291974906 0.4995044846904344 0.9837613394119527 0.6462117594710812 0.4265523863988523 0.4267631652861892 0.1816558093936418 0.7024194129305332 0.3059408109264594 0.4571840231767498 0.3185745764918082 0.6859275331087399 0.4442238444444456 0.05261112262915624 0.38992711351653453 0.5654140591617068 0.08057208704112473 0.23388804104993355 0.9804379776408426 0.031242306634130523 0.23809747643687296 0.3882543600641133 0.3725642101981581 0.03787514444856366 0.5634685022487665 0.1783135497699384 0.8059054521108122 0.913919993630247 0.7122707907389321 0.2796759976708978 0.8127628361318809 0.557606126667237 0.215844464617864 0.7905304563167922 0.5762548640577787 0.07689632936039237 0.08527810570768957 0.6782850657761145 0.9753446002587599 0.7775492162188463 0.888456592969393 0.3697349164129683 0.8934500181003774 0.023338168166207485 0.014351667669523782 0.5228074780311971 0.8246591097638172 0.5192131002932998 0.2932302145210214 0.05644361546563281 0.21409976891480953 0.6744819193617827 0.7758363539303821 0.4688927965493137 0.9152239308806165 0.3836815166280826 0.242877171449013 0.4922405804069543 0.05905208758824543 0.3614590074979148 0.655608412823991 0.9076572981730057 0.42906578557243535 0.4402751713383768 0.5876324553271965 0.1496086476739521 0.6319165424238175 0.8901848703961732 0.3407129765535728 0.41281615154572393 0.883686683674508 0.1332511311423734 0.7256268277766562 0.5172427249353742 0.797149711649234 0.7499423510574279 0.33063608508734776 0.1951916978552346 0.1463229867621646 0.8244054761879304 0.24149083539836946 0.004708562331175781 0.7093240767389849 0.6696272304416706 0.323667352790142 0.8818128519210986 0.07828731530710786 0.8857058169898033 0.7810698121456072 0.9575462434913232 0.32670866821202493 0.49188907716424646 0.9173549214535428 0.9352302570563603 0.10726941149205815 0.13579067606956563 0.6785677423949518 0.11697687359611464 0.9295931606449878 0.4459875229548884 0.23179774924297813 0.7521254825151874 0.18242694637884338 0.8987366065216383 0.7745219203635619 0.7942925767375207 0.452525480024374 0.6557380081419167 0.1949085717731862 0.7718201904263293 0.9297279218118452 0.7391567254654868 0.9181825763576159 0.6463290920001903 0.6612478768587449 0.03365177183778001 0.7618898534299811 0.5097415073978365 0.9174061129190627 0.17209068961701735 0.5449001114600502 0.9383805112920904 0.11524726731371804 0.5276986601227432 0.023086756286400556 0.8021872441120297 0.4490950796060189 0.29080833288943053 0.6928913578962971 0.6628579630818897 0.17519034693173685 0.6258644617103705 0.12497349260266144 0.27187160748306316 0.5055333911868641 0.47796085594271664 0.9343719837924273 0.3008947920925349 0.09038890200983563 0.812430641158142 0.4871471243738261 0.6699912870446162 0.9283340436243768 0.66814580259791 0.20783248028278167 0.8261169466519968 0.1742974049490955 0.6060624247833655 0.25173157042264593 0.37361801923278304 0.9640537418919308 0.9878963557254259 0.4955848783567196 0.2580656842343537 0.37676101299667286 0.2775565112371836 0.0924000309740225 0.20705645739752587 0.35143142958089113 0.5291845368984527 0.803860713929781 0.8286192214954007 0.6023109597792913 0.8449959857357625 0.9424153781537989 0.7355290608948891 0.04256526761630208 0.5531503077579053 0.8665736013912655 0.6885784496078635 0.9696773418610264 0.28710133681588956 0.07300266554186374 0.05120341989653443 0.3491846441545431
0.8696949379860831 0.475495679606877 0.10368976741909453 0.9763262533083492 0.4455116856901733 0.8176325846207306 0.2463263709142408 0.6217526457179197 0.8161572274809423 0.012007111197477105 0.1329375306363746 0.5163893042149494 0.9451614239359623 0.7161238308183558 0.6233870227758996 0.9918560413396172 0.6096427116900669 0.18872300438815948 0.3627157488307967 0.9642357981449754 0.033855038605742016 0.47045814221897564 0.35177371324114426 0.6579924866113639 0.880394606573107 0.6124730156504425 0.25084925034433936 0.809771391517395 0.43701721377515923 0.16711538370169177 0.021548463107187166 0.9325557707401467 0.13738707781801485 0.12921283146564078 0.9872727831250169 0.23690426220293948 0.6372071357907181 0.7851271818807504 0.4801730977608325 0.20017273507260291 0.9551986011794287 0.008000056312327697 0.4444205018777545 0.035891255891629115 0.06094841196420098 0.7878186555561353 0.3827256619323486 0.9589987699810528 0.7745364434094792 0.8855169303246737 0.3856354451467975 0.2470556337526323 0.9993961069264952 0.8578505078969455 0.31096261699308414 0.9649272661665674 0.8516252774757349 0.198244219185861 0.7544000907758555 0.5220386722754313 0.3460002419857593 0.824061789081795 0.6037084998934968 0.8160108192674208 0.7183846172118181 0.5238567318624698 0.5373977542718963 0.7167026452282971 0.552279662790706 0.22134525507799563 0.7834944112271333 0.5622797103444006 0.8410055123802251 0.5494961651165856 0.9503095250768976 0.6025572143361144 0.6429335264309449 0.8339110027000095 0.2991710349557948 0.9093937247821039 0.02413063329847287 0.6976105522934835 0.6703310788773852 0.3997584678898075 0.3256582356234353 0.16751377650790789 0.6336128414502494 0.5401658083787694 0.04302691799663705 0.4008831655976415 0.9945937479716962 0.6073841512754932 0.34209790678563945 0.41503183330967275 0.8631920933768064 0.16880659943398602 0.28297708141575306 0.37175172675739165 0.5221348016462364 0.5624380746415155 0.5524130856777759 0.09253950503867148 0.0964665904847819 0.1516355773981386 0.02362455160725918 0.026388574349582306 0.2930408688105879 0.08107855745263881 0.5678892352945041 0.9687209285556413 0.37397612164790983 0.4380456907758461 0.8792893544552844 0.7839228649194652 0.6309409095968531 0.7155889291639643 0.07686310237253247 0.32663926388613185 0.23273162949665915 0.8443263666001931 0.8011136634932285 0.782638183048224 0.40890635262721275 0.4135929553244918 0.44399699029219075 0.9972360621387394 0.7415038039180271 0.009044790301265815 0.6430465650346705 0.3428120252445468 0.020228000995403228 0.5999879700627403 0.3045295730976084 0.5405589793066468 0.2618503781224284 0.9947265204581058 0.9586474854859727 0.5718464133574116 0.1125681491590731 0.20904766323836632 0.9554339339323996 0.21439522291343782 0.3427694456030126 0.4923405277512347 0.6749410984960827 0.8737633557973439 0.48470432094551097 0.27265299892313377 0.34887589376742323 0.3410571941912348 0.17297634445816867 0.9576069013110886 0.7387014246525759 0.06445868968341695 0.8969978793634417 0.22899526841168716 0.004421618820700579 0.19302067468761885 0.544332516435125 0.3983717712896069 0.1786131751131853 0.960322231144614 0.8882190082137223 0.8978360568578475 0.5916043207633715 0.7016407895570642 0.14267534784844327 0.19764563561258808 0.07534652101871164 0.35497766718620216 0.17326276955923592 0.7966945804674735 0.49024508686078117 0.30727865774887864 0.6563888844441296 0.32263752492018627 0.4645793178576726 0.8870231241238588 0.7043726977786868 0.4310361574739119 0.3678892344899193 0.5089140885565528 0.2132210829635488 0.5158814950986921 0.8859931441546623 0.2437427313536944 0.6684144902170724 0.2772890961278516 0.7194864529127322 0.7327437943146632 0.12502606667218608 0.4442559610000282 0.14243299009965305 0.7228982558730713 0.9158478621980557 0.5566587586612936 0.7028739641915202 0.34480010798217375 0.46774053685254435 0.8247012646967324
0.756958784380751 0.6498072480702543 0.7741257847378845 0.3668307310268427 0.6236701219602377 0.19062123484581794 0.4862224001584552 0.12624651339013304 0.16659411160510074 0.9565623370944545 0.382886019005402 0.3222092490044599 0.33473078243871657 0.5725496030596195 0.9028831322296286 0.3877641652040693 0.7299532039701699 0.39235297891286336 0.9375470985558578 0.5812871845367916 0.9901218279470382 0.9030342126140751 0.5510722785568817 0.7753767386689683 0.9991321239942395 0.64808954534661 0.09709543576546187 0.675451130232576 0.027733833985313705 0.11159962484528496 0.7629207050517091 0.2712412109882206 0.35639293224044266 0.11245472376303323 0.24533336230128833 0.7405905327641978 0.715157690439512 0.657728923558443 0.5469720426430412 0.8903940434934516 0.09517271838348373 0.7266246223074496 0.35626748316410795 0.9115076349616038 0.45176624517711594 0.8761742520502044 0.5237649365135606 0.9045262942340079 0.6547580290444853 0.5296360265645706 0.518273667489397 0.7038830474123923 0.10972215890200043 0.21362536992298486 0.949026989431903 0.6002313830981624 0.23168262178064358 0.7293206455223354 0.6288530668250574 0.8928612184514049 0.16914270208949922 0.6001209499689135 0.1444579822537908 0.4528721074983666 0.388571765961652 0.9455253559516885 0.6695807377174422 0.3871461255486419 0.9162715794955445 0.48715460278195866 0.14901673387222503 0.992040420426917 0.6661889183586368 0.9877271868029266 0.4032356443813335 0.19353349733833747 0.6873076772100125 0.4930288140185576 0.6296587182505043 0.32281282783621723 0.6078552749456837 0.302272247772184 0.6192690476958258 0.028023642125100223 0.4495317266988945 0.9634166020693413 0.23964234568438403 0.005890858757671258 0.09151509894792331 0.7035877875542106 0.3198989105955554 0.23142302597696263 0.9135246291711766 0.030561568373934422 0.49943518792657127 0.6228634533384922 0.029305222231572614 0.9848263322484574 0.5134508631679208 0.32160527951237816 0.9238509343958221 0.4054390532871138 0.29850655281939775 0.756895591136582 0.5725117664682762 0.10962958080567087 0.31103859949466295 0.7171347545837309 0.9067890538772844 0.102863890736421 0.426968229053831 0.9327789523881849 0.600977381189182 0.08253355349882696 0.7481221443454568 0.5416643997132208 0.3848135564935905 0.34080493898794795 0.9201576898538283 0.8867443335658423 0.14756672719985398 0.09372522427216867 0.07106390218766923 0.6714510031344223 0.20049269906396483 0.472813698803365 0.4338674142052562 0.38319933168084463 0.657512277787247 0.9175834243462793 0.4869762514621965 0.8650905447260444 0.7176456963473513 0.45374273043968394 0.8527051795783465 0.6069525673539247 0.9155448938565961 0.12367445103608465 0.8260184107062482 0.29815295955795074 0.394274680796988 0.3198058121737092 0.5094729961695991 0.12291654917871275 0.6599104881903918 0.9132194445832252 0.6930151324728667 0.8091091512699908 0.4845419577797724 0.5615478825952468 0.8529639937743152 0.882615514721846 0.18351185349298704 0.9627224329938098 0.8998236408597895 0.31896204773918413 0.29984345962803516 0.4612154899181994 0.001347312129429512 0.39580864528518 0.22969134062047747 0.5093165177449058 0.8025498793298784 0.3283359765019641 0.46130431556455676 0.564670324967232 0.13181405908240906 0.2554191339883032 0.14502741054944257 0.17460113098401675 0.5850970113410893 0.6765317206332818 0.7120621698008504 0.7562204521929323 0.028265972160615216 0.4187764719197121 0.7885823669023273 0.4314291233396499 0.9282914158945793 0.6144958569424817 0.4143349238618679 0.5749692702138953 0.36325916385479495 0.0010356886481299732 0.7146331986282836 0.406692097247512 0.024051639423103066 0.9969387881429395 0.7505089584927621 0.11825544062588123 0.09995820969095603 0.8776017123276961 0.39927937240457567 0.6482589699540602 0.9705840098990208 0.3136809840474829 0.5200834048745743 0.644716532371508 0.8360684746357508 0.006643699160723826
0.7467554623280941 0.04684109536808323 0.7516104308580005 0.08861147065071495 0.06409736874236605 0.8329469731730027 0.7281570096733387 0.18458650050934922 0.08701862649735992 0.15926844712412835 0.570620012401682 0.08422633370378596 0.38023330623584806 0.8880099931309716 0.4163110427480524 0.4882912249470722 0.9055557166691203 0.14483471688889693 0.5120388684084419 0.3840957252337631 0.9738951932114874 0.802949189343109 0.6129714200195463 0.8983606766132889 0.8399917786229869 0.5343657892437181 0.42230158737177115 0.6058705962529353 0.2617928264775531 0.543111397553254 0.8599626451603706 0.06304583617837645 0.37110504901482444 0.7933066847416446 0.4518525619228332 0.6329589702390135 0.7966975458384525 0.9551742970427028 0.0002975454606446437 0.9891241899437722 0.860437260669054 0.0449626056680128 0.2376029320269334 0.44349538615360695 0.8948097802664641 0.5421994399789714 0.9985363436921388 0.4443259876704555 0.8213645910190533 0.6631072795073804 0.48229258766753413 0.9344803394187352 0.37934095459981065 0.6521279767157693 0.698383187536908 0.8253676452024052 0.21584472654120335 0.855077532567286 0.4772731996229944 0.9216237935396954 0.46435883791465615 0.8240805752420619 0.9908922322158051 0.07643271024299803 0.5957406542352692 0.287864514964403 0.7751159018300978 0.8408933631357238 0.5268955738229381 0.38944445420227003 0.18094129749826682 0.08852218443976989 0.43753874721511377 0.3331169813837689 0.9473262069483245 0.8617108226875863 0.5579718553070719 0.01221125534380052 0.8736872353084847 0.16479514998806455 0.9420659885911626 0.9839016495699737 0.3566767994325172 0.2758149933321673 0.16488049458568443 0.13000069317163043 0.23952845489086294 0.6601610321806409 0.5369029305472633 0.5125829249833224 0.03969387291833004 0.3899747037271175 0.957590044780755 0.3260297779083109 0.1584001163606209 0.7353099067158081 0.07486257387694495 0.24259450054644216 0.3059067844106892 0.09956094851321773 0.15501823137299242 0.01563083222799999 0.9480449797759626 0.46080696214322425 0.5214625776735913 0.8321053090294334 0.21212177109809327 0.00736443197275638 0.3050360866599581 0.654987285551174 0.23926313007104705 0.9423987531303923 0.04378196031551307 0.48890412666966754 0.7049293363420542 0.5992374614931437 0.8677013279333171 0.35016069645955694 0.4514208382158007 0.561164222414986 0.1294790834085623 0.9172788818183545 0.0861675825451591 0.38959182134636205 0.6742246128509793 0.1218939486855547 0.2696822639470168 0.7761570560177709 0.7316609295019776 0.4112176434510735 0.3722580693887708 0.6411564048026518 0.8528473492012951 0.20285000622141247 0.025728310465813586 0.7780368081212204 0.3734520058368196 0.9576230374624052 0.749607134490237 0.266450818488533 0.7045516875352348 0.31657848577411574 0.06676751075215104 0.7741854448749197 0.5728527410726517 0.01061408077487469 0.2834115079854618 0.24760749208441013 0.6570361576108433 0.06817912273857685 0.353998841374902 0.49898202525794166 0.6221036163705136 0.690077486021249 0.3719970278704977 0.21940647603727725 0.02305470542198651 0.5795708715061343 0.9545313431557634 0.5613784271088667 0.7827390578474918 0.9411514004957392 0.03905738015229532 0.9201619825707285 0.043487401067833 0.8968380788548863 0.9476126427973747 0.4244866702708048 0.5878272912478689 0.10164659872596638 0.2143724992604341 0.7024709001460104 0.9441663361861222 0.060521449718185516 0.35349389631753847 0.5361986936445008 0.8000566526701983 0.07703596962764092 0.6064312634989935 0.25583653722075417 0.6006415282095178 0.2199120296082283 0.12496330171517878 0.42702813735071776 0.5004888834423336 0.31168783316623483 0.6788354500482753 0.44473282084887533 0.9041136149704492 0.9057051872521731 0.6389949004977353 0.767617423257022 0.3782489586477017 0.4260193635532573 0.1977252352226957 0.14662136042131924 0.855363257913231 0.8356277844753975 0.7015532260276525 0.6497970097049359
0.020258754404834156 0.7917278634755993 0.3290199915914007 0.28239541110782496 0.4038772800258509 0.30207595806989684 0.5178314910281306 0.39021622076324647 0.1918944002260049 0.0045022119380784265 0.2598391735215735 0.6236804491406721 0.8832059147743183 0.4762093557737541 0.29240993012338223 0.2521458611876436 0.07756199649249551 0.34636964034740714 0.8039274075952595 0.4559387799817346 0.29512011866126475 0.1664219970071269 0.8126773145686774 0.5093183275042908 0.5662299274044342 0.18094992914899766 0.7917550257863823 0.4247281150761113 0.03935356485311836 0.10855352199892898 0.3394771148574173 0.5767821232795638 0.6997014618454019 0.1131261083649151 0.540094765650454 0.6090850136542816 0.8853995281713142 0.803752893044795 0.44868119874098955 0.956000746896486 0.17963782065996814 0.24059511549183776 0.4755580755348421 0.4323309016365422 0.005119671064219511 0.681813709397422 0.24210784003553942 0.1390784102200906 0.7591363796439622 0.7689112162810221 0.35460080880173483 0.6758155776417628 0.6175179611201351 0.9890191683969224 0.3512321990090155 0.9816530376102428 0.8834087146533661 0.2804644941245563 0.4461353243193633 0.6494571840198408 0.779471694703653 0.7087601274268849 0.38274823181608597 0.8265832170473825 0.4575255181480935 0.5284832612113246 0.8218793874402702 0.7634698303792474 0.5458992348858548 0.4307906569469222 0.26897516059001336 0.32998617705894107 0.26726904405469065 0.32385541620225655 0.97167409097081 0.686561152254415 0.8066654717210185 0.6914887581776349 0.8671955379641239 0.4326276775086014 0.14172962831627645 0.8388770925464258 0.5625082589099684 0.38234490775809316 0.11726381931802055 0.67297551319965 0.6207713105677218 0.3637804875337576 0.18464737273344112 0.4894149986018709 0.3429217346371608 0.6617079618522267 0.13553446827989335 0.7909844492191881 0.2580504975687128 0.7890455691757255 0.03524546995716493 0.9617927116094294 0.38968541884895636 0.1606607936687786 0.6678595737144168 0.2997605223736639 0.7857137698662953 0.2672400502818656 0.4245173627379881 0.9405410754424933 0.9361056031276965 0.31312675154858505 0.051667643266949836 0.13088954878033643 0.5038984983855384 0.20036506856815495 0.6212396092056924 0.13809721303749478 0.803819742232361 0.98469325960176 0.5690315054480225 0.3227412456456126 0.48421904834428486 0.8150764837235175 0.7975586173411835 0.3648956476897116 0.5137550800582042 0.35584025063913827 0.6810367981258039 0.9263432686540785 0.4306779258724186 0.8582374620227086 0.0724326412213554 0.8798813004453095 0.9077822681610247 0.4220418421733151 0.2891305197650267 0.3704600776739938 0.40511850200961397 0.2267585866548668 0.43355206112353173 0.6393692604238128 0.5921053858992394 0.12561063827344143 0.32065095778956854 0.03204494461231111 0.9035774931338106 0.39039206882709376 0.6745217993778196 0.23712170813884037 0.840906610594793 0.7185415598768926 0.8605713476341651 0.13806718574877874 0.18237296196690123 0.6138308317446478 0.0575985912844833 0.9739682353688837 0.7690056513170523 0.03621191429779691 0.47327492378376 0.15967085540724713 0.2965760169765339 0.786259221671815 0.8295973127948216 0.5616842540410034 0.8037522056271067 0.6647514207532549 0.24236030306415401 0.892011985464207 0.5905216378933235 0.3344954206755064 0.03443498913947152 0.5255150273807186 0.8299669837481483 0.2204774789242272 0.21810411216097103 0.29425241424392434 0.7682785455919051 0.20990489269053592 0.3289172035007598 0.49076515254762565 0.1074415135181146 0.43525524303975904 0.4008314250334186 0.7666446720272787 0.5630199632953593 0.7669700549512152 0.08121985024360101 0.9276225905687802 0.5967608635192972 0.06683946336051128 0.8493112174708459 0.06386905619031402 0.692536358052857 0.21186942406985065 0.5096441470147766 0.620411127672649 0.47522980058848463 0.49399613499498296 0.9298401898509195 0.7236700831774361 0.589350635798136 0.12663856245571048
0.8726253077460416 0.2901212391374689 0.3404912827024039 0.388748818527334 0.039285725012607964 0.8383289684402476 0.41233443140362 0.28562257117619905 0.4236834598105147 0.8754457725646367 0.07971398707022825 0.6872303554916286 0.4655397203995242 0.7506221634646367 0.5603453847503085 0.753565352778006 0.6132495325995265 0.6911077485342197 0.6683476944209473 0.5516303137156551 0.7485636891815666 0.5418447844659573 0.37149515272755074 0.26515181083990846 0.40971675657013384 0.2349855361257739 0.822180275036591 0.8760284966673811 0.9096036004975218 0.04289083734124732 0.18258666300188153 0.16850132163027265 0.80817332125672 0.6652974229671043 0.4375913374242447 0.6283485302804275 0.43255809442027005 0.46477937471393715 0.6387356103130735 0.697808882898873 0.9659068404410893 0.6755185070170958 0.0025437967359838165 0.5040398595578264 0.7765861241123456 0.2955101458041387 0.9892745605410264 0.49261361040467366 0.5677798621633251 0.4035178935467826 0.027116628407728105 0.2863530193308539 0.18397613689116465 0.6260036529355117 0.09692671612788151 0.9280093242817993 0.31425997140055184 0.07837265559892537 0.5421104372404835 0.6071821283850203 0.43884582211942746 0.48878888746096094 0.9354676523709186 0.49980740168432414 0.9601046811223125 0.6110058398789077 0.06318507816307728 0.7319748765220353 0.040570516894073205 0.67469408096745 0.7948928819118862 0.18969879885643204 0.1484095563050558 0.2387419008942563 0.5820877502268915 0.6381179840827812 0.691093741273115 0.02745507710309525 0.4637705409083893 0.19123427412143856 0.34924070848516575 0.5240442974166937 0.5918677827364257 0.4996721361861859 0.6750501194876339 0.9872719697726424 0.8721968840325628 0.15172720736725875 0.0030370127251005963 0.7170390394837042 0.7657234918952638 0.6435120691012949 0.23551959443757386 0.570256370633454 0.17468571787324494 0.4280042898368568 0.5565043828890797 0.12146771428838388 0.48925314000367914 0.8594904672274416 0.10209554721853764 0.781795295050915 0.8939294241203121 0.9848776867591608 0.2592985738660377 0.9036645093863337 0.18835532648921183 0.9176736630803362 0.25919820684994144 0.5681728012966234 0.6824285566308791 0.5381099349902713 0.7826666513472538 0.9665562711470577 0.17900962651346541 0.004603236967278712 0.08097661366461983 0.5174556692825723 0.3580997502186146 0.8817504580687109 0.5337349115213578 0.9415326002069487 0.22948352931063998 0.3926714891633526 0.8203687185225293 0.4368571780000646 0.22024730491498679 0.21246590838521862 0.75944553636673 0.5658112263617092 0.7074915554037146 0.703671600944998 0.7155304776182847 0.48815616210661705 0.2650146166020432 0.9401523401556888 0.936895631204824 0.6086704513001812 0.18821396025445936 0.9964538342200818 0.7211958622838254 0.710573212151377 0.7998763845734116 0.9611874185435566 0.9594665888140563 0.6896243626537595 0.905201568292523 0.46452330814219467 0.8689025623603083 0.1352347372959516 0.04592946655248453 0.47040798198975264 0.024598386592425414 0.5903756032844762 0.9571995009682486 0.4093564257156066 0.04682271922509651 0.4918659404476192 0.9558655797770956 0.18255611027073548 0.7416048888351666 0.21023402398308155 0.42975962978915994 0.559713933824513 0.7158514410996382 0.5577172076719741 0.1048813202429093 0.4020555229970252 0.9732982816978302 0.42030275638742876 0.31623914900857897 0.26225976003030693 0.30850470159691956 0.616127202029547 0.5185825824588999 0.5040108789739098 0.8655020886135423 0.9280651239148658 0.3366720592186254 0.5201500432495165 0.27385133686817165 0.8154119545195657 0.9567479304733866 0.946780412359837 0.2975595584094948 0.37223141542414684 0.2427568900381628 0.035785875366946884 0.729653993004058 0.436446845409433 0.3343559643869979 0.8380098725065451 0.8113028666559237 0.7204857676835563 0.01655446260181026 0.9112838180495313 0.5710306849141125 0.9403255998398928 0.07410122243611716 0.7452798243310443
0.7429015530209019 0.4613403084842409 0.7208258626437029 0.4044685585451059 0.6647223192594732 0.24080945130755516 0.5803358891719619 0.5678878495084274 0.09822647598467837 0.06136605609048895 0.16935769549288182 0.42716294346032224 0.23420693933450298 0.4854549576243865 0.7226368658712357 0.24886341645642052 0.5049525213659863 0.8619162866546086 0.40886768824594366 0.058283470771573476 0.06056580623638308 0.6690212582854949 0.13249270100510047 0.9994938854471749 0.9672182843418952 0.46282537863232076 0.08265119434273982 0.42923865602275013 0.473273886424571 0.4107235037220621 0.3973775677954364 0.07838629638297112 0.14226444431407026 0.9676643368365878 0.4658528531302015 0.8337977450271704 0.1300641240947864 0.5820057059543895 0.628019346788836 0.5676989146301767 0.3516135267843947 0.6382696288231526 0.95063779865237 0.15645628772942988 0.8562377594898439 0.17261935021254704 0.7458459930363455 0.25681389740137084 0.16446970233435165 0.91865940464284 0.17261442798142335 0.21369188493826463 0.7408931151068437 0.9411934997238482 0.19843619515511957 0.8189258867127855 0.7106399700522605 0.24876793683567477 0.4168792498713113 0.47472500596947154 0.8497449747901383 0.5583651610382971 0.8203387651593609 0.05408971438928778 0.08885769644657493 0.4398029400437915 0.9514339335295293 0.4584702604213421 0.2527864898001313 0.16718622497943136 0.24377423919144348 0.5869963908370851 0.8622318062290325 0.8485750523407213 0.7968868429441709 0.5030874500632697 0.9776799966708667 0.2770090789329318 0.8211456493719597 0.5051698261906269 0.22639728372541235 0.0939349342345065 0.8511457618565726 0.5205108852789013 0.48360553132732387 0.6185744441119994 0.3558150570042464 0.1428398840603986 0.33630775216536646 0.05126255968168747 0.0723893770471209 0.9072202061359729 0.42418284228632064 0.4712022321874263 0.31159662985024505 0.512421701031557 0.9029056157163305 0.9824636862582315 0.7995326780603149 0.5233363353975435 0.9701130167312071 0.4419663235425433 0.3796017758312997 0.6448747224683252 0.15129690082613456 0.6511309494610933 0.15472889390737066 0.6706635000277658 0.18372116661232274 0.8801462475360651 0.8331060151091897 0.9998374274651101 0.474927205080688 0.9756471741840167 0.6849314906231511 0.5313912182111831 0.7961653320778914 0.4714197265971216 0.4067095785925787 0.4682476039868042 0.5641195309829419 0.006371783402626341 0.4463050595426522 0.6715060126742155 0.7163417251566457 0.41766955532470285 0.32626967781711225 0.056263530120575056 0.2108555334971266 0.14747394141628745 0.7233631318516444 0.14364011563906653 0.09143340489807661 0.9501982482009336 0.8078644554155819 0.997244742814732 0.8310844014800697 0.0048759582674121615 0.08835692647078097 0.2711237887539607 0.786738932713002 0.8658052293982685 0.8685731151271296 0.10630129820957934 0.1054567414057187 0.15565379546986302 0.9870982616776921 0.8253473988523166 0.5983978815343104 0.6591716223015881 0.7012353122087644 0.17442818176211627 0.4699628738874323 0.6031725710230057 0.04602452738598195 0.6784711333608514 0.597965055208272 0.31821137633021135 0.9799042445756095 0.9271507035611362 0.3261103324075959 0.13254397754462444 0.37761655843092 0.7533742723340984 0.5719812197863487 0.43092297875627417 0.6653569003620217 0.6267511021134573 0.34191743414197473 0.12227890664976337 0.7859607482827113 0.4315124589288756 0.6486653904208179 0.8092836550812458 0.4229070705000836 0.01623987559299722 0.8918139559792669 0.5286388933583702 0.3079643121531369 0.10006553258112161 0.8563141481693838 0.02245570968169075 0.5441851260305895 0.2555495223363322 0.7351380820934119 0.23790760341214356 0.5121914272999277 0.644098658776566 0.43483233502944885 0.1264696842842712 0.47098543623036526 0.12281465650555556 0.3624345853775842 0.41967017024918485 0.48983545312438936 0.1843686328478059 0.7085473340012005 0.7502523572323516 0.6397059639678698 0.3364502685533284
0.9848478791149846 0.04780180966363656 0.6359360654589282 0.6310406095836152 0.41162986913860666 0.384663805936307 0.6283101338512094 0.1380090107714883 0.28813229525688133 0.24384879661089287 0.6517365285945255 0.13593986575838135 0.7809735570467089 0.11509717199883529 0.024198864040814172 0.4503190192320704 0.4880351060864426 0.3188864568379489 0.05782463755514389 0.060534685115131825 0.538394230229323 0.8854101403789757 0.8729704812402914 0.6334484673284712 0.8943191766798316 0.04651943750265042 0.08914659399312475 0.09602084469845118 0.5344236128335698 0.8874537871019677 0.2128771182780923 0.5733262899384565 0.8110887120844117 0.18892276166815347 0.5874167297265489 0.7687838033560488 0.8264448868367456 0.1539307711932505 0.8548027339756038 0.8247273917042188 0.4160182607471924 0.7662570761409329 0.5465201993567603 0.11421596990964977 0.252057944733293 0.7448482026396106 0.7375097568968857 0.44704395564706245 0.7759712164485132 0.22589145358965879 0.23785831730316143 0.9408042881904787 0.9761707461027713 0.492036484141801 0.9938174327443502 0.985655756550673 0.6463762120290759 0.6443456836083218 0.8522774770472693 0.47914169269742446 0.2561543607969964 0.012102121416814438 0.7702616413939543 0.36238211114922103 0.9474328934662775 0.6477121247428805 0.8320751832773142 0.994347647589522 0.741285332722763 0.6442649971182672 0.2647504191615303 0.4655608380572849 0.9158344577265793 0.6380201417548264 0.9004284844874937 0.13826124622517255 0.6146211817017345 0.029857083891712266 0.5723390314399301 0.7681907368446987 0.10464515419750997 0.7582966888106012 0.9137546991114683 0.6034674329839521 0.5651194646940297 0.3762769062344762 0.07752944195860623 0.16643606711130077 0.4257092606931506 0.17903042809812098 0.44497286781083234 0.6947836914814468 0.6549314121725209 0.34379920112897455 0.395961642838068 0.2635633908606301 0.18430311868423865 0.9019306310046823 0.8121515627465568 0.021017460320602033 0.06770836992705165 0.8551052396890648 0.16276961050880778 0.3848512042415506 0.8622629670118792 0.18616951540368742 0.29078645649859836 0.7357254627526212 0.5752707298535042 0.04559669145643286 0.8151170270732057 0.3242845504395715 0.9112575331820421 0.3766481165030754 0.5304438796614961 0.4581996733490672 0.8975540017534439 0.21789059405845224 0.4469616385551223 0.8209976633642934 0.10878564340888808 0.15060176350023402 0.3681939982448965 0.29163924153935605 0.6052016528846155 0.6773045298911446 0.48885832784298155 0.6759967012045744 0.5947729200935868 0.6410499511461568 0.8948146852958327 0.8987204511453494 0.9546123668788365 0.36836384119221477 0.47286520114664654 0.9196599586494749 0.382926459272817 0.6083127458662035 0.24269962455081417 0.6775499787941754 0.4323374223000179 0.17059307747609842 0.9007214107415733 0.7988030434969956 0.7136445213952991 0.6992866347220865 0.611567319470128 0.7348896635847201 0.6640680597542735 0.977146495185146 0.07789939359543185 0.8952530824888956 0.09238452746216741 0.04400861454744143 0.005389673314140753 0.3752743093184625 0.9760736188351843 0.7110729829483786 0.9423341633606562 0.7207644954223225 0.7155933170230017 0.10981938702309457 0.6049723143506875 0.9395580568399148 0.6957307440198656 0.8691112841746775 0.12645682270333447 0.8908372193895757 0.7070338007370888 0.053635288922019964 0.34633266621364456 0.5187091161333743 0.6299796908207085 0.6011057023911822 0.5221201122250348 0.9984168020655216 0.9909495442429311 0.8705792596236177 0.5493338286354521 0.4159487130600633 0.17750144166011084 0.2910247483812074 0.8776409253370145 0.9833484207864288 0.765529639673234 0.8355361699764438 0.793158410440656 0.7077524127271096 0.20349645637637037 0.8376094908949092 0.7980914662618258 0.18306003618382782 0.463942260484578 0.39326654277995865 0.10725676121404859 0.6932781611551427 0.9574742819276502 0.6015069218088711 0.27871418320547625 0.09559851426466348
0.8254325363930493 0.13995698428338976 0.791089866148611 0.1769740074138093 0.20783587128589254 0.32033049505818856 0.7845435868677328 0.043353876926105483 0.7420306432306847 0.16323631333648136 0.009498314310436795 0.8539205885594972 0.45355100598803666 0.8834413665192979 0.8476816881435764 0.8090707570218815 0.7958740376820677 0.42647780577921923 0.35222615374225563 0.09792380775321474 0.2377204988813082 0.008154342667130443 0.01459890757406379 0.7410825361016714 0.0022492608735381614 0.19554138089291984 0.6032664933073754 0.8041013854800662 0.028917159713071183 0.8682074277179285 0.6377570481507976 0.06656509426133195 0.936435556176678 0.5804473110854608 0.4070412643318073 0.3455040579986075 0.1050974285578965 0.9987182621882473 0.0920313109203752 0.7612543314571552 0.18380855906455318 0.5806419465730704 0.12390489975997343 0.8661808312077403 0.8548718969060306 0.025208367011270716 0.45560840395159585 0.014458005357147141 0.46180417772978555 0.16092430614910525 0.36004745141325656 0.30740883838675437 0.1502511339470458 0.25441615388838035 0.8788796850653797 0.5052524949781054 0.44536425534509416 0.2695379214807442 0.43655998032066723 0.1727772262835099 0.024949803446703278 0.7030217284822644 0.742816767115548 0.2173344942840867 0.6972171101410373 0.8833714529809926 0.8544457819707033 0.06524276249831684 0.22634331234749505 0.5224637270457668 0.4951386615997283 0.6186519572584518 0.812276923615637 0.21930466749818855 0.0523374003249274 0.48945182767327844 0.6458169073036629 0.016892127434757542 0.8967212673846556 0.21379007790927151 0.09897778946594082 0.8811370730745476 0.7474047014900257 0.2651483957737575 0.11714138682382802 0.20966817641029534 0.18814118831006876 0.038563771171481465 0.3817475855561475 0.4649675771486973 0.8336540191123517 0.23188637564510983 0.6343155912352169 0.0083890746481321 0.5995497204894765 0.5394705338955729 0.734550941959189 0.27025017741705015 0.030053140797688727 0.8866277774168938 0.09828012067886949 0.34258556009968477 0.9519808151895179 0.7535381483057733 0.3321698230253868 0.9503430203293622 0.6297773129663454 0.23806131010978093 0.018180697135725565 0.1577897542786686 0.10896866849723252 0.6205429640627216 0.38349949824809837 0.5926100306902808 0.8010051025948814 0.41769513294504745 0.5326963909009467 0.6533175110549605 0.9038305332465543 0.16255502072738537 0.29103583198645866 0.6291160274886224 0.3783952903965776 0.37416167457886906 0.5344479759645233 0.9010772860767635 0.2202882041877392 0.7660927339553539 0.17963634290422847 0.1323401473232413 0.08630694541045547 0.3945859536282468 0.6961330407845923 0.17063912458885833 0.3971150982373478 0.3140439188883518 0.04180032812122936 0.9214247989921556 0.8744968593439758 0.8712288222085884 0.03367958672706195 0.25216854988339 0.530520927108825 0.8759909635331696 0.21363742153544374 0.9538611861575333 0.6841732061736108 0.5961485708073667 0.36734743868882636 0.19248798057964756 0.6615865091858768 0.9612875750501246 0.9722294146542415 0.05610351858116991 0.10328680725835426 0.7799301909760146 0.5836520415855109 0.24121589716890035 0.05453139178075472 0.28686144589681206 0.5998509354670877 0.6210932376786147 0.5673936321050822 0.665577454754869 0.7517797183413768 0.26199547439145154 0.3623059397304206 0.27123366084357203 0.3776129162496932 0.29036461363492994 0.5969002666979923 0.3086144480136507 0.4371869605944233 0.7649518593094731 0.7445916754275989 0.765911884945956 0.23996919351697044 0.5500804374175513 0.9718206919553033 0.265650131330176 0.26466786943555665 0.12673200460883005 0.01924549627199945 0.7238326844799786 0.7246757739262848 0.10002207561778509 0.9069684408708613 0.08129757221223421 0.80745099407766 0.587631964524296 0.08884143073045914 0.8118545088321617 0.3147563568756745 0.8634504327547162 0.1939243141279372 0.1455156513242729 0.2890496890344011 0.5251825859459687 0.6290504760622303 0.8049923115568388
0.5020052287231299 0.4257323403538199 0.9740106803983876 0.654282589997167 0.03314616936504722 0.56903732824809 0.7766869978293162 0.19537402341145393 0.195264847430488 0.519440345818511 0.8017447137922217 0.01865577308436861 0.40174357864253973 0.3890688080534299 0.9399749621762867 0.2872300922966631 0.21321156429346344 0.6792310591303162 0.7646259550615311 0.06361646855873604 0.9108421831549642 0.32195490721173015 0.27991409383372934 0.459638502393816 0.005644607270397284 0.2028241715759812 0.5912630590787042 0.8406145359460507 0.38829135999525544 0.5692540869255602 0.9185157052705976 0.3522404097651721 0.08606844266848801 0.9273691933897372 0.8043669653779913 0.443664005745225 0.8361212939351725 0.7966074257136275 0.870238010066072 0.1847590251616269 0.40340308080712073 0.35638329521363277 0.9916229188946396 0.7263864630149918 0.32091323943904015 0.11308253380213185 0.7385001252598613 0.3535830761358669 0.32767189395325746 0.20785018538901134 0.22089406016994373 0.26925550676260734 0.516960513521121 0.12485728767818915 0.7754828395825315 0.4751483385323334 0.01874184484154795 0.712842539025916 0.9054476142748262 0.6169099219938229 0.8186598128819887 0.4521251057273319 0.09093100379734809 0.8784145375847014 0.42959327091400124 0.7504351127833983 0.04174497434540603 0.5697425032355696 0.6527000768017928 0.07837459272333058 0.06595787499010741 0.3431998907228039 0.01711379298894422 0.06639505661633982 0.905804201788067 0.7554455207746003 0.40456079231929654 0.14952782319897984 0.9300030212450145 0.535092115800548 0.7172488592859215 0.36752704826526195 0.2745773396335549 0.9640043349175862 0.5351041245491304 0.3308734727509408 0.25942763151391934 0.3553866043604752 0.2666240697656873 0.3104945631192203 0.762131052628729 0.48748552905497256 0.7353669212771416 0.39641188967735286 0.3313482896131613 0.47393297564309844 0.7361866493283179 0.6245685252153139 0.7953860466594228 0.933708052993743 0.739318473334468 0.1439102013569743 0.0362527564079258 0.18902539568762955 0.2077836519063314 0.7455240982580102 0.17529905805087498 0.1512249040761321 0.32024701960540114 0.15949539603269103 0.42046857283264305 0.544838451096692 0.10201911783668438 0.7003510568294528 0.43571797705314774 0.7863853187338222 0.6867421263419715 0.6682655270023105 0.4150197965527386 0.3520755538010384 0.7271548997126869 0.9182524402996891 0.048123848031822125 0.20913684249673503 0.41036447846329727 0.6005187716452418 0.854892436589832 0.8041054527401429 0.4111104712843219 0.5856332283413611 0.11877002911077872 0.5018459261485336 0.8452473840951945 0.5450785534893554 0.2547117085317111 0.3501512580672832 0.1290651717092577 0.5585596153547498 0.19628917952977765 0.267792451450794 0.8524273450736004 0.5457835034054925 0.6255246563553554 0.058004780387339805 0.8051975812648676 0.0008585123265562045 0.7141756697588184 0.9420653505531844 0.6856648044339991 0.63031715388578 0.2772301838502601 0.5313287417696818 0.44556875705611176 0.7908967065274861 0.6437087280067326 0.24503315842533524 0.5528127222974256 0.5296680800011421 0.5558582834754989 0.28711105568227 0.551464717244377 0.6843432214618224 0.9920624996816343 0.6820285008525449 0.5504560831355602 0.14908638627007775 0.9819593595628137 0.8155175764889379 0.08043650412735293 0.20230144182498255 0.7356428788800873 0.06342714286763218 0.7721312520715038 0.6464985819746014 0.6394262545850331 0.7697352698927767 0.8122703698009044 0.5793258982727408 0.699831072113625 0.45587749906905506 0.4009254236399129 0.34586013543837424 0.0445028291071109 0.1142230022443117 0.10428757886093598 0.41230945202626457 0.8290856946753017 0.5086876215341388 0.14746045935734742 0.05372507312654917 0.04539613870523962 0.7507403288030202 0.8986995511917651 0.45260928065388195 0.6083994462694262 0.7896261240904855 0.9106024104393237 0.4969579169619551 0.5081211715351435 0.8060818763627443
0.4627520892706166 0.012386990792213393 0.1803872063868841 0.5412469400338278 0.998328998018406 0.22967393871393893 0.2962394581060156 0.7432162044353695 0.2795124109527306 0.9960716311372912 0.8409260834237061 0.9192289656887425 0.5357547119687369 0.8108203658499351 0.7081628196690737 0.28947120282622074 0.6762756984132732 0.9203351708924579 0.5602617611374255 0.2736631593500062 0.3438200213502195 0.07055878367394075 0.055156702203876695 0.08623140840450827 0.7117459841695425 0.6254586084107313 0.6836558345041283 0.2999719946697702 0.793173526207282 0.05043554767364067 0.43092425031138826 0.9983861627774004 0.1342763447477413 0.6261888400626829 0.2426942100022238 0.8087042304765047 0.6390619188937109 0.24504423264305408 0.7881693576671263 0.7328777595584453 0.6192550854384303 0.4054556456793508 0.5900972656450204 0.5411526562959886 0.8903132481089931 0.7985760544795195 0.596792714141883 0.8719017202605747 0.6333656094317808 0.2221183421044659 0.20568280846692522 0.3082663860544952 0.8901241693272445 0.40193033251037036 0.2354817264280641 0.482337287037674 0.6664387991051447 0.24383694097210973 0.12221773444511186 0.843481016519576 0.9675257030602739 0.6573332632459333 0.8197407449362227 0.08423120715206656 0.8197884999495962 0.44863808818217754 0.886485927190066 0.8775392518133853 0.9626743949133618 0.8696613891438869 0.9107389161517553 0.6554826179882055 0.08000921574298292 0.12304274420944494 0.5177942399029357 0.6236716612204976 0.007475147476875943 0.10767657088110494 0.9471203549918005 0.7816383441595901 0.8555448063091434 0.9744680863546298 0.48514716389508283 0.03660769774433259 0.626741059145377 0.7913057520980126 0.7951408594426198 0.9969538330074743 0.5600070342611372 0.8232538954016254 0.5354902720736655 0.7503361196253744 0.9783011744997955 0.8032319954650766 0.9509212451443232 0.538498122094543 0.4710853389191739 0.08440097024840454 0.6751788550167719 0.6968207301832168 0.7314805141614441 0.8369582838181512 0.1771066601862029 0.3339504774614357 0.13918069543282363 0.8788846379641533 0.8243551706821725 0.40322552761779895 0.4377822502370039 0.8674949885817367 0.5548111649354021 0.3630170386851864 0.37654777575530685 0.5587387272182731 0.3264969139840078 0.9069428134777167 0.19846012153211845 0.9372811923194558 0.4056736823887168 0.7308824602143722 0.11555236497540566 0.7189759702627183 0.9983561612416169 0.9555688773285905 0.843191221935536 0.3659289130968998 0.7253816457585625 0.5732419402680651 0.8223611905030186 0.9761482608471602 0.7694646316879441 0.3354245659017079 0.8845023233714597 0.6376532914345414 0.7748223684525093 0.597501087393953 0.4185433595535485 0.4282760816911294 0.17439739557239575 0.49483482675331414 0.4092291859800027 0.43305872907655507 0.5424103735522081 0.7447979361224069 0.6227194624279914 0.7240815564033295 0.21716889868558686 0.5224428746722496 0.5528594826024764 0.4152132169148677 0.5261590754961067 0.4806047818243858 0.6512748699512518 0.4360609925842943 0.06722348667278277 0.9554137228929258 0.6929594105758669 0.5772238005867809 0.15756207982281067 0.8085734811623567 0.821721557782805 0.7632454137015225 0.9760399409193788 0.383668409986058 0.6022252873709474 0.301978721063061 0.40194838466330995 0.3449267998233285 0.34885556393557793 0.3849703399645611 0.9495874566098061 0.6339758758555667 0.041356990300713714 0.5781171332310323 0.015495772483612003 0.609993197507236 0.3856061155199727 0.15982893780932428 0.22005367454530356 0.8941846719392715 0.9829680767626876 0.7818095021001381 0.11194206896896408 0.34951481878020274 0.9593586302206856 0.44417618030039185 0.44111104949958935 0.34948171383047044 0.9290165930889541 0.31828575359560607 0.9662442418664895 0.7593333965117383 0.2066964420317925 0.3811074642791916 0.5402992156289884 0.1088359786795774 0.07101180438596555 0.3317845871602646 0.24785018989555596 0.3996952011973587
0.20710514104147804 0.8928737894384011 0.1103941391126394 0.28979344391206385 0.6257105358983337 0.0829248396543556 0.8399846803104127 0.16684663542190914 0.8667799548177351 0.6769899717643851 0.5391520150676743 0.2509430652851905 0.7006576159588037 0.3865581566234788 0.30167764815753884 0.31253952766070825 0.46494518735343615 0.42515281515874426 0.5280522585821081 0.02206045767619791 0.30380577760223726 0.5751178938749861 0.08049167926746648 0.32868808570185315 0.7849097444128134 0.64340312248413 0.19859323126833295 0.8254377017342561 0.7402000154624585 0.9703346436208552 0.5744764403303737 0.930246217805877 0.3160876160306122 0.6220504360319973 0.47368971325544484 0.9111927106688236 0.029547813386252897 0.36082748793930686 0.06692854672584803 0.34370182183335374 0.811184674764134 0.1938938984511681 0.9295362229822806 0.7978432867372591 0.6649290377187705 0.5553240686231558 0.3871220393496365 0.929742900350461 0.6230010673909909 0.8989745511297398 0.07206967973166223 0.928262733934663 0.7907403873591531 0.8729899200284437 0.397430200085499 0.7400608564437231 0.6597592587110745 0.2872640977852341 0.46310643711972144 0.4956568829725423 0.20153060535218315 0.7792375245357007 0.87925025099225 0.21115069521765673 0.9817465471111071 0.06078765550099963 0.34860003107339543 0.45975261902531905 0.4335081714241592 0.17721289305452725 0.20795010018853766 0.42042216626739437 0.23960228324831812 0.7233188836231681 0.014279647748395852 0.3284671523068796 0.8705114021021303 0.17547547348867842 0.39499837543308247 0.8234161027653496 0.3523976574626628 0.04877490051513955 0.5426027337614435 0.1416402493628559 0.1872610467897584 0.11029696916113507 0.5647821363415321 0.03588125453948943 0.4435495113449517 0.7243302242747512 0.671442769328713 0.224447331962507 0.9497003957128056 0.11518515642730798 0.11263859572382451 0.3007871331997327 0.32035084098205646 0.7487773286223932 0.018492607575099296 0.6270562565259277 0.21388999282989074 0.6777776317713298 0.07768211089369914 0.018277758681298995 0.10712047504147326 0.7535258151000352 0.4948944802850833 0.9050497217714344 0.14203097744968696 0.47910056014998004 0.2255725336807911 0.07580182498742527 0.64740495714193 0.2558087605650683 0.481077092256442 0.8168439703581768 0.14230383278499326 0.2913142420361461 0.11974735289134508 0.5479855314814907 0.6696629905122377 0.28744291422373547 0.35462146258990535 0.3451676430819889 0.15415123294215582 0.1612074637963815 0.31252424517342625 0.05337035441044491 0.4785263385446935 0.7212849402047535 0.7554759834951718 0.5738475281224312 0.8685108800759147 0.5777013000908436 0.7806288011599652 0.7241178422227564 0.835636128167472 0.7471106638898798 0.26187429924426997 0.6097061368076079 0.8755834775700769 0.27217605361978303 0.849960237306342 0.45167726844245115 0.7212876876770772 0.32632478836642265 0.9744425245269278 0.6442274672559666 0.5472387387850376 0.01787234026737583 0.6629610007403197 0.892121520399471 0.900087649378222 0.09811676571502848 0.07785996183963084 0.49965321331982904 0.38142695149731043 0.4842039891594514 0.4771032527315989 0.05890066790755122 0.8942129647432863 0.3768759123842459 0.3881879201060896 0.8452991226697704 0.5314136509281637 0.9446098421776283 0.8452062843446467 0.05600375744238695 0.7084289017437341 0.06871303597447853 0.8691414596994376 0.12207790380366834 0.9219516465349108 0.39118001237881106 0.6151535310394959 0.9749248270230155 0.6522089956336212 0.9072272557114341 0.7791435708168811 0.4824869142858602 0.8990140318544314 0.37585798388318514 0.8540993502597259 0.230786229853439 0.532158803863858 0.5860821856375354 0.09112664781169366 0.06719349145704823 0.9595344108845079 0.9294940890869389 0.26344910036120317 0.4034364057468879 0.351722320590549 0.16842688720240218 0.9060765932400018 0.11474032907528964 0.9010383908619682 0.3209868256441357 0.12505552750356186 0.631187933252291
0.2572562375080327 0.8659845149994416 0.05973614231756641 0.6351113544601951 0.24649673570065112 0.787565012816123 0.17877538781614555 0.5964706321928528 0.0013978226420319206 0.4077018531915231 0.946854658334146 0.6797799105802455 0.8746443500713573 0.11030395611766508 0.11173744148573961 0.05655294916316134 0.09210872076006649 0.4373848448408739 0.1409068637455254 0.712511786903756 0.041509579080316716 0.3531298375102869 0.6199683172660312 0.15335180548639493 0.5013708858725892 0.4731559410375592 0.5236137941360962 0.5239432640489733 0.1813176361011294 0.7207277932123213 0.7907871727167963 0.8153378650302087 0.19958254559470545 0.32102591671439973 0.0831191053590371 0.006017678498766887 0.6469840824042109 0.6839988795879787 0.1551849738081469 0.5856479882055566 0.36942615520807665 0.2494744182276678 0.07586310421314757 0.13421758907933334 0.012854622759130963 0.8190372268860846 0.05281687129413459 0.6026746635551875 0.7249128178878373 0.1356166296904815 0.44923946489899613 0.05550232459640181 0.45843241238174837 0.8065082061157021 0.34894980004673415 0.01466954927332298 0.08114473857659987 0.529670860244715 0.6544606611790711 0.49653768393424325 0.8136741783458936 0.3076706094621716 0.8390264325950031 0.9861695783521499 0.2016998954694632 0.9133219568430822 0.04426715236078649 0.3535266219141797 0.0915435785722245 0.07458809089924878 0.7460588792139722 0.4596503305137223 0.4531919234364401 0.6330363398037605 0.5032474137402122 0.31703800254597825 0.06759560758131467 0.23266484400529863 0.02642550234863661 0.3762565978568677 0.6288665950053374 0.09699576669878296 0.7007767762132531 0.5906499920065792 0.5118380614887973 0.9247744241232134 0.04831536904975231 0.6161892686014463 0.903216661228833 0.5849366444894766 0.07576170265299487 0.798933791355521 0.5537787994776661 0.5895629502171346 0.4771840085325636 0.5050038520628949 0.8390197233564493 0.6890780644280683 0.429785191315035 0.5347427831475897 0.034997822379979504 0.2107188686280107 0.5257715098130499 0.7251544180904912 0.6593896227938804 0.00330238593360066 0.8018726150140318 0.8601248087856288 0.905969833108026 0.4957321311784051 0.3390104272266833 0.5035960260879486 0.048161235247070944 0.23312680317888124 0.16727418334626198 0.4951765764143031 0.13441860843362174 0.15773819116028054 0.23113399496323328 0.5709675256956813 0.7454996413276088 0.8222705513534397 0.051184515603393765 0.9623766226555832 0.20915121173276385 0.0028661174961973623 0.19604615625885224 0.5119752840159544 0.11469048038289886 0.05966826790276969 0.878384063335086 0.6642292247529125 0.19657267015280577 0.8023716707305678 0.9471814197910159 0.681242527548543 0.007337214244919288 0.7634344709431617 0.3578736119418948 0.7623682444800081 0.795735256349583 0.6610578337267552 0.5272104682867478 0.7660988312351701 0.03671623604180596 0.4461964260962161 0.4276749003710212 0.8169742745152562 0.8490262552766598 0.5464223159448756 0.3656127438154899 0.24654140108823042 0.44521306848186204 0.5369835152168508 0.9422478734080754 0.8634608645484555 0.5691144751875771 0.4089554154260737 0.8355868271172193 0.21186458931757068 0.5708848917540971 0.30155180091691614 0.9435772414165301 0.0039622853715108874 0.1453416172346269 0.1889520659152949 0.5684766953203844 0.585940599605764 0.5359913733456245 0.7379715982122425 0.8264568830398489 0.2769783934589164 0.8972587085245004 0.46732466511126425 0.4526692862547418 0.5047678509093838 0.34385863410779105 0.5740295124956625 0.5160187478948134 0.6223668289274394 0.9571079759113229 0.08064449860895184 0.8842348157580588 0.4207697756704867 0.8197614985090762 0.5769032562575825 0.9975879156563799 0.5344479319919847 0.5743862961318498 0.7165843578235065 0.2861752396973041 0.3866785913823918 0.8734964583876299 0.7615308500012117 0.9415559423810892 0.28340074792153114 0.9237706094624771 0.20037395157368343 0.7020123762021417 0.23699592871687258
0.6654514201369177 0.5706846884820611 0.7131458416285372 0.4240729616242259 0.45652718604389086 0.5523698007104816 0.9904671418146563 0.12380318021717096 0.509927474709857 0.041653813052024646 0.08031469547941206 0.9536075636982053 0.22019104579217863 0.24087248828315044 0.26739082492435295 0.21659445131223387 0.7705005784753846 0.7767198648310062 0.6599199212082851 0.6795775884655509 0.7300270354868813 0.9991978766628884 0.7498658335674904 0.020781469093428817 0.49853247467002926 0.3014389048647199 0.8033197808542568 0.1078188349314616 0.13952970276105403 0.0014624869116374173 0.044197514254610604 0.3608232272604235 0.5722453458990606 0.6806699602729215 0.39939954108071396 0.9322647787914565 0.9812603288677538 0.6846241486135823 0.8300539765183519 0.4570437904055935 0.14145257522232246 0.863135414080212 0.5690005142122282 0.8861296772117623 0.4019728337972768 0.29466632467036347 0.2539802173600627 0.04968548849656562 0.5447290000500967 0.07901860971122954 0.6318862189056431 0.471796734492268 0.16174233833348117 0.4790910032712664 0.053284834481473364 0.7686738749324596 0.9028542555166407 0.7167908142796917 0.7394328101881008 0.07625931674206798 0.343690176607643 0.8459725201128779 0.8546990074706026 0.8709459534121083 0.584864519165454 0.4702307016516134 0.4339995286896282 0.8566269033896624 0.3857936550079436 0.32542501077853625 0.8191159419666637 0.3798251624198091 0.8918890758668924 0.8652146024939729 0.12316762662030523 0.14880917594751564 0.5461928594477135 0.8422780018467757 0.25191844361281046 0.45187200172212705 0.14235200575309737 0.9182221844837406 0.9700476999777579 0.6597011503597409 0.9353429026466364 0.2721589997050995 0.217301890008348 0.5097886204059167 0.4143165733812405 0.6803606413260306 0.05148637866157324 0.21824165662010986 0.3816546726053127 0.03580202166411506 0.7889933098832224 0.06269789645663182 0.7443075558439806 0.14957916479888544 0.0850529215239687 0.8878007207231036 0.1179724632815059 0.08755107291855468 0.1911151512370206 0.4807221425555386 0.6519304450122727 0.7832612463906333 0.8832498612893639 0.13343117624389 0.4081520203030312 0.8980228936526796 0.7962151790970328 0.8088755113852047 0.4848039361283273 0.14076418929195766 0.7701417849042642 0.5423373872847755 0.6264115838990751 0.6667381395789369 0.7456081151710615 0.39232007682959325 0.14407946682526107 0.9842286123045567 0.24236590850390372 0.3201005491478002 0.2608592832024331 0.34791680131829283 0.3869767455033797 0.4194605785582478 0.9493776443992795 0.0130751342309261 0.6638530976008352 0.22049209802265246 0.7437678275223257 0.12733451238507554 0.9725652947472432 0.34932354656697495 0.3101881729272423 0.09051439125733385 0.9607729402952581 0.29315596848903835 0.8650356478274714 0.8889706726097262 0.07639940889706753 0.23370224016573027 0.8611802744801378 0.9882070836978372 0.007199838346628629 0.22506937142081596 0.05942274763983946 0.42588430189629956 0.5027004587762712 0.8210337587585753 0.44923709139364143 0.7654571941434676 0.22569273313920835 0.6109009861253087 0.7807779935833737 0.44751391509324623 0.05638702549268626 0.43948291905062 0.02450078209747797 0.666445459912254 0.58170915624471 0.6149159279512592 0.6969304501421534 0.9624845326001509 0.7370224291058847 0.478370962222437 0.6311610099073937 0.13770139064612963 0.3549964852028067 0.5125136899236751 0.9154488828411275 0.40111587551737227 0.965310429094987 0.018831093241460706 0.22396522138074404 0.8456897424918782 0.9453061912339978 0.1509209395745149 0.6779935644752785 0.8141307681600054 0.26597392061486225 0.6375033748214244 0.03449029071473764 0.6607077790964151 0.38281645428568334 0.7726154004790258 0.8858498945791841 0.6474463470861832 0.2914581103232585 0.746727414492858 0.3864543550398891 0.12778556597860224 0.6326782607754108 0.608371526269319 0.8087752981559058 0.03194002309811128 0.8500457563310191 0.6611043766248814
0.09971123557147332 0.21426669623192474 0.12196127615973607 0.8384666737667164 0.9003367048364769 0.47130124158546305 0.43196720565497093 0.30238010406292926 0.532784670578851 0.864060936715346 0.008016895294439497 0.49687257225275017 0.8976286056687098 0.0021009856973862595 0.7856173983332652 0.35172702606257134 0.26183589605413626 0.14484116648060896 0.5572256466973158 0.4920234098406965 0.08884291120038534 0.4287671252016946 0.3306502487377583 0.24080614929507616 0.20050316987415373 0.346405333515168 0.008559290828251576 0.11821395541206936 0.8421975822464857 0.26686199575881997 0.4747778823833272 0.47566072527966974 0.7835923315708241 0.6410788884832498 0.9058201644842424 0.28578820421532736 0.9691881991413156 0.6843801561998653 0.9992187407027674 0.18473899817907846 0.16547646887167888 0.19215296644975177 0.21326561619989948 0.9302728488201117 0.4123096207090051 0.815476222151706 0.1756529350574233 0.3930030765690953 0.7478165533672376 0.5276973347970886 0.3367515264791874 0.6104280509758384 0.07046773727857403 0.9844698019888121 0.8338586155266674 0.7094400750574912 0.6408967360109215 0.8954862088758017 0.048410224876975994 0.6100764048575369 0.062078217467211316 0.6856333827089264 0.0628267849073163 0.4690131153524656 0.16840726778055137 0.2764178887112746 0.0005740302447312384 0.7923346933265072 0.2937417278713783 0.9033015181742173 0.8591895870389272 0.4090015755634756 0.058472812815454245 0.914530036528757 0.09581543999636166 0.09056512370758163 0.20874954621037933 0.9204121977902662 0.5630637030265994 0.4296433912979454 0.6327789821521113 0.8350821461107445 0.04999370999191688 0.6186656010134675 0.5435800914732623 0.6353969432536799 0.49632068859228395 0.6529279068683943 0.11903362259551775 0.7286948656720721 0.8023036027517488 0.554679190329107 0.17182146786014285 0.42925280457935944 0.11618007581040268 0.031748555104581966 0.32552010608349324 0.44088474520769405 0.24090570389500232 0.5988760813528584 0.7883033987874819 0.4532062452395771 0.35707972038307423 0.0015843088125471194 0.668699395593874 0.8997308619310561 0.8463056436709807 0.9877746982048213 0.6323817325485876 0.4701469341723349 0.975606395679717 0.002767037589121002 0.5173901437308253 0.6332256741856026 0.3231997401661717 0.3532612821997547 0.723815714615423 0.9584915287988253 0.23927565028376507 0.4762519532244297 0.7007461960278768 0.5030333267316306 0.024232109979990257 0.7450246417815324 0.38027037787479345 0.17668435005101646 0.6815007199404389 0.7844740515733126 0.7956711423296192 0.6100975969419858 0.60860010919409 0.31285262434977323 0.8010412933032208 0.9587325119549478 0.9377077477434191 0.3067309009462178 0.7386952137326059 0.46562251045632497 0.8049372486906908 0.550352135548394 0.9813327485495038 0.6949649732021498 0.5284643441272723 0.24062169688362822 0.7646433208346463 0.5813367607953036 0.17478525804201372 0.45302903766273916 0.3221005603410695 0.41167558425003525 0.3934315881579755 0.45065866452418 0.6961585101363694 0.3226206921297383 0.4661961455654694 0.6881684700897945 0.4060995222714633 0.7505578934373822 0.7636639438231323 0.9821068904117481 0.3641028050745726 0.3509164463607668 0.5165795689583447 0.13786552270122743 0.39031826057264574 0.4826614140214186 0.6323344242686924 0.41233444528675944 0.2446363700723263 0.3352431648035542 0.055800606501728245 0.5414453188389913 0.5030665769485924 0.309841115665332 0.05278211413211398 0.41801888126748143 0.785375820981768 0.19471584718575585 0.3153181438102991 0.005762584133949478 0.5748057598375939 0.1694332045316318 0.9607636943695829 0.301878196806311 0.008433294001150338 0.6198931513674986 0.34791577555773856 0.5895915906943913 0.7161646705655642 0.8370428348468336 0.3620072068143718 0.4868634638565982 0.5456691610701153 0.26203776319414607 0.8829986097276897 0.07532484962066133 0.05147459799485543 0.18670541416781405 0.8679495435950221 0.9356316441623661
0.7009725693815534 0.9733642118191331 0.9630312720099733 0.48168107184244546 0.791210861075402 0.33228965551898704 0.21532336451594392 0.074744476430191 0.39996975915571453 0.4762741716383032 0.2886689150247157 0.8048811987251359 0.5874312290105573 0.20521280452155777 0.869246812894255 0.967361867222406 0.14807754862871814 0.801424108213833 0.6386717513867228 0.8197369044388366 0.7843702037453074 0.7675912188005052 0.20456157006780618 0.7542434508005553 0.7829292459352875 0.018681875624650512 0.919106690102344 0.8957034214167361 0.1332865469063016 0.3378759533314434 0.5855182160087687 0.47921967100144824 0.03558557366893844 0.2654226939774811 0.395244928526959 0.12133538913464359 0.3359803051058684 0.11557932487072431 0.22877993861640633 0.33855500549983886 0.8487680578389526 0.00044032166543339635 0.9004500570423253 0.6987425051690894 0.3726954724706232 0.649665862888468 0.3717497831590668 0.29063935298987176 0.7889973927903936 0.9934144884732338 0.4166660681235407 0.3262189046793148 0.7038210875497072 0.48789546541144346 0.848305058808584 0.31360004889330684 0.6336255574948652 0.9206148604261113 0.3081313996157392 0.21273879188411027 0.8203241945737416 0.2403554712158652 0.15681285138815404 0.6697316059924997 0.42532853777744706 0.40883005306720743 0.5599163687834043 0.8833253687354348 0.06868271541035531 0.441879304589218 0.32660799177109423 0.03494925756967571 0.26308065332797015 0.7451314277763156 0.34624987846383537 0.2960623577991516 0.28006551744735675 0.1477965891332017 0.0707844003500302 0.47641153225166766 0.3638187977483438 0.2420239095986214 0.4473096199749955 0.639056232372786 0.03113282302298792 0.14102573708058763 0.4517699336573433 0.8637179622357719 0.7923459315205372 0.5761643470860074 0.26025934986120114 0.6067320670634161 0.14165532648889523 0.18215160465909164 0.31911746821006126 0.9347246053958944 0.47646417439133615 0.4876183383603785 0.4096082906061621 0.7135825994265701 0.4633469600508745 0.4136193929366101 0.8681819337363613 0.6939961826007203 0.5663966616724232 0.07159480250631889 0.47436795020222566 0.6473685498047174 0.8008153031157615 0.7319772005095614 0.4160550399069244 0.7224582754175398 0.6229986254026878 0.6079426312355809 0.05354826313600536 0.3613163373165613 0.3507788285251323 0.9832683741603188 0.5259634429702104 0.12907423282983022 0.181565601249006 0.5770699992663657 0.5911732404658564 0.48352271475317343 0.01618054830893101 0.9037041506196446 0.1594648328918591 0.8316146563552895 0.8626584237893153 0.27187941153709094 0.11317138072018029 0.2725439431569273 0.44633842835581927 0.5295559406003347 0.11762783071458993 0.32250449957577 0.73641200149026 0.06952192361304488 0.043799567145838325 0.835994569724803 0.4227921318153327 0.9236929531272261 0.619698421869939 0.7264853416762566 0.6672278973032082 0.8324285101292177 0.5334601234463976 0.8692813321971404 0.7874547406896558 0.5704153139394345 0.2745436884079707 0.8290307701356787 0.3336904525981159 0.7876801573251694 0.5799212600197025 0.06929084793649198 0.0027647470246269235 0.20418302426651413 0.205302840760901 0.8789815082384688 0.03546930993112429 0.6285354916339146 0.443191704184432 0.7933420422588776 0.24347055407978102 0.2932578755627433 0.5922113247016013 0.8190514626178369 0.045962538912442175 0.40557593082652366 0.4581328883626413 0.7374627684258205 0.4612479933331174 0.06409983466876346 0.23614357972181999 0.4664526932585026 0.30868860086300864 0.10388494636978463 0.960260044314168 0.47770071622917665 0.43996501605117777 0.7394495012703767 0.4141931788002885 0.31025698912973976 0.7392432416753875 0.0010849995414029534 0.3158463188022077 0.37595469680490734 0.09635923124500168 0.8703031667851477 0.10772264514850272 0.3848191477277697 0.10624858212688493 0.8460443925150527 0.6506710870045992 0.2702309261975181 0.09911425053244916 0.5153367629290124 0.7599203213138567 0.006051390276888391
0.14029499853098748 0.6748694224487096 0.3265776275122203 0.919233947791687 0.31832838760601845 0.544893157661039 0.6243892335338548 0.08162633888134518 0.4189264232110278 0.2988058815929717 0.12011800198741351 0.9674897177236659 0.3029734708364058 0.9340784072867976 0.6129061794908974 0.4704117494869967 0.9016050146552497 0.22792297032026354 0.4272955661018266 0.2292454891161143 0.21056117382388306 0.5209273765647296 0.31395522845320445 0.7516452604714945 0.2529065642933287 0.5547498879076443 0.6872763725142036 0.9790009022650261 0.5756098569394152 0.5151310590578178 0.33050255976581233 0.8215505661688075 0.9169949966946637 0.9540202212096837 0.3373422396977971 0.1652564020230871 0.6462257785154283 0.3149269070310645 0.2804323520108869 0.679063761871148 0.08323080280206374 0.057459952027553496 0.2306641929617882 0.7083865126776496 0.8966699403010027 0.7488058980060605 0.5621896430658816 0.9700089260738433 0.49802726114275875 0.9525084014291941 0.8555190460160018 0.39902356049841414 0.9926112740047718 0.057167614823260715 0.29874598031870037 0.6718793913510447 0.12338434046257374 0.5353665599678109 0.773081051859898 0.8007963148676676 0.721571968426687 0.40005942381229465 0.6122980337794462 0.7138431115048992 0.430576520790239 0.8646343415761946 0.039188853706699445 0.3974739449006677 0.2314889410758889 0.5468687798889463 0.46741416895727983 0.7563068869685992 0.1178720964978125 0.535993490257524 0.881886702199319 0.10415522620273909 0.40171672044771556 0.6168480248405511 0.8898241846894347 0.8988890071326687 0.161027628708432 0.9232069370640292 0.04720258090450946 0.2088840257771012 0.9849627886913462 0.3683670606318814 0.10023563382368783 0.2425166534741885 0.2909310148636881 0.8525187932783274 0.4773870206857823 0.9440570326810679 0.12633298032235585 0.6600198374555118 0.7891971490880029 0.1319285046993508 0.8244671504949684 0.9413699797146896 0.47336122510902834 0.6899248270408632 0.21726163635263107 0.08737451624930337 0.24459265427973675 0.5427313635454319 0.026467401403374224 0.6078263003665638 0.5291060196627568 0.5298803419673964 0.8257619365989296 0.48102409419416237 0.9647912084448638 0.5613497627387368 0.5136894708915755 0.6219335282570524 0.962324410119529 0.7113340437128307 0.8177393050855999 0.021176652813441055 0.9546566957598968 0.020354580463172067 0.6054366147110415 0.07400818511758589 0.010330683111313355 0.3113489650309742 0.283542119611628 0.037196005140480715 0.4040693938825304 0.5374667330506152 0.3191762615373549 0.9792491762738149 0.8600404053419669 0.4905062095811106 0.8410455832760827 0.2976421218965727 0.5286126059588563 0.27074827290585834 0.4290350013002294 0.9992521118355799 0.21403162630242512 0.036327382128353736 0.456276227150205 0.8491395276281104 0.08288071934292263 0.02602608274742657 0.8265327962665249 0.7034441983433102 0.3108789442450256 0.20038460492946186 0.4079506967530614 0.05649506718412023 0.7224560547287354 0.3430327999254088 0.5677911049858905 0.9564415354111145 0.0867237974352123 0.22620661497509797 0.2584932418280692 0.11095961259172571 0.33745788275345445 0.15706133650607723 0.35842765195771864 0.013092639086812685 0.8601390002142542 0.6008037281265066 0.6675824772062495 0.46457032999557746 0.5736669268799063 0.20801993489171344 0.24720158722359253 0.3525598313276749 0.7925558753671278 0.4263078521537427 0.5275374227311714 0.06889826311883684 0.45552841971196856 0.3716393437495956 0.8514362557318544 0.3987101840235616 0.19771519402789528 0.8298200154728382 0.4242225625999214 0.05341407536396425 0.4425645665562641 0.09272453430480354 0.9573615617942264 0.30359732748335333 0.6805799589672553 0.2142460839922511 0.8570775314258229 0.6650317981712006 0.3162265524230716 0.22079739173702007 0.10663826027973744 0.7650632571746574 0.9252446076174189 0.9843362603437794 0.6052676923923903 0.3678442393904452 0.2762741859146771 0.9410493607949288
0.2604953926445449 0.05483770379274178 0.16122075277043024 0.3413409748461155 0.6882162732255528 0.2527395366741232 0.6214470162310121 0.9753986605005531 0.975450012180337 0.8544876067631323 0.5257449399015202 0.7310454515608519 0.10454692695816581 0.9397678078949966 0.03214547770932852 0.007447126152496764 0.3126627660080854 0.6714024887569249 0.8434243832747954 0.4038543336481032 0.6755730210777714 0.11244108615189607 0.1049857207894832 0.44892111338839 0.8963174449060847 0.22193361347046991 0.21830671987893546 0.8605410323147319 0.9345664398881851 0.3213811039636393 0.8151027721687046 0.007127112249237122 0.23758248588641961 0.09954908384489836 0.5634661182616066 0.13122128452465198 0.6271861334277942 0.8832884578776228 0.9039650110768501 0.6851988502818342 0.451654604397551 0.843844486934867 0.8869174111078032 0.12615959402249688 0.45898189111538623 0.41475538323416605 0.010956798180917993 0.16171723940468208 0.8022902211077104 0.6434828959555684 0.4754925801568164 0.5892190074369584 0.8082476819891024 0.668652581480687 0.7577514212874948 0.8783657738180373 0.5161303231028294 0.581784756972102 0.757655769660895 0.49394472815670354 0.035970943469690986 0.4218626958494113 0.17075651009980974 0.2368279232114352 0.2850593408950898 0.1298803216199408 0.8477528153008137 0.6138483414123187 0.690987096559948 0.7695617771320798 0.616473968038267 0.7069144130516751 0.38057760073643243 0.5402402309649248 0.6953316457164671 0.4477728427438862 0.08252238916541643 0.7329311673047256 0.8436420772550335 0.1546954717201331 0.4620582413005542 0.08465009723009798 0.0935183981091744 0.369919698272945 0.544337028529061 0.19110171098618756 0.0854685069864668 0.21931677466471455 0.375229684337806 0.49556894472040014 0.30032814372335137 0.0960882793188621 0.38511111205107285 0.18940590503192112 0.8057740902819068 0.18558127974953997 0.5510237323210319 0.4768323439722778 0.3116750781225074 0.7200747973881051 0.44220984748384307 0.001516194954022665 0.9473273328048836 0.7391150402712394 0.2187317256439889 0.09509244944440731 0.22851669629150562 0.9429734059905807 0.0193699469066535 0.4199961440340706 0.34235591419578426 0.8285056755100465 0.2016814245680375 0.5397121298851696 0.747969149311684 0.06013463618760606 0.7886128439196167 0.31745390687355557 0.23574343720640334 0.3649652694088047 0.34206539160410243 0.10442481467541631 0.4581358744811742 0.9714137459140857 0.04776246511528659 0.3871124190098091 0.9636703260462941 0.6185743031854924 0.846109511610475 0.6848601300994817 0.8983132684073112 0.9534952448597532 0.07794234222315688 0.18254871714269083 0.9833943682233419 0.40102348579208424 0.7288143720112188 0.12130228425328482 0.06458916506859758 0.8619312246311631 0.15070066576298136 0.5856850533727072 0.11306342724435181 0.7265102097658304 0.5074552405692796 0.39748459331886055 0.7456039353311174 0.3415760238809741 0.5476314656092519 0.011061954969717513 0.16734387040597343 0.053141534579692284 0.932183000664893 0.5180421491948207 0.3748720163403605 0.779284809359876 0.8742229059308266 0.22693299885711193 0.10335487984894343 0.497149532429924 0.522836986646764 0.45630727985930175 0.21680001951153294 0.48454731776634763 0.6325184241678028 0.9920642962266523 0.7494959847060509 0.45921644362171854 0.9234730040317833 0.08959688889531237 0.9758288107880367 0.341699401438723 0.8385935382212613 0.6593951571277481 0.6651973377179639 0.9085244045944921 0.1885747409958759 0.9118012453084325 0.10286854940192602 0.3743041111455877 0.950633688442099 0.5766583837630649 0.6751384460097238 0.9858258460264164 0.9308146465753863 0.49851694787384015 0.735920204954831 0.12050431389519578 0.0946272130269733 0.2999733552040744 0.4853151671046295 0.7240137503725651 0.7454750241875213 0.348747413233335 0.09852756637218885 0.5208291640699669 0.6037347629552063 0.876940349757118 0.7919653572961864 0.1738251328407976
0.9146360551908383 0.6877759707264617 0.6418852390052785 0.7924597623254327 0.5599610378467583 0.16982770090629773 0.20232876866377736 0.6466652728041344 0.4332825811374307 0.12437412121430724 0.402749746696061 0.6838397469584844 0.8203496485898396 0.47057671199939033 0.8854663948076393 0.34592767076500375 0.22897062271507884 0.4983100198911977 0.2112654430625669 0.17780633596025341 0.8238543824657911 0.6533224480175913 0.13761346903062044 0.6454110224879724 0.4853142428389027 0.8079432103146109 0.979149147238699 0.7568716476926878 0.45056805798062594 0.21602434967445983 0.3547494376514916 0.6612579339273079 0.3311500787365437 0.5255646408095489 0.12350045403633614 0.45766107775964215 0.6318106562938718 0.5615733963220881 0.9038167162757321 0.1805496479737777 0.5982636147704267 0.4568377447158576 0.897171001781358 0.728485337759536 0.050026872140155776 0.6361763400499776 0.6413096214373465 0.8440149902723346 0.6734892412830199 0.897988755642091 0.5063012344407976 0.28546801759229623 0.6559070291342175 0.42362216863276236 0.2803650662672791 0.400437338079641 0.7377563042614332 0.0799840869279177 0.8353731042949325 0.017770203872891965 0.740650263172336 0.4789839276982514 0.2833186783793056 0.9939142083482614 0.8982012969499251 0.5902243766132269 0.9837839970817096 0.7704500391005464 0.2498761751038302 0.524473865305835 0.4715988646685755 0.9303644456673974 0.4080836043665609 0.010531151533602179 0.41457862225387976 0.24636432673070718 0.8558387401278679 0.06653988959091761 0.8211153940560854 0.7328035812716013 0.4619482233342035 0.4250212146018023 0.3210026348731282 0.28168166917893134 0.42345869260994684 0.2913112780794651 0.6307241125083639 0.19820359263346632 0.3973799448624984 0.42709442821071697 0.5619747430954126 0.3021491081966292 0.4521906777514455 0.9351573298427049 0.5793901068154443 0.5619677990479194 0.33933762601733874 0.9814236464085971 0.8658852600431106 0.23902908847290072 0.7859551725301283 0.859809404683472 0.40379544845659754 0.4797425070076704 0.06659452142706945 0.011333315120357623 0.4198880063720639 0.6811222589059701 0.22955514725512682 0.3296283677741857 0.736771233022607 0.8646609931233163 0.8805695700353112 0.5710167188212683 0.01604891845729084 0.8957910515420516 0.2926080650612415 0.3363684985995784 0.854497813599213 0.9516982977045051 0.6853208674537762 0.8632339848441589 0.3691345160439933 0.31192314725734194 0.30618408270289266 0.3183089879685649 0.09063781691014061 0.6211061132343801 0.2997284168643497 0.7272274818937626 0.7324262795195303 0.608641376942164 0.6042122394876188 0.7357761706844891 0.8388157006228497 0.5741764684168085 0.6531520440824805 0.7671259738335435 0.7595322121492403 0.047845683364998504 0.5315069506993385 0.5240685698048249 0.029890274184648735 0.4822910209646103 0.23184708529878495 0.23144050972440366 0.737631083177919 0.8300585296844151 0.9480880923458265 0.7182602909518879 0.513998064608026 0.15150752973882586 0.9918297090754569 0.5966834996356118 0.4571999066137855 0.7524102294240381 0.7951855579084763 0.5432086411381579 0.934097223919816 0.19537493304178344 0.41400242794006314 0.47899419850700875 0.9368854084329699 0.37169909758543995 0.12145896431000813 0.4172533594444562 0.4120120948709627 0.4143143283623104 0.005081755506750274 0.22790538767463642 0.4364050669676821 0.5666040848539389 0.9344409647223582 0.6761925768294047 0.43832904502531234 0.47054862558552524 0.9928179833085774 0.7697535742957679 0.5260665494164237 0.9348073827173323 0.21968139314363688 0.1134328363546071 0.8838321308728384 0.7906482627898551 0.34491659555767373 0.728257489248311 0.059676951994812155 0.34420859263730996 0.04656437593871532 0.41294447434465775 0.03439456540743169 0.9862017310966412 0.9840243686864755 0.1433297008246731 0.6787572959005054 0.39324375502249664 0.2603483381564691 0.9963931795131639 0.030766025236047545 0.2140950838503345
0.04595877015620875 0.9527162154734036 0.4884622501538294 0.8029474795631338 0.20920191991780723 0.03004059346069632 0.693847736687026 0.5535656965492434 0.6701304071269139 0.36855588472026846 0.8856612433784288 0.5784377168548456 0.7821957633200444 0.058788921591913845 0.6728645376012341 0.8806042081467405 0.4608651841450322 0.04496495131365674 0.998398011989271 0.9463922625571484 0.913688200169563 0.4964682759053204 0.5803707438376907 0.6576014477268147 0.09648166503474997 0.769182182795068 0.357653356366167 0.49475884658106917 0.44316408409031605 0.016983732699605292 0.43598991414833455 0.8796713309340181 0.0050877660342111275 0.050289449234883654 0.5717328774216416 0.9713680049888381 0.12474097573206211 0.8644164154930469 0.4147457110068856 0.48217676375684104 0.969766590967333 0.37031966693111773 0.5618809887608269 0.6061467046496593 0.5609757180224201 0.2456393301144022 0.3274325099881037 0.8126452261023643 0.16550453574057766 0.06892378446597802 0.04727158724084701 0.34188881720872044 0.6169992948019389 0.8046941519254537 0.5969479076774161 0.9488338944546129 0.260230213870291 0.01959672848669891 0.9745315661702117 0.4568712264997974 0.6567141427002783 0.6654745624661748 0.6458151419182474 0.3654568826729654 0.4641616917219956 0.40163944401741336 0.44507846911103466 0.305941131495977 0.732197503503526 0.7763794177449704 0.920150485130513 0.4731236282887781 0.8277140913771034 0.40111075415683095 0.21880169340284883 0.3713625231641855 0.9202340482038153 0.6444591375313798 0.7921729024105058 0.7849247498950765 0.0031388038739873503 0.9222376075317918 0.11161763173034545 0.5992110382983848 0.6586221512947971 0.8918644435683446 0.7373199171075008 0.7029320187087906 0.967955891199974 0.6065547973042719 0.6484123487442623 0.8645464322023786 0.6888482542294194 0.9145814965469301 0.2592023443479198 0.3414817072373769 0.7313805189715826 0.7675567369045091 0.961314021655432 0.009526206131909687 0.5657990001304183 0.10345274747900401 0.4703102700558831 0.1523303098000166 0.293659654279548 0.2531881746740827 0.5722483081575647 0.27524663304280905 0.9264231954340966 0.4256510173337006 0.05242376558821371 0.11672676543939131 0.8926792360468766 0.5207395251363138 0.4847911801547703 0.1455799028458209 0.5353340431945458 0.5806340060936344 0.4491064511139624 0.13401433860472867 0.32293996319707197 0.7002287809011469 0.22232201590538192 0.6204828055666466 0.13436875186072106 0.43551581828423 0.11223388630290032 0.2114646919472214 0.39377593468466965 0.08784851417041806 0.8961836503282583 0.9778275060348024 0.10747066543026185 0.5175410487136188 0.07666579083526093 0.9672741941619685 0.8859399591947278 0.8881675240864916 0.0707689914638201 0.9499401247065191 0.2933181302703335 0.1348878030891003 0.08872694274651394 0.10066165167498409 0.041121512415719264 0.7187509966311921 0.5768244372638829 0.8810905435280283 0.30792477124903017 0.9637794306841941 0.6935512122660524 0.9627695414745486 0.9891973895472173 0.1545559430826372 0.36904602354466354 0.46389376044614394 0.7330108575207555 0.7054683742018022 0.39923051347533756 0.8897200182184531 0.5066586529384335 0.36522890871511215 0.4658148404721649 0.07911681550534 0.8331616540144765 0.485846288470449 0.12432463273637395 0.9700032910521013 0.47240964999771873 0.5173246411403599 0.8097054004105382 0.520789710826598 0.6970110904228732 0.9461217455561303 0.8453750751462892 0.28817237151105635 0.0005510467954186193 0.3076248071924027 0.9398717879202725 0.6508478023747616 0.2782248607670752 0.5981141287294282 0.16487184563084556 0.15387811995608336 0.5469279864184964 0.4618044605728413 0.08218028034800673 0.08926703701459027 0.7103916335878444 0.3190065738982689 0.328240568324933 0.9307019075813293 0.903543700812682 0.6682629183713762 0.9743310427106502 0.6146207884862545 0.2500386036435429 0.6618606191779096 0.1565227658125361 0.5683734898172301
0.03682915358618333 0.08018297422256049 0.199806722404406 0.06002454588121309 0.22006232282447846 0.08778884828455935 0.8271353026254085 0.6079232783257531 0.7552931526523791 0.7724434715517078 0.7409672152589744 0.7776851184577207 0.3282785909462781 0.20645116023861976 0.8940162283405837 0.2181676758732105 0.9615975190262173 0.1294858705348262 0.8102263776629314 0.5912077125963413 0.9392760576875316 0.39641629995241545 0.6903359616412659 0.9334251446836729 0.29624283948941577 0.8754478177044197 0.7231003269396592 0.2192192811776622 0.4745088598741817 0.427735970882811 0.664533191234132 0.852569507047244 0.45790183018295894 0.8591541933041243 0.7083054615902387 0.9641503491416806 0.36439178175979825 0.6681945256293103 0.41312173801091523 0.754620832824497 0.2585391431290863 0.5144863780614221 0.29687578233090195 0.8288111475990356 0.5815167726653792 0.05308823306600441 0.4926830448548509 0.522559683480652 0.6246962641875976 0.5206922851802063 0.953682395978622 0.49178154632837967 0.16829186369275273 0.3778612083986379 0.6695744107475367 0.6166284475192488 0.2146306858723619 0.38008967087045264 0.702865630330575 0.21276368960580616 0.21023747700174134 0.12138653794040599 0.28705154278794764 0.8937805830436438 0.49805958634436176 0.03455005308551762 0.780437245594929 0.694083435515962 0.39466551887593304 0.21391857240227685 0.9643694279339946 0.4571158460980639 0.7174734249273709 0.5512100009188031 0.993413919516215 0.14753115586765353 0.43574552666509836 0.48526800788890767 0.8983574548945099 0.9310482111346464 0.3673123783285699 0.41937723775770896 0.45796054379995044 0.4688134898730172 0.29302021070422934 0.041537988718361896 0.01723303050069347 0.43306176593567225 0.562784822978871 0.5529005403107795 0.20494464642847243 0.44356070402283077 0.6360960716258157 0.7044429296053133 0.04461216926062883 0.4617657099331539 0.6692239860847863 0.2707462301249306 0.7503298249810509 0.47703802957536845 0.5126350693838705 0.21073165526897097 0.07350195349029809 0.3172883762480936 0.8497533882721005 0.6163095702015402 0.23725066394169314 0.41202303792260286 0.8058285218137128 0.7981548051837056 0.6299012832477233 0.11839745377724109 0.5984476109146929 0.7379021245199913 0.10501320360241184 0.22710794516883237 0.8105406366590261 0.37688680150581055 0.08538085980050392 0.03769736518348632 0.6086564442208393 0.2470778533012099 0.734425670898713 0.310123694318984 0.41805900000581864 0.8456214748487492 0.1397040274369009 0.9953730934751163 0.16936971308795568 0.7129772593652783 0.7923563910978855 0.969965543710551 0.4276101913850422 0.06677659748355924 0.35113136554963853 0.4605320744681096 0.22944352053017614 0.11131402861228568 0.026648412075433225 0.3568875725409265 0.022162949290469913 0.4302008866063074 0.2510780630380416 0.3303336687760654 0.7701152127319033 0.752519530900506 0.9746554217401489 0.8234787554852561 0.5121424240737898 0.8955180356588858 0.6634525176436563 0.40949055163837467 0.9849269243403073 0.27680073996718735 0.6322087253077494 0.32921072769572013 0.08744980838336958 0.8226881235488434 0.32448315898285285 0.7515891362506166 0.3889710123172013 0.21459529683853296 0.4195454248840331 0.5252713780707765 0.34674861310207505 0.5518030373972664 0.2310754313474186 0.09561601894416938 0.41621288133237655 0.3137051244730711 0.6488798483582672 0.7727795926537847 0.1986936863687293 0.9574442888540141 0.7707080003950371 0.9189906894274685 0.8821206246676722 0.5142199631134069 0.6563723829923226 0.1101412717106659 0.0002049433774272691 0.7953823818929765 0.5373049556499672 0.5441190684397864 0.915930021685781 0.0787962201263096 0.886992174798567 0.6220444576018624 0.2956139753998305 0.41591784778691887 0.8444307470385685 0.7582498469456855 0.051849643346130736 0.6444128227418165 0.48669002164536246 0.09361752270290757 0.7442608918415716 0.6687857657783586 0.0345165788525712 0.14055202981630965
0.6943382122406516 0.20398130196201136 0.17971011108076818 0.26364800037699265 0.11972945146948011 0.5104752652014288 0.6982900159015958 0.8891787897617444 0.04124861990271789 0.36139436052954765 0.6825163126566325 0.6400372189651333 0.8196739873933103 0.886715675682238 0.9503270170267124 0.9936356699690688 0.21106850661744458 0.9320330573575004 0.8576040577511912 0.1844421723577624 0.49428755094003984 0.3275665350862127 0.49659102162166224 0.5629780328299848 0.15289877124099793 0.8777382028556766 0.4673484381045986 0.8895336107067479 0.9130943473558967 0.4446637129127281 0.9966357989160027 0.015078536621111027 0.3417150931942168 0.4158015893975926 0.2313572766706734 0.6991458012661468 0.04380931020943113 0.7527226427079029 0.12593587538190654 0.5907249858944685 0.8224795445293853 0.4374122941302949 0.24156763247316282 0.4948797302079606 0.7481207174825255 0.33371280329927433 0.38680889856635814 0.33318189344787796 0.9671932018486727 0.08553762609061177 0.6721414629324044 0.3396853438935389 0.216861127658868 0.7052331217338564 0.9382916228833176 0.018247766190372494 0.22090715484608436 0.7894771289265009 0.10239433530517505 0.19582759408566475 0.9765327130623139 0.5890489029158561 0.717441386644506 0.6626136825521514 0.4960118005913843 0.13818626489608832 0.16567871962063896 0.505020903533853 0.14817614877220375 0.7559821225674338 0.8602590185786296 0.571307319943931 0.6341512345507441 0.672450543719398 0.6003452097751489 0.6018550148179078 0.6562032556177341 0.08209579557724789 0.6716729630141057 0.08977981720126704 0.9594287360098656 0.1080100720136925 0.5000914981272974 0.8098290233165311 0.3988787215794881 0.4130071980796246 0.16796822662170674 0.35091233730877636 0.9257106783477314 0.0468807607880285 0.3093666939573184 0.5446902022430978 0.27649939853559113 0.853653550711321 0.6546548250622917 0.6550825042772007 0.13828838011568312 0.8919947880357085 0.32259572835752326 0.6068324911620904 0.027471450061023805 0.6839174210304269 0.5720812544919749 0.42804879711707955 0.7582850849637092 0.057277617846787754 0.501189531635298 0.8194713915241103 0.4900147352029076 0.49784845871579353 0.9334378457565228 0.05496845539005446 0.1325321494175853 0.7826485459152597 0.7483098184231164 0.8566933125526023 0.6683560178325538 0.1719381539142386 0.6432620998950587 0.9677596433542017 0.9709533838604447 0.5343196527988276 0.7381726224606003 0.23714706843250077 0.6225197957099197 0.7505304964327983 0.2936307694038294 0.9572912320575052 0.6089947202632444 0.9887331030412955 0.9764011337501611 0.02933245756680103 0.49728226757242133 0.8166507803184825 0.6044150125596603 0.02996646172245032 0.8232734735227561 0.02357377136436678 0.5831225399035335 0.6772398373503986 0.49857745597864045 0.866333839729574 0.8495216567832002 0.053938789921066155 0.5987652093083806 0.5237359910416095 0.5080671185617398 0.5127316113309528 0.3856286303721441 0.98997241147126 0.9189773564057703 0.10461678197205349 0.008151954187367583 0.6789264664221076 0.01975364050257533 0.9172677934553699 0.5805371628265142 0.0030180563337600663 0.36686754851525705 0.11625496830929516 0.6152367199485006 0.13953163984426542 0.606825190975254 0.026016090358220723 0.5298522878108347 0.7227776518233641 0.33329631611036314 0.1193565327475612 0.07818409426090622 0.8958247143038999 0.48312079489433923 0.748050008242852 0.626295193783196 0.045008247738632545 0.9063844145178168 0.08413838060781642 0.634834242124127 0.24039440947270863 0.0934053896879734 0.19960511253771063 0.059666789471616744 0.6018376493848226 0.7684863636513746 0.050804991570918334 0.6150038925719401 0.33617672064295545 0.37449583986694845 0.01692515392348304 0.13698489590010188 0.05123337232255043 0.9450303475603263 0.925421889122188 0.22004335815540987 0.43866475760464363 0.7387250098512583 0.7604281826317928 0.6714920333852592 0.28690093031402764 0.3986004558993095 0.6742734980482095
0.38656335025782695 0.40996499363970107 0.3926687149206245 0.45181045104112194 0.4333519701575389 0.5536411440922483 0.7875768739750239 0.8719231352811011 0.938266156323457 0.7572505212883123 0.2649545221790569 0.4965153770679087 0.4956819455120097 0.4254355167462416 0.37131298401078006 0.7928769338944129 0.3091559832488545 0.1505957139937596 0.11953716186449925 0.7673720085130438 0.09037330440173352 0.09550328217976378 0.6228952552932542 0.7767080838785669 0.8953641724198458 0.49767887210125694 0.8087761097861192 0.7692971421338103 0.5927353062078273 0.7741520349680239 0.4456513544663091 0.43601442039547555 0.4363525402184574 0.7767872985007861 0.404473855446392 0.39288286831764285 0.19718151543813223 0.4597955876768738 0.48768645204328287 0.5626361747077474 0.6050249918357778 0.09020355404438551 0.47089741927791595 0.08382548533743162 0.3992182666587576 0.17698741063780443 0.09784204653772566 0.048941660347838756 0.5775813512927456 0.3393290998608969 0.7839457560137566 0.6755097877466896 0.636087624352465 0.3338874737045525 0.25101211826306236 0.9132394351398427 0.2517552204924942 0.7717989147555396 0.19096874653117168 0.16713957106634447 0.8035676964060401 0.4011963037143529 0.6185037352418358 0.039240369899763206 0.775728329803337 0.3037317587279702 0.47463136778840476 0.9251376587376855 0.49926423553142585 0.823333432610941 0.1024683631662211 0.5758399505067515 0.4964987456644516 0.12500444096204966 0.873031637344583 0.16602257386723096 0.384502526279214 0.1525835216662772 0.020074970221316546 0.4449003934509064 0.03545839849476273 0.8651827868837254 0.03337536515332373 0.6225495432780594 0.9466521428466314 0.08871156053908025 0.3912114505261186 0.08473859018176733 0.869260696930079 0.5105902822637125 0.9480529118079282 0.1871213409801975 0.8360433351743548 0.78700829700389 0.616712869183514 0.23180561403034705 0.20144526188133893 0.23741916338436764 0.8524628820736078 0.07674553251891303 0.7086892202069622 0.7028132946855541 0.7226304864453339 0.18218056376597802 0.6811560573346968 0.437402193436345 0.6516817870311825 0.054122332934546935 0.8454817092851075 0.08299602556710728 0.08339490655062809 0.2701814260772901 0.9735869046572057 0.7838564686538263 0.6441180759564094 0.07356276735618361 0.32881054421479927 0.8800519650012907 0.8355066512058115 0.8782761443917839 0.06296262973498101 0.7595117096769243 0.8121257956651653 0.8985746650229913 0.1284111708410295 0.5729832742198376 0.36300920646481516 0.552034893734771 0.7234656770163103 0.8117269054876893 0.10773826349954174 0.7982164957580683 0.8199695622124529 0.11609214705179349 0.06505529803329269 0.41467171787283064 0.2977942213483994 0.7743391442478873 0.3962680570366953 0.021190927861096887 0.9105718759984367 0.7197661019218647 0.7577610538880077 0.25753969699489676 0.22049527161098192 0.177272467044722 0.10063172428146416 0.9031917828892769 0.9731032260257226 0.6489409960972405 0.19034684106199395 0.40625172238252494 0.9038254826200002 0.5133414205872936 0.3041196150926394 0.08969372400730757 0.9168694033708871 0.5874089255283004 0.1666006859703939 0.9716434580943938 0.625141087475689 0.9139602508862851 0.22722124171365765 0.5104696872262463 0.06127486101213209 0.1471793675644797 0.48951451282393454 0.41469501571911915 0.37954913946207847 0.04236000499214798 0.14710967355167792 0.46762989781649544 0.9241303282132115 0.3061014807757002 0.2319423507378403 0.1874051733301355 0.7091096343046518 0.3230529410435903 0.9208969418549242 0.31466331466323827 0.9866819597454685 0.6079229858426949 0.368877461749579 0.12404095406392823 0.8990641394727416 0.8140726859444253 0.09170628006126291 0.631789905605232 0.8760980062055239 0.37654075077573035 0.9961985426533303 0.012475978543218802 0.04502906588876587 0.6012568122151408 0.19224378234031214 0.3517460162432362 0.4956047846441185 0.41476746741526593 0.3740648551996004 0.5592495988547935
0.4977222327815932 0.022975439626442884 0.4689440004732207 0.17029403342387062 0.23059415889492563 0.5003067108099608 0.6430665467836926 0.5668011843037432 0.7237388415023451 0.5232833457587337 0.9142910807915239 0.5939820482628074 0.9513703283842353 0.6353942606489801 0.5945179969792037 0.513216340618876 0.3502229902526046 0.21331492655550321 0.2757409595388781 0.4770313595100014 0.08044283546410269 0.8764440540253498 0.4369268794244072 0.030107990650498295 0.28553213534425526 0.3802811163656461 0.12556034833810648 0.8263433767146066 0.2506904181106099 0.9080561074032938 0.7190604099763732 0.8572602601353628 0.762306648938201 0.16477231763533595 0.022677188897490486 0.030690909528307886 0.5399568093460309 0.35497315322035916 0.5024138282320103 0.057611163080408145 0.040453344236805466 0.24279978606880137 0.0748797507570742 0.281689475608797 0.049820281957198786 0.03286777086524373 0.899929639180858 0.014301819239941338 0.8009608831978569 0.03282496264132839 0.9426255150083458 0.9085551705802161 0.2121542944481407 0.3370234168077174 0.18323851223836551 0.7726108298360833 0.40580440870317214 0.2868814920157505 0.7846866820843372 0.15854555072979892 0.29867664807720506 0.32275076221820675 0.9244114434749181 0.3187299051361646 0.020266061935329094 0.418790727330278 0.7206886970332359 0.845767674875223 0.7732426951412333 0.7351129392121474 0.5677716036531595 0.9767769157895485 0.7782085674573919 0.09654398147997056 0.7962245665849847 0.4826996542763622 0.9915668061416909 0.6883352283678484 0.9229846235189358 0.47053283024411297 0.7357556657843314 0.011505289470543412 0.15349328536985896 0.754901351235518 0.6157739220118484 0.18901842731202556 0.15863958324124727 0.12425005406308076 0.3448161957146201 0.9828677755734652 0.8283313400420379 0.34138784534596966 0.002454517597341166 0.07928266934414308 0.00372402942884853 0.5913577631431969 0.8219021923234752 0.5834070819300204 0.2251991122386482 0.0013090547385232743 0.4036474632556647 0.21706504739517452 0.6901832477649971 0.6126353572612641 0.5769362139477502 0.7000643430822666 0.6278960702978573 0.4881332304055951 0.35669954613924737 0.41997706104261623 0.669165712554779 0.801832499776281 0.720876013104307 0.01652062090576434 0.641663176902834 0.441104098505257 0.1255529184363603 0.2587821762189264 0.47163279785312495 0.5852533996440459 0.038558042523065494 0.47525997300548084 0.5460035948139094 0.5332692781699453 0.44290141747575384 0.6752246156223277 0.037417522439734396 0.5507145320746637 0.43093478605260016 0.0755910175660729 0.011779399998992135 0.9641548883314669 0.30549983032009 0.14078024964912828 0.02783427622006418 0.13050308811835587 0.8490183777672596 0.42845183673621945 0.7419220244928547 0.1357606810980564 0.7294255542842947 0.20803289315020845 0.27578307805780344 0.3858532849102758 0.6991251363976076 0.16567814470618136 0.6487681309360965 0.07035386263283472 0.33370659962054827 0.5447161093029842 0.38032430092618785 0.4706142695319384 0.5323811178189933 0.7988536390647433 0.37732514364784164 0.4996584000431037 0.4898171640354666 0.5351243625952276 0.7591969003872324 0.8397427023442902 0.9852954454196085 0.5859388950314308 0.44712122977069635 0.3554068445856975 0.3582850901749809 0.12731104160087825 0.19930088068038498 0.01325732532582502 0.815788731734242 0.8850057926952244 0.013678438958690586 0.5113667627121223 0.7560538734286271 0.42708675861972056 0.4222745637022194 0.9316908664586798 0.19748032978304697 0.7745360748258135 0.08290571339346686 0.3219481313331113 0.1335340737660753 0.9644387770719953 0.7518552978703025 0.292178154062672 0.08781646985720382 0.1805768368779268 0.13204344792668166 0.6411217986278249 0.04244620768982721 0.45223789568806894 0.40581586917786794 0.4483581488941696 0.858388677739429 0.8172074659218527 0.35503937465943636 0.14986493563376846 0.5311760173307443 0.2705337996704301 0.716941980523205 0.37580277884502644
0.46297548593844295 0.8734582342690543 0.2229126772249762 0.06198579876661792 0.9947574139622767 0.23485118524532012 0.6166411704575675 0.03111741109047217 0.3047922483325901 0.45040427788545856 0.3608929623825421 0.43960038484264297 0.2286074883282696 0.994828108379555 0.6458859841889488 0.5496402330357563 0.9525733766173161 0.07975026095059223 0.16421436095534792 0.2507209077036522 0.525559805878368 0.08921768741637293 0.5260225747605883 0.8132520302027295 0.5831075003057781 0.2774145271642193 0.21514700707154266 0.8362538759862909 0.20906516214393134 0.39327500106059443 0.2219228915146464 0.33283158074604025 0.7236830057478852 0.8891418663837777 0.27887868919001624 0.5466062013347717 0.7525309667731661 0.13246494802171382 0.1304921952854824 0.08186829523404193 0.37871493333173323 0.5811870039256969 0.2775942682399718 0.04045989208006673 0.7188330627477596 0.773616338340573 0.0299443045116623 0.14945088103651616 0.7479536540518243 0.610566136361735 0.5138905988821135 0.8082840768882401 0.17817093103236425 0.6721035773473545 0.023972297609602733 0.9158360589088418 0.4383470133340177 0.1724547508654839 0.24806362873003418 0.5622830775254668 0.8275562696233991 0.49418113598252034 0.7669652543294785 0.31600446354056466 0.19278890760331502 0.00357488513269566 0.26952772184321894 0.43575794314627925 0.3110802561905086 0.7994130674986906 0.3237358483629377 0.7312774959082975 0.8938231370453856 0.8411681110567814 0.11767156802603551 0.18200295570618075 0.5060546740587221 0.3358376670080818 0.29089864424966994 0.6508103979324636 0.20526458206665932 0.29298414237925285 0.9612538264449081 0.280236319099211 0.30799807141429525 0.22494892435803826 0.49479610940458973 0.43313181714348925 0.16142337734109924 0.04629332446255374 0.29364112621214566 0.7269462442387326 0.39427591118521654 0.3640572622092062 0.48883176884122514 0.49347224347342156 0.462853002729524 0.6651023417215719 0.5813752324822069 0.4941176382089828 0.7323751853941393 0.8841354952965066 0.8902615466175794 0.2016360427963717 0.01695860814223049 0.946239802886273 0.9110085669372358 0.9142842420248678 0.7013454352922035 0.8579649017463066 0.5733819027985851 0.30266786927471656 0.4159483548971199 0.842430400541831 0.6035441499138056 0.7772231823971537 0.9435341525946521 0.8478472757527972 0.9850210410086697 0.736425018488866 0.29797702361254597 0.016436946380781192 0.44197907770384703 0.5802573311112051 0.7279579253606464 0.7262073248973797 0.7214932079712791 0.005741345337117565 0.13183562528948378 0.9706344099229719 0.950905928145497 0.7865557447611689 0.8937308153365128 0.9665326761310553 0.8622244031934225 0.8929326510484795 0.7339032531900057 0.3916484216169138 0.8323936267040265 0.17218991343123058 0.09845609570449676 0.2133348698808022 0.6823476964869063 0.2688437952481294 0.030171025176398913 0.5578263435138253 0.8089181380645265 0.4455179769467106 0.7209275790031796 0.8644173301181916 0.4807699251192117 0.6446696286571472 0.03012149014353016 0.14449250064916086 0.6575836595413573 0.8144258521141635 0.673417467065847 0.4792715277390839 0.5921628185857463 0.13304762463516095 0.17516795677232588 0.5143270470149779 0.6951784820875694 0.012592764592022077 0.06392679628405185 0.8817530082737107 0.9330964307489966 0.06254836883782322 0.1485798001084917 0.6041752041834652 0.7071221133962701 0.08651520856100381 0.796793711916012 0.4973771066805913 0.9929857682728322 0.5669056038564733 0.5592537179590293 0.20739540296532244 0.8044175713544884 0.4787108575670136 0.7147491901754792 0.5199024273966221 0.32606470391464637 0.2891639205461317 0.47998579167178623 0.11677427319698475 0.961865212459642 0.3185988594525848 0.3702068006401503 0.46273378681109434 0.830154448336105 0.4570956285300126 0.24537800854799208 0.38811956053768004 0.9682293733989378 0.37619144690862816 0.8652283163982497 0.778735098991261 0.6469792423234946 0.87270550920578
0.8047749312365882 0.8375976991832444 0.45233085983518906 0.3222666281934855 0.18194666802495796 0.08133214097259689 0.9349394374233942 0.3568343389810128 0.4934308334733949 0.7640148836019524 0.221792452964911 0.2530966941674073 0.3770201745188121 0.9302680206415679 0.7428832134165451 0.5745253177189509 0.5534652094608958 0.8137928542079171 0.5979725139531803 0.028591881792735974 0.5233120469613379 0.40652385010595726 0.19010307800294424 0.9532444475600327 0.9299133970279986 0.2398960456891629 0.21735712034414945 0.1592079237414964 0.2914926743976317 0.02736960174384684 0.3169379027170214 0.11229414801405224 0.7085041878936246 0.44012070317504415 0.4144932824728459 0.2489630904334813 0.9844971307040068 0.5760270544480106 0.22397407217217624 0.6618091585748822 0.5383353813056747 0.7965581254340249 0.5075147685054477 0.2504437267241917 0.6110916724205815 0.6263629283965553 0.8897218424168357 0.13468575177749365 0.6948766214436151 0.1571031926908084 0.858115032680359 0.20319020113931852 0.4877243833028748 0.8124046198836186 0.16254804908773868 0.9904145988716726 0.46951373340427893 0.3360765988172343 0.9236779705077256 0.39370674102831404 0.35545563481758957 0.7513949430477626 0.6627395538200549 0.7041419115238199 0.4054807488201213 0.6153510399955622 0.10570036122160498 0.08999486707974125 0.7620086052700712 0.8102849910071962 0.48181685021795495 0.6428411139616766 0.536581478785521 0.2258459555445158 0.5290919646669899 0.2451997496066568 0.8501242982331353 0.5723878720187332 0.4015444750988645 0.9547367776150387 0.6086047225264466 0.9574080192653168 0.6965566471241538 0.8648911826223802 0.7545697858316093 0.25873369621209175 0.6885175666482093 0.7107375168562182 0.6837552201351912 0.2648494812446168 0.43081722405191314 0.5996064962140878 0.47446294896888697 0.4156540491272964 0.22908053609862056 0.9280651886902265 0.8272446072236317 0.4070100382809645 0.6044960674251061 0.1943444052994131 0.3705486369217834 0.397523533303633 0.7413094097762645 0.872505044803167 0.42826905944066573 0.2720431502457086 0.2999608878572372 0.5784870164343616 0.39544876330090084 0.43492513134482647 0.9713766986063299 0.9833367047179534 0.1785547588577876 0.5506459273452594 0.3330099605729927 0.7851160683985313 0.6586810873796751 0.25040644123263445 0.7920231453893593 0.19183202830238333 0.9733294295545142 0.008782471412223436 0.9624623963756804 0.8247504937454441 0.5308205244941748 0.24215937756964845 0.33243846639380503 0.8811055103516322 0.7283990381146783 0.22168241313949644 0.41748580434752325 0.15786970907271147 0.12573986701852702 0.9252510511000784 0.624247487762126 0.3486877178624588 0.3599937145276426 0.11523717164402214 0.14564818425006865 0.13338430802069146 0.4961126724984768 0.6836003822254838 0.6548794467747283 0.06707456304885395 0.9672256580562865 0.588636215741716 0.10962311280227899 0.0718239582723843 0.9732056418608988 0.19839600385574552 0.1456571184334855 0.17052105819196772 0.7138463431257142 0.08223346863385728 0.44375535460359405 0.6525990572717228 0.5364637030227967 0.9216733929574912 0.15506276695663512 0.8469512648194564 0.08696055164772509 0.509652817518469 0.5018167884763046 0.15911330185332506 0.11586697623197517 0.34391733087799337 0.6939256924295897 0.8163224364359988 0.9373137073725605 0.44185985080780443 0.2914391516903172 0.05656563867074604 0.3780238790769104 0.13083830378572658 0.2689053056753018 0.4964714883884289 0.35371064279188247 0.6775846575034138 0.8118249709962545 0.7174274943075853 0.08292690127248126 0.526208998943626 0.34104535298430083 0.2962134476033784 0.1724331760818254 0.4498790732046326 0.10818706672575906 0.5394673663972765 0.730100225154161 0.9516694398103965 0.4231203129666502 0.30856020424994035 0.34583639952418743 0.6193701385719981 0.8073117996045076 0.582005844189355 0.15272860831607715 0.5111520604101636 0.8550394671285823 0.39478057544626
0.054466096650867546 0.47528554290595804 0.6234437472797381 0.09087989271652375 0.1684645646836711 0.46384886965667005 0.7513875611092536 0.6382271683728143 0.698976121390282 0.6273269906630764 0.7231015872064984 0.3155658881956016 0.5215028097783102 0.24493083678185357 0.2953533951792543 0.8550064551361299 0.42287125178376717 0.10305841084237288 0.030021279502634224 0.1459335355925806 0.8975829902417896 0.6144000036571702 0.7297606264942389 0.5318062296087503 0.6341224926090184 0.6119783109700196 0.1575590327744344 0.21110320654560033 0.32375230253661935 0.37729924694361705 0.02603489593964603 0.18164717261974028 0.034413254930307224 0.3945194354704382 0.05361505796188504 0.41916914407816375 0.9832789156175913 0.6908777630698449 0.042418392678252204 0.4363201388586716 0.5555409083219752 0.714731968809128 0.6953499965016707 0.9102985784945878 0.7355963128225624 0.2969715944875312 0.7187459598932497 0.5066515351456266 0.004363943608995169 0.011534998775292515 0.3399004858355875 0.08430764916107003 0.27881390912976944 0.9855277885606766 0.06425476574218192 0.5350272428897487 0.11596378430373744 0.40353577761957726 0.6210805255632555 0.3243234998461211 0.07971406440656281 0.5350780148512577 0.43098411107947854 0.36437575110930354 0.6215647427926807 0.5864857117632821 0.15086462433482006 0.3581994797537157 0.8614805642841908 0.3712178013519831 0.5576268276601541 0.7972144560282837 0.004642043907228999 0.5042641546847138 0.8075134754172326 0.09867013741367259 0.01924782086200516 0.35480388948524577 0.9548081760035517 0.68323601542972 0.5231304463373434 0.006582451986477 0.21554892563383787 0.22602250356120612 0.1544796060443343 0.8205869652548015 0.8484663972032795 0.21602104542241285 0.47747621340862734 0.7948461607559406 0.130097216050999 0.8781159696749486 0.5918190820875207 0.6560936081071302 0.16912317500356766 0.04786557026397287 0.4413061364491706 0.7236008548187085 0.8552549042481393 0.8885107511311174 0.33423430501910334 0.05996742998481808 0.910499191520231 0.16830980090081749 0.5482270816857345 0.35850572062039143 0.719023351452762 0.26164198016177165 0.592348057969113 0.7856290357338664 0.33716335446135115 0.6756287950509471 0.0614252034165248 0.010961642245516656 0.053418706110309966 0.4269375303219426 0.703631123674586 0.3483661270667864 0.4787672483664026 0.12385821867637858 0.39059453759273943 0.05951192880205447 0.5522274993331062 0.45337288312988566 0.3358795556078059 0.8646985972100606 0.42163777748211695 0.061939791840502356 0.6715503452339866 0.7057090264857068 0.7758587646782886 0.02577834554534275 0.9545596410590862 0.7460608386671432 0.3801596805363302 0.15867436189487094 0.17557513360993926 0.9304656060872596 0.46286049112733263 0.35305430924952064 0.009779220887689566 0.2241684223301197 0.43204054792466884 0.2978147516569688 0.7923420800137341 0.9293363116644404 0.38130926934206566 0.05988406396278145 0.2584062150833929 0.11814268472114198 0.8994210137675347 0.6384831543052485 0.6524841800420988 0.9170136536178114 0.36650280935202373 0.8804561840201277 0.4261155932246202 0.415597124676072 0.9755322246349718 0.4608945844603961 0.5938537993592866 0.8020336743471842 0.7710557810446428 0.22593961875265822 0.9591024322517082 0.18444209832970937 0.45290572740094803 0.10390996931170904 0.8325506907095869 0.6838355680353786 0.32005559351283286 0.8215866072080044 0.8963646878825137 0.6985791733695152 0.17644135294747143 0.13804573719885838 0.31663055780215643 0.35565239919460623 0.2978194051021278 0.37002147223998505 0.9458864891723627 0.07174748235462947 0.3903928571898079 0.04741414011167411 0.8863452895940772 0.8601256488501583 0.6000403873211055 0.9389652110021447 0.3139753814109989 0.2594364928329498 0.3209648415591435 0.8703448426233985 0.4735239325632621 0.9526650047289956 0.9716945468935774 0.06699011087759354 0.9260898997929651 0.6247425139948735 0.5823506379080289 0.43325788983013225
0.5159152563906639 0.8870941392748499 0.8588581815594485 0.40198137020780544 0.32506244804123574 0.17759436064106648 0.8345544916984086 0.5218816566078678 0.7541117314951022 0.26147637154464143 0.805842668004317 0.8643242748250253 0.1512890539380336 0.03275357263589307 0.8318430247055567 0.0872069253281943 0.06850189201412693 0.24734459614651816 0.14151697612612135 0.3427310472209313 0.25466922550574433 0.49554398835756674 0.36750595227945826 0.7289158831489809 0.48250642912087804 0.15187184648802077 0.4146320813165689 0.4937623340387701 0.31857434022929065 0.5714114585408937 0.7130017356106426 0.10177308500040116 0.14862311553992114 0.13175733497077702 0.09077600783837347 0.6935959880672034 0.036028983900830536 0.2863409789837854 0.3449966315388048 0.5839212095452436 0.3469504249234181 0.02138826996271792 0.6007575297947206 0.6245717512638659 0.5342717781913292 0.8332258160978602 0.3806226278308613 0.21453406937495223 0.6942509345877402 0.8554910937193395 0.20942227255284762 0.7468350572706468 0.44645345049784313 0.5808843274527632 0.49654409935079935 0.4332154959298665 0.13590634650659927 0.7884214978224384 0.8640100367698201 0.17048945320481523 0.8774574624180259 0.11917911924793412 0.6429151041778776 0.8904935756513987 0.7960918971810624 0.21736779535133766 0.8823494663525034 0.23749245958792542 0.06731720970726507 0.3824743927648513 0.8423392715040555 0.9323675551375886 0.7064700065253405 0.7121960434160906 0.5451132251098397 0.38721919561495466 0.0049667667821090555 0.4406533908222081 0.009433534734103022 0.24775201745490005 0.14215518792400117 0.6117501965873605 0.29000940502536965 0.33337643773335357 0.11148023297846943 0.5132380097692142 0.37506782858193743 0.5915677211115039 0.5974703228619916 0.9065164729479237 0.7923801530687474 0.22590348152676154 0.6111515598720296 0.6537318399984939 0.33864427966360533 0.8464713411666541 0.9712323306843109 0.6961977032838331 0.31523461877115844 0.28871591961527354 0.06823009515526057 0.9154917693332489 0.4739159566238027 0.9117028659745621 0.39222567509138073 0.048013573248168684 0.9588199171113446 0.8752037098323578 0.03922112010240264 0.976668021717112 0.09107424903783101 0.32020856902037576 0.9746933786807134 0.8108332701868411 0.09260068782502595 0.8187261466945532 0.06257258483759387 0.20992454976435693 0.40735291905818494 0.6253678804254124 0.08155763085761969 0.22231656422520796 0.3951783308923362 0.5026585371095055 0.9676451341487576 0.28526755411913385 0.6280042074993116 0.04008377369089755 0.33239309474586853 0.47320533078128013 0.408438177874173 0.6172681391357541 0.4972106575798515 0.07577212251607146 0.2532479116836742 0.9141765081136389 0.17373132833742955 0.6837158979362684 0.9542508337323191 0.9727771865191066 0.9463217344430872 0.4203734897576983 0.39602750232281625 0.15662484140525068 0.955508230757079 0.9292247060073145 0.40496916527752636 0.37904897944541405 0.6006653845882511 0.5602592676705196 0.8609094855225933 0.34295404696999177 0.15211887116142897 0.9727625094669587 0.9807484215148923 0.9706619793501786 0.1385582562381542 0.29992494750813303 0.8564388579896393 0.12487717836366863 0.27029029421394934 0.3343775303320038 0.45697432751958134 0.6339617070293918 0.7771552832138144 0.09995813161840728 0.5644500311685375 0.8166085939489375 0.9785245979750959 0.7590218183117806 0.42842906332534336 0.22233090417344847 0.991439743408039 0.8214063671161337 0.19040080589572428 0.2715216983545429 0.5062213809481283 0.05139270500451165 0.23942370619275144 0.6865605193272964 0.38293397985212274 0.5181416123706525 0.5863876993811628 0.20489587988441693 0.6429614693719231 0.038190146158778915 0.09623636142186809 0.7335267066525244 0.267536766659363 0.4918027187364158 0.5923767235187036 0.0583420759134583 0.42808244596907663 0.9929955727037527 0.15952648469840347 0.6233088807001375 0.6722992501307582 0.15601927930496828 0.7497482855403422 0.018349831108918413
0.20026095570948865 0.01147929419065119 0.9842144147768032 0.4103251806602306 0.22218451951534357 0.700862538448467 0.5345976041146946 0.3426391619237963 0.0977541850848227 0.9425327576109903 0.6079878473714948 0.5551090787013124 0.42142804300524295 0.5360787662509598 0.9041027522548465 0.7562453392842473 0.7915447387530982 0.29803336545922743 0.8795729032914092 0.6223487902484629 0.7392051805550207 0.19107063557181736 0.935924651791034 0.14565261964135234 0.07273325352669158 0.8781096367307551 0.1865987421047126 0.7986381128700065 0.6050225387377953 0.10665559901318145 0.12052567330334718 0.3461268802625137 0.5613203746030833 0.022940158603196537 0.8769523236494384 0.6297521794666158 0.7239259883768152 0.21351486380346063 0.36396613793760335 0.6253688250342013 0.8654414207684349 0.7340317200374071 0.19083461209495167 0.7439173215794503 0.6618110147329308 0.052136998701566184 0.44682042576568104 0.5623138359445842 0.27141191966102773 0.8798758109089787 0.49817949824433483 0.9371868876213841 0.9226953944652752 0.7979373283325448 0.04167135511463471 0.7842308475109514 0.05958694260510233 0.9510280539510391 0.4043623617663742 0.2261501897840561 0.1632765788468904 0.8999392895988491 0.23947431760328441 0.8840103152130817 0.29839611946388955 0.2835841730012163 0.15034355271083333 0.40499570097434057 0.3632081646040761 0.8464513859394633 0.8883103935452874 0.4104802226449257 0.5911853540895431 0.3692688393478407 0.8043716427430138 0.5029544790448691 0.6536718471533082 0.246498587585272 0.6748345630877142 0.2523117734483963 0.9981436970357865 0.42445890956382515 0.2555208706824402 0.7283922087943367 0.5960794158391098 0.06658387570453494 0.2604687031995858 0.17883473223094992 0.7805637889675872 0.6996245750191227 0.13275370673107068 0.592168589005559 0.7540424261900499 0.5538051360768005 0.8360850483333402 0.30232174059079064 0.41714262582666817 0.9320790784130062 0.1867946807967551 0.4393487202834645 0.6501649785429364 0.6495128301753325 0.36387891166164144 0.06897172426420062 0.10599947686551536 0.9500044658074053 0.6045173155672953 0.06989746338034275 0.9065462609468011 0.026763719178666823 0.2937778573119766 0.16747801471616408 0.9314579785007773 0.5533258744720901 0.9476243558673585 0.4863848666467566 0.546630486580498 0.9786099566005024 0.20837707648654658 0.19679339113697714 0.23090232143370648 0.2925443410808828 0.649405186026449 0.1016396135732286 0.5234654554563326 0.5363862194194559 0.068669738442383 0.7358052893287599 0.7206051263889937 0.20576253344438133 0.09207918823835093 0.49338470304379034 0.2854895904116578 0.460992613059788 0.41410999070811283 0.5556439079142477 0.6797140778499359 0.11723253962639779 0.7693379569855874 0.6775523788643554 0.8756061393763709 0.10805073694985567 0.48435978751652586 0.32997639699118053 0.24662371731267407 0.5861703374901447 0.7626100158890853 0.9115212176804472 0.34947857341213395 0.9168188820123429 0.38166920336906107 0.7755511595657887 0.09950793630445309 0.8397211743004898 0.8031668527636758 0.08645443388343232 0.2273788181193298 0.2838785209628857 0.8945225034601261 0.05000402069057064 0.633457132138771 0.621062616567156 0.5186488102109342 0.7542771460971801 0.197420322565924 0.913270466953691 0.5510002418741344 0.5155203979903399 0.27497674992492926 0.114715799344567 0.053031975587255475 0.14076379827992913 0.513883790162075 0.17990052227692432 0.6273373967538124 0.6810471369183482 0.4486360768244728 0.8234010437686433 0.3801801875875137 0.4564433953432385 0.11369623364025705 0.7502830159012448 0.6224501997237568 0.18279726458197543 0.8324722398313784 0.5960929632212 0.7876430480760165 0.9248049762120157 0.905266810137778 0.5083728741888272 0.22850934135092238 0.3440463314611031 0.9475300141975458 0.9352441786084449 0.13839987761844608 0.8568463943721836 0.06969563552331237 0.9726576558448535 0.46960115461635676 0.4941735980199825
0.15512911314449507 0.9908683609874658 0.22777928283774262 0.7074407973409316 0.45008034102508165 0.70945486616713 0.1788091431214034 0.26692221676384753 0.9607695112221829 0.9617620156958373 0.3964264163944732 0.3809793770507873 0.24993876088452893 0.023072511282912767 0.18578663341285184 0.5788613064740948 0.10270469738760957 0.36667647043579066 0.025288646467013787 0.9509429668311097 0.31237660434911174 0.2603775861397708 0.7802500785327897 0.2914121646112443 0.03751713439626292 0.34323748274876853 0.010131679888740752 0.8334603806800169 0.5768134481933644 0.39277147113071786 0.6470011407734575 0.21489720843629934 0.15414765714168 0.6400184445255733 0.3762406180266883 0.5901200643051696 0.3482677318027212 0.70582763412932 0.9838192096694657 0.4246845771216229 0.10494330407451113 0.10318990314039511 0.7618400525065929 0.803063451296732 0.8328402992887026 0.19088987410688274 0.2554228163740119 0.9908627216149896 0.24053009976405726 0.2193952571251594 0.39239647331429406 0.6975489892277766 0.21532116168543414 0.46221822286029357 0.553757763911168 0.8019045581341052 0.03989469768118892 0.2662229829897317 0.34985207149189246 0.7606695718179911 0.0980444059660337 0.717141384164129 0.3134823180685221 0.7836265982620568 0.22871810227083156 0.1760660364259673 0.13526593271386955 0.6790942581739458 0.32937118659331865 0.441424371239003 0.11177631364622997 0.5774766359230684 0.7336817224928117 0.3247668065426227 0.7090084114806193 0.8048703781948093 0.9997579339970447 0.692643843279245 0.4781217111871736 0.05642008019608813 0.5374884411671244 0.4331433734955331 0.6918247646382029 0.09126679568616591 0.43723740456925264 0.23449615806933866 0.3053558563369164 0.361379418540941 0.8932661334165042 0.5166256979234181 0.7470081001822559 0.5319007513121097 0.42277453884194227 0.828097945379433 0.6973860215142776 0.9639974016786587 0.20170197697808057 0.22307534535464846 0.9910592891366419 0.32709151723420404 0.1680320932384759 0.4730515190391229 0.22906510775355615 0.8728011678885236 0.12666328738204302 0.7914798741487712 0.14706796283876222 0.3252609560509021 0.18362748895561354 0.934934897073408 0.27032951284350004 0.7470975699023354 0.5269813983374133 0.3034228422852282 0.27794322760737333 0.7368254979771137 0.6586073627834372 0.393604946115103 0.4243317466792518 0.4752515027949952 0.07476741860986602 0.15055309605088107 0.24752012910479748 0.9662578757642111 0.8375998293050395 0.4186061796132524 0.5919925597316786 0.7896247690666224 0.6354928027182225 0.995397904452619 0.38692135459437604 0.8437749863197274 0.8369068478356528 0.472363411425452 0.43604369748293703 0.7016955755554372 0.5790833229510447 0.5375139435406012 0.16273313902082598 0.09775064383587628 0.03816331914818305 0.3335836026824842 0.7936938203346159 0.5506613683963236 0.47530084337665757 0.4762855620532299 0.5402487299883691 0.22005431131025455 0.8620592000214713 0.19114068950684304 0.29305327400985215 0.1370973514664725 0.08883598744965815 0.8807680186476267 0.4832777869121542 0.7035151315699061 0.31215953758977677 0.3292620786301871 0.5487198396393153 0.20845424402383717 0.027331576535613022 0.8548809116913245 0.5339775731079776 0.5978703306948507 0.011278448182463041 0.9242796698468188 0.1553478172838092 0.8351898899082248 0.6504386453000643 0.6601742301979684 0.9136291279452643 0.49227236566025767 0.5452787017942504 0.15431598551288894 0.4587896798029828 0.4661169028917206 0.7340652856027471 0.4535004581626608 0.5009452494809987 0.558694212127802 0.5822047405076907 0.32763557579946345 0.5996908680608867 0.99115266577903 0.851798615968695 0.4524599789543021 0.01773092004574417 0.7393463253308945 0.6719981593276811 0.43087620784761493 0.959357153922312 0.515690785537071 0.6252434600834871 0.031244441674978085 0.8029172740744925 0.1502023683615673 0.8807982496430563 0.38030045539783197 0.5421345851162315 0.6786626138702566
0.22806372106810102 0.6695154146428114 0.9004054322413106 0.07959247429216354 0.483357900528835 0.8336205956120527 0.6725777141220334 0.644007785747886 0.23553713739416215 0.021217824569587207 0.5000265450566892 0.708805946528422 0.6581424537060259 0.10562453993142229 0.006826268455630058 0.2332352867593651 0.7117202369853898 0.8491800848200332 0.7464301629945654 0.6315662529231805 0.423042876451721 0.5157541985494701 0.9785526168356096 0.8716189326009484 0.13450682174203032 0.21163625789185192 0.26272488274755357 0.33181161121742775 0.055641812989212 0.6522217067019341 0.3997182931130142 0.6607553980609117 0.4589793373413178 0.5332519058293052 0.3802340999790613 0.08897008789966632 0.5800730309442288 0.7083391016117784 0.5093255343744434 0.8784418156132374 0.5586069715437839 0.6500223957594359 0.02532124730060481 0.6252546585167609 0.2602186798593309 0.42307559709232057 0.07582877914691522 0.6797215421191469 0.015450795177101684 0.09343023391003968 0.3333916904821195 0.26581097425020606 0.5262693321451108 0.15402491653224393 0.10175198169815569 0.09932221262547891 0.4937669009523479 0.4237897809356823 0.23992141107984477 0.6395729433070741 0.051425495471898675 0.11104402725329832 0.15362356785546716 0.7334907555320986 0.34771896668881275 0.9508645422264201 0.29275658404670224 0.3113975775113299 0.7192386729472101 0.6691458507809701 0.5815000658459788 0.9138269244593092 0.38315140066727105 0.4228712903020603 0.0925206260357404 0.4670949717993521 0.9484942051058778 0.42914946353020234 0.9188271985426952 0.016199151388404776 0.5931167311374611 0.5572841379189118 0.11805330740425246 0.07356283665879126 0.8486134540560866 0.9192523098267409 0.24012847970736717 0.5772889473162292 0.6771089483964031 0.6403873556926567 0.06734336387138184 0.7587029010750107 0.49273065954797723 0.8263856727687505 0.1568196869119709 0.6854330348598482 0.848667233732931 0.8369921496736821 0.33596063500945306 0.5670194318489089 0.40637248283449534 0.2903283789306589 0.9585839870389788 0.30633962872147324 0.6852865810409896 0.7636607483922407 0.7981942922100578 0.5119577679492806 0.16171322528690912 0.4394853930883619 0.10568054935602622 0.8120212445638464 0.4684089559781026 0.6542532430706118 0.3588368549619797 0.6259889436475155 0.33144540927984945 0.6196200995977363 0.47771589432460426 0.4972582512153436 0.3732914717598401 0.38206506926747075 0.034174080758451186 0.3878825864918566 0.2678536335437127 0.9850411732451801 0.7785141918956311 0.966002805002399 0.7987476503966913 0.8179392974179652 0.7534702628325707 0.5002158755117739 0.5751571789155411 0.9739222461709867 0.23901785757793426 0.6186329208996377 0.5428062596613886 0.09733393606970075 0.9064150975403573 0.7077057091887026 0.562382223323445 0.15892219048548528 0.8424461678885843 0.16048010618379505 0.5349049886742712 0.3930933943290913 0.4956721008664815 0.3982162560110868 0.8951889019365019 0.39282705077085356 0.1273366208324438 0.6979727708701178 0.7529692200121497 0.7324873751006604 0.22174679119595042 0.6453267708728886 0.5216654766409604 0.0575710263080319 0.2790083566567211 0.21354038699555578 0.9802308001214584 0.7497866231891427 0.062217962613925315 0.4076869592765213 0.9602468658138684 0.6427616887059704 0.17773233886852446 0.8055061272006809 0.20689136983114342 0.16878342233953758 0.1400457421620308 0.9348016465358864 0.22376674563683285 0.9437152408250948 0.2583734712815693 0.011880270160779083 0.5754905122241271 0.6252096392467852 0.7065844831402586 0.3070806707138367 0.16128173321018247 0.29281913432038553 0.5430559466603978 0.1856395945891871 0.33749698733462874 0.7984041760912588 0.636332294584477 0.7703856855477815 0.06269700219633789 0.7844695624912862 0.7487186711376017 0.6487152393867126 0.20956032492830834 0.2689853673332899 0.9609019948627526 0.7156847222505995 0.7858441779274459 0.738552412022107 0.943286498032222 0.9882103896186505
0.6126892422106796 0.024068199689685765 0.6520580882687091 0.4817500330293655 0.7649503583797342 0.14402227567941472 0.6515285627703974 0.4297398297441607 0.5110265391553503 0.39736565569836224 0.5189617176698127 0.3353660945965282 0.07975566983608406 0.9280806464016549 0.6787794971687653 0.6166107646372312 0.9172624792528827 0.8105179052103447 0.17186992690211855 0.28929472585547455 0.4629717868845278 0.4814372609851735 0.8954947010259794 0.1171002913531829 0.5028707602618412 0.10879483663860356 0.553818417681528 0.9384969501240666 0.9067229379773731 0.5564453094151747 0.017607576885436238 0.823816853881085 0.9117105012843262 0.3453207192647152 0.35661666400102887 0.9483633673169061 0.9581166399461508 0.01928840245834096 0.09977238983896464 0.988096272378879 0.2675403316519619 0.3723714978279643 0.45996975621700265 0.7976449686274455 0.24071115913697905 0.7295104901176277 0.7291606114574822 0.47662576619405994 0.6202584081799453 0.5641678006302767 0.21974852958560664 0.9053581397018345 0.2730369337646902 0.09555072582012392 0.5839007742727507 0.9852578719606746 0.2921017008965896 0.3374535384835048 0.3503743753655719 0.3606627673674868 0.9425328579838167 0.5036786657066324 0.8787958173383755 0.561180407814226 0.6760453470945964 0.7189311228156628 0.2453372730804616 0.32535031978084494 0.9104341836610129 0.7346366360535891 0.47567201201792864 0.21416376769215217 0.6696959731804386 0.021354151957477252 0.39027097282421985 0.7632981285069067 0.8815250376878909 0.3048984604348436 0.43946756515498553 0.27243777530037294 0.4898000221820965 0.11365000682364079 0.5742217031459677 0.1989404838616874 0.49181249201568245 0.7951705585528198 0.8184959569607767 0.17288336413056526 0.892371937745471 0.17607494880505048 0.7294383553236239 0.8604234371101034 0.06312008994470597 0.11041667555709911 0.5997457602689412 0.25370577751621726 0.6434323497051123 0.3637929475846702 0.3670628493944962 0.2526545089857666 0.9277121057030858 0.19123177734846786 0.6661084668001921 0.8961335313778384 0.2670655685089445 0.9406721537648974 0.03391757261317663 0.2580705881666012 0.49476060576732017 0.6884895577501299 0.02441907144786415 0.5011813825617791 0.3133396854979972 0.41372707276775567 0.00985492364578533 0.3790287454825565 0.662695864449949 0.029642011531338275 0.3211222623634157 0.7613455349048399 0.837213650996023 0.013361022354136387 0.1103655056437488 0.7613693181450131 0.2728993016594158 0.5015523784489013 0.15041001215590943 0.6577535748336085 0.5086861978700656 0.5565284716130674 0.18372239269041102 0.8010392293230276 0.3458078462191366 0.024510205616073755 0.4026587672568319 0.8636723456066313 0.5157179198352321 0.004036506896113901 0.11552588173899891 0.03409707243199789 0.32675309836779065 0.5949404901154198 0.5126310348394586 0.4304199826303907 0.6248501343915139 0.21959052461623085 0.923930468417556 0.5255596765782148 0.5487948688620156 0.5810603935158688 0.9017983315760353 0.08894931524073835 0.770725895985787 0.637784706491821 0.8701353704645051 0.859310156960932 0.7873042816649709 0.2718216644963636 0.8321696615212176 0.8016191059877776 0.06239202621104034 0.21250330257832573 0.1503043405948814 0.7006099947859803 0.18324857577074438 0.03317205499895115 0.05859121702162018 0.3478133357391888 0.04110337567977751 0.7341626368201593 0.7197316529449823 0.28671486364686605 0.5691645689962548 0.616622707792871 0.11495452009810081 0.04873937550783236 0.24463538169768706 0.6568580718525755 0.07667588837813921 0.7228865066471746 0.9282695594679694 0.632413579680113 0.9603598839521554 0.9199569623109749 0.34960630735000975 0.8518668853410091 0.9275054603636453 0.6482341723898049 0.1292333647277253 0.264982168696683 0.5680430156387948 0.10162300401099733 0.1300720556123256 0.6838881892051382 0.8911041664655313 0.07356221835392551 0.69528014715072 0.5757132193686169 0.14619215488501747 0.7235541653771794
0.4796019008706508 0.6453266870354406 0.12220559480603799 0.2595820679927954 0.8607002086150173 0.8733729483386394 0.1017210731919852 0.4064662113199149 0.9217406024752048 0.12684566332546532 0.18091258365607366 0.8869916028868222 0.0716850739091619 0.9486026323889867 0.5725323605270203 0.33485734195776073 0.7708995843481473 0.8743905537321688 0.2591904184189222 0.7002507452323647 0.38632169308714426 0.4029189300620244 0.08255594435783364 0.4611436323610859 0.9775944689373409 0.8159267020334916 0.35120156960429705 0.12622138869629795 0.36917365743067576 0.13511520978254343 0.44690197218873107 0.8597663935203321 0.8016909467277433 0.2611231047285195 0.9749331356171249 0.6998416320601173 0.8918874658481499 0.21831408095082205 0.45163535911577246 0.2033527850360507 0.12428657918810182 0.07993794645502705 0.44133657616805744 0.8361170909579758 0.051149785705543294 0.9217967876342373 0.37366277301524775 0.6386799829110299 0.3509701092273242 0.39590729643578537 0.6809632554412104 0.7714116437219324 0.917098252932936 0.05204135850821234 0.09389188808618132 0.11918762362736313 0.9292247404282056 0.4234765048389565 0.1905062629419112 0.7123919169228177 0.39130759640162394 0.29878253366835317 0.4018035513540723 0.8174903688788439 0.774335189267095 0.3977470534401666 0.08275860336008534 0.6257705361754582 0.3683545550817716 0.4416474836116999 0.5647454743697766 0.35268640683735597 0.07240708702530574 0.5080049048226932 0.9038121000226624 0.6877136378577555 0.14003400699378266 0.08439458028003388 0.7464178918783437 0.2544406396767277 0.36610192583915224 0.5198274542412328 0.19394514900712034 0.04453871923312669 0.7650034656664175 0.7835426459879586 0.8823764344403106 0.2029718782090525 0.18860696067946547 0.9044149006267213 0.01631155226196046 0.7900157310417387 0.6067821248040393 0.45849597402478026 0.19109356582996517 0.58765900108062 0.26530000633332196 0.9439536614405104 0.5318703809073093 0.3773580650038336 0.198408958143254 0.05045706464001409 0.6418027305993493 0.46948669892231143 0.5884615794138741 0.6405113344667649 0.7452094862567163 0.17899555570720305 0.7732723901706595 0.13288730006311122 0.4528205608474425 0.46351867096977606 0.4596024364460083 0.43282277143606196 0.6104520411861193 0.006484903357508398 0.18443283216354422 0.5968489017392947 0.030012361560004974 0.5780979118088776 0.005121193512333089 0.14902535636324565 0.14577663237837024 0.9354839513493165 0.5777445049063246 0.8658863944435199 0.5404770000539773 0.4912980082906985 0.07852639378691062 0.04186509135087335 0.982754020985079 0.4475012855788352 0.8722769983810371 0.40424353074592834 0.8475183908062685 0.337343694757107 0.29246885231903585 0.9517593006365982 0.32110111674614406 0.4587073990330842 0.821349303371533 0.19957003852751765 0.3964772999723246 0.35743927777307016 0.04517629784153776 0.23953030827760569 0.32354383389296937 0.5480548535076181 0.5209841370270676 0.69136794134955 0.5146582407400067 0.3776555667413143 0.5232383394872895 0.09825246523443243 0.7267218752479988 0.1700521135484303 0.30959250356774815 0.2589090205696475 0.9855442652261064 0.26014150887577114 0.4821873774818929 0.0942231518500406 0.4915208625064047 0.5211465957308374 0.5089735760002858 0.12141313198783543 0.17962821046947286 0.4366230025779466 0.9517849117299878 0.7848395544229608 0.5086860026426465 0.7836736489283088 0.18609594620916226 0.7747268898351257 0.46707291241221516 0.1309290780595368 0.6582615317984406 0.10529928338649341 0.6753865733683405 0.5055920074759497 0.055993356437171404 0.7772425408995292 0.43017881688618564 0.45058285857272784 0.015595308584800072 0.2500771076726124 0.21495617675257184 0.3208342076450843 0.48732631165521423 0.11357059286658666 0.6017786418101456 0.0895909527234039 0.13168587352581052 0.09313472530454836 0.5934428451940771 0.36881427582110604 0.9613239851765788 0.11078237460406626 0.37295381812333495 0.1500485880515977
0.41270347622609493 0.8467327619884361 0.033562433148953574 0.24191134001352044 0.5883399055561579 0.04633390313173458 0.6436322444271397 0.2811991284876725 0.720906707959864 0.7522078280185166 0.3779501087494015 0.8874583078257433 0.8177504349423393 0.46627944368443897 0.34350763845436627 0.2923595496790352 0.654092341843702 0.12281131395946754 0.44595447136648625 0.7252791072367714 0.18278053961271856 0.5136509019196901 0.3752301162817806 0.01808930609298076 0.6797669367696312 0.23061561984451684 0.002029280821040147 0.5961126580567778 0.5183214436473267 0.6383583964890363 0.8277654273682361 0.5161066464161991 0.07383820629036053 0.12772376164377486 0.3548301403015687 0.933276739705694 0.5539363013391301 0.48136312353126554 0.10329945070549085 0.9978082423094998 0.6413827514664142 0.09761846502464222 0.39898971784343107 0.8085872095141825 0.0885763885044748 0.45181674314084996 0.9257275514340253 0.8067522546659418 0.2876589505587904 0.08463306559668449 0.30264608597626297 0.26990703643310154 0.3703137357251337 0.9716243602451538 0.9354649720479383 0.9714915811065633 0.4392910863937243 0.1114110236928646 0.9119585270450654 0.815157879014046 0.24782583230543076 0.4600457000795002 0.14925571894386525 0.3378060655614784 0.8939463969843044 0.7664522347736986 0.8193128285956607 0.036896392291210445 0.5555877724108575 0.6331782265046285 0.8290535974839716 0.2274564180120734 0.10789457701639582 0.4565316015398362 0.009466717507177091 0.027367412612929076 0.9252551485945003 0.9650040680602195 0.8067083452587817 0.6580280246462197 0.35164722376285296 0.7321963381278623 0.9039605789814017 0.6991298703564294 0.4181087418626094 0.5959294740776381 0.4939498295115733 0.15656472502003282 0.02927395275047162 0.597205203153191 0.49155857307548356 0.8762101389005534 0.43590700026673534 0.47793890594010435 0.5340209704921364 0.4426175106363023 0.35422953931656254 0.3187691417750189 0.5527057705016795 0.29943071906110386 0.03142694799677648 0.5322638599815103 0.36452598665509683 0.6551001103394881 0.4956419403734065 0.7893264759768186 0.21017534173419328 0.5724581412984814 0.9380783947437785 0.20697754711736982 0.16915027977252728 0.1533955038857553 0.5214016584400961 0.9038533426345837 0.07517920551409663 0.5628636618140683 0.4734574750668761 0.17200362789111567 0.028167451625775497 0.04531333394251802 0.7936185691209566 0.29968608945041375 0.9697816890531894 0.4393727385411318 0.21211124229149303 0.33323628100245173 0.013538615826128031 0.18264118640576132 0.692308743544587 0.907996145056361 0.7479187340319019 0.21273513756352647 0.9965097103210839 0.6857131872943429 0.785013200684008 0.9242100989732392 0.6453402462513873 0.40653505827527725 0.7447392322526514 0.8331721085106014 0.9741493694544068 0.10288707104661565 0.8802811306609519 0.9311184964247968 0.9885871125837761 0.3739283539866729 0.5320534519320085 0.46785772369693956 0.045429073557421984 0.6399355699423487 0.5446368182422333 0.08645359668627195 0.12064066592965839 0.8247595003352572 0.6448876521658792 0.31379287024672753 0.2970560255252558 0.8498316466812147 0.20172165001449294 0.19755875500000064 0.08880485811676797 0.6710483562343227 0.5924839381544825 0.7043198423274436 0.7935328883556678 0.6846007515633262 0.6763441457134722 0.29339076319445645 0.6776468212065785 0.3514762675253039 0.6328920878906743 0.6424156524752588 0.8506951154570732 0.1926238905625156 0.4989814291892394 0.17390393663882808 0.4193506634378871 0.07219435595013435 0.09169094705358083 0.18319571208275132 0.25871218395441486 0.6947326109371657 0.5635307022149761 0.5212380937674916 0.9604024839827646 0.6921428974525722 0.16258832343061225 0.7887186767434227 0.4515819495702842 0.7305987554495239 0.7780112947498908 0.2270866519381829 0.3664007706236272 0.9180024423906373 0.4364636865046866 0.540688493213829 0.7239108069957249 0.5936405980738402 0.33810188105061245 0.37635738206899627
0.19043051929055332 0.8651899357513906 0.3549296657420997 0.6470139553250771 0.5270811450429416 0.25426735056120675 0.5061479859004131 0.32771036857520575 0.7223244467516251 0.8838912130170516 0.9161794603664918 0.640537705665091 0.7988093026793871 0.26113303964622947 0.7222565905604094 0.09280498447105201 0.36814764768048136 0.38381956035494524 0.4418103245208148 0.6679779259819351 0.7919712407070644 0.8328980267295721 0.7559193738526981 0.23655634880217924 0.5599636159612813 0.23541886012401347 0.4563587186415191 0.665706289574174 0.7220439547325389 0.4958443928512851 0.40531437562425265 0.6386305208133802 0.2088991815324266 0.15899819019953831 0.15326464963795028 0.3318877423668293 0.11513745344782556 0.8464185234607988 0.28521813805544083 0.2656642736384487 0.3352357464512834 0.7129568754594536 0.05542543767494268 0.7090225572530519 0.6513006542164261 0.514120457447162 0.025315121456672918 0.6792840548503598 0.6163571498602464 0.12621837631242128 0.8298524777432711 0.2052263212726736 0.6482175484954786 0.5408775592696815 0.469704252576685 0.36278421911679004 0.2982814977281245 0.32479536441214507 0.07471188629212744 0.6856255449390481 0.03714526235678228 0.4348762168179311 0.5290381930393976 0.5392489989204097 0.3718931882198637 0.3851878400725153 0.7245260590612532 0.6515986192851737 0.9632756632215044 0.8570567567084776 0.29857861111090134 0.6179216470916087 0.33160440824148496 0.11534587070319213 0.8257810645898133 0.7261363169767998 0.21783247830335195 0.3384299889148773 0.4006236644024944 0.6768613693080381 0.16636217149164978 0.15144524254619962 0.0054178117799393855 0.7673181437531696 0.6022340664657492 0.31928017918712226 0.015280367857027355 0.2959955425086864 0.4727324034851933 0.07522239155880328 0.5668719453126827 0.6689370598948349 0.22844338441964918 0.7739498739459026 0.02222105560678711 0.603677402241376 0.6729880650563156 0.5345607586399443 0.4004092190055747 0.11876780655059505 0.3983135429757272 0.3944172664022203 0.22979865661561727 0.7877409654892393 0.8350532613849649 0.7538702338291529 0.6701452267106847 0.050564238797033645 0.09189298945087987 0.009483303882158123 0.6363216092405402 0.26869099876467906 0.41794122760295027 0.4051317475737971 0.0822617726763124 0.9006642028186733 0.2246568365567767 0.3771699129369219 0.552535106807385 0.07657076373949945 0.6276626443005602 0.46544806370342073 0.29567358707062685 0.811851522851175 0.017272923734477086 0.6512283752897219 0.4306558319236621 0.4199909430211851 0.506006168473199 0.23028551060567726 0.9525835039013237 0.10347908623467372 0.752333077606049 0.3713424962777707 0.3718566072139168 0.4798446561142028 0.28350399480620314 0.5952602766725227 0.16766989940074717 0.7258381101072356 0.38971946344885355 0.45490135519724473 0.9952347447803276 0.5434189989957278 0.8081156513168946 0.43128293131406026 0.07150938492069958 0.28712884262683147 0.7632932762684889 0.04827797297956493 0.13046315233774175 0.22248786976895152 0.07817559957180542 0.19500413308022824 0.9825520996567784 0.8356973103421068 0.461049405034467 0.10021392685412522 0.03578809337461186 0.40191126530057975 0.04494410058612297 0.12958942475998447 0.06662093700288896 0.25817031563046255 0.7175075063543317 0.48535788048732376 0.9790614045934904 0.8973925121133021 0.6884298011496476 0.23142704885601106 0.10046272714071225 0.06098342384207622 0.29663113455484447 0.9017086046540542 0.31448004519960804 0.2960692477023593 0.5989374733018864 0.4111358214836085 0.6559677949484646 0.060152079851903184 0.1605200726372067 0.5231933784062227 0.08630479700944016 0.8161751149167263 0.16112630387949323 0.9132331791303663 0.29766392352646764 0.30942412511426876 0.22725351910314262 0.6432749761874491 0.32592597664893663 0.8726630438491276 0.9862009399590235 0.35447467570673374 0.6071818795647677 0.5293951459719486 0.14812770773936923 0.8576674311510883 0.17434597350880565 0.9099883873978379
0.9096837466527881 0.7326784124175161 0.42284615183661356 0.030743568086978756 0.5148858905735885 0.45958010228344515 0.9784783816850634 0.026230413434257138 0.545113325293883 0.9573614721207888 0.020005401890502927 0.26684303552826205 0.673925642598534 0.8583271210197864 0.11101775836012973 0.49410806608582236 0.30299276656705476 0.8487118326955632 0.5872650749305768 0.4435504098689709 0.06123166455666984 0.7461328073661837 0.9778170573602043 0.39432934545456655 0.1014437216760794 0.9245773899405993 0.6405333267181468 0.5955699986703298 0.03785913586845635 0.0835415773353737 0.3323069716467998 0.005229908861966059 0.26328024766048375 0.6609942494130074 0.8431210704046347 0.08619396696557502 0.4505684346956996 0.39304829084589565 0.3406050822227743 0.6480205239485483 0.8837695925597058 0.8437171281294609 0.4534286053831441 0.3482972772798635 0.3284010024639805 0.03181056638533797 0.7731462844193753 0.15408197030242543 0.10553362244380227 0.6550047752324114 0.4053989080471039 0.585583959843278 0.3123983401238569 0.1279405014968784 0.49823688151354006 0.17426795393620398 0.8673695151950196 0.7118508667695556 0.4674988203044921 0.18152361111943105 0.505316284542833 0.10155137157780492 0.1261391487917568 0.1698861565394788 0.6621913319054747 0.10494784178060357 0.910038459071822 0.06623095309378935 0.4289216723575957 0.9999961705987335 0.3334470625991901 0.867392669264178 0.47846240901923953 0.20234943063358146 0.5222516251901297 0.03558100527043151 0.6126414239000492 0.7127746186587 0.9469452578950455 0.2746320827505806 0.5392092591665677 0.27187526713702204 0.5387660340725318 0.9152776181999773 0.1804930750000322 0.6902366810765435 0.16215931216334467 0.37734541308742364 0.19951982127062573 0.291474123714604 0.18678729798494964 0.856766751360951 0.14655833297486798 0.8621296433211828 0.5173042948800357 0.269444603515417 0.8998933378544567 0.5545547380448315 0.8430766738124952 0.9722659326435421 0.8110632922088953 0.40307671458168925 0.33032918369711395 0.9048592856613907 0.4369288226112923 0.655059199763885 0.6357374777406982 0.6973052259189858 0.7789494029585334 0.24775702799197674 0.10810308327301377 0.91108618589968 0.6702318211275566 0.9005115424568881 0.017468690066949732 0.704968990149207 0.00876131343533193 0.665827262423832 0.794834606727814 0.9459590857027037 0.6311136002913426 0.5528189129597608 0.974047037789661 0.49109112699944635 0.9692017637319778 0.4741995920046811 0.8918217135984285 0.26102391655453006 0.8542709564411106 0.8477157185055034 0.2114484429301755 0.15867048280464402 0.27691917803118526 0.010411160834999378 0.16817616668508917 0.540223364561675 0.5731557387065597 0.8103806680984131 0.826404273621755 0.14201855010385833 0.44129163791067094 0.5674644000359866 0.07251755942586957 0.6911774912092161 0.5342668422057952 0.4604133070474483 0.5551103073715733 0.9605772879933734 0.8950847879014399 0.33549766489265187 0.10353197170799455 0.16147150900138885 0.2827870416454664 0.38130230513136143 0.9640674721858918 0.9542752045453831 0.9214016689351353 0.2277337454437821 0.02609044333476629 0.04358350564839675 0.7945881106595648 0.5308367959991566 0.24334548134700107 0.49502746206975323 0.09502534782769467 0.7124046982037566 0.5624851605157419 0.8602784631844174 0.30416584734864505 0.39346684485366346 0.6008469005575561 0.9780681629746543 0.07094621687848002 0.677664390941197 0.8065708714897553 0.9315659895412413 0.21969877020773543 0.6056356459313323 0.4389462698787644 0.6780616760875944 0.5274925589032436 0.509920436623454 0.45389229942373976 0.14882984265826948 0.009580120674218984 0.36940741806395283 0.6471621021582585 0.7856882740288756 0.5326817604328024 0.4952203664606396 0.6978974224615564 0.40030862773546727 0.27280734492398806 0.9023366314600787 0.3077813163269286 0.10249680078718482 0.3205289174715654 0.24523774928738185 0.5479019773522216 0.6365289200645631
0.18620168590819097 0.9501486930590209 0.39979453655679864 0.4354153657367219 0.5987931621209043 0.6972048267710089 0.6596038345419175 0.25842408613108625 0.5523264432093326 0.7580366705809818 0.3545416129952329 0.4092527960698039 0.2814737972750233 0.34660540222130765 0.15547046312595458 0.7499378944294406 0.4760472166831886 0.9377347102135541 0.10208936862681095 0.5165401106632719 0.01828127734944085 0.11664341484351215 0.8264823196243661 0.5852765043810589 0.2942231803206389 0.5927340500692329 0.46608561489099487 0.11926239286444207 0.015256640135175248 0.2772364527497635 0.7975584618782983 0.8707437902576272 0.33839608654224695 0.9675500841574998 0.16289971228878086 0.4268439719946753 0.6586911709205671 0.8134031865065436 0.789503432463626 0.04247255049457166 0.4753617236492821 0.07336648927066725 0.46034570620704496 0.5033706886155103 0.20551495052342128 0.24017325884383944 0.37557794018329693 0.9203081524186641 0.2885399220326005 0.6524485228561041 0.9476095035678691 0.34859213919182364 0.07173004003321659 0.44968836307337834 0.5506854483649919 0.1304924410142546 0.9210051318863146 0.3274999125210809 0.8131031495986573 0.18957760087857067 0.5977329378513734 0.6773748107236368 0.37350640180763395 0.796324424314419 0.8226514983335887 0.016242455786046772 0.3935654991917916 0.20340576786537723 0.7410431343748073 0.8074195621628986 0.9210160290288906 0.3397571266828273 0.21655460825998019 0.12193461907776937 0.2360130097615617 0.38062860541731935 0.8206822548655562 0.8471754082251686 0.2812975447605266 0.7873183147694391 0.059074176558959746 0.14367505878986164 0.9159188744422441 0.82866832155515 0.79831266403196 0.9987569891090875 0.3655172510487563 0.8962227303195496 0.32482605780601537 0.5949796505682104 0.33400688170597803 0.6841980163325455 0.08278198856610164 0.4556587415252491 0.8054485201865215 0.9530107058953473 0.7397877832732531 0.8934667877085741 0.48101239510102967 0.3294091603179068 0.7571931435049668 0.851796549745254 0.13603023392168379 0.38340103420737004 0.1042796965172329 0.5715585450203694 0.04120393736650352 0.06893106196270371 0.2572130908519795 0.8244449774935568 0.6581319515669339 0.6745637911752517 0.7349054811498218 0.9081282982238996 0.3985503325536287 0.9149087213326796 0.4481859267838647 0.3743153757068296 0.2814024121281078 0.30749029860549204 0.7400838409179663 0.1530099099048493 0.42986449862106246 0.8501550387094642 0.0043978583498671675 0.6288409147308532 0.4150151187534479 0.926216939934386 0.7872606086959993 0.8529754318446133 0.15655956897527012 0.6298804816180681 0.44392051349772566 0.6422835402491298 0.09580400885779694 0.6614617475779871 0.046355960138789065 0.26462573206089113 0.8356756901744335 0.7801965451481884 0.15262276240656392 0.49436867050143884 0.6247094404382347 0.1589134821582049 0.8926992772323706 0.9967107625153646 0.7336036673606948 0.21439563123731553 0.8953314845253557 0.994109535629739 0.18788937080503465 0.48996305265030904 0.15011464608142377 0.41184970577872915 0.1528517687179093 0.6961101950426689 0.29227746761392015 0.8166002686586744 0.5696732824519244 0.920480289040954 0.8337861262046854 0.1300818212484025 0.21468379256705494 0.4334505825917653 0.825751278446926 0.20105785285260724 0.8461695999788589 0.7730654108920205 0.9329413430986114 0.9961053227308816 0.5280707315681241 0.2203446415474417 0.18391117174130678 0.5409720491563628 0.4305174226579179 0.4184025396983825 0.4105712716863277 0.8281845836133785 0.7032228039431245 0.18087502794235488 0.34481762806815697 0.8703104171186706 0.25284327387747474 0.6832597830788961 0.4992963426523387 0.11900053507004482 0.016773617020120035 0.4106671444918155 0.37269201896801196 0.4492353553432631 0.033484980714377444 0.27866824410976543 0.9198589956779212 0.5208063004647536 0.9185507681068894 0.3578267175754567 0.26522114077698655 0.1542083041332205 0.278479152990713 0.8206941090637895
0.7952826183565294 0.1659737332313458 0.5596875374296997 0.5864752929371301 0.5545921515833699 0.46575867516125735 0.7337283866609964 0.8831005687567274 0.6414937099312138 0.4028334676433276 0.9558726970682783 0.8429812192827113 0.6547454687426105 0.8676302028342225 0.34199426130864874 0.618928155991221 0.27412572750776165 0.24872779284090618 0.4283648850490769 0.8612070675767786 0.7228085305892874 0.8472786098682501 0.17836514640159062 0.6247181390965134 0.16371002847941762 0.39342888892365624 0.32146160110668487 0.24925696447272627 0.08488834296235548 0.3585603293326889 0.11373139965444046 0.132024921146781 0.774436815649351 0.45012053337122815 0.9122580474362921 0.920035781707939 0.9936304209611185 0.29282835216574643 0.8840467076829194 0.01163582376870298 0.55193656261066 0.04905135951183348 0.5838481027677731 0.5339794883367611 0.13731264378453978 0.5257920734473625 0.7816674367190583 0.9294637895001291 0.2290896409728197 0.2604763536414719 0.7962001081078842 0.3948869536493944 0.010852262877334984 0.9091170159437052 0.6806160343834001 0.2194607353883572 0.9498331820229409 0.9814154719908593 0.704962389700745 0.6160197155248659 0.24475980390567753 0.3815886252517924 0.16511684693457107 0.7656701552710535 0.8557544808631827 0.7729743625727696 0.8767912616773716 0.9456839425910124 0.9211733919740678 0.7872213009400798 0.6339152036048493 0.8909864113481737 0.9981069221226766 0.9153953530737815 0.32466189542463897 0.6521614543176337 0.0840001432386086 0.34955699242481075 0.9401264447964063 0.31391043830990784 0.6507000242548636 0.43585601297585286 0.12540031872932977 0.9021566613203665 0.019574582779907534 0.00353588310015418 0.03156593867179769 0.19088995117738383 0.22632861008739635 0.46033730805644923 0.4355636788175571 0.36373016404742264 0.4222588869210323 0.7774110364637419 0.3752503190138686 0.032186993729151014 0.3971203019843603 0.06489667216605566 0.35966915214193607 0.5966004107807922 0.32392664059703524 0.9323947970316987 0.050671980736985645 0.15867468237898885 0.6776297412454249 0.5144521020983499 0.41429358306241726 0.8170969484924561 0.3055255387746463 0.3908556294690131 0.7744572749320181 0.37369399189426156 0.4554984934266001 0.5202447741600109 0.010043849436805807 0.5228080501788348 0.7492696588616002 0.5146984053267387 0.2708595575796895 0.9124744824626678 0.7991492827046057 0.5239198627813544 0.22952275176138848 0.484331985670284 0.8799485524859387 0.12428897590487487 0.6729139963900381 0.7892904906657155 0.26218960399559577 0.9405130983423193 0.3184414294185379 0.7554723149462237 0.15375666111378616 0.5360997665974447 0.43162549588059906 0.1640304665223733 0.634634512647478 0.7672969474508083 0.5780266329126951 0.2260613773545307 0.5605776617614926 0.3480694079679695 0.4592261833147071 0.6765540480523264 0.4707582433700662 0.15365958774864596 0.7961981035578155 0.5384571452216604 0.355534776098793 0.08809708178586628 0.6392576578490693 0.2889716192539157 0.5640811199888367 0.8589322387469865 0.7057646983851013 0.5717173185158586 0.3990589648902372 0.23902406011826893 0.985798678181615 0.8863299101780623 0.6220556784039462 0.15103973047820973 0.5067090821482055 0.08474917583777763 0.5035014099692094 0.9981611233667664 0.7801225277385804 0.713650146457589 0.32135868817728297 0.1274228881916597 0.7625904763109227 0.318409395690074 0.9185837297374907 0.855296167587688 0.8618269751015175 0.7409583240378332 0.8938721391169979 0.9394772460246761 0.47169732898476335 0.5381014548795963 0.2188152400541855 0.7149716471285458 0.5162034275332267 0.8450972456053336 0.5794801098802458 0.15933104716434154 0.354532399516174 0.37607738921732825 0.49566795182079815 0.175226489146888 0.35402226156510674 0.7404292790598672 0.13241570646011291 0.039971391105212195 0.27409447342385496 0.7633010572766171 0.3567758881477836 0.8074775802399184 0.13414089648696537 0.5989990683928571
0.9875437960451497 0.23598921807808393 0.2617512768668231 0.4277766781109863 0.13138760363089697 0.317555961275522 0.7068109099553931 0.6581600872048966 0.21444281037516955 0.20201012365742788 0.33827436024378976 0.16231010923377587 0.34217044760392235 0.7841496489258641 0.12530944912108866 0.03981487299119957 0.31953624457643415 0.5801334345100425 0.7375442780023679 0.9471445276342083 0.4185209621702587 0.3135369127035028 0.3417073870312508 0.5887398690267163 0.003147850836606514 0.5793875472079395 0.8289329563734977 0.7168927341745934 0.47920668350409124 0.7846072606830207 0.21340578411110445 0.1500107522479882 0.07040067027438213 0.14377192986174037 0.1908403864533328 0.2937435303610131 0.6726301332035632 0.033413523149835256 0.9278553294737046 0.781789284320942 0.8615839577805403 0.4424355536656751 0.7000463245429619 0.8287891017240837 0.1585299303442117 0.28364719077363987 0.9515526601911787 0.692717829548241 0.8007711615259442 0.2314109568334568 0.9965991922010896 0.6933179891640908 0.02570593224644635 0.6565124475305848 0.8087588869760765 0.15185099181118722 0.7874949762990043 0.14360268123963937 0.23758862492881927 0.4776500460988803 0.6014491762761056 0.7595792231472293 0.2569071471246255 0.5528482977738999 0.13058787533052574 0.3680099234482225 0.3643699050987095 0.3871625948915569 0.32600807092853945 0.13660238840055472 0.6142931727022373 0.323259924308432 0.5399248976304916 0.3702388691454467 0.13688418859276463 0.054702771727552 0.28675359003817924 0.7426924194163629 0.034063575559718506 0.016633634278716003 0.5883258351377466 0.21528838953074747 0.09137754030700429 0.2736237465846185 0.9085431120090535 0.5955974624797055 0.5387422269823388 0.08261641153123789 0.7018755419193897 0.9081532551840251 0.10928686146432276 0.3910696049388772 0.559269012790139 0.18117731778495905 0.9864963987748997 0.9233543902292367 0.5584031740076133 0.14700931957712782 0.040580133864295376 0.23746678236258367 0.3270898093639062 0.14116804126453653 0.25326422319345543 0.29674823329802136 0.24494861853290906 0.39809647499750767 0.36752047397466303 0.676574328116526 0.09157302069730255 0.7244510526773941 0.020659307377801528 0.4864913788652411 0.7134836315628881 0.32316422823406543 0.033846817245595684 0.6602001959500151 0.1308069448344663 0.9351029437439269 0.400942638644996 0.6871732379211578 0.26336766150113466 0.5372802654827715 0.19918745179049868 0.2903840602941892 0.2579004684344466 0.834208038278916 0.8713026568203592 0.07903144217180724 0.6262867289991857 0.2207594767338663 0.7969500154155436 0.09192702074059167 0.5743896899885274 0.2862109237207956 0.017568564971179645 0.3530869807533805 0.17309003306665782 0.9586938197525153 0.7184215601661461 0.25632269492758 0.48101874862699057 0.3067921060074058 0.7977976347759563 0.49730156422803906 0.5446811498581792 0.804686633022485 0.6767869126976132 0.9413902565196276 0.8897403353026131 0.15496512945970786 0.5463694735883895 0.7755201312824584 0.8529083781554568 0.8884251384173989 0.3075253666510548 0.5209952619425425 0.03753282213581621 0.14435696802153175 0.8484647756145134 0.8953464456880306 0.18106669754520854 0.0864567225166708 0.6487323585184854 0.06755109000565351 0.10388466154488019 0.31816895507262033 0.45492165940955664 0.8575382771883797 0.10009974507227071 0.6020056753382169 0.07847623092352385 0.027382864320829592 0.6574304119730255 0.7036344247505458 0.33966669535261373 0.378779651138345 0.3367694219753723 0.132127008510028 0.7621484813934774 0.8886437951697813 0.10675746505591355 0.23857034987706727 0.3949301850186061 0.44357495841000016 0.07928225800922173 0.335793043883887 0.2732425078262327 0.18483750946916266 0.11671180560470384 0.9301858675214885 0.1627509222770116 0.07439748245029176 0.4935646157217979 0.7422308646001314 0.0835729223609828 0.05515269958709579 0.33886789578728904 0.3759433575135981 0.25124852102891226 0.49746134854674184
0.3547960290812462 0.64701917572227 0.27221464560172115 0.14739783056042555 0.9695671867185949 0.4696691227449127 0.5625644638268155 0.42208785972603025 0.9374646560068992 0.037124814863651934 0.2629059494268603 0.6303351992181964 0.3361678157978585 0.5919204852189094 0.12179822458135037 0.7877085746734045 0.6842713461747769 0.019944228468414593 0.9853516507875562 0.07832949862249461 0.13899927165717618 0.12349835539481757 0.8890652184909169 0.041646157923731164 0.08181029423595221 0.08756929210204334 0.44949211816476464 0.8904017646495586 0.9596250147528015 0.6164166299963876 0.00870232791445924 0.8675861930524764 0.41921825352871533 0.5121771374622033 0.4660975953096642 0.7200114757283725 0.43214310469766615 0.42272990007530276 0.06513743974418029 0.852307483653657 0.9111565203724679 0.04446304930482048 0.7230274844127041 0.3513524562539434 0.39759721267966863 0.21529875519887443 0.9096941496881261 0.7587209917891268 0.31415806645264865 0.4099375635958896 0.6237501117781943 0.5269631227973967 0.5677076825144826 0.5586678916585356 0.4252614778495749 0.8855054108202466 0.7852907642040544 0.7634671361777523 0.5916035525501391 0.12226030237255625 0.47935355868910023 0.981013955354292 0.7924229264351962 0.35742726367324495 0.7128546088075258 0.9547947193020754 0.16508284233966908 0.5838881541683408 0.3483138974970639 0.8771897552065258 0.4863918132324282 0.5994439709123683 0.9588938709183095 0.2071175822165755 0.9855378387184269 0.6239315131828498 0.8310461499237256 0.04306067011070236 0.5089027989975091 0.865546516086283 0.5244788375345691 0.2665264048947408 0.14363390058928205 0.030826496596938813 0.4165570941858333 0.26289054414383584 0.6114290995053704 0.5594073363120148 0.8439004531287194 0.5663102831232982 0.8558522965290148 0.984119840977643 0.5994543594998862 0.44044722132480885 0.7398173083110334 0.7798149630372331 0.28976589442921996 0.501508211014255 0.8201396779775522 0.6054620078559015 0.27440980570028783 0.9115204165191261 0.33679406337989626 0.5416883073372565 0.22928330735878066 0.1996555286446704 0.37138622274642574 0.8855515997421299 0.836595732789293 0.1829898645009529 0.7127868094582989 0.8224675769199568 0.8538267165722824 0.2698850922480992 0.33145057134000067 0.9333884036058925 0.2462443607264091 0.6255055141938757 0.5201628020069181 0.13782505657948285 0.12485331954088286 0.17670123260501125 0.4437223366541915 0.2111543453515652 0.6766634394619282 0.46504256986126 0.269629975586261 0.8880997489684826 0.6520398421774182 0.4428427167893483 0.5698370299370537 0.2763982783735426 0.6374227636082711 0.2771465404935204 0.8919747687738813 0.6275598732080705 0.37631053689048355 0.333263174712895 0.8510596331791938 0.4578345364851971 0.3710967938828694 0.9996936018089415 0.6691566503338072 0.46047001809765786 0.5845952433013005 0.7147707532957845 0.8168630414798527 0.7434177811829026 0.28504102358035677 0.27546943397717183 0.44074871485985556 0.3588179255702052 0.5172437315394848 0.9425147781866743 0.654536513174666 0.7604356384671246 0.6205697448643281 0.14930669953587217 0.30619783549297297 0.04528727046960623 0.8871317580646714 0.05872640840878196 0.20299997193506936 0.5840613198181788 0.18573345465690394 0.0645469315386924 0.6987588373966279 0.7506805877207223 0.8088959033439315 0.48648214589600336 0.5015815676389063 0.9013350821352151 0.6642736956068269 0.9832667550241965 0.43504372930239144 0.8437263953825532 0.557233261792282 0.4214356681455065 0.8198199973956053 0.5845390325986444 0.6566839299491906 0.04930859930857001 0.6018337957404217 0.25455904043276467 0.9625385112970101 0.9743018180256364 0.5483331250114333 0.11652318631903225 0.7644214119383803 0.17449641629559276 0.5737343001428896 0.13765528441219577 0.6544879417357174 0.6846908272289246 0.5688906698992046 0.5330728866571047 0.29960509562827764 0.4655579788345433 0.6947239516774979 0.09701364002354518
0.4887259269152542 0.8616180437128039 0.8761170183030407 0.14389761454242322 0.9926988566000942 0.14099658774368695 0.6220577535651706 0.6242628488871703 0.25309899829823235 0.7109352359787903 0.37263749623156917 0.5409408371226256 0.8427848292399395 0.2800356839657916 0.842954494697669 0.1408682044216697 0.9761447656452928 0.3390699513301094 0.5600575717357553 0.4193401624585489 0.25609585517863886 0.15137183841841628 0.6694196787577349 0.08515035636300261 0.8671139053712548 0.5464379042919979 0.4430758702942571 0.13282141148439208 0.5621551285369866 0.5696642167440706 0.6944848659038145 0.4996075008801104 0.02868596434741244 0.1396030410898299 0.18021817462065326 0.3261697491294938 0.6865411403039019 0.17230439445354717 0.005624425084814644 0.7997696299670696 0.4918520628829123 0.7574780035834121 0.21377178217088233 0.2642122840599278 0.686054197733339 0.726823588473911 0.3214280818931716 0.46732035405093675 0.7524351766816472 0.24328977580226419 0.777834243805751 0.21326831402772717 0.645511490575434 0.5475574589729597 0.8952413212466244 0.6604114786997886 0.13101970659631235 0.36117782011270594 0.1720824146284573 0.41377437599968714 0.6015835689494983 0.7051339425138208 0.4065199316403624 0.4292418685074333 0.4380745157540782 0.45118791220977106 0.9188678440122072 0.22746792477761657 0.6641507456583708 0.9734654404758076 0.6187454536659498 0.3594905400819908 0.5809372688575962 0.16036944083522708 0.3114273288437751 0.6984759088592821 0.9718419011350411 0.3572922333079729 0.1340721343701765 0.8945813393061781 0.9425967750028704 0.2722416088136276 0.5057927502641807 0.8927217151577955 0.7109932348774014 0.42224051951701336 0.4093595842177441 0.6909861424506129 0.959942510026925 0.26502611281300315 0.18241564035420654 0.428135667479419 0.5405108559071532 0.8470333450825874 0.0064964020976555625 0.8292009031856922 0.9942176222963589 0.3054032098796309 0.18982124238831188 0.7620473612925165 0.7110695166861724 0.05600756448741284 0.06796434448361222 0.7559606365824725 0.8577713043225573 0.948531167883225 0.8507272984721211 0.19839316690958064 0.6764110229677986 0.1403629260340441 0.7000169649922527 0.03395616408840785 0.7467664508376591 0.8423321590536091 0.40952886015943457 0.2363196755669743 0.5629826626768273 0.8846495894706679 0.1046967361531358 0.23017167960207996 0.3369323030435979 0.45214485950721206 0.3695175330463678 0.9540338516487593 0.6360490717306796 0.3768875949438615 0.9719143273273405 0.9833577411384697 0.07375355510544757 0.547231352619698 0.09885609702844333 0.2666989320734392 0.6683637595763786 0.7784871651971061 0.05831061897494494 0.829950110542591 0.970649139761051 0.8353042366117217 0.5815892352203749 0.6474334762244542 0.6936886842631274 0.569291339595057 0.6555661770423474 0.3348711025606249 0.9734619491311574 0.5916135545053752 0.04158956692542659 0.8507882733438259 0.7492809400317073 0.8404038579571165 0.7814999533569221 0.35279634691867867 0.5281549348019909 0.3376110864966494 0.9204558768273012 0.8771993934046166 0.40522140840933063 0.2586202670853187 0.4422599019525931 0.8014898350520264 0.658268909898082 0.7470790766864261 0.8871433895640302 0.02669056296456962 0.8663538831386116 0.7414050571727387 0.553657200636487 0.5739315986349126 0.6239805532743191 0.363499448080263 0.5846476913972128 0.05359574865755912 0.09209676705249048 0.26337178304489506 0.009388935706468482 0.632952912674982 0.41207941004798476 0.9993502597830088 0.16485804832720907 0.5829449605212395 0.6512345651247948 0.07213239308243291 0.5061378723807269 0.38929392863759515 0.7982732342538692 0.4211353643139152 0.010420021112269029 0.24035262355372988 0.29374547243530136 0.9126081776413559 0.19329925929231062 0.05968972237190584 0.43378123080220166 0.48903932067455747 0.9562341365456075 0.2538405287874491 0.5071237165238393 0.5742952251665293 0.9339139463662312 0.18045218195496182
0.6818310083118424 0.9382732537700827 0.09275233885498047 0.7119373234564087 0.38441303031071505 0.7089009729095143 0.13827752446563524 0.4390436845217114 0.5066213843150126 0.7439684264536098 0.5282795992891447 0.8260565623922209 0.6304777868215213 0.7459685035593047 0.24665878615759484 0.6911454236523504 0.025794467092889573 0.8962067395336585 0.06583943643147494 0.7216488184925746 0.5013175079368911 0.5498428372866737 0.5928415201297766 0.3206569686527516 0.4589613190388955 0.9181477260806076 0.42093375000446787 0.04639870313695371 0.675206591891568 0.261050664819121 0.7759560128393967 0.9240782968515214 0.048811226895081994 0.0049250768708279935 0.7740818826504794 0.8874270798194438 0.44214614458597257 0.5881097986012216 0.45664931847912316 0.15701695289538398 0.7941396491943522 0.11475484091600463 0.623151280144559 0.61257189337403 0.4679433391434088 0.5074941279648114 0.5331097189657199 0.263727271243991 0.9620181584234154 0.15868418712744126 0.5790296228535186 0.3827439597520216 0.46708213678416055 0.462888071104972 0.8425859110688144 0.8629391964774938 0.5309489312830223 0.661200612935269 0.6313100401528347 0.20415319673902543 0.902783438613089 0.6835063602517689 0.9694088553981679 0.4302824396093641 0.6941353342802526 0.2584046080706609 0.4837593012885608 0.589594886315724 0.6210417565278232 0.8395878066097285 0.8463383685935771 0.6424775405543824 0.6617123109260535 0.9661284431483009 0.17649461747321638 0.5944746214360912 0.865967578967488 0.5644917871851378 0.0001636548012268202 0.06298918923769958 0.9904932041149183 0.21336445585470187 0.6841081108678305 0.6175507093329148 0.3418250523962939 0.7364238341677146 0.0036929261721396767 0.9261344648703418 0.5443243126957283 0.8184638210218865 0.4804281708687218 0.8523459849516226 0.31219645745178315 0.10181428366319134 0.9887084519373176 0.016388297970301502 0.192565974683501 0.03696099203327152 0.2655189358922334 0.6578480867693913 0.5646680265253077 0.386825098399619 0.43144820966245534 0.8954101956922639 0.31668917950785025 0.08286224501460138 0.24639851515247735 0.1135213318623638 0.5291562549701464 0.17256683537844886 0.12946459873455685 0.2557578122588411 0.22324772598768328 0.5717000420601228 0.942653435300321 0.7285171321839863 0.8936540360246967 0.2508676088547487 0.9797288980671702 0.32392830765983105 0.24760594739080088 0.744915881864958 0.3972759051223713 0.20400943530899884 0.560416229302603 0.009551318717072488 0.9037122792962725 0.7427001567049212 0.7375001267384503 0.5762482910880408 0.5667929963403817 0.8027179468730373 0.9789065241627356 0.8362994118642995 0.6803574441251488 0.5555708433731978 0.363218915596472 0.43973437339928745 0.025827915269096224 0.7185043958984001 0.15918151961777383 0.1760163020272355 0.6060359879474659 0.8752973423444697 0.503904409080043 0.2604676958186184 0.01800391055918482 0.010895964906173616 0.5508855367585108 0.4285587495741201 0.9821368758661417 0.5946282017996801 0.7515639598957025 0.8492209818163666 0.3390827134784379 0.7244869590347618 0.2850187947248256 0.7568333713426848 0.916285298937449 0.8746162873313246 0.8463643876917157 0.12052750550222124 0.8987671396607095 0.8671948683450604 0.9362309204649463 0.4924839159262949 0.2184030482784084 0.22757716822169882 0.46854475894529146 0.23175333598173709 0.5056008957149108 0.9229105524911456 0.07129224406241641 0.8639159403547637 0.2969468048615702 0.0821017256656652 0.8802389359059091 0.7774475364267728 0.3098712847195644 0.3654501291869957 0.3727931578698359 0.22238822096985045 0.2234199090463238 0.4149750764408897 0.5582581588141183 0.7061893900195125 0.8087233291736059 0.36721302263845457 0.8736746169936728 0.09940111321370415 0.80715813220292 0.6182329961528672 0.4782150842539312 0.7125047304166128 0.7716452306786411 0.13895931380049953 0.5734630532969488 0.35835348923240373 0.006722399042462079 0.47187957671837066
0.8535901747378116 0.8534877789569519 0.06377184612194153 0.363155547486099 0.9279574953272269 0.6852966042101372 0.04391126045568117 0.9465472978005735 0.594781562536498 0.5542850134641718 0.9884308658638364 0.6096961949748284 0.9075891120625246 0.32461501698699213 0.7167838575262067 0.35067570750513943 0.8242432994681038 0.7428700715056128 0.7462841529356675 0.634256689864897 0.39282690519572294 0.4640128210439012 0.5147077424442946 0.17450402344693783 0.5067764349782192 0.9473767765957254 0.8762855779556107 0.8460315519206264 0.9620920142408189 0.583922706286982 0.28109867948469236 0.8817361557473332 0.577468889891691 0.12101160349785955 0.6084734083943074 0.7176843746203718 0.16547201900638953 0.45250972476514684 0.5938934061573403 0.21655378112278212 0.8749353264374468 0.9235952432971498 0.7880124220467906 0.5994923269705719 0.33502605177064526 0.20076271339868923 0.3051725883052463 0.8027558055781503 0.8571508397192364 0.7949495422435792 0.9314141897655538 0.6505115535041524 0.945703873231185 0.9529065473206488 0.18464326704028733 0.8183238643908949 0.5484099231819255 0.45190620936628834 0.7601715548704122 0.9583652011766535 0.8792935427880572 0.0781391333717153 0.14857824871873082 0.5782798764864526 0.14476878287100492 0.47627876235237576 0.2303277246717358 0.06902275433828642 0.65152043160761 0.776912027247537 0.06354308050360535 0.7783886057851668 0.5228166523678909 0.4005249057785768 0.27367699242355903 0.3857975206305382 0.6441357948050769 0.15913534436477983 0.006513569280169884 0.40319071758081193 0.37020314897903683 0.4481595561387237 0.7828461572375779 0.9221070609019263 0.497955180547888 0.967194790219267 0.5045706883605966 0.3060239308080187 0.6069987008820389 0.060840537326473654 0.3840988317187075 0.41181152547001965 0.739483478231439 0.32754843322554317 0.46549713452134966 0.7300989581761622 0.12739388503520788 0.45712690915487986 0.8547067601915879 0.6564788255145135 0.4843798461820201 0.8039425186521634 0.6439738294968176 0.38256829996283115 0.024466950082550842 0.821229288197162 0.3513843185116934 0.6051204800409211 0.34490856437239614 0.1403951368440033 0.7483864174655799 0.9157997515152194 0.541659136178947 0.04010527899811178 0.8205670502239368 0.9886075944297311 0.8096125266046967 0.5597437844835421 0.42273395960775695 0.1264038320536912 0.2565839527390208 0.6869290571274473 0.5475015106628437 0.36031325636787515 0.5397605163314778 0.8586225528303705 0.804755680569388 0.48542392472890983 0.40837131975713803 0.9174322064454564 0.19873065103529786 0.035179348342056826 0.528400787182509 0.24773694882809416 0.5434923642762295 0.5013782287344247 0.5638275058741624 0.7164617302954854 0.6430938899912347 0.3258923629345226 0.8132009795528033 0.9878606004864173 0.9546454787330094 0.45717849495624663 0.8346625495175141 0.9552142798740637 0.3447902881591677 0.10241972019903922 0.15320537953393343 0.6459459658524773 0.44004468509283756 0.6967230663921086 0.2973619018102909 0.987031759803534 0.08872503430177481 0.7169990734466729 0.43257054004036566 0.5283286612750164 0.22511598342492767 0.5356888045762278 0.9253778570014799 0.452919317044149 0.010508050322084905 0.22552771402121718 0.5786464832894163 0.6092260919302387 0.5673551675269375 0.9962914847337438 0.28507172331251995 0.39283367785227996 0.5185946006099408 0.518859396084585 0.8946371983893686 0.5365252299998943 0.49297083083453663 0.8426971818599053 0.9472437207285875 0.19238758890950158 0.7883637153977442 0.4711104085432224 0.3370489450570362 0.0559333319201345 0.9182337670526275 0.1642412507171357 0.3264469030219115 0.518453574911669 0.5930176778309685 0.9998981137777544 0.9610643737062093 0.6736545737727627 0.9976274203784544 0.7636410708089427 0.2566869257126637 0.8069896063149876 0.1620686343551857 0.3347050126702893 0.2970732023001098 0.6207444410712999 0.7350015217651382 0.2677554825113191
0.5309541748643096 0.764983103360979 0.5374639442322547 0.9266602212883798 0.5885905162040117 0.7894918569785507 0.22624333050187617 0.5580348570923576 0.10182375565522805 0.2526455901514163 0.8139673984193954 0.3157194148742125 0.6812081086049354 0.2537585146760585 0.34953241186899975 0.9119498049694852 0.8072551646995609 0.9108663581163929 0.7577562929110213 0.5611356660285163 0.43882226109398104 0.7921220563739468 0.2796892129369507 0.6221573991319117 0.055420733290254764 0.21053081670093277 0.9149113938223954 0.46923821439095303 0.6016310673991055 0.9880352958255477 0.6116219602116238 0.07120014411175257 0.8892436919699036 0.5609090830821166 0.009103758461608935 0.6598237806304967 0.4909584088276586 0.870180638012465 0.33490514850462316 0.01555316817831176 0.1188681638426593 0.9810489892666437 0.06859721672243757 0.6103480863142968 0.9129664867188602 0.23376545341883448 0.4259948871514114 0.16283427322630295 0.17231011159702037 0.6922225450593951 0.6299675534332795 0.5297171061094818 0.6248271559675413 0.28738895107852325 0.20778886445087785 0.6490678141117318 0.8834366921543558 0.8317301066665944 0.8997385505714038 0.8219202170677865 0.27520149076967726 0.8784076915937906 0.4545320093777844 0.7644796336656725 0.25728829791927477 0.25555727648908355 0.05443321588144745 0.033824160624167265 0.8017842277478696 0.509913033106502 0.2486686359090443 0.15862258857480072 0.845790922588128 0.4296156237808316 0.9517670681014424 0.8389226374907429 0.9165527432938535 0.9731839043857433 0.6017460194108839 0.8657203254111712 0.8950186006762486 0.5304110327200038 0.4453524391706597 0.46863904831300496 0.4193690083915862 0.5118252205516981 0.438620747114867 0.0034287229832516974 0.5160077533647119 0.47609834109922244 0.008678471542291843 0.8782782130392965 0.9709979486403724 0.5776543859993538 0.3650110124252235 0.02257497204042269 0.791234918993366 0.6470989743270461 0.568170921336469 0.48614268196289045 0.691556155739711 0.19577425328576392 0.45988776247072505 0.5488939943267204 0.31742474230512707 0.61811841033021 0.9405324879433552 0.320054417331778 0.06712555256356634 0.8574014874665133 0.10340997963009524 0.5081245025524314 0.2502833590248562 0.6164460074527605 0.10180039958618026 0.12372677915087726 0.3030989786668261 0.12083034554245031 0.024835142044894676 0.2865970881764749 0.43798084426118633 0.4141558383751527 0.4937978350533594 0.8041708358021216 0.6460653564894124 0.174993523036156 0.9184854695691592 0.14397303129301897 0.04829225912545376 0.9682261007859615 0.4844398586443871 0.49280766584010005 0.9430234728086458 0.779139766872231 0.2833878293716563 0.4401130307800525 0.0317440427339557 0.0838471298492105 0.2552091026823643 0.39791375769398196 0.48080560148891827 0.2256979885582352 0.9371316464986438 0.4569157799941269 0.9924733226702744 0.06894143523793039 0.9955463254015458 0.701496888183224 0.2522448394320991 0.777912632716996 0.841778516033262 0.6267829624232686 0.40617148313568485 0.3116899664252739 0.6730625759107669 0.40811433155406573 0.6904430452039916 0.05417303071572488 0.6793946294106454 0.3266391796494472 0.47235369537376815 0.7374307652094204 0.3720152198966168 0.054534436781265794 0.8485302148570297 0.7660500467505742 0.17507051122907313 0.2861733976491042 0.00523627388787018 0.6944774196740965 0.7980959100647401 0.9283265547851859 0.5249843280765903 0.8138123826754522 0.049191920300814984 0.28245826690353126 0.18083856408973076 0.965180387315816 0.5035765166211178 0.5051300966508326 0.4500277595633325 0.12701416955304767 0.44058564964468183 0.7133686382511277 0.36480803895202596 0.35536636762862284 0.7296638368750876 0.8421442913921907 0.17364824955725477 0.8482600451381026 0.07574768397333365 0.04226452931420688 0.30659978088010764 0.9032204953122248 0.18790573646030972 0.13395095470542095 0.1268271950950014 0.12560085403645727 0.028442887919822413 0.14494875906127025
0.12869746546384297 0.8319890072546549 0.3400882954073867 0.013190837626228857 0.2332688992361266 0.24392048327492255 0.5751597036762071 0.6945361031162269 0.5968231682023651 0.6643092713532207 0.5510322545408506 0.4379003101258516 0.7825619743553855 0.022552257625766958 0.7138882622678094 0.374597781191064 0.3116107255249351 0.05123661348835251 0.2978812756786847 0.207978566973002 0.2154151528515147 0.11631647107918186 0.4214806000679323 0.3282199128690173 0.14324620408288624 0.860945164587164 0.033228239088211264 0.454884128969243 0.32674348278570264 0.6376214971092339 0.7102241651959472 0.08498866116190107 0.8343896463108047 0.43270524607519834 0.6609691238580254 0.7912578399339899 0.6710733943668358 0.6298518299953171 0.055489483743969226 0.05918686746260349 0.6684090476672095 0.5771933194777811 0.4956520476734855 0.2673947751841764 0.8254730736244708 0.251338738312584 0.8329158393600733 0.2580252548632622 0.9812694159446493 0.17282844706726863 0.03424264165836499 0.8864848003060268 0.010792137409221358 0.29228775850809985 0.1803652358787453 0.17432769186440333 0.19172099442296586 0.027418627132656304 0.9826927483777251 0.2974672390062225 0.03695422949371441 0.989701107254598 0.9395095340645376 0.7462726620494269 0.23887944905801983 0.03437650539076864 0.9121560678155253 0.8848470568219243 0.19417390264018286 0.1481845340323229 0.4335837851065255 0.7911041797550129 0.621212396825801 0.9407721096971224 0.8941041419482249 0.1995310696583369 0.9787807332405318 0.46643084216846864 0.8830632457416491 0.4508865140101349 0.6956730168872399 0.6982682668586206 0.8043076167765597 0.5131396815801766 0.23070475850129246 0.27152890786598405 0.680350116650539 0.3234667280200241 0.6941673543031981 0.9094388827870062 0.749699550627488 0.45111582042371834 0.713502473176142 0.2343813909620308 0.12956597873381426 0.02297832995529625 0.9387772511077812 0.18105105660138332 0.516274226672567 0.8880469893136534 0.13193048370978078 0.3549580304497971 0.36616254964678163 0.9695903581018165 0.7759339444889823 0.8743551772746468 0.4615381332465185 0.23295038208651242 0.03928286806182024 0.5235933156845065 0.8635407008759196 0.037555081619897734 0.053038494429676786 0.34368890341421987 0.5442979031267079 0.6149409156212601 0.8555536315623223 0.16830795157925227 0.0499631189779679 0.3352885278013059 0.20178707329263335 0.6591024788680572 0.861406597633222 0.9422389888072213 0.11935991405748847 0.7677677386945216 0.00926901597061891 0.49655193992386437 0.7203278326701025 0.39568042055132935 0.5916668078947317 0.7479437377813924 0.4371665604023277 0.29353540710621906 0.5700412698553342 0.8672734113474526 0.2643423380317329 0.23845627366725197 0.9843205596827364 0.9483569186162945 0.22923129344012005 0.9344531309859755 0.231680326487527 0.9612893171417319 0.2609487358928868 0.793290021875196 0.5287686702996613 0.7700078204401335 0.4336842925440887 0.13096073630994287 0.14878779019175492 0.4821400637991736 0.0441201945264994 0.7699628854592474 0.7257978847789172 0.09816111449124554 0.7043535588825923 0.6540301325960187 0.4092235164376714 0.11121568930392234 0.49942516263561465 0.22714947754182713 0.6099198336348599 0.6954085255842802 0.09293901395878201 0.7742959471509243 0.33959500911765284 0.6266760740959626 0.40379007450215665 0.28230027647867795 0.36096766350974274 0.8679772233966019 0.9997034017858559 0.2887827438519299 0.3731439834774699 0.20927541757825807 0.9419509973389759 0.8954703485489484 0.9333908047689128 0.7609951434572024 0.6841185253603314 0.2249311671521611 0.1931051033525888 0.5329815561100931 0.24738613756838201 0.7488423082328314 0.27235296145759336 0.2721792484453719 0.21835185474846797 0.11094222261790532 0.6567956539849508 0.49319957866747455 0.8104099621046502 0.33206542878419276 0.6403794829246097 0.04610689034214399 0.13728428653319735 0.6795143845874132 0.9279239079333244 0.029074381754499723
0.6167445003734027 0.9474762073543302 0.6487122775813664 0.635159554554659 0.18686609150276579 0.21181652614665958 0.855794647766079 0.5746900463424855 0.8280538993561714 0.6136705900017373 0.7137443893709733 0.6302373266674778 0.06836849545904355 0.8082201421358143 0.35126190251393263 0.08288777222198829 0.5908914249159652 0.8684954176521702 0.5707438686577964 0.984808320088448 0.338863617964715 0.36627536600036825 0.512628788662844 0.7971136847072504 0.7599765719672342 0.9071906933769889 0.363894239172196 0.8751048611127126 0.940182712662498 0.3478770474178039 0.05377339477587795 0.3238978639993956 0.21054448896267997 0.1741086173103793 0.5496446103471496 0.585098365425077 0.3976630715119511 0.6652698612309593 0.08142932003277403 0.3484448277873957 0.018517841568539306 0.745718096881564 0.5556294511447629 0.53857083368072 0.33425749685118433 0.3550993209230464 0.5273921353576774 0.3625829695094791 0.4595101698920361 0.9015897428547138 0.48022576707654385 0.6188896033205691 0.10959175693499912 0.704084224907245 0.13484278444607845 0.35294635516185624 0.5700729018080544 0.9573664433250506 0.3106515690099855 0.858838393332478 0.22735836686174793 0.21686044104880653 0.700718599337129 0.6351023109173068 0.10041697202448496 0.014164464289798229 0.9723420657380115 0.909546562545946 0.08591586816904861 0.3663749299595789 0.19022205587487784 0.57270721372508 0.10756779982424214 0.1953745352178179 0.4811982743816393 0.13943326322009353 0.019853374416072822 0.4984598127347747 0.42641769481533176 0.9572081473750211 0.8269596625175514 0.04162243129895149 0.6766130949728565 0.7116287280342507 0.6723506810169518 0.5194476909340968 0.11541400586562311 0.32007597946766 0.3842763342501204 0.14589636748008505 0.3241213957416442 0.9949570788729771 0.22963365606217767 0.09584422332337916 0.5001417902774689 0.7393889219694851 0.6754225418758462 0.21785727791990417 0.32781024161544015 0.8288163556364487 0.17709732122792254 0.5984521979157256 0.490009394120397 0.13449208865028595 0.7246672508030098 0.4845463525357173 0.6734524890336543 0.42371320952013114 0.6497643323891524 0.05131920235516663 0.1691140073386702 0.3443249006925334 0.7478492691810972 0.10295498045567653 0.7988820379654966 0.8247075487297216 0.5990090235218883 0.5895533046260072 0.5226491336145336 0.7920594806921109 0.7406848636882053 0.7333882212232532 0.438802183891396 0.0822263993361213 0.8922378087534732 0.23641020836637494 0.3635382504333772 0.24751136957753095 0.45572312269039683 0.8494070112328563 0.5083780196170665 0.5084096098876787 0.17190520096998263 0.6051558403160432 0.03905647180664851 0.08535663083431022 0.5714752291084654 0.2541439616297364 0.5667552043610377 0.007538312796577906 0.1307715242168116 0.4436110888450331 0.8970307046917356 0.1472926209607257 0.4030879328294945 0.44383978122913337 0.2714293919771199 0.14428195292378732 0.6275729864978797 0.30868634057738453 0.7579302630544817 0.9256880573484759 0.8628779140627825 0.8341076463175507 0.1698150601379803 0.6758596817713368 0.3329412136469908 0.33479821049837954 0.9039899864506497 0.3234983695883976 0.09790335638850667 0.402789335161317 0.6965453657399194 0.48921219393975335 0.27553486779256176 0.48259989324393593 0.5587723468426522 0.8033985891555068 0.6095728335599722 0.06973995638324026 0.610398435207901 0.9238585465609089 0.9980799220985023 0.42902577711536427 0.10681936626927502 0.9686611317569714 0.18977581086396889 0.30238375075591584 0.14329951421096132 0.6275512016315417 0.14830546526496446 0.5742797233923019 0.6405072582836038 0.42912411276610585 0.8406703364020369 0.2340083468436709 0.3134724454802913 0.22684869760837478 0.8407522036810058 0.37725081730638566 0.8348194131325917 0.26179624970138393 0.25830872819688555 0.2992065617997456 0.0035290260249063454 0.5304756330720688 0.03429227322455497 0.24017973974937934 0.8413736093146351 0.774572670942254
0.4523161925776592 0.5741337418086193 0.029979234858591663 0.3385224205639341 0.7344468551061188 0.6084473420072646 0.13380488598435303 0.8758531677857122 0.5990480188381156 0.16888448405435552 0.8904489594371134 0.46324363030025584 0.356004718296585 0.5383476874758796 0.7982953305858584 0.32129986373017827 0.7752561041597807 0.17807337438855608 0.18522336837946451 0.5339459031550806 0.06906013482134554 0.07556697756774078 0.7030448410596947 0.10827560862280505 0.41049460391900894 0.8319164472624281 0.8399570390067033 0.7437179214622723 0.7505502853639596 0.14698261795219714 0.21383201068555058 0.9251530914182295 0.8288947854923827 0.16830636262531284 0.8783282757822869 0.3908477910808419 0.1097432644317079 0.41329116956851064 0.21691887525065445 0.5695754901266971 0.23470416922253579 0.13763874940366227 0.7935597811550714 0.40939157593154496 0.22897241695980652 0.1560453087838124 0.4324593475656059 0.9073319172783174 0.5694850240264412 0.6554153554301612 0.08747474166156133 0.1590370824684949 0.1769054769128774 0.2532030582373759 0.28996129241778734 0.14256172189965277 0.4137583697820796 0.7231794289310514 0.7537499763693368 0.8516124650744344 0.21253557759975727 0.5073741805682064 0.7894634475400819 0.8728043710518518 0.07972486728499117 0.05783051278194318 0.628100025179905 0.5393523402197618 0.7440777605987655 0.1258095450451434 0.14391714646840392 0.9783727761130255 0.6209256424932229 0.08034426284719887 0.2769863412651956 0.7715092466978039 0.08546348476735244 0.8643575114056004 0.6135383314724366 0.2618064911846173 0.9352700671445153 0.038308745751425066 0.11902824998338069 0.41476155057312614 0.5806333056625704 0.5796427901916663 0.11171818333611427 0.6835468223928046 0.5345117335617915 0.8700380774223985 0.7093541126578345 0.8208335092675527 0.2661392843761282 0.8974661134014659 0.7522090191270504 0.4413056091284038 0.71263912561629 0.17262202713119146 0.7877706795262043 0.3379983605122845 0.29298701322712817 0.6153358857738218 0.05872095621154305 0.4819214190668749 0.1063784184027643 0.7150601907039439 0.8212651711873655 0.870045598888718 0.16182211488104603 0.4064324705021277 0.10240286897167394 0.27400738177173356 0.7494078645306115 0.8096466688716074 0.7983387684796487 0.3155392298671251 0.06479231972689836 0.34059977833445565 0.8490616492581726 0.37682064996978015 0.22737856980101323 0.49445420970427034 0.6432109464712813 0.4809108617124054 0.9688051266297304 0.5882063124491669 0.15486858685545746 0.9416048566837775 0.8680517693862473 0.8527354514231271 0.9542414182794987 0.1433143439612996 0.37355063516429066 0.667510113041277 0.43739595558794564 0.5307170265709823 0.5183319008825592 0.9797177531460708 0.20734933456052518 0.6648934131209782 0.1219198036247292 0.028600467179086153 0.0054120057114676046 0.010581733115625158 0.22122607922082904 0.7983541130977043 0.4404270694372321 0.46876935086521543 0.15456621939811033 0.10006159315817365 0.757139759092009 0.9158343704139303 0.8223861218178918 0.8437405556342666 0.38229019202023795 0.5596292479042254 0.08025189914499642 0.16050941668189644 0.4926919830817291 0.7399259764758089 0.6695442147847094 0.8434777372990068 0.26332169641190906 0.5740766532912933 0.454854575228408 0.6295888909895638 0.7568128908726642 0.22700627721018196 0.4452427985014562 0.39094386370925494 0.8699396729794555 0.624251620474299 0.011576996968433284 0.29415532062533134 0.5149039503147933 0.7349661629819652 0.6871300704080919 0.020774463526285758 0.22324175752139785 0.1127711625159088 0.061378477340698234 0.13999236682238736 0.19570850572225895 0.06187640084160417 0.9891954815435997 0.1623574773099845 0.43235741575848474 0.6028863515447892 0.5183630512415132 0.041404306965194704 0.7682049871823131 0.572801124622277 0.9247553045030301 0.963729790209634 0.4285372020106769 0.09817175567440817 0.41862401790806736 0.9008359021092588 0.8835550697667859 0.48631022734369034
0.9612355439002211 0.630557084843276 0.8106181405707902 0.6687549960333984 0.6924624848600107 0.4685566761775153 0.5168940445766806 0.5061946135550841 0.7007632940317609 0.85491215549488 0.5604675308101453 0.01092248568808274 0.15038445159534608 0.48352311205614285 0.4532227696604929 0.753182492301952 0.9242818843482866 0.9812743670699071 0.3943667046252872 0.8915672983543426 0.2131388333942894 0.16692742120967308 0.4583841941464095 0.5694088186159855 0.7021952711084699 0.16542315933537233 0.25649338861851745 0.8763265564901853 0.03542148553883451 0.31030297377490657 0.7257213087946962 0.9638055740523672 0.9993962036652461 0.8986081135971594 0.5075177516328784 0.5035415267266103 0.4221569077525943 0.4683229638922306 0.09257671565161252 0.10121546502959633 0.2968514364095429 0.9988551994680885 0.48454252095153516 0.23317048353391168 0.8927980808137641 0.20424074977418483 0.9247839513444995 0.25571169933202376 0.37684936688858406 0.1483294149093224 0.6966987465495589 0.5098114929559296 0.20477806483187289 0.43473186788378926 0.551826019726796 0.656665008158253 0.10472152802727419 0.6121152020858306 0.18694331093568273 0.39766882270181336 0.2930146265035487 0.23799620665376764 0.13790367157536776 0.37474829661597076 0.13113861234736546 0.38796574312631127 0.4118824551195406 0.2912759259212854 0.32714752224050303 0.5805401575905439 0.7931005985573885 0.8614742088471189 0.9833243391822828 0.31258976330133237 0.12037511411597246 0.6281220748127773 0.41928749223922535 0.912343561654983 0.2752883142803002 0.7671196191599617 0.9613562954366355 0.5357512891441331 0.9631373702034833 0.5051654918597709 0.07392714249179377 0.7603562627814927 0.3757142031983909 0.16380615851464975 0.2923631549761885 0.5809572419124401 0.24582259044393262 0.8270555165791523 0.19982839016898202 0.8057087089700194 0.46602920133195247 0.3647380479703567 0.5679510378411317 0.29574355667793384 0.7694766467755423 0.7655934255788995 0.6859944230141225 0.3891526456566313 0.34682517900275756 0.7369332696028752 0.1959649610801898 0.9367917314247088 0.9439922965607427 0.5625992120982309 0.2810307421997347 0.6419300543453442 0.42011471140177725 0.4727688132501312 0.5538032418733667 0.6001546458464381 0.9472182885912871 0.28064635577437036 0.3091311986553408 0.7199926138074321 0.7095342954561376 0.8096994521951625 0.2053789151831713 0.25709675854262926 0.19399955807257263 0.11252915703660582 0.22895964091662124 0.03479137198245352 0.02875578611564278 0.7994225411112005 0.007598419463843653 0.9760654926264722 0.8339797310396797 0.99786310901653 0.31273840536647235 0.7552325559654793 0.16239027148520013 0.7771816594238982 0.5983833379941794 0.5579739612595699 0.002948006288266858 0.9439245769305484 0.473048554470181 0.48534906413242107 0.0636620630077106 0.2924641426481771 0.8381286770236495 0.10102277108352364 0.10932914378648995 0.14118099331753786 0.7269889035326369 0.48533429982965315 0.040094502109741414 0.6368347575817452 0.03993235807192996 0.42902286006055823 0.20783916940958747 0.4884988264366782 0.09316910232602127 0.2052361990108309 0.0818229133792463 0.16479330350400767 0.4154483172045075 0.0697508180860702 0.1997304433714171 0.17170223428567966 0.14374799583638553 0.19602968006467347 0.3735934268404729 0.8519815758358991 0.9929074212229356 0.03752441668903872 0.6361656733363331 0.8760047420146188 0.5758492994852052 0.7714893499758194 0.7031252765877141 0.10661657430457605 0.3838903398742105 0.49253745086111944 0.2883864030368529 0.8207298156876023 0.20073939789835749 0.36365784506470367 0.12588234227277229 0.5587212480467205 0.15877803753028197 0.41460754696853597 0.08939298029555387 0.8997742321112556 0.028851471278533714 0.7041557782122327 0.52061490359719 0.2721398750631644 0.4910916693675702 0.5658894030959514 0.33803035304972073 0.8625715171677318 0.9961919423363191 0.9193510002962144 0.51369066021873 0.8916723172228315
0.2455710317388099 0.8774843970859079 0.4470694360645938 0.8632711453060965 0.7949105247442397 0.3617222221970485 0.15205568036741246 0.4302187567186848 0.40662139532298625 0.06169263101155431 0.0636947294023752 0.2713303546004142 0.2329011148345227 0.7347864097945266 0.40938849623450857 0.4248827267557327 0.24446083078594028 0.6409094782531488 0.7292549893177953 0.3411940307019218 0.875210716772008 0.9205505532086982 0.5003948975987927 0.7177426877499233 0.3567314119315981 0.3200238667468772 0.6898123447583114 0.8385164969674933 0.23307279447454743 0.2094399399906134 0.8695791951597037 0.5979751837297593 0.08968568319860004 0.9567841910087882 0.8577639001680438 0.029318553538687064 0.6285999764369944 0.4489428792307404 0.7081325114326651 0.9225825452023763 0.6212449958394924 0.4429687318198886 0.540390140956611 0.2390199139301621 0.42476482255228576 0.22280593616668953 0.5499258198550199 0.022708816936151233 0.9743173209747168 0.7165998716869315 0.463833865460338 0.3100632063898976 0.4886036146188255 0.5748772425222428 0.42146875551459395 0.19712724412121063 0.7514634850550296 0.16273983948413973 0.3603531930555042 0.24855134166917048 0.9259675074178364 0.9344795663353831 0.9988044807389829 0.849108083812688 0.2577723601494899 0.1889247937626365 0.2689922750736077 0.07763779030740514 0.19685240130999004 0.3837686134005006 0.5561476346832359 0.9682575032585078 0.6178632923894534 0.5552584911182196 0.6902780894152302 0.5194935986179682 0.996862594704023 0.4189217262345487 0.6771152043109937 0.45821057677500965 0.9645628864331138 0.15263951747168725 0.3371525123648347 0.4773683460100524 0.7194227013655381 0.9646058661424536 0.25175563632191467 0.3787078384209408 0.49580573703414366 0.34272216250280985 0.4174478036526279 0.3328267676273067 0.26411948503435745 0.8711943187892254 0.7126170083404496 0.7409391242144587 0.1520252658672563 0.11017222735367782 0.739509490636107 0.8011315389016673 0.902302256208744 0.8448548061988411 0.3803459229208329 0.9048905010334211 0.04641013409137973 0.16921586900679697 0.6006606511012995 0.972618033454397 0.04736542543466016 0.13710755721913537 0.8275152390109316 0.2994428169706338 0.9694275379654621 0.003974562006884175 0.3164306356091534 0.8959530133333011 0.036344735201588096 0.32463028568169017 0.662540575167766 0.6772631363607003 0.18091315923714257 0.11015604452023608 0.2822210154204342 0.7432737585816024 0.08997036851445217 0.6844316744107956 0.8470516509202078 0.913652765369625 0.14709108639368706 0.0895354682181122 0.7651921552072158 0.9170621260743507 0.42815773989526074 0.120151718983036 0.48916785264117835 0.9674800993736644 0.34381346641413624 0.3949978842309262 0.1792928958022989 0.08960130160728941 0.09678899381532013 0.05832464060738862 0.1725005496638854 0.5588947262725009 0.8698371102280815 0.9652300185117481 0.4382476140597228 0.7559610597138943 0.5007086146938853 0.27353793831248885 0.8268614243343105 0.5721687295573251 0.5779879310115102 0.17189958459063526 0.2777000405397445 0.8513395957275377 0.33510624201208594 0.9534268154622375 0.9221922710995756 0.8698757777161937 0.8979241428581717 0.6235158187492744 0.8473579109412136 0.39274375666637573 0.5592760807923708 0.20601419076142946 0.2930223127064706 0.35846759443923093 0.06387713898363123 0.027853550680298267 0.9441474354418308 0.15526697659526123 0.3864463771439659 0.3103567543743596 0.505645236359777 0.6185116258140763 0.4658561587690775 0.41438100488871543 0.018466032099272667 0.06404736840212621 0.7783627814590286 0.8470115237256175 0.6836906375822034 0.3299353325078439 0.8148060589678716 0.039535462734410554 0.6853257973955835 0.30851127926495314 0.16887348506596556 0.6403369541469661 0.07875910498891492 0.6766806708165541 0.9625646636698888 0.37173531167075313 0.9398245691020364 0.5895638108797436 0.1562626408241492 0.3168536969981618 0.5692341782416307 0.1857249807074629
0.6615259319400799 0.44223630518711954 0.8481041925969137 0.674385543498382 0.8140930711163347 0.1423896548101362 0.8907509255575542 0.3563901688057969 0.8580539159248057 0.6922771531513716 0.9009924258309896 0.9001909634701352 0.3150301732942383 0.41152623501189856 0.14208458148277525 0.1296338480028455 0.22878402707340773 0.8423054626996593 0.5224703605804056 0.20719772804009673 0.06499113290756109 0.2692817507409182 0.6780541427458224 0.7580529604550181 0.267161672506233 0.5186272753616897 0.3790187744489246 0.2157072060015761 0.03687249827261152 0.43454935260039995 0.9604020071195324 0.773639972609679 0.6613115736323474 0.623210217241036 0.012253352710529852 0.9135544660551492 0.1153239561224163 0.04829557612234325 0.289650131526197 0.5355124906730664 0.9829672431260666 0.3852939210375248 0.8132596821125525 0.44680488047673705 0.6467855551378207 0.24953690180398602 0.6902112428793671 0.9365400107104511 0.07112995207736239 0.4821513523927671 0.4497391194431931 0.1678000273960295 0.3594587065689815 0.38042619798647714 0.40363803728732717 0.1651253940689108 0.18447271136109467 0.3437324682866123 0.6163371156449255 0.25919696249509194 0.7645837834099538 0.7193771753471349 0.8685514259342832 0.8711372354730451 0.7694557988732336 0.6490369816571985 0.8007391590815521 0.14913537921201825 0.17600639493823367 0.5353770690132079 0.7607037309183107 0.688540303763191 0.34746636699636324 0.9927304031484332 0.7598334746069748 0.060521351725486006 0.04758861747911036 0.18235608920853252 0.6191032993272177 0.7624791249319851 0.8005134632492966 0.6802288758712344 0.9254243458346567 0.4759470807423677 0.9194782458125335 0.15827342851384318 0.31827982652490594 0.9609164623647268 0.92706166458202 0.2161306057896043 0.2976978448128774 0.48568931121916514 0.8665130984103788 0.6159804027758401 0.296405344443461 0.8911385099261268 0.5549050268207679 0.42618775530057884 0.8449213486970228 0.5485186802284523 0.5939257119259366 0.12680483275170773 0.6967299983084191 0.6162873214479412 0.7327148402301825 0.358886203854621 0.825112577569808 0.41203621076082153 0.37119158601947133 0.4028516481176788 0.9366303983501882 0.5131101282027108 0.9481136346653987 0.9823606121069034 0.7117120846966721 0.7959748629551169 0.43629767960968047 0.19690681070692428 0.6648764808827761 0.8645523834240667 0.6524041229798101 0.6108185765644195 0.27578516707612966 0.26077871999883284 0.8563227225274516 0.8666723138078073 0.04932142235821524 0.5149175315030349 0.7740315257894546 0.7035706403077321 0.21263627310273314 0.8728328220515899 0.19032841589601346 0.4946684508500009 0.747435171468148 0.8869068158707034 0.290675679390474 0.782256370639773 0.008786781842887947 0.2369664386480953 0.8765969682653415 0.7510941239532706 0.13980196690388702 0.1339933716578412 0.1169982612865853 0.8014991360303747 0.22208424062488707 0.2968861413569801 0.15198935360242904 0.8314171806841119 0.3647313756154352 0.20469981632508127 0.00502606151684637 0.3604931443318201 0.019565829207415786 0.40337828541366516 0.40793963254312315 0.12227024551443144 0.9219934858171166 0.6649875508128611 0.995091657779664 0.10371345970074863 0.4656515721476918 0.6788180609128419 0.82304659271665 0.921012176529427 0.17385608398297836 0.12763170635313092 0.11887702004904632 0.19735072468271186 0.03060540908811027 0.4841486932270035 0.37791936873103693 0.6079469087740637 0.0707261489278821 0.2484091175958797 0.6751666389307384 0.680794704082867 0.526154213541535 0.905687035033338 0.7052946513901098 0.8606664841528866 0.11544768372487468 0.36540746610666563 0.6246504567278046 0.9309693547131093 0.4856815557211486 0.21654116202905793 0.5601617374053849 0.9348100967126768 0.8332549499150006 0.7675992917616375 0.42864451775151247 0.44171667359454536 0.1787167904702437 0.5576635784202042 0.8161341292762072 0.4795209880668887 0.5729116857353634 0.7437819022411079
0.42527947868154825 0.6285690027390677 0.09714249588954604 0.2749907380401795 0.2432006911730653 0.18452498328485833 0.2880281407055968 0.3757987964809033 0.8816319224910557 0.07968990900973694 0.3211179817240728 0.5076173240132008 0.5112458591144147 0.9368668211247967 0.03888427785260484 0.07171217091708493 0.17343212724511559 0.8032418316470017 0.6727226804878617 0.7117617854906325 0.12500099020792743 0.46595482298743895 0.2673372967866311 0.39648809762949533 0.20872617834048957 0.987989733251652 0.040784226237468135 0.37534999009889436 0.8441512150032386 0.03638280828396789 0.929771046581421 0.8364057031121047 0.6564051544549103 0.052646650542689466 0.20234423943720892 0.06406768833328091 0.9014177378351772 0.7089761318343407 0.035253660397779996 0.16767320241276573 0.9234781023136805 0.14864246477407772 0.6837149047931776 0.9859342015737216 0.23593635323740758 0.26748411703148245 0.08512504625394046 0.6657551620210113 0.6568764011408651 0.6873034808957583 0.6012746269290685 0.9033629067916054 0.6180165273005928 0.16078544526479654 0.8307727373741537 0.8230985451184675 0.6680230057983574 0.7963962376875483 0.34301688229506955 0.7628995960759247 0.8796230556408896 0.07927057871683818 0.3302615718842149 0.04013521889594518 0.22079838214316827 0.36130367388988993 0.35513272106447025 0.09960215586719601 0.13910744641997375 0.11407267499343798 0.9472876714295178 0.2734612109673027 0.39656944434841646 0.26767314236854145 0.9322641548376378 0.8979899976273757 0.3960072690799761 0.3032150400995355 0.9161228834893518 0.03873438167760879 0.34566731102176784 0.1457051801120216 0.6571373245075467 0.41390704775518294 0.3219467683012993 0.8901860808080998 0.9317800779040301 0.18700391602376887 0.024536453286989723 0.2600261934759409 0.46983299405916357 0.03713291335953817 0.25988383738498644 0.4909765306097327 0.5777695680767904 0.25009725366599034 0.7959594742244454 0.9899444919051891 0.9633525248475716 0.1564458681483728 0.12558572962437464 0.38290044256170286 0.7047844081641846 0.9218052969418457 0.46766363722573123 0.8122149498324209 0.08477842274366343 0.3317898312354559 0.7806793535484706 0.0035640406278237835 0.35503282879093223 0.6563818559581946 0.5819944044340561 0.17955478696480032 0.8702717822565437 0.029098046074731987 0.9428148746984535 0.9708433590827804 0.8912104338157955 0.977326174518702 0.2381842243036446 0.5318722043854894 0.534622579211402 0.4877460973315677 0.09926284344967107 0.4327512301040548 0.3771966613244261 0.6988062552671644 0.7265552260525413 0.573413676769495 0.856501363359378 0.5487219786289175 0.4665527729867526 0.546852109285141 0.4476384439059212 0.02716018459496905 0.8675889070413315 0.9866434791135877 0.4708105275466248 0.7896843996995325 0.5988345916440705 0.9818077128184973 0.4830765770981723 0.4413874466344835 0.4837565919464989 0.015549606269108285 0.8957349754889491 0.1537061882272922 0.8508454538980428 0.14743615834592938 0.8404577258719166 0.06994217140163372 0.9992550287344799 0.6636624835467264 0.049150883892001396 0.14656416176267173 0.2596015849625616 0.48901089839954204 0.608832107347321 0.7902109186833225 0.34478008268755034 0.3039601816444628 0.23937591680678316 0.8754947556047958 0.2077541947225906 0.33444653643236233 0.15692084268310758 0.8195318108223573 0.11749886892264105 0.2100444352126667 0.10419755644564954 0.9365443557266493 0.16743951208105334 0.20459723547650166 0.1003571196600338 0.15853178463203332 0.8311920760109203 0.22673361814164172 0.607456715978297 0.9609868851777871 0.3320895036991136 0.40294362326025723 0.8992996308672534 0.37810627916965966 0.4122016350754587 0.04380108828577023 0.08919529783359481 0.7277055529317561 0.6233148402679933 0.2457317542057692 0.47077528906064214 0.9537983892802308 0.689817498478489 0.3200644744353708 0.08817823278458381 0.4603816279497902 0.5933515087914603 0.5315192107060649 0.951897844357476 0.0965306123000842
0.10767259291260545 0.09783028079973333 0.8151516340576945 0.9370817068520139 0.38171810499288583 0.9277175603815738 0.03675302103744538 0.8049067859927544 0.6444397860021452 0.28333920928457434 0.31457382635457465 0.4346697215473915 0.908224517303873 0.04928148452706205 0.6352573304131547 0.26034008478254544 0.8454432559911949 0.034870763935246685 0.9587057027006177 0.017520876364425453 0.11411576211178243 0.1467627322550148 0.7047260338269651 0.5750291058047655 0.5919857059187431 0.30334782822806994 0.09386217942460573 0.3748628521682301 0.6113067156089818 0.013150825207500438 0.27089891804462285 0.06700432102095866 0.853465271640665 0.49294656082891075 0.15279709793038143 0.06645758463395357 0.8871737251349152 0.6649031261087102 0.26032662732418743 0.3205691027209019 0.8378330050645504 0.8885755819531476 0.5333330754528319 0.4586661938193167 0.3729628747881256 0.8078688143247187 0.23031412178089694 0.3829979204461379 0.2225430242971016 0.7788618082454488 0.24163811681292902 0.879707584417631 0.16384802233197693 0.8823852593842906 0.7753522302919993 0.6691994213597472 0.36282844121089985 0.905241905940294 0.11302236714768643 0.18294473174762838 0.7181629619729645 0.6133337175837534 0.28245761707616435 0.11417181798642284 0.8790459629824587 0.20044186532667752 0.14414526738740052 0.12485838167266261 0.5868758842494566 0.057334510878052636 0.9766117703650288 0.7705589717371905 0.42422662537484446 0.8555618718482974 0.5125793613180831 0.23368327904259123 0.2716813195646689 0.9474866879108359 0.40221201295767905 0.10533660176831328 0.888761131659355 0.6799890299758299 0.17424698668818406 0.40903069349073684 0.6972935644984399 0.00780587805790367 0.11308853488840576 0.9725833354028125 0.40795157914625 0.2353501174590804 0.40380192142271043 0.4211748543594882 0.0537959479182335 0.03762240160820973 0.23639125401222516 0.5027713814078828 0.14120561087913852 0.8754331311950676 0.15257944887332453 0.3182460633444518 0.039156342065059135 0.2541339135476769 0.13471248161636928 0.08296674228865586 0.3531574600913111 0.46432197673648223 0.30561955041472344 0.5358511861936794 0.45197226329490114 0.2455829347457429 0.958288051665194 0.9160802326441514 0.6930674814171468 0.5670563244815714 0.8935639732990709 0.7938642605754022 0.1607203914580697 0.43407667954086226 0.7455252965480248 0.514488476664205 0.5960510918373093 0.7585742547978594 0.6132255943202722 0.0714872863328182 0.5214771880675007 0.029348776722703085 0.9052791513846222 0.9208937030347505 0.3319577677111718 0.3088964137406427 0.1158461250824594 0.3890733323154929 0.02552710044039186 0.1877632331739213 0.18179310095937973 0.4119514773866533 0.13191792872947583 0.6917072181272184 0.10692715919812013 0.5041717441786308 0.515378764912477 0.6378439759326927 0.09295504705513724 0.5245751325512523 0.04605554214087848 0.6761380284089638 0.25530991339207076 0.4931360160930389 0.1619380780553178 0.4281912596716406 0.40264453543715917 0.6590011400806683 0.23546562735304133 0.8341140299555303 0.9844068768830179 0.5967009619824278 0.5005442244748203 0.5190572483254536 0.4953464814287931 0.9293122716316908 0.36133058401592055 0.4473330573415414 0.5072864914294903 0.7194841054901351 0.43454895390264536 0.13109871478547996 0.6440340807087495 0.35117545210193213 0.28972218553958384 0.2744418044179848 0.7586571589707878 0.21199397403082376 0.5422222923449285 0.6093130145009463 0.2079265634405384 0.0807449824798342 0.5656150143663988 0.5177761343128284 0.14028492959108663 0.9167035680297123 0.5699801376882186 0.4045799927753688 0.37808166365297424 0.14600607546812916 0.2634920642036497 0.2593171496502731 0.30495551462104553 0.5785408424836924 0.5411935341094154 0.2729155311386888 0.07785678964669229 0.424758010004897 0.49085777805883535 0.2653742148304272 0.8812777872498724 0.21421787740164633 0.4774284916189223 0.916697338335702 0.37207084891984366 0.6984999726900541
0.9117451200572898 0.408658777102498 0.42606504755305574 0.9497777860097972 0.3022670234199193 0.7922757274151245 0.42621135676053246 0.48954126718545343 0.4473792136464485 0.5097871190306216 0.25689274917250426 0.47837504520275276 0.737418775962716 0.02192227146622605 0.5646668935644038 0.03564465258000171 0.4670810273683128 0.8165300731422618 0.5443774746312321 0.7907877548158473 0.6663295983172984 0.9244405065243384 0.595055409398706 0.08782168278238112 0.5760788397802186 0.1752233844846368 0.5203510642039969 0.5714036300081906 0.991656987993462 0.9210932225327023 0.14235970382818608 0.5534424715020819 0.9467386046886629 0.8189102873564809 0.9570807152736565 0.6230683726347286 0.6057380330531481 0.5596645895922107 0.5153242300767418 0.6333431260853893 0.6535535584174076 0.24928523582113382 0.14827068392074716 0.337372274220882 0.7492197844909217 0.769952572208799 0.20100023242318898 0.44258268105290166 0.753692592740969 0.8314856187986782 0.5618083539516618 0.8833752078699866 0.7759316353586465 0.7608681247561914 0.992629047938161 0.022252003768403084 0.5966963780912805 0.23931103164329703 0.7857016157490793 0.6039277389870763 0.7888618125558174 0.11984730230193275 0.3620731602101228 0.41307564562246957 0.21089215308922715 0.5660905767336654 0.859730938053363 0.6185012080967242 0.8355758373429106 0.8027288237599204 0.44410515698552766 0.9079921375814043 0.6213217184974421 0.20735646508877348 0.02143951311592307 0.2686785481386783 0.2358577629511509 0.4146057255540342 0.003910176042857483 0.14822899732205064 0.6455757858167801 0.23310524798766197 0.5309955244852206 0.049010197741744865 0.7185055259744207 0.9200160869535035 0.9665255021815818 0.15919058948603082 0.06851295902649579 0.7015998545405068 0.3634411555111555 0.983521514691648 0.15018391942680065 0.7395333694421417 0.5440156632535339 0.6879709651453177 0.14859903646518513 0.05135349040635606 0.91382780984061 0.028330704035140708 0.23816833527902814 0.13126676473676746 0.28082046146279016 0.17089280649860172 0.038110214926617814 0.8532836621569155 0.031230842865759723 0.9028263174737757 0.7896491317618662 0.4236412912973342 0.5213720223926378 0.8575308053520906 0.6525261762049067 0.8853312396832385 0.9902910404678171 0.1927558640465854 0.7873565356131761 0.007114603735006053 0.2650668575801859 0.9873564045161419 0.5854918966197806 0.5402628920687425 0.08001641632322642 0.7953074870725975 0.971174358793012 0.492353012121478 0.7385129800434402 0.3135792686679766 0.0006103926877598642 0.7084853323600642 0.07735929161755695 0.4830058460502824 0.764864891912517 0.7359388579551803 0.12630343999316662 0.1820964591579617 0.6583459587035355 0.15444282970413103 0.8211243447760826 0.6026426938989997 0.11449036535356594 0.3736991182210859 0.22099102195251252 0.10294053193108643 0.3233036615525895 0.2702510046119061 0.8320084915289939 0.37603399233302015 0.41264065930992955 0.1461480053074996 0.8877862712360224 0.4046877891299415 0.8181238031784388 0.3362830865559032 0.9291236552462261 0.902478039790424 0.4002938832168087 0.35621982482817427 0.9895133677869623 0.5334568307336354 0.016894427598662554 0.28191423898732426 0.9728543620208715 0.33732134350291 0.8654763512841975 0.6292179959200654 0.5447112692752772 0.20569245640606115 0.6286379098186423 0.8649480085462283 0.986201800517068 0.7879680408882117 0.5029794358998998 0.22268675840445562 0.2536834648267705 0.06557144315037777 0.7028704231090145 0.04754505178894275 0.8832724169861432 0.43145783327463094 0.7229035545221256 0.5030742480205602 0.18751491994058267 0.8254842882627287 0.5000247631329543 0.5309495347615991 0.3921520744630961 0.5510185821653946 0.9030810732389157 0.4334232005159354 0.0717048017854508 0.09420700284184003 0.8891327735351442 0.18420993634342908 0.37445043252135646 0.9085098167423955 0.1806190923216463 0.06876300458439388 0.3371817587553282 0.9474023388638145
0.5519337266036637 0.07453855649241037 0.6211437916105379 0.9411946470751048 0.8805293174773943 0.8881945204899024 0.6051606907031826 0.05613362118569187 0.4659426996789572 0.0794184385997232 0.6454897867672289 0.8974188192253869 0.8095984069233955 0.743429356168036 0.4383119869783557 0.7553916607260626 0.22844498894394316 0.28974469214131193 0.68589469246487 0.11588458676972158 0.21480536753731638 0.7030362554185603 0.4350345764092455 0.2832948844306884 0.7149778893925349 0.8288751146666794 0.09018533004535245 0.14760779637550925 0.6182125560023856 0.28855524650952336 0.33333365912568025 0.7775002741434064 0.08211974324109417 0.8542818706341273 0.8213829392647688 0.47459724383875723 0.7660079099671788 0.3709815477765426 0.3971134927462642 0.4575403217812043 0.8298506017809685 0.370747460393117 0.9319176719843473 0.4222455475747533 0.37404645041907525 0.4705886151526224 0.42650822945366007 0.39286327395833354 0.3791448274555773 0.29521963994164035 0.853872354611228 0.08818591646387142 0.5230689756060608 0.37744321506914225 0.4866235907617813 0.4879081965751316 0.04935065293693164 0.38637711088727844 0.39781115457570315 0.6911417651781631 0.977167069458211 0.07081269754284925 0.2831371026236368 0.9787366454634826 0.7880770140936336 0.5917384875878933 0.18877011910297115 0.3745526408330079 0.5913504012833606 0.8421255731403355 0.7130944051864645 0.26917570595850193 0.5192490568261098 0.8246949280741434 0.36965908950349435 0.20883983386722704 0.7540852830640207 0.19977509461919596 0.850063607564407 0.8285461106845318 0.050118991647129185 0.9788711932730223 0.5173564088650254 0.7927924124747002 0.15512327021297467 0.02320958775300075 0.15912225389815093 0.32157426660831856 0.9422093656730421 0.07964604950387688 0.024095899444182556 0.06750698732794203 0.551074934354294 0.27090050982719505 0.869990191940905 0.4612394886065142 0.40446162937668007 0.2420313467937184 0.9461151110988022 0.47884181094091294 0.1679761979378126 0.7854026853594239 0.3170591984937998 0.5189699069486742 0.6259821308655011 0.2678842863643992 0.5478258281040126 0.20759314297544096 0.8429820527745694 0.5543378103706517 0.315174031829873 0.3218957286532551 0.4036599975610319 0.3043895139471572 0.026750526096063654 0.3608238693169471 0.578161604499441 0.18828622474443402 0.09117704123568537 0.0008302901371626259 0.9662599740060323 0.7022745488300763 0.9592159061194212 0.5306916229114865 0.3868122952609274 0.658393239654156 0.9061600289799963 0.8860679334611252 0.6883508878373653 0.2260288737872418 0.7159061430220623 0.9436543448000714 0.14427197134205139 0.4982138930273373 0.23824213024473684 0.6743471949927214 0.6352413826628064 0.9545812446704522 0.849636528095291 0.8600985183408049 0.8570411170025518 0.05308256864177563 0.6233559657179185 0.09538156536403164 0.0003879736654474053 0.10507865266568994 0.7484170360109886 0.9984057898081727 0.3409918407664032 0.5787271312133799 0.552451105378168 0.00032316411446842164 0.6046370544702873 0.23216878307101885 0.6344468474078908 0.23990656064384297 0.7624595892712239 0.90425708461852 0.3028634601296639 0.9390817500285713 0.1509157194624886 0.7139180150596085 0.11276573806194978 0.5711182302355439 0.043504960543422344 0.13149540213902144 0.12477556389246147 0.23679246502274498 0.2344536771022928 0.9746108508522313 0.6517714880401346 0.4039576548273016 0.059710997106544816 0.9146881369941793 0.6426484666139963 0.48579580737055394 0.4538887775214907 0.7938608738056874 0.010380502585730866 0.7281435602112235 0.7381277075696588 0.24649047280000325 0.7489973758046551 0.18132086679491444 0.74600272698257 0.18656142180678303 0.5086247511198555 0.5846304123374731 0.13608971743249088 0.4218159474094264 0.18474270363167467 0.09770110490892847 0.8249088255127457 0.4473185049395455 0.47078132499346104 0.06974851646496028 0.6615787097095677 0.905405569252009 0.8830678140618036 0.7899481188383133
0.07427428599367702 0.16374452380432103 0.24188384996551593 0.46459636035938257 0.1775046969122488 0.5849846898706268 0.5327993655634381 0.07887396755240694 0.866181814644704 0.8118780286933238 0.40394935253695885 0.8923296077358687 0.7542395104982321 0.5509806311617218 0.03080599747744661 0.274419744520211 0.23083446156627552 0.2597586275760778 0.35897070584958046 0.6764984442220737 0.8393514767850346 0.6750012900526806 0.18008300069415084 0.8424178401267449 0.8115899574696418 0.42679159270594713 0.9733317955971941 0.2982935141617562 0.10491571533197408 0.04449267028948434 0.9167441900908896 0.4293323289335148 0.9960075029322948 0.9970842933511878 0.5386369080223854 0.8057200006744796 0.26893472464526913 0.5012096358590755 0.7442255932556078 0.2678225771029371 0.9944795074535521 0.324925068198192 0.4059789281871685 0.3386108198435356 0.39767335034227025 0.11637258700654607 0.41574935413350145 0.14590669994311445 0.8520761723520249 0.662503440570245 0.6783852431700388 0.049791220030166894 0.2626438950829124 0.6951162994683614 0.7804984124352785 0.9307141387487334 0.5652012511747664 0.7952466973608368 0.6585135917078134 0.5973068624337358 0.8048155875062826 0.5669262672072432 0.6135888949839036 0.3269562165027612 0.5687708439275466 0.2749749111736267 0.6967577510439585 0.11689610670650041 0.5494294008585684 0.7301450349265106 0.9333254310063016 0.2717084597082077 0.32975229869776157 0.46015345310294176 0.940497306523618 0.11531231141542897 0.8318402908158878 0.0012187405754099379 0.8573346199877715 0.5448122914651943 0.4540615817030319 0.12604185279320246 0.6243347223366756 0.7609022446217831 0.045308958135086175 0.392851940035993 0.9148329482877973 0.627618486328619 0.09865706070695579 0.8628676632872779 0.31127776606132895 0.7753981478803216 0.4496653849305787 0.4174110570107278 0.5532697753505227 0.5523713815930413 0.69897975229535 0.6921320835471408 0.7266874458835826 0.004101174636987781 0.5040586533765093 0.22490943973249766 0.4288003918631629 0.3939314664414254 0.7486485666338681 0.9796260821954116 0.6345001056405377 0.3550490202428891 0.8843061884379481 0.518431937321684 0.9694391364505964 0.5114470609054985 0.4576518903096709 0.42498026265389865 0.776494279313428 0.9447336837688695 0.2371110440824421 0.8856598497289327 0.9679334154152202 0.617258949537291 0.03657803843032659 0.3067673087109102 0.41512253671779364 0.05105016677488505 0.35298087758776764 0.08804405598405896 0.5010728336900191 0.0012446095525612266 0.610963021749009 0.547769823105509 0.3454308439967597 0.4889473522702489 0.5162963968222419 0.45289939041237615 0.45496879052502137 0.06519181197769353 0.7198742143237482 0.926454652285518 0.9813964346534388 0.9354449444217663 0.595621263053676 0.45179740528717416 0.4517790558916598 0.9517790976503991 0.6241164484909931 0.7305235077741067 0.2842486808867407 0.9501561337013863 0.33910724696078054 0.04104653402885672 0.6427437541099813 0.6620144094792282 0.9248552181479678 0.04211721380799849 0.441973923184272 0.5678438442723438 0.17530101923250263 0.2674998893576558 0.610304100533266 0.9289078560170475 0.33401667003595226 0.463555637105201 0.04312133221364867 0.3305393582452655 0.28845206858032735 0.8566770726810081 0.3642826145357758 0.7955404408466121 0.15694114081071842 0.6618985854227764 0.6984447068522036 0.0698547787011854 0.7745051408141855 0.07552842991804853 0.030134324540516233 0.5257125210852696 0.9581335166989313 0.1877154656369594 0.46618477334275643 0.10991145275747305 0.628901492217964 0.8309571735355371 0.7788613755925724 0.8706441811965039 0.42905560640885043 0.9486565803377991 0.7590544740917184 0.5582943013749578 0.558242045484658 0.6976294223766548 0.34317439696314056 0.5328033998223425 0.7460435417902883 0.7071172608654466 0.4666364965957971 0.2649035273427496 0.4899610022803811 0.3690985545477755 0.8006638836306574 0.7197992585672915
0.7480809207296596 0.6089813105559733 0.48441090191381153 0.16412835946509663 0.5454758357680943 0.3097668179795562 0.04622286461017444 0.3907816638736692 0.508963148834223 0.18396126778082367 0.954069530256893 0.4763846728189043 0.2813879652678508 0.1760004676574125 0.18976383508237094 0.7539948309752695 0.5714056990313797 0.4053691775307232 0.14413202166520978 0.8767598707907267 0.1803364924864831 0.19920788248585042 0.9241834989602508 0.8407015906506586 0.4475630590437387 0.7061362935099962 0.5179811814856254 0.9478739202199853 0.08961249901394797 0.3365609169069028 0.375785380748759 0.31832397139754354 0.7288780665977592 0.12318914430578609 0.6750611249929316 0.005653125364145417 0.6679080201204081 0.5919769527602421 0.3469975672939897 0.9251929115008786 0.46315640315757534 0.1333609586285941 0.24788347840103353 0.6512091940047532 0.3489506199091106 0.03393037999178228 0.5677380181907227 0.5681919906917408 0.2317517847327637 0.1770294480473662 0.388205488345872 0.8165711021506263 0.8151040143024109 0.26285558555983934 0.3273043936686493 0.11869850041376029 0.741434838860951 0.10719084495579978 0.3116207904224324 0.8922793344288455 0.9337650745582703 0.27337572394790544 0.48042137177220534 0.7021874546503037 0.4133288923488919 0.7178193091570697 0.27079901962476294 0.12323218483434295 0.9291698976474927 0.7582193498559808 0.55393665462811 0.46066332663587994 0.2562066680604772 0.3978863414004009 0.9240857590214686 0.19469583133371937 0.5163539676224347 0.1291491526347751 0.6553725566290863 0.11379583312962926 0.20468596305791187 0.7588622360387146 0.9235046637534688 0.40118530133036145 0.7493184837742002 0.4587344938445346 0.10394266258362572 0.011844723263902401 0.29085111446163614 0.5030927513251232 0.5129947055480155 0.8435282132677234 0.407617633081371 0.9286287130945412 0.1789660046411241 0.3333540123933473 0.12605499596717673 0.4948235949614953 0.9911743152612924 0.07898969810060585 0.6710479087186948 0.3370224860022871 0.9706669265652034 0.4969604672900889 0.9293648088934993 0.6732499879531748 0.8282965300326588 0.9223013974307396 0.4389359020365935 0.5310359116316197 0.8019721143956433 0.05056457130067382 0.798253922945465 0.6058835132439486 0.4732156152336866 0.13916046472633425 0.7735770484364353 0.11040919518446579 0.9238787393101611 0.4129439810283697 0.852477138528357 0.4439941283398957 0.03334804252270929 0.6082554116587092 0.21232009286800713 0.5262693678987754 0.5144438954109013 0.5054215052793842 0.11259642288129834 0.9102022939823625 0.19734964728953241 0.4811532351100237 0.5166035752241247 0.4872406275814689 0.5484289649514794 0.04590553986883872 0.08357246390923334 0.7445655532480973 0.9094226969436229 0.8498729865124383 0.47188568335016845 0.3892357934141111 0.619596350585732 0.3738132713893614 0.8943997344387878 0.9400768049674132 0.7363733264332902 0.6602469895439751 0.8146516029626021 0.2179128900107672 0.9148766978546685 0.3217878128354965 0.21043435335529947 0.6396711610393798 0.9236593481824937 0.35613940745310635 0.3304143356937679 0.24842287220584858 0.06229929320434069 0.8730669939019157 0.06608610599818476 0.8048473727718249 0.8197544139211371 0.8763080984062201 0.9147421951260586 0.21476878469679195 0.179576786607336 0.6737505421429089 0.8892831667658628 0.8441708752635134 0.8129460349821848 0.29340808976405464 0.5355369571616884 0.8917239280960998 0.3286589678639086 0.8970181716143859 0.17305953589666012 0.20390988034067115 0.5514365283408253 0.27212938472706405 0.7552990484935667 0.6384573607065706 0.19081335912791886 0.13845539162609732 0.3832311793478922 0.41666362275225854 0.6893322731463737 0.9203917655829705 0.6487386344832754 0.13410487934479232 0.8144728456095172 0.6016472223004973 0.5769761920268013 0.39317842355135824 0.0810382730592536 0.2621692763426302 0.6660619905736385 0.029006718158344547 0.5316877101712779 0.9470283265526418
0.30096639197528385 0.28986167912075533 0.3523132743256613 0.9293020487237224 0.26514071728575905 0.08420674616019164 0.2708245379688561 0.9985751129455168 0.25757967773755475 0.3497661469437898 0.3811767702456217 0.6821440255436648 0.4487972744409867 0.15830285426312052 0.9323695492206031 0.25449898760241907 0.6171854851425683 0.6852088003886514 0.5451933806932373 0.1961830162852487 0.7716784286639615 0.6832104451938175 0.19482551519801572 0.013591347367082895 0.05601520652553216 0.585011839338785 0.8896570807620804 0.5950620308690098 0.3903040839599864 0.8638705683444156 0.6603177073842447 0.3359664233957633 0.7537986261694964 0.986032126449162 0.8186682064687564 0.7500665043017714 0.3826767532524391 0.030335656466847882 0.21059905693722802 0.16052794941742066 0.0893498207945379 0.9551171666932409 0.2710613207434439 0.4917718924871042 0.7834080709824007 0.9761542076123905 0.9263308641433532 0.0398770729078346 0.030678636668811765 0.6029065581471813 0.8979763034717155 0.40081352100693557 0.8066291711357075 0.3871994684269221 0.7488753100268917 0.882759314062632 0.20560214293836276 0.510021752532648 0.23435513442172284 0.7617379131346526 0.7645880157949949 0.8885459981560059 0.2343016933050388 0.07786511858852885 0.2439673697180349 0.4631622559522679 0.9068436450278724 0.45597540650265245 0.47962041418605683 0.2187223537507199 0.9489562796703553 0.7412584216664281 0.8416932451884225 0.4573656773008432 0.7291681192171128 0.1741635455077417 0.002199018069955594 0.9327128216823283 0.09773714444920545 0.2569207362017363 0.9982308701355969 0.05384149150257789 0.32487006939694696 0.3031457048615043 0.3572981338748824 0.4756707425644997 0.5126796200377134 0.3146985083871763 0.285326284313444 0.7989252243734294 0.8510165983444251 0.7189749717206138 0.5609845462583665 0.9645224096428793 0.7438962903403727 0.6752231376294934 0.6656555284697206 0.36394619533497263 0.7792628418605826 0.7592520588235061 0.6535264444100085 0.5806175017640843 0.2024978688844823 0.8263301970758823 0.9534888544351948 0.8844102189302769 0.8721555262522311 0.25128693974454075 0.6780670267559679 0.43044934614632224 0.29936926355297266 0.1918346345028824 0.31048856428586713 0.7802774325864156 0.018236052243939538 0.941631930985911 0.3790613196586523 0.25134454872156353 0.6566088750418154 0.07742112299246462 0.6390788270870811 0.03775801218364783 0.6891448758062022 0.8096698937560308 0.6843137834616883 0.04196963757912442 0.9766058523637864 0.7676011639770216 0.9492515495065557 0.05112082756315306 0.8590055174975308 0.061265138094408145 0.45030057582394467 0.5270413909551593 0.5719842126797728 0.7115057817972336 0.16796918530187133 0.6193518674573799 0.965570340468942 0.1367831819270956 0.46228367061162967 0.596399174094203 0.8647404846187114 0.385728902019845 0.5956290321947814 0.18151393680417982 0.05200894333907424 0.13231419144737666 0.7818331529206562 0.9823772044311583 0.8918937426125728 0.4364585337921606 0.722001034879545 0.7111736267508362 0.6557277757023323 0.3471879575743536 0.9386241480903353 0.9317157597591375 0.7211718625596 0.4392209518928667 0.8501928534663391 0.015595576144210144 0.6292654230657898 0.5030730344456369 0.4527110314455506 0.634138685173163 0.28785015072487585 0.9199865858510425 0.005591753578010117 0.38034326250413253 0.901720152728999 0.1129121406577569 0.6062663146288257 0.3827251382705451 0.15780395131654745 0.763226077396322 0.01587608903461979 0.6482097308368137 0.9336465851466108 0.44275601887144067 0.16029422181634734 0.2769943195888459 0.3134858549412106 0.6746738955038636 0.2315235469243645 0.9614592913878564 0.8491770193601477 0.3563998023400359 0.6881104507164436 0.2649739686017517 0.32387163057644586 0.4497744157509952 0.19242269757759456 0.21619698970895584 0.34585546331594175 0.29341725986073197 0.6851085105655791 0.7144051413083533 0.5062936794766906 0.7242268132572303
0.9226583634952016 0.6669811853500909 0.22531826624949813 0.8748074467098791 0.08907812831826512 0.7681194915736663 0.9171399779290861 0.7328685722584123 0.2770934308809381 0.43520249410190637 0.45547996159551174 0.6411811861398189 0.7168515206394632 0.6810279383853746 0.930568278765116 0.7403860084827812 0.3039777302106853 0.13519953394646256 0.15033658683834927 0.3730293157199852 0.7339259181523066 0.7583141414563709 0.9841079310098678 0.33333644492269177 0.10805086642499506 0.4220521848234936 0.5427758576232808 0.2529950009124581 0.9611763825709524 0.47995403993417907 0.6125212405157274 0.9053020541711942 0.8287425565109012 0.18249936900560926 0.4044571115139093 0.46364664619217644 0.731940332319388 0.6114966103091616 0.8983560600090154 0.001836196164410664 0.49047019891722454 0.5896216757169432 0.15984139952963072 0.443890594614778 0.007958207760133007 0.0013406574162304619 0.004676138695734577 0.16092829549665488 0.8738286338041062 0.5538702273047841 0.8274644988403728 0.6761181662415778 0.9270081971099422 0.4928818612813993 0.5828439893126063 0.6884245350985083 0.709967017595085 0.5581937806017421 0.7715592342023473 0.7853332019362522 0.9534150580135395 0.621490678084439 0.7201852364932161 0.9106440558057587 0.8946977016592309 0.9078130580986605 0.4872589493210093 0.4318924862056458 0.7105591896670996 0.720375771736741 0.9401115695312342 0.24514323636175595 0.2326759860915879 0.0680212573918737 0.5438707254477383 0.10019903155071685 0.9253322428727923 0.2555092873310374 0.20216249963473354 0.03894592763197391 0.7834469403296075 0.6641244985280018 0.8788620637848935 0.44983353909299895 0.5151142686279082 0.6091629881925065 0.6554495069487976 0.2950487796232162 0.7246502144101612 0.5557241367964741 0.7249130824705923 0.6203624542508355 0.6914920015183003 0.32686788930045807 0.15691278156861765 0.49672810992818894 0.6899984076712609 0.7176982347213218 0.9907801176876577 0.051972611083541564 0.7738861771861854 0.4403836345447175 0.9236407129367106 0.6039466298226316 0.12603238305722864 0.6542661401203688 0.7067829620130419 0.509569016606862 0.997326604828207 0.5183108419362746 0.2131701038306748 0.1586699578499431 0.3643721206328814 0.2181586391934166 0.5328356495007321 0.6860282058031701 0.5423904869670187 0.7120012763592399 0.49917287943235233 0.18618853125993684 0.11818678826360529 0.2598081618082526 0.9019510137007791 0.9637202177762461 0.3123537910875741 0.7993158718780289 0.1839148409820539 0.17692817949730932 0.5785018995653025 0.38195908322359506 0.4329392877123299 0.24791830483286914 0.1132644109703057 0.651570877182713 0.3239990536885331 0.5251807591037093 0.7044395485898866 0.6153566332010074 0.27446410710724944 0.07653333366655546 0.8988063609550764 0.503390170497466 0.44879202986505706 0.04635510434588386 0.9555230634189872 0.6636435064277719 0.33284754619945434 0.11101837906665069 0.14543972080077128 0.45276509925446395 0.6084462781535729 0.8662244669699651 0.23565283754124988 0.6494040786775609 0.3122033127788011 0.1392226901785074 0.31121461144753626 0.046845987756226726 0.44957891861764376 0.5573076610701949 0.31029217413063204 0.9323571397683832 0.9859881818286449 0.017879174422105182 0.1373490030021618 0.6879227697156505 0.41858805218628814 0.8072294317474252 0.02589492232044588 0.37571173146173387 0.3446142051242139 0.3756209890250134 0.360114564600551 0.6119988697991505 0.8446818423335561 0.13342392739042164 0.582197021126121 0.005891108590146632 0.5934497090171292 0.897838027817494 0.6362763470473332 0.619817734924217 0.11553557769281853 0.3661463473525285 0.5181938850468248 0.25170068658356304 0.11671525476631206 0.9272924687442865 0.06426696967367473 0.9810663079372561 0.39952014066546815 0.55380111095366 0.7657506930262767 0.703089027571964 0.8579206831369909 0.7037339274358432 0.1274074795679062 0.8464248338750667 0.4805198169294539 0.8028759000337528
0.23382340413851188 0.3701128076107546 0.1667888173434019 0.720614440029878 0.8933752230837897 0.7157699077677104 0.4758276611041262 0.7502376957277744 0.46332336574354005 0.294213464471741 0.954199133836453 0.4036949388320775 0.17490735197127405 0.4721910094862988 0.13292971011958632 0.06445061894283532 0.8798837697656713 0.215131121748373 0.011303503584751962 0.3149310688672845 0.05383665624320666 0.9243556427227382 0.9958251637410038 0.9907087572918818 0.42808829143389493 0.4330523702020108 0.949267464272719 0.9390391766810063 0.2929008629902303 0.022261325678293753 0.44625125626980233 0.506006937427416 0.9107812798852963 0.8500569855056753 0.7020696370125117 0.6543722428920479 0.46098234824007056 0.6122694003043193 0.0054053335001589264 0.9325200169080178 0.7170988007736545 0.2684351731501481 0.8252438320033932 0.8193118871982303 0.242644552393394 0.14279930638143046 0.5694148388711796 0.46903050664728063 0.9268185655300275 0.8473723754512398 0.8652278651432115 0.4476257075641382 0.6469553398593271 0.3885950542515838 0.06789270004733339 0.8933614116510373 0.48719902603790866 0.07138041946701945 0.19258616647034843 0.4879890085301355 0.26280592526327706 0.4375935803535548 0.913436124768928 0.15485178826803514 0.5414412090495593 0.8188928847091519 0.7642634838221737 0.4137001064508 0.5198802435941422 0.6794158381747393 0.5264548374633813 0.5522803556114173 0.8135567955662768 0.3403841079468829 0.31307048510442803 0.17176773021414304 0.3721650090112184 0.38126168728932064 0.8823895672937802 0.995339262717563 0.5711225200671819 0.07555375923512142 0.35345359226274686 0.447743803661927 0.02676180131737338 0.08723042101591383 0.34203876579423986 0.7775679320986146 0.8107890138556698 0.062284618685816584 0.8326712411938636 0.6680130095268307 0.27036168746927924 0.18490927181162709 0.7305937152718529 0.5409176765590585 0.6886897372333508 0.8497964830820302 0.13296520344320106 0.39215886039898673 0.5241754083773398 0.311620932942848 0.8295658405077317 0.31361285600210875 0.3868778647467557 0.43165334286564905 0.24674325632602667 0.38053600254817055 0.09662315084775475 0.14193802467376704 0.9572057073340288 0.19025685745107068 0.08209752647925106 0.9890585460525847 0.4461060920554998 0.2115811468021369 0.44247327020356675 0.22086249389913837 0.521501810518207 0.7157759961696015 0.33085122718630156 0.3440056967445182 0.9263744296567213 0.23995070714581712 0.5247133807458992 0.5462023239548124 0.572949246466528 0.6059129771015542 0.8951956663851948 0.04540402715246117 0.3570974380558599 0.08916697409585239 0.5663775350211724 0.08519850659885386 0.07171682974305271 0.7017555649702165 0.27138408815728177 0.307486474186477 0.21514194972711442 0.9976925311201233 0.7072895376729706 0.8622390064049749 0.07163363095056119 0.2869389638509594 0.6206987714460124 0.3988626420015433 0.26402227089810637 0.4349142300626113 0.4199062766780066 0.6577148080942181 0.00822263259142253 0.9359974450676443 0.29702496950420076 0.8383034350265185 0.3380488282066769 0.831533449417398 0.6533065873790741 0.7908568828781788 0.7759003480630295 0.17085481029910454 0.2412237718593917 0.8140806883556434 0.32949984636422724 0.401999327171209 0.7692135139170133 0.7264372898206952 0.7813225151717142 0.548686697172589 0.2672613064129873 0.08636719270459203 0.19033189982508536 0.7166348795608789 0.8902666667793468 0.7206096158107959 0.4795542012494547 0.5807597428724862 0.8919991874929486 0.7071545923014313 0.44276266450053514 0.48755255505484707 0.5723669784355941 0.07461478488317552 0.23191124374133787 0.8963163543688277 0.11951227229141326 0.693251010497072 0.40701239171173764 0.5249308515507662 0.981372542836131 0.10932502022500779 0.3684474571490097 0.26996357546549743 0.7496424506372606 0.4531177680460562 0.6836873901978969 0.3449856075460338 0.29711357403724004 0.4619678161402536 0.811125134209092 0.5663013990251605
0.3480124291923359 0.030976525373675345 0.735110223614751 0.0030433490797932006 0.31870099160147813 0.32421856917320313 0.021208577184826494 0.19236211234066292 0.8908307577535927 0.019826903770925774 0.9737973785482388 0.6152947633111542 0.8245642395277686 0.5430829230831785 0.2202874964925704 0.6031047146510174 0.534949496656796 0.6505078504053565 0.05528161701182155 0.08297104161841806 0.05868041577464056 0.4623639321796478 0.8471787530279832 0.008138233973450593 0.8712863149633677 0.016004152193480614 0.2673273679462379 0.4192405346109266 0.6349825630685301 0.4459319883223125 0.9839559007289677 0.6395839220222548 0.7934983250549831 0.8007584194656427 0.19284955240283985 0.07683333492344857 0.9578859969715772 0.9026774469804404 0.38421990086978997 0.04657898409804595 0.28898092578956136 0.3908010146502737 0.8824027822416598 0.3834460427882739 0.7619526585140166 0.420468769894888 0.5546996122536998 0.3236793487585117 0.8889579921427996 0.5773133047367782 0.6028818608825227 0.20195492566531426 0.7826388917205215 0.5198785929013434 0.1533395963831642 0.0817825762260781 0.9354321396158821 0.768965882342698 0.7859021686701883 0.6333221323732137 0.38249564553246773 0.004464686113878513 0.796031888129592 0.1683060727563589 0.35765689337000606 0.07624390498564015 0.11494366072024254 0.07023895140184833 0.6209910701146281 0.8181402372754145 0.7373188018507929 0.9100147264117298 0.8460592019883211 0.5657128031504588 0.8310497433399315 0.5789818227164181 0.8149807631634298 0.7901536723708532 0.1384037197507525 0.062316360469817145 0.8496929506786829 0.4298828801318495 0.2267982446056428 0.6625747616084555 0.9918706039858984 0.5376917927957994 0.6418653780814302 0.6459157195104896 0.9030939998308086 0.24955283214889334 0.45787665739442596 0.6867354094322047 0.996157287182937 0.9792011516906604 0.38541173707136955 0.21366047252810716 0.2526836762087368 0.31576451514910664 0.10345002049371466 0.28309529280772117 0.07562505977306588 0.13445170593804345 0.5039287780615749 0.890717933103804 0.10178572582352674 0.40543094172890304 0.5341911175151209 0.1711176153850169 0.9458416857022051 0.9065082790655458 0.6163934818345411 0.36329443037341647 0.8167424290092412 0.18485299800635835 0.8998686816661136 0.23204970141271541 0.6651745731435772 0.42924105031306203 0.6877172104713637 0.028941090111698875 0.64551821923379 0.9718172875981098 0.14233386874309817 0.1511760121818585 0.42356739666822973 0.8432394017325467 0.5330421422402398 0.2790108499979005 0.17413465316148447 0.2533750103196297 0.8714451347242608 0.9480391227627813 0.4715153052634883 0.6272840069410192 0.3783511207046063 0.2331710701509745 0.1258136253514045 0.9411607640783636 0.23923215334147951 0.8300195930449716 0.6082870306682941 0.028392238604907694 0.7642395026184574 0.19524483673241233 0.39386816929797785 0.9206516439255263 0.050897157043605534 0.9691854031720287 0.8375329485099046 0.603969241194226 0.9583046442479669 0.30353012348666875 0.21051947855482278 0.2933437009405504 0.5608569420571049 0.32511218394010544 0.1416261686776884 0.9012471984898774 0.6509566068746018 0.3859692106424275 0.04175428249091406 0.22164757635559018 0.35323266981225987 0.780992473822922 0.05839714998986556 0.6970948022772819 0.1998552612511285 0.41750415162973475 0.7806218894025571 0.9991027791657746 0.3609434292318917 0.18781606240690818 0.536933611590896 0.3646915461493144 0.3792030903105441 0.6897670927671009 0.24327477271645237 0.08518261127397397 0.1890128789062292 0.2856432605043838 0.777353772473292 0.6066104222838716 0.500157654653909 0.20351626073314066 0.2790518911170017 0.627301200769394 0.12552836808514722 0.19923650057252318 0.674837859733134 0.876431075166761 0.7231765807407564 0.4257027502970244 0.47870951236847126 0.29330297380315995 0.987687800188778 0.359198904700187 0.6643273867324597 0.9365165509775167 0.12729968361721833 0.40337270990470064
0.9496271145625527 0.2744614156934133 0.9118366281922166 0.11062982982209602 0.7583431059946754 0.6065855051080902 0.7812882149355369 0.5810460742182649 0.9624490707554691 0.9148147124283844 0.7644880830247757 0.5441732334665077 0.05960619572215098 0.7178933325684397 0.37270299091583137 0.4953077545386423 0.336793358510887 0.5609523662622502 0.19033192123596365 0.06498299743068015 0.819476827443724 0.7252608624511906 0.216267282483095 0.1575681535607405 0.19814012180950458 0.750036377830023 0.7929982048089859 0.8805169673721267 0.7314293831815145 0.7709848540656568 0.3304784815372527 0.20389320402454802 0.8514443823215442 0.013133839748663334 0.4906575632726321 0.3890723029161267 0.7328627832914315 0.473931470681351 0.23228396596197765 0.9382879157063243 0.24848718580270024 0.4260485294885915 0.10313049381578432 0.24373919663421661 0.5781442128879182 0.8311739384693042 0.4520332465774999 0.39053672889654645 0.8558829637443199 0.6892381524404394 0.3422104950822433 0.9643584746752522 0.8805116295132481 0.49291992404084406 0.7258045901381868 0.08412961059275215 0.7606199740113129 0.8955635403150572 0.28040454393985204 0.9349097788354837 0.5112879183606155 0.5665639119639333 0.5124052591646971 0.18916144483740127 0.8579570063063087 0.9522974098525736 0.17814966067687255 0.7735892506404044 0.7516099991670844 0.8286534049922425 0.695664183414662 0.652367439258972 0.12970078270594565 0.8096345229016404 0.1145319209976523 0.0631674165655326 0.5813856518797527 0.31956127381015853 0.02656773374273791 0.6768883613621435 0.06725039337053829 0.2687589157275936 0.125045845991835 0.879175942859919 0.07713335375624097 0.9727729632345975 0.43666307818251093 0.5658524069927732 0.31432483633529973 0.14080515034415242 0.4466392659692101 0.1824324418671207 0.8488385357866094 0.015264919398351395 0.0034457172835404837 0.06827322172178518 0.2761901106697987 0.6394417271289832 0.6549049162843544 0.033368944288134306 0.9839405375023282 0.9808893524998183 0.21482590843696137 0.7894282347510356 0.09246376369072273 0.5334294739363268 0.27237542030394046 0.9564447301776866 0.0843740718396142 0.8533054466236728 0.07780989693774432 0.764329196088544 0.5705737262947373 0.09790116484677525 0.9097440398706466 0.04779737431651421 0.20014245959098698 0.11034696344806949 0.8054820770053575 0.4124143734978445 0.7778606555343258 0.051913497467551695 0.20444379557757564 0.7134028896023468 0.7534504640791548 0.2983404562962587 0.6175166123650111 0.7928345647110329 0.2989554557465114 0.4437176569132839 0.5532200526618327 0.9813421201083694 0.3398933606446266 0.2416391797275239 0.9921508105666281 0.005905699018027288 0.7102124242079667 0.8285308161601772 0.8618024211829498 0.8764467632097822 0.5368556350498995 0.23662631096345876 0.8010657380984986 0.28531455399006367 0.6613409131846005 0.2567791514335601 0.18128068255198193 0.7569953468876108 0.42629290852729307 0.38120552195413615 0.4400581977475324 0.9777366193733222 0.2865696101309385 0.1972319348332946 0.276824933093039 0.604969743291851 0.4058526871868795 0.7817250519235405 0.06970349715168611 0.8200892845623033 0.4499866740092918 0.8860534329388061 0.5826549413765052 0.989027788120567 0.20137030686891078 0.720725523302885 0.4248197082584999 0.7813550389644683 0.26786545838370823 0.7041352636242996 0.5702988185654732 0.17896965606348414 0.49260620237182295 0.1637743119115772 0.39754197345975484 0.11983218444830768 0.659869221095703 0.21287508592163407 0.32509147127613547 0.3025969940936494 0.957610570673 0.3745853165247168 0.40553158125878286 0.806128623062947 0.0619391385821797 0.5292079017478983 0.1529012975620614 0.7832530640199119 0.43794274620362195 0.7352513927552091 0.24732634630959272 0.06511068192133296 0.7180172560759831 0.38251650593399367 0.7201442609141159 0.12879147037614314 0.6537555904088742 0.8128582811572159 0.7942024182760757 0.9848519305070934
0.17962580680649753 0.7233521962996198 0.7501370424209082 0.5158258177649484 0.12153759265346098 0.8326789190866483 0.9125087563427791 0.41893804383007915 0.9535770107814776 0.4983621468016036 0.839059085937012 0.9178985444819222 0.3515049615481288 0.6468030651741736 0.143293376844837 0.5028671620160612 0.33224972677354314 0.18671212344015609 0.9965950314729543 0.009335869142788167 0.3247863337799505 0.634668211342611 0.5761840673978079 0.7306017558147823 0.9537992079464269 0.14672495624757353 0.976162179994797 0.6359650400877165 0.8962795936477201 0.44063016456463344 0.005478429773315252 0.4214463509426003 0.9676100620073887 0.48366874654921777 0.019053996344746138 0.5190299682913289 0.8181595693133511 0.4673978026714676 0.8368150757373318 0.22682758231951117 0.6182663187754411 0.9588734527175364 0.29014520516208153 0.30274382776454534 0.6444918214283849 0.42527014031888255 0.516495482432466 0.060059081468367914 0.7475396568293633 0.054657622165398156 0.638548763717648 0.5916840403350861 0.10154317743682872 0.8159345048219689 0.6401663786943433 0.5421183772269699 0.09968878757706379 0.9433973251176512 0.00024378051491535935 0.16272925990302667 0.42153356175827517 0.21061704669040082 0.2521479851348839 0.3835854396027567 0.48756459224041804 0.06404045292369465 0.37073554774449713 0.3963125347997243 0.7851669173851575 0.48305534751549895 0.7362076527360195 0.21220405244937868 0.30692261847470936 0.11430067684741474 0.018258411154778664 0.069659244163357 0.831581486521061 0.020492617823625325 0.3487907915890942 0.8393549623256258 0.8863640391583175 0.8538902547218822 0.9844248273618935 0.05473498994563708 0.8609617261030591 0.3841428597317921 0.037317062232456566 0.2056357029821565 0.08753312608214725 0.8990227417157147 0.6603892432239047 0.28528713222906177 0.0805624010345466 0.18044687463959364 0.3350798234843877 0.9745604691275882 0.8917952250491574 0.5504352263701157 0.5643031209238077 0.06434024821625528 0.596091442531469 0.5124831918987557 0.2596912102244856 0.847402775817243 0.8103392563846662 0.42620983538863155 0.014785242713387325 0.05829972131718497 0.7425833505588912 0.2850558090183578 0.8241928687953253 0.7354899929303941 0.8580589652513471 0.6650847477365944 0.05846360033726761 0.823488920337757 0.8352949934881398 0.2651972291632919 0.6776374952741918 0.20278750353435127 0.6702249093898479 0.4727525456491585 0.721970507119565 0.1494129833548452 0.30083980811324373 0.9043436466969074 0.4471274224583699 0.17963616445789488 0.42687013435973276 0.48528636458082597 0.4846184501083588 0.30308896105033223 0.33795122362087926 0.2680808163501194 0.14661956121341535 0.7199395261354901 0.30532008386426646 0.7533941781124401 0.10450622692003309 0.8085506692112246 0.2572641630654069 0.24659755807090034 0.4961964855833165 0.6536529185422312 0.6038238981718925 0.5931540230737601 0.6788332246280369 0.4018961691222672 0.5921623132147988 0.33674644559728273 0.7125209004808316 0.947251295652801 0.039672001465971274 0.31983680598469155 0.2498009569035744 0.40733453484753834 0.3148588883605925 0.2634199370311362 0.7193637976396305 0.07422267562948903 0.781595910141674 0.9666324332040993 0.6695598542103997 0.1896780838629979 0.9397875564641307 0.46906352452829614 0.8964116321771352 0.2280600327672242 0.01159945955883901 0.10771471372768826 0.3419710806364875 0.9994637082525596 0.7283074563875924 0.7753905331440248 0.6661960340026586 0.8692444468239775 0.22427325808621623 0.42264846815790846 0.13024187337940807 0.5305941305823463 0.5041940097293099 0.7256470117177942 0.0638037506766258 0.3522226710247346 0.8464826395578439 0.49825412974224326 0.8292748074572663 0.3925669907290422 0.4065696364557818 0.498879966757657 0.6020220825204047 0.7128932027192293 0.4224208785728002 0.4281857746680249 0.08810449925127528 0.3985861853903938 0.5819870160759224 0.6474686706869558 0.6431649571465188 0.03880263473932488
0.11912605240163943 0.543171592917218 0.5956180660269603 0.3531933584742375 0.4520584175251394 0.3749739387542139 0.32838856240412817 0.8210356850871684 0.3151812863038972 0.38592215412100894 0.7928328039249978 0.5813912502892415 0.17787001603010022 0.3532932374833213 0.11836829512911085 0.22883433039711498 0.20592114919357318 0.904266192045001 0.6496170634105721 0.42709180065131214 0.7480867422874707 0.944525504552772 0.5332696997000008 0.041149079309323544 0.7000648835520339 0.780698397392328 0.21701005814048158 0.6266153519580634 0.656179528188948 0.7464988170547048 0.9632052556433205 0.7118866824748471 0.2420887446341159 0.36194538950384936 0.46245011739721864 0.2660180416485537 0.07138742489184191 0.6626608704068476 0.8253929106847929 0.8288506648885069 0.3505057926893058 0.21452923553281555 0.21618548268113102 0.8714272718849342 0.27588338955221825 0.4084413262327683 0.8770672952158778 0.25349839005923125 0.5572771986476152 0.5263849338262134 0.4110049946153739 0.14967826951139063 0.16620495095328702 0.31456488694947293 0.9854612202257963 0.5105084300674905 0.05750081155763276 0.7321739649778505 0.6394590005800005 0.9735086016731388 0.9795491581764637 0.25481742656102946 0.6287235427600371 0.22521504761886402 0.6316528253276024 0.9084896994447591 0.1870521678636926 0.48489804573508277 0.4489318341303141 0.8062802212521452 0.627232071325199 0.19934390114811018 0.5928771399189748 0.4408667705294922 0.1735924049194355 0.36900211154325 0.8779795746213178 0.13480928301088435 0.9221136608375434 0.5066460937415472 0.9096014516703929 0.5264791871160953 0.9605502019154786 0.8883447212805747 0.5651016577175156 0.242451526885464 0.012710885176629105 0.1594091403743828 0.6358929916228326 0.47648825108595094 0.3453962669583711 0.4089745894936758 0.05561583831977024 0.13156375009853416 0.7854794722591572 0.43468559925036765 0.1984970819744687 0.04034869149837872 0.565893832739191 0.6209854527220486 0.05334397689147974 0.027646692565837294 0.2911805246709164 0.7816371167819587 0.2937529153001285 0.9389935637346764 0.33860558439272637 0.7310029826778689 0.9867862945664935 0.933053773425197 0.17022921015143455 0.6935915607334708 0.37914038697819574 0.3686304089095286 0.16422253805229026 0.9262833881693159 0.25630738237426154 0.33078311088527335 0.4090776645675255 0.7970232913996222 0.5156950873180451 0.9334454379196508 0.2785238270604875 0.6224860129566141 0.43493632284273587 0.03372729053869972 0.2178509770449707 0.9075323651520948 0.6320426956218805 0.29054156065775694 0.7129396067301367 0.45600083892257504 0.2902244290052779 0.08024020583048352 0.05430659169660246 0.5541792845060044 0.7833429972060733 0.1344262808885338 0.1204967294258491 0.1712586302919622 0.7037784035351087 0.02970349330676403 0.8698463882289726 0.528999720094606 0.21266481706280338 0.8372540539320289 0.7233164633639464 0.6211125155412114 0.7417721720065197 0.3771770813422707 0.1976393991677633 0.40954741317133647 0.13446386749684036 0.06440230280613635 0.06440883433837263 0.9828361028233906 0.3453807494839449 0.5796491086557175 0.4093386345873543 0.6540644895064456 0.10258140285427053 0.8797512216097788 0.08394367846106487 0.9189831991182661 0.6962866636080528 0.7227370844572353 0.7427026809176622 0.21437698992705567 0.9895333978572183 0.8058188824137495 0.6127543460230641 0.7696780425378655 0.3686980999700936 0.6914177884373773 0.9090167463609083 0.6824036494227566 0.28374005173453387 0.24748825185999346 0.3403258290999326 0.4890650074126026 0.06522469317189827 0.6367166877651851 0.8650857905722436 0.9928466544577697 0.6187922530399 0.029183655175920586 0.2976275111334359 0.0660591721601016 0.824447878946849 0.07277091079518727 0.3674140947774872 0.9255272552781116 0.0741356846528346 0.15225588583247307 0.9664106283043269 0.4963248103534903 0.02159356261341605 0.17726791709336653 0.2132044688856526 0.6685066682231486
0.8127754378948948 0.037477852715866566 0.03579433517618902 0.004814765523682207 0.3704619937029857 0.670423664975419 0.799665758050336 0.6729841505318133 0.5433495541461264 0.5192474481997188 0.6107287171269313 0.5528497187892798 0.6576709535618955 0.6371012507479298 0.6746638101364157 0.8378824406749666 0.36364176982988083 0.6788529793080532 0.6810830775449983 0.07145411154137804 0.32611281014106086 0.5959216241087998 0.3730996025321547 0.9710984441173849 0.006537474892949757 0.03387907949976077 0.8642998251705124 0.8394930472983315 0.199618102956874 0.6682824473009504 0.4519603768464714 0.4919905682080863 0.9299121581778987 0.5969185855210101 0.1520027475227781 0.25901654232323434 0.9751756634366541 0.6181266448692182 0.004446450702918714 0.06880396156007129 0.327327880888414 0.42909256485701863 0.2609455329980125 0.019957733185875126 0.7987982693008718 0.1884023815071988 0.9942404521488347 0.045737526536433815 0.2574775959970679 0.9898357924783068 0.4988110961118386 0.04128937852887726 0.6341524682341727 0.7168620046009672 0.3786959043783431 0.3147215264813368 0.2366351788966753 0.00893459206987346 0.33308452117688725 0.537763224833335 0.317993722830093 0.9155384076954229 0.2725784156173622 0.547102819749078 0.9586500725131653 0.6765750263628131 0.16813086798679877 0.08607827847286664 0.2889523735602798 0.7298660448233774 0.9948210497514441 0.457096845812511 0.9198660323509765 0.19487762774975836 0.8605114255292506 0.6539000190441131 0.4016273388664061 0.6293587296808566 0.8929223316843353 0.9531170233197939 0.7842417232397684 0.7310263503930198 0.37714535240969027 0.2845632848588856 0.8067399852197749 0.6492800779891326 0.8392774446962926 0.43090079666632386 0.5500904145438019 0.4000577593384339 0.47613974164477546 0.9055413622219912 0.9080386207635424 0.08957184854440003 0.8214999806135888 0.610020536919359 0.8901275496750616 0.8745523563406917 0.7165473162639205 0.5010521130021881 0.023392580910157057 0.27267255565274784 0.7791241751265527 0.8597041859084629 0.7469314926011482 0.8341624190025978 0.9750653300816639 0.47993469783969156 0.33622417170833974 0.15519328195999738 0.03257431904557606 0.3479669434859497 0.9229907172788927 0.6386225074708154 0.3476169960307235 0.4129615043485385 0.25555301313157264 0.4510967133873046 0.5640938253347885 0.768274460220481 0.692864787682521 0.41212421638475927 0.5843395229349075 0.6225533071948621 0.6356055262990744 0.511945345093295 0.9630326429244865 0.9716932413581905 0.7655579411165608 0.7814813798815015 0.4476985770190419 0.11168784194042414 0.0278559543923943 0.5336445929810973 0.07450444332029116 0.9778986036067654 0.6344350566726015 0.7743335789518809 0.44539781258138 0.11145267280987792 0.5344581754412066 0.7074718411369333 0.10197032675544981 0.849171990242827 0.4133756967161256 0.6154284853747763 0.4049438632203234 0.6398285089722411 0.14472496649673627 0.5345576753974312 0.8365168220393606 0.4919729381670791 0.07812930010839447 0.27410055933463606 0.7109203028504587 0.46442990673534146 0.00846441294411282 0.40980517489187307 0.18563046534950778 0.9009940750168272 0.7642785264136905 0.9258710793276715 0.5096675569686921 0.4185923510244448 0.9613507160254174 0.4034650834730016 0.6456825185976135 0.9657346473432119 0.9194683747591106 0.059401998470856476 0.6712548795222433 0.9459524167204247 0.010959964677494494 0.08515550607809963 0.9339409209690972 0.5620376800523087 0.3217321344855866 0.6764256538581085 0.4726123310287156 0.4402557431630205 0.24436484214187315 0.1493077314539175 0.0024835765743526084 0.6629256884322071 0.5938221517079341 0.5460391350701371 0.40950913987903226 0.26926462737528856 0.47640016696759135 0.0478095333712093 0.5352453702831397 0.655714953283968 0.38673275211456115 0.8974357380000356 0.6903210347896485 0.5682996309723467 0.09338389145787707 0.7912091252618831 0.6911431946988283 0.3433711552543359
0.45746006976593945 0.05650536104586923 0.7387572529284806 0.10346368863981747 0.7968158749512165 0.16686593818368067 0.9006194793501617 0.16457931555880922 0.9821604350750844 0.23557822379836868 0.48295217558427717 0.39210570927530397 0.9580105953470612 0.7246823090710823 0.15590713108070076 0.6345432167968342 0.7771006309543615 0.8515574182133925 0.48369037192618003 0.18590161978162156 0.1551533674222798 0.6673126511792823 0.8160441826367621 0.7807449762708206 0.5510672914127616 0.015067399140544557 0.0416022736918541 0.45195270836732715 0.1794469852337729 0.4250611463716617 0.8809102367154021 0.6888552362704308 0.6086502223626657 0.919274403629026 0.01660993319885129 0.9541387277820479 0.42685523964773986 0.637020131298891 0.4878776910879664 0.7200093703209288 0.7031837669354121 0.5189075717759191 0.9786959394018067 0.6073502183333219 0.06420151042866995 0.8166178806013917 0.6821754032690006 0.3169166603378112 0.14465075833383512 0.17131968281998466 0.7192814814993878 0.20017323370727214 0.3640602087726269 0.029066092496899953 0.9680518133996097 0.6924449235642433 0.5238106991302871 0.25536496420392074 0.5845979121468928 0.2780867732375557 0.792860819278547 0.20127269318871444 0.8392425198887316 0.6168742040508334 0.1507347374330421 0.06352355837157331 0.855681429367963 0.16429904318592603 0.850125022820682 0.29516690277936597 0.9078273704945428 0.5007816308681233 0.7036111352642777 0.04729259212359216 0.7342487012326288 0.9586419067204679 0.6071050494713809 0.08278208478510118 0.4066420523765699 0.4578963767592533 0.40687871631034245 0.41233164627525054 0.7634094035061678 0.6079647630863231 0.5833719666238738 0.18202555286811195 0.17274956913527484 0.2316093669946253 0.2452225901167745 0.012376604680533365 0.17214398662810093 0.000130030593514463 0.515097233147811 0.21797271875240498 0.15225414523591962 0.8981458863618458 0.145241581343321 0.01952765191706285 0.4380387954584999 0.3857880396382105 0.963453771845197 0.8871024158452474 0.11025063142460212 0.7884154204872724 0.5377899623186769 0.30361079569563443 0.4776088093754436 0.2504477153448432 0.5240497003702498 0.5264362818411003 0.46938828004532585 0.8132356930504326 0.5625301604211698 0.42068864977609555 0.8047946954703661 0.8364755189353608 0.8610366166773394 0.11237942236304421 0.8237379306515901 0.5504760832263454 0.18046871285960386 0.8433842300541442 0.7801854703065186 0.22809407669262416 0.6409604116943329 0.8451485509194762 0.11910637986728134 0.9623901376811735 0.5707152060444011 0.9681438535778278 0.24489631590681482 0.7900703619252935 0.6718239226731234 0.7346721197433134 0.6960937935627037 0.6191836869261931 0.9877532775032069 0.6979472794685648 0.5618886278192045 0.05724057012541617 0.5967504109602877 0.204026582616047 0.6331257622068516 0.4942485038483474 0.5812947941403651 0.05729774959137224 0.872258986387709 0.486484602601305 0.18592343128054956 0.1930694776970382 0.11477482851391008 0.8755422524239448 0.9943226941063883 0.9486867844728951 0.5029099348157405 0.890593722533932 0.4452056054854302 0.7909106086970362 0.26155770113481425 0.12244797149681785 0.04589250021817404 0.4467247377116268 0.3799498082422039 0.05454855924372093 0.5414109165787092 0.3467859613133266 0.17810499263152024 0.5316394102845584 0.5906849706313303 0.3915318030853675 0.6523766567712188 0.02834042321235919 0.9558783862725588 0.11820237882929052 0.4970761836202219 0.8515584713351667 0.5215867238334113 0.40620266343372047 0.398332604348441 0.6479650756237215 0.40254197129002345 0.11022938924105863 0.2750914349063063 0.34230903482685293 0.8422973027374885 0.49603245797860296 0.7940888862084898 0.43621893036599535 0.02221521178864838 0.5118564397025646 0.4978754858212203 0.46851213133899017 0.6921206589327187 0.7033605871263373 0.6785790482775249 0.642235258697485 0.6484859733996309 0.9800716037012964 0.8705723188135348 0.6168612155330313
0.23012096663376258 0.1493494912062644 0.576647439617769 0.5126164801903446 0.9527473287405488 0.4906928882793751 0.7994302887344987 0.7296195444623331 0.6678447602243454 0.369954675809099 0.99270851937345 0.02753360177535824 0.7347832258481894 0.5748543782099338 0.5668059735647407 0.1560133940223004 0.33445094575673173 0.12320545429052487 0.23427936020674311 0.811914063768317 0.5871082858802729 0.037944892849433476 0.6196814782637433 0.6180835433034477 0.16906894501802305 0.8075234881803223 0.392231392051672 0.039391039450277665 0.714410411298342 0.5249886985396178 0.9281310212192792 0.7971384741011055 0.9743303342546101 0.4454275376749377 0.44920093466815625 0.5288347868130397 0.10409318324087191 0.703044704010031 0.8231096991660765 0.7581434242728375 0.3428168152868305 0.1361674656592501 0.7387047427326587 0.7211223052118333 0.1516508482825868 0.4999339101453347 0.44693098819694954 0.8460361657812082 0.3080914151477542 0.9248192775933037 0.9904861851781149 0.7717538236247453 0.7509952028481242 0.4823772121695934 0.09284043415161647 0.03392551074165784 0.6343674134657219 0.9351854169543794 0.9726698311278988 0.8543409735713522 0.9037110861136876 0.16494961483459436 0.08600137444959233 0.5523935080529425 0.22947528658613892 0.6242879363590634 0.8514125277605215 0.3446001573593901 0.8719147323442747 0.49162195460055014 0.4755771474497461 0.8044588966243721 0.9660264455511879 0.018562930395830346 0.013487965038728733 0.9485494889105914 0.8761209840765765 0.10982034661407969 0.6371478687379671 0.07630717922326691 0.44395255421951096 0.1784996209677996 0.4737816611065804 0.267673323131173 0.21802022065997384 0.04498824080932917 0.43736794598401496 0.5091800417479041 0.588192901106105 0.7285103149453566 0.6160311535968781 0.33107849611526097 0.2259463651526903 0.47584548392513737 0.7840406670863073 0.43877952250388974 0.08872559074517594 0.9720516641288358 0.18137182814439023 0.3495848426278071 0.5382014336430702 0.10708818438792156 0.13207413431889825 0.43487929056592844 0.8527082273569259 0.5931312952045309 0.4483685594396054 0.10713280939951741 0.12900974672048082 0.0758585958869199 0.8134921308800149 0.23562280454112283 0.4579990776548375 0.876996159836924 0.4072112124161581 0.8564718812226626 0.9559553931614178 0.31414752876586394 0.6027606372727043 0.0866463584444842 0.47835289381775037 0.21132635317365567 0.39124167435130186 0.7351610313477913 0.6007670519542999 0.2583835196128389 0.7284458449094153 0.8154512214630559 0.3674391992545394 0.39329653843622026 0.34815100173159486 0.2607524071708782 0.40886010313501797 0.31746851093603357 0.46784323311559806 0.4928231736326285 0.3335013562452467 0.05204169760408828 0.4154423858428128 0.46599691655578124 0.4734003502742763 0.10058115232507747 0.4846961463904764 0.492369639757809 0.5093733790925115 0.32229745568172496 0.38799191172605085 0.3554963446708318 0.1219816141937431 0.8622923044288329 0.5104787674067702 0.2819853242074978 0.2023105734385522 0.9022061490479067 0.8729961944260453 0.530059493698467 0.9636783854103312 0.7702061604624686 0.5607357075054356 0.8936105465342292 0.327097411693259 0.8686754784440941 0.5307762205907485 0.3313927790948623 0.5792359657916103 0.974437077386513 0.27715208218793996 0.3975848430414233 0.9127800246623998 0.10280600435204845 0.6755252333710051 0.23215369633940808 0.3470176454848203 0.39177643678522156 0.7844379342755351 0.3387868839649114 0.1267070983832409 0.10317987686537444 0.8478242627285814 0.49319365440960994 0.24813280645757607 0.5806331757377082 0.13478782808534828 0.009560601041427197 0.789696078921244 0.6750011259909086 0.5300351437769011 0.3590834003919743 0.38338122702898636 0.07462462098374578 0.8201833818081999 0.9515908722059637 0.4428432830233029 0.7530973363691768 0.4409452765521479 0.2621136160982881 0.9833869716136466 0.33446668435955007 0.8391145726846907 0.9686122201046203
0.6447484233380276 0.02962611017622696 0.6254722776715802 0.7106442715311495 0.35084284307574287 0.2417398146325357 0.5642824384395166 0.7544643924277058 0.002102512099227627 0.3268113893492113 0.6068756479762274 0.08466695277169523 0.8424232812666463 0.9082882129930183 0.795408969260991 0.5946721477348783 0.3193281648835363 0.7729416534609455 0.9905910264645147 0.2864378454225589 0.5988763631419608 0.0563629482086524 0.9322599424371547 0.13004835547130633 0.4191602807672927 0.3450932346700649 0.9345723898924003 0.9490075059994388 0.0728258042255504 0.9704447160181755 0.25699234515203684 0.5093624768924496 0.8991231225057152 0.14052564184679095 0.2786766119800048 0.6788957663975941 0.8029733838859692 0.8873611617000442 0.6732298155092267 0.8588620165320037 0.8821825549150333 0.9406416435619143 0.7408352525496054 0.5475424854335512 0.3186251405046898 0.16055137395304053 0.40971435991633 0.8301731746017319 0.7124504557358406 0.5537306812027305 0.6654851082484875 0.5540578095151416 0.09310331796590787 0.12456835601269889 0.5024210313256368 0.29253107644392573 0.4065766960007764 0.5276222494209722 0.08649446221637735 0.14456203165801162 0.10881773142222328 0.7187682925909548 0.13628392137645373 0.8595247439041226 0.5395349202647257 0.8357400027051697 0.9549234480020595 0.17035322239846773 0.26438539232724445 0.8398160595152062 0.1062928640617643 0.23390655321547127 0.23412487809965377 0.7432081132212148 0.35147604240369046 0.13949812219284075 0.7516249628883702 0.21516235540038064 0.9728400695127135 0.4328247021848167 0.837902088704871 0.5871048904675111 0.8425691553014925 0.4207082323907383 0.38731770562125334 0.6380168310973561 0.09499501360009988 0.5913706587298839 0.9760976614914816 0.8657337490607105 0.552486229753726 0.883395915915977 0.9651602487272976 0.6164211991517913 0.6385202617985823 0.5891994764519022 0.7640871662859324 0.4527381987671788 0.09814640155524634 0.13268950851063865 0.3187014295255348 0.12253331164916792 0.15585385614560365 0.34657318816319027 0.2655684060627671 0.7963392735571734 0.11600146514593535 0.1589727845935609 0.13275472416162604 0.8436816209792655 0.8987183770052527 0.9651584709807638 0.7835951646200762 0.9918008716732004 0.25996901600143985 0.47555746995023485 0.608764503384055 0.061472299616274206 0.8611927279926435 0.1787849207867913 0.2380849069372527 0.8191127210205797 0.18463458913480046 0.13763393718738726 0.3335834164288781 0.70972411283252 0.10231075445528481 0.6048991396266495 0.17988697532232856 0.5180335782164228 0.7590494171992574 0.1100431923294396 0.19154621017762863 0.6915148239174733 0.27683742651166676 0.5824963061894968 0.9544520428956721 0.28655090260951976 0.8576560376965627 0.7212216752169323 0.5864118286024901 0.860120732045731 0.19577377613266578 0.6362817803769342 0.4849399856285067 0.10026528186496175 0.5255080844314765 0.024220383104433196 0.8415564864789666 0.616894806187302 0.9795721371877718 0.650691559322179 0.03252611858128329 0.7723827629378776 0.3292149590773432 0.7623288961185708 0.07050986246822977 0.7824240299420248 0.8182403030917061 0.49101343883353066 0.2978470410888333 0.3468234837127758 0.8910336470540884 0.17912863723418582 0.2729017218200569 0.6628646230774359 0.5432606505647015 0.24083198146390783 0.3896721006483055 0.017445609244593818 0.9887500392193302 0.04613916561583087 0.7235085724001179 0.19326038751049512 0.8714342108164591 0.18804519415424292 0.31842535304617003 0.35172470279354284 0.4682358216307714 0.6480750199921265 0.7871023640236706 0.38502566870834276 0.8902790596390749 0.2015904451431787 0.18372664951012974 0.9411859789906262 0.2738294952849475 0.9015014392185497 0.3917043968543362 0.5097081908697839 0.6451697297472214 0.20199169874265144 0.0625296213089791 0.618074167813515 0.02335291893879654 0.003835414723195374 0.027348082187950484 0.5413337312152883 0.687045809589964 0.34328053197831954
0.1936789627067096 0.11008220778938216 0.9203375080585023 0.18221041991925413 0.21343434645047532 0.7694501706167253 0.15717154159724878 0.9922238409256133 0.5644556992629208 0.26546940471115676 0.5991711163186888 0.7386898567083697 0.33389225152012225 0.6066067801958367 0.8335138610761205 0.08491817318140771 0.36557436411006716 0.29375249759909616 0.12972332554776844 0.587392396250961 0.7294161372039963 0.84876780743092 0.695622088315314 0.0643174835446132 0.4641655786023371 0.9600552053375354 0.9302727891886208 0.729330929418862 0.6248030902810539 0.4029563977799152 0.08198712226853855 0.7098999393301898 0.947283728873996 0.41680148460701616 0.8702981232512134 0.19569090421839974 0.9942889210802425 0.629284475332006 0.6631441540307091 0.18386728109016814 0.8644215434095903 0.006614927034433449 0.018999040045883597 0.8060045465400134 0.3451184581080434 0.05077960891549693 0.8974712242042621 0.6872489225559572 0.5897481203126707 0.3334220986210942 0.8653296324945383 0.11711170514384261 0.1684629636118371 0.29863018576581113 0.6708870786469675 0.6780075454102372 0.983786891229281 0.8213927287792507 0.4985732183202939 0.461342023636386 0.3125358692460173 0.19353698073523062 0.9159494741345439 0.030879030830946452 0.3227649589506608 0.5673013905916204 0.3867963216048761 0.05918837268996646 0.4034837405174311 0.019199971072286104 0.4490402718752027 0.5373830912157279 0.6714051738267272 0.1228510150758787 0.7432418815633344 0.727514312744823 0.9593641676272487 0.04025297357371538 0.32500166832084243 0.7412816813167171 0.11783237764375465 0.43568184711383995 0.8367848667493855 0.8242477925963495 0.9251352020689106 0.2282857220136889 0.5350298660437472 0.9753093790018661 0.7038758861825677 0.34344306862195095 0.13333966713877377 0.17281168751427056 0.18527952125175662 0.6290072984623712 0.03952965763115601 0.43476314775282054 0.8439706116824952 0.6557507830774782 0.4390625696661812 0.5663669782008356 0.12671011769632856 0.9083218584263735 0.23859461779601088 0.5219185268610661 0.35104138402733776 0.8667929222971299 0.5207680397798204 0.9679944248750065 0.08620399612497986 0.988556770458545 0.3332965989516108 0.02380257383777795 0.22123561703617178 0.6331256553631811 0.6243774393360211 0.1578617675731242 0.26634769627493415 0.4350522012162018 0.9941949069183287 0.7893841103238468 0.6419894715108009 0.6810929843398249 0.33468479788215477 0.4872685341476888 0.5347331590613148 0.39677452112516 0.8521295534481929 0.7853878837578073 0.1625796601110786 0.6986313526989768 0.9954321786801764 0.5587109241442482 0.41675406537930537 0.7491092404669557 0.7135634223394635 0.9554742787859452 0.07634940456482064 0.9288887936923833 0.49482001508116213 0.9043091645708203 0.8925530429156587 0.45041706451830343 0.09134973128843604 0.47578598472602196 0.6809808487348616 0.6386740926666858 0.9993687277061429 0.5310727650602567 0.24377964866361046 0.7546412350057621 0.5279253880280212 0.12522475844299907 0.3508692967962128 0.5663456311697078 0.14995379419246657 0.04826236982621901 0.7922902809210631 0.6161324869748177 0.3663317473337553 0.14303826337973036 0.4370745649174459 0.8788431206387848 0.33583554341592536 0.9258661825568425 0.28715848880751804 0.057926693337323365 0.09180900176272655 0.429799462556554 0.023054152673296024 0.3540376334216738 0.42193197172619645 0.31738884590811345 0.7400178111833827 0.341887225189191 0.12282792414034827 0.6166397377321021 0.7749116193220672 0.3284289359834276 0.9629031749633905 0.675489750325062 0.584422973442859 0.9509128238275389 0.7258494861184839 0.7450596341512865 0.30258384365546453 0.8765394135879816 0.46695676003149467 0.9724341375306434 0.3086478473920651 0.08030996259817902 0.9066241017020622 0.4417934760902371 0.5184005046570255 0.2295391993325573 0.23788681698909486 0.4021502823492509 0.3062816820256261 0.7727226090555525 0.4646473358361549 0.4862188140466538
0.8460284730044798 0.03142819620706816 0.04370030424867488 0.40617232841825734 0.26937615903640566 0.5314199100383022 0.005942689641430077 0.2599489381820581 0.2149528563993488 0.8480880393261595 0.956777253268064 0.669032075297701 0.5267420514448595 0.8237591617387074 0.7973762627617432 0.857101186446754 0.8825363313874143 0.7197354670569241 0.4182665886655672 0.1831650765761631 0.5751799576464699 0.27812261735848787 0.5292632672942416 0.7156180861558976 0.994819170499258 0.9884064910472096 0.6377782548680133 0.8765186853360941 0.9660021895962656 0.3059888822546809 0.9755614526762861 0.13961415476980021 0.26602220284999 0.5056207954511361 0.033345598264172605 0.3106638497846178 0.5004620610304716 0.22772131566720955 0.1758676702411237 0.5804931434097675 0.8599208104033282 0.5931284165127992 0.46484121680796286 0.8355988756701154 0.21437750276284562 0.5573412862897662 0.17147875034537885 0.07845606529531202 0.8042905360111613 0.1422915378800651 0.2951071495062 0.4679356965827899 0.22585295399626837 0.1844255513198615 0.6432439413975948 0.9698582036452746 0.7751608802063117 0.7317978029382797 0.5228144009993011 0.3529586765255316 0.09254011344173418 0.7448396391029445 0.6273927540562996 0.4904314889230973 0.7214387540423681 0.7962796719699041 0.38085786205201566 0.3267438893927449 0.010774938651531785 0.35202071114252187 0.2899746924028652 0.8276382510871074 0.5287769740326237 0.7723017157166367 0.14740876203625652 0.47235581322342945 0.6318932417385732 0.8623070157972278 0.5704954828325264 0.4744769058361761 0.7461622996953229 0.7193589337810179 0.665507848794064 0.3787022991676784 0.4879073350128672 0.5175494288554431 0.8378199406383798 0.5789386857082325 0.537014663156125 0.2677961796518379 0.9670141725108041 0.4281862541492706 0.07129104945164566 0.3487026210806221 0.47717961594283986 0.4795893119196287 0.38589088667900195 0.15831223142090856 0.7422747641187192 0.6634971392441146 0.9094319663252834 0.17327738126489656 0.15917201779857126 0.708141454489883 0.5594362710855549 0.8815244008264338 0.7370019924280993 0.9344388360450824 0.8817018174044245 0.350081393227327 0.48467829076749736 0.2639041822387702 0.8197651200246492 0.1824353779433625 0.8821465554890161 0.14037914885208902 0.44628428679490595 0.5670015062004301 0.3595558937163378 0.41946147251585675 0.8412108903228595 0.2072992816455067 0.17352109304171237 0.3314012583354904 0.10948492789919773 0.4147272339144389 0.6073371595437307 0.9083898819559117 0.2833196453085659 0.8176459982736423 0.3628511899255381 0.8722170559485635 0.8842641534455762 0.42386966753999933 0.7718669777318055 0.5527084963255663 0.5071517957599768 0.7588410148643717 0.862441571859592 0.5255256276538234 0.7592353339172205 0.3456444835421435 0.8501334812166107 0.5071089667463233 0.25415182604342 0.2873755815028025 0.9274314062148367 0.8628082687266053 0.21499631576050682 0.9102745728197877 0.26855803529383293 0.5386356908465474 0.20478569617750775 0.020814610219760943 0.5876632761233043 0.11037905439556561 0.9728416730642442 0.7275707939435802 0.5588736127444948 0.09953164153501193 0.24224099250733544 0.09424909533781001 0.2555065872317269 0.8986999200737298 0.7960172613219396 0.31496091918682145 0.5378405258485719 0.30861642284384594 0.3956147363486878 0.42403726877792247 0.22665602778385796 0.44008164272868644 0.46846890042216116 0.39406154766248946 0.4791998651141611 0.8005570152771425 0.748830782469646 0.3317656794689421 0.6601481619146453 0.6193256096075078 0.8716661275619858 0.03504599724551305 0.9870518984139481 0.5733322342287912 0.07879644801095043 0.739459848028407 0.477098818741336 0.7956518205751335 0.9192912421748782 0.7615082271363229 0.7956632517572396 0.9556920875962976 0.13492616700861304 0.90164174618404 0.9296296783201736 0.1663461213106081 0.5099655893323236 0.6143557905900421 0.3384947434473069 0.5329228757784618
0.7106507893523585 0.0016360005439126635 0.265446460269685 0.46531778028933624 0.5612373357869956 0.8102889121355233 0.14203160747739718 0.5997508697679386 0.6381680216625524 0.054664065007959284 0.08502906583132541 0.8984126961942239 0.05791472478951121 0.9206604061027696 0.15169652605018147 0.298687289705733 0.24636500999379796 0.865322092437446 0.29982927005202786 0.739020397788132 0.852153880607352 0.6889464131641546 0.29865908506163963 0.7967012583040793 0.13327380426188018 0.8080127282167451 0.32352699918568273 0.2710918331696981 0.31044899001126647 0.4388166264204738 0.6400056620014766 0.1468262183300416 0.6410187606439206 0.7361811280932637 0.3320487566160958 0.6257172771857629 0.10795735798989103 0.7158423946901749 0.24973451350504494 0.10129443251504722 0.28848947698559146 0.21117692065312665 0.18673929826411195 0.14799011333366618 0.33588086122828054 0.8222626051886027 0.4333966777676469 0.9999152445480922 0.8603706227182408 0.10693324896731948 0.2681202354605493 0.840165912165965 0.759410109311775 0.08308957079091339 0.3098921142606462 0.7055170456864566 0.23196595778215945 0.7215449795402942 0.034000871529663135 0.3957632389940371 0.5923860793602174 0.6969351678031596 0.7014962111290514 0.6141378298702839 0.83405560617097 0.8209741287645017 0.5204103798611063 0.5327164984941704 0.7656514559161774 0.41634530693961913 0.32181129226115035 0.01602421781957264 0.7930286395366172 0.947795462378414 0.9597805284851996 0.7523811356222747 0.28744248121578897 0.28381371682943113 0.49550619127142637 0.43616074811847494 0.42084537059768057 0.5744072477987209 0.26855981617462155 0.12410373674305564 0.0997914374759129 0.016817706030477053 0.7179970750810944 0.28129965461934325 0.07301174301679592 0.25310670788469014 0.48284850857212214 0.2022545859146806 0.7006866288130541 0.7848558373353566 0.9932217958059217 0.20990078886518715 0.9835400970275787 0.15945892210112877 0.8735903236683819 0.7719418959334438 0.3002017300909253 0.36550257614372617 0.3322626241314718 0.08990143314011334 0.3958606870597202 0.06550151984495034 0.898221143401067 0.8475746870921134 0.32784316353803544 0.6834948898958962 0.5018819142507566 0.4798518891096535 0.4908270162043219 0.06930597026514584 0.3976243596695027 0.40619011760009593 0.7790266454675893 0.030633627287481757 0.19974804048382955 0.21199256652495502 0.30257378223992537 0.5740777038744171 0.7924248678938086 0.9236185466488951 0.858974635157525 0.5627401577809392 0.9905773880527107 0.34990672911847054 0.8994734128922423 0.5855575392822665 0.35561624402043523 0.8357271440143162 0.9158002192508782 0.2484643490624051 0.36390608769628763 0.0017809675142064219 0.8353484908552989 0.9173050325695116 0.4432477785751854 0.5770809351510338 0.8001791827649389 0.5381321146311292 0.7452796048943918 0.5641905469305207 0.7224977391371218 0.48674881460597463 0.8598405084424938 0.8526826683750865 0.07146911759602337 0.862495827172762 0.0485779533306272 0.6013659725812511 0.05193223368519839 0.9634160078160954 0.19372440593393403 0.3588162457870614 0.39424922980678867 0.9166426495355998 0.0887821428935529 0.1858089070797545 0.4191462187344297 0.23439601724148662 0.9932884186697335 0.6113427235226674 0.865681595601303 0.7816450847866706 0.9657975690031497 0.11951215323795528 0.9807317474670589 0.17256697990535996 0.4457442551799746 0.3192639770835234 0.5984676415016187 0.9674030906446281 0.9921665330945401 0.9075273754857502 0.3176773293106846 0.6968053469940557 0.6976002391884292 0.4029229532864316 0.9031035210179743 0.1995238538754195 0.08899720170754666 0.2993198979889954 0.3997179014119794 0.840174241946312 0.7291116286140941 0.8979427754290263 0.8375859076385045 0.2769884075809711 0.7982546524041073 0.35053045459572774 0.9019277495609881 0.15392198119437106 0.8924139342509616 0.02143462759961212 0.20418289157849445 0.8337674294016443 0.6236558621536401 0.22844384925490469
0.6284584956895183 0.5239860518986359 0.6245885264185624 0.5923749215084568 0.6232483917146059 0.8754640029605197 0.4261585439497887 0.2510310569942794 0.39821436086031925 0.6696445556753813 0.5041777738700561 0.936195586920343 0.12964350184787776 0.180581361538659 0.5340142353178062 0.8212968840449104 0.14973603895210708 0.3041182174165692 0.7829614824433352 0.964395585495037 0.3865757549313825 0.8532546731746348 0.7783293851971907 0.4568063003251406 0.27865704453367224 0.01166698072594663 0.6983585582962942 0.7572517489893223 0.5900720282459984 0.6358406989642352 0.4659891138388582 0.8066754629075954 0.4987458521462147 0.7277041089505208 0.8974630159466471 0.3987450200386944 0.28753327594910394 0.4866243965915563 0.05764250864750409 0.7656639668013604 0.3661201755925587 0.8503843344658041 0.18237836919968398 0.9423706120478685 0.4996140846773285 0.6659034234382332 0.6993783273820318 0.7962449461989602 0.47150801664607067 0.9260076970792291 0.4287781743974338 0.3663315067742231 0.25810021621969614 0.39442417644838534 0.11035290801087727 0.9491256275320756 0.5915313166685404 0.6153811602215823 0.2720911337334768 0.26628270862882764 0.6079591895297805 0.002370420492235903 0.2965936112564014 0.41133755661621374 0.8117690124889843 0.4045809795339649 0.8615497498531683 0.33612568216416994 0.8051555715390539 0.7598607360085277 0.6168632162398561 0.7678226561886827 0.3059068414267888 0.2764140530149741 0.21742773193074627 0.365128679218227 0.5279709172617593 0.3768547238880272 0.11950091809488184 0.27232454904141945 0.26573055715723026 0.0854126244719925 0.29045488110705575 0.4117100584934744 0.7813356598251433 0.6060605483944786 0.8148787935394033 0.8796005098473721 0.22602589437990828 0.467990044226001 0.15955953526226552 0.5838859078761989 0.2506520940432214 0.21599181770863995 0.2970928865934458 0.02388121858033332 0.3967213027268991 0.20893032677393153 0.5875140690065709 0.49157596031577433 0.6383930872199645 0.2490855202257365 0.5215784660930691 0.8620631890808292 0.05990964117144171 0.9994909824233332 0.053918585465722146 0.8958861966350923 0.776339351313064 0.8164794950161787 0.5040637347548155 0.9775019495058908 0.9664839585878718 0.012087114513148145 0.3823976713449473 0.6475919169824947 0.21470248635737155 0.504968729462311 0.6094504093534522 0.41979370423723517 0.6648419444925584 0.2875474219429549 0.2717373818218095 0.08890883433577712 0.09112910471223545 0.7235404811531918 0.7708607785077437 0.8940866338701504 0.8450224090800593 0.5928197337149497 0.4476064949388031 0.08098154974346183 0.2737637924156878 0.4156998875278304 0.1175874817813587 0.895405880157474 0.0033953553509897816 0.08097024948682374 0.5160388466841747 0.05627132023884729 0.7705385708960928 0.9328291136266734 0.3600351612854791 0.44415221085971923 0.476903062462536 0.14897595911320316 0.060201478311775136 0.5669862630480598 0.43580948405769193 0.5860652756474043 0.6417581261289976 0.9472921258907884 0.20843038907173272 0.013556252330657492 0.6667920742611623 0.5628650815842346 0.7857468135004327 0.6343400151332661 0.24940852569021132 0.9900909128788254 0.7570842826943865 0.9955198941974638 0.852343302899698 0.9725795081431498 0.7355025079263421 0.4307184727200667 0.03951997322239442 0.1627393322687417 0.8364657001882536 0.23779186228203042 0.6630440035106521 0.3948812662970729 0.49349287719856416 0.5006004615212409 0.8311092332385547 0.4236106357082141 0.8186570780738923 0.14603602685213612 0.9430755302538267 0.20104755924951112 0.2278157168984829 0.8022801288645713 0.07412219295625189 0.3532452988367025 0.5585195892278007 0.8610085083089567 0.612056007163919 0.4579031737366166 0.9544488973160821 0.5716984387364463 0.8543956784867163 0.6204063838581202 0.5055952370049428 0.5660883949873674 0.6770309937731126 0.42795508168827223 0.4760963739173203 0.3674304356387029 0.35944916351434164 0.5827526101344459
0.041755193162187676 0.1816808932629156 0.5620249313967332 0.9869468331136483 0.5318298561248933 0.24841783253011862 0.5986557744748447 0.5267276636195946 0.1146820805397617 0.46939138354815146 0.4143212834879544 0.14770928146291407 0.6902647518102153 0.4090347426859027 0.05208936239003381 0.46045490013545287 0.9427723219607559 0.3610312594417392 0.6532504330819536 0.5142046297411103 0.6491359766344021 0.5496582807982102 0.4145126719395005 0.934455168544973 0.6298014458065077 0.8134501057289888 0.013007486501895649 0.33174351034241933 0.826174799841406 0.41379009556030333 0.05891187436041678 0.030914471194994908 0.8143980406000881 0.5430196558121821 0.6133586863821205 0.5248024807312451 0.4171383548375691 0.4418389570456164 0.19363441213766353 0.2598448379442515 0.9293871191141111 0.8791899647089197 0.5342516106473274 0.3864967704647939 0.9465218510090551 0.6835103666735513 0.48053237443778885 0.6674545828488159 0.26577538296819647 0.9260000016500629 0.7293096715111581 0.9354790300781362 0.7670046112687597 0.1908799570092211 0.32970195472117647 0.8204682671796995 0.10137219408438458 0.12851012857162047 0.9472465176433674 0.3458523064604848 0.9896047142411893 0.05328214540024245 0.20111677481677437 0.9335834164081258 0.774998086573973 0.3607108853517813 0.9809561542739066 0.9238304391739711 0.9518386196464179 0.055687285555831245 0.8430718126854864 0.945102629452925 0.888133544054949 0.6499468585932323 0.491220499447257 0.9388084773801612 0.47352664534274347 0.6122736128173714 0.29911156477154166 0.8264176312718211 0.4339482251421266 0.6631959479557106 0.12463043538124441 0.38728375592006814 0.9237474988239712 0.03683067111043259 0.8793045599030962 0.2705847868633393 0.28955343227326247 0.5230309278466336 0.2832829549656056 0.3345219732889213 0.1007772196101332 0.43176749718660423 0.8292643851535412 0.5821734662005484 0.0865241038574378 0.8316744591797015 0.9959033549395412 0.22794101451374083 0.090828813148638 0.9654292026681982 0.6802012919520637 0.6843153730660111 0.6432724709828577 0.4186247973134597 0.9065531142763694 0.3914058663772527 0.36241209635930427 0.07238930088324858 0.1807380182939532 0.6139250054252159 0.04306993496478495 0.9753636627796679 0.15227857450372617 0.30256277596036085 0.03847629792557039 0.5612538985494134 0.2096352244054246 0.559629956089415 0.628880111011558 0.5802232148631076 0.061908420533235975 0.5281987040740973 0.07822587102347678 0.2566712085677689 0.02529314032351848 0.4153030441195844 0.037471469330599416 0.5504987837557703 0.7587306358718887 0.971298301423071 0.22883470149816065 0.20676729929345117 0.9878541319331995 0.696113137857481 0.9108509086447003 0.7969522397500454 0.47518187059507244 0.046992712608598275 0.6951992678113897 0.4769972024895295 0.4273925150209369 0.33730322326248174 0.8996906197304517 0.03742193042103159 0.02070528779534475 0.3989370754227751 0.6861714744852307 0.587867415598543 0.2969081866042217 0.32078693170101835 0.4837279483941552 0.9736605066071498 0.3288472725504943 0.4343077653451335 0.2911531609391146 0.18886267613301388 0.7912191995509809 0.028234088454858863 0.218784525712849 0.9030450911779302 0.941821120851618 0.15123117707697686 0.7004604135016725 0.9670998560108232 0.1618265467293708 0.08888160382621657 0.66762085752595 0.4309894669699522 0.030147443053238465 0.38989558861441376 0.5237018266200221 0.20256057911026737 0.10435363915999563 0.6720413208166955 0.47197160616625 0.16689944839895066 0.5380030166028722 0.7759219244800566 0.8223739483320581 0.013809986950286235 0.08287753045964241 0.7293941124413088 0.4999665189069381 0.9871810884997416 0.2156130325284784 0.581503130259605 0.9212063621981107 0.9391033058869568 0.20124110698287445 0.13238549456839077 0.7884336754390712 0.030696642144857123 0.05027111257127226 0.6332279412562631 0.1802318581197273 0.10107871066180263 0.4766118726408426 0.11429769467222184
0.04729089406569764 0.9957008713341278 0.10340823605125637 0.1556063524236314 0.28303410126575523 0.7389553301900896 0.7724115296122941 0.14798993569524765 0.7750800061083669 0.6397895955594266 0.9962286014385614 0.13076995533579927 0.8725904582312912 0.8925150160923592 0.3704587393044606 0.6300462738584247 0.34810351408085505 0.4238865720400632 0.32306580062597 0.6703945350628233 0.9125048834304819 0.9330789469990101 0.4467246391810411 0.7682358590494544 0.9366498761668306 0.2118692882437606 0.4970725379019032 0.6083073584517316 0.17824467267738187 0.07879891922916926 0.05277627127795648 0.11805441695922436 0.9793659669055632 0.8767092092964964 0.5380633857283453 0.8941454127702563 0.36417460736038676 0.9787350163128665 0.4279729839560231 0.5946737843063025 0.19843574371683348 0.02645513853593051 0.9771218155095078 0.47623141494157595 0.36510305480209326 0.6370401001943793 0.974030658983811 0.08376292347710446 0.3039646888774211 0.3630429834005413 0.10083837627273107 0.07564452349083928 0.6953283456266017 0.4266433484408281 0.18605757793590638 0.09631942481600841 0.48237482013323507 0.8016464709526947 0.19661516049554828 0.9259605164065068 0.6604517750786947 0.7488248424269521 0.8077764590730553 0.7595238288893299 0.4920489846217736 0.6127573253948184 0.5760263017558055 0.829910607894375 0.44813290903795 0.7875387956150041 0.37391941893645997 0.5034959430275548 0.23375417473105475 0.31207043094816966 0.4081218657871357 0.9536833110553623 0.9118081672271908 0.6745964448372339 0.9501304000438687 0.36510127376242607 0.8114725683336548 0.7205573740122446 0.20744166801838937 0.6816335585869192 0.5464888011859262 0.2956889845009609 0.26400502510218504 0.46389328044314926 0.3116451481814132 0.3982927683996149 0.6495301454719095 0.5467862695802789 0.6399896330728934 0.9256387786586802 0.6360739127318532 0.5452241287525766 0.06083909684528499 0.5089082760871221 0.3959313420409847 0.35370854319387934 0.39475044795801917 0.25458080467661803 0.2016902197627256 0.710836298029772 0.16639376186731725 0.7085173136511037 0.48242899297417174 0.6426687744406365 0.8053314564084283 0.5304733532334169 0.7284462401344534 0.9974337261817743 0.32256507695147163 0.32775262212285805 0.757290696225742 0.43962340699815294 0.3263841783495064 0.4768872312825455 0.8010112687022762 0.9988702449527985 0.9527075517784908 0.02450887089153908 0.5580809503683121 0.1408185345907904 0.5860806226141206 0.024421193554333254 0.4376790069014903 0.5431281092445934 0.5832390324248979 0.5777446502858051 0.6943204616872374 0.824874383198589 0.7778776394321677 0.59102045471615 0.5634866957243297 0.24301493500488103 0.08163462906395724 0.30350485375730984 0.6979198924956403 0.9578184833486955 0.007872993021525554 0.7154381191691157 0.746795239946706 0.09900005624067154 0.4583060673904219 0.7681199607741569 0.30070560254725553 0.022771097359083337 0.8110259066414948 0.8973826544002689 0.5818871661984096 0.6908774484890988 0.7738393650116092 0.8560988050144377 0.02446373494307097 0.8802556438930329 0.452642113800931 0.6296812305109977 0.2285516325495407 0.39658283094431634 0.8938279276699059 0.10001383878386427 0.9292350730823287 0.5504980299205978 0.002412826436360316 0.5458007894486495 0.1511237211919798 0.1136786390391199 0.8009032094997495 0.25224535027746775 0.08530450663732891 0.48399404843174865 0.9406355461361385 0.11511795348598142 0.5777366785426042 0.9333067155047012 0.7264815518571565 0.7239990115615936 0.9156859735490109 0.8711288538391371 0.014755053384196026 0.9390473386359903 0.4304710883826812 0.6398312760582399 0.48824761620153456 0.7493744473428512 0.6123897799001333 0.48802703435081285 0.4851595378387169 0.5123100355052561 0.38222152782735996 0.6117226692176945 0.8840259470449006 0.40058820533698536 0.09664515745950164 0.3837029385115772 0.6005899178166362 0.5133778912576887 0.583047907780245 0.7151545841975329
0.9620714036153211 0.13269137264730113 0.28784776857174066 0.5998373194021669 0.793086929645761 0.3021890972213661 0.02356561889676867 0.17051401221718798 0.4344062201279507 0.17851244528847454 0.018944520516273045 0.989657270309733 0.4861668120479473 0.8391841204708523 0.22718180845229974 0.9426555405302937 0.15648115749660985 0.8678306652038126 0.8815735134143594 0.763954672181366 0.8999012905369216 0.22108797691648097 0.7815994782087559 0.07574858414823593 0.24818617302552992 0.8343127797733223 0.2664296401254582 0.4601568411749696 0.40717984040429567 0.10453821167579902 0.692176892736498 0.5213592518555877 0.9110614760461082 0.4870568492858195 0.7679772489599486 0.47433512342612194 0.20727621987534472 0.7103855127849118 0.4443170895076516 0.7617837761738934 0.47338170041335903 0.4788773273547009 0.2649444504910595 0.6642498859401688 0.9250419700651634 0.9913428054235933 0.1448143890427337 0.6204790728116228 0.15249645381194554 0.49361675044744746 0.8342178464444155 0.7708912924556869 0.34658539194812166 0.32237514400658984 0.6260002972731994 0.8459957270636209 0.3939074131252135 0.8306784428445125 0.4263840939438658 0.8386095682418133 0.792446338934974 0.7115779696227759 0.5335594036502105 0.6519504053000325 0.7974566229508575 0.5078316840583806 0.5313187193721569 0.9486386394320708 0.49077855237892654 0.04047850927116359 0.22181548085130398 0.7810630487811245 0.03806710555351045 0.6884432983219337 0.538591943855474 0.5884155039678551 0.5141133011121295 0.43246951731493743 0.6648139860983279 0.4833920549985774 0.5713070775758011 0.44658297686120196 0.9534950731243573 0.8381086855084331 0.6667617948484702 0.4362789059293275 0.20425438357251868 0.007860856222172918 0.38458626569345333 0.4269135957778134 0.005226798194193583 0.9236558864741239 0.15651356130437732 0.279104784094801 0.5583246879623781 0.4451780328243121 0.9735171005448086 0.3525921661675129 0.1194146433662513 0.969618068034885 0.5279023069470626 0.023525627697093765 0.26906074360353527 0.544139068676954 0.32279740625226705 0.760221732820246 0.8215573215290101 0.47362791623288214 0.41937107186410616 0.3934490006183595 0.0586688002267417 0.4770451070273556 0.5897746339898161 0.45920078898756533 0.89668102664358 0.5652605655917409 0.04810080449784582 0.3515573553632918 0.9148162692611949 0.5265299783871067 0.5833113944017405 0.21711759276477094 0.08239526725555069 0.24332176055689347 0.18884479075677196 0.2842412675962831 0.290687366739972 0.7191771172953703 0.7171384012565716 0.45475093164807 0.40289384854498 0.7613828109376405 0.3500095480567811 0.772835743490217 0.08055056122216364 0.24152864780855332 0.712051941952665 0.20682041382840544 0.7733139958079637 0.061026097868395524 0.771053794044212 0.9292028292078333 0.3532533088301645 0.9797224359103454 0.11802107400971051 0.4874083653530201 0.030779305236906307 0.21348714469695584 0.29905507412868004 0.26439711820216993 0.5765561603137359 0.1442578065777913 0.16938683371716245 0.992383171383321 0.753295414852927 0.4828301877947322 0.0072347169816203705 0.6040834401652059 0.22958771866305028 0.10240392699188328 0.35529943594971825 0.911883336791421 0.4748841490787653 0.7634156800132008 0.7699073407711418 0.2007384983899263 0.925132563524309 0.44362583495526386 0.9977023067705856 0.6557349560051763 0.4138911795280863 0.28034369521469105 0.49501258225494715 0.4573955174372827 0.6383147017525483 0.5656741770664314 0.2802455545656499 0.48727978897164426 0.6960593562917259 0.5179237175979966 0.13541244295233268 0.3831795715563643 0.7539565984896559 0.0854572930508537 0.5971266888758053 0.623236729206434 0.45488769007968066 0.27609883131343615 0.8091667569290231 0.8566079048373207 0.35392835898261454 0.14639055829652103 0.5667634696358897 0.8961786233860062 0.8663911718756048 0.5234850230138042 0.7660523614333661 0.5725226407495912 0.4959903433673255 0.6924147074781559
0.0038755867707851444 0.6197944930726135 0.4164076852783355 0.503889955989578 0.8897919945693681 0.035659107777644805 0.881291673623689 0.10498021862163731 0.13891336190399595 0.879089678289314 0.8237112741163763 0.8818020306098558 0.9095827341484897 0.30225912163227553 0.06347102849361519 0.9832950090913442 0.20565990367703857 0.6845065876193898 0.07850201800824441 0.8481570371962331 0.7498769136202192 0.18594000032270497 0.8274302181755652 0.35950737844387715 0.051894271361743516 0.8932356259033363 0.2387401265277317 0.6934293382696162 0.34457924270254403 0.025045230354852066 0.3230584751733694 0.13668717510302786 0.22853998448385004 0.9980694785030287 0.2299053936098009 0.36241053877659535 0.33538851117003143 0.4529982965816237 0.3497170542420329 0.548525965753685 0.40473713110082143 0.18192801978798323 0.023824597804800063 0.46840331851089045 0.014133569413441238 0.7010299432840353 0.09795584048391681 0.04132275220968318 0.08499870936960141 0.6299199391351693 0.8612928661517708 0.3852074158713541 0.2086219060990805 0.5953975426499379 0.9700959405259266 0.45917450920014 0.5553574748548108 0.41227610526931935 0.1245992825655654 0.2817926196791233 0.8718739774827614 0.023098737698567073 0.48941177190181984 0.01479110232032066 0.7190163873228097 0.950082695347045 0.8324283051887797 0.7598756053171478 0.782470691940334 0.8754922143681136 0.5570578023630183 0.6636456860509035 0.6722626658228156 0.32434173115713216 0.6036453861306932 0.07779010299341627 0.7228924344687638 0.4562028705006177 0.7123863545563861 0.24505076513706792 0.46883654194813396 0.48344063037739016 0.2420835365766969 0.5635010477122923 0.7798759899750378 0.4831737100481731 0.2581653992398284 0.9562892682690163 0.20673611033104677 0.8840925902319963 0.4593440709639657 0.3838020970039977 0.13497589715949665 0.4103472197171276 0.15394364962666152 0.21539850853851905 0.3173827998187675 0.10790259649042477 0.036574534220838006 0.8879613225431725 0.9108415918200438 0.4898709424410934 0.7991430575318037 0.33856306475186215 0.8521645598978209 0.12942386583930654 0.6298476424795455 0.19911574545496735 0.7975961636873363 0.9907129677063873 0.06420385977372733 0.8170121885082074 0.5673002357659195 0.387369055591421 0.13588593905531343 0.4027531035508741 0.1721860465896703 0.7453359507182173 0.24608716083909232 0.5545449534273069 0.4563219268055284 0.4837698293490964 0.14700195306385544 0.7933361341289409 0.3578221526062949 0.7335958784777686 0.7626679130054768 0.7069383018940418 0.8250239067678716 0.9869955758195134 0.17565625130536433 0.7160331393666665 0.20195941724597521 0.8326893217241331 0.8312124130170674 0.17378407990713562 0.9929574215933009 0.27606593957950276 0.6954062272445584 0.3332897548654735 0.26271660456766877 0.9253508828573528 0.10850347766359403 0.9441907430270046 0.4100621887810324 0.34644003214873986 0.4779479371535117 0.4544965422453463 0.9379539022146215 0.08881982390481169 0.3156255591582573 0.36057787901374605 0.9130994483631272 0.9279299815408861 0.09585706101158098 0.023456000487722117 0.7363481598124094 0.16671398257977643 0.01642032002593663 0.7984869961963337 0.1444732604363388 0.23667614282919114 0.09252061534320644 0.08228040557028338 0.959516323874169 0.6310626027327582 0.29910690661095396 0.8402156772799924 0.8557073970629305 0.21892382153711654 0.621852835648773 0.5106654543053758 0.15015840610151165 0.4683644424212854 0.5798148817494031 0.8300796241541606 0.5893001013784647 0.4182031049165019 0.9727150551434612 0.065597418943663 0.003074414804999037 0.14300317980308175 0.8302687798381704 0.859150384115331 0.36132635863757523 0.2565515849468908 0.8993961047434273 0.2817534928149761 0.6308033106244862 0.5907232912166543 0.6809398311270665 0.05836602323263962 0.3058598875774463 0.41048811845119426 0.9493792973713016 0.21429110712105026 0.6644234811985532 0.5309038205353964 0.17587910553282304 0.7738841742901477
0.4168004112816127 0.2032819181083938 0.37118551937751687 0.1298019517476351 0.9314529920306369 0.1197597149842009 0.46245909124902485 0.9341695918204904 0.940933936271333 0.8236851886084848 0.40545377473773025 0.710264193784674 0.731852695961941 0.1786298867542504 0.28766100933691086 0.7989027994895357 0.4136566039084322 0.6742035255665116 0.8931269915845331 0.8729940456838483 0.04425473529695778 0.5555621214858635 0.9729750229641099 0.05001792774811842 0.25310041696674535 0.9163928611774519 0.622309304263463 0.08931029431592674 0.30600167573430026 0.4736180779417476 0.1181249114865991 0.022994639715504528 0.039411594688693374 0.4649630048150729 0.6089596179860495 0.073856473745609 0.88662705851988 0.7393979519679443 0.33401992763814725 0.25303401839380946 0.4145412861788851 0.8274579533608912 0.27815075068462447 0.19237991040434355 0.723206031277742 0.21902985680963472 0.10418935811936225 0.6686587913389881 0.7926474350011053 0.3041208649817295 0.5302523272622132 0.8405686955823565 0.44303711271104285 0.09896293935566736 0.5128576288044179 0.6729867847127832 0.8251710665491808 0.6888947574040477 0.4440887591392706 0.0563307078942058 0.04288140678981178 0.14745165946586392 0.7502614818670778 0.6722956876151288 0.4982163434521115 0.5960782864109065 0.7288734360993808 0.5295637061995885 0.38514484146384265 0.8945653427212639 0.6310190977878147 0.14777632320408474 0.9021565815026781 0.24798614282991516 0.753964704715719 0.9638561430659858 0.4167448012504996 0.7334512082788924 0.9068235846571144 0.20346602101292743 0.6662346790597252 0.7772745868037039 0.4475524958255013 0.1383594198666822 0.13431208708166553 0.9132200924833627 0.18930964845469678 0.27331441811214086 0.025630674639230744 0.6157483462242491 0.17995180596851823 0.8667607688941723 0.4117345828890454 0.6323097878239483 0.36810337393631054 0.9423888327794839 0.7014120993556329 0.13951171784526395 0.34665491986305585 0.42733419800718786 0.2680589935468731 0.0646569620553219 0.910994575022292 0.2766680337550914 0.8654638108490222 0.7449038701011856 0.22284082127295546 0.44913566112227965 0.6892802284512094 0.3414744127757152 0.005669373394782018 0.26139053578468685 0.4834245135727592 0.537882484904255 0.8287094374587574 0.9574749097598 0.7454765483908006 0.9552817991375712 0.6334920678048964 0.7779726945790386 0.0997311009689612 0.157274967995377 0.6195952842578701 0.498442410800638 0.48193028692012385 0.19572963289600198 0.7545390432185517 0.698312406836113 0.46777635528105876 0.3983171610890591 0.6374665727155913 0.42288993199923064 0.3766275891278452 0.1820990354781552 0.12283080136402613 0.7093950413637515 0.12092257617841418 0.7170257411489083 0.9331760559368479 0.7097240097092913 0.2887542769567151 0.06405141643275925 0.7536357101210013 0.5682587755168895 0.65122406230702 0.8213939899462126 0.8391878153911907 0.2655950849906439 0.5900718208755033 0.4023058885009484 0.7760631042039795 0.5515495425083273 0.74125158413908 0.4125468711929955 0.5209821600284414 0.6202391251103584 0.29118020474201667 0.318422898819113 0.40454197155800864 0.6551916078300388 0.8785319042332358 0.5977428954757233 0.31210277073311554 0.8354843758337335 0.14779484437543966 0.6312187218579335 0.5533910344383137 0.4098632023992467 0.28288010426899435 0.8333793404750908 0.7252724907481103 0.029923885045354703 0.617398854586085 0.9527788149520764 0.6525617450035576 0.3584760321415422 0.4967946713409197 0.31948271846501886 0.8586613030049149 0.1771562050745441 0.9521626631292333 0.31263147054066553 0.5090535950816907 0.24292039666419407 0.21874815059482444 0.542869480871394 0.3442818303646248 0.9826592684539387 0.07573304163760697 0.4933338727551472 0.5657686883401557 0.3853765867286362 0.31249608597924095 0.4669787587128241 0.4300252960055604 0.5078543554981156 0.5878686708009242 0.7928124892330112 0.38646775273954403 0.5226522526339176
0.23347508032915876 0.26999731748482825 0.46584266293689536 0.7556478790269442 0.6269790298827997 0.8892404993810286 0.5003809367840479 0.6537469354930845 0.5186902416547801 0.533597156898194 0.9936647494345727 0.9160859692519926 0.47161722886591495 0.31885068712541553 0.538611497731898 0.08942595214426308 0.12235107290942826 0.5966413710717118 0.531795253404774 0.9697642399784622 0.5064870839746615 0.820864479113459 0.9518652536712141 0.8698111798193875 0.3018300298269775 0.5324444023253458 0.24575204283190122 0.7992652136201471 0.9837757467044469 0.4103355693784738 0.38281355417195073 0.030102203513529435 0.1445877926114264 0.32238419010561714 0.533613968051491 0.9258394943972701 0.2457556829978802 0.8201829776345337 0.04440364506931049 0.6827269856331628 0.8095182820198106 0.6073109069324901 0.5043615172016274 0.44629364623754997 0.4692684600227688 0.8155555866123738 0.3975789048849163 0.114418648998729 0.2948127236267274 0.07622856183469462 0.893156684782015 0.7137638870087062 0.7362740125039928 0.3061023475466569 0.29656097516652424 0.8457762389523653 0.9176422694411289 0.9104660318175348 0.7491156658433897 0.08777477256712651 0.33578474117501333 0.11376246987601846 0.4876447659867523 0.009863697599674981 0.7845055405402794 0.6972953703631648 0.8537208651820567 0.9801520249840036 0.1706790680507132 0.07716372780954606 0.41811296251834074 0.8125729256977539 0.09309613574174902 0.2713925724416951 0.0968371151342543 0.015120550324583037 0.6949146399947163 0.42868062247114813 0.7204980955743082 0.2532100991891608 0.4148966861223009 0.1337604888652637 0.7844055669741173 0.7862552765753218 0.2574940531636275 0.41981278409192757 0.045386118122293984 0.6605818341521879 0.9598088889347379 0.23305024747921688 0.8658968316991701 0.09054768775654787 0.6081759905687066 0.2757413126216235 0.5411840201909871 0.2782918135640319 0.3473685669712281 0.8355367294005778 0.07602272486220263 0.6884401487345233 0.3987404091269584 0.22579096834029577 0.6687613387201307 0.8092456864175503 0.7923265404207829 0.055155982672130954 0.4127507331323451 0.9741088926550623 0.07834436587627513 0.25495664976206045 0.24942885913123858 0.16418849151332404 0.6630763225094667 0.268389444041754 0.4605958220117168 0.299815087752317 0.289249713140855 0.29618985231068884 0.12573120031387186 0.15143158957880087 0.10324442418941149 0.8424088489648492 0.3772418998478284 0.3089474343326556 0.025313529009010072 0.997051942970076 0.053904994578358734 0.7508015709390802 0.708622469997606 0.6135759795503326 0.7140831658010617 0.10435922984128843 0.7117087535748162 0.861882583078416 0.9823701366864105 0.46766782720329925 0.22479653640124853 0.8603146366299045 0.6615480922049042 0.978127981069066 0.07715175774219385 0.10169963743589827 0.19221519908773288 0.10780489096813972 0.6277175623645551 0.4558001486212375 0.8939008901614888 0.34960866088723674 0.7839068422464035 0.8908204353343243 0.3575681539139073 0.24369238053835873 0.31837313280164525 0.21032878623202766 0.25402615551355945 0.6848876576830657 0.3359097923167754 0.3196349591415444 0.9014816916264986 0.3254582150974179 0.6064945515497777 0.20287699429380557 0.13655493669616403 0.8598370704400057 0.9098043626377055 0.15418123776345827 0.6575658274736464 0.4191037568342807 0.27565097251140325 0.4325819271481418 0.33857793515860135 0.975321048738252 0.6989344097421121 0.4894514655052645 0.34705770282078785 0.12364442363467587 0.5239834825009759 0.27214197104175863 0.9036694313551593 0.4902666124715884 0.03738609989623931 0.3428216190905 0.8589119325208141 0.6909007190190124 0.36192250999203013 0.5539851930450324 0.06519465513370748 0.3190561894199132 0.686879229295615 0.9129410074682174 0.11824031417743386 0.13092378887928846 0.13585906583909746 0.25162215946362887 0.1070347444804518 0.5749355380514912 0.494014942549421 0.1333076705286178 0.8704132309705086 0.756669565024677
0.8076215492251523 0.706450944485731 0.823680999157493 0.17456387107892646 0.02710843329978252 0.26290296949965786 0.1476728753888954 0.6244348978450466 0.5555761292344632 0.7696986227649639 0.4982954062121707 0.38866555235982925 0.04245279421869086 0.7378142600501149 0.2215435012107495 0.6280913839994231 0.18488356324832556 0.9869021105186875 0.20808438547298824 0.8156249724032674 0.9911493765707227 0.13307541031365 0.9127920425820143 0.8959797756323037 0.9425493604520729 0.06120535816107686 0.6165801066284146 0.5505401297512423 0.7476893434307182 0.5441150243152262 0.5271073947081669 0.6676342318259014 0.4422018969049445 0.044028557764839826 0.19597205488627334 0.006104265670267561 0.24890216332114268 0.3477637718390868 0.276515462727451 0.030111846998037373 0.7582915877676969 0.6030783969475624 0.08841578982403142 0.794565205143307 0.5702064253406628 0.7495978332847388 0.4051656780635815 0.8785640930827215 0.3768519048333503 0.985426022895399 0.5594488987839471 0.3846156829451889 0.8004609691404607 0.5287987823459859 0.27528619102477725 0.41810130311259397 0.06414816849375515 0.14397160906510442 0.43130396973601626 0.04087420510159112 0.051814750395289266 0.013733516434563997 0.9962850853253516 0.2744289263340737 0.6152189762484024 0.9381213456636895 0.18534261882472658 0.4109830761452842 0.5735292583674078 0.19471048651863243 0.46902909387755887 0.42206396832016435 0.3458626038196465 0.3510222341521938 0.4144472071175913 0.21334136339668286 0.9748684323299847 0.2277151723918941 0.67362456782309 0.7992452021404327 0.7708189616740282 0.337235447777412 0.9055652673205324 0.11645404221168121 0.5265298771725516 0.21637188767127657 0.7443707130653912 0.5482716258409275 0.2822896893209017 0.06178053191767119 0.3780551073721258 0.1191103973634775 0.9687231860988106 0.34683761690637993 0.03249712116089609 0.9447772757744406 0.8769829382282843 0.31169174764200347 0.9203737750283619 0.8108298437590872 0.6265364615475807 0.04568449517398421 0.2913556876965654 0.9733814696137922 0.5671901308363724 0.48145516757919504 0.5853749277290529 0.47994638747151763 0.8971753149921878 0.12178363210020793 0.6421678503411354 0.43874148058815654 0.6079349171562443 0.05044642175818337 0.05421664187005404 0.3366487951718672 0.4255565507671676 0.5925042501561789 0.21186440343061308 0.5035565978909081 0.8827574744507375 0.0068106815633479645 0.19043228274125368 0.8208495832875131 0.7553197243485685 0.6803233133667269 0.1714625058301087 0.5788834667907389 0.6285697548320928 0.28341991955197965 0.9507440830792001 0.5254007048890871 0.7743417379400738 0.5786037346590057 0.7555010779644349 0.6829740687181766 0.37276818035215475 0.8978454588178569 0.12004386027642577 0.31209104074940763 0.6834495297549815 0.34874993244614116 0.4412551206925739 0.5664876523054747 0.4356285921309878 0.3678871841831993 0.3882276570335883 0.9152654192975795 0.2921083411700681 0.49220910117051786 0.07019853725192171 0.922919084845351 0.9068097226410122 0.30554982529812036 0.021516285349472364 0.6041015276651206 0.8316363908818081 0.8109875455094242 0.755633746975986 0.23573242828392293 0.6540995381195545 0.6232658124278042 0.236554935156028 0.7246394402122481 0.4912841752332444 0.7968229441907138 0.691948021662684 0.8701999741302111 0.329527643345058 0.8955766335041018 0.35898552533991557 0.022152364121081458 0.9798818276661232 0.21930258253295953 0.2075586568647264 0.6570203772599852 0.16016833475615988 0.12207886664113354 0.655188804889926 0.7319946630972397 0.5894371718241568 0.8999812637333382 0.11521330789204509 0.21922967085709144 0.26669197968109015 0.6643917016970148 0.23243296994283003 0.3593583527049774 0.30377069284796965 0.47142119694168194 0.046684194371515386 0.47762158001369437 0.42672312398163503 0.7091219118855918 0.40974560522002124 0.9469149688952437 0.7837828858932958 0.14016633990926486 0.9859343411312627 0.015654366291053323
0.2850934468261692 0.621148357934996 0.6784471678732305 0.2435932673939949 0.6872189466037595 0.26596923704428077 0.49375284235708194 0.44109489268876956 0.4025602236145671 0.7463618881660364 0.9698254635281288 0.8321781066020361 0.88396087409108 0.24500010038072584 0.39619645778595836 0.535597510950537 0.527782322686334 0.025479242865068752 0.3720787563037906 0.326981969716552 0.2574545494555033 0.8651014627873752 0.25646661262460246 0.0896570901462197 0.7150883379642873 0.7820509473258032 0.41681714617528554 0.5530728925143523 0.9694749069214259 0.039890683597622156 0.6898216016255553 0.7680800487108139 0.36962544005676135 0.8339609070356746 0.42062717923954684 0.37256508607604666 0.7756464066929284 0.17018295632910285 0.44660054898951784 0.781938125040207 0.3775594516058278 0.4156261240581388 0.9139021547945531 0.7564006969969843 0.27677492502002377 0.47418170039448315 0.696318234555678 0.9331009610375988 0.8930930823158706 0.40687103416777604 0.8471712350724997 0.9433820927457278 0.6426142784558266 0.08506889817689589 0.436521585764842 0.5402068200458365 0.21502686727014664 0.3319444348688423 0.10756953222051113 0.6638821622883844 0.34290200822043215 0.4870976115934649 0.7801490422790676 0.09772575615008394 0.09170570874854655 0.6989398438862288 0.04957347794939948 0.4300084858758897 0.026969018990322335 0.6344811853572246 0.12188893913018484 0.9089082294226185 0.9711920675033963 0.6226529230366404 0.8169700001892727 0.9439599643305248 0.19609736176734882 0.07961295166254578 0.8267699115204364 0.9689262277893088 0.896046809124779 0.044262106259987055 0.0338517488502611 0.2129869150542708 0.44115131478703806 0.41818215569421446 0.9797198055246638 0.08498633947509604 0.8882731816519538 0.8684549257797817 0.10386982684238177 0.19038259092765475 0.23244896925827696 0.9441590415825818 0.9550770342259027 0.006982168578545167 0.5236235182902244 0.8065573399509655 0.6732980094272276 0.9517544826194337 0.15639227338639672 0.20495339738301044 0.529048906691513 0.5008425652238647 0.6691614441196094 0.9662442879738962 0.9253715800500939 0.3941805383667458 0.9683235220494893 0.7380681128361035 0.11232787861246296 0.32928688805895767 0.2947892268278496 0.9315613322649421 0.0015509267728537335 0.8805583457731943 0.14394004395132154 0.1930723828799661 0.5209523509247503 0.676751631353683 0.2952288861283068 0.8209002260648616 0.3441679479304611 0.11767077609396359 0.014614297315258984 0.8328082572344808 0.527839629555727 0.9725951717556993 0.018980420232106 0.03625674149468194 0.12234891155328376 0.8227761125156502 0.4224604441982689 0.6945842555315161 0.9310108573187587 0.5643453712224723 0.5727493768180585 0.953851020197342 0.8119030022857913 0.5545638211674628 0.24590380602852213 0.17661463860470517 0.5253969568383192 0.1900288024404716 0.45732377671166546 0.1965540737268282 0.865791236612452 0.6209144675469658 0.763767208688417 0.4650100935264039 0.7275927321695893 0.8104994582260253 0.4507914051069305 0.2874586795365828 0.26722626185082454 0.12074506280713171 0.9788598207005395 0.9931412315575562 0.7508398711687133 0.5775107090253131 0.26222680950136046 0.7068812341617181 0.5628682978243148 0.2974670535520497 0.6404054736368441 0.24151873540178115 0.13221325574366372 0.06074174513020847 0.0988126259054688 0.0731018931352041 0.6594821701806388 0.88412603935369 0.48462999270258267 0.6033108726555061 0.010721914922337206 0.004073574617147857 0.479816799291367 0.8187786599042506 0.012052567496511624 0.47278134048480935 0.17461406861196827 0.5766441664663357 0.5275776583040495 0.32460750183367204 0.7288632868168456 0.1278173635752653 0.2226320446472444 0.834201112479418 0.9054523949667365 0.5513104754888559 0.992973753032723 0.0019443602373532265 0.2913074738225071 0.27224196287495295 0.6557115462825701 0.7639989817472428 0.7921882872467079 0.26829452192217973 0.7686939856320023 0.06114370302209049
0.3407150358387765 0.806430517036676 0.48307951116900383 0.21913341398971375 0.4037157433604427 0.2518737019203583 0.5545020881383995 0.5071814873621009 0.7506928310600907 0.21353365991311124 0.47073792895868716 0.9758920569047105 0.07515704907134912 0.33574274836805706 0.7577670892598642 0.21180793053603186 0.5059940913512401 0.2490601062269685 0.5120803479265056 0.033554342186696284 0.5039435860699345 0.11656881541829267 0.2870071927531742 0.5783385907215077 0.9780071187369003 0.5103436910966982 0.219664754479996 0.03723618337261536 0.6509288974466783 0.45495197438530377 0.3376480706764444 0.5498867660604925 0.9457098581385008 0.11996045696290603 0.1551741869030685 0.747141140565091 0.3015434657953978 0.32074386867533533 0.07587469090303756 0.59181775526015 0.12304447927426287 0.1859062647217924 0.3982475519026526 0.13711631843220906 0.21829786422459296 0.7820352185739446 0.7227648963028342 0.9890952681793403 0.8824735451814406 0.5687268049231524 0.5081982562860168 0.3189704026798216 0.39940984863983797 0.5135062066575135 0.9706053641217841 0.5298101978294971 0.10085108594272996 0.2591308114274161 0.29453881888316746 0.8561556966271341 0.8600130042190619 0.533280627179314 0.7070857993464559 0.6936780669309295 0.8739261016288828 0.22910422111874462 0.8474393393658636 0.9147147554204919 0.5139406375891965 0.1331126137546511 0.7900314651646099 0.16860262166034712 0.2734224191291754 0.15920195690898453 0.753187224291662 0.9313758264760343 0.7001835217998443 0.22338291885151107 0.20704649029062616 0.7827793259647517 0.8596061606419866 0.1860651547158022 0.7409234137157199 0.9674227609333956 0.4495229958332696 0.9231534900458833 0.6205133368446936 0.9629343348984826 0.6630962130815697 0.274761172155093 0.8390579120136217 0.8332104037894965 0.44163936258849235 0.5697657685382586 0.49883190251227405 0.776539306439784 0.26864026674709285 0.19195576980806728 0.7644172669090437 0.17670946262741016 0.45173700488057067 0.8963175260834142 0.28250463034466244 0.6530683101168471 0.1281934467954362 0.058036232244230046 0.08426937954335623 0.5255823746636832 0.8782162321973934 0.15411554715673614 0.03968732862717095 0.5164139446808579 0.8603212438146894 0.6772790737286596 0.41286849860904884 0.5270699757962022 0.21838160854261623 0.8330509866830027 0.3452363993782408 0.6079439039016519 0.8668572101932784 0.5397780953064907 0.18935370084932068 0.5386163684523931 0.481627093956128 0.15737657915187875 0.45761010176866346 0.017344368706720292 0.6306702629172685 0.9233585804992577 0.5041455725144443 0.13021650046528332 0.5338617508813256 0.8209610769725886 0.7509185274370529 0.22612322439597154 0.5330484477595621 0.5064979900889421 0.37139563096489114 0.7358319762125429 0.1456095510810006 0.36725657433848 0.16310311095681407 0.9702713853260735 0.9891521560200572 0.15943878734648687 0.363062997460597 0.7509856858138386 0.3954583403720062 0.1445939528674186 0.26093294213090346 0.07136339770996913 0.2814034992801664 0.9282365340095294 0.18647527639046646 0.16094266625332698 0.10458389284408798 0.1650541357174442 0.13268011315344685 0.17562198737380352 0.9824434530199075 0.8973418103019869 0.2465272316410455 0.6236325203754143 0.3838400502592455 0.4731992813547249 0.1584744898829794 0.4587832025937164 0.09122943051801269 0.2732334969412952 0.9035511167232159 0.2979908663609361 0.5308389429414795 0.3453813624601437 0.07603187259414301 0.004537946676476112 0.6253976486295009 0.4013152975788512 0.9041145660242841 0.008805654932147022 0.6318841584243585 0.8453976321019833 0.4931966074577988 0.5113260142866419 0.2767297130877481 0.9902092017540051 0.9647786188594575 0.671498297476312 0.297283301872152 0.15669350277379768 0.08904817247567132 0.6263238434486199 0.7580635247047168 0.9490207255575432 0.9518862142308478 0.405304343271339 0.04968606160387523 0.7085401118549423 0.34837581160067344 0.06411824824084
0.3513628751794984 0.28604215620827633 0.3220936617905886 0.8597819334792441 0.3564887087055244 0.6221036586864873 0.1762327302505493 0.6657922000293716 0.7481544118292555 0.15846265856720354 0.6827455756925722 0.5962801157249444 0.48715233439713457 0.05748900669847401 0.7452648311169779 0.3991724220773273 0.8752689644761212 0.5989029425769086 0.49528601170167175 0.35998181204082846 0.8867190564102193 0.7689698955007254 0.17449222557594635 0.4515518164134338 0.3396316187189292 0.5471193195690824 0.8587783078947441 0.49290297537789973 0.9615339742839518 0.9289785477254928 0.6553344024781218 0.46802820075942 0.5573123013952481 0.39695297623893744 0.6757166273962015 0.0908560669773869 0.7684483741928501 0.8050519078306941 0.3148318807016519 0.43536764526090443 0.49204685331219755 0.8844047703602407 0.43478210131122463 0.47382898264240836 0.06348011087915484 0.535057746342912 0.49388403702310835 0.14242871767613008 0.06452436544835238 0.7362315994933841 0.5408889673334684 0.4087178897169679 0.9344616084490746 0.48818377223242604 0.5574718844068856 0.33492602557615636 0.9973034816906753 0.00938438269891384 0.07365205235014083 0.9729769412964723 0.41841023967315705 0.5228606128981448 0.02877227748822697 0.05602148411559993 0.36051189848496645 0.5476178793891388 0.5836393549844251 0.4773914096608213 0.7242971010083763 0.9729328092406289 0.30987012895077937 0.344777000642551 0.8142558384310608 0.08342342946024395 0.6139502854719758 0.3205285560710869 0.8426757086772854 0.10943932018904201 0.709335940051808 0.5716250951925262 0.9104716104596576 0.49523599583731415 0.9852806986118386 0.7391920129803109 0.10647080582652035 0.6379226103091554 0.618803936300055 0.7180241962680147 0.9789427278048091 0.2886630571640484 0.8198809328113907 0.861707688679393 0.6441167292202935 0.7300310770726651 0.3733115944572436 0.23987503001848332 0.5082151578793183 0.3550485590910376 0.5108731634017865 0.23902064836212888 0.2308928696053688 0.9096156315896712 0.6917518787045863 0.5238069455206598 0.02968718560188066 0.8110812511720962 0.003374510231879735 0.2742570615770643 0.687707374581861 0.003631891837185708 0.33559100204146475 0.27429432079023974 0.17560274746442517 0.1052226715562471 0.41885344911289857 0.41105766471675 0.20501572409448554 0.11841027381932923 0.36441214700064606 0.6990248981232196 0.22874484792852834 0.8259607391641731 0.24831098484758785 0.5322698607111352 0.9404463103481074 0.7486849666342202 0.5931327804357793 0.2701355864183802 0.2328840388700828 0.35543289350509577 0.4840658684719319 0.14849247724056114 0.32960077143118405 0.7865612989279303 0.3846424376818989 0.9831340798539023 0.8955028077273129 0.020858338466761217 0.3698305228119464 0.6569682866907849 0.1114517763571653 0.7806279486495962 0.40597726354360664 0.11150769194623511 0.5941180367908611 0.06229990432416688 0.2954575687834404 0.03187347564209686 0.22095746098783076 0.7933979481409238 0.11679578808888058 0.4134987993240753 0.5188772339709656 0.19373012389259847 0.2882632887063148 0.848851650738137 0.9727090593919504 0.6291395431961352 0.9862158158529517 0.48104857369485743 0.45923154913795805 0.3133140103049724 0.3463732362211148 0.7069544899251575 0.5273506700619722 0.015404457685886275 0.6280502322738277 0.520477647343212 0.15785901360743593 0.5588490338336354 0.43728550607520267 0.7361521667052092 0.08090056303814064 0.9459515918323468 0.1884140214203368 0.5965278653228688 0.46835927955172707 0.577272907981009 0.5559118795621769 0.3816689653172044 0.5638658510416913 0.10003827629765483 0.4407268624898928 0.43338053153608 0.6681413393484359 0.31135405179138687 0.011977478357302784 0.6840684740635102 0.7394265184037027 0.922048650925809 0.10221644443887168 0.22291183287815652 0.5156406831318042 0.661455468209427 0.5539453095490261 0.644105470199696 0.5241601901529345 0.3063763058277218 0.5753148299866914 0.9582936734578366
0.6556919549070664 0.8094542072698072 0.4897904256624671 0.6582685322575548 0.7042793715723478 0.7202483011711707 0.8043167286602038 0.314181501379999 0.7600078581057079 0.024648522438788678 0.8588509678000653 0.7335290141914678 0.6355104905561275 0.05730600936584629 0.43101056714650865 0.5800747703679653 0.5612410589331038 0.5978774752743371 0.3355667026307342 0.6098984492642727 0.7991938965460077 0.12034069268466296 0.5632026536286849 0.686865013266641 0.9775331338478315 0.9595710754417736 0.3688027499324118 0.18130881805859966 0.3083787175120126 0.5364064844976892 0.15929354026380105 0.014367606332089444 0.5738808306594702 0.4412503125809222 0.15157419604418754 0.18694963374209517 0.16519703358667015 0.2164573989869969 0.491391742710669 0.16188031286785698 0.7706840164256206 0.8163954528771209 0.5963983147652585 0.561757301977239 0.7923075501855088 0.03568531195181468 0.41625948607966934 0.9264349213800593 0.21182704464677515 0.19874098745182855 0.9889155347903873 0.8558518301464437 0.4124666122596624 0.5180537468878982 0.9636835919628504 0.6491005816607835 0.22635999216194436 0.5858060290430004 0.40460815722983823 0.18790185056279174 0.9543241389911843 0.45738211965091313 0.6746778788995875 0.13596089312339077 0.6178774850954176 0.6733191257554111 0.32140529952502916 0.6586129528504152 0.8376827765404329 0.14948279394000652 0.5631296449969068 0.10694249377457166 0.3401387877142771 0.49046212137948664 0.13743467925377373 0.33333435773965747 0.9817918197722757 0.09495533689421165 0.4455654699302878 0.2306378694586818 0.41155017343400313 0.33011861326357705 0.9788290806654677 0.7491885440337495 0.7202719623192637 0.06833117907082564 0.059410228166453694 0.7636802011911078 0.7520221512067652 0.12531982395515295 0.354677614750992 0.03770550618799229 0.8658088397377145 0.8985093460613586 0.7998335558987438 0.5275127859198653 0.7602932060657172 0.3064925698457218 0.2095503531464552 0.16834919291957018 0.8740940957187923 0.0071868240260520855 0.5567932092255775 0.9778681440896555 0.6020571086680246 0.44611124003706604 0.8903661548813796 0.8692039147028351 0.22052201428662632 0.4181981613989103 0.3951448268696608 0.6544302356968933 0.2564662413816393 0.7900647286895972 0.9924976499982123 0.44217244003273326 0.7632368271085465 0.2567277059158488 0.8524409269907866 0.5670970390139357 0.7354264702293364 0.8172711271807661 0.16886893766539535 0.8819994570578354 0.20285928335382375 0.7474425025665995 0.8481371569417421 0.1947713519075812 0.3857048323532176 0.06039502939953989 0.4678166923264181 0.950820850677454 0.9536871336920928 0.805308291749628 0.3973601093392771 0.2854636145492465 0.6318026750919398 0.9075479501796645 0.5835649394742913 0.5175611002420387 0.9364270816034471 0.685518110016966 0.5072192600474714 0.04217444690128469 0.701288689603554 0.6591972340918446 0.3516159485041026 0.894002566995551 0.23261562808056724 0.03361512644788878 0.5358908373572349 0.3460241881578138 0.8762475700508799 0.5139237875627389 0.12661846180543068 0.20696802983443918 0.5532314108306784 0.9759393950981554 0.7192006673311118 0.10380704357384485 0.3634162948234979 0.10125082785338158 0.41371439212801764 0.7879603810276083 0.06746067119780896 0.15890018483049162 0.3674401863139979 0.6643963122785833 0.41384921116703044 0.849949243720155 0.7606070255901359 0.4960122987435225 0.8416358166323916 0.7077040376756538 0.8852465889978984 0.05395505159697478 0.9999399804559923 0.7171984076177007 0.4503022826328952 0.014274232210306548 0.46691875660263893 0.6635931444121759 0.3594645787363978 0.34683665370550765 0.05346249772804579 0.18531114429823015 0.7620760159211608 0.0729654352377821 0.5502227457862288 0.6195292308713536 0.3759338264493909 0.5693718747088686 0.7180214550660206 0.44704248532356905 0.4719605194959656 0.17168931852565605 0.7821508114487734 0.15400873935272819 0.8898817604848829 0.6147314012491931
0.16934253371794783 0.5100470782396156 0.29347133817348425 0.2818620673648756 0.004912923530580371 0.799101237572109 0.36783606916682243 0.10972603693491179 0.2099604439744095 0.26465956595696194 0.49551161016705136 0.9014495494224389 0.9934156221564924 0.47437783243573806 0.7849253045056134 0.9141273758514521 0.4318689557076397 0.8955666750175652 0.29519923909634194 0.9115052720618875 0.47442887972699677 0.87868277291907 0.6406374300776287 0.41493857425871306 0.4874452233965234 0.8979349466683568 0.20753862475404805 0.4044298039958253 0.5122649854893946 0.33139109405708367 0.7998946591551348 0.11063533945485715 0.8446140418184226 0.12052214766933178 0.7819075888170176 0.04876630809854521 0.56997222495916 0.9430117568533554 0.14956890186195482 0.0121311382325896 0.1872752617402491 0.5122107253832772 0.4781557310621245 0.8348298187051502 0.4145972702955507 0.8113149456214941 0.6750445090242747 0.4515555223051718 0.15679677721709762 0.9884864919629106 0.9625268721049035 0.46363446803524977 0.9800339044550851 0.8157764131802817 0.5800703186297834 0.29348676960636055 0.6891870058707448 0.7366447680810342 0.9486400875606763 0.6304151272889238 0.979239095332823 0.21256139043511846 0.757912768313586 0.29997588761076477 0.5223138285955145 0.2101740889227488 0.45784373417595714 0.28568845998258274 0.88668464269466 0.7337728459268505 0.5821778607130903 0.559774231155621 0.10254901292971053 0.025172481498654253 0.6390808868595399 0.1914732905012545 0.15595594440431448 0.745600089062819 0.3858193098738767 0.7042277296812938 0.18981691966157566 0.24771832119927195 0.4285359709785618 0.5719102866812907 0.2600213160013022 0.8544601501396997 0.34006716553448657 0.8306268718579439 0.654398757841488 0.3999887065396265 0.9181562652272338 0.25482144582559896 0.2079413177959939 0.8390890528545254 0.6599034396814034 0.006196075972767501 0.1573145736410495 0.3898091569023163 0.1845040685722672 0.9340125854194727 0.08959256090548329 0.6724949045529163 0.04883555531917272 0.009384327813758864 0.5221126009605889 0.492104954527264 0.8612017429976621 0.2897249962122078 0.03006145014827899 0.33467102389313974 0.18743211109773172 0.5166895801136475 0.8673652695060123 0.11654295358932731 0.759320254351663 0.1690581366176378 0.41720042507579 0.6545158639863835 0.3774117425077925 0.07252843085154004 0.9777627205442765 0.33396481297152225 0.26501559865811364 0.5778899529301886 0.5202668013090881 0.865633447129331 0.12321785961263709 0.3606497750162412 0.7552571534733795 0.4820784317203335 0.7003779164328335 0.27455422257724527 0.18549535080977797 0.16930454466852218 0.7761617329830433 0.15770266896128116 0.1752028878087516 0.6245716479296518 0.06468666419459224 0.28771121169153 0.42687527455858953 0.3656372606735365 0.9161161426342269 0.6692573896291637 0.366799500974362 0.3958926427099315 0.06893971719388126 0.9168830662784984 0.8098353277014679 0.9140807627601765 0.4314726813700419 0.41611309019281995 0.5144256127777701 0.47012030689427875 0.2215485946306457 0.20068052615229692 0.8257302616578867 0.49931737616128347 0.6321790614720596 0.13058888973727922 0.062235050373773304 0.7901414577177277 0.510540851478554 0.054089547898900525 0.6466439582365181 0.6557329825979397 0.06097991360017385 0.9063711694751815 0.34768727680384337 0.3377165118730274 0.2993296587365427 0.9582902960425845 0.09141550007788635 0.41996688673440075 0.14580198107998887 0.5248501449357789 0.45826332736886555 0.5178346639031902 0.15372675653840184 0.7729189995820348 0.19453539222191074 0.9948340301876993 0.018645498405746697 0.5641493065737787 0.9481226757512407 0.47904919727447126 0.25104176169232995 0.18806147377378624 0.9939738572024761 0.44881914211771246 0.17580561033904119 0.45673347737128256 0.9651825662121873 0.4121485201028878 0.17121125524494374 0.8094016301538067 0.31841792854906936 0.6236462890813597 0.5036432120187015 0.05408189273682118
0.513620426082398 0.9055078076552765 0.8222214935370066 0.12073820777236977 0.29068444618117895 0.7232625727188944 0.14318693315079967 0.4321138205836268 0.0666399510322786 0.9876938550339035 0.232850200939977 0.7350573034790612 0.7966295651765242 0.6996627677218975 0.6410915386153261 0.8476403522504983 0.42683212708377627 0.9911492236247115 0.9835558504183551 0.6912514049187438 0.12490559925593359 0.5822390230082747 0.002174974881614 0.34751957355819085 0.6117803563554637 0.40945439695947694 0.029500919888958976 0.8244142876692633 0.8717562491510613 0.4153560972695244 0.22303808995301455 0.5982857155968236 0.7088184669322858 0.05026287972306631 0.8729338641263024 0.9592210420358364 0.21068281302527525 0.5435720134513392 0.8653053083339725 0.04640105059940047 0.4837323484389424 0.4254489630487518 0.1916963101892709 0.917951210118161 0.36901406613521215 0.9475968394959334 0.003286574813233134 0.7671629860822244 0.8722354043500476 0.14476437454430047 0.39646672498044744 0.07383272830537024 0.5236350013114665 0.25534317900434067 0.5327415372324658 0.24638581399460624 0.8828902030721523 0.23277228554896134 0.9572405276326424 0.6689402651426539 0.7719858301053846 0.627853378313222 0.7054415675228548 0.8077829223192525 0.4165539142575294 0.5769483135602336 0.68537572342076 0.998397724547603 0.5075089645591274 0.021150757788537144 0.7859034091572648 0.4829773565833059 0.21983382411111396 0.9258156763949716 0.6625249103970923 0.5132907526742339 0.1660071627786669 0.39814090422771653 0.04661593406685538 0.8040820534451004 0.4613916917403238 0.5490127436417517 0.5890011930266423 0.0952201646021299 0.5244722442645738 0.600737554092164 0.8654822110532006 0.9046596724891129 0.8616978719028513 0.15492987399101377 0.6876156480583231 0.6037745187392288 0.6861154174356271 0.9961928292629585 0.19576906249414372 0.9007510682597413 0.44635968883873445 0.6248128533610517 0.48003320090639623 0.1833471628563179 0.8717743245794488 0.9497149411533835 0.08116783317960652 0.6527542129224034 0.26882824972256336 0.9777283691236809 0.6351462418187702 0.11934606097412348 0.7836751420576759 0.748788169610804 0.8038664541072543 0.9218650081730898 0.5044443181361086 0.07673767666656228 0.16590376660729333 0.027106882587134895 0.7006390825504386 0.9022675152808859 0.23611727350774048 0.8168387952308828 0.5821395675837546 0.8847277793438013 0.17415648715223686 0.14115417550288145 0.44037878058254976 0.7767371458292246 0.06844063497511166 0.29826690741749784 0.15133747273202713 0.8914301223180213 0.1189252371473496 0.9515622288454387 0.6672885501730428 0.15765949595392637 0.03959465149603769 0.9066260158375871 0.9696895260053482 0.030643345417878054 0.9462026809495439 0.1590977872795838 0.2436112367956682 0.4871655586300242 0.7816256995714551 0.25059782781821793 0.19840565660779874 0.7096245174571246 0.28728204015029246 0.6732999743617106 0.04823033207863303 0.27675488068912857 0.5543319115797586 0.7982548383349836 0.5933850644617705 0.653503413119705 0.2812407389272693 0.3362856705944002 0.7063489637327491 0.4074706551276992 0.8438027281084926 0.8116576962681633 0.17857301737664721 0.4322265245288236 0.05820019112263375 0.3888823987190463 0.4200151243313006 0.9239042088702613 0.2847182899639604 0.3817925091905985 0.7662754380201278 0.6847998455025824 0.09517160989305185 0.25404577115960547 0.5834885779296709 0.10187567945544596 0.8861775288999982 0.08010348289587721 0.0443051869746941 0.5166496975931474 0.3767428937227424 0.48371153339243345 0.19214661108057896 0.7955421887012168 0.7183356557640506 0.9791504287176602 0.6244147916735392 0.7465951976518483 0.09358583762326067 0.7873125917209488 0.9602205171878626 0.3655093899879771 0.24153919876607877 0.7964468498906518 0.7218695196992753 0.5902671534573936 0.48038559249624624 0.9564871567114162 0.4503275892364548 0.12444222972521579 0.59013157873183 0.598849463315862
0.604623240363543 0.4258700484440865 0.10874376365522787 0.5032575799454881 0.6778583054176619 0.5080087972078446 0.0555608955152439 0.9141426071273324 0.7989357808450971 0.2977190689840905 0.9641884092546368 0.9931215636750702 0.10488410241784263 0.29571451954777916 0.7916806662770906 0.6271378639115945 0.7402563188890698 0.8438982745276327 0.7597128584056829 0.7203285883148434 0.20641691698478049 0.8090442095559608 0.6258246638134343 0.7397987703889652 0.4113763758642561 0.806823057913746 0.11592667406837098 0.19982085110508174 0.6883476511371606 0.906833125623747 0.3047518530148432 0.5644461117134966 0.8157873770890091 0.04242364306671065 0.03473200640061691 0.7422046647813972 0.46832067123253995 0.17785520940941313 0.7931796533844098 0.6066855986153055 0.03137171721525822 0.9757831630535364 0.2966891603563766 0.5218360902578585 0.7126211538419852 0.679298571677802 0.06498166790262383 0.33667284626396365 0.28101239327898764 0.4921409495135387 0.5480748887597189 0.34937170418072816 0.49393049719612914 0.9303429563742703 0.12763630190664754 0.8280424096407452 0.14696461663925764 0.42988018026306474 0.3568514617111236 0.7677788353346819 0.5930523818660614 0.21775884899865605 0.4259963064394907 0.9611184704160051 0.840745318264584 0.8323251475606609 0.2915674005503135 0.5102573238116067 0.9992016272527031 0.8263299038325844 0.09391196854768902 0.4132371572856549 0.11753804661826683 0.11710138340794263 0.7831765693376118 0.7205430619695686 0.10671663423907785 0.14803142347225018 0.561039124158041 0.11102953193400344 0.18662996007310628 0.37748791741224497 0.9651917147572804 0.34314780534471767 0.07804980565641284 0.2577247526404406 0.3842518687503632 0.5202043358203223 0.4926030965272643 0.6917711317900453 0.22937035607035594 0.36972904893839276 0.9197404537017133 0.8218810564672664 0.024599747678309747 0.9492200092556612 0.013023635681341905 0.6596915815193577 0.3596026081994306 0.4998952674115936 0.413685930203452 0.4179711946440736 0.9607333266149378 0.8551449063503455 0.9207887304431001 0.912954128227714 0.08982104720744322 0.8918360173126633 0.8181233523251418 0.6233927689745566 0.7257311361248288 0.7021776475255276 0.6042643848428416 0.7139083037832585 0.01653251738050243 0.8882794931327185 0.5135147564107359 0.14172048315103236 0.2293901488479988 0.6356874721473578 0.5212612334218205 0.7416703585760047 0.12905130467162584 0.00012988055661555808 0.36027393034103317 0.03103313582483591 0.2846131433228799 0.9142157356484867 0.4650912430027545 0.08731335819803565 0.8698335211034393 0.3312985622050948 0.25457771170344357 0.31793713057109363 0.022565479645572983 0.622348851228156 0.6945524979637807 0.9053645017246997 0.6158799811877759 0.005606714692788506 0.019202513262464693 0.6239079211269642 0.377345462192063 0.2734386960312526 0.520500048762444 0.1016210569016327 0.3180391190114914 0.13804047290948984 0.23077204971234644 0.6794860218596059 0.2172251552025819 0.16161802683142168 0.4506612795271814 0.7518933533680695 0.4235358342155986 0.3149831360496709 0.4190425615861417 0.36982939810337956 0.6927965542828641 0.26071143549565357 0.6258188383870203 0.7175659994419586 0.008807531010902259 0.6768909831136929 0.16684533379019373 0.23852019697533933 0.6760889384923113 0.014060502718747925 0.3349532348324836 0.959052698130278 0.6774637609221427 0.1561820308032964 0.12843823770539642 0.961707128119249 0.13060550386990266 0.6492160969021056 0.674380984179759 0.6131541719422429 0.06883587525231039 0.7013358907056196 0.15021141364289603 0.7174516232240014 0.016454184493131074 0.4947559713189388 0.8256749689513834 0.7241162133649471 0.349778750178829 0.6451613531670304 0.2021687102405899 0.6513515759213659 0.839176722409749 0.2014130154822159 0.8378064397317604 0.4717680020328504 0.6378352773473757 0.018571363513796735 0.45666874311815975 0.8928751584909633 0.10099570278175385 0.2750384806293733
0.6931559578408397 0.21597951580485475 0.3100461031766324 0.4742683276098393 0.3153802230756556 0.00762222541546731 0.5200836826461223 0.9775964703876961 0.2976524377001504 0.6711963189299074 0.8950102596833446 0.681589178662432 0.7945455870022572 0.36311578014495316 0.8993426774703771 0.6919994015850914 0.15571383617942736 0.6298429346962993 0.5404060436387155 0.9718808046192635 0.8364436576345352 0.270279516823013 0.8052943830193787 0.7733275685175871 0.004449906113869417 0.6118200595192256 0.14885882883502954 0.5775018166806909 0.467658365934582 0.6894750495505184 0.5048216564441561 0.6868039966259475 0.9945250285684455 0.6587822113809191 0.32910633838561676 0.6218813950567591 0.7650083759981641 0.7291410069778953 0.07408566707735664 0.7103423233167765 0.9919305393222491 0.4108374624967851 0.3444505474479105 0.29482398298275114 0.32736676795769704 0.1362432331206509 0.09086351716143148 0.6038874508022836 0.681324191401908 0.47441760529456145 0.5099884457745247 0.7905875984704772 0.3042156695154331 0.6552166868238245 0.6761877260974788 0.5427085914952876 0.8884317845685124 0.16705564508526727 0.6685131027614125 0.5500465772941158 0.9732202399251706 0.052110787425731386 0.5268534278198846 0.21945245523558154 0.26361297624295976 0.17816065963204775 0.6782631005964629 0.5979927333255122 0.4800697542854002 0.7537512724142031 0.4193187559681989 0.11282416007973639 0.9521487048806241 0.5381026728931272 0.5875114870039465 0.45481949761334384 0.8214398279513655 0.28118176610098156 0.3715679690373622 0.6192767321049589 0.9120575686287891 0.32412836022546787 0.7094941770090152 0.25558672340622113 0.4281686379757802 0.03456808513540144 0.6408383361427571 0.9509481909333598 0.904950708853162 0.41290324629927944 1.9349615876684823e-05 0.4419609484020717 0.26666333953794086 0.452438874090323 0.2312663276887943 0.01658824179091034 0.3180626246694708 0.85720200280501 0.8001570991915854 0.5460462964813835 0.36238772873972314 0.9046799372665333 0.13062902187576209 0.8933755172268647 0.40618793448005186 0.6830058020340184 0.3251809096652989 0.3215640951878821 0.66698643768987 0.43506650236689104 0.32155809982290195 0.6737986247401875 0.0820596979142707 0.7977315674402855 0.7351860930638755 0.04641002891343293 0.45995596336244604 0.1459736827198871 0.8754307433691437 0.44318106816182623 0.5803898438537836 0.7043986527695114 0.006736064266915753 0.8068134860793407 0.2392200956237136 0.1612508446231664 0.8046533042062964 0.08032358046231913 0.8563178213420749 0.7048486497894346 0.052737127752711443 0.4363807603082456 0.9857958389629814 0.25206718600574607 0.9945253110701537 0.45842050973281967 0.5279864923363354 0.37835451079043037 0.8121754995443319 0.6008147043367174 0.07497964240877186 0.8120049210617352 0.03738386309368691 0.16247780294545522 0.7245870414186978 0.391606911520635 0.9269307239849944 0.7504520439169345 0.7250064027265066 0.14898762229919904 0.20280061343572453 0.6998785887657957 0.979373543718832 0.6754874717615812 0.14233598736159803 0.22258779121123984 0.7352135736220505 0.89840035894277 0.3383770598764161 0.07359872979965054 0.44685224732075335 0.08072023102026227 0.07479754630077484 0.9352964441541306 0.2779007521414668 0.8155384283078471 0.7088138201098918 0.704200232947617 0.5277317309329631 0.474813995870358 0.47271277574492643 0.12123578480580766 0.5729123499836134 0.5474178819399076 0.8055680663319116 0.024119007292660588 0.5547748412667303 0.26190691947187306 0.8516785347668882 0.44423030735053526 0.2977315291631857 0.9674826367291992 0.16999810058693166 0.8305220627611127 0.10563310872521703 0.8973412340479722 0.10808364577565022 0.5954691915348157 0.8957097687827262 0.3917728875033478 0.7907840826554497 0.8195039397682565 0.7358701908340974 0.33505536591896024 0.26865043148394907 0.277685947596391 0.7824378679718663 0.3066359357364302 0.6452959608791229 0.88280112521305
0.7567024585558667 0.3483871786460345 0.19715697177546343 0.13842441336664413 0.13072606540070153 0.44409591707529894 0.5915281140664388 0.9067071864644135 0.27480896028177504 0.6193648507361948 0.12343170388468261 0.12243772141588882 0.5958562663924799 0.26968652548914274 0.9442942866529312 0.829894041460418 0.328773308053795 0.020695735339620547 0.8242535059251712 0.09870096042521315 0.5925393423329343 0.9700707057841623 0.45415509995034786 0.43904181924697283 0.23824090271048803 0.9679248324596925 0.9749823021704869 0.14739356978539941 0.19767031544012792 0.5522720397508646 0.8945658372101235 0.14920843599041078 0.5424198776869023 0.44225446674122837 0.24688111757104259 0.49604472797752985 0.3866837043173511 0.49392639520471715 0.3645193214265714 0.04286357380969241 0.5297045422663578 0.39368304447719393 0.2842494342630961 0.21825358685819818 0.3503213024795382 0.16940866841237312 0.0948801050037208 0.5772058559228308 0.05207617591986391 0.46466054646545196 0.22867226593084344 0.010260976479448125 0.5107918604584344 0.8356202330108121 0.024877237911700933 0.9504028295758109 0.28842981959396463 0.5323266598346882 0.20942151098577166 0.03960838252287113 0.8468328151473248 0.4458488372077003 0.36696694301067656 0.49403938506967116 0.36116552029247095 0.10969580095559395 0.688503563754686 0.6084265169222054 0.08905427422507783 0.6312766606440438 0.38886235886870746 0.2751197611887073 0.5434870243340642 0.6006016658811981 0.11648972334624164 0.7722240392637314 0.24401726724087924 0.7701829784615594 0.879599071417301 0.5064531606188825 0.18355186638157006 0.0014183357517714157 0.8325969387893358 0.9117921454635536 0.22204744262024545 0.08888151607813566 0.2345406782671322 0.33943229852244816 0.40041073403957483 0.2608193751824359 0.4891458299576238 0.7651342111213884 0.5133073191486628 0.6357247594271725 0.8077090275968387 0.37298617470834483 0.9242294883518807 0.6893061153240194 0.606017447527462 0.5038119528529942 0.2903900773297571 0.27637139101929853 0.910574561078378 0.87019744071857 0.45930522779727556 0.5671016154072452 0.3935471892130755 0.8408379368016543 0.37110459555887787 0.1359688147705912 0.41906117149371236 0.5920071376592401 0.8097427556959839 0.22607716314000237 0.7370209008862458 0.16067764562088482 0.6950825542313124 0.435735970878796 0.026637552700000677 0.9991586110134087 0.5268218513176113 0.36573827266877257 0.21690530545588216 0.6697236555823703 0.3019380622522012 0.9773612838688626 0.40808842626303 0.4394156656765561 0.22456177693774637 0.01766346960372711 0.36546166737387453 0.7639642417059359 0.41026285535692997 0.9718650049860974 0.7327484250991947 0.6309744151351377 0.8772190105411203 0.5030699356085384 0.295771970642985 0.18313253827871623 0.9771497143817978 0.7812719703811387 0.5456452629788667 0.20404309554419442 0.39601873455957615 0.8434043173020291 0.4877545368859798 0.21697105635889447 0.44126159793787534 0.27041484904176594 0.48598461132018256 0.9569812919309038 0.5685269579980387 0.17465606028817227 0.2119320107246898 0.2787215366836001 0.38245468187154186 0.5935311890769533 0.720725752958486 0.7218665709885593 0.2585247213900518 0.8693534162459489 0.22945382552742988 0.5003472743783299 0.0856927450282976 0.2699074356807084 0.579375331583404 0.5895429559674497 0.791026772886608 0.11165992668766223 0.08785138172525397 0.1155294782707803 0.19584378038274664 0.9283903919663153 0.31678127348928675 0.9683808087012477 0.6563613981392588 0.8409662075131723 0.7258428463542661 0.3037808101606133 0.006914292963832502 0.49922781696761886 0.60278795803349 0.12832584370352207 0.8090710605585641 0.6032224780407912 0.36020987708647867 0.06421527117298631 0.3778637840026008 0.2799297241908668 0.91690197223681 0.10778716684648604 0.13520954463597534 0.9553725118518961 0.1624340862361564 0.9152652535793648 0.5047025130916465 0.37844195424623583 0.3575320215107065 0.9789813206051131
0.45003366060793326 0.7916284342781105 0.03473290734871304 0.39170792040739233 0.7869422408661474 0.5945125722093154 0.7790465027510455 0.7719860629751809 0.8623279476117266 0.18891466966154158 0.029071282060906034 0.8447172586911212 0.9132710831531786 0.14213413529353736 0.6538862788392923 0.5209044384263092 0.2153821701281099 0.7504558659553173 0.13112136875787772 0.732282613265873 0.5627177924506161 0.7396437987512084 0.6297536133641591 0.47412193779515 0.29702004203753185 0.025280700666852063 0.6877759271306542 0.27313060094319297 0.16858348809134782 0.5169995104179276 0.19854753978899786 0.5911772011005043 0.6289019673898525 0.6536357619282391 0.39478435990359084 0.9686988228023794 0.5262617551469617 0.34551253369468893 0.8024274004924353 0.21213435192872077 0.10685126826744418 0.3551141277254579 0.8359600040425094 0.9073667762441182 0.842462519568341 0.9835821043326709 0.8222967683795391 0.4586784828636292 0.8926499334939009 0.4992722546740853 0.09227773349581925 0.6962214691379768 0.5154019477599817 0.9216446818111536 0.9806027971591149 0.0742116389572699 0.9338331048193095 0.2544816223442684 0.1581623196191998 0.15977962328304762 0.7539184774970437 0.5635343223249657 0.22255321437856768 0.4366359245867605 0.6216463293167 0.7158544421132532 0.375061609291363 0.9183454645931309 0.3555153526364192 0.3618797808291744 0.17926232857341595 0.9627040070371464 0.12986291040402276 0.8797508765003716 0.38638653442347237 0.32760692203165676 0.034451552097224614 0.3281516099165236 0.5570588358946875 0.7203946850046931 0.932202211518084 0.154154438676944 0.21589178119354413 0.4679720726441413 0.48324083869906953 0.36808006687239014 0.9950829191149567 0.20534828704698427 0.7382552213951165 0.7589679606520078 0.33892875618476503 0.9312875777043734 0.5006352720623759 0.04828270873187224 0.7390577381843991 0.9450039998563979 0.2614881691389467 0.9968619374269556 0.5051681502794723 0.38072887910035946 0.7878925049230087 0.5192141387965705 0.2513937925671019 0.9321316410329368 0.92194954694852 0.5647322224101046 0.8054370121675786 0.8661839487182115 0.5886309746688378 0.8905570508286517 0.5672835972876207 0.435253698470469 0.31965750008653804 0.7864417277988336 0.7736550926815569 0.2576541696910556 0.012359337083658994 0.1343670570218486 0.1523551621167064 0.7085714137876437 0.49410726486682877 0.44428375054821734 0.8105991439155283 0.8101357197937717 0.7854285425902838 0.812642483960882 0.4810338589891051 0.3158749765097273 0.7587036457286181 0.8193670546191015 0.8345688476821752 0.8918740264400581 0.9758897638472356 0.8485651322340435 0.5053114147146276 0.2213811038471818 0.735890202177766 0.516085378925306 0.1380113700722686 0.12738514353636676 0.44986140489081106 0.9674027534895464 0.2510141163830909 0.05811032783919845 0.5385074443870022 0.5293726773612281 0.6302661979366067 0.9535827443363286 0.19656694910218153 0.4822783232528147 0.4534437325459776 0.41731700132501226 0.5293846241157234 0.3917803777741219 0.01745504696994926 0.15138182227806007 0.2521714559376885 0.600692366761035 0.3884470074168146 0.7874957857953495 0.32041802614895565 0.07180426087221914 0.014357772512506473 0.6182285144638627 0.5442531836837615 0.8143534889031557 0.9884629165806335 0.06733417261566821 0.09110888911351034 0.13121146584548227 0.3862778578886378 0.24170777739608929 0.3923988476469574 0.5552560530117158 0.330326838014838 0.02886047443277473 0.16759300432131552 0.4414994238741716 0.8792737484813685 0.7871237026450096 0.9439838766458282 0.6307620641412786 0.7757267031794326 0.11435694434982713 0.7972209838968595 0.7482738706118496 0.4963904728068186 0.9487054064182208 0.7788248743274809 0.6551324506331225 0.7271734602902785 0.05743314330538407 0.8452120943051382 0.6270514375593002 0.042527759073598514 0.6049380341520383 0.1022480965821081 0.7564051029233063 0.35960154572334835 0.342685732972035
0.9083026465868919 0.2231528722412589 0.4165161491199457 0.09458902056887308 0.7934972754533441 0.0010104540228703662 0.3474478403138982 0.8440792854313642 0.692953243239049 0.9788298939112499 0.7880528348632563 0.17739330979435386 0.9276562843830254 0.6208802822635701 0.9067138518769459 0.3807169128932636 0.7858157152695603 0.13574204419713742 0.30897349764349136 0.5708642998465123 0.10388379100443912 0.21793715713114759 0.3837597668325178 0.5102780375420044 0.5681943387123105 0.5165292497385078 0.13518623137207808 0.9981367648827099 0.7762149776383567 0.7412668117391378 0.9772715822659108 0.1599470684920281 0.28871141037902504 0.41173419934291167 0.2665250072002646 0.7349903246590802 0.42011986533946444 0.7501795774599428 0.8157250903368383 0.3937702946978143 0.36681588019052147 0.6825960095023833 0.6117808412739023 0.7253858270411455 0.7553126687628582 0.030172142938604152 0.9474548217350846 0.4411476423231736 0.5610291433388161 0.7065999549301442 0.2781526885356206 0.6693722168159587 0.26380976453743066 0.26702567587521375 0.1336997442395652 0.8166347886094404 0.3932389905221012 0.35516426705681503 0.5159547610731954 0.7504007940516643 0.7450070953327035 0.7641252819967259 0.7135632954407221 0.009490814593254626 0.9924257731126896 0.8522201769845429 0.6654610739672552 0.03701195655180878 0.3271592084149272 0.648037271361744 0.42992039562438267 0.1342265922564161 0.9715692849643808 0.6423061623113857 0.1452424114428713 0.5132707163012157 0.892378993656928 0.7395189217820832 0.017471852961831957 0.27267167404603965 0.9912822161472494 0.8714283078286928 0.9511109592933008 0.12436609966800993 0.23030757185361495 0.776086199910568 0.553996056346625 0.6653252729196112 0.5808818267080753 0.6645734044865437 0.6483375478956083 0.6495379425403741 0.7912953261167158 0.783916202186853 0.330671183449157 0.3361755832666783 0.17047062375895772 0.4667660755225611 0.6274683202974177 0.9570035939007837 0.327595275933523 0.8281531769405039 0.4899782257135723 0.8797241248314396 0.3189268956491602 0.46618688733598523 0.613381267091226 0.4324978414341847 0.14097551661019436 0.583423412321513 0.36534248314271456 0.4873356493137889 0.01990469726658528 0.03807272375559245 0.5384946087924275 0.80746645366159 0.7305978105979909 0.4860270571311427 0.9215698633057537 0.48512473919696886 0.3873250700306956 0.002068035753623465 0.9813832177021105 0.946660547665688 0.00033081295667858335 0.4715901523932785 0.12148523701495917 0.5568084474210533 0.2966236031293551 0.9840391699917612 0.47314540933096005 0.06418144055744301 0.009415330850579218 0.45312533338860095 0.6550749172864161 0.48587459349424256 0.31123689519518316 0.6716688511558492 0.1331699015174126 0.5496958293691702 0.9602985012013214 0.6941569542649618 0.994567433522086 0.1358788219270578 0.4428058423300619 0.20758814447114826 0.44158269152366303 0.6158145695095073 0.13625662630940072 0.2616608004098956 0.9491359602005847 0.8117738648094339 0.5351674252439893 0.7344462600644694 0.5650965627742287 0.8789932003839498 0.7116564984502634 0.9001974966065637 0.6261558559586174 0.1669825722006385 0.37413048361193857 0.24920276802236185 0.5916963643553493 0.7718913116348374 0.4859180880042966 0.4476437428010758 0.7018347222122182 0.15694316360461513 0.9407334687622843 0.9426435128773961 0.7014930572406733 0.6074260243981875 0.7891524832605393 0.29483379472606086 0.5623390388743834 0.9010140342346955 0.8653006564509874 0.8519859890845738 0.016378691833615955 0.23988051081112038 0.5440283001643821 0.6311449340894382 0.16393870853936188 0.2561712580321943 0.07955358889260133 0.5882457853060589 0.9661171452877306 0.6533610634618577 0.9779151358472838 0.8396637703873719 0.6261743377556712 0.6250026253575867 0.7023911401320013 0.6576857352542913 0.22279126125644988 0.06422701924162166 0.36629435993518333 0.5831577272150859 0.6758438506363861 0.23161985594716683
0.9922155988013586 0.5543712729511361 0.7102589739283294 0.5563678544220337 0.4767974807378983 0.5403199547849902 0.49779258151700634 0.5200584565847253 0.9050228431345719 0.2920669342779376 0.9549467680690691 0.5494141092061278 0.9843465352602628 0.43295037722001506 0.6759313675098504 0.6943151341302979 0.8786820361329377 0.988456939344698 0.9587031318101052 0.9730523268617413 0.016345198080303325 0.5884345277462272 0.8411938980328372 0.04111830921764714 0.5419077160406601 0.28257239537342527 0.7914212329500868 0.3573551968379025 0.9706341929868796 0.21184256069057272 0.05964069792017179 0.7974170514367755 0.13890911472440293 0.08265794395009018 0.5900659430543693 0.30449698659138835 0.46013070246580456 0.5878720266051602 0.20392755699007126 0.997458069638542 0.2939221453310701 0.39313661239779407 0.11785802823319136 0.7689606186001605 0.6019591247523989 0.6172132848872736 0.4495744585922512 0.8081337898513437 0.15214657108488028 0.26032780524568133 0.8982950566415313 0.9557534700589717 0.10804139392242929 0.708545646659101 0.7594736110849827 0.47092701010767 0.768264996207617 0.027919439589831563 0.9884306364531916 0.8370195933678621 0.2865195339679746 0.1512432410384028 0.6552369765913577 0.593737868028692 0.37117687783928444 0.9394169671304146 0.07698409928966554 0.5687473827435675 0.5193490559901944 0.32583664385028577 0.8428243159296382 0.6552092716305669 0.4270933123156988 0.865421152049286 0.2506678812064602 0.33226348811786577 0.7760233238218736 0.8993331007260527 0.2306779725625152 0.31555159222625584 0.31061125118861477 0.1286519289966387 0.31857911210539935 0.5065412362805009 0.313653222082092 0.060757445350480555 0.8495418880747828 0.8051228469550975 0.34223662160792356 0.2852915925671048 0.8136666130929594 0.7170847724217427 0.09237872760226329 0.34363295790283566 0.8286800545738179 0.5295277628214047 0.5975006800028099 0.035202485028372754 0.784181522030708 0.054798639076445554 0.8123985882916391 0.3736805522385872 0.5289173029079318 0.40382505595761486 0.22981426090729895 0.17390919947124617 0.18074546084577447 0.08321887584560572 0.666985818052762 0.37501204498490415 0.27645094515920543 0.507287953778798 0.206554147089534 0.5071107773988848 0.5030734396457468 0.9456773281794634 0.2033572270355457 0.10518361073466187 0.10190528174889757 0.05965999953436274 0.7841707806367305 0.29973949675146494 0.7691957721827837 0.9323044338839278 0.17981148902719235 0.13468144718208042 0.26247938019390027 0.6335295960525144 0.4774596087398709 0.30267071144452207 0.38943399066286233 0.7845603934666454 0.4936281583071842 0.9571782372711313 0.5695594797964914 0.42294667028700406 0.30264335008923937 0.6446985628945913 0.2914139916495193 0.8631272845789096 0.19758484563161716 0.24153326420852161 0.013497874465160264 0.19077570090726903 0.9146499015032128 0.1416813933713058 0.58139149549188 0.9004917903060278 0.8717384102894502 0.4097688341496798 0.8000556934230183 0.7431019582863048 0.43357989935356367 0.8253502915841134 0.4559635207469983 0.2163957181078766 0.8225096893669076 0.37107105467258883 0.4693185974883044 0.37228052804989864 0.8781379190885069 0.8944408858707974 0.5108190756003318 0.14275265458914854 0.0679185158437895 0.13653106451284525 0.22616083537350729 0.4256421072177009 0.35357963410058224 0.022804916730297498 0.7226871811284746 0.8428492347344171 0.22633106664384162 0.24682238811084378 0.34497088248091456 0.1180352612025527 0.18689174312726353 0.772119193847092 0.9745775208796367 0.16974464185254123 0.029624935482454595 0.07749346092467979 0.5997236827152372 0.6644053249937775 0.07078628530437436 0.43655736169371595 0.34791756331270574 0.8678478862391819 0.13754490064743974 0.33973124496923746 0.26501269899136204 0.050953870558830716 0.8315248270271731 0.9866976994121884 0.6105203350466678 0.16786933829209094 0.7672293382523127 0.0769243881852616 0.06792953617924713 0.07283588099940619
0.9901804807105082 0.31867494404170027 0.3394661358057335 0.40729515938031136 0.29736666215285523 0.6340829336040011 0.8583378809178197 0.5165669784097947 0.7941330846727175 0.41879018480909924 0.47723997400979745 0.5590376188833247 0.6216511201577203 0.6771796432492855 0.010883173954518655 0.06924977890436723 0.01571071378210842 0.24526681432690411 0.764042674829234 0.7274542494522275 0.362950376817731 0.5661800734110559 0.9547457972991059 0.83617076546391 0.9362804121703876 0.9023248292857157 0.8094934951293701 0.8735663665109112 0.24469446723591515 0.42101434120492875 0.5237799968458959 0.5572643451608048 0.015589413773268945 0.009644257114050814 0.4483172381143633 0.8720750116650738 0.005097999362635219 0.8872510747192338 0.26161774830188167 0.2325897450522405 0.8025747608543833 0.06407399753548204 0.688535508510022 0.7394258043610485 0.5679895664415967 0.43330417063600546 0.9307245609358553 0.2578586334859262 0.6575052605144937 0.4499059072417685 0.40979489563679516 0.5606260362019355 0.8394129168499697 0.3846574444151304 0.8178906830052581 0.6202868687873698 0.5283436775674154 0.4546986789020605 0.9483898689088132 0.11216489360356907 0.526428503586186 0.9445452713358709 0.8373136790758566 0.7170049543317822 0.6473449409660993 0.12577178326269844 0.07418106520584122 0.9777892459062324 0.14685886934627956 0.5489205583834034 0.4522324621635915 0.8711822312279963 0.3868157087955184 0.02778840520999637 0.10690776274865443 0.1596808942436826 0.8842707565897091 0.06644291298115301 0.23421583686907876 0.941608696558851 0.5171294416705923 0.8407639118090251 0.7484827601729437 0.8306370645284861 0.0821843279796981 0.34953970622192176 0.02876059520774865 0.5212016141772103 0.4453651767625394 0.47501348188937553 0.3430174614546677 0.6516549859864473 0.9093549350111407 0.4700690939896581 0.24560360212133925 0.7274350723129452 0.9529759854646626 0.26853076492375394 0.495730742102113 0.7899164988847437 0.3406788919928898 0.5327057152363189 0.0877348577484598 0.11592706850971102 0.8273506391357122 0.6344852480154788 0.3585046025040828 0.3645303518364319 0.12600788369211946 0.3542456273986154 0.4097856289567874 0.6316408819674191 0.6473279361152119 0.5009895594246251 0.10958196637210937 0.3486594029618457 0.8540367136722155 0.6792068520606191 0.9725722960206656 0.5792068293842407 0.2884119374898484 0.2687333717077216 0.11002533692814942 0.8079155628934569 0.15419042253106585 0.2906069321231971 0.7672574883721194 0.5300475039400215 0.21467263623772892 0.4734113442016995 0.01533251431639604 0.8190122093781727 0.571461836783384 0.9888332111678737 0.007582371370826291 0.535416045507557 0.5650547680140976 0.3490435802188461 0.7193663984094855 0.2627844253996884 0.0893832456815622 0.06771672847874455 0.920186941671455 0.297089981187307 0.8685964631435826 0.5329898950806105 0.19033627639364026 0.20086480686288766 0.11326879693150027 0.2673556624166391 0.5313539005491397 0.5110480092130256 0.7069719440075165 0.5412056490783221 0.021880073491057472 0.9825036763869708 0.14795259150349382 0.10311071298051744 0.14827001962204167 0.2568305703735484 0.6295353275324072 0.09683209567724715 0.3021341766722614 0.10907081688544318 0.9289033748693355 0.5486068654977752 0.764162258545676 0.26562277513072285 0.2617946927421475 0.5187716578863057 0.7163503972761688 0.8703794992168153 0.6827882643779756 0.3718838183953882 0.019509817619735137 0.9869538959106628 0.11548142666472794 0.6584528786696752 0.3731523453643064 0.024147201549303388 0.0039393521284476485 0.6029884074151859 0.7700351153035881 0.7519541287960172 0.21644083469370756 0.7689252648093643 0.3448868729190009 0.8296382074793975 0.47763671066192515 0.8555243748419973 0.6945748464968239 0.5451677993706799 0.9633987714675544 0.12003579870606418 0.5281011821788928 0.7346690203240924 0.6764788003214106 0.27662553877413165 0.8445453755358729 0.4704328536878889
0.32101832836385447 0.8915702777819011 0.42604263863956426 0.11679592289455276 0.24122643480953776 0.28040409853744996 0.6247715350205875 0.4995653649884111 0.7686669641221893 0.11565427173504517 0.11691048405832849 0.6337077582647995 0.1887028296007387 0.7422191987647114 0.7747954553059635 0.4074249371232298 0.39362282102007407 0.39680533662602213 0.15223806645034121 0.7912475480714343 0.7967624160562153 0.5967514413516046 0.25842124585441806 0.8635140935889417 0.3321934318893994 0.8231708827992488 0.8513987892795247 0.09796141407495274 0.4342100267271255 0.8174857888793832 0.30141622431063764 0.4507243308617146 0.6048047642076986 0.27447964158094174 0.7342190420513198 0.23516514928168042 0.7386803034647884 0.3612087287442248 0.3333753216149553 0.29613112731764246 0.46234062154861766 0.6805945465349461 0.8982847202057006 0.4335914498408997 0.9167564193439387 0.38549286357192636 0.7691664659635142 0.3667032755661561 0.19183452614236463 0.00772032103429221 0.29056639759035163 0.6891751598629433 0.13248174706307936 0.34972541053100725 0.4010342468550112 0.5297137443583658 0.7663529678746176 0.677335478183878 0.47732669772624625 0.08991018628751946 0.41947122537905523 0.7799007892206292 0.9989287818165232 0.5186196987267861 0.5063376490244255 0.9892979346606959 0.6417824140174242 0.20873638075771805 0.33841290203227137 0.5633890190359884 0.4295837408623304 0.15104795394478476 0.2273358239511305 0.13765075379424452 0.618322256524971 0.18539733880614884 0.7642801228888237 0.9958557674847429 0.8338409431691012 0.8516244687470219 0.36283695229116175 0.8021497317308723 0.6578382674207877 0.6273486895334613 0.3656695785291936 0.06292466423467791 0.4029598982231378 0.15694460320009906 0.4246460278091596 0.19262549565306353 0.07436257971725058 0.6371207332202219 0.2721743075714099 0.7342257028039683 0.46622802683396436 0.24695203995342696 0.7130064513136433 0.9378557511555717 0.6613675250263272 0.6088881849809158 0.8572275778426468 0.8356053872258857 0.36007603365833196 0.013870278160995064 0.39267805877530515 0.2290654924990856 0.5078325935799045 0.7306952894819424 0.7369371942906255 0.2440616208510039 0.6892258720293954 0.5021020449626237 0.7378208814585365 0.9374194488297829 0.7198521924582305 0.5339889957313652 0.5161996082593784 0.9556227141401943 0.6328002725069053 0.05641003977962211 0.42691057058127957 0.18376570233403244 0.9233967975411999 0.761034855414481 0.22081476883517304 0.18501895725104545 0.2601919982366714 0.47135493050651067 0.7748666557141087 0.3294593252078881 0.2106127823319246 0.414719045479923 0.9334355703018435 0.05582747570169011 0.7324405344267096 0.8849201791789889 0.932718975361311 0.24580124751991483 0.5528939215275265 0.8242609400546822 0.04355514080941092 0.2431044190768924 0.4852048101909898 0.6324862924005451 0.4447912484198262 0.13365080132559226 0.8201657423544496 0.24247656864064737 0.20345157665842828 0.5834474370934537 0.40861949948244525 0.20587383227400002 0.09091232318835574 0.323056949424986 0.8230620941937551 0.3613375378635446 0.9137209297348026 0.12965312631172077 0.8654338202583847 0.13004948472299072 0.6693973919518865 0.36416105803683185 0.8937069587579958 0.28190791161594697 0.05324413246329285 0.9434513367498548 0.1892568778462499 0.49335753003885263 0.7255829779465104 0.7645372297257474 0.5406983418835212 0.6317316013312991 0.2016851080073362 0.8786608143052621 0.6960114406931597 0.8791485583798265 0.6794990067259258 0.4481887181416191 0.6145840323912285 0.3385695272596847 0.3612036837030159 0.9405585625330156 0.48578636586067725 0.20999856117613547 0.3045430977520027 0.6922149379831223 0.9221151708049179 0.7906178946336497 0.8213305896462684 0.042201689262322706 0.13109768294761914 0.28297509549676336 0.015561419250703756 0.6337188178176744 0.37736227619156504 0.7919522632142486 0.18531938521458569 0.18910014228615035 0.9171466566677933 0.9898816315741704
0.1250068043543785 0.8778523444430155 0.6920502565303513 0.9949474140863631 0.31883289306318086 0.17035436418390426 0.6634932838941032 0.9455018564028695 0.7391340039467054 0.5430239730474543 0.08537317735885808 0.6946598022997044 0.965294228776238 0.5486847679194281 0.4752312916865845 0.30546716275064933 0.7396811500787165 0.14526638771010947 0.3257172177904494 0.1945570403750242 0.9745961630471139 0.26243313281135927 0.9530645986111684 0.8124437164547013 0.24233100906899974 0.18524821397313107 0.40681587783824946 0.12133192988264363 0.7180287117269365 0.3546318976684659 0.09176878332592486 0.8761535763055583 0.05847787904440249 0.09927666637088495 0.16309753346324807 0.9127209731873632 0.5342762153035366 0.3718827194076473 0.6290632785942378 0.5930463898959746 0.8660720035385567 0.8155497650091038 0.9299435058719596 0.9759996276059105 0.8249747115757259 0.525337163744506 0.28228594468621004 0.7676371716134747 0.3048399219025114 0.554167341160238 0.9253153903269646 0.7197614177348288 0.6190835060193783 0.17662906760420816 0.059079468980339556 0.4439898496852993 0.857375585150344 0.22031664537664897 0.63594269290753 0.9151452535456965 0.6485040057469128 0.7379871685325783 0.8791529780270325 0.3059968470609761 0.6965923963877909 0.40416573203440276 0.5160813231206379 0.5839756643459132 0.697355079645372 0.45611207763707284 0.4867742804965879 0.015455603391216655 0.23901519159667395 0.5981589106267717 0.23432661546624844 0.6561133158388914 0.746494839445024 0.47093135793237517 0.3061601098323603 0.0747111743824499 0.43834158924960664 0.4041370347063513 0.247189748429672 0.27499453930457074 0.07390736210789317 0.7171535160219454 0.95804194993331 0.5533917936353766 0.9587741554960454 0.21108589361242858 0.2922932217413243 0.9771735906040532 0.3299148424284588 0.5773293783102253 0.9073903578227756 0.29255716264237464 0.9967424845226013 0.6505658142930973 0.7381276805111064 0.9300466773593571 0.5932663204415078 0.16143078779957176 0.9848353814915237 0.26223183903970493 0.3741814060444054 0.2412184574075209 0.988924627195424 0.658698860434188 0.12521621283796835 0.38470608000058115 0.141004703851495 0.19340330739243428 0.2502579550950865 0.6786588793211149 0.26672630170007805 0.9000014109052337 0.3873401659227681 0.21681473690011444 0.4289206171214237 0.568500098336477 0.12091120697905122 0.5435118735975182 0.053134570289474214 0.6904794242953216 0.8121549307763779 0.8963469486120254 0.5704803733930166 0.036253007356886746 0.6409780889404132 0.6296132294714541 0.1276612353852702 0.18626635960584104 0.9674728482405479 0.4038188212723002 0.926393687200174 0.20528649075233985 0.18959814606062086 0.167658072182848 0.3078515638671969 0.22732448508234238 0.1112911617642891 0.1399168379196437 0.8622700047397752 0.053173474615594074 0.06561862651460348 0.7286251126013007 0.872683838770329 0.5020331648221622 0.13688418909994482 0.42238215838215976 0.9783981013926633 0.9353236252784363 0.8125594532394429 0.4585055027934495 0.6822876238784471 0.3124822560215935 0.6619102493216882 0.7587996854547727 0.4557997938973396 0.04572704271656125 0.2836649909032354 0.4742435417279227 0.6329859387663221 0.7095393215908253 0.2778711187011669 0.5312541448739876 0.2503288646514925 0.18354989133150745 0.2330667000022386 0.6189512319059108 0.8167747932787943 0.13371048923778917 0.8321217408723622 0.8987031747203216 0.7272907662606062 0.4164069831696927 0.2702772852897518 0.4116365670292246 0.2515571853565173 0.10154695142258219 0.09391009202171652 0.7358078113386096 0.025385194026192548 0.004119936508195643 0.45461468783757797 0.7053542661282588 0.8241288378988181 0.3563615471947372 0.023892618823205924 0.7001307407160987 0.6935746690234604 0.6032527942399811 0.2535836893929002 0.41402295484781315 0.0971957767267837 0.9118298138508028 0.5491227362934968 0.6556736144001766 0.3663172505293719 0.6897829220381868
0.5191384787502339 0.9555000409184102 0.727573088550532 0.10231923245840846 0.026173198355375682 0.21258348992039755 0.08528417203601768 0.002677961655905614 0.8788667803824651 0.4099688165942291 0.6896213868887435 0.509707666822414 0.20163974543302698 0.8187493285745037 0.09920210478855107 0.36944458448349693 0.5360808060964015 0.7195343445558294 0.43978143081699717 0.31342420456388687 0.9490610124014759 0.7916084896901358 0.5103796736012699 0.16270182728106053 0.22148501299123513 0.9126910811400486 0.48925474515039535 0.3330903083593275 0.930110416750478 0.9710490364082287 0.1418312017032437 0.7580863015115389 0.24281279030448433 0.10510027841055836 0.4054413388783846 0.4885819118753659 0.7521612418081465 0.43331163596279976 0.09492938792006422 0.9490697139743636 0.5863217820927724 0.874221183660113 0.9772259399703168 0.20757687419608617 0.5615923651409604 0.17827059765983533 0.2545888693628806 0.12741515627513555 0.9795921132256051 0.9957538832888719 0.8380558227895054 0.7697306093758032 0.903327191112207 0.5469045203222553 0.9824679067115346 0.8846251166117456 0.37871424568728396 0.6185635251268803 0.9400075622741818 0.9039549760165716 0.4213460449961134 0.3531265299959532 0.35631918441516464 0.2093516862673116 0.2799679914365336 0.2373320477887334 0.2521494626404599 0.6403707965331346 0.6735120799824537 0.8904682817216322 0.030955006448840305 0.062278702990679724 0.006493833445605612 0.27212497065178876 0.0655423394863276 0.33622012193082174 0.30429363740661464 0.596258398420857 0.40686641725426087 0.6255638115165166 0.6715536205423988 0.9191599272830902 0.6624798790879135 0.19629839765414137 0.04966395826066328 0.35735372607516236 0.5913243375746539 0.6807216060646695 0.2254625616937651 0.268401421827025 0.8885451374407654 0.9968738000510012 0.32414177167150215 0.7303063539153661 0.20780446858132096 0.6650816428269851 0.30851935441205347 0.33058154238224846 0.6615864623877674 0.847291708602322 0.40874191149402284 0.9441727333016912 0.49400283995831307 0.21455025864993915 0.4155991254844066 0.6777305746888529 0.5280322018684501 0.8727533056283404 0.33430625453539853 0.6952403002473145 0.0166933271974139 0.3555949658919101 0.5104608935787207 0.5624741686927558 0.20187785226723798 0.5537016247424975 0.6670229749781621 0.8913877399027008 0.6688439498609557 0.8671336944405859 0.05207639292979793 0.8070586273539327 0.9840255166253238 0.058835675763481476 0.7366772341047404 0.9257525845356236 0.8464816815489209 0.5773397575528914 0.7073418452018919 0.6305319545850293 0.24683093871421402 0.3170632004956796 0.9521291783739393 0.8104370583188716 0.058880810328454936 0.8491798135838137 0.6173668699468506 0.36006677380966445 0.23418483612009944 0.9170847324750254 0.8813419791541248 0.7083780145527605 0.556050713448618 0.01676022557587442 0.15009487716304504 0.4849211335628423 0.08840907886835381 0.5076740032288023 0.32660548543596934 0.9736094070814935 0.5564509701871865 0.12047878598718942 0.846972150933062 0.2691166804968691 0.32844276062946776 0.6966280593563114 0.9446536611189832 0.2515086965508627 0.2626483450622674 0.2724975559287619 0.8234593060932076 0.3045361445328362 0.1209573823629696 0.10523469325415524 0.08530186136004114 0.14667613127963397 0.20674466239121791 0.845088583329343 0.7397835896074385 0.7287064420982717 0.9195108558634363 0.6969269511450275 0.9106926653081937 0.09585170657009412 0.14319658585354944 0.7084258790646573 0.6774153705772968 0.9823795820622364 0.9263500858517811 0.6400165989177962 0.6430927524292231 0.1605762195873578 0.5177886377323031 0.0008930053444730079 0.12696009882560522 0.714027591036385 0.832659703993981 0.11580598311371926 0.9026699387962491 0.005535083031537047 0.6815209450337483 0.04374929585292897 0.9927455060928535 0.652902366977949 0.21538916011779408 0.8180830769660022 0.46346684807187966 0.0420183308130454 0.6814571765582815 0.00938580212959128
0.8975559548090117 0.754338875201478 0.33111216080690997 0.3087153621510983 0.8535831018286523 0.7081716912843631 0.06304047024116399 0.9748948661398459 0.6762190665753435 0.960277492232969 0.7390963799923704 0.42006509901963474 0.6842175185781173 0.7145063694126037 0.8705401363235177 0.4695452887284898 0.9032245765562988 0.7410150041317917 0.04443174642751291 0.36044231207443767 0.4354870892676995 0.30150231494896285 0.5148565721998984 0.30109310912930143 0.7012673558648991 0.37478541226788253 0.3697572447755675 0.4027171908559637 0.8300145281746426 0.6773892765617164 0.31771676607689336 0.9849087030866568 0.05644477193602904 0.6851647203016561 0.168486672145022 0.7058073763434877 0.7610402151583445 0.6939334953930576 0.04668581292535179 0.7027292301574297 0.3642272039163754 0.23240826843772777 0.770092918614023 0.19780758389233022 0.6862986438767806 0.9240665048598815 0.0499585511261017 0.2890764441293261 0.7773406967450528 0.12195773447752234 0.39206912597069765 0.31779028307434154 0.7407942661709122 0.6318521114936796 0.6730175898932721 0.9828452761669296 0.9734304142412854 0.40427311671138444 0.8514829883011502 0.908489445122986 0.7695034011272717 0.7031281682954489 0.15161050513055108 0.5032595701202369 0.46958341552770544 0.054522249469797446 0.5688823840931485 0.7588929770012088 0.36951276148993206 0.24564510057807087 0.669825760695132 0.5664956817710353 0.5475196751640109 0.03511850862832788 0.6499945079843378 0.5298085009598704 0.9785932504397531 0.7806870405591809 0.6955080263611885 0.5261008186022187 0.21143340759145968 0.6295283046903032 0.4239564375931921 0.4158732069715262 0.03979841090236891 0.1608409029494252 0.36181148169897515 0.15147868732394 0.6151021929999086 0.00471543149077025 0.49510910046047407 0.7574123366873606 0.07989583864064043 0.7319968672710317 0.0988564920936501 0.24150646383922525 0.7706177341342284 0.933927112854483 0.595803744456157 0.2100369072242152 0.4515566614968807 0.15856663334360954 0.29406369941998856 0.017914513023302714 0.8333753669625443 0.758969874182684 0.7103239185969547 0.5759582699991567 0.18924048291434747 0.6522651571432865 0.3333228079334416 0.3817122108315859 0.03674237392925139 0.8064197908528516 0.6604401871487561 0.6171078989055172 0.21599016141293992 0.974973464408257 0.04745832168051023 0.037957771817952124 0.4082901982050998 0.8346531307813632 0.4303036761034329 0.11895457092267725 0.7180029745427706 0.08449906331283374 0.9229093120454888 0.5715233232513891 0.7141041266477448 0.6130719754014233 0.05148252728881442 0.3169108702816794 0.3430537924650059 0.9199907836029877 0.8591305088264616 0.7651787692517973 0.9179139032278347 0.5159670960655619 0.9097490007556945 0.7760602126574406 0.4398387945750918 0.8416737702178816 0.8602494913604836 0.36950589745392926 0.6213556107915981 0.8786764968341346 0.14073653344106385 0.6493282204082098 0.6129911075970921 0.0696427510281672 0.14312556960807543 0.13241130549580182 0.6116803516975357 0.5917462020441371 0.05665199196111581 0.9863271663299631 0.12446326550476328 0.49139943908369565 0.8478303504871264 0.870525766628211 0.3472689786434454 0.6455219541535875 0.9102312293429649 0.20549683998323953 0.22252720825706473 0.7039890650729732 0.25505071578962935 0.9812324158285419 0.2240873905013293 0.8662003101135347 0.1001856890486087 0.802879301860935 0.4312395194197862 0.8630038479782894 0.6575809404857035 0.11930419479493648 0.25892552652916667 0.9125066087199609 0.47698256438061637 0.6060495797933229 0.5920680188649987 0.3501060187710957 0.2243673215098354 0.2706339905357362 0.7641910289747799 0.41840868603012926 0.31193776347549307 0.5689878795612147 0.5377570845313512 0.856626755993871 0.2236569310096156 0.7803544404342169 0.6456354270861405 0.7534601629009037 0.7675463396007294 0.41647177179453876 0.20459907583794812 0.9804148141749002 0.9446510025405664 0.9817628333461947
0.7017486996276173 0.5510322372406505 0.17337426861201888 0.16964077833643465 0.4765708274197882 0.7455653352520751 0.4615179449400211 0.5308700680320922 0.6937195969235218 0.9166061761336619 0.802769512816095 0.03507261028497488 0.3670585779087684 0.740929665207862 0.2277705872967507 0.5789877290358478 0.2838692680118887 0.689737114493455 0.1107668984070651 0.21505960964749438 0.8310428923285014 0.7272035537880561 0.8910533900090479 0.11927592869751402 0.19500063743392904 0.6661666588870605 0.1474060867433431 0.4731416392667628 0.2846439590053562 0.3067651468703453 0.7170231038758188 0.5220645203375972 0.9591836905134127 0.8694855721020112 0.7813521724317017 0.990303327214736 0.4214802680018912 0.13422354369989908 0.5548721244170322 0.9184007485074193 0.08534787075519845 0.8050534688082212 0.26557322962201046 0.4615937028893621 0.26781688660839864 0.1996029708613597 0.06078272975846355 0.39645520086176556 0.9870930269003101 0.14347947228689373 0.14611210056981627 0.3808028395432468 0.019614524142345102 0.2319749953158705 0.2299426384048765 0.5393041888695952 0.5237349326450351 0.3936092332815381 0.35686650234682193 0.10737069085754081 0.4937959362403146 0.9428870134007974 0.9478784733728811 0.8240429512488554 0.3913105052374164 0.04367666981593987 0.2513911027337986 0.3582807621920586 0.3670859045558976 0.30658027696387824 0.8976573343570844 0.644193955680371 0.26903568274752954 0.10644158009865579 0.14124596305068315 0.2055039092242702 0.1621662744844602 0.02672617402798616 0.522980896577469 0.40697000411833184 0.5571393924440124 0.5378747455770706 0.9514161452734624 0.21074020733238252 0.2042709062549628 0.4501951139561373 0.32686323919169313 0.8093547501562938 0.8438605747872888 0.4705786120777571 0.13600539129992695 0.7917038515990836 0.5076620949400464 0.5251826358238327 0.27540609167250674 0.9282574474198503 0.2378914612169044 0.1511801094691534 0.28879481492905357 0.46298738589608857 0.27909354993460234 0.5683729535351368 0.08847292793439732 0.6121688427787162 0.7420459158928794 0.9923054502379376 0.040442280993802426 0.3140457921591834 0.4516177025079975 0.27158708987916613 0.5394640301167773 0.24141207337846826 0.18748460296991065 0.5201250835499794 0.18266042715025566 0.9993630910474183 0.7236532632953467 0.3847396120252574 0.7081310638183802 0.49950991313645965 0.4440358832892979 0.18695082991191314 0.04460009736519743 0.33071960939890466 0.916707998686583 0.7110596826428951 0.8616937459623301 0.37777667831551776 0.7073820214142541 0.2529619539424265 0.3185823850427715 0.9284792814338128 0.29707925002904423 0.8581911708804042 0.8075322683211684 0.06481079775602139 0.5486133063319549 0.6883136475915238 0.6635287305682744 0.06938343110759138 0.6730475779398774 0.2020882611022069 0.49701513722996227 0.739110459801848 0.7265543640939899 0.424929978561036 0.6337775952726183 0.4530777605447709 0.5111536973319571 0.6537414763354737 0.07246972625608894 0.5815292197642632 0.32699158256441285 0.7100503638989507 0.15084766720199894 0.669103384917969 0.10023522729968826 0.2948108509367169 0.9564901024344009 0.4406086618854449 0.012348188188597953 0.07448659442775651 0.8344717108893129 0.3689950125343502 0.8699280064830144 0.45010796086969884 0.11812053477854023 0.9602468183336276 0.28891810863629297 0.9590650100758551 0.1538154651006436 0.5896319647146152 0.5147510598155076 0.8644551499267212 0.9561251105564075 0.5532540157459268 0.3479486933917739 0.8337495227763132 0.10232727526780083 0.38866493346517406 0.17920253216894988 0.6895610659204388 0.2922463184617077 0.6993173026677408 0.31246625134529316 0.016792416225348772 0.42445713734220536 0.027818886261093967 0.8920966728643706 0.3793712113480321 0.2614202990766745 0.671408065067917 0.3604304890721438 0.7736090565265663 0.8353073511957183 0.9474198726559008 0.1660178589217638 0.5595186676941826 0.38155332413057486 0.7752980182440674
0.4668716566522868 0.1407435478229324 0.9007297451139303 0.38968524025482565 0.27243107058389016 0.6815770543787013 0.9141167846790486 0.8119582150525129 0.23419353999122539 0.8651545403286943 0.7524468521755219 0.7096933270220573 0.04116399504798052 0.9073646255081621 0.39914651225193243 0.9560130450481088 0.42476438236663216 0.3564754183641282 0.6352332830219366 0.9493272599118757 0.7009279081776212 0.03383154961626833 0.4588515992217509 0.5146810664640901 0.7645465222634752 0.6743145458157067 0.23368236038424972 0.4468838935471948 0.5449605163195906 0.33386377042005155 0.3439770144890403 0.39558814522306807 0.2423370529238409 0.2801255892042751 0.9043169282323648 0.5806840122854561 0.010252649875148179 0.1563292717921695 0.11206805421742116 0.9857069957645278 0.26586770181044195 0.978484627535175 0.29644812910163276 0.7948678914032893 0.6094722750532986 0.0001506955854322367 0.12934245930981303 0.04131442445507538 0.8824519958462395 0.9537959238225774 0.8279254339088679 0.18427877712605378 0.3829300137586271 0.47151863160860596 0.6858145352927555 0.38793964946037474 0.5327257078162406 0.901336698061893 0.475723926495884 0.27785985763956067 0.5291289820184516 0.3162814583338781 0.7038436384408668 0.4952537873915689 0.14927479837335977 0.6868333519670847 0.40022700153293533 0.976093761251216 0.9814787401210163 0.09426033277892176 0.45990093225456485 0.367322332063027 0.24901599915117323 0.8958010828854839 0.036766518378683166 0.7707694658191427 0.07549558720226102 0.599211616533669 0.23917326596839572 0.9431968468875055 0.45311953044219644 0.9568959026582554 0.5631091894556405 0.05074472481485093 0.4739441690625401 0.5595224399649257 0.5407687848149636 0.7383680280073157 0.4477349523265025 0.47698023550420976 0.6082676562985627 0.42050071117909704 0.7764277883427645 0.844919508114872 0.04284691713254962 0.4866238273477873 0.24306006494325638 0.501508589270249 0.40580278124946456 0.10265121289726697 0.3185364227533428 0.1104121056785804 0.8670259633296435 0.4034236898375434 0.8283038681214115 0.22270809327637264 0.2628221371165004 0.7133719613545337 0.6243076063994542 0.3620022680603485 0.6910977193644399 0.615773239660507 0.616716657955478 0.6075451303263634 0.021819328841227947 0.6159591823805202 0.31586458041803367 0.15864651270461316 0.6894858419554325 0.46679380173101104 0.35704101554435186 0.2521998464164873 0.23932149144317527 0.5245865885298471 0.8140490346208398 0.5816976197990946 0.9205795902352115 0.07430451016372497 0.313746002007519 0.9400487140623789 0.5966402329533969 0.6702420965992233 0.36898836441555394 0.7057197947256075 0.09331613104278269 0.5484645277132124 0.3361349491071459 0.7267393104345368 0.23340090095476396 0.8608942699032494 0.7852787397889394 0.38192067376212036 0.03642861781362661 0.6399445440016817 0.07125238228991448 0.9457555197263391 0.13350374447719526 0.09816209584428015 0.5683090503564489 0.5573276909240271 0.714940455287039 0.7249894809683664 0.9160766231065821 0.30725932135726064 0.4516099588239876 0.8184170925568413 0.4673597550456793 0.2774793870144665 0.4091738268278241 0.5483739625834704 0.5283262299587353 0.8545080852617255 0.17869009529742041 0.5200080910114271 0.31711558545063423 0.33411632419688264 0.7967527478036037 0.2536242172632899 0.14261479133288135 0.15191376659646927 0.45028825293685426 0.8718476454181935 0.018287565189752497 0.36096543883121546 0.7965506781580457 0.8493104342963813 0.7631332606186801 0.4144874046091357 0.3170047235472544 0.4484728512597056 0.7549387511192822 0.5756411517909088 0.7171825024746099 0.33391651239937115 0.020103302100521248 0.07949346871061103 0.8971166008770959 0.41599675117782464 0.6200605612322571 0.30358144605820137 0.33258070668241335 0.34932973951995216 0.3705507171353781 0.8556829216688913 0.6885504345383057 0.05909146833735934 0.6294860735676635 0.25771510405781384 0.6107910509353085 0.03665680048845432
0.47889766383834975 0.06817522708777624 0.3912578714102759 0.24433301707808885 0.6816091947190889 0.6594737952381469 0.5577106463239653 0.10543748205492931 0.7247221449222921 0.20123140141812101 0.17220390611466008 0.7437395825024335 0.4654143244504745 0.4531477601024796 0.6231963642109041 0.6947404001941336 0.10337245692592822 0.7388148090086173 0.5973254001705486 0.04815748606298187 0.42707412394974953 0.34845348056210423 0.6864176106013069 0.2525854418255079 0.6545334795730055 0.8399460329333709 0.7812424011882855 0.38545811190600954 0.18420311832891523 0.10547441050815842 0.36593303204598215 0.029822026793954404 0.7513459830074273 0.7075936878764154 0.0038839262591039425 0.5503314662266401 0.27814906020143426 0.9701069895479697 0.227241666081901 0.9789225882118275 0.5486082140099323 0.9705656402044978 0.6167937638406034 0.17629347680638674 0.20245320812079115 0.7713820137727111 0.17233651687520934 0.853385971568466 0.06572043434635655 0.854105109801072 0.4607484437809555 0.0513918051404042 0.7704756489135479 0.7628605616620773 0.07753419175372744 0.10498419641424539 0.2124585682022323 0.23185381781996683 0.07899322033277445 0.2843054964796945 0.4304488779150947 0.6047584496572248 0.09160360010055613 0.5760333685398408 0.4867993385953092 0.7240822308711131 0.296398844196855 0.9506739021235535 0.6211325015750707 0.2902197134888722 0.027438101990376107 0.175482106274777 0.34951072676967065 0.8208430982182527 0.37044122378929345 0.8137989772358012 0.4428073502905906 0.006426802500385631 0.4314812487022339 0.6908637842061799 0.009146602149553318 0.6997558853403979 0.9862645518465513 0.1263172940168621 0.9543197413821204 0.6233522206125318 0.980947481517169 0.5826654421471157 0.24759810966715323 0.42805416312651845 0.05770163893808711 0.08290498339886654 0.738291550347491 0.043233935833706605 0.96265343270244 0.0634739971390379 0.7738444086369286 0.1761940456124188 0.36741999140177406 0.7364913885078243 0.6094623668630098 0.5991022717074977 0.9490942229514526 0.497389396617008 0.3917914055527105 0.6642812102341893 0.6857976447582435 0.3265568497210376 0.7736702184860443 0.8679699883945533 0.21222032128106794 0.7322237970795451 0.5850298085396033 0.6431092800540823 0.730058499807489 0.1813598700464515 0.538288449734337 0.5860297479839687 0.5693523810410797 0.3341375203943403 0.24984608381898088 0.9256026776738644 0.13278689742042027 0.2556362642575454 0.4792442443598378 0.3700258770132189 0.6236028142614213 0.8016492601132889 0.22770793498468112 0.8222590695880456 0.9963605450176831 0.5907700609338327 0.2986460896163612 0.8315510316872868 0.2814986070558618 0.5909565143113312 0.6512443497245793 0.2892494249237384 0.4136402885012901 0.72062296682064 0.3460282059521662 0.9980750478267174 0.5188581068680473 0.595173634456837 0.32980648791117173 0.6893495291214942 0.10549163091010894 0.1305096061294636 0.4962481434069622 0.22603647996628817 0.5304457337329869 0.6144202602076163 0.08501057752050478 0.7624723674440862 0.2736064099051527 0.7556388312062289 0.2345772161893669 0.7062205403688654 0.08301520132065776 0.7930248783535975 0.19828257465551113 0.7463371146168464 0.09789480862221589 0.6508493057486671 0.8736832322273536 0.849624663178972 0.18232130689347448 0.8721399105143253 0.010168383779418977 0.021906538206800774 0.6628552706387675 0.21187121384302232 0.4016837501786855 0.6778794509449431 0.7119400753447449 0.005333001451752528 0.8120250704193678 0.4968379501139878 0.20587149057513765 0.686113000986418 0.310971302067214 0.0721767722223613 0.9862236102079531 0.7521771379410863 0.7005451699467905 0.8821123467081161 0.41794207470178024 0.052920108124859366 0.11025783217328544 0.14992011218123769 0.8109938177391587 0.6630889593004068 0.5956659698036717 0.7549337182501016 0.6103395829689896 0.09110644500884424 0.9591106615386661 0.6498625819838562 0.39313371970822586 0.8070927709807336
0.45459964379606177 0.3394887987946351 0.14733210045569922 0.3373105232333451 0.11358976397371023 0.5232447421483487 0.6965123700889766 0.307392796189332 0.4988578937507101 0.33724120959996806 0.19910853168132814 0.49894232260680704 0.1981478953282103 0.8547099669893893 0.6850503263244534 0.875814207703076 0.9680154626100979 0.5946171051095055 0.8558502076718499 0.6623304378328867 0.4725110579773327 0.4990388126879097 0.5359010188876222 0.9713751165065901 0.5238712493068374 0.7185753496990473 0.9572679311337808 0.39155837678715655 0.7071738774045595 0.8580454883333013 0.219852579000809 0.48554098461584116 0.38568964545580675 0.9777576912686802 0.5195447449231756 0.37161936332170054 0.8850694347921951 0.7345799229217732 0.2394559817924795 0.872988960753412 0.9671390016058363 0.3831747573236116 0.5136880949986316 0.8234744414678893 0.29180687520109283 0.3986472230389473 0.9498079970782431 0.8357728186569281 0.7767625663435754 0.4854811946753932 0.5096684227401671 0.6019984601847249 0.8612399949570547 0.15539957026679208 0.04919664777049815 0.309390606015406 0.25964180322987196 0.49875838029574016 0.14825528537213062 0.3947108444819556 0.710717080025311 0.1661276523790689 0.8573877114012517 0.3196801050167104 0.26132418749358344 0.8481614347682908 0.9361367694393037 0.9334023266333805 0.14143839149778648 0.00626561956127869 0.8601362496549825 0.10047506170080356 0.042468948207122326 0.9074617032868646 0.6493877616835497 0.4313559546862541 0.6591197485342483 0.2889238113534365 0.47819098176264574 0.9834618521908423 0.4072461389057257 0.9476169619407514 0.266076421100335 0.9097575313252617 0.2458393479398605 0.8220181321247438 0.3996924917013769 0.005654264739461179 0.8850041563824101 0.8816489300887271 0.7640375030169863 0.34554877515484717 0.25449855382885733 0.8897859674361339 0.8400710454636867 0.5533286025568356 0.9761774831279699 0.08585095299325896 0.34765367524937707 0.9839523587475772 0.9498615761103567 0.7784203527590339 0.5471219556853564 0.4619017538940894 0.2351947348720681 0.21679076477239878 0.32932064336678246 0.014322927868135604 0.13657571444960737 0.1428216490268266 0.9665841594796944 0.07690317724036433 0.31573611566982973 0.7212105245344123 0.29963910400781424 0.5925665782623435 0.7129900995174387 0.11058609047734369 0.6746444124088363 0.12202080194214004 0.6632026863771514 0.2054193321631269 0.314965109472072 0.6357085090902264 0.7071167414907213 0.7636500530118512 0.8294599098571483 0.394164613524729 0.8453746814230702 0.48311114980520176 0.7653170822661143 0.7438285609579325 0.5232487530898764 0.19009178347796063 0.7593919974943364 0.9012560759521415 0.3434762745134984 0.3616583807702307 0.8453725629751632 0.5241777352095431 0.3439512755352456 0.29914669368969615 0.017599290912741594 0.38679075840115895 0.3821239644865113 0.07766393659909465 0.48287698461829154 0.2781060574381027 0.0014519557023652263 0.5022207795690897 0.451749170990145 0.5133823459665656 0.9765239278900527 0.13076731726992452 0.6870736063812394 0.0820176625032184 0.6996439954034497 0.5723634722989237 0.2985742772368336 0.40389851729939796 0.07398895313291143 0.9141005072486424 0.38638763125679165 0.6585167938416031 0.40200614485206265 0.20019983902842697 0.008182529606137856 0.17113929307217357 0.7114761473396731 0.0001918207375397607 0.9470930168798083 0.057538151546058236 0.7810000113758042 0.384155019612093 0.10925396543880339 0.005786071283102157 0.9466479308688784 0.44757628685386497 0.3403903554696004 0.7773813002343614 0.42533381104154344 0.6883241761071587 0.4744842210697773 0.18673109798126564 0.9134023769098191 0.5870964322988268 0.37920050555059537 0.6232946796305527 0.7004271751357851 0.7232285644516565 0.12205588591724681 0.7422800197998459 0.8031427801776176 0.8499863284171801 0.8166848349144292 0.5185460103311742 0.7112756263863502 0.0620677619869624 0.5546891650709423 0.9505929689912593
0.69168055545957 0.4643952669218986 0.9241338461167286 0.5551477796202455 0.7965606506995567 0.3634273212607807 0.020067892183755043 0.3229442639919856 0.7260886951418747 0.7848656421102688 0.2090544145103299 0.8936790287533605 0.6979223772115092 0.969076672966695 0.08702826243606987 0.8039959292618732 0.3139898274557097 0.3470778342825027 0.5679386020906466 0.7717363671977854 0.7968056519132366 0.6366876057933444 0.35266407317126947 0.7811237751048282 0.5264947830296061 0.3492343249552975 0.8386594930678516 0.07960014770512369 0.3323645504758994 0.20421894328677148 0.3512520010944694 0.013469124668115118 0.042679590923886845 0.5138888340554076 0.8595614157387524 0.24638058111197236 0.4924809113598867 0.13932944807135927 0.18471786755192876 0.28855617853169413 0.5903279373019604 0.18461438483412362 0.30501430989828726 0.415048968698449 0.854474099444683 0.13995377786595675 0.28734619275458806 0.786499463595131 0.29195775633041554 0.4408082935922356 0.44603901946110436 0.6970920555696074 0.3322861916461606 0.01863983146704573 0.9901620381729427 0.5141180808356893 0.7355470764110358 0.6600340860495363 0.2781838577277411 0.9985812197409535 0.7134553593010926 0.1013236633486938 0.4577013544702644 0.8201377433403118 0.5874992767980006 0.11722824654704134 0.42999768192411425 0.14495970931032165 0.2847725306226031 0.02765297620645779 0.8139883067696032 0.5494331630583896 0.10894825824000676 0.7411418905345482 0.25057828938366045 0.1294854730937428 0.9492193091159877 0.7725494374554365 0.20973569297393568 0.258498895407703 0.5844710944610982 0.9952091517575599 0.02003550714776181 0.9582843814138302 0.007161552156073503 0.3199327379344581 0.718628450134338 0.5585894381293983 0.3971448083552397 0.4007220258275923 0.5594314789172479 0.9597783725570611 0.6381455076002617 0.5186568011691182 0.8322378870373437 0.8815248146486266 0.1345186167880098 0.8810235933661639 0.205213662589406 0.506060909134772 0.36920824203445624 0.22297968146947378 0.8380987539823516 0.3022586897743472 0.16561840929121263 0.8649624045509254 0.07470278829967658 0.6068900455635715 0.4084177949199991 0.74624333950078 0.2682815854281829 0.9085779730552506 0.2212361903748329 0.9002311602579667 0.3650612855486083 0.6679269484237348 0.1272924239294546 0.9206030676588131 0.44073374240471797 0.4933702785829105 0.8888076437232941 0.15890486772471712 0.7162505305529667 0.9243412365862541 0.3638794095574629 0.9740364548910855 0.5990669956686279 0.6702317797329632 0.8087312472377383 0.22732926371857543 0.5583563201483887 0.5456957007944937 0.6035910217320777 0.841210248168827 0.16343686426658777 0.4791293877971238 0.7414861860451143 0.2408448492667704 0.517767024553544 0.42006904901885267 0.45276101651583645 0.3895399312145633 0.9512340192533806 0.37253129521458206 0.05521470574772247 0.6272603683936453 0.39033935383186025 0.5198875295923971 0.06294770659711313 0.14338004337275612 0.17480627309529284 0.23039375060383793 0.1854805941392863 0.7683517856408854 0.7491710683795805 0.7878375888011112 0.613625224363456 0.7439795878612148 0.8988776155877799 0.9573406108521914 0.23745552428849026 0.4516206744042115 0.46332050377036527 0.2956624293176159 0.6894528614771045 0.010157457435317596 0.8676273527942457 0.31375273743839227 0.20009900677161307 0.4370330593313315 0.0891020281660796 0.8594382007527434 0.5729935607420416 0.6705662322920096 0.9798422488002072 0.3888181231065838 0.8290781511849933 0.8491490856422937 0.5354417948709224 0.9975782224026462 0.22770317356503456 0.30506258528133123 0.7965463273610082 0.661168997854018 0.7754959379978453 0.9400040733656436 0.5549971536787993 0.43419974717573917 0.16028099972550425 0.11962085829587255 0.8306835631484077 0.2306071646187855 0.3128419810555526 0.9445334476804281 0.13858454797379127 0.2883931112668584 0.8911313824445719 0.41038458461874083 0.991651617510376 0.1558767283148068
0.19402370528887847 0.13531969699325763 0.704761854904703 0.8726832340055579 0.1724828812060626 0.7999109994425478 0.6771098760990536 0.9667601872587306 0.6923773383665899 0.7010443551280592 0.4139123790903756 0.7414803806912861 0.012881453823744504 0.8517216601057173 0.04390165837510884 0.6639364621827355 0.34128884723054254 0.6467671866622379 0.6865805783309549 0.09073710443487237 0.002624003233100747 0.9269556055600368 0.49810456176968243 0.9430720572301331 0.3663636536487225 0.22939192466113045 0.8835179576446568 0.5432446609126573 0.7797121485969627 0.839562156313789 0.23040356600949496 0.4133852706934136 0.9309246260881909 0.2029619757451615 0.12077726284108381 0.4359907916355509 0.6150189511937777 0.9344383093665509 0.6482097282902257 0.5134221354040973 0.7058908491718702 0.22145017418681145 0.7603297902696993 0.177246914309224 0.23479248666926933 0.8663589561985771 0.032397023641350886 0.8884519646936797 0.2481949005127212 0.3048490722192134 0.22096000516314773 0.09628684277778743 0.22913214090901812 0.46774916483861506 0.2961719223079179 0.9612067755245434 0.7645476898066907 0.9704015168503272 0.10815187685046257 0.39052103444435793 0.818798247903228 0.9710813627764522 0.1753979925652891 0.12605798796224366 0.053446701803237184 0.39742508651297115 0.7568208984238649 0.8399483368809127 0.4118571221814349 0.4824744481944555 0.7354804638156599 0.8898283736059954 0.3716043051402693 0.08219891189163697 0.16535947952014596 0.3637594062762327 0.31372826588973923 0.6122006435270955 0.07593102703886345 0.5894008375171622 0.01897039684188584 0.3769841513428588 0.47873716646469855 0.08218938717850943 0.7179639061371994 0.10162499570015404 0.6603695543244326 0.1492044894292972 0.6069523293842247 0.411007784521637 0.121551399417274 0.2583090487346196 0.2078182382588435 0.25164060850145953 0.7164407555912395 0.08720392741302374 0.586900289025076 0.1250989720052461 0.224826897729834 0.667347069061987 0.6819668391087566 0.14940343725319294 0.7427958438321258 0.3470899928502169 0.638471544543483 0.9368347736351818 0.44555933811626514 0.29584267311190016 0.8929575911938914 0.9470824479125399 0.6788410104547268 0.02601912615922497 0.42394115617012396 0.4612435266080176 0.33222629434973827 0.8900305911510927 0.1188645831899251 0.9073817907230317 0.7093807060173613 0.5440237156717173 0.733500653052606 0.8366484746746775 0.30877421082041556 0.3898037307517689 0.030964825379442895 0.3437550090298518 0.9643173229706097 0.07818136104461848 0.9166733784480688 0.9057144111462185 0.316189394051424 0.759762914654056 0.17441682345383358 0.0734512207414294 0.6318162107125598 0.4839120307576307 0.3035602426870152 0.9554891420973397 0.7339840854050915 0.8547333569207585 0.48802899749989914 0.35100399563739115 0.43816743511046297 0.9831618996558016 0.3908437505914649 0.7599419919778311 0.4520575849864673 0.1852863303255997 0.7053301549714976 0.8261593386464251 0.8333833043131184 0.34862714820827345 0.7681429035462688 0.5276139016697988 0.04826517011136544 0.8696765214700053 0.7358109529027312 0.9669172275022028 0.7274976242250701 0.009849013775823812 0.6764734285568035 0.1686352282104746 0.47845111492670733 0.4974309881282115 0.17565459470531142 0.20025091670748008 0.9147432359974358 0.94684338762524 0.775558651702714 0.22937299273956102 0.008689659237469338 0.6969821968780365 0.6731149295444315 0.5451834438566427 0.0019200463800244094 0.18514428964923546 0.030728055898284312 0.9903520372210233 0.4645421629214801 0.3894148120289953 0.9005742148966379 0.997301125268786 0.7306268159396591 0.8210524298443088 0.5794804707010484 0.16711814962860605 0.23714694986354667 0.6768748597600506 0.9209226539440926 0.11064966553513089 0.12506325951837494 0.02327501126775755 0.471748498408181 0.21559297599979332 0.8253659223385664 0.07192403945386072 0.32288501749585696 0.501326938266507 0.1797772157015175 0.059355939855346374
0.151370503504343 0.6207925447091637 0.14529480364379166 0.9565132749407511 0.06162514288657339 0.7522413439702201 0.809621985662751 0.38936525910525754 0.09442626190831216 0.15353921012032234 0.1677196494349278 0.7027786184888922 0.3367450518571862 0.16204701895017848 0.30849015735691454 0.3640000973648907 0.15481454441430342 0.3170747840853234 0.05958371233286408 0.3967130114150089 0.8846588023298539 0.6828990309547375 0.3903580340241075 0.7961291876318572 0.0037440791751002234 0.6001787163949435 0.2121335356275338 0.001595666800641049 0.42234425159307953 0.5902423872739222 0.19868657178553417 0.8155463788121017 0.029638124002139055 0.6711154148842526 0.11472855005935112 0.8026672459557955 0.8246753779342884 0.7561240193181805 0.9879488675203609 0.13521356878076995 0.33935409752921797 0.2656720544789867 0.125931028805363 0.28600691651110155 0.5995035113046002 0.4317463807175893 0.28040316398127874 0.08167970580433004 0.5395297610558677 0.8065011825210864 0.441681936812932 0.20185538442307582 0.22994248101871673 0.5008420944344905 0.830449959830859 0.5685901574669525 0.43071237939242957 0.9823666849239766 0.5949967700582813 0.3378732523102598 0.6789625238947494 0.5429127366380481 0.9191921800303271 0.1788147809725914 0.3096173134146113 0.4737539576583877 0.5432469716315776 0.2694327903813132 0.018322988926678496 0.6297572991735139 0.22513768816266144 0.7071512537818333 0.42309640572279095 0.689344956977275 0.4815028526117008 0.7208598493314946 0.011349503718543819 0.20760388967063792 0.7326269008956392 0.956404290587942 0.022029947108829884 0.24823611641131627 0.8814011905263225 0.531502228660382 0.3277948847813259 0.28781046635793917 0.8634361991977904 0.830849437135866 0.9241878971828157 0.1491359741650884 0.7218394418040526 0.40701980389189973 0.27329046704328275 0.5522613143315009 0.791845824333193 0.18872382589885384 0.8460090275088036 0.9054588292044484 0.21655849142937877 0.7784059962898902 0.7411718864766003 0.9543719937436882 0.04125258802092524 0.7249926703020286 0.3818135782943991 0.5136717346580006 0.07550334407796677 0.4645757213202564 0.27698048699424793 0.24590795610787253 0.7793967253774039 0.9834760553962583 0.21703178513388055 0.700646200450431 0.9146626034849623 0.9540232611146459 0.16905244610762837 0.9479089175670823 0.8720372287566878 0.6170355853722349 0.5749509602387016 0.5299084665826703 0.44598712654884287 0.8315522209631255 0.19352424280868097 0.75913107362908 0.8875320500660984 0.2910226670611509 0.38350242788655475 0.8202936299705126 0.596602941830733 0.07445599682664628 0.039087300657103086 0.46107814874530306 0.3360695467738838 0.3721344436958368 0.6441336747740404 0.6306277650413863 0.7219892696753301 0.6868920154994528 0.6262960196390348 0.9093696564871424 0.11826357452568026 0.44345921194250126 0.31192498804429736 0.11642723724167992 0.7459502828011589 0.7976998294012403 0.9118750844750036 0.5033904958630941 0.6951594226042633 0.38092838596577405 0.9929643779435552 0.7482443383349799 0.7528593416152737 0.8731000217793575 0.9721070747659136 0.17590532085764998 0.739741320026058 0.02029428426950375 0.4833414784894773 0.5048704337566948 0.10464984037290737 0.9267379588019785 0.3464338570164198 0.6871107836890852 0.26568733881149575 0.42028893379991084 0.5619691628457658 0.7074315919252671 0.8130887596590283 0.051720269051168555 0.8966169074316298 0.3229052634874682 0.5125211859050127 0.4020259926928955 0.8635602141528541 0.14708146001739053 0.08887412128783612 0.9641486686909755 0.15371787548314153 0.7139318468889141 0.18286176695129897 0.586936244614408 0.90076400031896 0.1297715740255626 0.08290938380807689 0.47357723101848004 0.5191245179391368 0.3180368238076392 0.6336275556399018 0.9467055180189552 0.469188986818026 0.504572277521174 0.9470097026073026 0.22741013237126761 0.41066540411073504 0.7736902482129934 0.3995514587217003 0.03977227901103997
0.5863454662124611 0.5702705794644775 0.24862352406575428 0.29195985864197926 0.7380635702755511 0.34371728175232963 0.49642353597604216 0.9932894400329272 0.9045987218127138 0.8039709661630238 0.3334474438812477 0.8491074487529452 0.838422309826357 0.8664676191107257 0.3947577965503045 0.05385758589412604 0.07297129838296479 0.9566588667826237 0.8860962308757369 0.5969918805176622 0.9958313555821009 0.829332395017102 0.41753783308490844 0.2112072890631349 0.8326875941176602 0.00985695920545393 0.46443502354082533 0.6407777184267528 0.7270811580973335 0.7707745384100297 0.49578432505212877 0.4984901441627625 0.857663109599895 0.09753638196263636 0.4082752178209962 0.9242933224538487 0.04953481307114538 0.27868510520596446 0.0413859752843172 0.16407056445378032 0.9911859963888975 0.289314144880628 0.5141375342910843 0.6896491034118757 0.04052993445142716 0.8422366749184308 0.1358919266206271 0.8338351297830616 0.08845163972259218 0.28610264753077685 0.9156377607732568 0.8300335411933907 0.4247286600896243 0.02008205753433301 0.4478857393190553 0.7972907061704562 0.9509642156184073 0.21609184971181572 0.31076420928943715 0.9433859994841735 0.3734588817255611 0.6681484447931529 0.8699261262314377 0.1611775824387237 0.6029393120640214 0.7595624954211985 0.28198571648843485 0.011163514347614534 0.2833114477486248 0.8437850248554525 0.6072242092255933 0.8567958361590587 0.11945074771343744 0.18989486918130316 0.9078240598705619 0.20219876868470543 0.1619118252050049 0.4536375111310096 0.6741553429215575 0.9747822563113836 0.22937004759876545 0.5721790657662954 0.043947960072999614 0.7583738194366141 0.3287898162416182 0.6059764475678658 0.5912297135988358 0.48484507659365816 0.23467308625908656 0.46765919999917427 0.08793058204623372 0.4142627873497061 0.24627223368073048 0.14371348742943935 0.3753005965152548 0.7006032938173467 0.6814463267894582 0.5135917749588063 0.4332901390676732 0.3274578408994899 0.93460976955934 0.8691090099728411 0.8416777944274194 0.5899861435753746 0.36448083008278953 0.5823545636623902 0.32423205066482264 0.2996950502881849 0.23152761750533468 0.11252168337270063 0.004590514737484952 0.1690304861664087 0.4615758671167014 0.5973400911184515 0.9832012293748345 0.6108918258413578 0.19503659977292132 0.8788582140364829 0.7079267146413017 0.4789188831623594 0.6063699973893388 0.8082853302730428 0.2927014107528586 0.2240637775042994 0.5813938477040633 0.009125745888567627 0.19942134363723862 0.14432135262960022 0.18174041441348976 0.38944469031059636 0.7183161587379214 0.8263396880504414 0.40053034259378517 0.34384415216844144 0.36395656802927645 0.9022324925911268 0.1763074050438037 0.3941359814993395 0.9143301467536613 0.7974713919361173 0.19934508251566174 0.4459803073944011 0.3006721084210464 0.24004334929515114 0.0912510964269524 0.9908309749070668 0.37325854563139393 0.1412392544562321 0.9569371241127099 0.351866792631911 0.42057007212631103 0.1625911628586919 0.02996545680073459 0.9588629478294166 0.9427291317223477 0.9779273130629417 0.027672042133879193 0.6296429909810796 0.24323806193012898 0.44729884108062934 0.6110585677230219 0.22547112616890574 0.7200126054657129 0.23453524252987168 0.2056179016044044 0.5436225491786546 0.29378252883534517 0.6267129591243873 0.8765854227624397 0.43501406147472244 0.5324882344887203 0.2627650678918456 0.6058458418008968 0.43616851845334337 0.6593562171486932 0.5086989456405467 0.3684005114951987 0.6363570204207937 0.6334393541301094 0.9677964331126618 0.09618158450456771 0.8090096911653504 0.5467513827158641 0.718813399665231 0.41396675723820753 0.9318613565897036 0.11099599206722255 0.20826309435627532 0.07549659228667804 0.27342168429879543 0.6402661072315997 0.9406349568293341 0.9211754212380784 0.5098826657943883 0.5339881317911104 0.4349390395996757 0.16691001514140424 0.27440396776426246 0.624515560187708 0.5351549272826387
0.896688803987843 0.003799679665511313 0.9047663377462869 0.6763106975099202 0.6697871996673678 0.21153068659536445 0.24829976320081215 0.7189336603266253 0.1899300097675004 0.6097130519584852 0.5517974270039896 0.2661362786555055 0.3973179271431133 0.7015388984474543 0.37982694853739374 0.22536322806665476 0.27762456037475236 0.9960743604283395 0.09836883883713121 0.6612003431526045 0.3473546505184173 0.7591173571376897 0.4806082404917671 0.4039297969807757 0.06711547906485493 0.18931346991580944 0.8860353671704551 0.05905878315311941 0.9899847589027444 0.40157385431720516 0.9451546219281419 0.39012790097039485 0.742939769691695 0.060101854114913755 0.35043204594687083 0.9156320185016864 0.9507452718807661 0.021905165328290344 0.03478298279277525 0.08860485436681664 0.5662978246083625 0.19898845257457254 0.7412660548550848 0.7580485219420492 0.008248658081867921 0.885789076980313 0.20988469328462755 0.8754552479082028 0.2747888840452529 0.7377187294819153 0.9166157667142713 0.47688205014806384 0.021234496420156734 0.0019504105100645042 0.214684615956511 0.2919130490139934 0.6639020041391207 0.7418938781253896 0.32691754234480797 0.8294745675185645 0.8270074208433194 0.6362843428607315 0.4919774092503256 0.5516623738445727 0.7501927187981355 0.23566335212092182 0.6175688337969607 0.14679554776935788 0.6692343278740871 0.2956419969534154 0.8261093201521709 0.286389129009777 0.39148898092019146 0.9098526099697407 0.7016396912500031 0.8101195132426487 0.21677042041310213 0.23115853251604956 0.12701948619361858 0.0010012601088020823 0.192224079585662 0.4645096116871533 0.47805971099224265 0.680264997123653 0.424727322768614 0.15242823507710979 0.9166790029720142 0.3588216580043113 0.8276996808336131 0.24991617252157206 0.7655177143958516 0.6947923704486396 0.24836896492174843 0.591153614109152 0.8415421634963107 0.36724279172691987 0.7050655438289116 0.9922168583068426 0.6422383068143321 0.302498241632737 0.9588356753624688 0.25419006647859566 0.4265171608377064 0.7234827255063975 0.6660490260837161 0.7973877814690381 0.26019625986241446 0.06527611504772923 0.7926458174001795 0.09456435860840962 0.6990939168367724 0.325737821217974 0.2008668829410667 0.3958054313817726 0.594216356921908 0.15114087014695132 0.302894386304552 0.2935820683080156 0.9747959505455317 0.21140158602098325 0.32056032322100547 0.43486983098921084 0.9507440943180224 0.9756102204077384 0.8041649198110475 0.5366100180445432 0.7994129526733065 0.1320191851656558 0.46183075538918816 0.04676084447279649 0.23142887657625133 0.4075659095239995 0.3219405516814202 0.49582597768447545 0.2298826003638874 0.00019354165708418414 0.8684553605828342 0.6868450393627022 0.6891859635409592 0.008333657248220883 0.3297217145157537 0.29303007221164823 0.19264684411785704 0.21526417686166255 0.9703204973507717 0.1980919443075575 0.6513604644604158 0.15302943888632103 0.986435672075393 0.39651294334495013 0.9793276073398542 0.6383093313426891 0.8384531697495767 0.6911593865368892 0.17971065675339093 0.22050778464799847 0.5677791379043406 0.0866704584740875 0.6316732481558844 0.16590088843715056 0.5625402092023712 0.6295390408448688 0.1797936478612625 0.3631501369790687 0.16872942051450157 0.9971831655364503 0.4211676098179784 0.6182083418232941 0.09607287611935089 0.04745634496974982 0.22725081184431528 0.6978829368698548 0.8406652035764991 0.9021925613378764 0.6790169185155331 0.4406835207991696 0.5684112659242625 0.10060824063455565 0.6042740741995994 0.904257234695252 0.8557734738844622 0.8476507472414576 0.9492791044684081 0.06803514336732963 0.8306299795859711 0.169321600095921 0.3769350490089901 0.5955272034644312 0.5329153817780661 0.21671578596883112 0.016232296065072593 0.6004062419054458 0.24359852197697707 0.6461434679512787 0.2553777710994678 0.5258776914906896 0.42852165842258894 0.9053237233515475 0.4366752690570719 0.6525819453678954
0.2550902184036764 0.1924552701444595 0.7928112475073258 0.1703290797424355 0.5495150317215772 0.11138380781272639 0.18549262071764994 0.6354533621969644 0.5189934023436338 0.9550631765801354 0.7221456274975467 0.5750567934645522 0.05288133512525739 0.6215518921145272 0.38894619567171496 0.8734573140280346 0.5550919349389984 0.6621009999945772 0.45413521709684923 0.7913749584079512 0.2778493038479575 0.6230514210712135 0.44532833360283175 0.9958265558942373 0.7973851141348048 0.38138037765170685 0.029545197720884042 0.7849202260126908 0.31205946673897544 0.32462950185309414 0.029915806247170162 0.9557793389025674 0.7069260693495345 0.4052487558642368 0.9271435240861404 0.6827509369407663 0.7058380593224097 0.4017395117003113 0.6534367878436906 0.7455351283695774 0.1730588558323508 0.695260378598091 0.32549399127268563 0.31789888788116294 0.8574714585459319 0.915008461256804 0.5160810017142817 0.9219524689129347 0.09071699691186685 0.8874222410985142 0.17223790745340595 0.0028238738427497356 0.3353665212004633 0.3815279916603316 0.9390785718625866 0.3469208588318522 0.012116974401711889 0.8953336804526014 0.614947229554791 0.5109540063240042 0.05570757487161371 0.15648466786685156 0.9079981232059087 0.7381667908808288 0.7040519623596624 0.720556862621102 0.08214830350529212 0.6439396378303024 0.9212369802697948 0.028245564305108606 0.230265605135327 0.8149149339123333 0.10873889826509542 0.37704853319425 0.8124714133175035 0.1387963331620039 0.7534626257476142 0.6100016228584412 0.3419674892589323 0.9692798722967783 0.8887854823881277 0.8741735987979973 0.41781452718245027 0.6483449770034383 0.6760153946580771 0.19928383318126786 0.2799146566049 0.5266891744875192 0.8736179183555438 0.6566664164790851 0.4019696507034113 0.3537855548188127 0.4026541889481604 0.5862817541174172 0.4890831501037316 0.21382589912997707 0.4527170280275523 0.9080713750871866 0.512071861678197 0.2102123552599704 0.8306646165237312 0.27792081693361825 0.9853228463580997 0.21712009905325547 0.9330686458935811 0.22321577683223437 0.20127805668675713 0.28815539435738713 0.6048748822539448 0.8948691554806025 0.4521076987048447 0.3628546098298562 0.8609433673971372 0.9763481031626966 0.07607967691096917 0.6358410904248385 0.8920937431483517 0.4362085756532931 0.03697615968132273 0.14275909758189254 0.331202784714703 0.7266480912644699 0.9470346399649796 0.6900387389787634 0.6402978631666192 0.9260500986404452 0.8865656229214405 0.11254930677196517 0.3157423058180734 0.5369533164826746 0.955924982801173 0.08428353245026365 0.8892237086779607 0.9932920047754672 0.25212084525701095 0.2505527012675538 0.5847221856405388 0.7288912136796105 0.6753665320917401 0.037324408266244835 0.5742905812881788 0.8229364048227732 0.00046532762194795296 0.18515815521508883 0.3186410481638764 0.17469972768741093 0.3147367682777181 0.7726692069391751 0.019629782423970954 0.1627009796508635 0.44821832387667715 0.08914440638045185 0.2587973491361091 0.9292902883898704 0.2623432116416279 0.6763581526391101 0.4250222985288834 0.21392979497421505 0.03659399795920404 0.3569759412317577 0.08846684129469817 0.03614928207872148 0.31926682072456447 0.4549300847253297 0.23535383723808834 0.8161556185334343 0.3014124802255804 0.050235355435301665 0.42406886366783214 0.8441430656968503 0.7162395199475999 0.5535705669874059 0.014556507458186707 0.8994825253724742 0.8993870494524375 0.7898824203473913 0.016958509338817818 0.4960488404208503 0.2563946298639441 0.04854826808448498 0.9088797951339839 0.9290633700731021 0.21787891249955782 0.9311064933003675 0.30716465207964927 0.2566980548280938 0.6313466335888928 0.3679759719438306 0.43129156916328704 0.1612224771595816 0.780254667505712 0.9400773018230502 0.659525644772685 0.7163694872085761 0.8555692358839282 0.5324268385555935 0.1409939350699182 0.9671637123771444 0.6159667311487035 0.5529448787829854
0.6466140747582348 0.6756177831776856 0.8130163478474464 0.7930895090879722 0.7381136334690512 0.2654281402197517 0.5915859693388282 0.7876543611049948 0.5008405725108964 0.22056566966942703 0.11140164732142521 0.7201183437562251 0.22005901346046164 0.5965835774358151 0.9549209320125219 0.9113932452320576 0.9693061328562296 0.5248981009873017 0.7316478062735072 0.3939155585606715 0.608849370654627 0.3654472348811565 0.26055094986205296 0.18261278246429657 0.5817655086694976 0.5822281531308567 0.9725437886600588 0.6593443131661587 0.9856516240854305 0.03177521498316538 0.7936874859762173 0.17184884473349327 0.2813324653807341 0.32520054593407843 0.5424696655610244 0.03578196175120618 0.8862070725089105 0.20201206197160337 0.07807000975233813 0.7315611011983865 0.248596433821749 0.16982644064672858 0.7338473763528162 0.1365585667475796 0.08750233168389698 0.9438050705801817 0.9087060721938662 0.7730523635060067 0.658900275746692 0.9727581250826043 0.15586997999488983 0.3999739360552773 0.614571065992103 0.8578428237827393 0.16411412326148667 0.8803704263377966 0.6341250186323969 0.12789803260246024 0.3731119026725399 0.6957028467912404 0.6665264191247314 0.879494498949932 0.05073219931541284 0.561860056907236 0.1555857587690972 0.03597841747229502 0.555878650351957 0.7567550344610171 0.15823784509850713 0.72688470245262 0.36757772322294746 0.25910818075083253 0.27992695108384813 0.8981732089029982 0.5140267162759337 0.7938548088078567 0.6519935604633167 0.7733463536506412 0.10552368846067428 0.9581298165936497 0.9647920858001112 0.9319669651771207 0.5749255914566016 0.25333796281444687 0.7516199629506873 0.6630889295815866 0.14155104061888701 0.8516569463182976 0.42092631762579924 0.0739314410714842 0.7827115127093749 0.38512859073328165 0.5925085750576732 0.6589672710398978 0.9093148681434158 0.20766083591664974 0.3854775533088781 0.07408791163495021 0.447409522543571 0.21926167420182763 0.8304642003986537 0.63279695033262 0.9127784946257729 0.5936596207894592 0.760148685040293 0.20998361293157108 0.6181876331471353 0.5452739518287809 0.4637515151740268 0.39371254633183383 0.9560632508255063 0.43407480468447357 0.49228641546492014 0.5158066262321424 0.9400143721678003 0.9730349551380311 0.657284747187343 0.36345705292692887 0.9288174118648235 0.11998391928409347 0.24233680100881194 0.9742543466454932 0.4003375974680675 0.4432474602372293 0.8742934841866159 0.37821990042765385 0.9824792472256507 0.05406134843942212 0.7086893480661972 0.5001327271859217 0.10254791311710032 0.8029002386498155 0.25338687754821243 0.6508864033774663 0.9768503882246236 0.4322129311005505 0.9902911053530362 0.2780272422419341 0.40308511870766295 0.20129570809389297 0.8134431441659247 0.9066421166414798 0.13031871087365732 0.44885854426042426 0.8187154978346126 0.7216718790864349 0.37867121785825575 0.8734026949553609 0.9211252878698584 0.12436243628156474 0.4825137862502813 0.5400605279894233 0.11251996463337699 0.9399572759424666 0.953786438495315 0.48120392645824983 0.8607069084347027 0.4407427864225798 0.45469213938252706 0.09253486419422785 0.6929891497344418 0.3826195418436209 0.2550566953208392 0.6786288239407077 0.7767060176980468 0.8275939626105248 0.21728630596097498 0.9329558337467486 0.2418293718974568 0.3808531790674614 0.0966270473435672 0.24640360544316875 0.20572482697950512 0.24501157868700107 0.8659595468546432 0.19191833058477026 0.7604090875356837 0.18050088032072065 0.7981545820810866 0.06984707385577726 0.9695166219890099 0.561582906318826 0.40397103358346986 0.5402281808471904 0.28533262351822064 0.6568407638526392 0.1717295135393403 0.6337391080414463 0.8575152348713814 0.10617391926869157 0.7662838996659664 0.8326822508135788 0.9327517616372777 0.5209949907569601 0.1747441899034935 0.11095661311200877 0.9167083328684031 0.4473786385851456 0.2253491003517467 0.802834190666045
0.31104408276901574 0.5660575492061808 0.148227414524427 0.7709517730740415 0.910948005546232 0.39503359944431515 0.6233566587563493 0.622057148467893 0.7079360223067995 0.8089075050598017 0.10611689899415888 0.18889085099229963 0.34834088175712996 0.9399784302602476 0.24081670810015565 0.5316761473965989 0.6492112960345551 0.8367284774964499 0.40165861039878514 0.28117732493351133 0.30889682687187914 0.6336306905616548 0.8497140668460897 0.7289015321779612 0.7844013216840922 0.8704343808413076 0.2963680934783054 0.9839174392401633 0.6730833132020633 0.6578967886380068 0.6659039165963339 0.5405900640980118 0.08050545562163491 0.8052306475975243 0.6236768556799762 0.024643080213343715 0.07501199425191518 0.17065553635877284 0.9869980041257298 0.971457224452019 0.9747859523598243 0.8383459040417247 0.385577725041528 0.7876240160247451 0.38317444499255227 0.052032390729318534 0.28361211578933876 0.4467803514871088 0.8853598869221124 0.6199621165880467 0.19436860081654483 0.9032277246864854 0.21370546063254703 0.14599083992206785 0.3499793885030841 0.6046980084473987 0.46808005778993633 0.00281148540877596 0.7325148629366559 0.5946583110689628 0.23720457764733227 0.22439622259941927 0.13658416181684851 0.37076926241341823 0.11265552541368762 0.19776226717571255 0.1308506351674964 0.4917092920578541 0.30680029609147486 0.7344542581620214 0.4444840516263182 0.9945450793931537 0.06261196542688585 0.7607612554912851 0.1862764131801845 0.9692436073290669 0.24087893598287502 0.5244041954805532 0.8518895805445983 0.22413986485135162 0.43369379221395477 0.8291005008627286 0.1573641297256213 0.36337834278729564 0.31243624599266706 0.6266766464236858 0.019817952426303242 0.4948149442401125 0.23845865010007694 0.13389942741875183 0.17542492743168858 0.07386535002851291 0.6417134668361815 0.4776776459475136 0.5912225307708783 0.8858771038763259 0.8777024248707621 0.1700230382516258 0.5420226376419388 0.3987887220305547 0.04561996842388716 0.5631694251438126 0.16197604354795903 0.9336803518007841 0.9759113171814539 0.8337122970601856 0.006117420828612552 0.47786865273006573 0.14544902371230362 0.46363383515553036 0.5405857622905004 0.268178444021111 0.462451106655867 0.9225919834827143 0.27298575846762574 0.5768424328744556 0.34249178855044915 0.5157856270453688 0.8550083030011972 0.7146258436267692 0.8250769380045956 0.6418447000851293 0.19927120660217823 0.9341698341096191 0.17742322354767792 0.32508367473425714 0.4114475248289554 0.9765524835886567 0.40510913501412704 0.8197141029431002 0.7472833531708563 0.6646679584649179 0.09906731192394547 0.588885999643139 0.4615869649341954 0.5645907102347619 0.612412451553359 0.5219901612534066 0.13616236670235282 0.85320704792748 0.2366912583709886 0.8984262892972437 0.444202192249756 0.417990702191289 0.06506684780635708 0.829667876849642 0.28018902011119207 0.0032265796247542555 0.4156767092812391 0.587698806867988 0.894124464181215 0.28286281303822414 0.8397272542416302 0.3302883280748151 0.17648638162925379 0.8200165499491181 0.8658167679339608 0.7178627885480202 0.9122451285091707 0.5577737905098267 0.19859767226544633 0.5273184576340381 0.2541707668581693 0.22721094463344738 0.04289696971503065 0.3859754533144589 0.5770723148286276 0.9929647683419338 0.667044216447865 0.1533962574397244 0.9407417375260222 0.29329527079301987 0.748769341451928 0.5923452617931969 0.5789690303742845 0.6298658327580068 0.006322575650435147 0.318362024025006 0.638403859338037 0.048072688575143796 0.37616554995265217 0.5997631124890741 0.013979699385930355 0.23282281017119444 0.7598334528009936 0.6241560704135761 0.9185699971441513 0.6389313523911572 0.8568706833369728 0.4961476391212388 0.4759185608958465 0.9712139230749876 0.8091200399365278 0.4113745932925541 0.7989866564777289 0.770932669401081 0.6655063840127473 0.6240416150558449 0.37590341596434784 0.7169245513809475
0.39127538923114746 0.4001709477253983 0.783778350013626 0.9560928916976635 0.9338737405096467 0.733562206096773 0.07580731668666507 0.2677774301062932 0.13287340984609886 0.33976819615117637 0.5596342216879701 0.9859422244568039 0.5177132683314571 0.223965551016999 0.7354805528393501 0.8204232213445024 0.2855843149345134 0.4004565791313628 0.7140862040290885 0.8985582552182717 0.643577202361134 0.2131795504760251 0.35141534998726365 0.85316905146441 0.22710942225574493 0.3194812728408394 0.6915014258454618 0.799857900250632 0.23677353945933677 0.9798144454594294 0.4159958125218878 0.5888879391018629 0.9263658270822877 0.9603487481082398 0.22991894935145107 0.8944798811162196 0.30067748321525245 0.6752655805982297 0.2601561682991339 0.002299850947860116 0.9943574343041193 0.958538728897146 0.9729097739714313 0.44960108323002956 0.9714091561372185 0.03985398689615638 0.17525051805285585 0.8380046217856185 0.39908558146584394 0.6753099257702877 0.11170202157910702 0.43876568399525806 0.5046369770925369 0.43110969901633356 0.6615859856863808 0.7435185340234046 0.6509081610470292 0.7542913122597737 0.32139248346308114 0.0734364327057091 0.8465385977697639 0.4261374880040938 0.5366781951272391 0.7844569748386053 0.6842812878594478 0.03573548459042408 0.04432211628522642 0.9165549157186903 0.018766363319727142 0.8562004072431445 0.6063956300853096 0.3308430853552554 0.30679610457048156 0.4476226362088003 0.3365847596659597 0.9774095429290637 0.3808186839039399 0.5022663120786864 0.012995492876085257 0.7014326342620458 0.5539956440260191 0.7352757679196669 0.4060850849511334 0.5804261199264953 0.48321573523394756 0.8025877325446625 0.9824885961168497 0.33482139810723943 0.6109846559799265 0.6188499774254443 0.6509824659639292 0.8205774173571575 0.1653343494337448 0.9567748520193036 0.27664004690223454 0.10021208369714873 0.6530107893179706 0.8814057568321408 0.7089584554995055 0.7196094367710358 0.008396894744603145 0.7863530233575774 0.04134018159744046 0.3489408284672524 0.057732576598855445 0.3347471031223229 0.5339499991319048 0.2909139677029402 0.07428904217980348 0.9041962508343551 0.62178621652449 0.09944599141538035 0.6977067341220295 0.24999734891102032 0.2900474277005972 0.7551117895817715 0.8312863442741399 0.08938370506686455 0.3914657147391617 0.6542714354005305 0.5512146589814374 0.23889867161651435 0.13269254186063595 0.9466876033385749 0.06773853515562889 0.23918999724141177 0.07525047774296834 0.6491676503082426 0.39584525040995033 0.7742434706322521 0.8540120631061324 0.6275150076296712 0.30487176561260243 0.18353143277406725 0.7323781891720459 0.9626879331227856 0.6974367277797439 0.03335291479491187 0.1980826610906743 0.09575612726426874 0.8188890401781228 0.13297483763291873 0.43606016216064414 0.8251953678693131 0.3193255336708414 0.21971240319842855 0.24111213439148105 0.9014015999073203 0.4151556339773499 0.6208367018373965 0.613312832719635 0.05584021687906582 0.837218072687415 0.16900431513414316 0.23273247759210136 0.5971007002540913 0.04723579450031856 0.9477136841501801 0.09078279536083789 0.255607594875491 0.27423064212152604 0.4825917252427382 0.7279860163194546 0.581968823412508 0.38197218950462586 0.46318957458614374 0.16938094666807024 0.773959303275667 0.9920503444733145 0.41720345121577174 0.1374896551499455 0.328807337438644 0.6903516451443563 0.9890636114454097 0.5588167452339552 0.1061578814687355 0.6580478731267094 0.35236475309271087 0.9174114249806723 0.5879566882433573 0.7203390347666416 0.8083123326915463 0.9227938535496677 0.8357369001360982 0.6485951147941735 0.3197787367864736 0.4518926274938454 0.7500591414317705 0.3349497980685451 0.776241272884186 0.9912274560792962 0.6718839703201382 0.9193160620967213 0.6373493891324453 0.38595142746263034 0.4746928528985159 0.6105695435497196 0.4823504386606349 0.12382939950047145 0.05184888806128629
0.6124822814540292 0.4302899654160486 0.9746294813448132 0.011470878900199821 0.8269549778883325 0.351095639810437 0.4743700543100493 0.11068166319514572 0.8881595580518709 0.9959400432121212 0.850952609921836 0.8129339015056857 0.1625518746300222 0.04603506254459511 0.9054664755352785 0.37625696635370554 0.5394302429672401 0.31459620569247104 0.9248719317949546 0.6742432466948178 0.9619209443578418 0.4465504079560927 0.43510607076540564 0.1724722519856683 0.9368013311748641 0.15925404117727882 0.7628321984512916 0.9027477442990457 0.5839117881042601 0.7407832554257265 0.42797901904289715 0.17662265587172044 0.6760376900269254 0.42185965600162023 0.8836490825769145 0.2911962941605186 0.3183120668645718 0.05948617851113647 0.6102852466064494 0.8713358343005635 0.21696719999707692 0.09511295509314954 0.9413894396571696 0.13528703826817678 0.06803027705012277 0.7519764267430057 0.5862198071104955 0.10785626392289971 0.1404993093834619 0.27672890603431355 0.12193814217198928 0.06940775246107977 0.667369438627702 0.1834728165766616 0.5040052745293963 0.8404091374555372 0.797360318509083 0.40664514979170974 0.5531516198640343 0.8234677566761115 0.01563413910865763 0.7254575259264434 0.7826015573386713 0.05725684754465765 0.9761896132211971 0.008888288556876067 0.6004249934394892 0.8648082062780897 0.013521995897158523 0.009232244129350753 0.6449290131225419 0.03854467068560985 0.9155931302551221 0.254824208016197 0.39450362851239584 0.7875398611052692 0.31219648960770574 0.7575794934473893 0.7560636598510354 0.9398991742632724 0.9097779326337943 0.8558001642466491 0.3822971008325444 0.6991686543470205 0.9716127199835441 0.7574045774373485 0.16725761762933744 0.8319255668984598 0.7327766751903998 0.35905251504704017 0.3045689765392179 0.27881111388075486 0.313590392195363 0.12058767761798217 0.06291718563948856 0.0840085281722337 0.5946166080186027 0.7943482041650602 0.2102538644739783 0.6800552649632293 0.8925489859250652 0.06468991685559278 0.27469677535867254 0.8587084880225719 0.01921722964570094 0.4850941285222248 0.8111562870188245 0.21010589777517374 0.043073758328577405 0.4654897415647514 0.5273182169637706 0.5125889294988402 0.7463589726364043 0.6563374740166594 0.01872144603900383 0.3949811047495745 0.7225414002891716 0.4245111690921817 0.8625733618499688 0.47759215813971645 0.9333829793767212 0.5970172617602204 0.38290808907359597 0.10497348612833135 0.465168438396217 0.9285840564669494 0.5127153743403388 0.02005415788007958 0.9453536074672481 0.8474403443636179 0.7851502914486872 0.7888318696936072 0.02303279156357041 0.792644605438773 0.9269116087548163 0.925949029313795 0.0759802231464165 0.6137166292313425 0.15871284483264547 0.4775153037981149 0.22552378643490845 0.3432726758297623 0.9512034919748719 0.7306178034912256 0.09171617997572057 0.8528530368718646 0.47736892601548975 0.8729518548673758 0.9270176942827302 0.6044035881981309 0.7213286861231544 0.05749340931748037 0.11796881008542726 0.26765720847278396 0.5365133636207686 0.8973126612380242 0.49842707047694257 0.736594967337184 0.00027965276972685693 0.9764750277381322 0.759902777163404 0.6568162974795261 0.6067992848591349 0.002001097883993719 0.33810670034775026 0.6654109188880821 0.9741022936982084 0.6459983985014357 0.9627587667629868 0.043400755762464716 0.6780023913482188 0.800136641602548 0.7170168090002594 0.9772860008693672 0.7302638053398074 0.9733429200438872 0.9503542974962348 0.8723807256529158 0.5196906866716188 0.24085404225862894 0.9177873591144593 0.08397184215465126 0.6344956105584604 0.2058609805276984 0.13733622221071418 0.14550108491214253 0.8903835641095281 0.400790959221348 0.20747301326544854 0.5790072602477564 0.44247170472612596 0.32907246106796517 0.04239113586732146 0.5979394362801344 0.12595112326327418 0.5722321670426792 0.29536903509628476 0.8683359020225123 0.13764363487175002 0.26650771276341867
0.40783600580907464 0.318230085622872 0.7819564478234733 0.8222542109858354 0.5413909908626049 0.6124742295807508 0.5256169231336177 0.319647795435301 0.8705631294290618 0.7291932944068668 0.3744639004484742 0.30120458913108106 0.7853199591199691 0.144651472445961 0.9109509315762624 0.10136997799017289 0.9918191205047432 0.1299319464311347 0.34369287991117914 0.6851749181133944 0.8886351755180841 0.5868010082790941 0.9122183757181275 0.2897814527468514 0.507394977480184 0.8432560221696114 0.8904741270255779 0.8538255807151293 0.550180975888948 0.3711460731363653 0.2899251891909602 0.9172946123947774 0.21938038631892165 0.3414119166923726 0.08916776516000913 0.2472609196522635 0.597700956623958 0.0440464187295494 0.22045514612895056 0.062165415662159496 0.454998657537528 0.15972600055626507 0.7553415238633451 0.39813018815394996 0.5396802028705544 0.1273028872296108 0.09917993292973637 0.2977591022736924 0.30688165592417416 0.59432240635977 0.15672534012589046 0.10074323976323996 0.8041091001727761 0.22529146234808006 0.2709636625168741 0.6506644984699395 0.7965286286860873 0.9625461674242152 0.8670441323849136 0.28259704409690256 0.5922626938329065 0.7529324458802369 0.12283826122676078 0.6654267546362478 0.37706561390786975 0.7014579357871035 0.1738472150556839 0.3284646662201506 0.1398805644438813 0.7417871551357839 0.5170748484769386 0.26950184556143764 0.3630847155921295 0.8804184080847478 0.47668923367750204 0.6741673636049933 0.5114436427086163 0.5144001739271976 0.7183157575178803 0.04267685350495831 0.3094991385232957 0.17781200656071183 0.5796124337079128 0.10166046793995576 0.1908555719108307 0.9317791043607978 0.6829554407431264 0.023562540983765534 0.23891910491853774 0.8565872282016774 0.4030051962083432 0.5610966776906636 0.6041215930510092 0.9806107246423826 0.8771964820986308 0.3472729684585947 0.24814773429919912 0.9592152924616387 0.13992469330850654 0.9054463510605781 0.9835931824268518 0.8929118001172434 0.5272585534995808 0.7382332502903531 0.7818886640535104 0.7522119900440908 0.7674400796872494 0.2024254211880362 0.016070124495757843 0.278634578019758 0.0443729234505561 0.9240225026019577 0.439845938824151 0.36965977645500425 0.1395886608085265 0.7442478543599922 0.9548334268925303 0.38196525091400246 0.3473739747951944 0.6714516040645019 0.8402421046025271 0.22922440009399592 0.017948345762426765 0.9270691898578972 0.539395083548103 0.6053965352272683 0.8309895197450996 0.5507139636803892 0.9076651381528676 0.436594038583459 0.57011307225102 0.34685088280576215 0.3359581713892572 0.6552445305310751 0.7356864767194027 0.9004450441878624 0.6477749108143859 0.708268597066283 0.5666538921230446 0.004896599167648841 0.1322351054583093 0.23090132768457994 0.13206866492038571 0.8893460247211846 0.2653801694403095 0.2782967093615686 0.5263855947113507 0.3329084995505086 0.6374128801820693 0.7452400428286426 0.5943969187331227 0.9536433118744396 0.3544639540089898 0.906896881484934 0.7073138758697044 0.13920742355015614 0.2506443268109769 0.027783918823987896 0.222916500112594 0.7829984538418157 0.7814187338484919 0.42554868008450264 0.5291305453160892 0.4552467417709154 0.08876685840656318 0.364715358426297 0.841104016178303 0.12291951600340412 0.9206586500315131 0.567478688219892 0.9181404314317545 0.12566065847998198 0.9419599986319781 0.605570050116918 0.764839147440548 0.15495125614890892 0.9664387050010124 0.3617953699542237 0.27012376430432095 0.3744954877133968 0.07160667162864498 0.806710574778074 0.5348095713226364 0.3963531117154321 0.6147177537369394 0.9443273840198141 0.1832498984769223 0.32961837715931197 0.2589287313873422 0.6973213565280229 0.06812783078687212 0.5023086718789394 0.8458510265912585 0.29500549508534524 0.5099432488159478 0.6349910138702152 0.42425817052489956 0.9955497412388442 0.8841000115287504 0.04147756387414692
0.3763212355699991 0.5102319408605325 0.7577823704522357 0.7896518908351808 0.5265366825520418 0.021668696062816295 0.25072162052473557 0.8695770085163469 0.21656574910270188 0.3767344422061002 0.5326384987035601 0.9339895737178007 0.2134579455092417 0.41186798440976535 0.7958498418358237 0.4904768642879709 0.7890200934951914 0.14801437784336569 0.342650788803069 0.6739995159816496 0.6624265527433331 0.20280076050882212 0.45084256717094684 0.7097453807164639 0.6320418078987474 0.27963884794429117 0.576863678491265 0.5078180031931128 0.09848242095533277 0.5639055302614298 0.7571229498692115 0.1512731923723637 0.9569067623865647 0.4405054463237075 0.0016142376894389132 0.9804122486373338 0.31809504260005994 0.21674001927734432 0.5488134418585457 0.39674845487779353 0.511594199447814 0.1216566345761243 0.6860840967273387 0.480726277203986 0.34642093737975554 0.20345333521037712 0.6735155288312058 0.4678958974739871 0.9201234729975535 0.16200306194259928 0.40378301282676676 0.2728366754368541 0.20266017536226566 0.21743555557987126 0.7671985332400947 0.10354349433138288 0.34189155911664826 0.7281505486691704 0.03143767932880581 0.6843248326024431 0.0037690439320366975 0.33837638446190754 0.5715474317334944 0.6299693728746731 0.4385161037022419 0.10772758348599887 0.486618625870483 0.8103175704651923 0.615250881064758 0.7769134971270305 0.45513975778736815 0.13044910321581626 0.010779541248782443 0.23049914207404643 0.6103622223982358 0.030062827879204224 0.973064907372867 0.5425222554853029 0.06501063236013793 0.6690177315868034 0.6715630249232145 0.8053568969671805 0.8115557316711705 0.172967905988883 0.2868046550432839 0.40111974764131675 0.7720127315553743 0.672780592308317 0.5632102005266526 0.9140363254871395 0.420941171416376 0.8264093595791744 0.30150082650035837 0.93668376914644 0.749232149610919 0.2929177541903032 0.5289236511454802 0.3594350121662395 0.1696920652268632 0.8678043058879229 0.48631051457462204 0.4102322580896819 0.46366283865764546 0.08693535988649559 0.7552898613403474 0.23788662830634355 0.7748619054053153 0.4027495893717318 0.24136759850557865 0.36301069336850944 0.54555038719051 0.9636848067668391 0.5460993338628429 0.8057413708312854 0.6799744021450151 0.9329221218081151 0.04291119269494115 0.3480291554514924 0.3782071793582391 0.20335270444898979 0.3188833159801815 0.13755814969518954 0.9905288306774774 0.0077750716675027975 0.8872513970299608 0.805807812634294 0.2216145294733668 0.7087807797014498 0.9037168282660961 0.5981612100369798 0.9081539764491418 0.8746217836479928 0.9138526621497555 0.6114980056131105 0.21722679208329532 0.18492954817082363 0.7219317089711085 0.0866418075069404 0.6564389028188474 0.9840973634820989 0.3372179881856626 0.9969018186638943 0.30605616620624765 0.6815018353017542 0.08686036538817188 0.2662520766952504 0.4433883659922938 0.5248654869148361 0.21248359572224518 0.5907448798543358 0.45931875303629377 0.9732065129441251 0.7755302170379569 0.36595880209556775 0.09264379182393268 0.7144156919559098 0.8384928289942319 0.8244352543821971 0.8432827979587665 0.3187377310400149 0.2093512611518561 0.48555658451305883 0.8906492327166201 0.7905845440894714 0.8868620855025299 0.16677687879807213 0.988736418280225 0.07803279964791865 0.341169152728657 0.36483757831479835 0.2088171479445512 0.7936084432742466 0.31674453125080526 0.6780884021404119 0.2738243350056968 0.08463123157060526 0.7623429395041049 0.9743716391325915 0.570420648397147 0.30563450692187455 0.49790213145627427 0.17398956284069977 0.24157385879271576 0.6732819920171341 0.7609735614503254 0.11059218641394297 0.7469654910970689 0.24838407334523704 0.9529804253723982 0.6965322116694316 0.4707000888053051 0.08369350351598737 0.8609525050299601 0.6374242835710608 0.032178780162833265 0.6568022088702833 0.9781356283551639 0.20552969063573834 0.5389973995966367 0.041252398419772573
0.07021642988571763 0.8381605712290571 0.6945584982271619 0.5504265762084594 0.7985955576404269 0.6811977070224421 0.6896962931560565 0.23627204728125684 0.9505620922620124 0.7158517727828744 0.6327242980001385 0.7570219604243807 0.26201466905647486 0.04778230838071118 0.6227509253208052 0.016914258303921348 0.08977986317681297 0.5481799394296109 0.8853276857303456 0.5328207227328169 0.22010633898238763 0.8449773065970725 0.4338497905565727 0.31258914775490054 0.6478585662376998 0.48971218721640797 0.9989972203397206 0.0681399043241141 0.11151774719788266 0.7255141180412465 0.4042531496658466 0.31920060573247655 0.2651084675876938 0.4300690140073239 0.4316095598072168 0.2607784677380919 0.2413611143032196 0.788727840282871 0.2640276351232539 0.15209938495935427 0.9138995432313649 0.47530620458150397 0.24216375818783942 0.046623995635504456 0.7020372983338312 0.5788464114894288 0.9221911378503029 0.6802028649165762 0.3977313649367077 0.7304025492175813 0.16893637947007456 0.36901259826330013 0.31604154408916785 0.3300318058688536 0.6273656069535184 0.0818981058885534 0.4955913994959368 0.5176340614359165 0.4681227979910423 0.49866551814338744 0.7182739073694273 0.1896689699542391 0.11355682168313874 0.7029196475453962 0.9641590302950102 0.975318304848507 0.34338416312206177 0.5271919928994038 0.15223713787451076 0.7294967338057439 0.8911527103132971 0.7652285240795674 0.23292053296849302 0.36585495829188497 0.9636083207421619 0.07728086151709379 0.42007497735019594 0.5538246403410634 0.2088327264087767 0.27546992205992393 0.6332337313546128 0.9993492873239309 0.9572921368580398 0.026455339537632128 0.060036820061795004 0.1676860534901471 0.8826160658769717 0.20621056662702197 0.4298207554481922 0.9830114017728606 0.9159006817259429 0.615019806581187 0.4267319634258846 0.537723017795607 0.16290721276992937 0.47794602329823255 0.1505349965453191 0.6657703607932456 0.2677464298230354 0.656646834639664 0.41276996070583727 0.46424580817024097 0.6539053883982691 0.8397995585500456 0.3896483269820058 0.11486942727512106 0.36375646043379717 0.9110546469258498 0.4762187653001142 0.5284928065696232 0.5063315578642401 0.1677600590659163 0.19938090805450726 0.26762831235014284 0.5734375944536141 0.29664152436910673 0.10738845600070468 0.10942499791448745 0.28602006783880707 0.7000523253873246 0.6872104168200095 0.11367131640908346 0.7673344614488903 0.17148576284695904 0.32952957513511183 0.6786836644078051 0.22379320820802595 0.57491573718924 0.20964320852268525 0.9707648636902505 0.5119701935062442 0.025305221157823632 0.6290750377026713 0.3639776087667912 0.4722412338405002 0.6935147174914157 0.021506864603339948 0.9165960660048555 0.2889310547756154 0.6833980730666893 0.27496072012529305 0.3578583045626229 0.011052451471823321 0.9543546783240827 0.24049605265988938 0.45232696794426186 0.9909767270814018 0.8648822460276172 0.752034409933256 0.1914936867131688 0.09624498283996219 0.6464666264488121 0.6695906649771008 0.481294094442671 0.6326447711988757 0.44040024679576273 0.42491685504329624 0.7088254943968557 0.842434545317124 0.722434547138166 0.38468366990904035 0.7904666827208527 0.18085930016534935 0.6278836115369485 0.563006395335104 0.19687802925754472 0.1091842787727183 0.664675697003113 0.2381841626089527 0.7887604255948741 0.7386022989057425 0.1761506025051729 0.22797097629081964 0.6641678734376589 0.44373345752979165 0.6707454074371296 0.310550013584065 0.007779690865092559 0.8480389231021607 0.06119836599986006 0.6121065982584788 0.7172150836987299 0.7133625118514273 0.7269596369093801 0.5621375877987314 0.7691220521555194 0.9670447744340303 0.361032367651129 0.8514557019436128 0.7177268548673592 0.5719977416251968 0.43824914933642467 0.39162011368130945 0.7843884927056872 0.6646293968047137 0.3060314094649699 0.41595058878483904 0.8908011394717718 0.8093518869252159 0.4920381119766034
0.5560450024517989 0.8977801024823067 0.817278311083245 0.6124820792964909 0.728468444663616 0.738339082625957 0.5204799132730229 0.9564500337663981 0.3278795626202986 0.61388254673274 0.9825845820698268 0.458845334453146 0.36585598019622667 0.06768349684965569 0.5020937011889299 0.07224594818883323 0.05468353913645385 0.6002948586758878 0.8074717741622925 0.04297723140686294 0.4616662005185358 0.5902141551839302 0.05621248474824281 0.18394858961612282 0.9475758653903613 0.37133843369838315 0.4407214522876184 0.8711035841946729 0.6330784261416948 0.5173299385477842 0.5115243734537042 0.7314115293990603 0.7880165120293368 0.5339708432130524 0.7125442382463771 0.5968123828054831 0.5378067814337731 0.703635566934638 0.8869316723564583 0.5941874534001893 0.9268074307134918 0.9559600846375609 0.3404278015487121 0.4848119440603099 0.787024737743156 0.607647164361457 0.34160795077297335 0.3779347149372002 0.004435100102840317 0.28487428517289437 0.10976826564934272 0.7975267751465129 0.3306317112918974 0.18335725918924595 0.9405649478500094 0.9096228109165501 0.9701913939202989 0.7217631608785754 0.6973245845826203 0.5435930830266134 0.26272512107401413 0.021779693257784283 0.42362527507780856 0.9020054728806687 0.9468872863815769 0.0218176320579333 0.509188142388846 0.9464455022189616 0.050092272084356515 0.4674580337006241 0.5485573223767978 0.49674058746790606 0.44746872127720594 0.032228233785181026 0.37016514426891256 0.46926763438404706 0.5896545290607653 0.8390609950891406 0.12692163474570628 0.2493367109763659 0.5837337840209479 0.4971390789894027 0.5853186255755236 0.18681929811424292 0.9478170957700641 0.153120489593625 0.675136103128641 0.6897512757950369 0.2591264970834255 0.032338467081731825 0.22332998977113305 0.05946411956557973 0.3739455525666915 0.1625296768207346 0.5392494609399456 0.3378796572054832 0.5491732300573954 0.412787716742669 0.9820263850357357 0.9777595790263426 0.8667590692287092 0.9040716067009664 0.6157094232654141 0.7270916263317321 0.02934728112849172 0.2300538233308126 0.6935433189689287 0.03984619151863533 0.25974571920157785 0.6874390687024666 0.3853498176034219 0.06164435166252258 0.5602112581564556 0.3104756085078918 0.8781642669824382 0.6027331322667512 0.0797505163136294 0.49619648793798954 0.35725380939812623 0.14594972853281662 0.03953966273283904 0.3793685222928215 0.593189941725375 0.7020589545084049 0.769745778692383 0.039520547309879306 0.18658495127315322 0.9941758308119204 0.07854415661536873 0.3908356581686919 0.13349873708527937 0.30294782062406345 0.8439304513910262 0.9862570214911942 0.3392095518070004 0.8602361496414208 0.6432114548669844 0.11553602607435032 0.5092314013640717 0.6907639452640446 0.2651294455222052 0.5876220706783924 0.34472933510092496 0.89511063210087 0.25655373056824604 0.6304431847376202 0.2860949625280297 0.8314962205210209 0.5389931479997147 0.9574196280076629 0.031224821624605048 0.0449174488434988 0.6361849141259901 0.7876639969410524 0.7215871743736422 0.43203191654670525 0.1925921842509979 0.3150590499542407 0.9272305549995348 0.9428707847888184 0.23376028926250292 0.7166515826179418 0.011920448212887402 0.23154294893671812 0.6407980931280084 0.08243175031045025 0.33183447070195626 0.03889369644916074 0.6930234411449157 0.9184709945455128 0.5629173655567241 0.2330817221660617 0.46523602271151965 0.18053963633007608 0.9763572866892198 0.3395566604072413 0.9012414477869536 0.43308536131910236 0.23171810667291493 0.8968829316509684 0.2249289860486009 0.6601538892820873 0.2739254279549955 0.8032289146569703 0.5453167595228716 0.432417307539288 0.7823850534048202 0.6080556258468705 0.1964836485038146 0.7695046853325207 0.5552000345602123 0.020966329144866402 0.3380663259729715 0.9519867910796139 0.4030202708456784 0.9810652744637802 0.1884444167374515 0.35876014693697356 0.6926905131788103 0.9338119669101766
0.1236520762451 0.3401290413670004 0.3222728842906838 0.6946257988066207 0.20198287543979432 0.9983842482961962 0.8316766165674555 0.42526593397401824 0.09555115892882837 0.3220179862171545 0.18634472373706623 0.20988521682832906 0.8304982859689987 0.8993431236096056 0.3710980196122108 0.393613391899741 0.916590230061015 0.874759784939926 0.5040286352739867 0.9210784894954603 0.8761391303422734 0.8513478086651219 0.843006117467867 0.62787514344657 0.3519982274162021 0.4246378490745818 0.6596171219128071 0.3041895154724582 0.7457840870406822 0.406784413769649 0.8763055436509812 0.08233209236670447 0.291004221695802 0.4621805039246163 0.46349264249590194 0.9078713388681608 0.5866614358008491 0.9147200111446724 0.4843600313168456 0.3439201044114255 0.8548103473409701 0.0551294588112482 0.21307315308764563 0.41755358898093675 0.9550824083741749 0.1527498866083986 0.2174369984776673 0.6030725348921379 0.8663073185894873 0.8798370951696975 0.6125548318412227 0.14403901829516252 0.6353716215678978 0.5003324525422629 0.9004712978724626 0.5605364952663316 0.22917152204271485 0.619734682322774 0.6584209887632481 0.6873708607397018 0.21237464932639494 0.41306289392894535 0.44044220841354875 0.1715565110693088 0.7235924566845464 0.9392995602032898 0.5784010257888884 0.028617727823154304 0.4620068553126401 0.16137226141538252 0.840706002020297 0.5791010349240442 0.3582183749765605 0.41919832912641364 0.947861746650671 0.6701502281336182 0.8030820731556075 0.035489258389551415 0.0017964924411997263 0.6450798262793583 0.7960873267612907 0.992997503138464 0.5922735925520871 0.5981021014403699 0.4302505298776409 0.03653355676625214 0.8922595913927786 0.052879924098883646 0.7892363840818952 0.40926616050234554 0.876509211063473 0.36277490341776075 0.0959157040747467 0.37400514161434717 0.6025623341385872 0.2953125953764383 0.7640386371489586 0.9382966371702085 0.9011894927219758 0.3802281187066626 0.6415155147755496 0.2940674750132768 0.666812771430949 0.7675917751773619 0.5005039288259344 0.8294648226088701 0.9924143566281101 0.6722459012418714 0.6963023225913703 0.7073992714853192 0.48991374762514794 0.45188071467402513 0.682407594269382 0.4937663813349098 0.4457478417112746 0.4840555904373871 0.4973754254937458 0.10827335617327305 0.3714667541568656 0.39069825103192457 0.21387403190694432 0.04832142423711561 0.7414271766441102 0.7905985658781695 0.7855902632301216 0.5074224575102781 0.9816200145566283 0.40504431982043576 0.0678874187453209 0.4705709712468541 0.6285181290048775 0.26756425252677984 0.5499522709059853 0.014666026293724599 0.38404875436678254 0.6694620290364642 0.014663062423629691 0.7185290405082462 0.49884572363466073 0.14531572580838992 0.7474617994824794 0.8707735633022361 0.4644617761056943 0.817480351916808 0.44145788475357395 0.5149129445127669 0.5586662020513125 0.04053364376789137 0.2694549895561458 0.3036364193367751 0.5650760416426651 0.1327329229114902 0.665507601386415 0.5049066821904223 0.6438295006229217 0.9654740365582705 0.14026069583101453 0.1783019602353334 0.6727674498807286 0.8995511524165829 0.35383817943935536 0.9621521077738544 0.13425379072383548 0.7206834949749387 0.4913128287200318 0.7167625874981698 0.702213370361538 0.6749706606307728 0.2492727460874209 0.2687200359569707 0.47886196706058415 0.2973907224990938 0.8760785611180453 0.5046824006614312 0.40997079804835146 0.19680475144382725 0.1086130705247127 0.6826825017815397 0.8401979486599432 0.6666533941729789 0.1857364822625842 0.08112782264837781 0.882033519795872 0.5828403516006226 0.4308341239040815 0.2194745674793127 0.6813290417626853 0.23932921130765983 0.43146398912649986 0.25078298597278637 0.676813552354421 0.9959296583435335 0.3634377288449818 0.6504285425881136 0.6171675783124921 0.3253333923990971 0.14415042764876096 0.3527789921271731 0.23006286739831705 0.019920992437226004
0.4417693976331085 0.8155026957264319 0.7338422472422104 0.7754855005452349 0.9397190126243826 0.4021496270969198 0.3733006695188551 0.021213252413068373 0.3050696814511136 0.6387077002341577 0.8622885937743774 0.45643106749686024 0.6119155710838879 0.8848271443382357 0.6952084781243111 0.11119876766892067 0.5747950643953705 0.22804718370515642 0.2628228435396197 0.24775351701582837 0.5525136082106239 0.05365218317849407 0.040238097813198315 0.9957386381400963 0.4054310742348578 0.838406764974562 0.4106458523151846 0.39872041701766103 0.30313888013921064 0.7596881505159785 0.5630717680436417 0.32976395408828807 0.015994921303400522 0.7212839447656905 0.32729304296865935 0.0802116402953893 0.22250496603823644 0.9842813876177755 0.18660848381091022 0.22432824601999501 0.4956939586498257 0.41236336288910025 0.6181227065852192 0.2636830395310922 0.5393195379323575 0.4519234512975341 0.8264189963358406 0.8033056842277951 0.5978476516896412 0.9885100464811122 0.8620454067431441 0.172158398291697 0.6454868981145347 0.027626979297616594 0.19944900942384025 0.261532459127517 0.7707167021231228 0.8064337503703357 0.024667814312710368 0.506185324446839 0.5926632988421233 0.3355321843506296 0.3291674219138342 0.42878126337167377 0.507967807670013 0.264424239419096 0.0711486474746309 0.9472651833909708 0.05738338360152018 0.8397745316735304 0.9089404435953856 0.09447254750553769 0.3780919533415138 0.7818695907141169 0.16414083172552763 0.9796074519913021 0.42534016996497503 0.2203946725368784 0.05677009334136618 0.34425908791192783 0.8067201627859856 0.015485494014690238 0.7246625069809978 0.595129217268967 0.322915539593011 0.6601984737517047 0.4627357249391203 0.8005536030449772 0.6282779183298135 0.6039959917419689 0.9357041069350552 0.5982899190778921 0.7903857641206273 0.5850637359184336 0.8886380740503447 0.7960870391866228 0.836832146160401 0.41589694892543894 0.1976733955393042 0.9412121508647453 0.9916137696912896 0.22416890072074958 0.7113591027730092 0.9307927696763073 0.8629569340008276 0.21922999447852376 0.26182822660326177 0.8856514820195769 0.07029207082724787 0.5600571974596212 0.2868462042445401 0.4979228381138733 0.7171374609049856 0.49576804280098863 0.8777636632451327 0.6145730202612861 0.08049611908458554 0.9480043318561229 0.3271127351272054 0.9901738728554574 0.6646628243928885 0.5343637466669585 0.3909771859613602 0.88042147662814 0.4779166175317413 0.7396677857454136 0.3969557427740944 0.40713521910718464 0.7533516176922888 0.8442098499848799 0.10657042991515164 0.038160939017700124 0.8477105434109004 0.4811976273076506 0.10079467723269309 0.4318772833018295 0.25081574015515706 0.9855292458449713 0.5609075110499572 0.420343060104033 0.023414050635016004 0.9489839377867146 0.9885761702410201 0.711796505640917 0.7269949945619413 0.18389774243213208 0.34724925315532795 0.05688792505813933 0.6467842432291362 0.7382053819603006 0.9361689027023398 0.2070177896491351 0.5868031702215881 0.34634915552050316 0.8722612863211827 0.3746394393261374 0.6484732510109618 0.8468546301384988 0.6486813450909479 0.13550318401963457 0.017031737502068434 0.86584053841316 0.2859909227901214 0.5254400002030234 0.3143588117624099 0.8635443696989807 0.6218332551337432 0.42295236598302943 0.9100827557714546 0.41070576434299577 0.5624507709396281 0.5742921540376671 0.9076106718456568 0.12586871043963432 0.7982276664369925 0.3916209097706267 0.29412578690082625 0.484115220391965 0.8346059232647827 0.1453455916739146 0.5943482789732026 0.08820530086548783 0.6512496859893842 0.26299654362821245 0.8448272349532868 0.9933282522872977 0.37538475700895846 0.9010367219128365 0.2497070247076778 0.15066649424955458 0.36430895049763856 0.40196687793049735 0.6404386038968942 0.5813458954978319 0.7647700998620152 0.9687221243832045 0.05730384580081671 0.7443223028143626 0.7563796974014945 0.9469829088631202
0.4254320916458044 0.10133884767861101 0.9514023304800174 0.1990405584270295 0.466887257773668 0.34278013547528585 0.6354295515588935 0.19037895235118385 0.49833080817281405 0.03065593215408846 0.9355503031104927 0.5997125009912233 0.3155459421181054 0.5382098144050276 0.4606501836485999 0.3530455721971534 0.9352039761102786 0.4846286100423002 0.04636164552742572 0.09945636582058137 0.0391751130146899 0.4182623071410049 0.019799953403900394 0.4173375927704135 0.9420890054073642 0.7714657663798756 0.2660135596301806 0.5541726421416259 0.8722717423806979 0.2948669183979973 0.15734694395775106 0.021293039093194133 0.18187769329281855 0.6681621878440865 0.2260911840151678 0.4999371760327749 0.8117811518845498 0.16048549278711455 0.22820790620141385 0.2605010230797634 0.3428473737134885 0.3207593725978912 0.10135946724730371 0.39630894417510876 0.5042455078241913 0.5496300045383823 0.7446091502603985 0.2762333851032237 0.5656451280774211 0.11319441248931605 0.09024338469326365 0.2197275233974133 0.1229252436923235 0.9219036862035649 0.22016057856222593 0.0951517586091506 0.036134012554800865 0.3948100398828107 0.993011439036581 0.29463694532561047 0.6378834900811342 0.926932041128137 0.43207457310355935 0.7561946482072063 0.6130352722952906 0.5834183202455108 0.9620568457189294 0.0938763618522871 0.004601227061885926 0.8428453849744374 0.5302673196640791 0.03163948754854995 0.5149887129708358 0.9337057701464027 0.6773113664844438 0.9563348317726905 0.7327477713056791 0.47007038668781587 0.7122485843253679 0.512301371833716 0.08369488573311912 0.7246630459634695 0.9180353503937474 0.12662052934137313 0.1224522483131798 0.5182302665833871 0.8559378913528753 0.9905856797749559 0.5335216966773596 0.7585099706970777 0.2245106799602673 0.4609549324919132 0.9645868191704324 0.12117027114736711 0.3297627701187501 0.1439002984029618 0.3668528740696557 0.05107045020428702 0.3400492095456017 0.2589039729115825 0.059614076232140434 0.23039743259529855 0.24394779757106766 0.13566436137222282 0.26867665114297035 0.16751001082860328 0.8044492278550593 0.5404620597911507 0.7580164222775532 0.17567031446790604 0.8245979655060345 0.06809042065947457 0.3408198242213768 0.15845906199829107 0.8194242270171402 0.3860102164754181 0.972718064302152 0.5343141344691633 0.8477643054852357 0.8504566385145336 0.42201757252871175 0.9380916160682649 0.8393840442186274 0.11098851185627134 0.07807086191835944 0.8343480448685262 0.08811377187291425 0.07445673160056865 0.7676731947313679 0.5855592722536762 0.6361914935328699 0.47950596003772716 0.7148101046012332 0.21710812008011504 0.3871193978327443 0.713646480112526 0.8118197489782569 0.6693337929443077 0.16645767416318813 0.5977124159975934 0.5604232923860704 0.3807872782478615 0.5173762744545043 0.536206271531426 0.42993639951209783 0.09322244362875276 0.9893206399921761 0.017542224740783374 0.4514498764564512 0.9400061934024395 0.5023692194084654 0.03748302423477312 0.9776791563857662 0.8543720789451683 0.9793376677855262 0.5930409606646546 0.7852385378653537 0.8149189145182202 0.42162200586205656 0.26340566814663247 0.3444204950902826 0.5179891934159977 0.5609593057506258 0.7068920150328194 0.718081150100987 0.14024036575018672 0.4510454463465109 0.47854395917056103 0.6723400397824009 0.6659654343148204 0.10754031587386104 0.40599632767192595 0.3463003301992754 0.22607906936273336 0.26241781274360654 0.7401083909137297 0.4531690775201441 0.25653205504189425 0.012800717246710058 0.43203983344594454 0.5662205877520967 0.14604980926291156 0.04665326879601028 0.40461037569117553 0.5079984405368326 0.5388862270027426 0.2874076449978964 0.3500058068734688 0.7547554656348228 0.8820313115563735 0.3229930373574339 0.3901824900163958 0.2693426363702037 0.02416233710958071 0.01862486369284788 0.5466273302880175 0.5713809585876769 0.3101365469973285 0.5888672114279613 0.19121854714605047
0.7706319340935437 0.1556384030571084 0.1724825358350004 0.7224239909104532 0.2667544042389097 0.4542334596901625 0.01734665727600493 0.14152064364655959 0.7439471425665816 0.8044220101048523 0.1473211083319852 0.04720103888370952 0.38021812171006963 0.6517282590597036 0.45473352126910693 0.30619366851926444 0.6176373457956926 0.1170935715667003 0.9540783018553607 0.9546660052983802 0.7300602242909208 0.10403450381125745 0.22980201579884485 0.7123678258784987 0.7267694116668536 0.8144891542851518 0.9961205074598483 0.22746282826698183 0.8421308059680469 0.603315661857954 0.15335510218715942 0.0178130717340651 0.27985911817956044 0.3812556168042569 0.5998960739112633 0.7996788998461276 0.3999903809210207 0.9045596582904535 0.9538560038117025 0.15166702471327276 0.7532621279040348 0.14505661221691712 0.2826967380166997 0.10672937955810302 0.8553208103461328 0.6491152892989254 0.04417308775803186 0.47275620596320445 0.8575483008816385 0.05106973291117789 0.009390926369704289 0.7227190274796281 0.8999258859485268 0.19844863959207737 0.2507291277198255 0.23460493003244676 0.9963090866036061 0.7578514725465009 0.4313990023859674 0.6645927065140448 0.9295224117601942 0.09899591358047855 0.709676724627432 0.014826439778975797 0.782128798599694 0.958726222059096 0.335064113703365 0.5490110816235876 0.08753513449361505 0.26493585199520175 0.7970819619998185 0.04054264014390718 0.37975636726704043 0.7270187349164199 0.9663877039392976 0.3851823831991775 0.2023681087779201 0.533502543732592 0.5547017884516212 0.884606007857566 0.6473854048019387 0.42630673674767805 0.33136582618551025 0.8461492437987242 0.885752327926297 0.819321249002947 0.360124582554058 0.014014780452675346 0.6958439323986695 0.16888001904675187 0.5552704401314795 0.11157610530413753 0.03207595274632313 0.032105134871972085 0.4603945908647963 0.7239372925315897 0.2001908120382283 0.9104517595364813 0.24612803484869983 0.30383385725900514 0.5736908227241158 0.07224059115603765 0.2553829421839773 0.6722531762054226 0.8713059136778524 0.7287177452092243 0.22145516334958015 0.2204093639100524 0.6268130191011415 0.9140169062935033 0.5622708648177905 0.9194141798921984 0.62924711766863 0.8541193296451023 0.029793090159742075 0.06312848051224762 0.8789157092021905 0.4419669280216809 0.8539879897543718 0.32671887389980336 0.8287230362809579 0.9323559587416584 0.03360454230515486 0.6387434736897427 0.6499270717087597 0.35911036742156865 0.961568713064408 0.23459750391617118 0.10528492218539987 0.838749951356816 0.7880292110012564 0.3875697193514468 0.45577902386229874 0.21621174433217738 0.08132223407748296 0.36769312910484386 0.9226015083308818 0.0340352191040616 0.18921438953625958 0.7622400305574881 0.817909924751189 0.8981022293193351 0.2845478376300744 0.8835273091980738 0.8397901160219025 0.11365004865051476 0.32052383522623795 0.8816818747395997 0.2851090089878052 0.11009207949374733 0.8912114023776863 0.6380845450789595 0.575756295365033 0.7862782863592029 0.5359953413884954 0.3779829927054247 0.6703933074667062 0.8170611811375146 0.5630298621553315 0.7188029785590101 0.35489799667714916 0.5899151935737023 0.35054321577514735 0.474741959491059 0.48823621919108506 0.3788418193937386 0.7497176699534055 0.036171722314978005 0.7959891342329789 0.1779521296864427 0.4277647767228855 0.5959651919802522 0.25085018714275387 0.5606262515898924 0.3149459473446624 0.7622438948154242 0.8039912880572002 0.0442761035472784 0.3246212539499017 0.10722023338263575 0.2198994899941451 0.5446214040257115 0.42623615333593734 0.22614800203070473 0.061466998981885235 0.6969578467423663 0.9995387749209546 0.20668459578016507 0.3641805724487591 0.4742686797815323 0.6848533726617095 0.03751778864254729 0.44213824764355003 0.419233011104861 0.21138243842017745 0.27713680417663866 0.12860780466001887 0.7740000546020597 0.4704513703182406 0.6487251213880703
0.45921791709794013 0.5344693476838329 0.5280809578187825 0.11622888243237806 0.827790091369345 0.24768578724723334 0.8466123944454006 0.6644643686993956 0.5852528105476144 0.4486624553686558 0.47164136573781124 0.9687940106446166 0.004998554716597159 0.35892734962198536 0.9138081371315646 0.7832791864916933 0.2290937187430706 0.0758327833740775 0.14184179093796456 0.9252745767545891 0.08077906225780962 0.39730200767923174 0.3802989879985361 0.578390689474206 0.630730799081181 0.8396281999307786 0.4549709356051149 0.010740120674645026 0.7992138458896336 0.9742556109101875 0.4309951604219091 0.08074309561056969 0.9418923183102482 0.5239231449966062 0.04080331978804119 0.9954948862414033 0.1606357632328601 0.7539312271209316 0.8495299768353967 0.4328430841833717 0.4793183335841231 0.9867874636084638 0.24651038777809464 0.9071962825083133 0.4764105349955897 0.1370747391238527 0.3566846694743906 0.9532311791779358 0.4051384098091769 0.9800596628112757 0.7018669285331844 0.8707070843415659 0.5777989306381633 0.9520353026999806 0.9744932228904369 0.6435347358578856 0.03675207849873041 0.09697375177449397 0.2081085430748889 0.6656669547850398 0.5913872012983938 0.4399086605556709 0.1641850242529166 0.006781688606204983 0.6916098481313347 0.07421911389376823 0.3347377045700074 0.9688793412512227 0.20262508717224337 0.26329519865282003 0.89268363991006 0.23673051990943572 0.06785910868582301 0.37535823870551244 0.28037522419747984 0.14426119620502398 0.7492968433833554 0.4229793818051263 0.5141204015207476 0.9488704624229604 0.6402423113198118 0.5747197480916066 0.40213017792171 0.5077421490008226 0.4028951999786755 0.0815837039249745 0.6712996018555228 0.6140885816720449 0.7309564284682957 0.42167443530045223 0.9987135599610075 0.6062529213240619 0.20414168329112403 0.7189402947897512 0.6846995686517129 0.4712034710475733 0.7916531849760986 0.9399567532832931 0.15803885707414234 0.20521810274151497 0.5968989190530002 0.6553790265190317 0.24918007570413991 0.08614163301482225 0.47888685083759486 0.27119125004351996 0.6454699754690165 0.6252664703827417 0.6566956830142995 0.727446347874333 0.6605902902690424 0.10452504018984399 0.38814008892097973 0.21286405397587327 0.5164439395177819 0.2268302247187992 0.7441098410821719 0.5885469660959051 0.9793073799173002 0.31858633465435826 0.9037050715389562 0.9697024132372261 0.9855683018643374 0.6145366562659723 0.9297607414212934 0.6994124370863466 0.15960451217781335 0.830880095163735 0.4663429359143928 0.43013128614359974 0.5654009733067815 0.5033354889028769 0.41072396649344134 0.8689463763480542 0.9354700444202931 0.6125878204063868 0.7698736428244817 0.5774150275714047 0.027086494594389388 0.7920501643727229 0.1959750223048623 0.16049395756708162 0.4060352294436006 0.11879186906110417 0.29048532103129476 0.11524619290703975 0.42685361646361697 0.9843795033915376 0.5422748463056388 0.5125052881615079 0.35950125600832505 0.18815797485519836 0.7448320384433451 0.8704766584837819 0.42300745469660495 0.0684335868638749 0.8903448809240859 0.7773700433251843 0.9973575327118303 0.48083396754897556 0.5408665334357833 0.6632861777922965 0.6844327636185221 0.2906290681240802 0.14446875864561903 0.14617711907891684 0.966296419480527 0.2064469054086855 0.25282803460978187 0.604875369590995 0.8533478897968971 0.890778565368407 0.3250082420227749 0.5739747158298457 0.27751976444334914 0.6451978665389003 0.15686309845244306 0.663842930794645 0.38892305137503835 0.8730671941443512 0.1637338231574602 0.48453839703034063 0.09306996996169103 0.5202441216618117 0.19438546269743096 0.7308624546449846 0.5456337395514614 0.6577122574112818 0.468392258578758 0.9290166745263856 0.6279593861594917 0.9587731869958558 0.9377164893593837 0.06493958745075856 0.20009123596805978 0.36764977636774876 0.14217282180758795 0.5749842295701095 0.9215723793932397 0.7452679797114202
0.4464246856587146 0.553672855325124 0.9703894548406988 0.9823349814174407 0.24753241989179375 0.3515453825207926 0.6305855411081406 0.4021973802172678 0.6155694771023333 0.3644831013371903 0.7100972152259459 0.26407434910864147 0.7891199415395426 0.5533571956536775 0.9888715324000175 0.7533016766893265 0.3182294666530219 0.31229058414720523 0.6773857328748912 0.9287002732006981 0.023834041120988636 0.9543537135931974 0.5374148920894393 0.8432014140624592 0.613236443346172 0.7386418769391077 0.3877859838365746 0.5849271667097051 0.09655165921956665 0.9552865955057861 0.1295642541587697 0.6847944863881449 0.7999985802048707 0.4096749435992707 0.46255185778642416 0.5510028276417501 0.46122791291884013 0.2926126978062151 0.7132411102527073 0.43477603804959997 0.3293056112484827 0.4682374731623321 0.7193774398889354 0.7424024775993986 0.16332698525317502 0.1525398436511224 0.1003319727104739 0.06374876144871466 0.7597275237996209 0.2098085957707404 0.3891464054788404 0.30200193771361195 0.7321168711495202 0.24787636016669756 0.2433791216968112 0.5837781505968429 0.4813657616827163 0.18176956158237612 0.396841962900749 0.09125291673460245 0.13477120076475813 0.7518055051939356 0.5748994400226753 0.5909218419784182 0.9389757302136744 0.3248606237389472 0.4430721593872573 0.10831893149610705 0.844535582766315 0.36009196663194576 0.6166397177506695 0.0005722223503827895 0.731456478006737 0.6782511064927796 0.9520097831834555 0.9904221710083767 0.810853904837149 0.18977572525696706 0.9839146945968554 0.14965100212674554 0.572781488679795 0.2600275220991185 0.5814267177973427 0.43755480977158245 0.20437741326921588 0.4806790234040059 0.5692497264188995 0.5300180963628944 0.06390603340505552 0.8569294615293738 0.5302584144043704 0.9901618930718246 0.40284304078926536 0.5002598773070175 0.6089338840807169 0.30048722510817605 0.2900750788622263 0.7651210390692904 0.9583606906639979 0.6333246354480996 0.38198262448325526 0.5505171874238706 0.6176289149345157 0.5894184142832496 0.8862410560903203 0.607840910795153 0.08044526753005232 0.4373628159297668 0.19742745595515698 0.59927817038923 0.7551064471014916 0.579729086405698 0.3530170976655236 0.2277501495889689 0.13991966979947612 0.5925388452290953 0.5336096144840957 0.5954125131447603 0.16322288460142376 0.03155709397789652 0.7537727636644997 0.9228551581212577 0.24804978622485963 0.32159896329364723 0.34677107358671 0.34531354382188995 0.7142591178506206 0.9176473036745093 0.7930415082822088 0.38961955003139825 0.4585424549432022 0.16256408492936159 0.6124806960867089 0.31834547568431737 0.808642637150787 0.665852448484747 0.18712574643326685 0.005012359405266342 0.697019727267716 0.5777170496400547 0.10841348993079525 0.7571585913245973 0.8671122057634192 0.03570727392003692 0.22224592602975402 0.686337335363148 0.8795177488354325 0.054211243503154094 0.16455063799844993 0.3899951326089921 0.42278089222704096 0.29464954885806216 0.1020397528265996 0.9126700896590013 0.7308950867803989 0.16714307056939515 0.3334098678686368 0.25244431162030834 0.4691596834061035 0.9283867780372629 0.9411667098876584 0.4191385781639483 0.5585847227241643 0.21324787335369666 0.2535530283392067 0.6909402224707155 0.9195551208711501 0.4560199776800826 0.7666257520598643 0.23322274081984629 0.5736957549326192 0.9123080287092358 0.39905258892400153 0.3278966688474121 0.8820844659012622 0.9558885421446944 0.6012194959298148 0.3199767488949079 0.8830491452491405 0.7287034481221937 0.6450423901310035 0.21115716077616387 0.8410343169012106 0.8326731354183495 0.5250482973698253 0.9059795248765788 0.6774779761429807 0.19899387128535329 0.9247931005803388 0.4466776168391009 0.9290609407325249 0.8883828355163562 0.6419464108057044 0.9475181113117814 0.3379857613409537 0.32254596189391826 0.3502826964133766 0.5383674760836442 0.5066636582952095 0.6072456165233875
0.32905414672412747 0.19798980501412988 0.8028523522362904 0.6787893923012049 0.9869224847515158 0.42003927469454294 0.2671217090815423 0.6007248928130026 0.41038894211324795 0.38759307365105367 0.14417563754578422 0.9043950285021154 0.5917760722530565 0.8163996169954012 0.34177566533475945 0.12550677440552138 0.08841487677079696 0.6639074126878434 0.26896968699267676 0.5757822985407063 0.06389121815652266 0.9675764815886897 0.7925461250913589 0.21499468602337357 0.8641130177608527 0.5744483828710354 0.953275464515777 0.24548244463247182 0.5586162053994976 0.26831279393220875 0.9141150017287621 0.0007942845125424869 0.9429883341060986 0.8569473456261673 0.09066595863652094 0.6098900175991343 0.22828117089131572 0.7233797488393876 0.867811389308628 0.40456999241348335 0.9550266487959365 0.6818954013734752 0.19679087237405135 0.07872386396187103 0.8572191120776425 0.944011214713831 0.07859197714273836 0.6284201674598549 0.2954238051834044 0.4107865038109646 0.7380807394970049 0.7144425991292286 0.3514620997325185 0.4912559592580322 0.7148254457495111 0.4035222544219613 0.7885787147916042 0.10482394291816921 0.6990443587577583 0.6092073613422598 0.3415319612402403 0.1938116713735808 0.42427607343209794 0.2582391845047838 0.16093682188268277 0.5204817614199249 0.11349185095690151 0.46450452289466115 0.5388570273523615 0.8565405998684167 0.2746253306245693 0.08964579685332197 0.12646750552995378 0.6472383291319794 0.9575875669139297 0.4644700904425042 0.5230952589416452 0.5783784435861326 0.43440929331368483 0.9449998937930952 0.9396301481341496 0.42364261415431403 0.533661381665987 0.1918263977453546 0.9397947578516643 0.41638781804617786 0.5543418122949729 0.3756967170056259 0.5365420937507733 0.4556711210108766 0.8596345203912822 0.0889957695269592 0.1422027574866459 0.02756522764199687 0.6919056038219267 0.2708111573046613 0.3429657340590506 0.9821330832183285 0.3657276244941008 0.659155515918202 0.9884628700820809 0.3740348483664939 0.8415475296019536 0.6603329876392047 0.6422088658026329 0.7576106613343763 0.3130467873143703 0.19230729953791403 0.47579118859225933 0.3207147510346561 0.09703624899846075 0.11666073311818792 0.4058482880938521 0.039568148775179335 0.6369060382490466 0.6317254829098384 0.9670020779654537 0.3529317659233079 0.8265318641303814 0.9422480950706105 0.3548384984935202 0.11126295720205448 0.548440644066725 0.07846990043831126 0.8977607745745393 0.29466580846328494 0.5150776873269378 0.40299864637462346 0.8332093761234151 0.4258164849376913 0.7635588401013279 0.4957030691721821 0.6826695509491096 0.15420347906771614 0.4702826697384108 0.20698338228982005 0.49172685514944847 0.5344856537860898 0.8194656035394773 0.8952883370625196 0.2715066267952595 0.5930712075668689 0.36825008429408324 0.15102189868770854 0.45664157049389564 0.4587819896066655 0.40210821617898285 0.7318724977549264 0.23252093603724744 0.8480357472051965 0.18254672403428462 0.8569826445411173 0.1730292230300886 0.9529592036861915 0.2279200749630026 0.820948104109199 0.4050063087153716 0.13537452868143374 0.1775449929119267 0.1820382894314463 0.45987925366766214 0.2520790971772032 0.5649802097205713 0.0927429852531726 0.11740068681694615 0.576755317856389 0.8530299559836004 0.5317738051229456 0.8791983799856992 0.5321610430836222 0.6344353114588575 0.6902582993250265 0.8743854507341985 0.16319226072405557 0.8277023097224255 0.6338805375469473 0.22662442796856008 0.6425873388540131 0.7031869200618552 0.9206210757021049 0.18612603871488487 0.6633892038936997 0.29733607667663176 0.871278094039317 0.7686071575030964 0.19991424810837632 0.9235861769062446 0.034991029732766576 0.8258843408108266 0.3328863551222533 0.24973725734132612 0.914516670310097 0.439393538566639 0.6460423407701982 0.9292049028122541 0.859369346150904 0.6964964681890078 0.1793569428809929 0.1898178584293968 0.6513695273407539
0.49466196873667145 0.7138268686479189 0.708776770476488 0.9532398231641742 0.5000209762684114 0.14598591827763763 0.021076962404570243 0.27396156782030745 0.5552742641610412 0.6074522444584175 0.5421945319730903 0.8046717054566352 0.3914347078631677 0.7990877544412259 0.21425936903096165 0.8377918419847354 0.5511616718647439 0.21126268448495777 0.05554919014482751 0.9019967541209115 0.7944980605704273 0.9328036310454023 0.25362760441799204 0.2692438505794006 0.8994260784364825 0.4839142394394639 0.981921188357779 0.12325998289455287 0.557762305475499 0.7147156906397311 0.28599331471474143 0.7496449820654087 0.3839073256978699 0.985521332717877 0.8272170389591225 0.5542218371840856 0.3362293650359598 0.3613964195553281 0.16439252762461398 0.862152645704271 0.8408078244265796 0.8234639404774544 0.6817893088840823 0.8729793268246223 0.500308261693834 0.9081017600879484 0.8660381875641109 0.8189185542860474 0.4467202287270736 0.3552326495534138 0.34291878603528925 0.3504637230532749 0.636687632658839 0.248250039237789 0.06081188612613586 0.33812676430588107 0.08635422871267029 0.7035364631489263 0.2553808347894124 0.5450017791384973 0.9404163239973191 0.4757282663346659 0.6678831155972599 0.6074705349654026 0.5020974671807622 0.6868089916062446 0.6384024849257605 0.41687478562186653 0.642435544499737 0.33844005205453154 0.5291060184898083 0.998079694976376 0.7021433166131226 0.7332124349361119 0.7046632933070338 0.1050655149449834 0.2191656447778083 0.23981416667115252 0.11293999256858744 0.2725694867000308 0.23995509854361685 0.9218062467428575 0.40640103929935734 0.9579967659455333 0.9490086992563155 0.5883915935146399 0.9207892113114573 0.8448916570612337 0.8615434510586152 0.3385699535527046 0.1289961529177941 0.11979509021140977 0.06727451796323658 0.8099190804124748 0.5799888690389596 0.5624597236851056 0.6406842552329755 0.25003778272190347 0.21913594856386331 0.4308677387604516 0.7215689033620585 0.5009907579933747 0.05199183739345814 0.19136503984412334 0.5252295504863441 0.5997058571677671 0.571381107729794 0.4622974802833355 0.7707342153112501 0.04358522745557836 0.9052559107257727 0.7385676043111334 0.2802356313280868 0.3527922491880583 0.17652046369319108 0.7806776449050655 0.15736120482995541 0.5789844783152931 0.5533559849710129 0.7706898491387267 0.7277140753919011 0.44019882463420223 0.07527465318951632 0.07394427965553607 0.2003757555527379 0.8340180562385926 0.4740237325333352 0.34611172186562267 0.4883928019030084 0.6972288676988757 0.5630241997975867 0.5311596746384027 0.9710574382238345 0.3802421817311653 0.3387049743399263 0.15153414290292855 0.3424774579389749 0.7624289591977302 0.8333612226241695 0.4651813152699159 0.7326221028543958 0.9692793404257088 0.1789023163825213 0.5386265315713452 0.9346126402590739 0.6915716660892438 0.782732258747418 0.495728590848319 0.6904286870312861 0.4049506241092884 0.3754005305821648 0.5776975142816193 0.2574420815916344 0.6951620359173446 0.8434585268125746 0.8604042434433499 0.2801026986199132 0.6967830863509317 0.0236899756239789 0.8022751295315034 0.9052173141395088 0.744737550460304 0.9147236857875741 0.8244314384441307 0.15467285858696211 0.050010311247636885 0.9987421941804885 0.3632656971010445 0.8730692758482732 0.6775408534059413 0.17152911665075699 0.5851004227678054 0.6744569715584655 0.3546503473086955 0.7680193799600679 0.7700692138051505 0.18649454577669733 0.15037916529801842 0.3176488601123808 0.2937977902579465 0.38177360863680565 0.8071858976196425 0.6555918073138577 0.5603448443503867 0.8822112156497677 0.07564900355378124 0.6019378210928592 0.1450517998579599 0.5652238333662484 0.014640126188956493 0.4993497746322507 0.8122036358668056 0.4595469690664321 0.031316649014745845 0.8771362744363064 0.7512483760334285 0.2607588023911932 0.30745104596471207 0.4994851664222598 0.19429128409144114
0.42381774102998415 0.9597515172953268 0.1828848608127489 0.06700898647020492 0.9603529117378491 0.2529586961802536 0.9452093700269 0.07492770305805918 0.7185466375755063 0.41092020945645535 0.3647159557235191 0.4642972603602905 0.033837935361492044 0.6613059533172889 0.5091023907428259 0.07025916824090117 0.024870262314690916 0.7337323552987027 0.22878471995741945 0.476868337946593 0.8622863575536723 0.5791523062285503 0.9021192001698106 0.04264487701067965 0.08913027835351273 0.4679016594853088 0.39627099598236515 0.06322380277522965 0.13760147107623777 0.17896715840871424 0.2931511895225869 0.8281653816255615 0.7781717264215042 0.9540558148966929 0.660974827341399 0.8615420733623755 0.10021040444664842 0.6266740992065917 0.30611805742301457 0.6193688540676948 0.3292762390791256 0.7002223028117256 0.2666425807389603 0.2963163098832582 0.10524350581751662 0.09696532442702932 0.30935204225279633 0.6129863910619785 0.776410310948048 0.7251735934731768 0.59994386568698 0.024914678652345423 0.6717623910012404 0.889407454953009 0.6208875826343965 0.2886740765577258 0.8756878922447976 0.8324557651495701 0.1995277372709462 0.5159034722444537 0.3092328023527293 0.9992499318230557 0.5185730616228263 0.456850874425904 0.4271796413885831 0.08979741263558971 0.025251993815632034 0.08219853762470708 0.709387833491768 0.9462077338914323 0.9507618278709449 0.7034739529217139 0.48701354736722346 0.19316263509589693 0.05123508293220169 0.8149449631018892 0.25962005688814505 0.4465641679744323 0.38292528619560107 0.3224638224765549 0.40957282278860807 0.6301752971008262 0.1515601648246836 0.14309477355430134 0.4967326577666551 0.7805004965463467 0.12524619927814973 0.38632664523537397 0.6773031981763891 0.5563797391763191 0.17928669023331767 0.7007925921696164 0.5812203369738614 0.45284611471507064 0.3795262708200552 0.8050780923942059 0.986367053232148 0.9265605918120489 0.4072041378434331 0.12230730621279584 0.020877012397868322 0.7462908797809664 0.5294813565070893 0.007993470097136357 0.06388690933670882 0.9307334567963703 0.3066775354130745 0.18390192477881295 0.8105553016854895 0.5248796314097325 0.13368456005228568 0.30149118106793393 0.9827146303426353 0.9054881596002824 0.2555880365403095 0.2498756215046264 0.9381827339564303 0.7391792815054383 0.49860166548722273 0.11645091584278189 0.5624798079677618 0.2868959179717119 0.27276359316333487 0.008604471381642442 0.5955427306246612 0.4296525235893558 0.4338317642108117 0.031015844629869394 0.6490706905944705 0.29801232714893244 0.42419998362604616 0.8021054275348026 0.36694220513908615 0.7588749192913461 0.9214800890473959 0.5624885681958111 0.7500796381562436 0.35201326657669185 0.38498035213291526 0.10800092768128167 0.8559239754292265 0.6758480413011588 0.22317927042234453 0.9011596278648725 0.3208994897475629 0.738070130872602 0.8474947199098689 0.31023656639384545 0.44824027988613824 0.2905660518116069 0.26454862018391356 0.0679816367770657 0.009048594420659972 0.10606893260227512 0.012553151006198582 0.5577011405004874 0.022302676862023474 0.7446066879625133 0.28939418742591616 0.09734835365144467 0.8488181648184692 0.38298226658907175 0.4562483358385714 0.7372782722622596 0.09659397892164645 0.9796166198233793 0.13671512816589593 0.04420820058136821 0.06986923310739823 0.245938461403034 0.3305204034708671 0.6328799575462395 0.8507562116298902 0.2675865024692248 0.7255963154205316 0.4549918074318188 0.4272915715466721 0.8671172291011222 0.40739043308327894 0.26822277252373206 0.7796041067156063 0.21082121908637363 0.06550889195725362 0.9319834034599784 0.02775476690561063 0.1908661832902918 0.42326896902511957 0.633242340520779 0.24740097601901967 0.5768617494709141 0.24219455356664343 0.4889075241720726 0.7617889152298184 0.37034284135664386 0.7508396393217095 0.6810911997214104 0.2569308888425941 0.20967572454505812 0.9850675622851875 0.7886586482902015
0.9455884275954599 0.38101137510985894 0.11098437076498735 0.6883452975455785 0.9011168315799195 0.9397289024581787 0.14225497253024377 0.9098571186416566 0.15903551647275327 0.9372638793239177 0.13077753371854373 0.7294236876785546 0.005126801453937291 0.24219137691228598 0.935221597839442 0.43297255965401904 0.7065572443017292 0.9038288939429147 0.31781002008627013 0.9256168959405301 0.7426821175863638 0.746023877441195 0.3261670550563568 0.0627081985963086 0.7397681222135484 0.8422969124045743 0.4493524259627112 0.3909792150834166 0.7531122249303217 0.4192620872031073 0.7541341320510965 0.5860540032348373 0.5013092816816448 0.6544504230453922 0.43466414596906655 0.6142772069778883 0.8941657554300908 0.7031528265810533 0.8548480312604579 0.4308244017066907 0.7880005333649714 0.1812780770376773 0.3269964361802321 0.2287242663842073 0.4298444837199339 0.38144978506725924 0.6458218081960263 0.2464683395788665 0.16586898129735705 0.6265405450955663 0.4314254133989063 0.7509501874417387 0.40482284893874365 0.9813677011082694 0.3287344300773244 0.41790709066440257 0.9048703197731475 0.7661008733569913 0.7332744313830499 0.32529961715285494 0.2331805420526113 0.8669983803285122 0.9785032953191402 0.3190894939218901 0.45837386399827285 0.978673362567662 0.8919970704272134 0.6717740773641466 0.9308343739184748 0.8109616000802173 0.8408131343684686 0.34329398660829546 0.5061091115920802 0.3989222907726173 0.6344005425738944 0.30348924803425026 0.8310746003675028 0.039287048291999915 0.18845160387768156 0.9316181400029541 0.4790252849253942 0.6882401070443059 0.19852898873070024 0.3824172732812252 0.646555988536186 0.5059902672697583 0.3653106401216334 0.1229400017982335 0.2321765106046113 0.9221583806489821 0.4177981926464396 0.051675295250964814 0.44703256572899996 0.21418473157101237 0.10574240265867318 0.26141426553870406 0.32786599682972406 0.31786094377859453 0.8385342873676422 0.6272307980297173 0.0902556625477019 0.9806641774130412 0.5391287573186578 0.8882779509233714 0.873299074123652 0.07685005049161275 0.7508121469584003 0.021787243014888324 0.731314151186097 0.46349293603946307 0.4795029257809348 0.07997797303435894 0.9844137733924732 0.2699350426196845 0.6750595167461472 0.8664953214073418 0.9766006688751482 0.41159528324050276 0.5990571998839804 0.08307412875170195 0.22969001756220975 0.3873315141248863 0.3275978950078313 0.5520045631804741 0.9934576131048644 0.0675338556613273 0.6643693990053448 0.29829556239206745 0.2626479093790447 0.7680773802528662 0.2802202435566671 0.29295972024282224 0.6516585599346657 0.321153803760993 0.5944874650821421 0.1534043534808257 0.7241763865477456 0.4885275547016035 0.04522971560028122 0.7771636351284931 0.8442302100144031 0.5128888469832821 0.15622799803387022 0.6445732758696952 0.25986137205571525 0.11930274990887901 0.993753684444858 0.45008059045150905 0.1149909444572712 0.566653528589842 0.6559440475848934 0.21752323544403163 0.19999626460973885 0.32852773430606785 0.32338673204541646 0.3555987063339009 0.6721232931449903 0.471684310465183 0.08915397918294776 0.9900612824784721 0.6929240803509462 0.033716335702156375 0.05053044711199117 0.48321554011552814 0.1895940020532807 0.5180705265283553 0.6939408003718234 0.0638719291021379 0.07475122209215035 0.031993718226320245 0.1998137932061157 0.7232454459101783 0.6820922614952437 0.1410307662372663 0.1893032053033581 0.8509220602861784 0.006448629944401318 0.7338360626234666 0.1189698488986386 0.5865995969135583 0.09955421683292809 0.7072131425225572 0.9653796579699304 0.3380447757624683 0.07814601606591876 0.01778136854931245 0.13815866051884673 0.10810382588059253 0.967790171462401 0.2531160197666067 0.7607845667530044 0.5509957406112427 0.2354735752459607 0.4304664511914572 0.34170174097377015 0.32624904642830455 0.8826804248464797 0.19331320319072198 0.33876628674578213 0.8242937347981416
0.16519050159780968 0.3408863494992024 0.19065006326546063 0.9277293408492074 0.6070254656616563 0.540668686658719 0.7346401069820795 0.4821452045212625 0.8253504601067778 0.49173619336010466 0.3026902207201373 0.6837158417650103 0.8043818361549466 0.9165503568203888 0.7525749654539321 0.051364895116887244 0.7718886415627871 0.012770512845546644 0.9755906984387351 0.1341140680644498 0.600585378358322 0.10720546072094272 0.701418104980395 0.5234038686703053 0.6892761193739589 0.22111650566536922 0.44242205627760567 0.41770483817206483 0.3658747953665401 0.20049177539484497 0.27431516843580794 0.6555103951724768 0.13620426731478974 0.874297108360651 0.0785851773524987 0.9215736163819992 0.2647510940162402 0.8465218166486562 0.8765179253318139 0.9969811328831237 0.9174067470479778 0.8712806247210966 0.09306445698830645 0.9999259308043633 0.1094619324148085 0.3894737929396275 0.5624943384225407 0.02058721698742616 0.2776140846165994 0.6590921826636482 0.8770591331407099 0.8503312639749657 0.6882582531138312 0.4359921961412869 0.49065163082054253 0.5931755991623977 0.07400653540054314 0.46777519903858755 0.4528084630684922 0.7348710799930132 0.42960710621382137 0.07673381590053596 0.7795726630372718 0.5806199135027583 0.8557153053262088 0.8806339279345211 0.8276102557831412 0.16146937063934053 0.41874255507068947 0.818730935189507 0.645988024606225 0.5350746722339796 0.8844143238389762 0.7141875295056382 0.6624393020346274 0.7262637529169773 0.42014807613615657 0.4758398265892616 0.14094910150107243 0.1451932015245213 0.641987876481528 0.4468550940737398 0.7352261251845829 0.7083898602041117 0.3913307686595706 0.951147073276021 0.5336096602657486 0.08903719874227944 0.7181954606679276 0.44716728283542606 0.0571950103938782 0.06143728793148173 0.01944707001624202 0.8176840122073187 0.17161678525740276 0.9066052633658352 0.9811377860918287 0.5507642412137254 0.26084826673505124 0.39846799398304145 0.9585876461529669 0.18587193781849798 0.7705385278853105 0.62417528347171 0.9311465279191964 0.623967370360024 0.8240013324048389 0.2977511248208705 0.4835016609326751 0.5477191789144404 0.5895733091065473 0.2706540181399053 0.5132087993080086 0.7569119023764003 0.2474556410372435 0.15604925378040613 0.19942920466728287 0.1543095942944458 0.46632530223044255 0.7574493099943548 0.5033754054152043 0.25872730683355705 0.9703587469573997 0.45502834301858386 0.8260275830442884 0.6742820102485906 0.8960302645185845 0.6113558824532244 0.6059818259108256 0.4413823874800773 0.38015902361177234 0.761317824512714 0.05858951233333143 0.3776573023800801 0.0723063908505921 0.32033471622269705 0.7050893728515647 0.12512466056304694 0.5907481104780935 0.26335194995200584 0.6903015901479924 0.802106470037073 0.7440262167728021 0.18308528164621618 0.3772803878595309 0.7995998450230452 0.954654448867896 0.8227673832796459 0.987573313879738 0.23074855998949684 0.8268588002855186 0.446180207855035 0.5183965048556494 0.5303465806969729 0.3626598144559081 0.08155295280457164 0.9102301922194762 0.1715663017947825 0.5258163517680163 0.06529000435250909 0.44180416010266255 0.3509477779006521 0.6941680370355003 0.2661954276961087 0.8745836945964464 0.9142171084239578 0.3711023818710101 0.13653918995944725 0.8195920114644575 0.47187225322166026 0.8506747559601976 0.7775970376531692 0.3588829097629197 0.4704717189136316 0.30566411117939574 0.08553667964158573 0.14609670580837497 0.35484651287526814 0.6205094703210863 0.07552125368240936 0.9690302477036227 0.12761866663726562 0.8052788024143077 0.8726708446262192 0.03347893761365783 0.6615583944467216 0.9400261841190319 0.005637218649489628 0.25464603463998525 0.3205256457894703 0.8440478892232772 0.9241683350556201 0.3982769337644698 0.0012507036696371987 0.1386366950763981 0.008593308368335162 0.8976418783346936 0.5172766218936253 0.6182000965407863 0.004652177446609507
0.8476249836449081 0.5917945967831989 0.4639917692964265 0.6273883151923783 0.19299205888760196 0.08146973209512343 0.3242328224922614 0.6952998703931613 0.3911246488889354 0.3839997743033843 0.3958973030677001 0.9497291353511803 0.16159927243239525 0.18684026815011157 0.492364176035357 0.5470831301074361 0.15392125887723307 0.5280930585711727 0.7591704536199979 0.5454957956985552 0.23120515055384339 0.27493774303450835 0.8522094440773877 0.4721248722532476 0.38629450462613446 0.3991291897885749 0.014688963335893757 0.6639317279263134 0.4010921083596424 0.5824522301274102 0.6019156179348185 0.0221596074296474 0.6111761113742091 0.6839343843884764 0.2105538175012387 0.05648732748095575 0.7110748923719806 0.8234146291427349 0.06060960032313578 0.2861400594705088 0.8503782645834678 0.41281907104305104 0.3233830397751877 0.6274162405393318 0.45416452474355484 0.6845209675556706 0.6030697125587331 0.27596368403864524 0.21284652890133482 0.8084973864483036 0.29643958526873837 0.647649344125079 0.6237375340174993 0.701362765778791 0.6817699972736663 0.5139661817531084 0.0260984513547039 0.5693681427128177 0.12242384520866012 0.4097521138384994 0.7262728940625153 0.45162684998204194 0.8581281671002977 0.7593628792189502 0.19775310356798026 0.388765772285937 0.5724598933823316 0.06901624434901998 0.8234944950502385 0.6845945184559593 0.328841563965246 0.28613324793032846 0.15751130049577078 0.30173386656277335 0.05456971258524612 0.4009904949365345 0.6527939541750442 0.05596257235704549 0.8254768517251169 0.36846671050586566 0.23481005874761718 0.139943834899104 0.15563433420826644 0.3353879438811911 0.10360624440421207 0.8695058431074087 0.537045371835979 0.9292211180774598 0.21454925105613154 0.7300893198017143 0.3896687605069832 0.3647922126552171 0.3960982523438228 0.26098236932435126 0.25817401891458436 0.6714929274045236 0.3627763608773279 0.8764003902306615 0.8195443854858885 0.3429160378091515 0.5423657392316994 0.1340625893524835 0.6842079339617839 0.7391398962014704 0.31170934247513904 0.5000365559512034 0.2708715768973661 0.725554614787705 0.011336067929146099 0.9928988033693129 0.5041132431262336 0.6115277426371626 0.2684595076665214 0.38465361558419886 0.9672587378622715 0.6054843750623287 0.5069702745320811 0.6117145227930606 0.9719596239852932 0.36757675117211097 0.5869585953197018 0.5035983223669845 0.8125030272334118 0.9970895784842218 0.8786754586854655 0.3694899079233892 0.35689337137476806 0.6890450003053096 0.5417459222102745 0.5566147986653628 0.317497358972595 0.43767622848337595 0.45907987648627924 0.52790171016395 0.17424015989767172 0.258977064528792 0.06965867018938665 0.03808447569899076 0.9107599580849061 0.6666116179385426 0.46230925722482097 0.666635545526288 0.2644406422246668 0.5771729151184699 0.5505707282386143 0.5205620671812848 0.08027938839222126 0.39880465420886546 0.07346478819825808 0.10344961419677212 0.4830102506022391 0.5507510203117569 0.23860795808146085 0.5460162867279496 0.007195587720155494 0.15080040883643708 0.9394446875356451 0.4575273619454028 0.025028918652329146 0.892667056044252 0.7439000106711813 0.9928981328831099 0.4406433766309281 0.4650518206261828 0.17200023137137765 0.46019690612496045 0.46704511669209037 0.035304330847364396 0.08934755917736081 0.5826236068935196 0.2439852784388229 0.8199954816833042 0.7656462149099443 0.7096708581340688 0.41191178286694574 0.521710077321544 0.7289917793496276 0.49945882481906156 0.5209356267987377 0.9936760737485686 0.6129828532286283 0.6147006822537097 0.7304492736664425 0.4441022281204565 0.744120862913958 0.06612633231920995 0.17023093544107315 0.8581193170968331 0.9436883775721803 0.6853954599781853 0.714425868300188 0.1123498158533418 0.22946742426070332 0.2801991744799527 0.01613137856608793 0.9279072860716553 0.8343097305967542 0.7439599562786435 0.11210476380234624 0.9775827282291419
0.5457978632784125 0.3898876174797089 0.04623992196789606 0.0010771118914640887 0.5720371568509904 0.19355426923987584 0.20361771344553714 0.5443494145713892 0.5527704254001232 0.40293850143951493 0.6319582540434163 0.3871029036293261 0.4400718946738815 0.9693926278891442 0.9793446019354156 0.4023260772552466 0.052705206160871154 0.8991207998403479 0.24580411234540345 0.6095021283404276 0.3583548189002519 0.5961309107476315 0.47416839024265167 0.8869939886876161 0.8614240213748217 0.2862466886598588 0.9256570802407792 0.8982938899835798 0.33264894264157985 0.5906814084451268 0.28465251951460757 0.4643452031898948 0.5395344481131635 0.3247043390072688 0.1397962097047467 0.6628638219481202 0.2502951069985526 0.7844775376613528 0.44031976622524915 0.3808432371934084 0.9156675633265704 0.37770757149976797 0.20319500474274244 0.435225481933343 0.1959556486482823 0.17971028121878918 0.46766007287670663 0.3290991357024595 0.9817125596977018 0.03847749025796732 0.6468088661059018 0.3676121241946443 0.34633596343527817 0.08951325781616903 0.9502958635665447 0.2617815342183776 0.43157070472044956 0.0687532536608404 0.16679061255220207 0.5720339421455509 0.0610675754281953 0.5816483795897438 0.4534807099871221 0.5984659239435604 0.26050437518351055 0.7586083296250474 0.8175755928354836 0.6380454447063116 0.1445829361792036 0.6606476085292902 0.5320273188982472 0.0227087564581957 0.6216850109983418 0.9483624351800244 0.1052328078482414 0.47403116321979144 0.800366793448247 0.7166359171142099 0.875361060774732 0.21547852758679464 0.9526483691942055 0.17376245382541644 0.22869189704844206 0.9050553779259384 0.5890371064032097 0.19666104693066078 0.3010060032160905 0.8698805048774644 0.5641547438988574 0.9182685783067682 0.9121139300988469 0.5355797476116226 0.3902012215248476 0.7072339048793006 0.558592149444916 0.8988694003405857 0.5875316939606923 0.6912423578406145 0.3072324435484113 0.06592910857239109 0.5114390330226326 0.17242940563514708 0.7876067301629994 0.798665947371126 0.27569177205550666 0.7298363824793285 0.5391026113495619 0.04119718173773046 0.473185839781481 0.3604141962110574 0.9047455621251447 0.5442540078119689 0.5135395096448375 0.13864673010177697 0.3157003472654828 0.8530910609553932 0.8902554709489905 0.9354641681854384 0.520457528834018 0.4492871965981595 0.7678001210580221 0.6608735261159046 0.7764166764605376 0.6310789876859967 0.06407989557299787 0.6140853798496133 0.36724878549809403 0.5521256484192363 0.4026471413487147 0.9996797641844424 0.6309849104159155 0.7490134440074742 0.22903236602720356 0.4828821479601918 0.8800340638850154 0.319092506279158 0.3163445655591477 0.8550370586474041 0.6084897746469542 0.2215751863068035 0.6431899728188472 0.45876768800448997 0.5577133150385727 0.14742410599169964 0.42351122289552445 0.9493255773466215 0.997446583013848 0.787764652405806 0.988631552219933 0.8638023656365131 0.6366934672412231 0.7777967973330029 0.13102781811114594 0.6595247152046202 0.738267745322206 0.5049602257533783 0.7588618669598367 0.7395919766987243 0.4819675120527188 0.7543538942029896 0.6681684850773497 0.64863802805971 0.7949025696455928 0.42391882747232557 0.2951789441323559 0.37999141014656146 0.8364511157978376 0.6193285114975047 0.9452723593177508 0.2195129536697623 0.3183472024442894 0.8233251014620611 0.6688208842156494 0.4943400914255086 0.8029945761035716 0.33872158612151204 0.5447593392529413 0.07890703670776211 0.27543700144344485 0.2776333237962162 0.710567208639221 0.7104035592932236 0.5551312081833714 0.7235898254998547 0.8001944784632921 0.2628160989981221 0.9298976408227636 0.11874813656838723 0.6914037659778988 0.37776235067386466 0.9758488675641208 0.1227964682442213 0.890364222186644 0.4511853316843837 0.9711901109988846 0.3243793663080733 0.22177996319037763 0.33052229815190826 0.5737983995619247 0.3525309309547787
0.6094525513814198 0.6073387106325968 0.6349643733809723 0.4773181273772069 0.3334005562460932 0.9349530360752016 0.15035587542065076 0.14789387130255593 0.9843714929500709 0.037273622909089865 0.45545274141915437 0.042054308620941616 0.7739500589023237 0.28995129443125023 0.9806347624209556 0.8872940646196095 0.7596328365813192 0.6372089578854923 0.2227016088849405 0.39880580178028235 0.4773463309027537 0.2898275021334147 0.6254264236208348 0.010845432747902617 0.2799572429960925 0.24027878596063912 0.19885311269523487 0.8854554046747278 0.6658521482489947 0.1714815644927662 0.18934629023239202 0.2060087091304258 0.4733508583002768 0.42670487577238303 0.40017886651009993 0.7433986684758468 0.33523909671099916 0.2755478902244334 0.7132912943984577 0.7779303910900844 0.6715811294693194 0.26850319584371096 0.7488555008291368 0.1289892430518481 0.3456883965451656 0.09611642422068678 0.7280614417641253 0.5268105535671652 0.2931626489906338 0.5122499916021698 0.22543457307850934 0.6288105523327293 0.4792667547471289 0.26671005782253365 0.19651064223559467 0.3107174485752714 0.8895156787249325 0.5006038427470768 0.023038191445947653 0.8552982408300376 0.08913023285095045 0.3812810539246847 0.41956814002746723 0.4709933109313885 0.6737643214133898 0.09024571048932073 0.5520948227003812 0.0373228244675754 0.9174069464535966 0.3074593526293803 0.925485087157596 0.7234147628457523 0.8093914871081604 0.4721482537252386 0.40368317961073563 0.45702540813084536 0.30197471702888445 0.991597654417503 0.4459814889099635 0.5750931068463119 0.03125802134735978 0.9452756220764963 0.10895105184373599 0.730021311137571 0.37890454467267587 0.2612771831328029 0.6052242005616743 0.8555596252633245 0.4996690873794646 0.841116067282809 0.08241152375058913 0.013230526072552817 0.0291726421905657 0.4161468665924364 0.3816823630745585 0.6971812696178662 0.2874746894478274 0.45342084048696973 0.5812548906789485 0.5946206516386263 0.24243140333711866 0.4738596353509651 0.11677331553070691 0.6876907890190276 0.3337024863389447 0.5442164522837237 0.8486925053335804 0.3009289499655111 0.04075977539116127 0.6734712249681082 0.7650523175788747 0.34078834176592143 0.02653150420947048 0.2994572582470838 0.10725557861597534 0.7759227791437232 0.8126874490251733 0.32880324724363974 0.958927307071202 0.07741230581675773 0.7445354591057254 0.027410771859897265 0.806514657673888 0.24331107857558132 0.8258418717513898 0.037332173697652404 0.020204478779112134 0.629375886842983 0.831023069304688 0.7714072758106485 0.730778761443319 0.7274433133052634 0.7608269993876696 0.5266338126081617 0.0017401754664224667 0.11878991002462946 0.23293536182742258 0.7138882408788765 0.296450660883227 0.01970804152212835 0.6146901712290218 0.09605291569608376 0.7729414058592923 0.019179294347052123 0.7381740962084752 0.3419469573440086 0.9103570815646779 0.8263738549768536 0.47603723866861525 0.17485544993745672 0.43395097642615077 0.4133714266944457 0.14940662227621127 0.678583306102212 0.5060255526516199 0.1282625609561846 0.7831811635687 0.9430177353273066 0.44164894211896855 0.20579796701739272 0.9883699414007869 0.42559237464623934 0.8421970143380564 0.9503161132272467 0.01707403895587334 0.10540336262662164 0.20739817854331444 0.6124305827026637 0.998269165784545 0.07347347805602655 0.4742039139404781 0.755931397852706 0.17598657029510734 0.6189331030146006 0.9262102010766234 0.5565648711227847 0.3841804746058811 0.7534111434982121 0.1001925833662578 0.7209207157244015 0.9356535550506817 0.3320504753497574 0.5854905579385945 0.9982647574377039 0.3247447238835337 0.7478242271511502 0.516916019875687 0.18668511142221456 0.21314305522866006 0.8493845204513423 0.2618515909397823 0.0394702568526083 0.3560936039919954 0.6595701736083688 0.6842839713669497 0.4802111764604714 0.5057339306401532 0.13160923165209448 0.5034348698268386 0.3004772284462772
0.8382942062701102 0.2859394041512977 0.04509182160622882 0.5644193059960059 0.11801017763403576 0.3996344437124544 0.8171543903299416 0.6869118724128672 0.39768789011851136 0.8265865357767987 0.6308651881809333 0.3872676848907861 0.17314327934310614 0.554244943958046 0.6325183124907032 0.6504026151522353 0.2902016114262429 0.6438649549384255 0.42942432290918076 0.9987576846657399 0.7820322908233939 0.1397911654608439 0.800621213366194 0.18978077154424966 0.18417322926462243 0.43841652261196673 0.6187358909905839 0.2794044469342506 0.7317546968071144 0.3103080321225833 0.7006259381906281 0.6481463800900569 0.5343465414833248 0.15440487091327382 0.36415594458233747 0.8270521263383829 0.19877875058410732 0.28033650890577355 0.8115510282416936 0.5174871875622913 0.4827753262511093 0.6948127798090258 0.9770023390612118 0.3141698094583226 0.14567753240595283 0.9791087374804724 0.5438127061635208 0.5878405459424927 0.5237593734201136 0.8658656712600858 0.7861471585609928 0.18621061419129048 0.21227301479646354 0.9818035008985467 0.45714269097490423 0.8084159448989043 0.8427975930411155 0.590048678594375 0.8052240340338238 0.4920094184745174 0.8474301823138823 0.9078631527657094 0.7233310403797888 0.9063913595563035 0.5663164765544598 0.7620401077683824 0.12308626341563278 0.5589213869004789 0.6275553822711524 0.8789181834431492 0.3386172168163929 0.2202379579273014 0.9133536975224594 0.6907767274159833 0.706238316982223 0.7941300489321114 0.3082401613961796 0.42634222850335735 0.0154277121634816 0.34509657236791 0.011761452871798195 0.716421972961547 0.7308193646127942 0.10187430754518301 0.2592287157601071 0.5732491185434372 0.7056269199040912 0.8616133378770794 0.5635616238213268 0.3042666469160249 0.5773455036051606 0.4192136437201268 0.6524660445225031 0.5044245043285255 0.611504712112016 0.18040408928987783 0.9424134622151243 0.8884855191658517 0.7187182895907496 0.21883875962855226 0.11263726877905567 0.23160634035260885 0.4908213512380889 0.8050861753459946 0.39098579023837543 0.3758260179196341 0.14681254107406494 0.02527048309076585 0.3270357067476163 0.9003092045106285 0.2741251275871397 0.966808104862633 0.7242002705298236 0.49837932859021783 0.34157212799473113 0.21550244623458326 0.8713197959789847 0.2907456588579336 0.5391316660224585 0.022891272954243425 0.12947032772519818 0.9127991151661465 0.7767937569669596 0.28205472915786367 0.8751360330006135 0.884591791664331 0.26217930872908035 0.02226855904561864 0.052285266150637444 0.41471422748477005 0.2739085000907141 0.4227667525528299 0.14143940738602745 0.14578459753310558 0.5169148076654325 0.3857118126416036 0.0637066086472935 0.8669999127977737 0.5150956473646946 0.531494705142945 0.7576578180849579 0.9461308799333719 0.8267746624476022 0.6044296289940669 0.8728963228252636 0.836854789748961 0.5526571444970523 0.6662488324276583 0.08597218688737307 0.2956780902909004 0.8012320320168004 0.611612849746529 0.5459545035265864 0.19304219267601708 0.25597403948132047 0.2851237945442011 0.1511718529552758 0.22706911149750664 0.9305113079368517 0.9168702243035262 0.42257210961111125 0.8485541474493885 0.7618891405703037 0.37794626820231125 0.7597471997942525 0.7380305679396965 0.5335441205687862 0.16821932180153176 0.9306175998545352 0.08620129834834278 0.12036078639929859 0.29133547617338484 0.18999397310475086 0.6843531362641494 0.15661423816628128 0.3148933365741756 0.016539282808983646 0.635771802824528 0.5454632457838707 0.5836396013611227 0.2727149023159259 0.9465290230419657 0.6978088094115902 0.11930755089789136 0.1335503624552049 0.757084713253371 0.07121448978993927 0.9684310053623987 0.9554425472869267 0.3361374974944803 0.02107588545480632 0.8388370355817565 0.4822547148221812 0.6456836044532823 0.8696827697942292 0.3507521120510173 0.6051481015714095 0.8941434285657646 0.5132921087633253 0.6682857754900277
0.018881475938173686 0.9213421482057653 0.16412371338454346 0.9161014473652321 0.4878302666982558 0.11942399423908268 0.8433903654316824 0.8849716500504088 0.3966864663865982 0.4180348712693711 0.9196733704138829 0.7065190281101227 0.2551932062644021 0.42282572458733625 0.977708647489301 0.3080610299811102 0.7210962439092926 0.29242168051175554 0.8505944487589949 0.0024145535034677534 0.15423780917489605 0.2217438085665674 0.9720820365064827 0.5597473891146882 0.9410590484046489 0.9955950042627391 0.361026037348088 0.8468304313896101 0.7383998336558857 0.4494050764627229 0.42442275563680465 0.8063978855136467 0.9460515765943318 0.020120648426806165 0.08972700338696771 0.45257819698936996 0.042440280461329194 0.7208747701626541 0.4160935989600917 0.903846610942897 0.9813010392282026 0.9046235144206879 0.7245075167846915 0.9747820623478187 0.6016085427005381 0.11160389606983268 0.19014645881494796 0.5713170816958986 0.1885965826640439 0.12076198357441081 0.6271878129357444 0.8807413814243468 0.8649081423227778 0.9602136375870314 0.8811715729302664 0.3710068508867671 0.21682566478578114 0.5442433074416794 0.37983064702490554 0.07900746094236466 0.20997948623279672 0.003333972249714434 0.4936250606427408 0.6743712278791151 0.9554109177731871 0.15396983859904656 0.028954902979558717 0.6287133100921148 0.47066704273309323 0.7387729715249616 0.5517027725091042 0.44418697711603206 0.8605676260547163 0.14635301090523234 0.5611267977860747 0.9377484038387929 0.9269641637585959 0.04733135965039714 0.1557388220615924 0.9109936417677089 0.15158345254385597 0.8324325904252325 0.6634139627975516 0.7548873474924106 0.3843952398174929 0.09937769695637688 0.4048740145351094 0.6746387552078472 0.05978055277438976 0.6662000892200547 0.5874053404956828 0.38694279579261026 0.44066615164301803 0.495302414469177 0.4710666501599373 0.4285311710876065 0.08739544013067668 0.295775992136575 0.34468862372630404 0.04664363819002604 0.929015285726886 0.48831234189703654 0.4629521904815007 0.4911265113232909 0.4626159367541677 0.6935824969227368 0.24081090066997102 0.055051211507245124 0.6685700107810164 0.8527835603158812 0.07376085708646107 0.4107032877928656 0.537275027230982 0.14730459493811665 0.3474836983134577 0.6530915048446522 0.17555144275192425 0.5771575280687495 0.21384877952170722 0.9487839622677015 0.5351773963518429 0.7621446988087784 0.8057461853294443 0.7327651889020612 0.07276486623172651 0.23112767194449357 0.3561901286276321 0.92758229783724 0.6199502245773412 0.9387242622608417 0.7489401312885219 0.3562661524888251 0.46982105705576704 0.9363135315276242 0.5869042139965612 0.8579859207551431 0.28659130897511254 0.7101419122571222 0.6784928238276305 0.8956529890662143 0.8491228585824654 0.19029433283755892 0.971840822836204 0.9976222982352055 0.11260278434693705 0.5067308583333471 0.24118703086976034 0.9749700500323316 0.2600775803514812 0.9117848612237429 0.27253583854921337 0.30182520312668837 0.20020939802148296 0.1456450473616917 0.5039497958604359 0.9993377497525249 0.6919634001073887 0.1220116596952241 0.4241100789249188 0.8313340211918424 0.5281931675153109 0.5307075421045152 0.3006186214009854 0.5338589372372678 0.99191087356217 0.07469793356905707 0.7131612298464824 0.41056689977021665 0.23614609805602704 0.7409468876448331 0.8292940738092663 0.038806104923684526 0.11293325602307447 0.058797346393544836 0.8667820550322904 0.1681027512100276 0.21925645663149484 0.34688007943612365 0.721953662779385 0.1182393711244526 0.6676706930603572 0.6866289051031111 0.7455479748635496 0.8433351020847022 0.06654302730446815 0.8350124220033297 0.5962241826844337 0.7582380704462306 0.18716726601403733 0.5684332091057954 0.08310715999247043 0.07537326887734486 0.1673923690667528 0.05549099314006678 0.8578505963651875 0.7271121228112769 0.8785088670413855 0.24902636258305322 0.6234450281651317 0.49297194684796397
0.26518209660083836 0.5579069954980728 0.9165658292785892 0.4277127326482595 0.22121850294213596 0.7132130229733602 0.3106348703169105 0.790164732823792 0.2885078276669616 0.5949314836117632 0.47565415224599406 0.24801950748239565 0.3469539773984922 0.345668948463424 0.6378540342272698 0.11944412295870821 0.9938558827115443 0.9712211991345884 0.8028780774039006 0.11573683766668763 0.16942831428090555 0.5906792957056709 0.38860276410880457 0.1513300175377661 0.9848613742093726 0.9631892160207925 0.38173479282052103 0.6676469509233885 0.17537279415771 0.4459680338381379 0.7210429414068802 0.058370530733983794 0.766224627915499 0.21630318301480933 0.9183049981639897 0.672324939455383 0.1389974240910845 0.09598921804573046 0.9354256281849261 0.44567671791242036 0.45201665332566754 0.4684189177055378 0.6370005578071688 0.5019090954142549 0.35443052319072643 0.6328809454165119 0.6055281888059072 0.06426120530939927 0.5520236280576215 0.36671714275569745 0.47640095708090935 0.44952830427368173 0.5402692746440031 0.8264112342867224 0.668752279502433 0.04491562563700724 0.5503484223778611 0.5355270767554813 0.7907038967876651 0.9840499969323667 0.7602740610400568 0.7042723755814838 0.9805490420173535 0.5252431976057279 0.8682218368083902 0.6300172067863707 0.8121901184787668 0.2065688107836684 0.8378445316067986 0.3426463659753408 0.732514423804855 0.10160834906225324 0.03898913909973789 0.7492296104805738 0.9185430660944346 0.4103141340515204 0.5764308061186895 0.427458904459154 0.722848133927764 0.08616517424544734 0.5892861094798295 0.7906016769400873 0.14522551622085855 0.8940888070629318 0.8894576744116479 0.5186620449370406 0.3136612938704535 0.44609529320784014 0.5988211888492482 0.27695787437409525 0.37983452487587677 0.45760642596475987 0.9679500935260743 0.8132792540925581 0.7483361800039758 0.0747289788770723 0.2603146951802564 0.043089962951004535 0.3141175381463903 0.9707755832685993 0.046725799946131574 0.9134239271788841 0.04174390826614649 0.8244845526399527 0.18269075940857382 0.37033812103994623 0.8382657663046958 0.368251813879781 0.3388364363485934 0.9803180269398842 0.7382119730941289 0.4761417407647617 0.8504101973302138 0.38341887574640365 0.5288958707457521 0.8333452886188346 0.7516625754063307 0.010086056846774438 0.4947883501121192 0.7178669091707923 0.9789592448331154 0.7639083514020049 0.8864026007625067 0.04584849523382084 0.2791942923311699 0.7149553127100939 0.12129787666774317 0.3670407044972014 0.37681891385403254 0.552644432588382 0.9610097307584599 0.592792919723754 0.16115725526248137 0.5246837580107733 0.17573357804117995 0.7862892163667748 0.9754161811252213 0.6596146238333648 0.3963078034755726 0.5396009980673537 0.8081773573823331 0.9496119740085942 0.9707430958528581 0.028160393001053108 0.7958462696628088 0.33393697754657337 0.32009529920614 0.7029210851801244 0.9762970616996475 0.3221094125750571 0.29203748020203124 0.534492288982397 0.35806707726895903 0.06689878517720294 0.873660424852399 0.6111634747712912 0.9718586058319838 0.7560972638354662 0.05982979247111142 0.8374467042132742 0.3373390962532873 0.11394753770210764 0.35850388454148374 0.9684172735655314 0.38833654268624396 0.0020385358125888375 0.7830040122285994 0.05318492796376506 0.35262703904092807 0.6600314515199162 0.25090923767092277 0.31769393388869493 0.496359729651049 0.44760447282622073 0.5606766403082273 0.20370558714632925 0.38884616544340567 0.7755460094568526 0.40390491380685667 0.5083988513391086 0.4765633416265669 0.7035891490250269 0.754315390790066 0.30032804621494236 0.43707048649000546 0.2780449217548234 0.08265743643733714 0.3730997056860017 0.08144644718172478 0.2878090772852758 0.847177569546392 0.9595714673738692 0.7597467184315159 0.06887943184009537 0.5097923160609356 0.04158039665756219 0.3401802422510909 0.7915957505551612 0.6753087916817917 0.7524932422641969
0.396732027486176 0.7353580817071182 0.9029915539221322 0.2785510863640346 0.31618774373926084 0.10090835379477459 0.7790461945517758 0.44664786256069655 0.22697245722722725 0.5919539889244545 0.32600192645491477 0.21723588411960215 0.44442627842778615 0.5944641129091519 0.7107357210009912 0.8333276726649841 0.603129166053881 0.11780959383571354 0.9577794596728149 0.6033649863209958 0.09739541638482163 0.627530969466928 0.06928200519830419 0.8244544263397537 0.3918934405692941 0.08210211215757057 0.9099835557075174 0.8089329504345641 0.17388319257877483 0.3526555607801757 0.9225613856509027 0.2468525340909966 0.8121293831517302 0.3130435501793396 0.6756944687391755 0.4027519024925136 0.03338168288371135 0.15105615903973957 0.734076871442515 0.9601469918724533 0.1670647988617887 0.16025451939297508 0.21417701196562655 0.09641256757220362 0.679579808761435 0.8319183210063062 0.8336271943284949 0.2983604789065768 0.1290696468718281 0.21770034221734602 0.6980309963102541 0.6095296764220657 0.5163694469559488 0.2346498276163479 0.39863070852804583 0.5318520115767222 0.8086399557345539 0.45569972327485053 0.18961199006393892 0.39009689127627833 0.2776483750814477 0.7686331377576142 0.09343872041523871 0.8744430408006886 0.9165955506271849 0.37984238285357474 0.3497050077514735 0.9119978261301411 0.46673160155273397 0.7496367970620422 0.6076187393836211 0.493032719312933 0.4994013529916419 0.10961093470673067 0.4381522137334992 0.1513020016631862 0.1838519865731555 0.6956116243610525 0.6808150938470257 0.36776839099972014 0.8296080419629345 0.9044319804418447 0.7277441300049563 0.8097097668429298 0.3342870733554506 0.18552595564981011 0.22440889597139257 0.8795332684651151 0.12041977255576475 0.6970668465571134 0.46857810486718343 0.6486208033001112 0.9273753205271942 0.11482863380851926 0.1286928378961235 0.4710607637550116 0.30990003604413063 0.9241004169109013 0.9888144574747009 0.8376378542331916 0.7226131664888146 0.3632861730917861 0.6778294702211641 0.916020769396355 0.2033679576530394 0.7144686069773082 0.07820878954971955 0.686639632338922 0.7301110489258905 0.40920274208054763 0.3283510039223083 0.1837345079915249 0.043856968764127924 0.33466217801569886 0.09662438680122742 0.7918936983914424 0.5065344426421979 0.01805428917996088 0.42504671612834033 0.1503478862930907 0.41877365315779713 0.8623179100161575 0.11191220540047897 0.008462662205083626 0.215977846118927 0.54737683501933 0.8644130119021322 0.878359629403554 0.7133024858274396 0.21355831344437992 0.6273063523759103 0.4757766409708889 0.027559080785197643 0.10422875492330486 0.2501860096791091 0.33080118034158756 0.36001331661789604 0.435914299709108 0.36506222150598766 0.40058401514615916 0.025566034086143774 0.5293216291039651 0.36046210336010176 0.020789731715443183 0.5447888755177879 0.5450998785753579 0.9897130662460087 0.5926384129124552 0.9323699203897124 0.2962673056220696 0.32527745553175524 0.11286483583641937 0.1813247419226821 0.35175791417061064 0.14237051537108014 0.5812346766862002 0.5252353755296854 0.822911611085753 0.9317026553424314 0.9844689801596105 0.9697816540355646 0.5927934486561156 0.3876831667378865 0.9434954763102786 0.31430511295006547 0.8236920497238349 0.84785271744412 0.43271019760199814 0.7316709922066593 0.16993446165374193 0.5308671060212681 0.8090304276311271 0.3840728479722286 0.6564452152810243 0.4361183712957699 0.8019672384576053 0.3558739411585258 0.7402821445298161 0.020049079969756467 0.04520828027417001 0.18067343381652823 0.7332806580346517 0.3938310520036159 0.9959234750249205 0.26582806264518677 0.646680878391346 0.42547704346289283 0.34725559277669804 0.1819539571649964 0.4879174317001259 0.5461115568090188 0.4524605170159042 0.8607284723996121 0.8232695874629159 0.6920252576963158 0.02269375742746993 0.9461694477615342 0.9541367533739086 0.5165430601876417 0.7130991331509899
0.9640905236741724 0.23931476872621316 0.7036232806192555 0.11798206029180802 0.17793095142247106 0.6618326729307239 0.6900385704365379 0.9684820172634234 0.4711921070021109 0.5082795624203919 0.8154851186947265 0.8903367247130786 0.8750922984010838 0.1259968277027832 0.11817161432277712 0.9596793277439608 0.22245344651958954 0.19363378448583202 0.07197942149751457 0.14090041935174957 0.7714511121887465 0.6877127815366741 0.836022770390938 0.7897169994313817 0.8834346135730131 0.7234969375867547 0.08540623796948399 0.5631223537830821 0.12623858995693926 0.8276852178777412 0.8570565193472967 0.002177347467826607 0.3692966615660961 0.10598819522624103 0.8185345340910322 0.3626526232870325 0.5529112614014055 0.9739059262896514 0.38892817403632696 0.05199951871287545 0.24809499416449 0.09919065806624494 0.2000137200018436 0.19488982162147606 0.08465264207359169 0.6855323239295865 0.8291706851894859 0.9212086206100665 0.3486859313465469 0.36332534232360125 0.8902948789812765 0.823924361781481 0.26837741569193474 0.028204710260431476 0.9620359324831922 0.26332228048585005 0.23293803193911966 0.8707501769610011 0.8303536811688356 0.11545563296980665 0.447250979421436 0.8348136257885682 0.07583101760324418 0.8651262253214848 0.3182152349803644 0.935995438724681 0.5597370234617483 0.6263266687678662 0.25479818258231757 0.1815383544639787 0.8259925659813685 0.6089036793377495 0.9427541355160347 0.5135515919682486 0.8789502363722074 0.6968991617872906 0.2829912999104396 0.7520255383111272 0.9092356217219628 0.7681446176976563 0.5640158898541013 0.121747696226152 0.5198950206399346 0.9809383569617142 0.7406506087138146 0.5977831318541641 0.752578610538117 0.5304554242935636 0.030539015354279386 0.8742993312738878 0.025249603581949054 0.6008970742275429 0.36326253973730493 0.7453557225156979 0.3313408320317567 0.943355883203801 0.19598192577077678 0.5169325105056142 0.11681703774822394 0.19325610668780935 0.8613357301892416 0.15326207657387125 0.7702175843671609 0.15623837648611805 0.3741327798361329 0.43496865254995 0.23789616627597077 0.6273592620666101 0.1829952493383875 0.8015219005785253 0.9057641275335866 0.4860301859982086 0.5406042326184561 0.17917813437033892 0.28324197050484634 0.06910097208238852 0.2052320025478619 0.40254329782744735 0.6237009309371956 0.6831709561842448 0.9047236938459293 0.4316897846408 0.7736076797909885 0.7965285580768333 0.4834895178136903 0.49978268495487865 0.5770795778954176 0.5401734998593928 0.3756396061691909 0.28204575550665434 0.6512476665225043 0.15612223613663667 0.7473930513914491 0.7153623157850748 0.9019727998041901 0.5882486179987613 0.25794943220954836 0.8902095102750266 0.7149521856970781 0.7527263547998525 0.6503972552011624 0.8925038030375356 0.11337705655747998 0.3103794300928143 0.9338209109664605 0.19903354263503692 0.9557269974032223 0.3564396991724861 0.1973527984420077 0.29314451330067914 0.4176459262291481 0.4075243369859881 0.2196046124119191 0.15915144920711843 0.6389312577950597 0.33514912368165606 0.3842743854675926 0.05044724069845807 0.3009885741520403 0.8527859678061389 0.9353927097208873 0.9451633780588002 0.28024322215137853 0.22816274734929165 0.24778928263062217 0.3920341804002958 0.6459885450880105 0.9405245017152991 0.007552245479008235 0.3661688833523812 0.034017488515669214 0.4865869752806712 0.6799401030794291 0.6009551035355029 0.2931228019891784 0.21310981764395343 0.5391727609704643 0.2924438672603932 0.23420103316711716 0.6543277982493253 0.35509666325441713 0.990204508351451 0.5854850221003991 0.22815763304979997 0.9950602641756541 0.31120586616148416 0.9466517426811045 0.6634481428510576 0.5756890697424735 0.9075419747363452 0.13064399608508392 0.6179232346813684 0.5651139225764058 0.3609382349386572 0.41407395797622093 0.7838022607517765 0.4269988728821559 0.39123198386130986 0.2582680425013405 0.7676720576755924
0.3466901468333424 0.026097941110306166 0.12373619998628227 0.32954945707075434 0.16295072934253985 0.13959387931191425 0.8729026754156353 0.034693035358376756 0.2469024264432248 0.4176372420981509 0.5732605474646841 0.5931423570512552 0.21582343765480194 0.7118612300838034 0.4403017932879988 0.06296347560764515 0.708956330605159 0.58585637552192 0.6077470615463467 0.4874220393510935 0.09018283244798353 0.6407028101704867 0.0878233116523176 0.8377434893905586 0.10673282976706999 0.32868384854759136 0.8110556443128792 0.5436478385871416 0.9270364330323588 0.8932157590145753 0.034634437346329316 0.0803529909230315 0.11676300187789612 0.9234101864091054 0.15172698366678494 0.4894553683975167 0.6551038821944383 0.2950937716395614 0.26525935723615657 0.1367033502914553 0.7596144716365086 0.2482707627852362 0.7672644267255002 0.9146193343892114 0.35811016164190923 0.1213218234842326 0.8025096485960272 0.5289516942147275 0.9210517506121704 0.6578002465577502 0.059435980540575084 0.1813914923494847 0.0958605640154726 0.4743723821751993 0.4804336221532326 0.0026951794319383104 0.3005175990455069 0.00458863891173833 0.43942468916462984 0.9188588624025993 0.403312426652791 0.24632423896410727 0.20191033033607375 0.017607398549230102 0.20456085679236746 0.028855412061867813 0.28336514731964013 0.2877592627967276 0.34645512354473373 0.9868865235557236 0.7279429023855885 0.8135019455542818 0.6525393282916799 0.8029598533647156 0.8274843580527674 0.3522599856440912 0.34672355589112835 0.34263883123850913 0.41250907085598576 0.520773206879976 0.196704398507222 0.42116525406255434 0.7123569457944773 0.0508925366320544 0.03393595546138839 0.92325652378717 0.7232877347616815 0.3304251656360503 0.4634418287340707 0.7459711336803175 0.9333247663967761 0.914661907184611 0.875149842231004 0.04485839762447552 0.8911087693946566 0.17243529969850402 0.3702004294284136 0.7671450986746516 0.5354357006726738 0.5212465949578287 0.3065224098895627 0.043005811207541544 0.344710210306161 0.7933642615943528 0.9521953883500429 0.7889175252497073 0.6178884360572636 0.4598655261718724 0.776243569831664 0.17495944372190797 0.9844942201061382 0.4221226928585672 0.7344122595528924 0.0873409610002076 0.9752092224280345 0.949374383206309 0.9547623287472923 0.9425485259035038 0.06850074336507306 0.4719956506469165 0.2412604626951108 0.041572930474522596 0.03656522301136278 0.8159392270430338 0.44929916774798384 0.7566330904732411 0.12878791439316084 0.7401445006632377 0.8668294597749502 0.4241054596621454 0.08283661298172362 0.20748624115862369 0.44823931752933466 0.2541209731933194 0.68063377531321 0.9120432641403405 0.6385296302585184 0.7652208881360091 0.33087051037222515 0.29856136640839415 0.2667263476346976 0.9314152694942609 0.2736589207251914 0.27905356252584956 0.01768632336084741 0.3200224637915313 0.9031399036819141 0.536799271106873 0.8873979563526533 0.41496821597831013 0.49179387283318077 0.8002856390191224 0.03688853369795919 0.12398130958311604 0.23608287062590805 0.8405948280404058 0.029958137349123337 0.9081318936613786 0.4012371785896397 0.1409443877717803 0.5144745675119073 0.26450063942574675 0.008645861298525626 0.8747817775397645 0.055287741843800364 0.5222243441619503 0.5957730676111541 0.03689545493509805 0.1588078038934322 0.13214022532194658 0.9455850858794737 0.41633450248497184 0.5047001644936953 0.6304166372003881 0.41694074350840216 0.7967724878479368 0.2503600890867762 0.4078681481995283 0.28592391187168154 0.9682552220548728 0.6795838710661714 0.6399482362694549 0.9785135902378804 0.6545501145452749 0.7055601267405531 0.9563189563282526 0.8948811402757927 0.9278325540848137 0.6351933040634947 0.6316338427310304 0.4966688087918034 0.9003535610090052 0.5230869461535043 0.6105862285737931 0.8395635393300259 0.355067161867443 0.08927378612698977 0.38639009355188025 0.4228539692976152 0.1856757720541019
0.8261749554695981 0.7273355553003125 0.9542915373488066 0.7245280660413693 0.13208882454359883 0.010751755847414501 0.1713125899607647 0.1639738091283941 0.0129105237411965 0.6106391478163127 0.10748753233238595 0.3214427728158086 0.9123485013962972 0.8644052113415275 0.5322492970486277 0.10036503044036771 0.2144101154056266 0.44022052101483367 0.45813835363372335 0.567033545179468 0.7311837806651381 0.739627676760354 0.44426173290364546 0.10883105576694185 0.6527709287116529 0.3654901807476961 0.8833997000940577 0.09631135845409544 0.19210912868852625 0.17091487540117722 0.3488908822830097 0.2334293456358435 0.07170840791817457 0.3296413082259021 0.7958525832598649 0.41120931204128497 0.5834213304269779 0.09372532851056437 0.3216266888354897 0.22829599444082815 0.5376428887261885 0.1998597952685719 0.6094434534352865 0.7188280693767379 0.9375010037728916 0.903562131608665 0.025656363670597204 0.9700287146315707 0.0505843174640509 0.0630340328007335 0.051959669615382675 0.009742282441476013 0.6020279104735662 0.6791823495690511 0.19310126979279107 0.6915432533279671 0.7096975490827578 0.1623246658173252 0.393613912706138 0.2222979401491313 0.6319420089802668 0.8843635917707473 0.029956375935052515 0.04764749958587988 0.19700322533385217 0.19267314941127567 0.9162067042874629 0.635936121696866 0.9785954883052095 0.3926150406122183 0.6448272706101664 0.8414468180559874 0.14213050914984615 0.6735621970738532 0.2690744529439183 0.6714120825558415 0.4030555483278765 0.5124701448488204 0.5498323512793372 0.2610635883164131 0.8860772732068519 0.17546332739791404 0.6752510703770362 0.9975918263508786 0.49055301001674156 0.34740911922326856 0.2598259527023973 0.5259339509555655 0.4725495290612213 0.7940155714885979 0.0480887028387007 0.9881943150479608 0.7887100885152244 0.6803488680447338 0.9644462541571915 0.33334946778355157 0.168650681571605 0.3206275623743542 0.9874154169351986 0.34377836252504157 0.0026139878171581588 0.2697380922680793 0.593212767755614 0.5219450173674267 0.26954831396518397 0.13745432566583038 0.25425142891326347 0.4436951147842939 0.2848521883956572 0.4531530225492142 0.672713481647571 0.6839990369134156 0.6142796085282226 0.9497315545828467 0.19484647345999084 0.6892874365128677 0.929675687117475 0.6028869302830834 0.8670354712136671 0.9674626757794949 0.9757692891939868 0.2415679001006069 0.00816643856862942 0.10398845242262633 0.31004980944949456 0.4623023561648001 0.63773304606401 0.009634610226112894 0.5088276045868791 0.1678143520305606 0.856137079488572 0.7905866900206302 0.2862656750489343 0.04858277387796173 0.8529906385110863 0.8217763254349675 0.48243544128762283 0.8362130322660024 0.9454192456696362 0.4172300436360823 0.13407075329156637 0.32472695859116274 0.3827897724845424 0.6832767435237507 0.6499893315571872 0.36712781218195045 0.27994600327603125 0.4649155170171081 0.5081650449318668 0.3576968930116752 0.09585752284115878 0.40321180022943504 0.16288369456657137 0.1034156499254687 0.7033926007935726 0.2823206791001257 0.3451272816477231 0.03379510881853276 0.6970325221843485 0.6898468654981653 0.3087504716240633 0.43392196081662593 0.24806199914036098 0.5290623681315425 0.31406564429823647 0.9506581668553719 0.06823501497411244 0.8248828371094885 0.35916341581566846 0.6947789923128358 0.4958352348432401 0.8801578560978165 0.7401590702619925 0.28377276012888675 0.9437527993156446 0.3836846232869614 0.9523165601771105 0.11272641176953324 0.4499453235736093 0.6435588291808388 0.5613441692899418 0.49214766092617235 0.833719636535756 0.370718436275537 0.44013084728693375 0.1706874467729672 0.5383865751238094 0.9370233801194908 0.29010532248153653 0.6273856511718255 0.35751138437500474 0.4449798251333418 0.5889295867195169 0.8398357712609418 0.4560708462200238 0.657156769576733 0.9557939988728856 0.8728042138583004 0.19604146784889354 0.3343479910565512
0.5031888042474257 0.05367749991717519 0.07586000860112407 0.4773660088994771 0.7483165283560975 0.6966348464803161 0.16549347224887245 0.016789450973893616 0.5929160551543649 0.20203734344801372 0.6115263993228774 0.9683786725347394 0.5990420869500953 0.48059296629700776 0.35781624632899434 0.42041479893507905 0.7995414275746179 0.447831702825056 0.311244035708223 0.9022256115967986 0.7214465041755035 0.5069879290174782 0.6659684340101143 0.7873783568994502 0.015412266275348085 0.34708052161007985 0.7310381480438326 0.8226030961155675 0.44068898233576104 0.9500041138249119 0.862842549503567 0.07617732442120795 0.26128120265511645 0.5413772269401089 0.4017675203157095 0.5537510695717227 0.37327442250699994 0.7517951255387764 0.5587315604266401 0.9434587443559981 0.5631303900044045 0.5759984495824877 0.317760585963363 0.17023086253270903 0.19400309819709016 0.2692558440333378 0.5317173619639443 0.3292665346910528 0.18377457961422583 0.1735640882686451 0.6469933136533194 0.12757236409401185 0.24939453507421083 0.06052550999373585 0.4791029084622802 0.1954666512595834 0.04757707560237501 0.19352157006828652 0.8467791856000527 0.7350639195916817 0.567731514104755 0.38077740777036173 0.20290970712095124 0.9059842201218296 0.9051047433558452 0.6043970190564034 0.5095251085942258 0.10172922432506071 0.5538627642461437 0.5277673218097948 0.2085021764976287 0.3715497424439078 0.17381376165499218 0.002943515444638778 0.12185310720329301 0.11566281443504056 0.026609621470005673 0.365009557347618 0.24731001306165035 0.6458531743625052 0.9750779673695489 0.9109250627702317 0.2381356187094099 0.95541761211901 0.6594040731362962 0.3784343696419532 0.0992466471624246 0.40866327647113065 0.3168650215038731 0.9509082982362479 0.6366179801318976 0.7337031517853313 0.07529885341544851 0.35403432561404746 0.7397383938174856 0.8287951421732587 0.23337846231129 0.42116827707123217 0.537726942642648 0.3898385869873525 0.4341210444649718 0.8038421740490614 0.60659616795294 0.6834117377667354 0.21881100529669673 0.12030141606423472 0.8185823877872037 0.016225387163527172 0.5258334223686244 0.8681203290429661 0.8782857025059608 0.4909929630196791 0.8919287821971557 0.623435916288258 0.10674951940357447 0.43163532173675445 0.8020932592167997 0.4584230158606265 0.18511228295204363 0.8415260701495788 0.8517246861735641 0.8764650570301495 0.361659810121695 0.6230826759355433 0.9454428291074982 0.7517547304788925 0.3748907651196772 0.9619674385408736 0.9732129487970659 0.16785065682762568 0.09278449742664996 0.7103092179495615 0.4263195140745797 0.11261821815385187 0.5133208655785204 0.15778852025808932 0.4996526955149234 0.7604455761670907 0.811865182867063 0.2987689869883623 0.06484540592488242 0.7313567704369682 0.4655425899282428 0.2596394819468115 0.11830395993135989 0.10528479499250587 0.323410156728269 0.3632561129299664 0.8139448859464169 0.1826321664953814 0.7225064281836735 0.30483696446850106 0.418952596084438 0.21331840281877268 0.11619744084880557 0.07413453047592777 0.18383486969819618 0.8390377529806461 0.4957288381244195 0.43506358551945523 0.48434253758227663 0.6196712588209684 0.963253762694454 0.0806196090613801 0.6078581418653785 0.7071456421993372 0.2620674139516451 0.3574114492750028 0.1647750972081926 0.33843551683332407 0.379679795943867 0.20702249962600017 0.8965382787231736 0.8526240100432018 0.7901839653067757 0.1886921707378003 0.8599507568142483 0.72437741640341 0.08142441489983632 0.014504971484697426 0.3098286204423294 0.11487287897908482 0.989812528176602 0.15264738598265848 0.564666282176167 0.5125196537291551 0.6747462717697248 0.5399206216991095 0.03731643923508687 0.08645299390757677 0.6712289473184785 0.37381291314821075 0.4689130953847127 0.906882463908112 0.7156165202282565 0.25867544339271586 0.8061846319240668 0.5484762712031458 0.16929521448492812 0.8195763101461963
0.7527168368938806 0.07571556077133845 0.8291558702148386 0.9605469052480353 0.3134154100192411 0.21259807815304999 0.649244560467489 0.9108401191258256 0.2641981886491681 0.2819510522500476 0.05217507528377863 0.7158786184222254 0.1608355312480435 0.32506936424028676 0.3310239401407531 0.11873256334648896 0.2208810098161308 0.3834864462838935 0.8189284450927309 0.3758852764233658 0.7692798677905831 0.21290147263513715 0.6474863835046866 0.7479566283734811 0.879139853814077 0.333142530747365 0.4991616750306913 0.7443916325096798 0.9254055523424491 0.31607034441299386 0.9744322208746657 0.8347742593625083 0.36118726954630875 0.48424984506479596 0.677679847505315 0.41800225225283605 0.786395331178743 0.012220612800676212 0.4489604243527575 0.3776875547448906 0.9253308770567209 0.49884474476386675 0.24645831319253908 0.22758197420907134 0.7700146150444934 0.10317741109615308 0.6953019277356768 0.9570628893428624 0.5708751199841222 0.1639452994954229 0.8505225992244388 0.764301029882529 0.2814025793427706 0.9883064604337919 0.27182580552065516 0.14546856347794113 0.4784926211713384 0.1529197492975567 0.3745826159980711 0.1236988464182378 0.9896526834802957 0.891049316728699 0.47694610739113374 0.052974107046421026 0.9232144612396551 0.052897812217647666 0.9036459666894591 0.5940248990283319 0.275714756692926 0.12422951553616457 0.3026577071893204 0.0004611283253587173 0.9819590425755407 0.7080175313763797 0.8673748785554068 0.21675917933409672 0.3542819810599128 0.04221086901738891 0.7444879432715911 0.36519201541809687 0.33858697329586407 0.8690690411246207 0.10218493999862654 0.03896848192168545 0.18992146179844338 0.11991825055493655 0.4882882297692368 0.4929998584101407 0.8940165942568911 0.39783605178135906 0.6244605903357204 0.6341618151925251 0.6917109868288445 0.8699629590942022 0.6650604259181326 0.40054527530986295 0.9229529955956769 0.560869011582824 0.1790479498514259 0.3292989027714386 0.27935749416904165 0.0592659123685757 0.5684881334964162 0.7970774775294478 0.6797017903143977 0.37992357338217164 0.4914517797480743 0.26870728632964636 0.5998088035212252 0.6278007694114799 0.5337909317267358 0.6461176537343313 0.832005664413928 0.08701143056207705 0.6056072535958946 0.5024416573221562 0.19680022438372535 0.09755579662753 0.7089779520912691 0.7840141780631008 0.15687608447439638 0.009805376118559028 0.23677949335257342 0.5727781481357186 0.3843479689238811 0.06670193736279473 0.08604616809239418 0.6179869049117777 0.24127522536203172 0.4093621960233871 0.5552047336173944 0.28816004130575656 0.5132552912286419 0.44022010051619753 0.9535097480116395 0.46112014206133545 0.34554666793621636 0.7008304212173643 0.6337707891470075 0.47341219549768343 0.8788084671528866 0.9639339339757818 0.5759530683514251 0.7360534512524339 0.641559120851991 0.5809540912860374 0.1611060672850445 0.3776333531012449 0.2425282635320366 0.5237521529321699 0.5417566942580929 0.5483036815679319 0.6697118401008908 0.49735840452338964 0.7837221678409202 0.4463032975366572 0.02063031979558283 0.6070639688402586 0.46907988989021 0.7051091104013137 0.07475932951128494 0.4814138664952484 0.016081611527105633 0.5416383387494345 0.6212592674555419 0.12379016073239724 0.04822196651859556 0.4948180317125114 0.869111270585821 0.8754494554861466 0.6618366660734993 0.315568671867275 0.2675343761676373 0.9826654713358067 0.01712243756762799 0.24616076142052257 0.8042527279397007 0.5586029369408273 0.1794248713866281 0.13861077707763336 0.9339942834348844 0.22088010976532568 0.990630691161286 0.07756241078054871 0.7191810593345703 0.06069145428074729 0.7345249211289081 0.9838469329668834 0.041681422211992336 0.00432767096857678 0.38334716755452214 0.781137911596369 0.6138362391801784 0.8118681103057699 0.20289926455309393 0.063437340440753 0.38306171048475 0.27354441669460217 0.44318585542250866 0.28841527719187265
0.66063369842527 0.9141307905620913 0.4171847397721482 0.40658633735820615 0.42100689045203354 0.26567972733334266 0.47059128533317884 0.9062117469129564 0.41007781816692856 0.2653633499969601 0.21459019246719024 0.5382787458985242 0.9029395487779542 0.22513093029703335 0.4146419391904316 0.05034788306351334 0.4005023429624335 0.2627094391381325 0.19938345598217555 0.21120555040500588 0.6205196691501218 0.8194152489476636 0.287460836515828 0.733955562965307 0.515793925916857 0.6479383111339126 0.8992993303972432 0.18354845856789914 0.8587647828136716 0.2813703262054611 0.9937765622034058 0.010619667052355952 0.699727338444451 0.8777832683827694 0.45594726486910075 0.7286902885596231 0.23203723045029057 0.19931798130992762 0.7062490289818094 0.13825882824782065 0.3282723858246007 0.6205060510049393 0.3793453204876256 0.43821402400007825 0.13991015563951303 0.6851694565132801 0.9397425234477803 0.8107705882746046 0.5821211652487152 0.6754719891494679 0.509410516277245 0.1719661544296186 0.5313746748716403 0.5597813177248819 0.9481844536151197 0.6469328285526149 0.3261829866445001 0.6982777270582953 0.8243729588894069 0.9798909125279525 0.72209917112261 0.3825649881691485 0.4764422331923608 0.09944731309186006 0.18279557307880623 0.9775109479338029 0.824285229300053 0.5300214505534875 0.8254601392365679 0.6875232298258271 0.1672624435307848 0.4224663435640884 0.9456492288920647 0.027717089534003536 0.8229693741821067 0.3281905480143712 0.04308917227108755 0.22754534874243215 0.16136126446217958 0.6219593478116057 0.12647023302607174 0.9690008280804505 0.6874040027294962 0.762088612123242 0.9765771564704311 0.6468850846112865 0.1477743568508887 0.36541946429965055 0.2178609309148939 0.919649534695855 0.23676479578735865 0.6999720275046418 0.8780827530448725 0.030997441311263918 0.949707336325311 0.8465256216786821 0.4901268781767556 0.8296909067847871 0.2981495280272798 0.5747812263373797 0.5011429414424657 0.24286777121870062 0.1642083179769337 0.364479658095357 0.6571611799244099 0.19234412257519162 0.20934536294889006 0.3459134525843406 0.7628465206524528 0.762018163280318 0.22682150602267825 0.03702520208966187 0.6885174567010313 0.14842319382631908 0.5168615217636601 0.49085767460921803 0.9590283035380878 0.5992448061099236 0.9137402962572581 0.41587794098525777 0.9463018956506506 0.10732413525387507 0.015243959921606653 0.9520401087003055 0.8573677862994599 0.15953790556735226 0.053965190493082016 0.38347502271958245 0.021691875625774237 0.776368964204556 0.564550019729604 0.4082416610883106 0.36037578550610727 0.12866115699352154 0.6007938042814623 0.6273842159281438 0.4416358134019085 0.6635409446918733 0.9899167401731197 0.028933741661064993 0.38396114274486304 0.8264859194260121 0.10415720056089128 0.04554281688878181 0.9592749559745721 0.8580986769034837 0.28151283985213116 0.891520032717991 0.8406559100093853 0.10764357806881897 0.21295413013048647 0.7299637003915689 0.9993465043458477 0.6873260577790382 0.25001865369454357 0.5105048853734018 0.018489995060652964 0.07009352879818265 0.11347898715289995 0.8033694134515131 0.7158072840119323 0.38290353507028374 0.7719415279433993 0.3116288018690254 0.5593851906334874 0.6156792106737937 0.18175519335310664 0.5984682019168356 0.3445583913460927 0.09163558260149562 0.9090516066504931 0.1516357595453961 0.13996641395354703 0.8557323207500636 0.13424120084705338 0.2296963880935886 0.43988716972904673 0.3900579280726594 0.9690208210588754 0.6309685201849133 0.7338175441647774 0.13481300774513094 0.6439511705573856 0.3685572799968707 0.33271849033716117 0.20201401803220065 0.6915618701907995 0.8085157279566898 0.8197250674239404 0.38703919288078925 0.3702630397231387 0.7660187194049412 0.22533318086765974 0.6197760444954198 0.2995858129480209 0.2399511796478817 0.16510912837370995 0.6309177341989876 0.26701004976007636 0.9784406912236338
0.19921043119477289 0.8860086598868508 0.9430748565144347 0.27272615826308577 0.09855170395804247 0.18464629399653587 0.48264667282469353 0.3472343027841157 0.32136582791722934 0.449934697996752 0.019626691662812057 0.5374706680105856 0.23762432646017273 0.022367090499639364 0.9500033984933216 0.13961634695269942 0.2116814422984531 0.15217379735530412 0.8922601350659394 0.955664729917007 0.7651995057227284 0.01226541916764734 0.9239114416739548 0.013079513541520149 0.8853264466477611 0.737509408070962 0.7697770452106051 0.0981830079671252 0.7268448067812461 0.8135085020569948 0.04636065733199757 0.34985010488967927 0.8648420674950922 0.5655694839028601 0.06809102842211612 0.4182309797897098 0.44182979459724026 0.6684291977877551 0.6591712159734558 0.7967556307738987 0.802239555067536 0.8740258527154257 0.45671223663796223 0.8024759480687432 0.07181252504834912 0.7944963657812241 0.5616241006851528 0.8518981768526286 0.16529217045785338 0.6536172200800545 0.586281634425051 0.28775874506216936 0.697790073210309 0.11966803091481804 0.9886916065713213 0.8326152177340369 0.3430303931947485 0.8820526224447628 0.7985640570632365 0.13234069451530306 0.6449373942646351 0.4191838162115583 0.46240558097936413 0.6211623367866854 0.7314233770267211 0.48669758299367805 0.5446477203438319 0.7891475943750881 0.2642656704265992 0.7528809173583113 0.9532703822204367 0.4719369690130879 0.09004342203703031 0.18241562620782525 0.08892026353216798 0.8791993146213362 0.7929845787098196 0.2876441413424512 0.34036902212534303 0.5937297949839461 0.9290420184280123 0.1404605826001991 0.3766839697340826 0.19994838952920246 0.8890986643222644 0.64394228887516 0.5022814241595996 0.6561361084375925 0.2773687711840406 0.46302034546964466 0.16404499492020785 0.01654938573066056 0.6863146808661199 0.1149580637262888 0.4984992650168858 0.40802959550621565 0.12003108274264518 0.733741505982368 0.07318956970445245 0.5727150361008123 0.31929351979636655 0.7663716080400919 0.17406045640367718 0.7924646029155977 0.041476392581458965 0.9934391695816202 0.23779361917271002 0.6675877339821715 0.09223601915086443 0.4955864988571713 0.3194633650668569 0.016434827405034103 0.6943739915348698 0.6873928620566359 0.043248480600524886 0.4081388188454461 0.8142443356693769 0.5163916687409641 0.8265257765331032 0.9457806680171709 0.3309406033226907 0.3175527245855271 0.4165170623772777 0.637603552993121 0.9919540870336899 0.19829466055223044 0.5072723470189832 0.9142151872035158 0.16409468240497693 0.11197884233545907 0.37465010264371423 0.9416387886384897 0.8478290668991795 0.39508318886108273 0.09404231239205374 0.013927727757545805 0.37972542020695177 0.968470306434271 0.10751761094494483 0.4174749953828064 0.4979482625185977 0.7789594354196415 0.45639843178876116 0.31856350053588434 0.6830835281530717 0.22862102036561638 0.1638978177985868 0.6080052499669535 0.022143632628698118 0.04908571250880356 0.5270569132959891 0.5100806281597101 0.2644866987299366 0.14701173588399685 0.10400417190771671 0.5126527137851469 0.881998216107633 0.04279885372075298 0.22986063911928134 0.2012866256940079 0.6229766780980005 0.41759701359567825 0.8048028583699233 0.8503508724646965 0.7281015814449919 0.6323938124845865 0.5089716113013801 0.3965542394582462 0.5421355747303483 0.2732133235808236 0.8416609022469442 0.6803207243108802 0.3135454687768159 0.3861579731445415 0.5944566501784392 0.5874466269063481 0.813017725906603 0.06790033896186154 0.7411862845513125 0.9278109060465991 0.11558519237850673 0.2228379668749757 0.3354847703313465 0.966339211815553 0.8457127107980369 0.35627529937576496 0.6418663934991587 0.07992497912636543 0.04456672110498561 0.0863519049272028 0.58438620013928 0.6627483493827744 0.696366352806953 0.27900919115693446 0.2089550007735047 0.08086199972017072 0.24534236867630044 0.08258254840676815 0.6771620975875559 0.8363001366099415
0.9171172528374892 0.6069687326063716 0.24520992236724637 0.9002327751963793 0.6608684356049794 0.6774659148678872 0.1395858840780524 0.26762639502689034 0.39746278927643774 0.5399155025640168 0.8704625708817098 0.08009589297425024 0.7983460493586522 0.05134560081822093 0.6939273637359038 0.7474318473226113 0.16977431146088484 0.293887952247318 0.9239872296121984 0.013106441860017082 0.011561929763233447 0.541223753717894 0.298531750415429 0.1245423917518006 0.9988374144877927 0.42942241659047553 0.8471698757961592 0.5844557905312857 0.4493392275224304 0.2888150408683512 0.22849700835771114 0.6830644133782453 0.793028792065389 0.6661850212466729 0.06596315994653235 0.15980351743471943 0.5837078391120757 0.2225819469994983 0.5236648851032898 0.5770289434417929 0.23971574823886077 0.13523129523420396 0.9047894405656727 0.08917853462454117 0.9552431894786815 0.7650769551923805 0.6927065642744471 0.9451499282985354 0.10779040252751815 0.15007547286909606 0.21796298663803548 0.27929605442086647 0.1443242675219334 0.054553964057951876 0.8555953066636266 0.8085695818406207 0.8280818509906883 0.3163642980261706 0.058995800579853874 0.5168552269516964 0.8170664200810996 0.7412467370821781 0.38664900761859555 0.6028930438099895 0.6207187771757549 0.07740268075609591 0.44965215370572387 0.10056060942354872 0.1883657141427273 0.43613122188898623 0.7850266717827504 0.23232080577698588 0.9857336106299658 0.16946477061511622 0.610799806443753 0.45517323214412553 0.5688669859066359 0.5012487367486596 0.4542549637398158 0.9579735593525059 0.3868924724556696 0.167873260134907 0.41480665802900685 0.20365075023917756 0.9273645411227063 0.3956383632904642 0.5923509251710837 0.45566640600501906 0.8900905417997041 0.7321063327230497 0.6172859960485253 0.2692281087475571 0.14765672898017046 0.0824524728149082 0.7127923406709493 0.7561558788521653 0.809907986656106 0.6145260394832293 0.06493249404619317 0.30599661590312 0.5806375575575119 0.782804529238752 0.9758055043306758 0.08439042629781845 0.5953784158870485 0.8975512293710334 0.7837844929570073 0.42543710162828097 0.7729331717880362 0.641599758900198 0.5086010248730115 0.9654000523610003 0.9236641348952053 0.6661337799042009 0.18094518274768068 0.04320957199946274 0.6300323597525098 0.3857117488417149 0.2799281393930969 0.25631847265446195 0.8453408577453296 0.8943067677712326 0.8514048376317017 0.0994217937223203 0.5585857510410586 0.7591198160373359 0.3557100699859389 0.5409240566358992 0.23624641670272784 0.49165093190401354 0.2849444576654665 0.5016496228156665 0.26783136478407654 0.3462704662192847 0.9799445908180933 0.9790254062379871 0.8394913826308757 0.13643757790886268 0.7107341933366856 0.36878722229349814 0.6456327278586481 0.42882358799397335 0.2396637807752543 0.38590086093204523 0.8683793515877571 0.11466089813753355 0.46478623064966185 0.7038051993490939 0.3524357935898853 0.3634989044256691 0.09921003888844027 0.17696804452364978 0.9012781902743626 0.20242109550755594 0.8763457202425886 0.28519349375364655 0.04374242629275826 0.2574510179707802 0.007776492455642381 0.3556183532416909 0.1744818385322976 0.7568159877455083 0.9885837033331202 0.8451955710920228 0.5489192385404131 0.7616365946153767 0.20348152336359449 0.7199668842331728 0.8971426297823624 0.8429516010532284 0.0513967064180344 0.5566913111493681 0.7509595721550156 0.415979348448808 0.5086100955246357 0.8383528883295701 0.6419061570936431 0.6233700613951509 0.526536480341201 0.6641620029992277 0.5250830509957419 0.37703982945258296 0.09286271107453259 0.6503981576662672 0.9578908885950509 0.5399358460717838 0.16002096455050696 0.012899994014831884 0.4255157625777841 0.34205440830488165 0.3669119460442526 0.5091667405627606 0.21532011081206937 0.19575574521746797 0.5827128165666589 0.2557527672144194 0.24460177380314962 0.7762223810398818 0.866174724313867 0.6170286702773318
0.8261133360349878 0.7821524568069729 0.5213473590981099 0.17304666248987477 0.7906781686891382 0.0033286461977281023 0.06111067851222962 0.7166560904455204 0.19231764074308788 0.3056972439987796 0.04745475818407563 0.2823596414183398 0.33989973851988187 0.9174119004397605 0.27530082109673093 0.7185916763374244 0.2446413061906456 0.0959806193468199 0.7123741734017199 0.4142375804899078 0.4276069055337155 0.11752970251194195 0.25955056704093526 0.30318133072710507 0.7281608921177256 0.7883269375823753 0.13885107280177478 0.990081175685425 0.4569055382067593 0.890167948081165 0.6499619958659966 0.6519441991691913 0.023829038001309755 0.8109210319249829 0.6543070604851077 0.8648338158527731 0.5677745261399254 0.716690995973107 0.3690760667383395 0.8611052137062462 0.7217090133490891 0.1918931431161771 0.21714372086237155 0.1500134460921151 0.45655660272656096 0.6262699255969537 0.24213103843708406 0.8236634701289454 0.9763335578588139 0.10886472767242694 0.9120130754825521 0.11748077103283128 0.3486979486328601 0.6780138708651667 0.2572629118069406 0.0027266627813476996 0.34193813571222875 0.3411132432876507 0.5973976413799892 0.6008993889556941 0.550613395818003 0.1569537815190969 0.3296397128483557 0.786449662985243 0.7798350408589302 0.7861709953078562 0.9586532002324416 0.8047517956068183 0.9925674250193235 0.5756247428750927 0.6970595316522833 0.7380662483821382 0.002025703403921497 0.48052161855570896 0.08026564018237392 0.14754789532320112 0.6291368236182184 0.11722104848890691 0.43043890869813983 0.5969073052833124 0.31391077172278115 0.3367710693580849 0.6602665900076212 0.6028505288037251 0.4309414047891744 0.43521508089240724 0.7607132826563497 0.13700976989365954 0.20028179355546516 0.17109532876287903 0.5705336030916384 0.11192838701472951 0.16150051208723126 0.25549747395648104 0.5377285465281726 0.7845285692395113 0.6996220663778866 0.15863714492592673 0.36403227799751614 0.883506222821769 0.0783633113406137 0.11487121244347986 0.3896573529690416 0.2901063291221119 0.09808931629451756 0.5139429329699278 0.8957683711273994 0.8659095671897377 0.21169229769031894 0.09619877779386776 0.9119799081645531 0.45271107435750546 0.30341046462352383 0.9573209931644248 0.45828807606178623 0.4755329886758637 0.17787153035996828 0.868052189844295 0.48431146915828127 0.8648120899122262 0.6670004645196207 0.7664790848620502 0.5396278961290806 0.13988418362845645 0.18417769475451273 0.11467406656780943 0.3262976936048936 0.2197912428585137 0.04632651760742845 0.9038475931946579 0.41572850774729153 0.18797143075836753 0.3538769464847906 0.9664022955934376 0.6095743992917921 0.19157686070561497 0.9983090281207824 0.6579355024147501 0.037805662583477395 0.2030194695547709 0.9708593106470156 0.02961150414918956 0.47346690170279293 0.6114217351469362 0.46411340379200794 0.111711424011539 0.37744902515565737 0.8550571442125322 0.4509238213668766 0.476046220679874 0.4865328407937265 0.4167960259719288 0.20409469647016287 0.16358756882572267 0.11577079864072914 0.8631769520054529 0.47217854346670585 0.28563927470972583 0.7181859512468627 0.8219673856283853 0.37719528104688527 0.05582475727698599 0.5508034468921296 0.6218175815314994 0.0792002144743843 0.7011098720142901 0.7856996592952421 0.43334627225710254 0.4175524742110073 0.08447283634866765 0.7355260396056602 0.08672699632793801 0.060403269202565224 0.1491048347615923 0.3139511214277082 0.970855800821185 0.27353509208299 0.3928414596532366 0.367680331743262 0.15028599707441226 0.761589349335532 0.5489884373262282 0.20390419530560056 0.5911754575545064 0.31530308535621143 0.5008416091483036 0.6325767273486363 0.2562014759538389 0.2931917599577538 0.08390602004794656 0.26127310824800076 0.3707233969028819 0.5881503799612671 0.5985162537011905 0.016307494771108932 0.7364247542080747 0.9076485865376072 0.296797654253271 0.8247914721867997 0.542410548982049
