200
0.06973934228508993 0.04930937350568687 0.0074908170689184095 0.46144114216432863 0.7217781629793742 0.9612755513001016 0.7040310544694103 0.8786129813736957 0.61874055644221 0.7162661136206757 0.41250164004831014 0.5302109029577752 0.7753738104325358 0.864138898013579 0.32729413958735154 0.47634573871119634 0.9771461092219801 0.7704539748283522 0.48681468057441124 0.5588797252988918 0.0835674445103094 0.8538449309771824 0.5649513515121093 0.13223088265606076 0.2676835843574005 0.1269204909091486 0.1416727058339302 0.07352739191168522 0.3153143789566266 0.15242173144612825 0.5592413245317 0.4708638012748416 0.6373885887580777 0.6662456745602555 0.40366088789211996 0.8400452022914856 0.8973412915261076 0.8751032922549968 0.465451181105331 0.8535832917362384 0.7208158603967083 0.4678814461297127 0.9619577825606446 0.042630635121688853 0.11208740328213296 0.3088702474039725 0.9609116436379926 0.28635852375429205 0.9388368144603759 0.6370559037930672 0.723054638772455 0.41885545608139163 0.08780116491477385 0.23036057889404182 0.8485735045252822 0.7703283613686691 0.5588466256977482 0.21499000878174368 0.9849757583313719 0.5636402386820132 0.9973116798229017 0.9873450620416765 0.5746674209813228 0.28522823266698205 0.16232610232235078 0.7974045684479465 0.30212814196759374 0.8620528732125646 0.6735279197698116 0.41064606103532697 0.8410388858018079 0.08691116057556048 0.45757763773332427 0.6935622123240479 0.17445011543563727 0.3933620408716657 0.8591473289695251 0.5981560616807999 0.9345208257669188 0.9302840652018455 0.8638891610975088 0.8840934160485558 0.6859370783311006 0.019338720770837536 0.9233199100513196 0.6713503668463269 0.08412463257442582 0.14150836785956133 0.9360146798336574 0.282052778777795 0.019661774678602306 0.8947052183351956 0.3458488494934221 0.9874633592011666 0.12395390830248298 0.12487187839480574 0.9059458985491511 0.1573610523060872 0.3057416889137392 0.36219148444264715 0.8913968400569788 0.4345262747298262 0.7614159712634665 0.9682143373078992 0.2206796509781428 0.7458435657202677 0.6155681551057783 0.5128738300885476 0.47211429881278066 0.46216964258667537 0.7951178709612297 0.05758831793650954 0.4405505953226292 0.02853949413676793 0.6589214943039734 0.6689610816630345 0.4922504163512904 0.4200542998378274 0.5651108745653215 0.19205539668959482 0.6292494534366792 0.4249843510914978 0.6885888119999707 0.044624696275068265 0.7695418376676247 0.6837170118493515 0.93761916533537 0.9635657561980571 0.16244386280747158 0.05101468181046598 0.8210039480051745 0.8907224511788124 0.6728389062830693 0.9569949221548559 0.11444506927938602 0.11206280982653094 0.0515524583245931 0.17181271647277663 0.844742771211231 0.5121634684455686 0.058227841682641945 0.7053814312065493 0.9117977217253564 0.573012755546295 0.9168617334307763 0.1018014860534543 0.47066127659355705 0.5713232237528455 0.7415220450251736 0.48882843826668243 0.21420228906037309 0.046634917537425546 0.5063533427619742 0.11020979143538612 0.8124741347982846 0.8365734426968292 0.7117895218963427 0.7901962585569391 0.8797602237053047 0.6473410251647848 0.025717020526961898 0.10066126229590555 0.4235351260478868 0.4922133777094768 0.9407166863592145 0.60672574749748 0.6316333224497207 0.21953435908343866 0.7282961745805625 0.3856873385138464 0.19868943056348964 0.021922993569098437 0.6648347837504821 0.15258640700198178 0.11053602662052464 0.6539842843805628 0.7771024865934075 0.6360553107330118 0.3194764645212683 0.9503830565179775 0.817326903790384 0.640157202876538 0.5532573911875288 0.16068586114412342 0.765555093472211 0.8870161376344086 0.7808914348618161 0.5302062348545568 0.576699987496686 0.7896542103445585 0.41404190515750994 0.8553517671965449 0.8571270472476852 0.13710715163053633 0.768595970807994 0.7785786153410432 0.2650088361398809 0.3653604776394537 0.743686535963548 0.4498786838688579
0.09282737253827444 0.4044581684775226 0.6028340450679197 0.5640368547849818 0.45134958626709343 0.4007497346134109 0.20089244823149077 0.6552080112866885 0.7349929091602845 0.8253167786501744 0.45605245827362095 0.874719868275324 0.3254623821289089 0.7678850529698292 0.43384668783345326 0.9400355075727602 0.12213930878003054 0.8930472438683957 0.574578510590571 0.8074793330199087 0.609768741973966 0.49086627638212965 0.23458284496652304 0.48655335646579234 0.8144655997471714 0.4967104333955361 0.2170437963228099 0.06653624538358283 0.6144433158419236 0.9161520422038442 0.3771593978450867 0.27739756615475664 0.7703640776554385 0.008173435913758409 0.4965361669042976 0.18273033621052426 0.04560380142052256 0.7693305637836063 0.3209408486798607 0.03994371930896612 0.11270603215267683 0.40078504151331396 0.19598377222137087 0.6662412276525634 0.5358662079487695 0.9968830952772726 0.1176727853295525 0.12166242391431237 0.31278012666220645 0.028352003133937487 0.7199702798360295 0.8313285254559001 0.0043819633333698205 0.2319495304073551 0.20667164355693513 0.1901900330124242 0.28865880843785907 0.640098983605842 0.3718676123102044 0.4174803397870013 0.20608820176086673 0.7389260505924049 0.0142827335404756 0.5265907875158784 0.16905306711971635 0.9776870581652175 0.11724145886722959 0.7478797993224564 0.9774580911887362 0.21561268204846817 0.08697162762320487 0.9096216330116123 0.24722037837263533 0.36228162278830234 0.25762936639144096 0.01281551584666174 0.5537383240681604 0.16194092510295888 0.9090994920371519 0.3196248531996623 0.45368091380469455 0.06460010903810964 0.048842201812180686 0.34755636705412374 0.8600031869577699 0.5699323782459225 0.2633722221169582 0.44270294511786046 0.5436062913993905 0.06560150734165804 0.42348774677993317 0.9468643787804798 0.22605953126276412 0.7042744980745329 0.5695107293187599 0.9339043082425221 0.9614851927782879 0.06041236074703671 0.34152694322903077 0.13233202575755343 0.81708883265617 0.0850534982751705 0.8100287421095262 0.7592553226056514 0.5918309337047725 0.47028380242473733 0.24747768321998675 0.7657772960042953 0.40721721032564506 0.17526843636659706 0.4546396149086265 0.8841287739565983 0.2326532311230447 0.6833769210352941 0.5106405252957794 0.326453339479883 0.6122871574767405 0.771476876160241 0.30849082505888226 0.7882946262974714 0.5451433343692794 0.5904367981735466 0.019201648244431824 0.08309715131015916 0.29108265783350673 0.5549872702311268 0.6664326721016395 0.24418429779768358 0.7368670500461246 0.6382740678069887 0.12503161360417625 0.22743632229004562 0.6751355071719213 0.8414378095190737 0.44814709141741327 0.6889546212739902 0.9168691794276385 0.448779046222212 0.9319346109678108 0.2148065877151213 0.5798857898010146 0.7256929017071861 0.2147098305088997 0.2719277944072921 0.14555556495434163 0.6252274994411189 0.48090938732863786 0.9032852925849494 0.13027025652434798 0.923239780412857 0.009043330124798077 0.6937029992305892 0.6638750762125443 0.8170245929751225 0.8557644161458666 0.526552344901653 0.3334198102999857 0.8106905310008974 0.18558166133983955 0.6752704979230438 0.2937241628073348 0.2475084528695215 0.9704648993937471 0.12425620682292282 0.6051567536018196 0.1736419272113121 0.19452449763413682 0.9446588165380285 0.12463793098215403 0.1077650661429499 0.65533530689923 0.24114767646214375 0.7703906629939601 0.1533298801440628 0.6311203304043859 0.27630241453030446 0.7851116514974064 0.6815647611854008 0.6657926847432208 0.386377179664274 0.5168093105167356 0.9749362151399437 0.23277183592773765 0.00950260416046056 0.9087294025311023 0.01194353075519683 0.12784039880672526 0.5154023123237387 0.21424175092171938 0.09801967724907423 0.8078870293512569 0.3146002137026095 0.6910248768445132 0.9370572941433949 0.698388796447489 0.5782199482893593 0.6266957730775511 0.07498598219210717 0.9403577686336679 0.7995139154565697
0.6799640626191772 0.47134040212270867 0.37588521437674804 0.8934485846693114 0.28647264698851993 0.2773676699134344 0.5539370748080238 0.23316458432579734 0.5787974861378656 0.11453152618061346 0.1879493977946577 0.7798159763059309 0.10559709591530275 0.24950515880338064 0.5668333065105681 0.38116785036188816 0.821358919903557 0.5229857718895529 0.5674720766646818 0.17567884365723874 0.23007317701186847 0.37562152551868133 0.33090459245665615 0.7180619635520904 0.9839513259943585 0.5597103005656715 0.231537994689754 0.9154861065830431 0.07573764027465713 0.6712670976554784 0.14254578611676616 0.12770264046512414 0.3232324910743558 0.47017833793990893 0.607971641447354 0.4427206067242654 0.34351695916346325 0.27420944739274744 0.8640524230511174 0.37944609174164956 0.03779980582647691 0.39786253164956975 0.7885958570994306 0.5058786411090442 0.1996806611158316 0.827044697314088 0.826877581227713 0.6802960724222784 0.3386501583271133 0.5132496275170088 0.05592932777039983 0.7552784910690917 0.9216654279436812 0.9274964323019373 0.016418394913496615 0.606601765947876 0.7857743251493635 0.8846022663713894 0.890645377672685 0.9013440998903446 0.5070165979159249 0.15104328667597688 0.09532151040315384 0.9296032152642422 0.8365285693185844 0.44519527803502257 0.19183781646797016 0.31639456748723127 0.2190978476523323 0.7436914430636123 0.8928971574292663 0.4411289448175252 0.4590105066653919 0.25710239128008183 0.7790831402454559 0.7369761909272308 0.37132649172227516 0.3210559270149772 0.5581331963162652 0.7570997542039348 0.8111215741168473 0.5025370419067922 0.43662463612445157 0.21434734426188018 0.6013611046863726 0.7539374333252891 0.6417197332721961 0.391147208854408 0.6052155323799236 0.13033408306021999 0.7288956454096285 0.855377542552841 0.8325153594200208 0.5457338722019187 0.47464156131771595 0.8671664863676155 0.46548665361685004 0.3354808901933335 0.057658095667511344 0.7183720820744885 0.30514854022423676 0.7820332489880106 0.8680984209205752 0.8821427829099677 0.13191681323006554 0.20204628043781925 0.8411875235032378 0.7155994486946108 0.16505025555497543 0.29905912966365455 0.824647093071849 0.3205139807752041 0.9441662169474588 0.23422700982931421 0.022321986776033254 0.3994433934568158 0.9464336243354848 0.6598926384923249 0.12384745961822496 0.45197029988506676 0.6951952096193231 0.9213328197565339 0.17929727311247756 0.7875672206003261 0.37233695859268134 0.5898379374544732 0.7568574482034525 0.9487364553716059 0.11305601261428544 0.7349413283993568 0.9074114552686438 0.9200852131996257 0.7867337216693193 0.9848959195239754 0.03327136141597309 0.5895429156963486 0.09816870586502513 0.9234501404691218 0.13726893204315482 0.3113612733259997 0.4862070025035098 0.14615796534696868 0.8426669589240057 0.6076042115929763 0.5972621391760569 0.6146720601698821 0.7568422097996853 0.43149552804477687 0.5899972626594098 0.3544115750830372 0.3472491536519525 0.5140050658521368 0.19676193104379958 0.13991481704283237 0.19504398191609795 0.40231736071537916 0.8294164657813098 0.7216023573335785 0.9661444152003498 0.8452943182714459 0.43085487144239387 0.8392649298864423 0.6279961824013502 0.6273786020914679 0.37282312679858276 0.9628036504848135 0.013020524434849579 0.5979827169540761 0.45972764433969093 0.012851193633886537 0.65212830319012 0.2132074178491441 0.49576229079079004 0.30420608980821284 0.7075382532088382 0.026478566036206796 0.19627631424990788 0.7194035480559509 0.7006614463636387 0.5460594302113109 0.03640392624703914 0.7193403729562253 0.343389324111402 0.35248171581188503 0.5877119803833504 0.09829361254843239 0.08111510968154156 0.527964359408888 0.9865258255683426 0.339983064668787 0.7947515687825786 0.7656280147863724 0.11458217151412586 0.282468398756765 0.8987214016268408 0.03276684316505063 0.0038620737357299983 0.015775996765999167 0.13605173378615543 0.883618540205635
0.40467696088004046 0.5592692680066388 0.31185560010366487 0.4149866027080402 0.9994038714951746 0.23556676710928226 0.05899545425999331 0.819357831262812 0.9896735428244264 0.3619402463994228 0.27639009989419716 0.5498287000955617 0.2400451536590824 0.49664035878424306 0.7877924967384378 0.7703915239327064 0.8868201455531403 0.6899685874902497 0.5844269915865294 0.04266012929316987 0.8580450098459181 0.46502102773663256 0.9236552860999834 0.2663543174231834 0.7247862555595223 0.9519408460217427 0.7096700711566947 0.5087713118157964 0.864032279388459 0.43053103045145613 0.4070791065644025 0.6796542526345446 0.5707844564690495 0.24744571098731705 0.4645883193274173 0.10543101413244149 0.6916465865680334 0.7660814345243554 0.15361460095468094 0.6121069758445286 0.8350698275298907 0.7884840275110964 0.19222444729126287 0.04683021665852882 0.4360082057973744 0.9009201350960132 0.5436912504102746 0.5436989046093638 0.032436372567737126 0.21300643264268482 0.23981709580281918 0.9657776814947859 0.14258715390246235 0.006745016819131311 0.34310641871627445 0.23943946630927937 0.00671082193920125 0.09049598158273109 0.7087767078792527 0.9988616717437296 0.4875014153745776 0.3567696354090354 0.6951375537979058 0.136957236510185 0.5065751678460283 0.5081392088739367 0.5349331818222393 0.06640346460603497 0.24566753443143563 0.5030236346451153 0.6343750429359303 0.5626391582170021 0.09749307131765028 0.3634226598409026 0.0006235483560071975 0.6936444298062292 0.6027445043301337 0.5327013153943142 0.4642334969185592 0.5599167656340184 0.8127450668507608 0.5181775261453913 0.22092204766675316 0.38787576829353076 0.6949635712393181 0.4950100400942442 0.7213418268856234 0.8746499303427868 0.02945280187477506 0.6017765533854336 0.33207770509053847 0.17987179097287742 0.15763954241478273 0.23203836575795755 0.5638074404654725 0.33668394307266714 0.7022756548215959 0.05809754540972034 0.9524838366799955 0.2919158687873259 0.27860397078110244 0.05936727406206754 0.031701253633665605 0.9912268331936651 0.10978464681422029 0.17510227105330634 0.5903094151068927 0.6151509706885591 0.42439006232856447 0.1297522711753304 0.2784084032979749 0.8447780791412188 0.5195384938456876 0.015258360672002147 0.3754265332789891 0.7517294134151332 0.9139934712353948 0.48560129574509925 0.16495164966118459 0.07050826291547696 0.40264833920892196 0.49721677080967264 0.44434448946001337 0.734544879600437 0.7719148284825887 0.4553524427382991 0.5731587607292122 0.06284589556484943 0.273347325834535 0.9478457355565056 0.8791575952779214 0.7606832338506593 0.6935480208070357 0.04885907737640838 0.975240500767939 0.10289835484171739 0.5529559738280423 0.4222173725105032 0.18175400874881553 0.1669439864991541 0.7915618384178483 0.37017320066515413 0.468018231042141 0.8938856987879567 0.9434745346601715 0.3128160892305546 0.8712628337947453 0.2359553760940435 0.5002958444131432 0.4177526439344639 0.30683452067125183 0.0444767934523439 0.6071603133222938 0.8055746713399551 0.301316380385626 0.7781261956107259 0.9660172031703047 0.8178000069627208 0.46475383703932593 0.7467128030489233 0.0040573861799297894 0.5390638840185383 0.787935097951464 0.91762453597082 0.3533401111918556 0.9432230164856094 0.4660521579170521 0.92726725519051 0.1352875121192434 0.5035868766959052 0.8134528393105811 0.27253435131144044 0.27434123653962617 0.1482196856138862 0.7292519173135233 0.04720121171573077 0.6845497786023301 0.5712877310708041 0.5658564812844816 0.888895256580865 0.1298319351697803 0.4303741459249105 0.45219510204064506 0.49828012518572784 0.9149628540223752 0.7711529061875751 0.7060972758748444 0.6633843920060364 0.3517477275737272 0.6502685041836515 0.2628760070334131 0.40571904981220197 0.550175923969793 0.9650450552100267 0.8858960389137501 0.5900295530669225 0.08687261771748345 0.08296687715785389 0.8627031091642617 0.7838693851900844
0.16107686634885865 0.7493995136578409 0.38960711474413057 0.020427540423802015 0.0265379281909357 0.24029478509290403 0.3724495938657315 0.39276162992562025 0.3729493182643019 0.20027079108403245 0.33959383732119997 0.01978823195820134 0.26414005941734087 0.26591243382811525 0.7873904029780369 0.34924966879340347 0.31076370876334036 0.19408596707666614 0.2899892827845112 0.8316860015849408 0.5978005875022151 0.3975600778299223 0.1225039894800376 0.14006257201532923 0.7495482451737547 0.4347284646516566 0.3525431079120471 0.3316362583898109 0.7304555109058867 0.45933866351681973 0.014128091663102471 0.2841881976516366 0.2703312919172237 0.5543938331067904 0.9611222468812678 0.5344701456112844 0.8959225204736753 0.6647760089472852 0.8209165154503327 0.11305081655915838 0.7613187678289507 0.66426337080151 0.39884839083929413 0.24655075540199423 0.16120144114008927 0.41985472330719964 0.21591488946152393 0.2522930200792872 0.046406389482801846 0.6110524957432995 0.2736458161126891 0.7373862590619956 0.909031607053925 0.49519219911579193 0.15976423037113752 0.7401241618139996 0.5162521800531343 0.8310524653204411 0.9913793229548405 0.4190093470197269 0.6092852520121778 0.8243826827502845 0.469663819840311 0.9277043128726836 0.7846000648054052 0.8218390691407348 0.17921928960105182 0.41046000421106577 0.9239410319048712 0.48243959560028515 0.261728159966804 0.5031666847955564 0.58462134469126 0.6694059644444921 0.8741289640000539 0.7468222018478675 0.6782290707665479 0.31081663825807126 0.5254359190272186 0.9532094920215607 0.5304160268419917 0.10407936060837153 0.4735611852171101 0.6038880645925647 0.1827416415101163 0.14148135528012162 0.7573703920440141 0.9387179948184778 0.598835614350044 0.439259929722447 0.21181037059044627 0.387565603187889 0.11167236320774832 0.20463784094604687 0.28214148529201366 0.9247480342073077 0.24260447511653782 0.503487391356862 0.7844606304536889 0.5922865579136632 0.041387603421098484 0.6827317792506683 0.11985973309087916 0.2297873843435354 0.1806531914640629 0.22663105354500113 0.8857987136336082 0.973832095546341 0.5625548978051684 0.8516907096701377 0.9647484910139381 0.8060115961394417 0.5423898210727065 0.6299420662894463 0.9611456812822642 0.29313576258467755 0.9924828985723468 0.00587150260910152 0.18636773862693068 0.9393812420035115 0.0019467241411287306 0.6192233779165665 0.897951831538592 0.8145543923568943 0.43047312281525796 0.1337867187419145 0.5167614481646172 0.8688424844453372 0.6227554873986093 0.07161650516725393 0.8850776117209698 0.6686156125212798 0.45017624970013215 0.4050128601307662 0.3436124992096544 0.26037652277729895 0.11032665006934972 0.11309178630784777 0.036779095333245526 0.44799319176806185 0.3873498047630899 0.9995962858572375 0.9333020466030427 0.07625531804859531 0.9649632219796224 0.6543144686177631 0.034113625956936344 0.74804783610055 0.23835221923446215 0.09032995537194644 0.2628312136375961 0.3253257751852836 0.040895046903554944 0.9799659937014471 0.33316338780815846 0.567386655837806 0.9207088558677771 0.7435432776277727 0.23228908270651205 0.6253075697102417 0.551184271932331 0.7018680257447374 0.1730153543358156 0.9051903160143339 0.16114402095043512 0.3123659934236447 0.8390865571983548 0.31301366410437803 0.18588292547986074 0.4823446085108556 0.21457650304374487 0.33718325011286177 0.617939015640765 0.1674817610063013 0.8888943842642966 0.029528342115120343 0.82926713870563 0.08766118457430483 0.31345508951057677 0.33592500706405115 0.707747708947398 0.4123590995596743 0.8995955014317342 0.7248842941007965 0.32920459003324776 0.32716415018134215 0.3225969509135892 0.7308041559711811 0.2948121631057563 0.4805016815811648 0.8984967504661198 0.2888595356108177 0.42006907250031 0.6095818796002899 0.5975468139864226 0.03404201767631432 0.47678872751870915 0.7036810003266489 0.47739300276041474 0.8411953451904571
0.9664922709105693 0.6941952206785985 0.1066633915948546 0.7018369203279347 0.4411473785914223 0.12109274863380914 0.5146801197608304 0.7675941191381059 0.3471936504758991 0.05912913178154988 0.9437696923299105 0.5455921375705033 0.23416291673079626 0.9822266051667932 0.7519704962779293 0.44970897000532384 0.3774717733091306 0.30337414148610564 0.5170712018717393 0.4079465237623394 0.5965405890958386 0.27818622409600646 0.04716698993806512 0.10244784890042058 0.659080961627408 0.8207474920261372 0.08129680055098898 0.12863303689225525 0.19684070096398643 0.72777683466515 0.9096515589283842 0.32539659162140033 0.6871854904762187 0.15723964055810968 0.5744359390392308 0.9804481459740645 0.3043941249765182 0.7115648801917422 0.8975440208963599 0.7389100080520679 0.36100026272862895 0.5889408594333718 0.24390697687437457 0.1260783321237775 0.8373236871170119 0.35248520259693406 0.38764972545010357 0.562521098493166 0.6038857907234954 0.7649240264951839 0.627579581978655 0.09629249837164011 0.6150730642816128 0.5345358694207889 0.2773149113245885 0.8785780550185736 0.21683611406186631 0.25079950282896846 0.9329863414043726 0.13458427193556233 0.3654114069257667 0.8464417532015016 0.6071375026014525 0.5400983567745066 0.6072855848817843 0.30299610452513437 0.7190220994447897 0.6104019133402334 0.1498797094506803 0.718152586519822 0.234417015132243 0.9554167567739569 0.0724312055531744 0.015231858788962827 0.07945110114516396 0.7671843751964016 0.12613370475562502 0.4638940355197113 0.29799517018053734 0.20070334973751192 0.9216669402267665 0.49050530116022706 0.4904770851948751 0.10913988133787766 0.6515447066694423 0.4970750628021129 0.38351635486102986 0.23575601628590515 0.6263687515591478 0.8378120543887903 0.8685037274633263 0.9121464549245857 0.12981596168086007 0.34506160664332863 0.23260901931449496 0.5156524396406915 0.040145625587152844 0.4445438771999486 0.774232305311847 0.6723428158458105 0.8021852894420566 0.26546474164918277 0.31932600528032196 0.10796569287553415 0.42576470300411273 0.6841549466635398 0.26312612729069274 0.12141833936403701 0.35858043182730515 0.9548459619522157 0.10961667194019287 0.7480829534146248 0.22499754343413914 0.5257785049514743 0.9222426676814454 0.8078459158122803 0.15325216334627667 0.6465270038275244 0.483552032049659 0.6168919751929801 0.7607430220882946 0.727328805598032 0.6541716167365003 0.7697396660270589 0.5283662981050805 0.23530476467884154 0.45446999415737743 0.9496581902643756 0.5285576684494765 0.8106389509052256 0.5634157078438047 0.05235242186403499 0.578450900925866 0.6548978137375514 0.9981696219534341 0.9908238708143879 0.6613881850705433 0.4642156982547557 0.16088572572725468 0.6522377484427734 0.049463450962619726 0.5254249148847672 0.7206387470107515 0.9461719826728385 0.814776384717967 0.8623494292890714 0.8711663796385622 0.737857575233227 0.04904918592457708 0.49456527865132616 0.4890078050838872 0.16056718518417934 0.5724973270712659 0.5567423083661853 0.9668203347986198 0.8647977821038938 0.24732862381304266 0.7354376037248231 0.652324481704521 0.3624223357181473 0.004374459121139984 0.7268960576543524 0.30709480207170003 0.8934845386408566 0.22825140004723998 0.5799429868936794 0.0738839661638322 0.14746960348485427 0.3536054594804675 0.9224263215363899 0.26060693158746273 0.28542936530756446 0.5951742392468932 0.8999176149290914 0.9441627742380979 0.16390679205684555 0.9034606769192198 0.025816003128304232 0.5306149399444825 0.6313566747941409 0.3757981520361987 0.5276506181076729 0.24406722626314814 0.507117605259884 0.8455129592787289 0.9656202771353906 0.43207408459263597 0.42766351468148733 0.7921567013505442 0.66758813721308 0.7020459561027791 0.4988785128327148 0.10674949765318775 0.15321943171782215 0.9151982328621491 0.8588939702139079 0.08304107725852305 0.29591364401959885 0.6051258045616233 0.6400461782491527
0.344710751767242 0.6355993695746492 0.5655692974901178 0.2454470684658927 0.6234701806096312 0.5922542583734054 0.29105305753149946 0.4183594811989042 0.8105027717097774 0.3665487540564857 0.567618785399369 0.07062351642204834 0.17173144223831027 0.5072543690269925 0.4463053018863332 0.4576014815240902 0.7689775615966035 0.3542391197803574 0.7770929536084412 0.5136235756255546 0.16282437691232643 0.7852111133620616 0.021779339802855735 0.33558255770294665 0.5197206370457318 0.4241225468256228 0.9581635770741495 0.46614880125043245 0.058909351148393574 0.30341368442470407 0.4153703537872969 0.2251755539813305 0.9188821559658601 0.2804429619874409 0.5326574775529739 0.03153778852639999 0.3131706435787489 0.08098897089683843 0.4060528510500877 0.3197852043195619 0.4117390023598957 0.7493966610972776 0.5845055617555831 0.6290266130207212 0.34711937677330584 0.30705063845333447 0.49862773560049534 0.3121892327717841 0.5413225167623692 0.9379258584399943 0.5011676789986148 0.9285023843929416 0.9497455144005919 0.550414150319212 0.1862321045802966 0.08955056532424976 0.2149779686892601 0.9913009995752383 0.27259070765258586 0.3039772848162625 0.6132935041875858 0.7243215125621218 0.7826303708664558 0.6138753268663875 0.9070290680333757 0.19271023606272808 0.27229012579239065 0.7932774948146729 0.6871486885513052 0.40761397035447877 0.6140969011045463 0.9661473712789596 0.40281777656718754 0.3113740260867952 0.6055736741040445 0.8425783294661343 0.0948582298170747 0.7356099312580492 0.40397436518006313 0.8261731790469362 0.44825800504857505 0.6723394277604117 0.7048438354209599 0.2620415048613486 0.8579292385588462 0.0063395790802556196 0.7808044254003028 0.21577062051848217 0.7642097289765345 0.4810779208516832 0.8290405398043847 0.14594235731425542 0.3094893043692285 0.022818709892691524 0.29402115142883933 0.6045222550564973 0.2082699766727536 0.7752054484908065 0.11858294527013524 0.383043078871833 0.00011047842391520568 0.5496196291573765 0.5355838742333874 0.04284722462930324 0.21241445834788908 0.3734113545994211 0.6350139401920142 0.2611078191623255 0.9890062682824157 0.7909009294167377 0.11855770088632223 0.5669925365010031 0.7524368629217141 0.9275174928848043 0.7019690042684378 0.6780612998278776 0.08219712362102094 0.5669388999573401 0.8457150838379712 0.22451199301570335 0.2149795056366659 0.30934878197115245 0.22691809602227409 0.41761519199397146 0.4783594224190456 0.7679848363170011 0.33836755921431316 0.3699954471347028 0.13107415171540526 0.9259648599797862 0.49377118478685833 0.8959531453452881 0.48612880051986695 0.9186158115490937 0.13138000217713663 0.7856646361720977 0.7620462002168491 0.9080622722892379 0.2848927520749679 0.8746002502955224 0.7549781573902408 0.7413256255886055 0.8275879157833871 0.5446938897540492 0.4378749376529718 0.004085537007586182 0.7599971644876246 0.036880312579521846 0.057636010649916414 0.5376923006759263 0.7361380661127968 0.0923605734204126 0.7935650191501853 0.7420240465324244 0.6691714870554144 0.9643109196216471 0.5273179874548326 0.837586049470255 0.8959611939322902 0.6030647572799765 0.055886480011608564 0.40010262408876984 0.44893848493456867 0.5437361945817849 0.5739793528554644 0.9970473010530326 0.9323947338342281 0.42999048325749556 0.829628121222249 0.26630254993610114 0.18499840611361928 0.02974369915966235 0.3723360937221628 0.6047358485390282 0.3478198458880988 0.15366093510583634 0.69552192852015 0.2582561228506033 0.32779976332738203 0.24524603806892642 0.8673696797189427 0.1804109818884635 0.530927191415721 0.8276591065547965 0.27533825148697644 0.8382712953682547 0.012770368818240785 0.3910211863149172 0.46281722056409447 0.6084693259747459 0.285508110509312 0.033536957008730495 0.5607333796618692 0.5966170651876781 0.6677981261010045 0.9574052211131854 0.7357610535397167 0.9789938006193121 0.20997827757584697 0.8386484289881431
0.37397834372677197 0.6037569565978158 0.755692922145359 0.013160180199305316 0.7341998563093971 0.47009351742567174 0.2597042448748935 0.24783328974026664 0.8876473075979646 0.09837466473280809 0.20757203075368236 0.25360390014289635 0.4648800530203724 0.46458858508627776 0.6592896777951113 0.47338804882903707 0.3563409379608359 0.04029407290462106 0.20127936986768524 0.7159156982278068 0.22970418299243878 0.30343638489272484 0.3177526581932065 0.03669350889239453 0.4557842667749249 0.19199718403569854 0.8102747486775232 0.5559363423601248 0.7468995680809281 0.06545962944460004 0.5666946889397823 0.3810682245244904 0.8282394838754795 0.8913680704310528 0.5117456144405452 0.6363434376875138 0.5429405937726577 0.9741002979898077 0.7383660799361921 0.9512710127875335 0.04907475720842036 0.8025948109517781 0.039925570045912795 0.10705657680382152 0.2671810808717612 0.953171282223271 0.3999777213176232 0.2904286542540748 0.03214961369303515 0.7939746200675665 0.6538284540529926 0.38073460743473164 0.6651642059619166 0.48332921907064386 0.7299997826946838 0.2816844587943048 0.26549745107489275 0.6980639851072189 0.795484611118183 0.4452918255376149 0.7635771462538123 0.23866245570664246 0.8360918143323175 0.7946914169962941 0.8006522610548252 0.46738399230584826 0.7446094181443533 0.9823318741478404 0.47466955207325645 0.12792314660915705 0.36159176931903225 0.6653365157881694 0.2637959851769639 0.9588170111740781 0.1432226152013235 0.6217364816263029 0.37701652318282575 0.40226307361921765 0.9772361608835359 0.9010400318561338 0.5287557260009059 0.29978163682792824 0.09322439906320823 0.36032916941196247 0.9331597097555706 0.6384589370236589 0.44183681312828016 0.5332739640330527 0.8191517806894985 0.8998403708396374 0.3144742266952383 0.9495715603918151 0.34712489898676213 0.16905420263960302 0.8989907162505075 0.6788297778646839 0.37743228694545705 0.381095153470158 0.2521133167431976 0.43157713851390167 0.6441491529718111 0.1254191158568907 0.908067273322744 0.968820426479027 0.05994777233846993 0.6084474967654901 0.568855500761575 0.39191222996575237 0.028173046918419153 0.055855507349516054 0.8184960666905469 0.5799914630999551 0.37233957770713855 0.9608849048605154 0.5293506519872774 0.8984426189940429 0.8728077957055907 0.8266382763474124 0.8723692858568836 0.8876165189692584 0.11789374370480066 0.16279188560856406 0.45799799927684326 0.6211252741181195 0.06181437564640946 0.38830473822636546 0.2883199085994491 0.2863449794731888 0.9327280212562843 0.18672327030373925 0.19808382044133455 0.46686452475206053 0.293357736517733 0.21000467683156854 0.10267298628439092 0.2644378805886183 0.9976138864684562 0.7805726631575794 0.6418089623053607 0.27698684401799745 0.9701865453324422 0.24249214855441914 0.756281362022549 0.2220267174662821 0.8563796761017666 0.04575613171676296 0.7497724610105772 0.24778965499086314 0.5393014723555769 0.1372125996907907 0.7858193554411176 0.6974839445399956 0.8678229125134379 0.9557530016999511 0.45681939950354034 0.6522082965565202 0.2864741794996045 0.19616975165345452 0.7407936413405333 0.8233531406874551 0.7414450922443976 0.100918479996563 0.6711488303289852 0.8985089771964089 0.30615394284906805 0.26086170310034396 0.48356971435340346 0.6836820341944686 0.8267070406926785 0.16769189012664365 0.7166343116171305 0.17527971981719848 0.6315569655718922 0.3631244619754206 0.727794214400455 0.376387311078771 0.9358017409402912 0.20905505764705523 0.8554206636470342 0.45655212857795635 0.5602412201739061 0.010943625079554375 0.3999288158725046 0.9366740581539815 0.3619924721332033 0.7549899224716597 0.5904169974215676 0.5285154699152091 0.31239148741748224 0.14914152814712966 0.8032032131009031 0.6876308178760977 0.5677461213300168 0.15034148286394222 0.8655335708236728 0.34332938495206533 0.7762298585578279 0.6666583963163255 0.7522911035975877 0.4998666571582542
0.3062043427724367 0.9026478635545803 0.3997231505919224 0.647892395979683 0.40801644798911374 0.5839157001082186 0.02946752128515151 0.07855558576824206 0.6572967852010799 0.31350127526671134 0.7881360534792174 0.7866942508320202 0.5778713725605081 0.7819349510513244 0.05811030788923166 0.5107759769028227 0.7897581929266806 0.6160030211246331 0.9513120471946243 0.6515053898884068 0.5183362298614465 0.7786534297422331 0.6507897036447484 0.2983473499709467 0.272428067965542 0.6474647918366859 0.41482837677184037 0.9495161553584621 0.3803673071085881 0.7988779079957994 0.41380248342803394 0.674186081326513 0.3645489907503825 0.4819114247286943 0.8814256934862235 0.9715089701083836 0.7255401354456975 0.2302890714868817 0.7197804231967576 0.870142515715456 0.5478404225876354 0.9675676182330665 0.1334641951674146 0.9838819997619389 0.3937858477395322 0.29388855757572574 0.40386137973858816 0.164967233179226 0.8822337901895583 0.6855641651481631 0.8868382036376512 0.18475847931529543 0.23249146764781703 0.7836004134044566 0.8022126790096737 0.39102860572565046 0.8023091608859937 0.10749149133096514 0.7801545379357994 0.8480336547895211 0.3219545860589974 0.18576768774854013 0.31201640996494695 0.9989363994384649 0.08710395919833758 0.3292733706969274 0.4612147860614131 0.7444479954017407 0.3183936968318617 0.2030382842659998 0.5247823328039126 0.34664137784999605 0.6830149296315144 0.8762868155266568 0.7183119045818445 0.08949939508566296 0.8127860745883793 0.543915880062805 0.9010423063916881 0.13256043441753507 0.011743581897923017 0.2116507565216862 0.3211133447195167 0.7722318865683975 0.04746477634243662 0.6002375138559595 0.6827031250579949 0.7813879849330834 0.5132459721741547 0.4815032058514197 0.9700914794662389 0.7221753122035423 0.09539826060907497 0.7214284762893655 0.9397217555300729 0.3368226647448731 0.4432918389785344 0.9222506799296243 0.7483822223744716 0.3895894796513971 0.6514434448381736 0.2657917236762244 0.7784614593029878 0.5947571055913078 0.9813332370585963 0.4386822807925004 0.7865323517768328 0.006498110153558279 0.38259455509395945 0.9202612493526298 0.9996732718366063 0.894083639504808 0.6782790321754619 0.11534370418113493 0.1102257375701543 0.20674497298801509 0.2509258203768331 0.25271951535601667 0.7989768326310757 0.0511327844406263 0.7121224705891499 0.9994370052138973 0.297169309116486 0.6657690421453109 0.08599748171895305 0.04775110434306051 0.3616325375983771 0.2504298041722014 0.28447728061876487 0.5999388817294049 0.7237971724359776 0.32482911016471894 0.6266787971246933 0.5069272715045062 0.8278301511870371 0.9944592865662174 0.8658631120507564 0.7742222099094846 0.02676816171013885 0.055702496421248915 0.09753558233482851 0.8541492012924555 0.39114134755097085 0.39112062730149255 0.32786832309971137 0.22038734365694213 0.9942197711670073 0.8227072539608148 0.048737723343601824 0.5289409078066144 0.3301065031556182 0.1648432208093401 0.31954061572268155 0.605986178891762 0.7330930687063517 0.6323103214462167 0.9349041964836999 0.5846273322323325 0.7359220824249278 0.627753243739598 0.8097311396599247 0.5893670124875436 0.6875934266624673 0.900768119832186 0.24222160865884723 0.9073600097551676 0.17638056419290193 0.9420809610221647 0.13342344560615793 0.7141399085997107 0.48832553114568533 0.30503880891727275 0.2645353523634153 0.8884763521983772 0.11267256072012544 0.1152840710081342 0.8535011421428317 0.7902920424254326 0.4101018537987233 0.04423054003819171 0.9608471587696588 0.8887752178014366 0.9155533111097823 0.44490716760447113 0.741594754635857 0.5488666571815933 0.9046943059289193 0.6732900104792652 0.04126069156694545 0.16679100673213476 0.8482295654295756 0.7669413135096332 0.32030955208601997 0.5988510651082432 0.8149245551918984 0.05304988705947766 0.010488293946940064 0.8820330297929634 0.9372324528819364 0.5038716892507146
0.20469787175529908 0.29783380630979805 0.153495986302438 0.26307440457402775 0.5467454304394835 0.2944594963004007 0.32730667330981233 0.5189373662464715 0.30034717532728594 0.9465884695771364 0.27168916762693884 0.41622519393722635 0.143409420514078 0.9220016276741106 0.9447158666309948 0.44495796571010005 0.07763482246386766 0.5338356011686434 0.4193566356445827 0.08766078976282998 0.9834520899713096 0.7273207736668925 0.8575872838973079 0.3107300715333542 0.43049385855702316 0.11434665805811095 0.09642719092621788 0.31728912986050095 0.7552273037957025 0.3367501159411135 0.41689465230986045 0.7183215841894441 0.8062196780901636 0.2638084023944648 0.5134396322061693 0.36158372849647136 0.6711950564429262 0.08210213160476221 0.19939295129929424 0.05557887990328947 0.015473142766177062 0.07851277034356419 0.9065137497832505 0.2740300214039315 0.7283080935600836 0.3456125902706991 0.6304807709891901 0.7722995617773044 0.22057262603612515 0.33743307558426217 0.6141340565883867 0.01890389089363287 0.808013898320785 0.5251766205388579 0.9814218962127125 0.3695560410515032 0.5095294464555469 0.5272525625148377 0.11157883398341795 0.8751145378948475 0.030871431190377385 0.39539246512776594 0.9049231201989137 0.6075915823857404 0.30821085805094006 0.8996699496208899 0.42424218889592813 0.7756034883820297 0.5524593250496704 0.14823807573283632 0.09859693209480125 0.19016632581831683 0.29903317428057097 0.27198802207370487 0.024755018272714424 0.22199727457924034 0.3720930706682355 0.9346537959718143 0.5662934930902107 0.4891758056093338 0.972888935920728 0.3326997375803622 0.1808008892657763 0.46568990744791827 0.6388959524682329 0.5353695839128382 0.7834702321035623 0.8438056944409535 0.6113176915048246 0.21850878399199936 0.7706081361826368 0.5847800777679206 0.7353538371653062 0.9703000071421628 0.3816646748897172 0.25777763963236044 0.3983766857954486 0.9843757519356466 0.582261720590681 0.4843232603932054 0.42555650355943386 0.9790979995383818 0.3611965186541143 0.9482536241186119 0.06716465456327225 0.3120981142978949 0.8203168188501261 0.4275359104909895 0.39416062439806676 0.41225098498075785 0.7583776601571699 0.7635855972586766 0.6320732638176623 0.6730646489179397 0.7526132198085771 0.20273647899162717 0.9298438720454282 0.22949180868094665 0.12532276150139188 0.6868243767347435 0.9956851689711349 0.49185786730836256 0.6005210857939995 0.3024531960821564 0.9104557440668475 0.37960100324237966 0.513057825728581 0.8517506062538946 0.25003503241395364 0.30680026318648024 0.29458760394090944 0.848732118207007 0.7190210771221314 0.945495986880874 0.24353119386053013 0.8073487072135223 0.5607073152017716 0.9367806141038428 0.10208193301015933 0.7447327605470261 0.7137487133709749 0.7243781333234626 0.35714795076114125 0.5251226603295241 0.36643061427646606 0.9187379040511837 0.6966218508549392 0.4140955076427253 0.44746886834280897 0.5675276956966464 0.3086001763307544 0.14201643445322487 0.025663851529929005 0.9970736281137316 0.076888719401911 0.004798314613774779 0.41016763394684164 0.7845348508525479 0.4415365283053223 0.363661111226976 0.2181278518112958 0.9058855961837479 0.6728260359849724 0.011681553539123923 0.18646913967775358 0.11916602504847973 0.12776623581020286 0.327441998986299 0.3392725359925862 0.6062351113086313 0.0796676118153753 0.9237411244403325 0.6568752600530926 0.5599442939795294 0.7703226800940182 0.29232140949286356 0.8681830104288893 0.6375582327251899 0.7354816520833724 0.9395460280626713 0.22724666351240086 0.549183547513541 0.7552160097019491 0.06368609348868626 0.21930349665049587 0.22097669820390164 0.058205762027103924 0.5018707469360585 0.19412503637127498 0.9027335641301455 0.26518851979103886 0.4912308299353433 0.6512869882836363 0.6849928173791553 0.2454580260709197 0.5472780550290993 0.21122016205460636 0.659213035055655 0.5239019228346323 0.18159738846421913
0.6936795456685134 0.11412707405389544 0.7953405999157186 0.8689371646809412 0.011160400339729426 0.8635467017389631 0.5881174258172205 0.0366495280834408 0.6474823077724875 0.3086072883214279 0.23891163640064716 0.21609571853792453 0.9977360759616846 0.6094821169460445 0.37448745143308604 0.8098901365765705 0.5016750277325539 0.1290060675340745 0.5167458305971239 0.08358735849003274 0.00887525262722022 0.3896684567909596 0.8760970522933671 0.9178487343647141 0.5940493984937072 0.5180549434482327 0.07353617686404978 0.6414849590198818 0.7388103578138931 0.12336316357907373 0.21833830640517826 0.23012934089679493 0.9980629971522889 0.8869999991161003 0.6341938649649256 0.47448916401376606 0.9812061292647867 0.38462680295587115 0.155319452900324 0.5600862565386059 0.22184112246604804 0.4304403229103235 0.07600113769791628 0.5655971415460145 0.02582682390738522 0.7405210959299352 0.8913709865960318 0.09252045075230697 0.27473419466216265 0.47373784982557743 0.9327214998853548 0.1302566066348937 0.9361971635972389 0.24383655131984183 0.8130232163741792 0.030614390848324846 0.12231669488620689 0.4955238798373819 0.6293896609180976 0.24025509740684448 0.6990763860769093 0.2191086567296684 0.6793931773047466 0.41146117367524004 0.24653020130160241 0.17944872910400977 0.7764825215494238 0.42628827565076854 0.8830194025045598 0.6496915640382364 0.1350085422294327 0.5001259524621426 0.15043837876263377 0.8043810032130142 0.18864370349608972 0.06635972633625442 0.6035377550152762 0.7624807162582478 0.2694802438538527 0.012893180330598053 0.45921855222254115 0.2909083925653353 0.36426282816609046 0.4680719470006429 0.5327066229750332 0.9001014666542966 0.88770258799618 0.07541282842815411 0.9381798090655581 0.7646101057395907 0.7225465994489314 0.8424869815276165 0.1639067252515206 0.8203209751209785 0.8048971631880611 0.8693461024438116 0.5976500731450779 0.6360555385014439 0.8705837083445473 0.11162065667960586 0.6821757459555535 0.7932964820846581 0.03719193985156821 0.032758400251789443 0.829032521610295 0.10696582347081807 0.34141176089635417 0.0767999909271746 0.8342888213951357 0.17864600510272544 0.041618607839149946 0.039411836446512805 0.1955551337557353 0.843289649993246 0.7535765795259978 0.14177609561730709 0.9533392178561528 0.1852908753838446 0.9769114392591355 0.6376975669882027 0.34250517664847246 0.3658114854750023 0.20426564389761737 0.9832475597738831 0.4435524553046716 0.46122582486588526 0.4118146517178928 0.7727013768815455 0.22191044338467225 0.6461785736010344 0.7044814689998479 0.8944252113327267 0.20787571617321832 0.04978961154411965 0.6760677096246538 0.6591024715606882 0.40816872264527215 0.8728675566153153 0.7341823278736549 0.5870297688498262 0.8708231057048699 0.19733056299739515 0.3148031304785949 0.7786165650032029 0.6562269594894043 0.12056183145889576 0.740553580629306 0.8091956367726686 0.8118804919746195 0.5147843718493789 0.516057141812979 0.508188569186025 0.988920537370257 0.5798017937178019 0.3661710809415879 0.2785129426757801 0.3989531549280769 0.2079769034215706 0.11483712898574094 0.3516889539953931 0.31237543055755945 0.38371217086002285 0.18834954852832497 0.4344136885371327 0.8701887160459055 0.9544728325299788 0.37241132279376377 0.19705806366671552 0.012844565058094837 0.36906216049412266 0.08084274229645494 0.036358239637307 0.873640653836237 0.557808213689068 0.5530933847379118 0.07473569695875149 0.5008642059227463 0.6261678895069069 0.232195070156492 0.5834063739542168 0.2803424198641524 0.1477135741875586 0.8093083594732216 0.6869283001815616 0.33406504400749226 0.4800423188604236 0.4761821298450948 0.7776229337964251 0.6363280195540852 0.49243067758945813 0.9149476803027242 0.41738051700276924 0.0015579445091570276 0.04730704113432216 0.45475690563159676 0.0249539763541059 0.3140595205248976 0.2728759444865728 0.6483447721271833 0.08400293148129723
0.20730641325888433 0.7724250573079593 0.1970624576290787 0.12579657744510364 0.5465180359049375 0.25007748485650916 0.5717494879938898 0.742817325781666 0.0010588325276447152 0.4733213216103731 0.4400002738654445 0.42642161332911577 0.0591339499011605 0.343054196443762 0.4202653296163884 0.0018851924931025943 0.7080717020528425 0.52159024232454 0.7616296855540872 0.3506210398943451 0.6085379290393673 0.4740615424268332 0.0967714494605102 0.415143538138664 0.5229662328688972 0.20375155750381857 0.6463558390295087 0.041800772103031014 0.5202380193552507 0.31517085033012404 0.9111052749200713 0.18536005743458728 0.6344651285038653 0.3330183277473904 0.41078893970570285 0.4740066833428782 0.43212940180829396 0.5677218893487341 0.44317328800563494 0.9244698316550649 0.5046479983561386 0.40409291854842044 0.7925871174583438 0.10288627217569501 0.6457217637663565 0.4224144584554044 0.02789915914660579 0.44637346201484196 0.059624530454148617 0.7733901075900432 0.3768129710949705 0.22956618393947892 0.6517320349989749 0.3888200295536157 0.18240320652885778 0.39836887961631295 0.21335361007285136 0.4574513588919258 0.8749813217164524 0.6933630666341066 0.8317471173055413 0.9255508403908216 0.21700914288180673 0.14161927877065028 0.4255834043562239 0.9545412092439318 0.12758339791353224 0.30368083368966503 0.5615063122107877 0.49005899296424515 0.5948287549992556 0.8209035851962064 0.9966942482220726 0.3694898063272113 0.7660794678351581 0.9862430664879336 0.9682022437243598 0.47525552225573464 0.12448747105616698 0.35363217462217755 0.8427255267776169 0.6083488551107626 0.6443675609934326 0.7205295866841033 0.1674938491108603 0.522293075678731 0.5394806152172565 0.3521012419873939 0.05556241547398122 0.33065084144195045 0.9991944992126142 0.9702066821232197 0.2776078081755835 0.7785532409924792 0.6536716380970846 0.3952859176273331 0.9808414068622759 0.8412446464429273 0.40796869697433147 0.5940468752838263 0.8681782929624635 0.6216836891891732 0.44350754366341305 0.4594181776887073 0.2638684129407387 0.7805452616663311 0.8088603038728454 0.7278992354387123 0.7627538466577968 0.020190134597428022 0.5795577547753666 0.11809650929820348 0.2644619288910218 0.8437966352468149 0.9298780700023224 0.7929131843029544 0.013327212982686909 0.8339723332366995 0.293423573801039 0.49180516768694693 0.6149387908723274 0.5211343381776534 0.41785822723172616 0.43795906313607513 0.904589135815135 0.14471651466216606 0.46198998915691736 0.7129202323352066 0.0823745916555878 0.877759347841018 0.17339163686927817 0.7865984089296458 0.10058268934319858 0.7192470023320063 0.7882914468658677 0.5752186684039168 0.8055738119724835 0.2524138117848571 0.3736098694370147 0.7765942797818208 0.5380292813754749 0.18799524428611647 0.21154596162197936 0.9180103583004222 0.7446148451457199 0.4696577961889815 0.4636898326477774 0.7551190570692561 0.4824532398005347 0.7309082939659568 0.6275982119955624 0.02204174710476725 0.3416534343151403 0.972982755978331 0.23528488333652553 0.10386760532548989 0.5772821698598232 0.6941619639568157 0.2574474678685599 0.8891392723441293 0.6613794039170905 0.3525071495746962 0.9868022897238073 0.40866293298800627 0.4038649719467785 0.061104031803757564 0.9589133793595214 0.8619652449723486 0.5606528227245658 0.5231445886078557 0.5712738511257144 0.5392405386720482 0.5970377718982375 0.0940995646436148 0.8123149917843443 0.6250407871566446 0.5365158198102796 0.3124437106656198 0.7778732856986328 0.5114632615844719 0.10643459714754466 0.21133683244675805 0.7448539081867822 0.566940308198826 0.4694297231626857 0.6063017571349227 0.07579705160731565 0.4714097892760699 0.9626296471553587 0.4729901354303082 0.7065143016630282 0.739086086072528 0.9664488005379125 0.9078947666308207 0.24031398213590782 0.43002679090797535 0.27631068452519914 0.24756415572993173 0.9682528507892546 0.6036060253436929
0.06959711151146364 0.22526446591553206 0.8384002840331788 0.7022207102766278 0.5722612511834698 0.4228677462721966 0.5865757866838336 0.4519892706524433 0.03627369834438343 0.7326785839329987 0.6773091801052571 0.08114011601695748 0.9267474057773839 0.6972629589087176 0.42355324516459925 0.5841410298088549 0.15922119936002554 0.33799488240220077 0.2961660130514061 0.903468699203322 0.17004988424187162 0.14445462524794306 0.7977900405633839 0.0204910871539028 0.835239185622319 0.015379533260166278 0.9223354693595814 0.1656289731959858 0.8289416925094772 0.00762930723259958 0.5465666684854519 0.43778005864237934 0.3759307572558681 0.773245543150046 0.9325670802929843 0.1330977715261903 0.19982162837852158 0.6095201534732473 0.4964414413678808 0.04983550379916968 0.04609159173356292 0.4441978768774978 0.011534349554955248 0.5441064819056172 0.5358207918995029 0.8211136775933521 0.7542973668733134 0.6673431413623417 0.7551168101768557 0.5716612755105835 0.037638731269694525 0.9115483697818227 0.9305910295991773 0.6570192780575135 0.4132162025556081 0.005480843070816088 0.6280258226310974 0.47298391870940326 0.8291782864174686 0.4802235506344391 0.39698496486576096 0.8591546117490532 0.5476402435849578 0.6400708708417452 0.7482444396324023 0.8749460178864952 0.6108699276761816 0.15950774230388998 0.31575735749184874 0.05544392138355647 0.6244809447225843 0.2882915408294756 0.833265884965918 0.2686854924726868 0.8710495630711501 0.03712327937410709 0.12311407294423193 0.3719332026077481 0.12365742385780987 0.4681774719213371 0.7681702043024944 0.5468146064526197 0.2947454541972845 0.2732936392863571 0.838523616928967 0.10987038076409272 0.8790804254959976 0.44679954150008194 0.2252956187655466 0.9031648706124294 0.26081599434088054 0.0909558452504905 0.2391103654247646 0.08460526163936544 0.7359403245544648 0.34706197501954883 0.6853775538922146 0.08039143370435964 0.551891974107933 0.516415013191191 0.109453207495396 0.04316035858629175 0.7557652950860948 0.16580793359089718 0.2586124150310337 0.4519960692431604 0.8495140178050806 0.9035592097404708 0.8669838823934661 0.982626473964736 0.26781743402251423 0.7566158178550634 0.8926237623231028 0.48904789675724203 0.8537517781045334 0.011970754345300372 0.5194070102048216 0.34055693034513856 0.4286144267930392 0.42329953376709706 0.6454442553688692 0.3557045881833881 0.0021490432425144146 0.9810352580681986 0.15189171390455547 0.1310800110858309 0.9898466983254469 0.2926584989609221 0.28338880216930884 0.9685025213539998 0.8779971575006317 0.8532326780551885 0.296156502208602 0.8149985132133908 0.15757972827096045 0.25368933815485595 0.29495334814582963 0.4036152160160573 0.686220031942238 0.8169804408674866 0.7705983047965745 0.8190176456153029 0.2566767567391256 0.3240761769513961 0.7493583421391397 0.8002514643525733 0.6898679227762213 0.3498682034339966 0.6777553843153847 0.7458625806637187 0.4229778647966176 0.06722791637567549 0.36751381575426 0.725411015253997 0.15397974520849156 0.19107678659066618 0.061393025241540444 0.2712173232446249 0.5685968300967918 0.7287640783865156 0.47596380303409125 0.956965751127795 0.7528754861122396 0.42690476928141163 0.5598702432810521 0.9262704469837053 0.8409409612156439 0.18194175214083042 0.7524226687399644 0.8464185665308538 0.9782966294804843 0.6560136227188359 0.2638159645541852 0.5066300989053543 0.32702325158029366 0.508130882938098 0.19617668511711495 0.48093186892262385 0.7391911647584767 0.2914005248257999 0.47213146378394166 0.5368644326196018 0.27051824768877764 0.4046667670661689 0.9634983744068206 0.10311211902687445 0.6341684759564532 0.8876296523922849 0.2545450905350889 0.8532645610268296 0.8967021556947661 0.09134077772556204 0.4457908327482488 0.2723532095298644 0.9034237438914353 0.8184024118344365 0.39263707236829426 0.9027435130106974 0.43555690232417954 0.4911399619022083
0.25727048018349774 0.4972716054702989 0.10611524631655411 0.14449376580590334 0.266254549988013 0.5763024056277214 0.7077401220593853 0.4146359000033505 0.3625987329692223 0.7299926738716584 0.03265943296490548 0.00016117639018720098 0.4299251455686812 0.5956744358224411 0.7821865137467738 0.3541105534936939 0.29660060097651586 0.6381951100298078 0.6785689837977379 0.41703615028608054 0.041475986960293865 0.36867743746749504 0.7694254578225236 0.29038562965835124 0.7645184403196441 0.4170001992599729 0.11186964432492241 0.5126759224420417 0.7476399676413545 0.518708903483227 0.030482413138520292 0.99253441573278 0.023836737233977168 0.532236041245806 0.003610012250738759 0.9375905328921053 0.26283138584263 0.9587693596598483 0.012740690607851213 0.08461082850571033 0.24209257875507317 0.5696229101681723 0.032220707674327276 0.5085706208438826 0.2791256086501538 0.37128414868004045 0.18410185427466352 0.5621336123962518 0.24531367755678402 0.3813645138728454 0.8471641611867958 0.7173770950239873 0.5172721746819893 0.29708659441001206 0.11121842991661601 0.02393197168609018 0.6229408215503119 0.9963518206393163 0.682456493858411 0.7569245423577581 0.4848511849060595 0.2640131878210137 0.4841015994249328 0.5804070829458241 0.029512561598364684 0.32863535181815096 0.6841747892938612 0.9603110474755521 0.03160168833896526 0.10473760445109415 0.7286200646372614 0.6573931554516935 0.9443920101955948 0.5604298007101876 0.6093755121584605 0.3614778307349523 0.6953605089215436 0.4849043355067896 0.8103484447499618 0.3626077898587077 0.8137336563301121 0.16335614983988533 0.9641838924606845 0.7862797510082811 0.9298997660147506 0.8512029358454318 0.4271675970911575 0.9816757532959213 0.7508283672348292 0.6224265688921995 0.4236495631021926 0.5559855213808795 0.47512229981112686 0.42721171262888424 0.8490906471409364 0.13197982312245216 0.6171227567728274 0.6884727952655229 0.9676620273824925 0.3525966396945611 0.7139335218511188 0.5394658649847939 0.6482352395380864 0.18258252003207742 0.5330102274269759 0.19089272252042588 0.38483906533217904 0.41402296983021136 0.4535707114428109 0.28388918204397573 0.8191642072835134 0.559623891387281 0.7476968736588074 0.12168875224923681 0.045187586732292284 0.6838512586086033 0.5854329807890546 0.5211603712830163 0.6377608479271079 0.9605986209407376 0.31968338843730315 0.3202176018219398 0.3820500851334351 0.5587300893094819 0.714739295228907 0.3142233604907976 0.4627731286289408 0.10021823971724475 0.6458226819144655 0.2801865561271204 0.715894081046384 0.9878722117048182 0.28048908420530927 0.718486432985963 0.16100970109424062 0.5078059869655666 0.09363036900629196 0.26270945194694306 0.562477623429966 0.16651992417570927 0.5312553966455662 0.7284622232335709 0.7860512362668612 0.5741662466842297 0.17078577053157173 0.7276305673823931 0.7538561823269847 0.28495044951155946 0.7622319495536706 0.7847765554852731 0.9351517735205908 0.6282848057459556 0.23502378750541175 0.13531990280524764 0.04037671399671505 0.7052925261191585 0.850446352852773 0.6872109218886047 0.7498933003750998 0.40624306695582946 0.907004367539369 0.9795418057909976 0.7108994408106534 0.4480985492080978 0.024602623769849674 0.6367059014005556 0.21258254768109686 0.12541286942645646 0.8040155787807085 0.053015791448662974 0.6452882727579919 0.06791462605754628 0.6024582600359875 0.8604301385828935 0.15809423246262233 0.6548551479796606 0.8084669059908219 0.4632995109978635 0.781056953221145 0.6297719878448591 0.26017824127264355 0.3670625218437833 0.08763784598361091 0.8282227437806893 0.022792846451135773 0.2492415934887452 0.4448016886341981 0.6215416110191924 0.8955306112423453 0.067719254140015 0.8544323566393132 0.6030162294924142 0.6428713796382333 0.17068290423108146 0.6815701443799164 0.5920638481491408 0.35994705853343745 0.6417973507587306 0.6744303390779826 0.13588141991875835
0.6615353679318691 0.052613885938305405 0.040667000374555284 0.8644777018389528 0.496218649336706 0.4497895713970096 0.41029440347782087 0.7648614784757929 0.7497670539507268 0.029567581507651486 0.5396626949621341 0.7373733868368518 0.04242516360542126 0.1456359130968483 0.995066916867925 0.4373605603255174 0.43872283967926273 0.7213960486668127 0.5113891611162047 0.7915863911738817 0.46710914210950283 0.9594407259870199 0.4988209347158422 0.2578010940603823 0.8942884677124963 0.3694916968568138 0.590765811597637 0.42601843500590775 0.20096559396532743 0.4181755159449403 0.12096959090971104 0.8376227750510893 0.9888680823773123 0.6882381260662138 0.7173703222032017 0.7988194371799444 0.5765890423756903 0.5085725632974991 0.4842290217542514 0.40092916795207045 0.7145456143388332 0.5924408219249414 0.38697734951767093 0.5962097175029104 0.005672233828472706 0.06704767916788557 0.03735416906451172 0.07631890543040876 0.3779371658684051 0.22975933567592566 0.24841621676632275 0.690806768707471 0.6288819204527408 0.9758494269399545 0.2149986149827492 0.5177353549849807 0.6363552777181527 0.06015004357171361 0.4524686172573624 0.7957277398374664 0.06106014066322296 0.26951055755746034 0.31070788345410394 0.8156453485128202 0.331222196543271 0.6300336727857634 0.9211590912236303 0.05585933351437877 0.28352336757290997 0.8155965886296176 0.7983221377107681 0.09588163173030417 0.7772658973158751 0.7505955308260298 0.8130853842284863 0.8074437519563795 0.6744361019340803 0.0804145648064688 0.01020962778359058 0.5057130157653972 0.9223293643359556 0.6929985121174054 0.6093755105301436 0.9517441788061258 0.6246697959281451 0.3106327985449173 0.27131107900366347 0.892914596751635 0.3297368257549408 0.7250743845561773 0.9284102993269537 0.548338228088054 0.2208950666829952 0.47566010946552095 0.08378517895393323 0.7404506284500361 0.553497401501016 0.49924488923954236 0.2536587239820314 0.3063404247153405 0.4670968782672583 0.8013271251512974 0.07496566174463848 0.27706418372022557 0.41619638833999184 0.4573679357832361 0.24335403860576055 0.3523597907078704 0.2739691866593159 0.2818133540759362 0.8682541848106999 0.5061256793300513 0.20388289427554418 0.6888234363988647 0.02207155928679483 0.5430119231001433 0.5980460233968711 0.6617910824350707 0.7048420080653095 0.6615545791256233 0.5791275177055382 0.5553506261206052 0.1585027631006336 0.8464609602732107 0.7246349195441347 0.07181900944398922 0.23437200585083728 0.1210760131713493 0.6772350150379137 0.3205735812589169 0.11983892992365208 0.08655602249826522 0.39634121344871054 0.939121693720703 0.037068828327102676 0.40356871813257733 0.9975938312378582 0.01522974893774931 0.7812899488407439 0.6498075249677626 0.17247649105937846 0.6905936369514734 0.9598549871385927 0.7182176830839955 0.037459353470551404 0.7767204151171657 0.4264050928012141 0.32279747059508346 0.29976762297199555 0.376883047353622 0.05271433754271626 0.8112004426355346 0.6652939355946196 0.6791759335000324 0.8947976408782807 0.9908107785246509 0.991047854389798 0.14659075001683475 0.9150897111036551 0.4462912678794466 0.993628421550642 0.4624918103881681 0.5095889540520065 0.4282947054455336 0.7226844943169851 0.7946262825666726 0.9090059499243056 0.9648670681115427 0.23832223492196913 0.14340729962045362 0.5935076920901726 0.327592052309182 0.5623827918050465 0.9369124277279849 0.33959452435849125 0.017752241875544472 0.5890398711198994 0.9066680300493867 0.28480882417326203 0.23067774909594663 0.09734254568676604 0.6039927630200133 0.7497131500759053 0.823643581859311 0.9215770021828873 0.2888165132258864 0.18346477053749133 0.3391210906368598 0.8894607704782528 0.8519417749972463 0.8555763586557353 0.5049566046523938 0.15317409046028674 0.045240372408823726 0.07654546882178892 0.8278532444052304 0.6697874043438663 0.36919801767747307 0.9647115454159657 0.9431070091819589
0.5627513250114861 0.18290207892460963 0.9592027649354268 0.3480080922401987 0.4719392588676625 0.5980330175078469 0.1429953470331604 0.8160826750402107 0.34500694728479575 0.28994964553781133 0.8996886683237576 0.8775648532107838 0.1840738513861755 0.6388419814682716 0.35754146869188175 0.34178729222842075 0.8931748015833718 0.6975717311306356 0.7325266535643071 0.8942946257736718 0.7532182513704384 0.2271083833378117 0.18510711236691713 0.9839978786162953 0.9855799255614819 0.6370193972903213 0.36671753232992454 0.9223381703593354 0.4113550749772391 0.6932468930898293 0.7027102643070834 0.15888869957294782 0.12469607805188698 0.37391288489238217 0.3291378956829756 0.13320583593816238 0.17865849954049395 0.6156187848380433 0.5257873540548303 0.576631864323647 0.3887526456821465 0.6325385014434763 0.6662223931673035 0.01678764190989379 0.17177876190575037 0.06762164058368014 0.7645611934294089 0.21614001871092214 0.6626589351116436 0.23551770445061515 0.4373051554776405 0.578406432582516 0.2607526067632401 0.5179987611724793 0.5220973728056002 0.10200684706889496 0.8969303883555391 0.06341099167260267 0.2458450148212895 0.6296325369903593 0.36144797997813516 0.6985469364953605 0.07721480173978801 0.40260772454194294 0.6286162102575756 0.8999923057529747 0.6757704185244225 0.5623325100000585 0.505094248528735 0.5140950512883522 0.7672070578273568 0.12692925102819907 0.48270190612134134 0.23322603093444305 0.8796817409583454 0.46374828193908557 0.5866757627557242 0.9031855368798497 0.2983721363788143 0.4008981566652947 0.4366214585048228 0.16927661098064517 0.368217914706752 0.5248992329841887 0.7693894467121347 0.9302881082151783 0.43172549441439045 0.3118597748179448 0.705940940329342 0.410227789348265 0.5135915827420285 0.8349923385236876 0.8689892299604798 0.7363163489763075 0.8202687650670432 0.20374455865427188 0.5631882085676687 0.20566377186741203 0.8112548728657166 0.6149207930538284 0.4183539045504301 0.43961158340406603 0.8895209897742535 0.13551396192468912 0.19857046298116865 0.4655880439852187 0.1701083725846907 0.9066137860103508 0.6721810982078208 0.3680491920424025 0.9609007057293848 0.5031698843645065 0.4745415197748787 0.9418674240978955 0.7349659059513628 0.04705641099818236 0.9770098624749836 0.03352108593229841 0.23716825894331506 0.6284768532452573 0.930692427503012 0.573069658919321 0.7533931134696632 0.7337893824472973 0.5312595110619714 0.4648881830566426 0.7273662686231044 0.40692008663673784 0.07053260345122314 0.12315443544479099 0.7453487527259162 0.4806842916815923 0.0021523298566015203 0.08671311555824035 0.7618766130528148 0.5751155445597381 0.10184675904786245 0.3362553963693482 0.02389009229132444 0.6582715768587937 0.7253195077486557 0.7548826632274767 0.5708543160705107 0.334408390276836 0.26804485078283224 0.4738122398997888 0.5012650163062145 0.013507872815356481 0.8118343770736886 0.9040929161291751 0.115091529674196 0.20994642318322565 0.5942869360959598 0.8477771899031298 0.5010968145562777 0.352830078812607 0.6104179180344642 0.5603703986347107 0.5215225913756771 0.944621077414813 0.7216959888245401 0.7813109891494013 0.2985748984737492 0.9737276360749951 0.8796067982771992 0.415276479650858 0.918948888770784 0.2372667764871419 0.32873918779621625 0.25250127561796876 0.46937189088874665 0.7639973231838738 0.40004644830395986 0.7517057874898204 0.46067275130576135 0.6585643712483809 0.5109170516957604 0.27245579058706837 0.9488540091648378 0.13776131390455326 0.7779230466763177 0.2580791705804848 0.9674693335276081 0.310609438003692 0.7180974585398071 0.2457867481588415 0.5978608498897477 0.7516220450451863 0.2984178385600358 0.5490236591809469 0.40536122477555214 0.7170661789754833 0.07788413426774543 0.47420296538440854 0.5523630196829296 0.7690211767192079 0.5804791404149455 0.4175277071356427 0.5460295365451491 0.5817909205112898
0.38520946911515364 0.49125430148691873 0.5580605169053474 0.0031829073926503693 0.5230043777496146 0.3787324815764518 0.940518400005823 0.847926792722757 0.03658438633307959 0.34617548195733794 0.9149469477106711 0.5527896330218349 0.6734486484213911 0.9318218959547515 0.8919924904790038 0.24551176850244505 0.06800129930493959 0.053669506649119514 0.05982217692749647 0.8612695219670905 0.022371119690116736 0.6934507224688753 0.897411044593876 0.3809856667438378 0.3795627710917926 0.7262546449896512 0.29933813234101303 0.31775832635651236 0.25198835876927805 0.018928296534535982 0.6086351962401267 0.5609664829513821 0.2533979608708211 0.4501778861943364 0.5021688115543107 0.7290454228459169 0.8146939230258249 0.19654127066609706 0.18911823641177605 0.9610755260884286 0.6666850416033263 0.6393293016413492 0.3305761254177382 0.6053520555741351 0.5435329097249776 0.31861384941520166 0.24512751270358069 0.7281554347096743 0.8694770410007981 0.09382466623742858 0.672416310050716 0.9484320712456608 0.6066617571182316 0.7857113642161793 0.8889458188679535 0.19899827204547016 0.24774108956760343 0.10088083559614225 0.08984388386287012 0.29947901162545165 0.5233536248499409 0.5842201987520478 0.028603874153298015 0.3430702216159258 0.6229712020749375 0.3358476571704113 0.02861355698262258 0.6386909711926073 0.5850988706970225 0.6904693039023719 0.5095213196175185 0.600810824759017 0.6877982681013897 0.1071283135070713 0.4478255250962728 0.8328126240520256 0.3402454738405293 0.0019893200830209956 0.42139210368228 0.02218969616826283 0.03655671718107978 0.10895262599912581 0.20610043448910886 0.887851673959832 0.23019332654992541 0.37796398586873825 0.8804309638853398 0.4702225280608193 0.034717560785493484 0.35172709533681545 0.2653027587560285 0.6261863341413066 0.22109768175715905 0.9194678041166734 0.1808597540667347 0.9874898796622548 0.959944999102359 0.12600768369824733 0.6227296943898554 0.5397224381960121 0.7182262988177841 0.35937974342586665 0.06427439713338767 0.15980421152202262 0.4463216264797861 0.072012874239193 0.013224137641902778 0.4086418810411081 0.1117810581896217 0.37649103185594546 0.5988979331746686 0.7902207521594224 0.17257908444085934 0.42120758693398974 0.3321427889958708 0.7485110591477018 0.16161458275694685 0.4317403703839833 0.2508149655182462 0.3681077746340461 0.16669822953623592 0.5059487397083718 0.56697181445141 0.5597732123625466 0.8247912285768966 0.944008726690391 0.28203887976277753 0.14621719954909673 0.3599382187846084 0.5472008179818191 0.08506142800628513 0.37555111179307077 0.26686387732966455 0.7944597734746388 0.7604893612293276 0.5633754158095488 0.06995084929398188 0.45683615416845447 0.10208510128977522 0.6480526159725873 0.9728828428964075 0.551211264386179 0.8547423646807597 0.3169338731899509 0.1682959018969482 0.21024009542708522 0.76811448091697 0.6145289333775498 0.17926383737803475 0.3499622524659234 0.5335227079258518 0.7366904573748246 0.9064955902398987 0.2034606916222358 0.30938532291462717 0.8680544229604503 0.5129096722535298 0.31140389182303785 0.15515274932907785 0.6945493419189751 0.02974209671800143 0.2672404660136878 0.5334563893830909 0.6697671998750997 0.5830627323709441 0.6769929640945227 0.39739486362614473 0.11799338016068073 0.7080359771470055 0.7012099672716294 0.6162319027622406 0.5329056929187513 0.9603599413508752 0.12149867768037315 0.6992704538383359 0.7143221808989345 0.257923565745686 0.6949387122892935 0.07730649387979882 0.7171988400591895 0.28170470365873534 0.3053793894496931 0.6578646060727117 0.9799327177270046 0.12416989005628909 0.3613705709941424 0.991470508415777 0.08442197465430212 0.7129040138731626 0.8088704776385572 0.8781432848728209 0.598104350226006 0.25185486575444593 0.7888758654058653 0.49397954445831715 0.6722565945435713 0.039548903136256586 0.7412090225931114 0.4684188462612745 0.3728386134885475
0.8923716728488806 0.15955970145161424 0.7674883630330215 0.3691183160301953 0.761648788907756 0.5341655105790518 0.14374658383415684 0.9600454078251276 0.08856509379088195 0.12987674006905447 0.2078866353070845 0.5879996718620939 0.8904954372448016 0.31768100427779467 0.383891195173803 0.22845868569787708 0.4305501662092516 0.8855506224866715 0.7832859953997742 0.9460959837796623 0.6864639461794657 0.411514759074768 0.8750309623510354 0.9075328574315609 0.1177573881952313 0.11042749190386503 0.9156182289380796 0.541354605656741 0.9803578898190508 0.9122173707728685 0.32903891831507615 0.6279131048279779 0.38466174408411424 0.6490784874027483 0.8850535658439415 0.774046187644915 0.10999132309689352 0.5145500953904275 0.40754077119455356 0.6514499828612791 0.48282397724522597 0.9347230943007317 0.20168463585827712 0.708400073784766 0.8895357801816084 0.7238131784493786 0.7721089028642042 0.2293296496183762 0.3262529295573414 0.35072382513936595 0.6806646527807181 0.018857257312396403 0.9508131738288473 0.5788798134123965 0.6798552674831811 0.14095043157994835 0.9654521432600394 0.9740560948289008 0.02934697918795315 0.5925524118797096 0.2905422059814987 0.7427275964992759 0.3569077094450914 0.2392794113188189 0.40038042276081953 0.5018357335462085 0.6944087618541458 0.539668399622794 0.2977774067387703 0.17415613701944166 0.6024849165787344 0.23045439123539901 0.614551392388699 0.9252128655288758 0.7758836859040993 0.9191135114368886 0.06744351797642423 0.34759650694436817 0.7051308521193442 0.13206224858685622 0.7038738739364674 0.35339617984040006 0.8134499410805588 0.06720860567715303 0.6244219174090777 0.3425161798312586 0.019786645449634155 0.5519545034085719 0.5672282727569021 0.11911558449146331 0.6842828119474478 0.24063564274934424 0.5725141829418088 0.7834044563889966 0.28444801180709023 0.06445424714844894 0.6900222715617984 0.7405815078135305 0.9564287001452694 0.16537937888072973 0.560096019843351 0.2599972925483278 0.8918745884595429 0.6379215496384668 0.7223575253091907 0.7961111016999588 0.07498348391958154 0.9391429420730276 0.7138444927175314 0.5099432908140076 0.8211885912944402 0.8682959180040302 0.5043040382447792 0.6020917542292817 0.8506547047674619 0.34892115110210975 0.9454630806174195 0.17426726229010137 0.4379023278791051 0.28263222995923987 0.33450594815289936 0.2756979563005293 0.43652480734632493 0.899605078631267 0.3020968724961267 0.3314168248618763 0.32468023545134117 0.30125641456313756 0.37865951756276284 0.12860942032079148 0.4338363549579931 0.31136508668786356 0.948835690619687 0.6940069949380104 0.2653024837476571 0.8664547636996873 0.584898070121944 0.28394247523434213 0.4177198441628557 0.8014482036857622 0.3313530169078338 0.9924062860522271 0.3068189398994001 0.9385963070788385 0.3910296905838594 0.7588571537364531 0.04473876011960065 0.8384509036195219 0.984161332593339 0.22912628124063816 0.9824661766032035 0.2369795726626368 0.8109857394675098 0.930571122841926 0.6378928234709195 0.6845005627684043 0.8797358159393627 0.8789823460620917 0.9258445712412893 0.8701029861576217 0.4646495303361228 0.6020450500123835 0.665873734367356 0.7699045538256157 0.2628293535547528 0.7540706317927675 0.3777531734365863 0.2461628447646278 0.5156386694242566 0.7437184676315907 0.12097143048497294 0.17079280996839474 0.8651385393948506 0.5432445336001075 0.2614294791970986 0.3070381766679722 0.8275238273515767 0.5367808119773383 0.3240962652451925 0.7019060977229339 0.6264799490483035 0.5489932037908442 0.6772849884932696 0.4052068624686639 0.1380540948344422 0.36429758902454246 0.28327170178153027 0.39475690750183356 0.3321715227154307 0.25277108299939244 0.3067748037636626 0.9751341846393744 0.5502163452394712 0.45886563358722954 0.33316956791244423 0.5934387951147113 0.5553112656929343 0.08584698606215413 0.8448154971447045 0.7694616073972514
0.8206166759713253 0.6786679991239707 0.39420003604458376 0.055626179557214606 0.9916349743280974 0.17633490705852417 0.9326792683905187 0.5292614016949163 0.39103517626062256 0.18198434091080784 0.8965022810768303 0.2578184047235381 0.25187995478294833 0.4286024936899445 0.04884459366282645 0.08832734553573618 0.577764226098888 0.8854975832907498 0.18770864465272252 0.679950303009432 0.9547645712949321 0.38570373857279416 0.8438084296344099 0.49590533230592226 0.764995527227651 0.531444195850373 0.5951304596300429 0.9634732402893643 0.840850068018484 0.21741797461269186 0.07737731131169456 0.5170733183041566 0.9237040601793686 0.31975096505194645 0.28246966961230613 0.6676483657197559 0.9294578799670193 0.3132963722717519 0.24453852193273284 0.17466287420932736 0.8533283544851179 0.24096306540305568 0.2985235930665804 0.9837735058632475 0.9358151089504679 0.047624201625433016 0.666295925213213 0.6773324168221909 0.01610916678568952 0.4410079083242747 0.5508695871932736 0.9306538044975835 0.22494535266695248 0.2318175471537134 0.13210673163111786 0.8424758542476238 0.06376659431179765 0.3716344027979337 0.986728772511576 0.7730471720959071 0.3268733038760384 0.9633677498104353 0.4134037764492523 0.42231261323617986 0.3474792492991948 0.6347477605914184 0.24102845062203215 0.1492558450561111 0.10742270990428504 0.10045378152651052 0.9896058941897269 0.6010556673385595 0.18002776805942744 0.2185524840470352 0.6825866272779963 0.8074800969255567 0.24819939513555345 0.5445495917867025 0.5179468832517365 0.606528368198823 0.22765589532195896 0.7804645344688543 0.5471280562788415 0.09498736368042826 0.3688504318350093 0.23463866042078185 0.1559780734978753 0.2997870914796239 0.15962419743025225 0.8536823650256121 0.12082138814443344 0.19067687872236716 0.461243868274271 0.8752360039222904 0.4033585577713792 0.28441547918980803 0.2360085082349831 0.2762820313313925 0.6139939500445892 0.1446545858672902 0.7757347400121696 0.06843946440133675 0.6755804241868761 0.6381382949142914 0.7451986337145712 0.5890619120900116 0.3695245606042009 0.28335218259867556 0.5683025175653235 0.9601650626848806 0.7151138800491262 0.008165305370699483 0.03069787344505137 0.3713081084827462 0.8496548545925567 0.541600994173017 0.8129445650822897 0.3791584617093021 0.7045528480301223 0.7185143777271412 0.7205308553900839 0.047302697171240915 0.2376534316968194 0.9868559472949715 0.41464632325819806 0.10194063028609568 0.046903373225845146 0.10979795406017401 0.7424078873935039 0.7465193321019997 0.35303576475786314 0.5394615592187496 0.29259617990945297 0.720155597867818 0.1441174305506805 0.28941727755415736 0.28864795805613697 0.6205302738918225 0.8808376714697659 0.2293498113501613 0.7437903062410791 0.14669017033658638 0.6267493455862303 0.07946808043469367 0.9674767770446991 0.42627855906281875 0.6966220165874817 0.7298579292475387 0.6523533630585001 0.9247756096757207 0.5766589207324061 0.2981167495580751 0.2998152890129886 0.9464762094513306 0.3708412309694076 0.9359700356830915 0.8989611986475453 0.7723824509157785 0.5919001285542315 0.38249819008572983 0.9959804785760832 0.7769333680885766 0.11013078991237701 0.8719331113738183 0.0005989197270395152 0.42441681676963394 0.09307759531498805 0.4087360194859655 0.6333829657147311 0.105591156958876 0.5879636210701951 0.13864590100133922 0.40624127107936736 0.4668552310357049 0.5943640956605303 0.7585293200519371 0.9117014458227798 0.58879993661792 0.6603788853877013 0.023135432726399396 0.06941662977998797 0.6014633336531668 0.35354965066511534 0.15254804979444592 0.8001530153566063 0.6216300715378746 0.10165680184046899 0.4178003570025396 0.5028823520182797 0.5357647576363511 0.23184561951572935 0.7788542878950927 0.4193079582209198 0.20177211710742438 0.9311888751180625 0.04496867910636282 0.3212361933998952 0.271344584252349 0.06325793210842723 0.7918991589855807
0.17039511684016162 0.11679999467892266 0.9292242825123785 0.6118807465760593 0.6922945124166746 0.021639983698800713 0.9307651328898888 0.9584460896044197 0.6508938279453218 0.5292365783396897 0.8083237282583985 0.999242839201962 0.8879972699679276 0.8036790247174146 0.533779392836435 0.5424357594399611 0.3065419950588062 0.400382325531347 0.2995560879177722 0.4655321248089086 0.21096786336795614 0.22584127609465765 0.7338257468647257 0.08650314089672717 0.3109049744410608 0.7529183871857764 0.7058730162003695 0.6030660860295803 0.32709365623723663 0.5676779450623638 0.8873333812714173 0.24741462362589517 0.06971349989409681 0.7260586005309183 0.9943705220744078 0.35088926447329993 0.7791981596253248 0.8521167420575919 0.9756191082397703 0.7757831985771678 0.7302292724004846 0.3107062266935958 0.9078665862579116 0.6476719127823045 0.7203569310442431 0.7157357117837049 0.6870335216779495 0.2534156367769297 0.0599294624062765 0.012003224804947976 0.9207835187844668 0.2868046100547439 0.4714064541763028 0.7568521997619679 0.2638633273430351 0.9669170173704172 0.6572819041500518 0.831226415099167 0.3104552622485338 0.2507028879244362 0.8974905213170127 0.061411408476448215 0.9499132003360977 0.8595055022640491 0.46958430510743965 0.561375759173264 0.6398105244530705 0.8080423845185408 0.23300448385442507 0.3645584252210302 0.9791079339306188 0.8258522847575751 0.5918138713696147 0.7868015675050558 0.15284042240406825 0.9457453415416339 0.9625097115832472 0.8534845208285531 0.803918897472022 0.20987594534196286 0.8810392795976184 0.10949184698001435 0.7053079954288003 0.6380542105649277 0.6036306979354511 0.9369374131428937 0.27740917446112656 0.8882273097749342 0.004241613503802255 0.7249624356270482 0.8488594063024343 0.43733489463390707 0.6718121658629324 0.09504220558043497 0.5018000194236917 0.38190658819445233 0.48517470134699625 0.5465462516284519 0.3351853074410076 0.9690501541787487 0.40971137636673727 0.6035303575682102 0.12095868550591138 0.1312844989605485 0.8706176743932971 0.08796292910010961 0.4280662929447602 0.8705656440190522 0.838715577007949 0.28862874550967876 0.6753512432321116 0.35360564754217094 0.9870694222565485 0.4425054539147897 0.0544309270184018 0.8901353873779914 0.9720113755692428 0.6294707942382946 0.04833540649618273 0.8110254598665109 0.37269732525275145 0.6397496875920062 0.5042772717574224 0.977932385984779 0.2644601098025603 0.47182515109558243 0.522816755380414 0.2274458523576609 0.5895696953981713 0.11067255267226594 0.5404276057773778 0.13915268162416694 0.3443998111948047 0.7075349945357615 0.18557651554895715 0.6171837055294508 0.061523715589080985 0.4037102139818114 0.3947007274000536 0.632473653061675 0.07484319826908348 0.3638201546030594 0.4804715673570099 0.9119466547954397 0.4366945412234019 0.011564656580556276 0.9981542639193607 0.3640858116176242 0.8177532859015241 0.032623206452317643 0.31803704429871416 0.46673859788861405 0.433002927817564 0.7984701474028716 0.37468958543501274 0.6148171475505552 0.9650651295488194 0.16214809043489564 0.7589912234380862 0.2285553991021112 0.10120641573975808 0.4522205574749921 0.2152655561227368 0.1087527525177745 0.4148587726515739 0.441703545910208 0.26807788445091263 0.91137829894709 0.5386591111996315 0.5258177583642276 0.05866904902157466 0.6936536680854892 0.30033597936960255 0.8332887491226819 0.1705355762224171 0.9781249324037516 0.004830558825921427 0.20848705820138747 0.24065574380989363 0.8430754706551541 0.43442071774774915 0.9506884896400695 0.9446733298662878 0.8108577062800573 0.3013086531400465 0.7647628582425169 0.42097930558110996 0.7740922235775636 0.23101768679570933 0.151217051056883 0.28551514172377046 0.16170066866317034 0.19992839874661994 0.2523902187979874 0.03959303690719118 0.5617048705939255 0.45534000825411713 0.7218059065905494 0.6086513131165382 0.6714025940543311
0.3754107142059363 0.039704846639367575 0.890432446270395 0.871115356094066 0.10848908034561544 0.949947310697629 0.9191267449955949 0.6984181113930925 0.1416180339140911 0.23763868409978506 0.30317365133666196 0.6902526196449942 0.8954192196513784 0.3272184878890114 0.15771031962768334 0.4839057191541972 0.3620058803813766 0.2954860712010622 0.2324534097677562 0.28543047326548365 0.16122259467485278 0.8205169026674091 0.9094228260679225 0.9149852380112732 0.22301359094790862 0.39244000549292013 0.6513710888927158 0.83849936317719 0.5533363052055471 0.9130149337974838 0.71649968075928 0.37681338385087804 0.8934855601758779 0.6401649267651164 0.7514451303988978 0.4041816550166547 0.6438694004075134 0.24344036943726122 0.8965626777078918 0.6166596090176563 0.33295108519638783 0.8183070502291456 0.7094210337231353 0.17831902198589988 0.09146070034076614 0.3577638439713833 0.9421979661164668 0.7395678080897385 0.9420428868446822 0.27472701351385276 0.6068409182348146 0.9289009161706034 0.05151688812666655 0.5363654043961622 0.3409922943705418 0.760746508187608 0.7234733987882227 0.5942570182801401 0.5304495036141148 0.9874010381786804 0.700364168751987 0.27610947744879444 0.12452977053802161 0.8646968021665298 0.0031653536647738845 0.44294279304492745 0.5565963511509542 0.18876433765692113 0.4715195683552058 0.308160890456479 0.10708986016231092 0.5514840326599606 0.7873028410895725 0.44745437646642916 0.1292224811179099 0.9574611177841034 0.28380798077319314 0.731536910175181 0.7909303525654833 0.6499304359094449 0.18790145559144045 0.22350446115997546 0.3351877756157474 0.2266754434668452 0.08728747425156069 0.8999686640978453 0.42448934944796957 0.10946328458675869 0.49888966411828606 0.43219547130976477 0.9240293951211295 0.2722162565770051 0.825538797422518 0.45037698178645924 0.2591347156961973 0.32175370846956997 0.2394194452289371 0.5100334762343387 0.5800716408570036 0.43053626261162803 0.3663014694539398 0.8487808341886689 0.48039304337724165 0.6971512092404141 0.06054013256996982 0.05722137857138421 0.7853756064785941 0.04325401474941337 0.6541332969848174 0.3956837111055934 0.21034740646484718 0.7368338227401603 0.761232724007969 0.9060658683428646 0.5833835430380389 0.3807628481550279 0.3897483801314241 0.13949320232798557 0.09297886428182989 0.7462637542424543 0.8648564137930884 0.29321596403725625 0.7084634516625408 0.2116688168239561 0.2049371321599236 0.2097409109072923 0.23837653257905067 0.4788406174315851 0.20749189010657754 0.33009964743024645 0.9015749762577627 0.0128176387912744 0.05321201861543601 0.5497012162088256 0.5915184628934435 0.5371175979780373 0.3464008803781654 0.4550723568251007 0.7063205660353762 0.469883757275669 0.5853172155382096 0.6839384174949006 0.5771343927833307 0.8752397959797461 0.7464093811679325 0.7567143587663386 0.2466933825282066 0.16360941169440002 0.2939413494375813 0.142950364141339 0.5097893577930462 0.004894691355265657 0.11123188990116606 0.33662438306977593 0.902064453141481 0.10306354152403407 0.31978692459232416 0.6934946328935314 0.3801724734784845 0.8791621221454163 0.20658685632147156 0.8286742515692985 0.6619092459399919 0.057150804625309526 0.17282132804597927 0.1766915901734495 0.5488927038302525 0.957396146747745 0.08923897612558462 0.337833497403381 0.09947683350967473 0.15441966184368983 0.5059069545250574 0.7734742162616637 0.9078973016402868 0.5620291175616623 0.33544714050236046 0.6837652104215634 0.49835967361949995 0.78320972189634 0.20132507384586973 0.07971413706894115 0.7226630665519503 0.2098693420286425 0.7126893731134855 0.30733840371197807 0.0441481115075395 0.7063321108094994 0.70824775439271 0.5831647203031213 0.9494928200741997 0.2526514391151581 0.23185663527197353 0.03202716943274897 0.3778906240064265 0.42004421672673364 0.48797607451080405 0.38508514742974553 0.1667440694615654 0.7591743893588837
0.8473076846820248 0.3009964738164116 0.468448944595251 0.9803747096602412 0.3561333074408065 0.843712570336127 0.10534442601195115 0.9991603690129998 0.7380506909878182 0.8984197913483359 0.5824305469758344 0.9732732506134834 0.9797647298672331 0.5794694813644867 0.856616008211348 0.275814551539063 0.9028667556029905 0.7174314906438661 0.6680249634377281 0.17911416716290107 0.11723980054960559 0.8949855328848253 0.4258928189912423 0.4180046693688332 0.6978994316809235 0.519986097878172 0.594828305699638 0.24947051052541913 0.2387012167693393 0.015652778179123916 0.04220438601901921 0.655463687185829 0.8096662501498636 0.9232775541925048 0.732761608031041 0.24688492682079943 0.7743404085688395 0.7966642148155069 0.8832138059415967 0.5033138274757853 0.38467317761228315 0.55531131330616 0.5060741644399102 0.9479616475134384 0.6204621163722785 0.8634496317933649 0.6574014660913643 0.06680457344445878 0.35186321464394477 0.7340452657120876 0.587656033994428 0.1554233220857737 0.5434329213835489 0.8525119624097207 0.06001216838033574 0.6662721348423074 0.1604645431612287 0.4600150174180607 0.34340780424282913 0.8505380591939476 0.02361629563011125 0.40341706281893097 0.5336786792564496 0.017886391329941187 0.33091976787139044 0.23956866990307235 0.08815966070675396 0.9211670334755453 0.8639075938965973 0.9483585155027473 0.29277667461450374 0.648650694656773 0.111462640679727 0.4516011982873859 0.3918631324902745 0.7427352674948692 0.2662361514690642 0.9641507349366352 0.7336346497160743 0.10432735025917206 0.6923161049880433 0.08879921667085433 0.1678566314263371 0.39360970009899965 0.5980978697914249 0.536265686314347 0.11327160511436551 0.48269118216762064 0.6487097069636057 0.9509253319031516 0.7412143115504735 0.3543303272655399 0.5743877842918912 0.34439890492888403 0.058196870899025144 0.6321625261107765 0.8960467632214394 0.8776150956800279 0.4302515520088893 0.8219427700212106 0.39169578264805804 0.05583478713923595 0.8841891751506713 0.466034386698284 0.478719551568239 0.7861032702485019 0.42760417640183357 0.9672282764899087 0.19284085224653524 0.25472376983012923 0.1768992843457955 0.4813944877529551 0.9528463746485634 0.028604433913308136 0.7712249273220002 0.6366006136427574 0.40287866443194464 0.7835634242934607 0.40894188012291866 0.7604648578435568 0.4880520479767696 0.1686566052732822 0.7731645797293406 0.487493840998805 0.44236234226601545 0.3269010060357541 0.8672475029585023 0.45178938154177706 0.8673380618896372 0.83843889820341 0.5382367292370118 0.6087608334090969 0.6615240876616802 0.5422529426586121 0.31595583031777275 0.09488851936729537 0.5404989115676531 0.28233578831685313 0.18462928518984645 0.23666189647878222 0.14965332097132678 0.7588651328860476 0.7841679079628245 0.9347773750346164 0.43886631506019014 0.18410634679701243 0.13056442727820672 0.7750917216651872 0.8287651162985168 0.5318704514940528 0.812384117462527 0.03267411307822421 0.8184398262040258 0.4540499012791457 0.150547206091307 0.6760098450795088 0.03917931165153654 0.3904956198167959 0.22842964912212926 0.26286594589641676 0.5531036994546985 0.6788351820550647 0.2794193312895843 0.954678440751254 0.32959471477483193 0.2145108863647982 0.6573895929300245 0.7638849820340572 0.7699497440867993 0.5486407256788399 0.0712806365545493 0.5391884477874082 0.8843401279176294 0.22770559019242465 0.17041193364424645 0.8657066596313088 0.4954128809599232 0.1018433264149955 0.06156841780785527 0.5130820934388365 0.607805217567753 0.6479768705273273 0.4125453608257642 0.4803997791215765 0.5471878725024846 0.10510696191125612 0.9282732836799418 0.6644708312025349 0.1773676294983748 0.5481646497176283 0.9365218359521016 0.6089851923045361 0.37487299812230623 0.47087466920526455 0.3980112962228519 0.19387922441259886 0.010890774398589764 0.6795300276692461 0.20577555836366535 0.9638041265542565
0.39670012004535304 0.6106502446164211 0.1148851810844903 0.4367035272609364 0.13520749701805823 0.49051550665094856 0.74461597579352 0.8481258369370613 0.05444611414455147 0.9470777807192269 0.2657753330232274 0.8275514339933054 0.03286520535592585 0.155297155510977 0.6631852495192546 0.528077594253349 0.8826385860714945 0.8131394499671758 0.8140439179062752 0.004564056102452696 0.12378325427793646 0.31295560858467497 0.23881055245063132 0.2948951737313573 0.7099339912436815 0.3525357378968036 0.5607468694057294 0.2515123941397368 0.23302109497390244 0.19429007490249917 0.6144327086191608 0.8315705089168733 0.8560950719148109 0.045392312414889946 0.3395314425407837 0.6584062080233861 0.45295012274605717 0.44710830500319065 0.5396872246158855 0.8587900767259509 0.9236387889300388 0.4229190052267703 0.41399137723044377 0.45301082521229163 0.06736031562828204 0.36647111947021904 0.6742945018860322 0.8963283431380987 0.13461607913706852 0.4846889144777137 0.6288376796411203 0.5569236830690988 0.4118216859903885 0.9562907177378487 0.27195712800964533 0.5539748666558989 0.47078286331118124 0.03707853316751886 0.17805461562484737 0.2562883096762988 0.10686952845371134 0.9323466107147178 0.3296428522409808 0.371891556976779 0.8805336015666232 0.9882336520223398 0.5369039104261887 0.719040383535193 0.29002047542507714 0.8017696921503162 0.4980256192921786 0.5128540283244063 0.33052574303584403 0.3198662243117628 0.027738242817430647 0.2867341260185132 0.9938350758661316 0.9569827421212906 0.6050585324684209 0.6562208784087346 0.03844237747320001 0.321355348216689 0.9286967431641001 0.947635437199647 0.17219494434054317 0.10613963782548963 0.1213508522758282 0.857665464739157 0.6805173128405785 0.18126891458240202 0.4904226717688597 0.6949744057755868 0.8085536852142334 0.5846080940930053 0.4774924896426995 0.518532993076613 0.48434126398390587 0.36300681605735374 0.5760799981103623 0.12347899211798885 0.9651056581618959 0.1540651497967036 0.43441574275755945 0.8638394883575684 0.05492923544658734 0.006863863012521065 0.18988868578422224 0.1562520986718018 0.49694963451571583 0.9944438401613496 0.40232791737376516 0.4305753915567756 0.39763008170195435 0.06151168997292744 0.7668504841990915 0.8276784028898351 0.446500756784459 0.32208897526243696 0.8576041305193428 0.9239481296304287 0.9013083620948121 0.653102783141182 0.5398868329666617 0.9514259158404262 0.01714296603543164 0.05383175114707284 0.24025746178941165 0.3165937724222817 0.8988761116993649 0.09897598218229475 0.26632803507537606 0.619170806488497 0.6315802964576043 0.741358970657388 0.03517187027445512 0.6698574587881994 0.9645417749669283 0.32401715001780984 0.3988732839303779 0.6822552998081377 0.4202066049497698 0.19403394607328028 0.5683289200256676 0.614539380896916 0.07464260722947391 0.008960021583482414 0.7198281197914971 0.49161686402797555 0.6403507351199043 0.6969736800935549 0.7875809856916344 0.5805170481799967 0.2715316170790869 0.093125474416616 0.3512736048460232 0.6154278504907839 0.768802112675152 0.20315768239380383 0.514354826908646 0.15193744728675196 0.12457678003880324 0.3435435236775586 0.3409877753963261 0.1271346926726975 0.3589895357280204 0.20023504814929283 0.9123407818612719 0.9427647747306561 0.9454782522153325 0.2226871393591774 0.99270241406139 0.6635889496301586 0.5028885311120098 0.8359740345843385 0.5377416590213571 0.04120042619384168 0.4520703011677992 0.17903063150886322 0.22392980568123155 0.6273030529755992 0.5093765275607428 0.941568527424356 0.25490856988298494 0.86436437147173 0.22265134411562193 0.4578612564641452 0.6965121037787466 0.9092213497953228 0.32918289485816454 0.8074384752036824 0.9462595420860254 0.8789958810648228 0.4469264889868201 0.7872977391671345 0.05225924555156858 0.21860707994485762 0.6731667184000161 0.6416331941346917 0.5176094550187048 0.019580979016330602
0.5380022896357165 0.6354462571159666 0.5695538743970916 0.9937711145401411 0.46884448825442315 0.23031053428205372 0.42682544456512916 0.5719437928962722 0.8664590802328831 0.43019277771775877 0.7646658381815958 0.7373373845383148 0.17751062080079594 0.10080435775763363 0.9737946504920817 0.8696212059956169 0.1692429878659496 0.025054491475573926 0.08587102540490021 0.28072225219849023 0.2873954031192921 0.4076383855115766 0.16607317686485856 0.3806878591374928 0.8286838876365404 0.32011731854442416 0.7762996069644619 0.06804743579861161 0.9074582971365257 0.5614328129246103 0.10285765207571063 0.5482568062784707 0.5653145971265927 0.22157897934935988 0.21809665034555237 0.35556241202477823 0.4111590883738363 0.41604915919051766 0.7914724383208358 0.8417350090896898 0.24943377326688243 0.8169721601725473 0.81217047869358 0.8359975134600165 0.23767271816752789 0.17338045016544945 0.47369065322738513 0.988406126691403 0.681413443590434 0.12940931097556163 0.3336942995788321 0.2291501563138596 0.4767304293519645 0.2530341073467929 0.48407711018469135 0.10436729785635879 0.0360119991599297 0.5944213971085881 0.6597560238080609 0.1726544178943229 0.6651378845121375 0.9672508203459583 0.08542157988683463 0.9298009425439449 0.6384427055204108 0.34292978475463687 0.029592347154479226 0.20432083688505365 0.944741312050143 0.815736383001131 0.04488178126933007 0.917343983918086 0.8078778869177077 0.3005792204130612 0.013899720743572819 0.18627148444875108 0.7023618651297807 0.665738615941291 0.442594682552802 0.6323851675924074 0.41346121207585307 0.32164006227836694 0.3915123255121996 0.11278480413999503 0.6659296595219151 0.23610537275556276 0.840275885160751 0.8553448995838442 0.4729197350388369 0.05653284980373474 0.9106760777152744 0.868291379604953 0.38431790422773526 0.42869869179273923 0.8843588962620443 0.35669160237433317 0.6247763150982802 0.6656464308002883 0.9604338351659596 0.2423894375317055 0.15941786035463412 0.9692556974721703 0.5555292696058716 0.24406939422804774 0.24244808460349487 0.6651707037696034 0.17958778761133476 0.07384136988296541 0.8397428550075654 0.5397240240003917 0.5169911817071415 0.4841217220597255 0.01680335350345874 0.34168814805922565 0.7856691423521072 0.500165880884132 0.9998499814775339 0.7098482656583208 0.7874720713825525 0.04008903456972246 0.7758906569385 0.9934640084029505 0.7002208642515372 0.9735535501654156 0.6134622299904053 0.5244861351440036 0.8817156511314165 0.870809256158058 0.3653917212401029 0.23910706111358881 0.23558820450573714 0.464401504136732 0.3711115250283903 0.556101817338182 0.6339049680110374 0.36225584807084366 0.22375123357584203 0.33443914875897107 0.5194587138586116 0.417224744000975 0.805350536819557 0.749254208062663 0.6079443044129154 0.4386462204527194 0.9112146837397822 0.23571331304399767 0.5119087242680184 0.8268216887434436 0.5422824749279906 0.10955320819077463 0.4100167035883363 0.39595367332402376 0.5937211962289178 0.6873412996824735 0.3320853195070437 0.14339561465660033 0.2241082385052755 0.059481949852267735 0.016558574335142184 0.19922114930824752 0.36855620661903254 0.8484146730483649 0.5750970934708206 0.45091430004140787 0.5040020019641873 0.15084119690170228 0.33764388342021134 0.3541887101180886 0.5743533935190168 0.6379208268010416 0.05726654445426138 0.09966625159295217 0.6521883885291664 0.1808546001450182 0.7087264389570997 0.24258120889139345 0.8450635456614661 0.6287394637344541 0.6128007733408501 0.8906250697842771 0.04051077462803965 0.3640234715701165 0.3770100945459065 0.7096525306343437 0.8419606135264855 0.571547430644438 0.8611789225427013 0.20412634332351653 0.8224854263137685 0.5010463987629348 0.7634875089860508 0.39236431546185757 0.050717931967010244 0.3555774595798815 0.680581232844561 0.609643737202258 0.45066967530055113 0.5315023242352682 0.9675848206682733 0.2497453849735518
0.4273275869238913 0.2725720397523379 0.3948408653774924 0.8500041548615429 0.8799102054667393 0.7857484837103349 0.08269808630668307 0.4165432936893404 0.5541777797730922 0.23910763414328395 0.24750910125167624 0.3983463062976498 0.17823330015872063 0.5642150187100051 0.12985988133603532 0.26788987104530904 0.05321585121687833 0.8340622016027988 0.3342433485412106 0.37463950361616005 0.30112926208615187 0.6451544737755783 0.6764565349812848 0.137901379052082 0.9606219468442416 0.32698412029762036 0.5130775279916131 0.7144002100802863 0.37500046951892596 0.18694338509564412 0.8728788953959142 0.6872884356844456 0.4549605243613525 0.6823428357776171 0.8337473187653833 0.5740341434472929 0.27778324129785614 0.1789836362569397 0.3241297288631415 0.22901544134482865 0.13348374700900556 0.2324076966392571 0.9302468515519756 0.47898110386694026 0.4776238752181329 0.11354665581283496 0.5945028058615792 0.07843942236601342 0.49505235121611735 0.4913245039581783 0.26954415977860946 0.2679465450004668 0.8324390865605655 0.10698757106093182 0.004377250640813957 0.9258864727886918 0.30177723252795385 0.42383501390274125 0.42158263694770304 0.7496447972007122 0.3723253787607884 0.3204572610177908 0.9126904023749148 0.3080225571179629 0.9023008068911401 0.600986381871629 0.6722957961003664 0.5980942800363979 0.12440782136138895 0.42909765419793233 0.00997597528970351 0.6289150246972117 0.9213762364376185 0.9933558760894832 0.17821825728815988 0.7337881040113996 0.7854585085728344 0.5161241121605594 0.15055770436813531 0.588023476516847 0.3178018999599316 0.7180430758147166 0.7391479864097869 0.6098535574235344 0.6067142446654693 0.23889357034269887 0.1993159728798154 0.5154977875281417 0.6999073158636461 0.21476801056353723 0.8400694262500706 0.49678162231533185 0.3437246661298571 0.9947089346185358 0.6501846621469967 0.7054272783984986 0.7464613291141659 0.413681725003475 0.5534017874791098 0.26720802498150475 0.5509269624779405 0.41720906942048896 0.71712203065111 0.0183248674029296 0.7887365718841274 0.29348482592095404 0.7985056553726279 0.28499076215543984 0.7771657322101829 0.16117690940563112 0.4294376167828512 0.3692484430540789 0.803889968708371 0.7760524196150589 0.3273853188036493 0.2125027183287621 0.49731588753771283 0.6680815582017714 0.3989668841648346 0.1002841647716064 0.24773251240023741 0.23360973136467944 0.5625210183189245 0.4123259502946218 0.637521148996837 0.6116590991798889 0.9310003780990133 0.27208752373136447 0.447712098527396 0.6592549969264966 0.6836049427510584 0.6836149624734162 0.06523073474515106 0.9689562743002933 0.151728024194002 0.747013245061419 0.25097400543458337 0.5328848293780807 0.7489815789097984 0.0038742039035799536 0.8349228803830444 0.02265088771466972 0.20075776197192197 0.3264257096079004 0.6796732310156467 0.5010493181411817 0.9677836353235223 0.1282620666258638 0.5807347489651628 0.3552578193136744 0.6124389322762568 0.22384026243584199 0.6863254096152428 0.5731607747689129 0.0967459963016214 0.8748717673804822 0.7493018376725263 0.8549984005887153 0.2774234818822805 0.29751398199250967 0.26378650347845845 0.6337009957260762 0.6379821298591026 0.20812482968074864 0.29415781317166223 0.002373097465611873 0.841807661382828 0.27105613295195696 0.6465628625911527 0.8271678686376218 0.11896690027874934 0.8246944560248041 0.12912935225248012 0.04088242844988943 0.909012013543798 0.593484828258418 0.3272304079601669 0.7451240536849298 0.24947511788452204 0.5568617200436232 0.730178229633206 0.6069446267095026 0.8856755314999244 0.9851534984254048 0.9240240115029381 0.741901723739135 0.34526467272423766 0.43401231810622676 0.8540221406669143 0.4172492313706281 0.004961402726478825 0.20224232632240557 0.8391574424374298 0.4395790330586392 0.5042181178939817 0.6307183670655024 0.4953045022359277 0.6248886515571548 0.9819815607223605 0.34191059487582043
0.5725489875172776 0.43386892280620215 0.5472029756025998 0.3099089030344371 0.20280605369886784 0.4621209650555207 0.771943240688289 0.01910494103161442 0.9164672235215682 0.7950141267645335 0.6768519949583475 0.5042578872913854 0.5935444366005102 0.5499992681886022 0.9004043389543318 0.22505418654475395 0.4200345429125836 0.9896841672962345 0.13197613123618945 0.7465337423692198 0.9304287364401106 0.8725963632847533 0.37422640861442846 0.7971760406083198 0.8282609410236214 0.4743020761165462 0.27259264695071217 0.36808249470160204 0.06726198463605648 0.6925009680240305 0.15149371547934343 0.8239059835878132 0.02659624280529327 0.37093394793916123 0.400285058215752 0.48046598307382204 0.26354226890279586 0.28020291533286745 0.3869944785974083 0.10349351345209978 0.3324261518826126 0.7895934891382898 0.6287736947232643 0.5163445010035376 0.05948282768767388 0.7564986021066212 0.16666157518529023 0.2437109884524794 0.5339499054379462 0.7151729470497548 0.6544400657616231 0.17193431589739416 0.18689804752675232 0.8890509352989655 0.6057449607243172 0.11472324051672234 0.08061847522472776 0.004012724320837435 0.5076471270752297 0.8311016091925082 0.4270723368183599 0.6069837399363253 0.05470271157663298 0.38729747450205554 0.7177199320323936 0.2451039817398143 0.021235683913074954 0.8902164761669672 0.7170322732617392 0.2502156919928423 0.0883591109377514 0.11995776103843148 0.28673653050236914 0.47475532334992554 0.6311281734694502 0.8847387804205352 0.4339017999246373 0.660622992378015 0.8112039748728738 0.366001421410039 0.33140487556281273 0.06494518519918191 0.9608338483589709 0.3038477406043535 0.604912935341365 0.30079383304931695 0.7513869378855628 0.13129199800953717 0.7800321141109556 0.7581860350731647 0.5163710545996704 0.6797420244589527 0.9644852519765776 0.6231218799694496 0.06092195168999537 0.6891643857708116 0.4038121013625826 0.17267510432028388 0.9822823528909025 0.6632144356117224 0.5295087677782749 0.34450458723390653 0.25626959529910254 0.18489774268164205 0.06494924624270948 0.7581369713251289 0.06678478803539567 0.12378055399562582 0.43776919699414407 0.7470195930995417 0.6838628664174261 0.30043346609515686 0.4192789558222989 0.6390251950361843 0.7573362869874581 0.6319150938791357 0.8860716091140018 0.6292301335779398 0.5722097619851709 0.933083968079613 0.2644172493882344 0.8473387620848345 0.8758146425892058 0.14888192672685063 0.3479141915996151 0.5631415507446915 0.18303431441763118 0.3579186261435967 0.42010889969021215 0.03600082041595132 0.004061463739053028 0.7231429847247676 0.7321790076256965 0.6164627065411947 0.7030887130986205 0.41747895237665056 0.7980849848964359 0.9889667910950302 0.479633046393695 0.3877022709698462 0.5665750012765919 0.4448889773978757 0.8411154923507935 0.8457440760212154 0.21309581316078163 0.6904526140094427 0.8071084888842468 0.9667407626837509 0.08873353798774541 0.12407120379514613 0.38371529297168616 0.8859245718686296 0.766120504890663 0.015170142812954701 0.3980058937144081 0.982256304302994 0.4901267038908208 0.925849172325653 0.5988998689893419 0.9183673004362175 0.21420289909571533 0.6062413862301994 0.4598719448582137 0.776474739030793 0.37996745387106656 0.00021196866838368855 0.2674923704615091 0.8711763707859428 0.1466054441401966 0.5287212942472254 0.2982645883902091 0.9721768264874676 0.5038447964842008 0.11126232259531632 0.08236599364300856 0.5340360956072631 0.6328354290180774 0.5307207484048944 0.6574336912585226 0.6281361465106913 0.563025373849174 0.331984698220823 0.5238343790683876 0.4778339326745519 0.8077415337060578 0.44393924073128765 0.4999923915997969 0.6540110591448792 0.2165103885966313 0.964890398436355 0.7810380305369823 0.5964955295859476 0.9594834496935394 0.7137947330332447 0.8008188977553102 0.19396298916311283 0.04735422935525102 0.5827288101110063 0.5864098962656962 0.09540370869210812
0.5967755705665784 0.3677900885219403 0.8310416774645022 0.9736070777741228 0.25549542872889464 0.5379185742564677 0.5921647768563358 0.650563837815744 0.3696190634850579 0.11747622036680816 0.27621575308263957 0.15744711424253244 0.7646223809979783 0.987201078968231 0.7665130427812648 0.8386133147273431 0.284577581576112 0.5979762554138677 0.718740666556595 0.34651629362769065 0.7015983986499141 0.8497690871878052 0.6831896436993439 0.09219637681879367 0.29502027770190886 0.8894978311407116 0.47815375891218337 0.8509226398881997 0.006266909994402492 0.15087625677519978 0.3219927590926467 0.3699535895465058 0.12325818874155248 0.6361313931558292 0.4569057942607401 0.8972855536758472 0.8134286372900996 0.1427598964083201 0.831906108137204 0.16600141309970684 0.6282762802414593 0.8184563219015415 0.9507609496565645 0.5921125256902111 0.6608141596021543 0.5204543175417503 0.11094380948769755 0.6638934473184134 0.38268701730985355 0.7921836583291 0.2740926034005069 0.5227193219211385 0.9136987151522485 0.6408612663353351 0.01625572226571581 0.15922930536197355 0.9687419755913478 0.505732284711935 0.7597825961208555 0.17922797895340536 0.17064851735322217 0.2542936298974744 0.4222410978793456 0.503549574197034 0.7011269146109316 0.5314621219396647 0.91532308866484 0.6159752517960414 0.9912095577181783 0.26190750962070497 0.2714504747533345 0.7310089916381034 0.7482080657104117 0.9708263970859468 0.23023210229117752 0.8319199860350791 0.42891699803369476 0.3236051029504947 0.7829165091039767 0.8685216635207696 0.24816115843829245 0.33919311791301054 0.7305903857897271 0.48793291325988764 0.14205973051814547 0.19431487577440643 0.991941044632646 0.2801648715541373 0.8712359590324841 0.5799038601432576 0.5027970017020615 0.32828850784498464 0.8544581196311302 0.5656334327075112 0.4402926404060975 0.7274970002095861 0.39376240657840744 0.33922961427978926 0.831843904564245 0.7846126035185216 0.3307714558033199 0.1781173277841367 0.31854118921327 0.7485602911780541 0.8390364480571959 0.7983378388010577 0.7460854263187967 0.8714678113381049 0.6589246528356145 0.983423969670085 0.024765410533082455 0.41609010474651875 0.33522296886452974 0.9193953891272333 0.4850732538343495 0.958160539167851 0.412400660942162 0.5961873330564285 0.7665181423617513 0.3898220514670445 0.10007781834781493 0.43133793549089783 0.3811721164167975 0.7787458297708179 0.09112011886969207 0.7106035191018576 0.8456340279955827 0.3047608434671556 0.691287945191733 0.8330475932880944 0.21739164274010592 0.21107127158302597 0.8826689405633091 0.8022744697307583 0.27619993716801927 0.8884560455090229 0.6910379217603293 0.8975183286965168 0.1975403467376271 0.1394429570301995 0.35771907435299977 0.625716511282033 0.23860618608453643 0.6303285793717608 0.14856962347300617 0.9731442560936349 0.7737102787169956 0.5233700418308841 0.1748724392591997 0.5885423775377332 0.2581012842039373 0.553204179552943 0.2703535345794683 0.28390450765324193 0.9702103708940778 0.5213536517191475 0.8219799541240429 0.7897475760496979 0.5840240004240802 0.6045719062646477 0.15589502934517752 0.1725958784395274 0.7805334759002932 0.9932257223473608 0.7917659728759713 0.5917063183899323 0.5780797731259006 0.7534154596246697 0.3691758758038688 0.05578041152723556 0.9775392260578448 0.09792560208623424 0.795748998539327 0.5371288702419935 0.9599685976887985 0.9697735043953818 0.03786509166213037 0.02971777359519112 0.5751117248516442 0.8919558883548896 0.8872685124984502 0.7328348993924652 0.49775405163501185 0.9033723728529359 0.9638559009826292 0.6499043488086268 0.12165273187266201 0.05378731137172832 0.46983534593701237 0.23407163427299083 0.922630577201575 0.5698750266276099 0.019529269631702206 0.8522265154085974 0.09879234458173725 0.681170112623363 0.6926010829438902 0.6700125180487456 0.4684607593707637 0.10652170732713406
0.44809705957562285 0.015476588074004982 0.9423603795372534 0.30216730966047667 0.07369237947745277 0.4508530687557172 0.023392577258889102 0.4631253539007114 0.3105485709700184 0.5983402052578081 0.22417755385261307 0.7537039491298863 0.7060794329436932 0.08110326579024962 0.27858795135495995 0.9610122808253202 0.16692282163975714 0.9872469613110748 0.21066546328561442 0.3049027566385879 0.051926800166267495 0.9261789016441849 0.37326060213432755 0.01899287374016334 0.9213173141206241 0.8883881942558336 0.23986102917731555 0.7710567646828472 0.9742497566513476 0.4267639731519667 0.2644198504773395 0.8884004315889747 0.812924785165209 0.029411842560164714 0.20875751765039074 0.8280159488868224 0.02257392806033598 0.52657954793615 0.3693231010817477 0.3325082278298368 0.18442339725821566 0.5823259524805539 0.6171725229699285 0.8065692260554876 0.6601758864741446 0.9044133621173226 0.6647186320474032 0.24650626587562618 0.9902530893918658 0.3949737447764148 0.5078465410250721 0.5781638891432709 0.38389939073712276 0.03715009093237576 0.3497687366796014 0.6654864922077502 0.19336731399972695 0.459581361140621 0.057078328994925265 0.6647576426721031 0.09457902972336885 0.8437153477923357 0.2279261503781671 0.09998411269917928 0.678376186120683 0.8848785299650619 0.8202494832133337 0.7648401850658676 0.17914579801747266 0.6815047413398968 0.6207051182324215 0.46447851788388816 0.21912049405926448 0.5057886028465777 0.043412056297277846 0.42453643817223197 0.1312688745588546 0.30842674454529273 0.8170053331881234 0.6469569404807846 0.7591993520127354 0.5712716308394226 0.47876275329244533 0.45046875168734957 0.709875410890601 0.21118775975063564 0.4928247212612604 0.9266763352848817 0.487932757486658 0.9894779727247877 0.10977962766561122 0.27194092594837593 0.15307293287831836 0.8010811827808185 0.0676384572232317 0.18273974046309094 0.2344237920304204 0.6362703566428355 0.8185005682260167 0.06569401484158344 0.6172790447393542 0.7311093022279738 0.22657615826332866 0.4849597819214485 0.5585413309482488 0.059382108347537765 0.2638983174166859 0.8034269280182766 0.9700011698467756 0.8327314087534002 0.22074591553471323 0.3534745657515075 0.9419323139039122 0.8781757704422498 0.6959348481804315 0.0027913487204890286 0.05884098117841785 0.4861196905093178 0.20259506301487795 0.3653868776888137 0.4578199410661715 0.07316169368981973 0.7894755787877076 0.1698796859991789 0.5856738282699312 0.15538050486771415 0.23043848002544287 0.5923751929891319 0.35975998829308686 0.4133420912027359 0.16624162111194885 0.1919703157188385 0.6526625803887395 0.27271953079483113 0.17212905755927155 0.9786818261956307 0.9642633047840293 0.8427132154866576 0.7775720022675929 0.5989344815405407 0.6268766802616285 0.08218255144132303 0.2178609431260834 0.20893174622890132 0.9987342972422746 0.0715785459644609 0.9355715206264481 0.9554739296635061 0.5892058234861536 0.29720116924046214 0.9526258270922245 0.8440286255181895 0.6542687669087113 0.47324571811037275 0.23421224255150752 0.711908033533314 0.3227395386289694 0.2921678028674962 0.18779850769994855 0.8241525272474134 0.6212969506943562 0.2691463487055997 0.8043504947900212 0.5630711317064471 0.49546317536337126 0.08352203784699808 0.6888239370379293 0.968250523927163 0.9309626933293039 0.7729384815413551 0.48622121537625873 0.887353097249967 0.9109140299987721 0.510091590448378 0.3359912878446948 0.6854757319595902 0.4911645153633153 0.4704049821036903 0.8592130613702829 0.12280881997691029 0.9722257234753373 0.8360059184715751 0.03667684458568643 0.8578512424993188 0.038880577449053044 0.17637028395030852 0.9192478952017182 0.569025982930049 0.7005612140547394 0.10943271598659277 0.4288347727853705 0.3343103082172276 0.15746195968792864 0.3866016211654676 0.9452296053332964 0.5879479293686724 0.22661196956443352 0.6214690100061576 0.8446117146801639 0.7687369934713748
0.7109683831938278 0.813323351579367 0.7777187332724094 0.3938087098321754 0.617196777497912 0.7798649932604225 0.6524378940057662 0.5333784897351783 0.28765372270578016 0.2596437500606812 0.4037870851060217 0.3581375258376639 0.5228357124271417 0.14332461291385334 0.9941020565910598 0.6569266148501933 0.8015513569768151 0.6659928510706153 0.6488071578458812 0.5898660204491962 0.09263681397176204 0.4183420125387738 0.9609137282108332 0.22841272959747683 0.3873141022557691 0.8119074061749825 0.42932145206526484 0.8625773831249033 0.6650057491470422 0.138484595779932 0.6550250260339453 0.08165201091340812 0.3699574505338604 0.5510555966759955 0.4798583792428218 0.46804358357681 0.2954500620600534 0.40385461464438344 0.3170137802965175 0.28634119830785365 0.06522176305274485 0.8203870893406717 0.1691540730207426 0.7772163161531744 0.4866682592016427 0.782990829712178 0.7163052129918929 0.17990690866437253 0.9338211189233702 0.4341108026762278 0.8673245537070657 0.2435658989900925 0.9078713282268406 0.65544805081395 0.27838854648945444 0.5602224726510795 0.7290822623045772 0.5161203329837016 0.13611533206363924 0.9170072338995634 0.808509084626522 0.632324884709907 0.19918216187186943 0.3479387226500017 0.9998668263068677 0.783566413996017 0.6867592319652466 0.5929014006005336 0.5042095362542282 0.13167053916003835 0.39057558151435745 0.3803037510762479 0.566292830740581 0.17185088095431333 0.9948706507700944 0.6765417984102579 0.4217814424570283 0.8060973970432949 0.8189161999260953 0.7294242891932482 0.9703971810420179 0.1278722252533946 0.3868699898396971 0.590650214795899 0.26176169093283597 0.20657372516341166 0.3588650519323431 0.8693796676183652 0.20089454650877625 0.5404742465183328 0.31013629346076 0.02951788106564779 0.12554684288766516 0.9220109276523563 0.5699334334866667 0.1823900840382332 0.3615016683728788 0.9609855342024418 0.2895672098478371 0.34922912280162166 0.809866763262835 0.8199988055708161 0.06916237518434998 0.2719036000170665 0.08256920306476467 0.21521965639948915 0.24620801901464595 0.2940969416806519 0.7098257217700046 0.024014744828887324 0.7983099849929337 0.9796476621514587 0.6030628430052072 0.453459920194634 0.4688443364121878 0.23418587954899506 0.90361948682633 0.5546053045829122 0.6520015739814735 0.009564444691885443 0.9229503437390864 0.21846995028987193 0.268688378543273 0.03197934386245027 0.33372776358084655 0.13575907282872302 0.7790134282715777 0.40267385810287015 0.864462328894495 0.7698580203350973 0.10167081963350832 0.7718991265186707 0.39589494214401655 0.4245097435632429 0.22384793014234705 0.4121537605249519 0.8560215269767683 0.8782632738259825 0.16718374568758232 0.6356547247187107 0.5490977475107168 0.6369037122752316 0.9716473135777322 0.7574374565005301 0.7629124630946728 0.7604541818549425 0.5807806402362495 0.8373023769401357 0.5085877505348445 0.5131158557121048 0.8291610943994071 0.042103985769005314 0.018155450047586896 0.9827139733383204 0.329440301003598 0.5072036611337974 0.11647565671264781 0.4203909471978191 0.8516156750480471 0.16071716401282732 0.818473202477749 0.4501645443302381 0.8354565053046052 0.7412831650677589 0.034509928189270234 0.7500333125751772 0.3966298809900737 0.48128657197075075 0.7810664949824898 0.9596060192258472 0.05119416233691121 0.9672021687717449 0.980144780299556 0.5956276676941786 0.5458876361975675 0.7610962614720037 0.42116799901067803 0.22749435684356434 0.4826414543869717 0.9309363613883422 0.9450573259032765 0.3635969246119337 0.9353450838645492 0.9739632228258038 0.6291665959468961 0.9695415747273427 0.028275194296869754 0.7516320700456757 0.562362802634319 0.44899904957337533 0.12280438776750846 0.159844353115152 0.673107637529888 0.9288909984189669 0.7115655877559459 0.8204459781513692 0.5759695230801067 0.2714844885629908 0.06892870145674546 0.8053476832635375
0.5873495398340424 0.7074863243226291 0.7132068176461249 0.9034203083874685 0.8564985454133806 0.30014509315152926 0.40840382778305295 0.30483221976792385 0.3406199613847569 0.12133898569934054 0.30618312522069047 0.5769800479918251 0.5225319515893586 0.47993034668848045 0.7898156849537968 0.6657733159222895 0.23031762438383674 0.1564870320420022 0.44252329918835587 0.008227075298361086 0.9505702904800261 0.5847918447224238 0.056891119868511364 0.08911715516186824 0.42711515397242694 0.21778667618270486 0.7393219689960485 0.8007164408776576 0.2527176178286221 0.9515918604813282 0.3719007782701841 0.7925777397994154 0.462939551801256 0.5364796359758606 0.815185203338183 0.4384453240808407 0.725901817856785 0.1739367137769362 0.9588103839322154 0.1916677885366328 0.36247036538231725 0.980661789084548 0.3703223291924348 0.79887542871535 0.6694125220273262 0.8470243506792076 0.5561473564638176 0.9378152041993231 0.24185921612083716 0.9865937402570936 0.2568551138862598 0.18250162666280334 0.3791765547242876 0.972246554125035 0.31948336109832276 0.5172261118221395 0.9386275093997899 0.6878139960258651 0.9736960801647313 0.5192468588278143 0.9283828850688661 0.8109684681823137 0.6338466341152993 0.8981633345831275 0.47583087156233417 0.31779117573522697 0.43627555128211026 0.5098370944269287 0.8400111359124792 0.7305135728718982 0.3805184857134636 0.26450592400056927 0.7731469396670716 0.7624687358444009 0.6110442591636259 0.37715309905461836 0.9305238569010424 0.6794381037952198 0.4259921241713247 0.2739329917792228 0.875122174464535 0.279993657995087 0.556027604173522 0.586122077900692 0.36454506676419707 0.6291270672120098 0.8982105222233976 0.15028509795345257 0.48081287887368707 0.5600222777726064 0.5585637761159398 0.8721921047754685 0.34693481674432625 0.3536218717673809 0.6730306308040818 0.42314348957605363 0.5849663543970783 0.8456176943992684 0.6267901715538386 0.9739666757873039 0.8154788199608799 0.3107026465270306 0.5664185254634733 0.6158406945860544 0.2361915042789301 0.7098749869623773 0.31056887956424906 0.22295885501603718 0.5999321596293885 0.06868454482605024 0.2039079195718907 0.6914586867523035 0.26562708818218705 0.31663641259613695 0.023223498799470166 0.9435207007968676 0.7153939125904787 0.5341321985074198 0.8845484639713481 0.21413642267045419 0.027599282549984783 0.6586008737526379 0.19786081010390455 0.8388205808446911 0.4626619333858558 0.39339368925557816 0.8424696587500049 0.7263445325559025 0.9105052179779569 0.7624253024469895 0.853735383501107 0.26654829104693956 0.21308232673516037 0.7732940632977884 0.6285390971553345 0.8072038995947934 0.9341657582398002 0.6222901757004135 0.3942116792124917 0.6421096006705928 0.9062754318501187 0.060266320642385574 0.6454233459579565 0.8241787927536662 0.12175315369367956 0.4800825223583872 0.6496851249306598 0.8382265615226923 0.14157440005940636 0.06447015628119523 0.03374412914942648 0.9489784732157635 0.3199521056974628 0.0008500702600560128 0.222604010098977 0.00554218161983111 0.6041545105873396 0.8952961857252691 0.4029845278407074 0.8542940394971288 0.6245001501634929 0.24404915502647873 0.6152096884216725 0.17286028769413408 0.6959024775000886 0.42074278044016955 0.32091066996107087 0.5228286592987551 0.481952767990537 0.11031317192283674 0.49510482777917975 0.2817515720008882 0.9223557107108183 0.05072440809574241 0.9688390180225204 0.6730649184298427 0.5043401494309806 0.2596658219968706 0.13506866640697124 0.7563778923898998 0.5370567995523007 0.20197731918774486 0.5292682094228834 0.07507277217919961 0.04545828268987673 0.12175505740242742 0.6333116284049581 0.18912993019686875 0.17891901941875832 0.8015248058522589 0.005744505246564668 0.09452634277150929 0.8513344479827353 0.9239112847821349 0.36161699210052667 0.8488604531743851 0.05075585836156005 0.8531585090423222 0.6519755829235631 0.9461311438455713
0.9944978594664754 0.21728903432779145 0.924270482263105 0.9573259141655057 0.4956068354649793 0.31901213696663355 0.825628029381096 0.6923717653162448 0.6144448023843092 0.1314625578767764 0.4736027970813982 0.6367683822763752 0.10997878393059546 0.8766179914227596 0.5152882396741276 0.9853049420784812 0.7418002812288093 0.7637899340424477 0.20224864984392477 0.1933510912643036 0.1131062821354537 0.4952434219359414 0.8224131418427596 0.37447142276667156 0.8000905862682324 0.15066042985312755 0.5527372873078277 0.7262837344839154 0.49169357038038863 0.3991942698594074 0.4680584519782469 0.5018263450202929 0.3365810160397025 0.4325647457356232 0.5378334239184004 0.4119403266512307 0.11031851231141221 0.1374652795368526 0.6674699366900315 0.555323938337246 0.5012973019399188 0.58919154179365 0.690460322525456 0.7909764098441497 0.8068987881970597 0.16248564660781573 0.7503384093984179 0.02348177626176995 0.9969162988289936 0.44807982093918375 0.9064771483414519 0.42744746958328084 0.2724231648399902 0.3943791806623713 0.9137583010707971 0.2911129042033537 0.9870406865311209 0.45839883221714506 0.1094523557710162 0.2376504932004022 0.9168780326310393 0.5675029309964381 0.21570538873298206 0.1351025756274954 0.9965923244494558 0.7966089965080504 0.6656542924559018 0.8888997188771637 0.6481324253550232 0.8488808383416913 0.4363133946358858 0.07560203675083765 0.23311704112275544 0.3238008943223438 0.5402156907812551 0.9310846193336916 0.560505155959907 0.7560680009641257 0.3066584016129208 0.9015714033454089 0.7628958540191719 0.6384187088002867 0.979110795104607 0.35054399404893133 0.7433153063429353 0.19301237309300256 0.18550512098331673 0.7661371118297176 0.9190254052233604 0.5670914945825267 0.029522754349378122 0.2325067164294493 0.466492222230638 0.0028368263439719765 0.879779409848608 0.9055251374112694 0.5996780074721083 0.6009681703517905 0.5019801740150733 0.7043882401449661 0.8226531487311012 0.12641662736682746 0.356679958580687 0.917735574685288 0.2941227859736806 0.5546590647543714 0.5804276728614066 0.22826236837568092 0.47418812523802323 0.9587995006155938 0.0007985967313737241 0.12173972463007476 0.7457916216504864 0.4072588305343212 0.36378800379932785 0.9845095182689771 0.1320155083279183 0.519144249314292 0.08012826841574405 0.9338128418656255 0.009789287645833977 0.8537317333907809 0.35867660863061346 0.2617875770777923 0.49037054776643985 0.9731317720539955 0.8483575551887068 0.1969740114963061 0.5145067496325986 0.34654745870285053 0.39728928025564436 0.5362404058229961 0.4289401723233648 0.7386548694759298 0.38490690264386807 0.6149667547262861 0.7700753844242471 0.6824320135625758 0.385287909037627 0.6020364636139981 0.766452544607263 0.03982471302051649 0.7554046858223055 0.8280169465733407 0.2511894464287209 0.478686011763644 0.1422228985297691 0.6415517998978527 0.11780033889506636 0.5607022796633523 0.13313662619543043 0.27914604852820446 0.3267382103906482 0.9525472960735396 0.6879697150107129 0.49672429879121893 0.5778192519685723 0.0742210846132908 0.7854652949895304 0.23103981061687096 0.11288341320572837 0.9075322647023693 0.22217530145524966 0.297752071400854 0.3963490889836161 0.15024168163620222 0.8382137545994386 0.18949164733899126 0.18262326604787993 0.9233056118041318 0.31885789491510996 0.840756378657369 0.007650755393056374 0.09956658560768794 0.43164772063489776 0.5168232563232851 0.02369208548295798 0.6481640208935883 0.6333188694980302 0.547607784230232 0.30133568895125273 0.8633514949476446 0.22938331999652284 0.203925328151349 0.577039621975104 0.20952029642592507 0.6057740689762714 0.25138775916752576 0.489656942021339 0.5916748793227218 0.5477516304185607 0.05479369490759556 0.4453864677869006 0.8856580955511886 0.40749474594372104 0.6009226614159399 0.6703388059625328 0.864642202905254 0.9542954232197275 0.18426315839568697
0.39919465747937266 0.7151773788168777 0.8478492772878784 0.49311007202121804 0.0348798524132542 0.3280548183305739 0.6886707360382253 0.4615077986133549 0.654535181114914 0.9576866961768976 0.55782691000825 0.7607684001390522 0.09642254772187409 0.4273775980716744 0.9001186802618704 0.6034172696025737 0.5597873778919226 0.11109939649688616 0.9217673199954282 0.2758634182706614 0.009550753840501303 0.9000324267513868 0.13313153572450975 0.47365203061012073 0.14537174186663504 0.5507277329680851 0.07480217516665633 0.465468031844839 0.6314917448809383 0.9685740034919695 0.027191086315887625 0.6284155322231212 0.051576245062276205 0.5147167518957276 0.7581466088173724 0.1276979810947496 0.47287358649177125 0.7591016146538888 0.084845746955856 0.3472562352679429 0.7468182375216994 0.33733099298486846 0.7191691274498787 0.54509803627789 0.32507482111343045 0.31719743641042264 0.25699062634537106 0.9515897718387885 0.6603948473164201 0.5357228850277306 0.2603568658888158 0.5377966165289276 0.2705626557332408 0.38449068155084587 0.2461831589261202 0.7106432791611274 0.8120692604729239 0.4518788968956843 0.6667868965863025 0.040383580583247314 0.991397806305883 0.12985136597280345 0.6349175389444747 0.19587379341915445 0.7690080892691998 0.79516128869953 0.8392458059884447 0.5393107264572029 0.204016493223387 0.6872213888241863 0.945712342337994 0.08092365647336575 0.5485145033743928 0.04515339634815163 0.7358484473977667 0.3459451288856821 0.2740556493027161 0.3753242782455398 0.7551794367555184 0.5036451482010089 0.5591914058743411 0.6745958718834788 0.33363081905719316 0.4428406662327805 0.5568848511909151 0.19994195708921858 0.32589341770926605 0.9170761462414755 0.8015965654979341 0.6189517328607889 0.19410781032130608 0.3393155090764993 0.4817333294770526 0.2609563604693764 0.5067647441487996 0.9798946847663597 0.684601877153084 0.04368265587527653 0.8994672364442511 0.3606782975355376 0.6775700176609508 0.8038716081464142 0.9875063701909619 0.7810926583239581 0.3615122989584061 0.39700425537498385 0.07627368641707222 0.7894338254862487 0.35110111022544355 0.19460704643706295 0.7139986744797193 0.035616170389159874 0.6872940978240836 0.19056354140500198 0.9198621644215319 0.016830225591219716 0.05821440018912105 0.7469706698565727 0.9887302522492963 0.5985700750067383 0.9033623643955239 0.6345926961610612 0.3647891186230269 0.7675666577075113 0.8744393384086999 0.4034051894489121 0.7166945103223147 0.6759972533338251 0.9410037159254465 0.8460734526930547 0.2942456778713495 0.4158577883078891 0.7846087326085752 0.7015454724695533 0.0831821153570046 0.3987119879738996 0.7429706416932246 0.05008444493634012 0.9692286471686014 0.6896263994749631 0.8491749240043118 0.19311162689564587 0.970244018384676 0.9627033016173909 0.5012256979775613 0.18064484469866493 0.77830446860681 0.8440687510103824 0.5898498248591668 0.91246929494164 0.5803581309265521 0.008213019523767184 0.756910710290683 0.7614969554760964 0.9778671405027598 0.5859669900411328 0.3347315414436304 0.29713206180911567 0.4809163089381685 0.053231374615557825 0.8900883064953433 0.29107645207964705 0.650602449457652 0.5708929689680917 0.7467355250964137 0.4137588324583169 0.4585526347691342 0.14722600936658714 0.5123533347479904 0.8780732668609098 0.26409246324614666 0.6766623193063614 0.4162492813054469 0.3100030383245733 0.8353216274120234 0.9063710406105702 0.7386694565952788 0.3600835859101811 0.30199483522277026 0.8355864138577427 0.8567772098741692 0.44423651850344736 0.19831830311861065 0.3355194418300902 0.6965771908991947 0.3293030555244941 0.7923527273401328 0.9855902340628624 0.7905247010045089 0.8592865197744601 0.0007601130070719053 0.2848825119409498 0.14178538052005296 0.6085570174327678 0.3153632623273068 0.9043602744650394 0.4773708838021804 0.7711270335674252 0.057719677873652286 0.3848664787323328
0.019366301195166913 0.8065575262253138 0.974737224742066 0.210532417545515 0.2958039061387956 0.1569707494651027 0.2403845129197928 0.10378760113108032 0.6805596185029132 0.0807694460122208 0.269462989178625 0.5485742317356802 0.18702658766522728 0.6998075041215556 0.9654881973276246 0.5106121371096172 0.47016188050372243 0.6245953472795287 0.5479275787256646 0.9439294540797695 0.687075837888759 0.8529644426871321 0.827169245811006 0.9096174961542337 0.37129475935027245 0.9215363923869995 0.5679213530241758 0.6022323603482213 0.3706732509751557 0.36010921099412574 0.5771944070844113 0.5219291539227328 0.9362500967585683 0.03897514255890355 0.06467897485195284 0.05996032412759156 0.02665219669482355 0.6579356683680536 0.10119644611514134 0.3039850049912083 0.7317168294300687 0.22855101361613683 0.003959368331910684 0.3084328267234724 0.24937014649631772 0.0840240754103807 0.26359463918722326 0.5923697090299307 0.5057371914257109 0.3070676259675904 0.47464969095759146 0.09737147758923026 0.3774208463184081 0.42519492972862394 0.03688695956370791 0.7398209504754855 0.5982646735061401 0.33971554330096987 0.44780359616687626 0.6801757868807706 0.33395867211595787 0.21966842292052513 0.592001762814064 0.4318552247162325 0.46508264355267637 0.3778173183767002 0.2131348925225356 0.3646795645739339 0.08476623833629882 0.1130928323696202 0.7318376913928576 0.9558095014759269 0.4526754655086539 0.7056012186047067 0.36616173226413073 0.30945496689670904 0.4202578605086157 0.6940557601806705 0.7311091479452589 0.1036638885732788 0.48394943553463776 0.47147037019434546 0.5612894019167942 0.5050260372268008 0.5438354837340064 0.709354029369897 0.9972708959401261 0.7836678378597758 0.37838760802881055 0.4603380443857552 0.6916354498892037 0.030168545087621568 0.013339562070904809 0.49803671023812324 0.5168023368656185 0.9224233736271902 0.6137989365806589 0.43432376257089766 0.5534680443785648 0.2712285521829392 0.3942154253463186 0.7323033145255885 0.9012641085590462 0.3856638286597931 0.17201085660217652 0.5464863994643181 0.6911579867220445 0.6365709463278603 0.196078677318559 0.4790930169457358 0.9240901760718108 0.5869123705840471 0.47827300217935764 0.8479155941709714 0.3032929496634723 0.8114247950720177 0.09101986801706663 0.8233304212350472 0.4338642137537494 0.5219735494766368 0.5388927667744327 0.4038225665483878 0.9323127143418225 0.012958142827449004 0.5002614915613816 0.92180669822176 0.28954035569721304 0.7694011339855245 0.25693840037153737 0.2856988812844282 0.6620722855417968 0.00858040853010078 0.11507525411052721 0.6492770119473835 0.2543059353900726 0.46474171942168807 0.667551843107417 0.5816870123652481 0.6157672201589451 0.2504753448285494 0.8582992966226162 0.6598988804813384 0.18990404457663934 0.44270002845292533 0.4073188874043452 0.5843990751163126 0.07588882652314488 0.010588361774251043 0.18736455788586293 0.2084083719993729 0.9586304640840153 0.6085344369968411 0.24062035561517425 0.9582681094239921 0.6216629559304249 0.5197943037748365 0.9548332355670945 0.7960314998968265 0.37201747476942104 0.2620113565323844 0.2886861398977809 0.253393412188754 0.3646492235122857 0.4022262293884782 0.853837803634042 0.33089386354551487 0.4380022358137644 0.17976273635614204 0.418554708113986 0.9562076642068837 0.3244867758850023 0.3587103883129982 0.23777640128117927 0.09718891114945705 0.11725745348297545 0.02508587120202943 0.39910519851833526 0.6591210467055695 0.7901626789079457 0.3509280106655377 0.350041381523456 0.21075103070367662 0.36651033046826087 0.9530839336560742 0.14091123954477192 0.24450046476685372 0.5569699280622102 0.9658808379259552 0.1979265071202031 0.22194831748689137 0.5520174175757943 0.726365647098037 0.5066666443226682 0.4230494634234393 0.8357163653769024 0.717666047694184 0.9133374657233484 0.762298947557711 0.05275289628014512 0.08186510161578342
0.8818689084953495 0.9251756247731927 0.701439153890432 0.2579561837182558 0.08159680126806101 0.06581903516157817 0.957216179341719 0.32877980184810196 0.9879855081668667 0.6046243116482946 0.8904007367661617 0.05754341777947469 0.695876707391947 0.9100064943901501 0.23391930968776664 0.14453752203850712 0.20488520355085937 0.0008037671457570283 0.4093382646022953 0.8344861980291253 0.43834961397481864 0.8990499862302983 0.661847272900121 0.6478551358972315 0.43833842492415276 0.8804345563964069 0.0839212181891672 0.910434974998907 0.012787913440375775 0.5872265712714181 0.1758877052526896 0.7308028369957513 0.029331415838161345 0.6412572744457744 0.6961995978110025 0.20872480594781073 0.18460248295015314 0.8545817343514298 0.6638207255250881 0.37429232137134294 0.13969107952086213 0.44465586403078294 0.06953593125044555 0.9454164778465453 0.11562812759551766 0.6362153945229495 0.40405253770313054 0.6902620730262383 0.893976033766678 0.8873383663951726 0.251784035505089 0.5427884067299538 0.5289212593365519 0.3880439155090005 0.34061423070671815 0.9253938961591321 0.13759937826122248 0.345640571039456 0.14855171679061807 0.5736082684886111 0.7151494678043036 0.7786206143091262 0.9706815528347684 0.22413170277030203 0.8250883925631176 0.6925084054810928 0.7623838764696514 0.402050616802052 0.9779559257609524 0.7967042877687218 0.2928174834159355 0.06527771249712921 0.08588591942598911 0.7720550727840041 0.5954400449588225 0.11487885496574801 0.3087679530460953 0.1325405072249688 0.40941641304819876 0.47196699333561953 0.12473257997073739 0.5123415432722673 0.8321393928890569 0.9934348233142818 0.1201999205628973 0.15028169190281604 0.038497289126051215 0.4355106549925062 0.12751830240839046 0.9776672931548688 0.5776687686116802 0.33478844746107483 0.423892749817818 0.6008599624749124 0.6571408053256527 0.22842911561889823 0.1925633014545124 0.13300576527523011 0.8317919729912373 0.4005250018124238 0.9965126074867223 0.09548693189223578 0.5745745907598545 0.15915335847249756 0.7079188635856565 0.2850199217543008 0.13114514821403522 0.007006650150281124 0.46882024588795723 0.8454344238490282 0.532143536108535 0.534874850055053 0.25611829304935896 0.23250180184336677 0.7448544695165641 0.3761232036648927 0.054246901523112956 0.23398205583091447 0.5812080986883017 0.6048778379931168 0.4570437062573015 0.5260050778465529 0.7120211311757573 0.6685016354617812 0.34186525609757235 0.19795204741449945 0.1472592043434513 0.39622828735834215 0.24794921990609653 0.6952757928355744 0.23868627372405227 0.031564983632904164 0.9916301890966873 0.9665220812943991 0.25618200104157396 0.32243342326112945 0.40142474416444796 0.7027465802704083 0.6407865816188524 0.7157151223407361 0.30851644736944606 0.40557559889190453 0.18796486962260572 0.6566357823223096 0.897502984769044 0.9695091379000482 0.6441403171274623 0.4299314996232696 0.8463491853314918 0.5601341860971053 0.7243762937443355 0.27716393047303556 0.7168580184761691 0.7495855458637132 0.621767469303995 0.4602496514872858 0.8105385949010048 0.2983969045784892 0.9756198380039803 0.38693985586371316 0.030392201620540682 0.0025660632279764783 0.8889297107191116 0.1818657733758775 0.5423665014527721 0.9908815960094298 0.1546103234123053 0.8156579191908996 0.7367309649734436 0.19299889589837937 0.16499901336938627 0.5615767687369311 0.16416696025965483 0.5543228239824104 0.866708695550203 0.9983582984791033 0.030881100164931508 0.9042313006221353 0.8330905090402866 0.473475931369328 0.28481547185371225 0.9873890445595698 0.06851657509369691 0.8794227240609078 0.9091140977819082 0.5998228550051317 0.9210146859736621 0.18766078774752992 0.4380404066115626 0.32581672898408165 0.8113689057917878 0.9094210033956194 0.8671865953473066 0.6000083250555655 0.6483412987633403 0.9382569698609559 0.009795885117637959 0.8050708945313662 0.014881853174626203 0.1383342483774378
0.2323010956785383 0.671632939403825 0.03457419061903 0.5127892086412785 0.28600261922824854 0.28345261763535257 0.9278573941085465 0.8035584238469596 0.5890182418734692 0.9359654303106762 0.8081311363993762 0.5171645681191501 0.6514347469244368 0.9566617044341227 0.8823941110159539 0.2668790197552555 0.4604196280287206 0.4007766593665406 0.08567808151437839 0.7775214755220806 0.8318646390934599 0.8780164075369298 0.3456569278728888 0.8367736407071928 0.938727841902649 0.3154036075501774 0.32830549252852925 0.5236289454730181 0.9872681767006104 0.35595343425789605 0.024360547016990863 0.2537749551946358 0.8960424798170006 0.9192793685312156 0.40242121408668385 0.036166944970781656 0.05272562713421236 0.9609463804136188 0.7744853193525604 0.1339315085827083 0.9033490173512378 0.033943867645591874 0.9325939070279068 0.08872468755940977 0.4877489875249684 0.07333779099271553 0.8618465641392332 0.1274559293872115 0.18291643017005987 0.7490666293618333 0.8020201102787723 0.7415249613025396 0.08572438692552298 0.831345054984967 0.1484240001692052 0.5599168647026576 0.7767124436034886 0.5386645730136229 0.5287257240833605 0.22136875865660344 0.9580115129560176 0.8541742641900189 0.7618169126426365 0.5624604982586071 0.4313533971219037 0.36329008019182196 0.8755584081723908 0.9710195711124732 0.41559363278739714 0.6728268912883196 0.39195220270900577 0.3087215602450656 0.46763039035799137 0.4537165631253852 0.3807785476307517 0.6535908526028418 0.023430727529146766 0.2739389786786698 0.22190010703247487 0.16434814241217566 0.1186117343687223 0.41883998089864594 0.8875377977022936 0.8569086855624988 0.4742107042518775 0.6926761574763312 0.041277639107287656 0.04596384017950761 0.328974767895307 0.9799034621037822 0.5939232638203406 0.5197249623069838 0.5504052826318574 0.5411725772576179 0.7751034668433046 0.6274534354419703 0.43912366904908784 0.9078681204504057 0.5096681877320443 0.7471927811431776 0.5008039168454056 0.21087216831269517 0.2557919439507883 0.3773800554102932 0.8673439748747425 0.8178103751378255 0.6582667204862881 0.2810285825907043 0.6719598527935713 0.7903429366677803 0.5356764232325112 0.3038213249889138 0.9446913166555286 0.11964293536297799 0.8544428504236027 0.46419790446330167 0.8047168877419555 0.9863208418341619 0.6884974792564107 0.41929932598010755 0.5354203103920927 0.25730633064269115 0.5468024991048133 0.20210446475633992 0.9409475892293275 0.022532123255959435 0.9994814884263469 0.45853914921780636 0.9815465970193241 0.1263519822294894 0.4124000533468951 0.6473249447479704 0.4446126891417148 0.6289204147504656 0.10350715462794502 0.7244644924214367 0.9794051820207613 0.5396357633026028 0.017071816720232946 0.5043808010942372 0.6810462687313591 0.008986527850379566 0.603794489611298 0.21588330169621606 0.28561179234656675 0.03361208211620992 0.08848863314875477 0.5299223952894189 0.36575479408063605 0.11768681712194451 0.7815884599588547 0.05776261436168917 0.6558270365670369 0.9421556640703288 0.545123036637605 0.5923176064051405 0.26862705810929344 0.9949787282763982 0.7936389651854798 0.3682953122974775 0.8887051424166063 0.527921213967898 0.3561346284280701 0.6004570607414932 0.3270183205332984 0.8259909807725875 0.5308757837004285 0.7380499026547876 0.873307103201941 0.04649782542099812 0.04243619121387454 0.35393023259466994 0.49388306059016684 0.25540995354305507 0.10077598553821088 0.22714749611256502 0.6315945512333321 0.4200853666874321 0.49081601290475896 0.5058736206067028 0.7781696633635072 0.3613211992242825 0.7417403521028172 0.038757229082426514 0.22706761771845962 0.7042594903369711 0.9900987845736897 0.6216302659663969 0.42344128747486165 0.2573457093846965 0.2780449055268822 0.7668297470243441 0.3341720997035402 0.6522982183776905 0.13063323400813032 0.5179128323692018 0.5914505108849789 0.43387374149118674 0.08958028126338613 0.5245017994250918
0.5794803608839484 0.6866225891645664 0.8174571938191251 0.14896756407084488 0.284612351432437 0.7118073297310622 0.9601238848307135 0.295182832886452 0.04448689618296009 0.03800148315311891 0.7180815540266566 0.3178772685816963 0.6259637685709819 0.7940434791322528 0.18696654605222784 0.7766614591746996 0.4242957182392846 0.6185140664712143 0.3729809838677529 0.27724029704443875 0.2831607635128177 0.331961624460699 0.39564684075356804 0.24881630383444908 0.8441446431475826 0.10907041444018295 0.37645895786408423 0.2779920447321309 0.8782577345879296 0.3923588226908843 0.998334222239677 0.9953010764669967 0.7883750598725024 0.16866068382915156 0.532577696665647 0.23798295385733703 0.09527468364713465 0.6843823980916959 0.9925721489662466 0.5778849403535484 0.8999229502918387 0.023045409991150012 0.6629347354934457 0.5288538449348988 0.4166600213483249 0.7429352176475724 0.8841407380896428 0.6240625554095764 0.05583869887543691 0.630453078867207 0.7177493534216925 0.19577814431812968 0.3053398851256899 0.8064030450715712 0.7721307184428432 0.1937665818492178 0.7632096155856372 0.9526011932972386 0.795165165180145 0.832567434937394 0.22663606316471507 0.68496209689501 0.4810265933454705 0.1326274528407556 0.011626466651433742 0.3434798237755815 0.28843470612931976 0.679390985165186 0.6387297592794094 0.55218902042778 0.010120678595931576 0.47593923379353176 0.028343003375678077 0.4753828988731087 0.4994685379828412 0.39443927126471157 0.5855896321322761 0.27103860600952445 0.6376034680868278 0.0019400584578884716 0.5141134474780618 0.9901183266014559 0.9002716437710664 0.25674157547993526 0.7002281179085408 0.10413724933094892 0.2923905722769784 0.4723312744854623 0.8361751426192161 0.6259525470235857 0.9376610976849088 0.8618324151719905 0.6734657329514969 0.6985383032365954 0.29066385047061627 0.9115186950047943 0.4790931729771044 0.3683446795657711 0.3348107570066595 0.2284383218091911 0.8421912545590963 0.6993973253772371 0.861862800500686 0.5626562826762036 0.3186508628359981 0.2631113418207287 0.3131200192840984 0.46701699021908394 0.27868274319737263 0.15102906498931423 0.32198237131555985 0.661127113267766 0.8739787450601231 0.46871025283847956 0.74472004705955 0.09837621320630319 0.8986965691740078 0.002323002771089877 0.8682111366048109 0.39685827330404466 0.8703900291405999 0.18250052356486146 0.4242617070344571 0.9210791514290102 0.6736125183509573 0.6098380095435564 0.5961110626316155 0.5049110361000221 0.2863096037990238 0.32481204189209556 0.7435156577177965 0.7191214030167978 0.9644239450508362 0.9444370675292189 0.9427511108988955 0.8907244622769954 0.256953491347111 0.6235910858785719 0.6948228673300345 0.8904626472702452 0.31212252499496373 0.4122594170294188 0.6047076270994735 0.778698220789261 0.2729353515343258 0.9963356235247528 0.9594728623455329 0.12489244675741551 0.9030051707776787 0.512820516094668 0.6516936147818813 0.6347694417217882 0.8810024530531119 0.8393384375889726 0.690553768825561 0.1588210062484462 0.10588638771987613 0.6014354680371455 0.871434785278094 0.2928480498418685 0.48138952371125143 0.46056377529279025 0.6107342149243448 0.21050294253379487 0.025079996653491143 0.3962020748623942 0.5981215454242308 0.043646761698560854 0.9858254941425467 0.9188821812847715 0.6983139999903394 0.11489202120613873 0.35848733090941565 0.9047804099258283 0.846562948014844 0.2183307932698637 0.4611622011969927 0.08567571139852359 0.09210653574105254 0.4687971429013795 0.22134414161573512 0.29611935373780573 0.6359355897548191 0.5767798446708472 0.20331594783839813 0.02147519476265214 0.12342139221143922 0.14260265276978878 0.9479565642158903 0.9105758143654059 0.6307214014999191 0.5369730866687847 0.8141784235752604 0.5024759583760094 0.369074087587997 0.6902906166769225 0.0026936105112852493 0.09652542756813975 0.6219484184467758 0.19241281894295437
0.23547114000702796 0.4657881864369704 0.8604239116387865 0.14989609508919188 0.3815210551260181 0.4845426928876949 0.4951261840565777 0.5895430178422778 0.9743464717122522 0.0886989545271818 0.5177258627998634 0.9458027146637402 0.1360137680104584 0.5555384327744789 0.748034778526347 0.9118024835214702 0.0736086777828342 0.16579158896592672 0.3412537262227262 0.33961214602103784 0.12740543836702023 0.9370237469054826 0.4176836400706313 0.9056785356015145 0.6908454420738405 0.05918894360281601 0.8005738069444774 0.09482685182311446 0.6172640576137366 0.05470546569536494 0.17166147864443349 0.295920507693078 0.5120196811099597 0.044495523926572966 0.010269350555396128 0.5122977397764268 0.41574465415092665 0.22850509793708285 0.21890616604108581 0.22247435719175934 0.18220819004143385 0.8373053861921378 0.30191534501888617 0.008217515736703818 0.22094018921219716 0.1262715227449338 0.326730147603321 0.27828616797964556 0.9095895923013441 0.040389122977327885 0.9693959852396885 0.8700034936348643 0.8846543029500215 0.3200678927371977 0.5306114874890179 0.013599604819443 0.7686859409506204 0.03676096856371336 0.4218719907754478 0.07843528558842472 0.03120790456870537 0.378417699094188 0.07503979395849025 0.14766404966787738 0.9672326537872361 0.3418656725806638 0.16015283893462062 0.07181626989129075 0.5587600288315804 0.3901149164608706 0.5234320585172256 0.21907594660214058 0.5849178538898765 0.885626289623453 0.5602507274139717 0.35560925911834196 0.7591503445342945 0.08327267736004063 0.13202200819939414 0.4744678475343793 0.9415328291619495 0.8299486033374943 0.7038945360363961 0.24229516607502632 0.24283521332321345 0.20361583606064404 0.14336005345270286 0.3110648635454857 0.023419804436479286 0.27329091481326184 0.9497762588587307 0.2367846656345759 0.3729967057352306 0.17506181707688417 0.9829425065925489 0.794803223709115 0.4420382163707358 0.9007692738642608 0.7264322037683633 0.8908593089488286 0.6176843500660669 0.5402029874572136 0.45950828981045555 0.1543276093643522 0.7056700752331017 0.34630730692607137 0.0792863063194853 0.6242620406941969 0.2985525503989833 0.016493016173871555 0.2346415950073616 0.5586229495302694 0.16982892189173815 0.7240828355776404 0.6232563330279606 0.34365414349524004 0.21876144168300993 0.5862584235757109 0.7346856539285526 0.15588536217708548 0.46998462530426344 0.3221799461439193 0.587386449476004 0.16596253962969376 0.20442902730748114 0.63267161794747 0.38560788919659994 0.6919304410087203 0.961164480767125 0.28508844186674986 0.34033677603807977 0.8233772291836741 0.9790219988127022 0.5432611571532469 0.08023245110650978 0.341582344685757 0.9011535020293672 0.4980784003509201 0.7166983697521189 0.8262687721285715 0.9905292428664931 0.41673075111271807 0.8422208374714674 0.4526813873551748 0.9805115741696563 0.3445806855139907 0.6989726082701734 0.21396034411103515 0.08300636913827741 0.889066931096375 0.46346635809249137 0.2797711880977356 0.3571376284080261 0.8954979615497767 0.09463582143906213 0.1269968023624417 0.30424653223128717 0.6939257961439584 0.3115215004772177 0.36253260755697725 0.26168614615872077 0.41687388828333993 0.023913113422925902 0.07879819607287974 0.12494517522133797 0.5659357108529006 0.18240238513486273 0.9974948244304207 0.5202303384046352 0.2938190130645313 0.6973255461289961 0.3266531529499619 0.3875062629638657 0.5081088653206289 0.13789959747529124 0.11984183067037968 0.5411813823302923 0.9470251944085992 0.3496224104990099 0.8074521634816112 0.3900323526982983 0.8521611473949509 0.6038836736396963 0.8893366280255245 0.7774007931978367 0.5426018292500318 0.6792796410171748 0.024627022703504253 0.7786008625271944 0.6527631767768253 0.361235401974363 0.9732187680013318 0.37638844761619905 0.8459195673913837 0.022245409359213486 0.22039069925784183 0.2804783729238741 0.8325939000068232 0.8951411613040899 0.4746571493189663
0.7671028474187993 0.24687550162203054 0.23691129821491852 0.10741442485729757 0.9738624286295837 0.7999263881153971 0.025485861012873867 0.64990682373211 0.5396983389388965 0.887134780646323 0.9457799308704428 0.3943945887756365 0.11575420467043229 0.8853354448844477 0.8822292109388213 0.9643918975256225 0.0777710628004964 0.0932982277613853 0.11914870236683328 0.14667122150507395 0.7183437312652827 0.30515935812625383 0.3355396638526278 0.566978349295876 0.5740251476105904 0.4994022906167588 0.6309287207692422 0.9408148153473156 0.919529973836224 0.1305940020379166 0.7353660308665204 0.2062183381736431 0.9251799436362373 0.8147011344704493 0.7229040149147953 0.9989563302848071 0.2875828378225629 0.862969616396535 0.6901000657752024 0.8267231575492886 0.7950337017838668 0.24491043286844139 0.03290406862551498 0.8522401897313084 0.5387503699875396 0.9102501348981755 0.6764838173481807 0.3079903154828003 0.05378573513681317 0.7334755295804934 0.32366624550474443 0.2839806077505498 0.8722739344783846 0.42617824142752325 0.616212846727209 0.37233691556077475 0.9198017523257114 0.32751262413567517 0.19758163701553622 0.5794283803454818 0.32232589145700186 0.6000184909431541 0.32213316867150743 0.08022321630166096 0.5951352143657699 0.0945152946120501 0.6746991210599954 0.27201682703123986 0.1272371565920507 0.5353893094486626 0.8249451197134301 0.3946172033922585 0.20117847169594671 0.3424733713006066 0.19828655283768382 0.08372388594811597 0.5329708401829323 0.3991044460699025 0.23365507982378864 0.8564502594686595 0.46915193523354515 0.027208771626703765 0.8510484934361158 0.8727384372068951 0.8595174767908674 0.76678075630184 0.4835591682865997 0.8666232777372043 0.8220589198925403 0.7110989246698317 0.6723875855832085 0.3233471814387474 0.8111717852643596 0.9112717514887833 0.7405849812043828 0.05208833936302337 0.9084860739379749 0.11855194242854794 0.10257644163787705 0.6878101108162344 0.9146321157478657 0.5084612796521578 0.9359620147798339 0.24466501809189256 0.03690511985058875 0.6975166308139906 0.71489504139353 0.15064699879596521 0.3100468287488958 0.9152549535243928 0.6103585410663142 0.3938422158017296 0.28869038242828926 0.5805488777054223 0.07177125612620128 0.4602395652659662 0.08179839472026629 0.33699412272960116 0.3261493625944565 0.7389645400196255 0.4061053615396345 0.13911124491995963 0.595348302100166 0.20031510689211318 0.5861314104617223 0.6314372628620187 0.4626712073636836 0.6473176886977132 0.7492514632659376 0.4031683031183726 0.520048849112039 0.012494527403020483 0.09918438191693235 0.26134506231792554 0.7214351301780388 0.0850518924583884 0.7891984758675583 0.2687761698876596 0.5777066346325449 0.2685969368512018 0.4332113294115876 0.9251397847792691 0.9770477534819034 0.38999156642956223 0.08183673869872532 0.16889084769824447 0.5416700176933977 0.4937605020087068 0.9298475149890134 0.029976262596645764 0.11918214243818781 0.9305747274499266 0.8247297682926008 0.5284436280868273 0.8584449369642873 0.4956093670566524 0.2858718457997791 0.8089969602434461 0.7118212247016569 0.3524667548527738 0.08645134384849607 0.6135348169187146 0.17257514226875648 0.6072259185204443 0.09542052332662576 0.593914976276387 0.9742821473969177 0.6840282140626832 0.5071045988165539 0.2866356561913056 0.46061016904912166 0.9712264922900595 0.6508962230605231 0.6490229029132947 0.02709921396668613 0.6471411978476365 0.6974130681921281 0.8936541273141313 0.166115681146921 0.4103617645379729 0.20723493219843192 0.5471846110009675 0.7874494396268179 0.19776231666437316 0.637412219179195 0.013202054408707586 0.9775981942162509 0.7503318024070886 0.09001457882383068 0.0209184250768103 0.6633086054145779 0.12611609414698643 0.848986078720361 0.16791457687874423 0.5806094379971842 0.2615071129633836 0.5058856088095689 0.32246044130425355 0.2627533001069593 0.9726048685216625
0.7191401287872743 0.4017509943335582 0.41515745245108815 0.4627295613908684 0.9460832410453218 0.18405743526079776 0.8820533914790099 0.49410612698548695 0.549600863652842 0.06585666358505793 0.824776688977321 0.038274898533799506 0.7098152343589611 0.023312395943699382 0.49501566115765483 0.4061527130242579 0.7143730900797496 0.6385093265007024 0.6064823639151883 0.2587605763826284 0.2885300276281968 0.28569837848547575 0.51987168770382 0.9896277315305373 0.33586342103020816 0.8335242027667477 0.9424737218386282 0.8756461666436518 0.40558533570341404 0.9774953726600429 0.9469180398088488 0.0027615701501806367 0.5367764970608538 0.23500003812180215 0.6362847228499424 0.5831942423160147 0.4718198919740205 0.6250720220138059 0.5120652347593319 0.23820441529751102 0.13293935267389367 0.26263901062575523 0.255544505043407 0.10782414601257795 0.9213186829112107 0.9648931963892188 0.5932596827543486 0.8844215549696949 0.754937135020507 0.2806177892963623 0.6934346847202844 0.8408751617806806 0.24374619909632678 0.7170507479461979 0.8675366411604188 0.2523783133163636 0.041069490629814465 0.005246614122294768 0.859555373224115 0.057419648078724794 0.6042692793784308 0.09080139884730343 0.34344700106636505 0.2590799476457216 0.054282019085700184 0.735888035378836 0.7377244279729658 0.3489680739024009 0.6094341242811739 0.3010319243502485 0.21479279706991428 0.4762023325527919 0.9014729495036021 0.9453857167781953 0.88795346755262 0.09394474823492571 0.12875233177713086 0.47816616560694025 0.8717840767409667 0.7881994930835347 0.710903405942395 0.3537022933316002 0.011366559791419317 0.13617959112096678 0.6860138420251013 0.8733961735049424 0.10964497894464253 0.44698832050204507 0.9851990480276793 0.5222893492976824 0.5493753504973824 0.32118744043972447 0.2551141802619741 0.7322503367779097 0.5607422346137872 0.23737753034246145 0.5879133557775187 0.3281091133177151 0.8295857729502363 0.972084855861833 0.14084552325362087 0.9175666579182706 0.07183447659169462 0.9006334104714128 0.40990013361038546 0.8042748240751972 0.8962510065659229 0.7951268833847019 0.6517017508995875 0.12488837058506796 0.6696841336216699 0.2970443092433429 0.12315769045165426 0.23288655627413868 0.7199954334120618 0.6213861607528453 0.3092374536576552 0.9450940356745796 0.5943199552945687 0.7730770019604627 0.24241445618027624 0.9153691370707012 0.3915410324110077 0.31413316992810736 0.2122768999272885 0.9064614324574292 0.03246518717751168 0.28141250958944264 0.04723233331630339 0.1899700856024128 0.21910569856472006 0.675591731792423 0.5763596186287787 0.02200146833854677 0.3805757269508294 0.3254383816002383 0.35591894767707444 0.5221411839985683 0.7107391214904171 0.004542444261554146 0.3731063778761091 0.9123453074029556 0.07101665940038548 0.701087312701669 0.25036964692911323 0.19064416932941208 0.8961853033604933 0.31349905091833064 0.6774578389792906 0.8467183481257897 0.4128912516776243 0.2589748456199663 0.9415658829242605 0.28083204083160906 0.23905922376856847 0.6717337405554862 0.604366965396014 0.4878099503840455 0.8046229587714897 0.10498209730465591 0.638844307001968 0.18302810133416048 0.2325691150281679 0.5732062352352599 0.1866636947476985 0.3961905598646803 0.3204140547649533 0.9776436106381869 0.6370967816744608 0.673343737004126 0.8186323385215613 0.11501470655178869 0.34988750387024525 0.9139586529856101 0.2947899812953191 0.23657293869375084 0.4950023178725228 0.9139677032073142 0.6860603555330282 0.702277392140383 0.5123013701460769 0.6927964338830068 0.700991210532611 0.989999305482606 0.0705679025098137 0.04689595607200292 0.25030767602382875 0.7510222602987275 0.3793508598766925 0.785325457804449 0.85203481204448 0.17652714366393374 0.8141730580619998 0.8829914045442147 0.24246865010811824 0.6011958878806295 0.18250406525726914 0.2322703193870982 0.5477438772143468 0.08295745857360282
0.9691071520055752 0.6554045604350596 0.8217749239689793 0.9667957241231248 0.8887561118110213 0.3070515609930715 0.11823286379374764 0.8803375668119295 0.4395162443610523 0.6431684632488844 0.3008305414294751 0.8512595631920935 0.9343128163936801 0.3611373179181192 0.5257562839074796 0.43861480547610765 0.3207847858468975 0.5051715036529651 0.23549829874406347 0.5579577650236868 0.6601509747858255 0.24344088185105617 0.47158463817492724 0.013583425760958057 0.06277759017523077 0.745008329613625 0.5996977947003268 0.3959033831930754 0.5531295185389196 0.32085612529833296 0.5203554338561593 0.731275675158154 0.5477212513864584 0.8476170281827564 0.5430162879584932 0.34766290678809564 0.025299582623655392 0.7688908282316956 0.6440916437741079 0.5649059816161316 0.8884004450109454 0.5330235786466845 0.7680415021940378 0.9186447104102636 0.5679122275244693 0.6014427186504201 0.6989539326243698 0.18575847942436186 0.08345077730889972 0.1321969828892634 0.938591842510746 0.2915942185092316 0.8695391914536035 0.5702585003773878 0.4020405700766252 0.5798592597920984 0.8258765067752806 0.5001250144332093 0.6084923391168956 0.8159446220438271 0.648178246463961 0.9481431820710358 0.24612559756204555 0.875108240893401 0.13644783753822787 0.6469339177431128 0.33807466096636174 0.09724416222866306 0.0776978000646743 0.03042937303606541 0.7037584499602533 0.3337412077767675 0.05157343443968232 0.8136527557784338 0.8616694054450517 0.579489611585691 0.727169988726163 0.45805838354277173 0.3234558031937733 0.8023322182066532 0.566343462664862 0.5034035618176842 0.8053236033462389 0.5834035435216023 0.35975597457156894 0.04106598560518404 0.9670522143799735 0.45214071462713 0.3920626176366995 0.8816861076650394 0.15467743979695325 0.6216961189553468 0.11027041640911128 0.5448827452895956 0.04207552490006072 0.30965668626023857 0.09177709769123843 0.4840775782262736 0.7116754224873971 0.9187091440533128 0.4148242212311204 0.8194578073003189 0.7673014205654158 0.5063748287947869 0.5731407178680408 0.1742258640422436 0.2731302371692963 0.815964298057746 0.5570390691063113 0.6279004640943721 0.7005421990336227 0.521036528510256 0.28905913111406223 0.40731584890938877 0.5208756225523249 0.9658660156629302 0.5529893406236377 0.7236303117520726 0.4113128406957264 0.6893278606725565 0.06296220009309084 0.7809835236385578 0.9954091041587984 0.14132881427874022 0.9963372263193674 0.938093337161734 0.24672571002014765 0.8205866984473309 0.6530877066755394 0.6294518451884706 0.8801084513436274 0.6307054082293179 0.4007019043247092 0.20318632886842003 0.36138730288524656 0.9522758815255149 0.12779970817824937 0.8099824470927772 0.17209240566740103 0.8441775050951769 0.10381903560391148 0.6486903520590735 0.21815902642498297 0.6571791302635276 0.7940962365401064 0.8319117496450212 0.17197826188695864 0.33322159264655093 0.842590486722095 0.9546730238785243 0.23503199457627233 0.9861806541815505 0.16959401473660063 0.15475716928696914 0.8688500008572738 0.8256303287202758 0.8774618383155194 0.07383850151991922 0.032646876351446585 0.4849896368659833 0.603039229039979 0.3741691800136281 0.5114304324288249 0.9239751441340109 0.08289783065828138 0.8231583655481909 0.28573793142516635 0.8886814119256005 0.18217191589317505 0.89291246777065 0.41402532572221273 0.6419672792582667 0.8929520277746034 0.7092857399696422 0.2856089664892578 0.18989722631992756 0.48227503222140156 0.43853725310061686 0.7801472847692903 0.5321564331402682 0.44856272651088935 0.34238838946585715 0.8440722221461715 0.3547785599380765 0.048115747628973415 0.8454746885358593 0.7900911897078903 0.615971933662182 0.04278038111323701 0.314545260194533 0.05939441343498297 0.8885481723673163 0.5113675446619909 0.5962286839879963 0.052293461301409216 0.005398676916637646 0.36595353944026066 0.3428963155601875 0.09857045428418709 0.12292219155104145
0.6784127570881816 0.4192574246633779 0.8312333511745712 0.642369971838911 0.7077299101082556 0.25470154503469167 0.9326255921012685 0.3355059404174068 0.5512874938350915 0.3961909356543679 0.43633792861108966 0.7621126650071111 0.29724583288832684 0.5278312395074668 0.021854013774803338 0.8985782398549418 0.6458034458843398 0.1596056367785269 0.3590434459821399 0.9983428215651965 0.7967005696584033 0.6937929424250789 0.45365925462849277 0.8360720831889513 0.7822755492094634 0.1545495228363054 0.43272419193389733 0.16803811046327688 0.21064151228004802 0.6118715820931856 0.5021956210755232 0.2666633641196604 0.11885315397211371 0.7205174356575869 0.90110874754691 0.36117524283738645 0.6395132890345105 0.9969587421688243 0.05706898053237208 0.17481343930931492 0.9194073625164653 0.871144131939899 0.06471787201721091 0.47409346945672937 0.36575518190828615 0.252878561191609 0.06840414040174791 0.5990318968692442 0.17730896356986925 0.7301984646039783 0.8302842734571493 0.9885411083192039 0.6601703113299601 0.7008546308212158 0.9518844686919075 0.041051992562557316 0.4876780031190906 0.37946689393421085 0.7301417021371962 0.3494891158932635 0.5651131033194509 0.4604681053623658 0.5986634717274101 0.4470878458204002 0.42038345294507895 0.887359343499459 0.9274284503112888 0.8596964888194265 0.22327989885827892 0.8281863553041187 0.5174424533903853 0.8607457672491348 0.7020338040506502 0.17373593049560254 0.13555902150910193 0.5513413486666294 0.6960353327793336 0.9924897188922437 0.3618451465542869 0.3096236133760141 0.8439727682825426 0.22169878010626287 0.2727410048219687 0.24543596268389622 0.7583478705723794 0.687022658271717 0.3729277577969089 0.36222491419469205 0.05876104567544138 0.6019807572836214 0.16552495325816563 0.6527588630769499 0.4894689140942755 0.6213806607043921 0.37252126915348815 0.8309006100220482 0.6372529929856869 0.2365699140914187 0.26993117413239565 0.9030645663691199 0.08432099485321698 0.6981581085967965 0.046414101247601036 0.07583880898722606 0.13886728732366282 0.6447652105777718 0.5396358069824376 0.8430473065140872 0.009118700319680317 0.8837935907520753 0.4377686184656441 0.18250864530653033 0.0850435415470967 0.015727100632829227 0.27290738165252526 0.03926649618619893 0.2769516657999217 0.6279516288365257 0.35025308489634477 0.9175096860911326 0.34407168698834023 0.36640002344451794 0.9290599293871724 0.800731821556883 0.1841467702358872 0.29096189129447925 0.8138026370045157 0.3489393449024223 0.28181091864380814 0.3880713411321779 0.398831309094122 0.26591741995786944 0.9103193769147117 0.8089323178435284 0.7044671024955658 0.4866716738013527 0.4297691701042068 0.5291917937474419 0.6207651116183329 0.028955464986190615 0.23554400581500512 0.739290543877656 0.8571548718994855 0.05421673118502601 0.18028641252149402 0.9708176219414854 0.3099602613686214 0.9230433931040153 0.891886422735779 0.07109771724626257 0.7009492273176584 0.8471615014060717 0.5647574199995157 0.6336807437431873 0.2393596487673132 0.830541046564601 0.47598331125321325 0.007664754269401941 0.1425546202274306 0.34493296718195054 0.8961155448052577 0.956447493633255 0.7973512395821257 0.8100263893164737 0.9623908791370641 0.6378244878891408 0.003416464176279499 0.013319023139156783 0.35043307308058647 0.6679897128344889 0.5460886543503691 0.6037852864137107 0.9132517175341047 0.2466234863991269 0.8688761755289276 0.3526787915226369 0.4272247340472195 0.0009666903648389846 0.9671287916028549 0.7955023108596769 0.9907243401859894 0.5118960251974415 0.9894571505760201 0.6052430562019204 0.33607722697638476 0.484618815283433 0.27762019601514054 0.758556602132504 0.0677449828528609 0.24368742843158842 0.2878613229971252 0.0695829669011665 0.8855724491485139 0.912472270693135 0.3943538270285132 0.3833558269844559 0.6067314102281665 0.17459857848845162 0.29273665599647736 0.4697079301646685
0.3094195991041041 0.5300441935730732 0.03607185913684596 0.17551303387406314 0.23022685418106725 0.4637648545846845 0.7348677627362828 0.843337845514885 0.8198467689805582 0.2847343728065418 0.18945911065133658 0.43814612955561894 0.37991757453950936 0.059984377934007016 0.16819606984642588 0.728471247441372 0.9850219173635609 0.1343779251088394 0.05521422265046805 0.5123385550242656 0.12176388507069746 0.49385833132734536 0.6602341415581022 0.9533309244447016 0.7782197996814842 0.9072411580211857 0.050534370494615954 0.09747891980384649 0.08342210222253521 0.671415505666429 0.7178594917228794 0.8974975742502477 0.37594454385142007 0.19424613151154702 0.8060804894791128 0.7501105061664206 0.42183252023603857 0.4666650035626345 0.42128068450214773 0.1486894389419079 0.9814093590628796 0.5071796639968108 0.36662061967645965 0.10308061027029414 0.3970844550389484 0.6882842306398517 0.891364510341543 0.9768541635161043 0.042704120038971394 0.6080378125120006 0.35023716230241986 0.8529496225448092 0.7234251494364424 0.928687427094611 0.27518663347193684 0.5448063638261306 0.3247342703347268 0.590744474677272 0.7483312953358079 0.9700662418995397 0.7427810076486527 0.03838047715336701 0.017990686063698358 0.6126320323894147 0.18404808871844947 0.5999633264415246 0.7800356148882763 0.4834680486880165 0.8456512571313173 0.7468236397174218 0.19372466055978377 0.7436925050368914 0.9264164492611507 0.9093878023007019 0.21594524782426094 0.37154454438892104 0.3464703954792713 0.20762387681988448 0.8779829272264085 0.5067456254734581 0.6815844443792426 0.2724645322429329 0.39495743373681025 0.6314054805327283 0.47506140010099907 0.47387504671397906 0.8341699374953956 0.5683759915459207 0.44312544784897123 0.6988672388757425 0.8206221385325544 0.9163463155991819 0.25210194147877774 0.9695369927392025 0.186216912684673 0.5620046159209752 0.43936971029653527 0.6408492572436952 0.8573135880870124 0.46400664361347377 0.9878094574028772 0.9156686006038952 0.4467750695889148 0.9016875706789268 0.17509756495834106 0.5508570283980412 0.9929989335354109 0.4620062086105595 0.5697269359747389 0.5843024814039238 0.4312530822724234 0.14735347246116604 0.2863534217005045 0.9803607166218213 0.8410403931814082 0.1652672192194845 0.011039023331772535 0.07342421468687277 0.18163168325151213 0.7286170796260422 0.5308112115605893 0.27416970028849275 0.10049406481485779 0.3629793567495496 0.2802792994876625 0.4849599751531214 0.6995128715625792 0.2401902498314349 0.8625076274534985 0.5835164405638332 0.32182536779178716 0.16224281977138733 0.8592027946207635 0.9639528517697596 0.6114255765749951 0.7748668875380866 0.19665488638205908 0.6988956608030286 0.7895409141252728 0.11271964881244456 0.2508054280171178 0.6139563511135251 0.7049710869739866 0.5247425030124524 0.5465213425455416 0.41108186608050423 0.44612620908277634 0.5266387419428794 0.3985415659347904 0.13478128587139804 0.19346424522788586 0.5814075269203759 0.5936649238345822 0.25649931520675506 0.32469487373085526 0.2126933345830142 0.28014849730515035 0.273595536870895 0.5223029260926322 0.30821534493522784 0.1269886593072983 0.47841177027749593 0.9392025735242042 0.9992646885863318 0.17235560145127615 0.6878529715165272 0.8452660618277843 0.9646094687785085 0.5753729100560059 0.25015480361933407 0.24919125745602666 0.2830415534902201 0.8187586453522682 0.733465338732012 0.30483440644547477 0.5094898707200822 0.2935882672862842 0.4925140748634772 0.07902177666203836 0.2186425226191543 0.02411275047094541 0.023273811804740308 0.2833349465294156 0.6017607097701604 0.6436348474063909 0.5995812142003363 0.6090477583738395 0.8793843389412096 0.5758950394375731 0.2590249904629035 0.47870836699396235 0.6071940516400928 0.10554635289137415 0.31883673519530786 0.6398347381180942 0.8598529147021435 0.28201985055640977 0.832839919101215 0.8891588872079731 0.20432590941979667
0.5758205464061221 0.25500768203117397 0.9266031248582478 0.9650789420666965 0.710962531673317 0.543709948601319 0.39521830160326876 0.8052251697155507 0.6992842271071145 0.09114822167855519 0.7469756940622847 0.36533970599134336 0.1124634221314702 0.06636757066856691 0.43496434835067965 0.16270915705692113 0.3984662361492014 0.30962042509210697 0.31020456736719604 0.7815438513533998 0.8062295961829559 0.05519331978852182 0.3075853831665112 0.24185315126614348 0.28763676183702214 0.7234389783021352 0.8319863318644488 0.9413271174541469 0.6808942037085528 0.4167690883973467 0.09132173811601407 0.3943624543081291 0.06647826722893169 0.4248502231471877 0.730342200822267 0.44472193896396095 0.3367968027560152 0.736192989856233 0.5412282055395295 0.7184340512717474 0.2726685080697894 0.18638748616941303 0.49054231949651517 0.7971235611471112 0.5179387484209999 0.6369568868618851 0.24409745325385368 0.29799559853453494 0.588012417720823 0.8708266785123089 0.05577463723765874 0.7242976393590219 0.9078956124423304 0.22140513627713287 0.5421926272298981 0.5267617293804054 0.3737383460907481 0.24787161289085047 0.9444151141639737 0.7423944497910755 0.8378096670958219 0.03005595902431568 0.5039940064633237 0.7010156440514378 0.6527658602990032 0.25799619095809445 0.11555597937963213 0.8893169339140615 0.10058934876047487 0.852757259903811 0.4281323578827988 0.23804907924750407 0.7190911227512917 0.7436080321250405 0.5617858091192364 0.9772508414488204 0.3712185310743843 0.7104880381796614 0.8310630255184261 0.8179681807108352 0.758932915891665 0.016585375205620423 0.6147401938745998 0.32254429790920724 0.3371481181703727 0.9622112722032066 0.7383858256594127 0.9443653509292784 0.6123534877244089 0.8674005345897061 0.4241216459403748 0.46405852018965543 0.6520690534214104 0.5500681847776805 0.20848130905432827 0.6687838520225277 0.5868631654331814 0.7596552034470576 0.9787433554539334 0.9867260010704987 0.5894604202370884 0.8720084344836588 0.9478727014935329 0.4946046659261817 0.1874291043942674 0.2568760467822907 0.1253983603427128 0.23560729342162223 0.03649381509128147 0.9799796117909236 0.15117552812558666 0.5793873122662662 0.6721553420495859 0.953507148143378 0.4386280515810417 0.5144454853072257 0.9197455472568818 0.3914548583866928 0.8433890698091795 0.9739999289976788 0.2787871570474072 0.09511142766294811 0.15686181329059234 0.08666944794908138 0.5428013418419101 0.7279131640430616 0.4168260959021839 0.8575058582214135 0.8302768612803234 0.21140482236503133 0.7523758675347485 0.4664099905555451 0.807494286074631 0.47371164884819694 0.49265204819300257 0.5943553302391373 0.20721563077945193 0.8644289975635465 0.2956781938302665 0.1085096914364625 0.025770823325605652 0.045623517618401 0.7803382604290745 0.36737667697027343 0.3671649330036283 0.16572835683046716 0.634386623684574 0.5310723755732654 0.7368488348548883 0.8855950965927951 0.4077723380764904 0.3667414266946978 0.1501111348871983 0.5851707379210745 0.8610246389973638 0.3179586996812632 0.7690164011296172 0.40430071123933886 0.8562135411461311 0.6801868662009496 0.5860831416747498 0.6606287849710435 0.1719789162554255 0.8521481972258351 0.5577148123079988 0.31471138203508575 0.9942845411900191 0.5086262955952653 0.07642134422434954 0.8700761628240458 0.9903117330941968 0.11642647253967287 0.4538710303197222 0.14568898662447116 0.6441244140793053 0.8411570484437662 0.6423409057672799 0.86304483327812 0.678404977881886 0.32674443841630385 0.1876327986705686 0.3211716275876707 0.3557483509380007 0.7551435236999138 0.453627326812273 0.2653893978523717 0.3434886209953283 0.1935337845026036 0.49114413349024477 0.08453711351943649 0.2962549006874279 0.6551272521251755 0.062498257023457016 0.9129709434110727 0.53852541179696 0.9220588047629814 0.5022030447879132 0.8195914138221262 0.8741009224164689 0.46096864902222523
0.9974871980307024 0.40417890551930324 0.1639405172756795 0.5143185374184793 0.5850967110099162 0.8668708131417423 0.6856255193367701 0.3557449992717078 0.03381019698386534 0.33914439961582366 0.7509570259386084 0.6343343437939775 0.5192473275591407 0.8095705544378375 0.7255764288010202 0.1859452300962554 0.2489043542350543 0.5539184915581012 0.5564992919957296 0.042569190320194794 0.36447276102604953 0.56046852753052 0.025018625068182088 0.07275307076860582 0.15853882232508243 0.23105850096191427 0.4977553097933407 0.9868178287220377 0.981263761856223 0.052816337149696135 0.23869548599541923 0.08320339440939328 0.7171235291464714 0.25817017044876156 0.03372078893814401 0.8070680700735028 0.5803552480568441 0.5016873293487265 0.7865615978105097 0.8378956192003677 0.6708903152167651 0.0970321782552791 0.8271737117202018 0.062267974131272275 0.19051528154065078 0.5929853642241281 0.6969324954964076 0.5329170466595824 0.18821021689081407 0.6225860273891121 0.9645175214054333 0.1509090893131514 0.32732407903713223 0.5466155371255987 0.16651428618517128 0.7863216177306969 0.45163129443069283 0.15118809689459445 0.45212955827266754 0.20603930735666154 0.22598394818213008 0.733732702903717 0.31402484780803464 0.28885695745765716 0.8626778172919151 0.2565999731819819 0.4184641192437869 0.44100278111352886 0.5141732709251693 0.15765398140301068 0.6003701779055776 0.1480462055391032 0.547993330941667 0.5520781837435286 0.36568272367322296 0.9433413698736143 0.20957306037148238 0.41593343746028655 0.5273073790862942 0.9119965642332581 0.8114511878152445 0.06744634517598092 0.12230278067323874 0.8600577335815671 0.39981256291812206 0.25655895091375225 0.435794506070763 0.6674422259388079 0.04817217305269794 0.09869931968856249 0.5702408128632213 0.19895074585402417 0.07343786417891718 0.35300946301940195 0.3849238551542462 0.7784807273571328 0.9150350831441108 0.7243356799949644 0.6761224379947294 0.5479552661274428 0.938856132089562 0.3254235493313494 0.7810189735333557 0.8401284878736173 0.38899544030803535 0.6107881283274376 0.17689918182126918 0.8770047298523385 0.7421486702498321 0.6091553319910844 0.20445447559884422 0.5655747615321344 0.06294282990713074 0.3611955464027746 0.36675355361980866 0.1998011341206697 0.5587326199376451 0.24783100811840864 0.618474240389443 0.0730224651802911 0.6269520151194835 0.056180590044096146 0.6066497110856985 0.8226269968616565 0.14507186030444563 0.07319174081125146 0.6120735139389143 0.28711615976328553 0.9239954511838177 0.19937534502434917 0.45322810638221667 0.528897980133316 0.7300275300755268 0.7750970952074064 0.49577946780237125 0.030287233424920124 0.9472658700634157 0.23546416847010743 0.6277306246742221 0.770653412704221 0.12745955699471545 0.5614589928442159 0.26328869467574145 0.9169112458737654 0.269483635505647 0.9894750283362567 0.15448115535978835 0.31887165698271513 0.321394272374512 0.8671912865671901 0.9038204215096074 0.8562193151846397 0.9001608427542096 0.21708553851928747 0.3732319882860369 0.1637966821401542 0.869369589956403 0.5849840133713694 0.990294931050334 0.802764555109546 0.8968017736454567 0.09703052768272424 0.61690919418827 0.00620950710625412 0.7500444390477328 0.05210811983792796 0.19872076160740682 0.8120059542976199 0.26516070631852207 0.16091805598929665 0.573752160974223 0.6050806046244673 0.3644480190117706 0.6325971772574986 0.0667153845387094 0.8177658001011306 0.613608099604326 0.38730951913669487 0.5952792632681981 0.5839162176938719 0.5029750267877601 0.28269826455573666 0.423802921931952 0.16545617389450473 0.7709628845072375 0.9731035726856665 0.8846514233133177 0.7453087796712576 0.0702751972340182 0.5798619565773322 0.8077701676144704 0.3299444530179567 0.4354079767751283 0.5236884089095313 0.6671278769271775 0.7908606762118879 0.24437469336105144 0.6176943760054794 0.05580811117835516 0.6155456526478267
0.4763228509769134 0.9398028430542603 0.652798641653971 0.14650822545107456 0.4939200319907453 0.33450038950971894 0.5317288794385375 0.5986107597796718 0.5050636263909318 0.65705429406953 0.07156400546124564 0.31838772115682956 0.9348203443921804 0.061803673534345016 0.5608189937407592 0.9536035805005014 0.966139899374402 0.6627649823453244 0.5055555259678451 0.02835504035277714 0.8531371541563605 0.3632629807339478 0.578342086736773 0.09927919362255067 0.9496132979702181 0.9408278153919873 0.07887745927026424 0.5037618054926932 0.8549034384157572 0.24081487933808632 0.42476107954317543 0.3657191090664724 0.341618929959989 0.2860079846664073 0.7392944334348278 0.8408698754877416 0.8153313209608344 0.6911326920122286 0.2709391932874019 0.7693283848112648 0.5236155606791578 0.14413705452600578 0.3791114728444622 0.8786376811126015 0.6422441152665654 0.5484834662545266 0.3093729127613598 0.44459561526192903 0.22868048838950972 0.3903083433457337 0.008662071194066923 0.1181316126334292 0.2765391229316915 0.5221890893244395 0.9832318782403086 0.4884646086181449 0.7258588075705846 0.5941326415556787 0.6354933533340027 0.5698699829535354 0.9348987830613161 0.31842400659345405 0.380699771510989 0.27854469992307673 0.11166855256557917 0.5650060864001634 0.4281330559647948 0.570251337205633 0.6350234279531098 0.30489445105878366 0.05619060468528625 0.3213496143535126 0.08400898969659087 0.09399919272760593 0.5731566620954675 0.6458129504977936 0.603352033106405 0.13890905516280316 0.6106001354775367 0.19944310293020484 0.5338124261481604 0.904392200452875 0.41729730993480674 0.12496167337957831 0.4742208649916402 0.7118857682846241 0.37643666356247907 0.5668687084609988 0.19044265486368883 0.03891965509045581 0.8072281577907956 0.2856083173608257 0.26966672948517145 0.10589744340053209 0.7580887096964191 0.3294463074408883 0.09916297843033706 0.3517298602848856 0.5888827812161685 0.5180019859838809 0.925881139760989 0.5524372039923497 0.18076188507563307 0.3618441440295971 0.5727946391578831 0.4706437981408035 0.629282477557737 0.4191443761071967 0.30327725587116106 0.9840203024934896 0.3741014395682548 0.5830511619373661 0.6253750377710442 0.1145435340151677 0.6325964748602383 0.4339824018740742 0.09007879663468887 0.3243617211778457 0.795215261749358 0.7353762087965778 0.5523998382085513 0.9498680017828053 0.9003122036698948 0.30570272626382256 0.1078757973395239 0.35694551569859256 0.5502809189548002 0.4479790114260601 0.7426023017860468 0.26626145249010336 0.09558984143211424 0.5819724531485966 0.14906063304136208 0.8398976317257238 0.044025230426589346 0.4247564451601664 0.14238490793355651 0.33052380983214236 0.9282984558511602 0.2807588410797268 0.7560816154062989 0.779964397388707 0.5847506837200468 0.31959379892247797 0.22391403947418442 0.04959898758277337 0.759059131090677 0.5790519455144534 0.11763917583206307 0.9450209878767905 0.9807964148992562 0.1747892959479621 0.602566522610629 0.5448726593145075 0.1804431822470688 0.41715207019495637 0.5800217549078238 0.8776585580827195 0.8761999902664048 0.014793885690005615 0.8745723218078931 0.36145596420158566 0.6752064409411552 0.8504697756040666 0.1686917887260032 0.9750672723490431 0.8898110719665675 0.5600150384262391 0.5760492040555059 0.05143941847222355 0.8779917229728997 0.7854944267784101 0.37901079403023563 0.5198990468838336 0.8848825181525969 0.09993967725606057 0.18781139096681687 0.15006545971148533 0.017026466456946054 0.8196422686904217 0.8334936290694073 0.511565826858935 0.30473496159417834 0.594659010432058 0.5819369803703164 0.8598107848109151 0.37238888916757473 0.7987382072228016 0.2966109771717723 0.5332119031998411 0.22828834196893566 0.9659625860542683 0.5864339420168052 0.2942420813744918 0.277532738681443 0.41012601962380846 0.03132444249540989 0.7700740570768666 0.19869336853952824 0.43417503646322253
0.05550927904652003 0.14001452109072132 0.9716282339230727 0.9498857962943249 0.06512806961713336 0.17298436449537025 0.8541788082039092 0.9613333830716901 0.7760982111847913 0.5913781021371558 0.8745153784462317 0.48194206446606336 0.08893567413109882 0.21456972338346236 0.5256889180818501 0.886977170749228 0.23249359536314096 0.21047124893676927 0.544046298465235 0.22103496096285624 0.7523470835248931 0.917275770040026 0.7182417114412953 0.07356569730519469 0.9607499695632259 0.2515881899354997 0.14695403130625984 0.6089915621456073 0.47075640407662767 0.009950653479038896 0.5088535660725263 0.17308870376362562 0.6742956858154774 0.7523123417465782 0.7091816900388873 0.8728573469874596 0.4724245996968215 0.7779557118269724 0.8471741297202497 0.23053992639157217 0.8955376129749445 0.5527033447971962 0.2467902691986099 0.6833402385238551 0.08870797157741916 0.7011787148343728 0.035878695923530324 0.8392641930693117 0.8182552067604218 0.04681123665930076 0.5594727537737132 0.10042835872575995 0.896073279807103 0.10129146368089392 0.3897221006742321 0.06944227773469902 0.3601365044642646 0.5867257145075369 0.39499730813687317 0.7920945273857173 0.6866285968033813 0.13159942564293503 0.9393331666533121 0.984867009234403 0.24523116859232041 0.4872760609142859 0.8531820293393935 0.5608409275845377 0.7517661791226049 0.6216708974170284 0.2240564912005436 0.577647335906135 0.561243215759751 0.07737912913812928 0.3558865081503454 0.9435861328707121 0.6327369223055184 0.7413383386849898 0.9846422230689199 0.9183800052753311 0.04269377202922109 0.22815549047208605 0.006480901000531558 0.2845522261176504 0.44894965945733856 0.30356961839628904 0.6540575163089459 0.8067800522741057 0.8298164210016558 0.7354489455904827 0.34436772609706734 0.03158669230852962 0.57965414430204 0.6468741119137165 0.8385549633329774 0.01715878079047939 0.8571949271241651 0.4269686354831098 0.14577820251435925 0.4304555284761734 0.9017913528999493 0.8506324304276148 0.56622617844519 0.7283187624189298 0.8936214121959473 0.3745017450732786 0.5758937152555149 0.6045220222915623 0.5736908098667166 0.14301741206642982 0.9840645996008631 0.6287721681482142 0.5892802891415703 0.025991439922469106 0.8646695118920176 0.7586612143668746 0.6770563519248146 0.1417537969377548 0.8640030613216715 0.43769852943897836 0.9125062142657919 0.8495013297820955 0.5088409756187883 0.380658320633948 0.8687079134718634 0.6754133114766885 0.11792244084662651 0.09035816405353603 0.23934974884153304 0.18304260162192953 0.6490374941936446 0.24216304110507514 0.8629169212100486 0.22004489164255403 0.6434916604190032 0.753947314952489 0.6440812749278138 0.02544716605033781 0.5661428853815585 0.004969853248306344 0.10318986845813871 0.39884093462847936 0.0658400923639042 0.6039340382977378 0.5478315789226803 0.2152798628269338 0.18460581103078932 0.6740656170157224 0.4416548157465062 0.5511903829051394 0.8545197107851115 0.4591087905354908 0.8656654813283653 0.3931791362709772 0.6207517758629202 0.4639085835006952 0.8555620348462244 0.27087064670939565 0.233920050815294 0.06966120802378806 0.15141564756973236 0.8672815608935733 0.962943789847686 0.4475499909339892 0.6389911310308956 0.49771302944727347 0.05912486242477688 0.975547327160819 0.659747575640043 0.8022112291718697 0.1938351473821016 0.19564336791801518 0.32010675646193165 0.9100922826778299 0.7423111297371994 0.769887191351715 0.7904893015562976 0.8354641885367803 0.47408820522395945 0.39480874197442595 0.8677485241881915 0.9945419124906318 0.5598900237567586 0.424066172680295 0.7697986470688274 0.02141390284690914 0.007855119344954531 0.8943137777979081 0.2758332333255251 0.32711784770905494 0.23628337725982917 0.11819399414338683 0.8834356960348989 0.10896031372389225 0.3769697128531656 0.5718730885505771 0.9154926578758501 0.11966173366839761 0.7516926746849851 0.663157582612311
0.7915602627327668 0.8163233895817963 0.726940137665482 0.4596570587587333 0.5201428426047522 0.7964166315234594 0.6870234795910565 0.8124715731994308 0.5173394689210947 0.2801469113199351 0.9938511826027324 0.29731169866365625 0.28610832934585917 0.23092146354814547 0.020876699437373136 0.09108538655551113 0.053058324257080125 0.9018949994683807 0.10550616247000044 0.09242570874160183 0.2908634222009311 0.8408332334947103 0.8811322609431698 0.2668292364352095 0.4878562937478471 0.7889806092705806 0.9713208459246089 0.9329958045323622 0.4401995702861802 0.3196299796662537 0.029968808706261618 0.2268845681699495 0.662778330668462 0.8605125572041565 0.7047243821566773 0.24011971109497043 0.4538519246955621 0.11028345728722622 0.5595348978701357 0.8042607444468314 0.5704285307574983 0.04014704710537409 0.8210502835810229 0.06490136609359609 0.9468753160507067 0.21974182687751087 0.6920236474558104 0.22449006616339273 0.7383256194954158 0.8409820336446282 0.1906191693370307 0.35688560907579014 0.5388701854984089 0.2702077670189771 0.5971984457754643 0.24493396981292004 0.08272169262664486 0.3036294360541203 0.3924498291195182 0.9838473455232273 0.18508261077810462 0.5695030956232334 0.01633787049850466 0.7073206648526759 0.2745169748517673 0.9509447198384008 0.892463367218234 0.7456826962022908 0.35333098564625387 0.36014092195689573 0.3746152908564673 0.7716724633191101 0.3165847464450571 0.7138835309435068 0.7775367402439011 0.19769278697173542 0.5168040267248585 0.4077463873635936 0.5231798606315212 0.4992170511751889 0.5590597271841947 0.26600550773399023 0.28371465457540523 0.1667162096860234 0.5069591922924724 0.8698432513263973 0.9370157183290421 0.9228735607127594 0.013153666121692331 0.8321952557214503 0.022036032600712963 0.42600798682516794 0.41917936854495286 0.6283922044418425 0.25334069261028513 0.23160569658060437 0.5008497199215753 0.21453188709259208 0.6569765412291709 0.25065436523819307 0.789669741174025 0.7105664984844305 0.25235388440376916 0.8727585065091719 0.34157549558964706 0.5589304133530418 0.9049838584313795 0.24103494650925872 0.02481848157879729 0.21884373193039508 0.5628934641968412 0.4848070221339763 0.019046281880131355 0.46853940682727546 0.08562108944080327 0.8640778327883011 0.6011202195562725 0.920205150957557 0.41154701318065356 0.8532496612408703 0.23581624297514514 0.8071294860107769 0.15766108454602612 0.6137813920932098 0.5962308710287665 0.3619394756767912 0.6294060093171404 0.03509737071805974 0.18509722776331394 0.004037011587599726 0.1714698050430986 0.8022996659077377 0.4649389692107362 0.6593413432002395 0.7073798544440861 0.10809774045366471 0.2961203036365502 0.5873085047252781 0.0743196367688902 0.059760565908355656 0.5844495985655754 0.3331417492873777 0.5799782973375697 0.30929568982116584 0.10633864242187796 0.4446561113323768 0.22358659717179896 0.40689049643832753 0.9391495619308589 0.5608445930657917 0.7551717490777223 0.8975196206889139 0.6146887890637506 0.504348232997543 0.6844213136332377 0.00599730734561188 0.06557113959178695 0.42548731164028497 0.15156647681402224 0.9690223108150468 0.22952063853981974 0.3130660081895684 0.41482504961829136 0.7097327013410372 0.28785009772546555 0.6176046382587935 0.3192750435185766 0.7492126658157738 0.8528109174936148 0.6750654032305478 0.3642304629357529 0.8607498274802046 0.892847182293875 0.6791269450506119 0.054747871187867725 0.8479440757403814 0.28823940160975503 0.6487436850452636 0.8251328728807191 0.0722694108711498 0.4270334464242037 0.0934840773020249 0.5604696173497274 0.6033003344588539 0.03879806000737118 0.0499207723221623 0.1597055023659778 0.021202377819001694 0.8492677144518118 0.8625486975792644 0.9746359799918102 0.825138655023568 0.7070732321789095 0.9031181082089315 0.001106121130329929 0.40785270030664456 0.37826348241724617 0.7969565121385006 0.2582843310460997 0.349293702999932
0.15226138439488002 0.5981454644394556 0.7747874394022628 0.4159374135392052 0.10395624525816316 0.5505016562215795 0.6663454697109334 0.3406645425151741 0.41409171743232365 0.8774264578436335 0.4241546986043333 0.21039281835064172 0.24318047442690305 0.8446642275422273 0.25037449988705385 0.6000078112030411 0.8318792588930656 0.0745493200379449 0.24812883507139716 0.9431612802308905 0.09626857641108733 0.24785641029945105 0.32054506405162553 0.6257810844372264 0.5453449388215186 0.9962287574593727 0.32884085605306834 0.0961336742710871 0.9948156540620343 0.2534258516489297 0.7430931550081669 0.6451093321573526 0.9591909621494027 0.499072908910858 0.28084821868931187 0.6285682103902239 0.3939437365890084 0.40635022263461407 0.19616097887645279 0.4403731881466899 0.007622381935901257 0.21460170722576233 0.46086503417763314 0.12484731384646686 0.12892944180222832 0.2897090982956295 0.726349533405026 0.2645709275571818 0.6283691522551066 0.32356809273373943 0.01224246592901268 0.21083487763962006 0.6794389262505469 0.01720915156594438 0.5429000790979918 0.22808759005154522 0.5328918308765619 0.8168438578875208 0.8617582245978502 0.39888821080685055 0.8223541781434429 0.5821419841143546 0.44892977180306615 0.45237474688240886 0.6396100036682292 0.4746211816188357 0.6969231853677154 0.5135051977785348 0.678312887409115 0.24373061647383387 0.7531246173106727 0.7814605942796392 0.1299565706473963 0.7564175811011875 0.9120973770220936 0.8773300482830948 0.13343285398743976 0.9239969127530032 0.3196566382490491 0.5469254152101292 0.13931034307022327 0.5331957841005669 0.2914779202289236 0.231488581120886 0.4295799324287646 0.9765297622057895 0.09418818326037526 0.2669533705588458 0.8301716597150526 0.6675456725586278 0.8895886836676221 0.5553733959299141 0.5911814976411423 0.8811048832815903 0.5997037945462061 0.7798766795479306 0.19045862029910943 0.4194374406910466 0.8269787832917319 0.6299605235516358 0.22169673031342596 0.502601274393759 0.5133346938566465 0.15385466316597785 0.6747356863313685 0.0903179666588888 0.913112968384947 0.43077253959839823 0.023647211519386757 0.7047878798788697 0.750462591808649 0.15362324020400053 0.4008152275055805 0.9554238534274615 0.7111934780631121 0.9790808467491664 0.10000676603333936 0.11864762427873299 0.07850973201544598 0.974717943135487 0.44623966787707814 0.7763333766478956 0.6164523292697962 0.2735353505441933 0.21960447961814222 0.5280389307462662 0.5729963961970864 0.07504066818834754 0.46820557754593495 0.5226519530677327 0.024523099416145167 0.5581726389579595 0.6484258756513331 0.11310394873012453 0.12098070600917066 0.763771538511978 0.03276614946532441 0.0664458995006667 0.27776070712390566 0.6780436218115472 0.6114319553738763 0.39950673955275473 0.30469107703592113 0.3417777615484441 0.34522056069346563 0.7852207914488724 0.019376486189764286 0.8243665180242081 0.047959764386275805 0.9035315617581541 0.8681211247167052 0.6115963531063202 0.32952457481025077 0.4276475431071144 0.0019712627294553586 0.9158414795109378 0.22831957348086773 0.7523236061569566 0.5389196615364422 0.48213426891163 0.9162141469597292 0.36602442462979035 0.7482506726091483 0.798878436073519 0.960338034963822 0.24213472607301556 0.04265006851034159 0.30737854790901586 0.32232585412271897 0.9780592191054281 0.920587080745207 0.06102197438455803 0.4538511219245447 0.6390916259660736 0.8213956879635855 0.31087949755269273 0.14278449434341434 0.4783658226424279 0.5648929738136665 0.5959650114191786 0.22489695976113167 0.20547409572835362 0.4831730137327648 0.3918211682117806 0.40842722525873887 0.36253122031272356 0.4090033285353275 0.06401144044386875 0.3653959827470389 0.49670426805685064 0.055800549573526204 0.11606976120398493 0.951843845302366 0.2797928063033801 0.42529694990934463 0.6655652961930051 0.3233488028325294 0.4869882330441663 0.13144000966766234 0.062348964863520595
0.5760643952471071 0.03244024772312726 0.7612424613354899 0.7546822378801175 0.63215479731749 0.34592918650461313 0.541964805935361 0.3045036058259307 0.5870935973403006 0.6581244131371647 0.012272379449764781 0.7689346875349116 0.2727577607552081 0.050189528395708005 0.7446654815745679 0.13713987287422835 0.7448449217190868 0.7811771807672483 0.39415249534953734 0.08506046187365268 0.627220760469205 0.7968963051941917 0.29135147847097354 0.3492675054897443 0.4837358454648787 0.9489349439261747 0.9226839152622818 0.936098428998321 0.7298685029770292 0.3010183562565737 0.6453862189176058 0.7129446314409734 0.41082234992926936 0.195506503284824 0.25882562539446174 0.3708378698282433 0.5210345075604541 0.9827146834626621 0.6652910848209409 0.5535170486772154 0.7291828887815639 0.8244783787945951 0.8948091924803714 0.020867433166611993 0.6762005706106233 0.6034791886891183 0.6419646441728512 0.9025809487597136 0.07033232955514357 0.8348225712346752 0.07858981102336593 0.027310614134703814 0.4751456357142765 0.6668743720219277 0.2975242572595773 0.48864284771043565 0.6174815661250228 0.34823650864255984 0.5817188048765304 0.1400887945598529 0.9880234600464045 0.2608214342381223 0.5745948916411783 0.05411995773323741 0.04496289509328755 0.053575964597478154 0.3242849491691808 0.593166921794606 0.9325577183729601 0.1444900797520804 0.9969728162989668 0.38010207510150906 0.5838578162986038 0.018189590519144594 0.5287118405846054 0.4453756192282843 0.621806231428616 0.5095674943302831 0.3836766595787622 0.9780321691258644 0.6824356586244329 0.8569847568461261 0.2670868609679863 0.4668853694783843 0.0325021749569675 0.25628285654522376 0.24832266749922927 0.9688530673753123 0.45779775473095385 0.43742009845510454 0.9425465882932711 0.8349002240349026 0.8786936724014645 0.8483339026453841 0.3667762304288381 0.5062802918005049 0.5629387282643047 0.16778112740599538 0.05993720874952713 0.2009926469768215 0.42441834591057004 0.7472015778514846 0.11255872429549818 0.9684597807104179 0.8951798181524317 0.39346671130559274 0.6253357566797848 0.3797037093457186 0.7265050318771749 0.19479490997886406 0.9371058560691967 0.6320324255732249 0.422948876114843 0.9139484838572937 0.7024212113922299 0.0035945565174869687 0.23863660239692897 0.16176025257145776 0.2054469525460998 0.7418470907759986 0.11255780660327719 0.8799374774072111 0.40938636193448874 0.9981452872935999 0.4971813315768536 0.35276134120460745 0.9873551917533173 0.10053325019885206 0.1329359449013522 0.11459281418691747 0.34285938354567136 0.6998662408746348 0.0325719755527164 0.336636785993343 0.8460188421235942 0.6988797779091038 0.011463168192897721 0.32072548815380875 0.7644923394961857 0.05648789544795629 0.5788244190451372 0.9632534142277467 0.9199001672844919 0.0751082806372968 0.7415753597884814 0.3649400644606431 0.21635845656288344 0.24534577331735452 0.6460897513700512 0.24377669081047704 0.8310961493152595 0.6845946518515845 0.9341419181264086 0.030130321800645787 0.4394651826363992 0.20780251433196573 0.22573656524714025 0.9328143688032647 0.7752660416736472 0.899930211902952 0.08791124712951837 0.9015592889593919 0.6194978735543101 0.5475464310707626 0.1429941455793392 0.6105937870757935 0.6609700971519792 0.0421983694021657 0.1740187286863597 0.1601128850929252 0.6630471249305853 0.6513927632555455 0.5343217058297653 0.9211405179455375 0.3731284420234037 0.042496065353204715 0.04156716044819453 0.1436118670333656 0.011101608924706019 0.8550311120998587 0.9030649549689104 0.16960389012039623 0.6455852331597322 0.11294460887173852 0.8072662511103428 0.5227916096530382 0.13105582252250336 0.3011246663219792 0.27418899957917964 0.6123271204578503 0.49260547392856346 0.13187083452101855 0.1659032626643825 0.4551403313193749 0.07643016353454635 0.15796720776649464 0.4692119943564682 0.7201729947828561 0.5462163007757406 0.4105514985668719
0.9815939157758061 0.33623823886072113 0.9031165455292487 0.12140928125318107 0.9318321049737466 0.4273606512207466 0.2905869102638371 0.2904649311223352 0.9089018216242918 0.9645949287731735 0.32265539606267135 0.04466884789304448 0.6845720287647798 0.07713162779908445 0.15769870298235744 0.46584579749100097 0.21043618040154388 0.7627832375095424 0.029299607879770928 0.4791880515698115 0.8784656983591161 0.36828550613181077 0.6752868922832812 0.1901439358199286 0.856576477770881 0.7819562316108599 0.33100148912968064 0.5701556013674872 0.7654228247480606 0.44870817315526257 0.6060299147467438 0.4967049613337765 0.0992033679172174 0.8658633005830468 0.193032524367316 0.448264613267946 0.30130794208704814 0.6810872589854547 0.8497082016058234 0.8397072089971752 0.9583809822596067 0.5873550504287146 0.8062848937079781 0.17973428506300693 0.1021489875150442 0.3730515318593314 0.9567391101001632 0.4484474005167567 0.5805444554888349 0.02907264334122539 0.8332154451881453 0.19032145081148533 0.5526881107245524 0.9183362719142338 0.3752105622308285 0.6283117345726391 0.47582608573547824 0.958095026750369 0.3613836724614413 0.577861358661478 0.4876790252068004 0.05175020327231927 0.23215448212593692 0.33401679732649336 0.2539993698366847 0.7822002643048008 0.39229197208747046 0.5073842650155826 0.9386989681161392 0.7884585603004305 0.7279911546563067 0.6381084044371299 0.39325131982848127 0.7741488289898628 0.8140599634283862 0.10341067955490668 0.08440097055447315 0.6665372174395959 0.46729164505716503 0.16415667183556826 0.86374240843721 0.007949748806290291 0.00032630554746782003 0.7232620009043836 0.6948132576468129 0.8374851024518911 0.17138630400683397 0.002816501152315909 0.8058027637978534 0.9043182037951428 0.7536655563889723 0.8182172153116436 0.5738680711745561 0.215384448401312 0.7326470538063689 0.47310265438217625 0.9630032368388571 0.14455803461802041 0.6662418180436204 0.3964054505458241 0.14926529363923025 0.286863077467981 0.610587223560733 0.8333897502828801 0.21626070172552492 0.6861135412027511 0.3981182585548597 0.8131311204790916 0.9781271050090359 0.044301562447925935 0.11840109848797276 0.44689261161141247 0.20300969387411316 0.30640077298953927 0.7250773961505755 0.15431191992851223 0.26841845215677074 0.42360190436280964 0.6518627233483775 0.585887516042078 0.5290075206465926 0.16051009176887943 0.8923670604532613 0.9021984753884249 0.7585743488719369 0.44244386173057326 0.1753666807707578 0.9623079838400215 0.7360307626471834 0.18473730088154205 0.03969594815831634 0.45072982367573666 0.09863272870240392 0.6375294624784668 0.9280882466723507 0.9116116372425357 0.13676603112288954 0.26947429649666943 0.2521325223912849 0.17046327515398063 0.9360370961483775 0.32239662997269525 0.854325597460253 0.6984896904116689 0.21085886203415816 0.7923448145716152 0.6592041066174376 0.26811176310371776 0.8936157804818022 0.7780316011933327 0.01356152256735288 0.4178995654212241 0.3024086286749138 0.35443836846563315 0.7948851457053037 0.8792492469507587 0.8818198870599072 0.07988055581330278 0.01225692905832343 0.25696712232190067 0.41385252184653243 0.19826085773193936 0.012828120556122924 0.9581743940768912 0.5019511839796336 0.3256017182124844 0.05365946416014089 0.7386530660758722 0.9000429969612967 0.35743109553029895 0.7303360831213803 0.11053244749578062 0.2818872634548375 0.104819266299502 0.8365475098072171 0.8054915858052619 0.7222124689781562 0.10809831483734877 0.7507943360085749 0.9878076717462206 0.5322087973418619 0.7561172653174877 0.4187645994043948 0.5141604237139704 0.38275686518082497 0.9649426706783161 0.48020481500128953 0.6770252067500805 0.6176199060968366 0.2750825472126208 0.8104097384425701 0.16361583892577958 0.008883987328057397 0.8872124116436386 0.8757932502259929 0.6505605231119913 0.38954096580580044 0.567554989411332 0.5448764631954102 0.16868795801292857
0.3350929198310404 0.8092097743565274 0.4588090775238858 0.18064428047826075 0.03094285342833325 0.2431974523385425 0.813372507252693 0.11276707962913646 0.34130284647475573 0.3061587943751163 0.8463841956841569 0.46944473495316497 0.6637781721156052 0.1457736292334606 0.6382696901989768 0.6839104413420369 0.047637127732904294 0.5554852005017787 0.6306415005306312 0.8467975045171637 0.9316205445881404 0.8870006803241021 0.33548877194482285 0.2792351902715845 0.13727470070404324 0.7028217239212183 0.8502155836640036 0.42592893467066195 0.02668127058297942 0.8771571649880568 0.2987035712655355 0.09193804068748823 0.656733132300568 0.14720054370988156 0.8196911168992314 0.7592790328576209 0.570333388983758 0.6302993053279179 0.051886648183719464 0.42111142885872677 0.5362992831672284 0.5159049924169062 0.40975006761204114 0.7954674495918499 0.9849721567777915 0.22443232071881036 0.680037924820768 0.058848118454336795 0.719218641259547 0.40253994539677296 0.5451799011925079 0.11356277971658502 0.08097853450634107 0.3695842113511406 0.5457356895294823 0.3376203434967424 0.6890932442640898 0.04547205375490615 0.40711413909563077 0.3947018036122175 0.024549514294819663 0.5480394571623498 0.7747467477856259 0.13996347935864772 0.7043712005063011 0.692611334237757 0.5125617857749092 0.013839671540476273 0.8392066014057113 0.6703742201401408 0.21190480077231788 0.9396427352955761 0.6430240852511983 0.4720681835588403 0.3178396227885322 0.48038533207488865 0.5931909749922402 0.6159724052232228 0.7230703368526079 0.22604708276852548 0.3103455806980242 0.4246946948719026 0.1890048866183116 0.635081960707119 0.3863467282550678 0.8267414307065322 0.2580717045127935 0.7660407559182388 0.3251681424704247 0.6945595574157785 0.9213293558445117 0.7399536570635006 0.10129098379365564 0.5078496526831441 0.3365196223249185 0.8318393360533332 0.2890316898854275 0.9863623969991621 0.1181040234372146 0.5514690913204681 0.47902556727550305 0.0064180362228745125 0.18950732077216914 0.03217695866276227 0.3957578987128242 0.12284806639397161 0.19777007657208945 0.03573548484791189 0.8957734167882816 0.23117963466033398 0.46532614953784945 0.9321297731814348 0.9533791537766328 0.7600116397080752 0.6015908959114971 0.1823059909897572 0.8820871253355222 0.17503470793853892 0.6414414074349452 0.13859608605993745 0.3531793287511853 0.35078126729909886 0.3757602665217785 0.7620986853106745 0.5841924588111801 0.8148789877364295 0.3305948336277872 0.8354971510942677 0.3387885337647891 0.9222545550987667 0.09754757610256348 0.39204710464194314 0.2067297482987337 0.11667669169216943 0.10175328262056249 0.2478961390919583 0.7324680580718645 0.5583801457930916 0.7378379995498415 0.9455924418543621 0.10143921953026191 0.11083393606394254 0.8507968715270887 0.8204841635248697 0.04531163827753382 0.756061794949592 0.25676067554506055 0.014092256733950537 0.19393729571647111 0.6608397185858278 0.3018301670617707 0.012787026916819988 0.27154776103404954 0.0756076671408944 0.10991488592872256 0.03443503670755599 0.9091809611857552 0.8315052204082886 0.328288506754451 0.4951158894482899 0.7737825720793804 0.17674672632327382 0.7325588062201877 0.19945764798905985 0.0010121798048765562 0.6876560214772272 0.9623400728680719 0.8018033186796194 0.048118677321931536 0.05755238636375937 0.5701041700225036 0.8584578086198047 0.700105892340992 0.36154892072904676 0.18819545548414118 0.3268070061320847 0.42936306620520925 0.19565004372988937 0.10111378452877451 0.05357581790147281 0.00589619650651807 0.10523991974606506 0.8364559592440741 0.16831731170989583 0.5938887646489432 0.9142064440764565 0.4110847960854048 0.24140962810160682 0.04639528794160741 0.017813316855242678 0.9255661139176318 0.3648158730248604 0.358844650180036 0.7482526703073074 0.7260597133785929 0.47761785556269964 0.1140361126628443 0.03402744985987882 0.5657247096411797 0.5656445785148587
0.5586969975431236 0.6042672369707899 0.8872662287321698 0.5260675606390911 0.2922546112386267 0.37399995327824187 0.23964837906683745 0.7078457855682615 0.012144498020840833 0.9219491838040978 0.5772340287708542 0.17726750546882974 0.014516324591634433 0.10908522356853678 0.6742353878936588 0.8659518172647094 0.5851069949308022 0.05911559857864512 0.9567766161616927 0.7686309047392228 0.9336486100463253 0.9674634567882978 0.11713829429709888 0.7600349194142381 0.5827387011472397 0.8050186532853921 0.3973051497467568 0.6879803636645874 0.7078119475598309 0.3772773802087972 0.43763051330760827 0.011832976100008885 0.002972379462932495 0.77765603906008 0.8451161212861124 0.43138914887178237 0.30932590256213977 0.7376822603001266 0.8719220854336974 0.3174274942635529 0.8269361721235702 0.8183042754797608 0.9542118472202444 0.8507786454830583 0.4730290994612868 0.6197317096041542 0.29695431106456915 0.33338297490687296 0.8660725742308002 0.45094862918887446 0.5486770105295659 0.08871471053607427 0.7632930162424607 0.39362067682804824 0.26488496877578527 0.1348785926596887 0.7807034866649356 0.07241111024405877 0.06368319335516781 0.022532658082322188 0.4480084466381923 0.9512205550341453 0.037977326070070205 0.22222566611590044 0.26510232304880366 0.42902357957956727 0.9352707402698531 0.47834518104345647 0.7409436412033487 0.3794149851857771 0.47496929231375185 0.264599859158812 0.5885845140776338 0.6159805060856121 0.3445249877873614 0.015987609739076647 0.5302677781425232 0.6835604967331528 0.6754024389831907 0.8100758615441478 0.8989475399996135 0.6732503085153361 0.2518153857387624 0.42530080544325877 0.6778675773054798 0.8975590285386156 0.9710345436052895 0.53367176075254 0.8348708100428123 0.6985206709366024 0.07709288794135605 0.7484544051092658 0.7383993573799518 0.03693979158519278 0.7674609368624511 0.31729716981486156 0.09999245448954175 0.9736546142411002 0.19662513982063834 0.48057434594813253 0.09742221623842118 0.2854241119103913 0.1794245935969958 0.08662276752411535 0.18964344366414987 0.0005482540092124344 0.9307129687003508 0.3671128512484376 0.41057880328646423 0.10264236749887978 0.610734203608136 0.1889053267372509 0.06326824014662802 0.10291401168749603 0.015065795158491713 0.07621662672847784 0.09183502228937224 0.5690026182454264 0.8658468500186991 0.48600408664973815 0.5445342237854738 0.2854070205921152 0.9601803116384507 0.7389791142723738 0.15757233891588618 0.3446502157822052 0.9104293730610497 0.8370583496927051 0.3797776072111869 0.16955583137708674 0.6094184156841032 0.1581105141608351 0.8420921563804051 0.7807562049971549 0.1432851737878018 0.3306016875756842 0.39135315384145497 0.22107313406847395 0.43894964772668577 0.691973159585962 0.946378404107425 0.9267506690427597 0.04487948823662957 0.06825570704062 0.1169538421063191 0.6544174306183635 0.6233769795292671 0.9764258419890216 0.3318515398314631 0.6529845510934638 0.27864052029041864 0.11922125103683157 0.09782643638038635 0.5713205319065078 0.3683624440815174 0.7340250331517308 0.8103778359737581 0.23284338532769422 0.2501604438168753 0.39264877240881046 0.934827947921802 0.9323704805380822 0.7603839718702313 0.36778805540631265 0.6183879881457369 0.9261254868726851 0.10855094404638199 0.8168478504435075 0.26049233626333934 0.5728663764705136 0.26057144206483174 0.9422756171339326 0.3957543939506166 0.17007429612356528 0.40798778030987115 0.6691870307639488 0.39380381748231974 0.6834282790176219 0.5460981295642076 0.5372951992809134 0.11604187947189315 0.9226061339646198 0.2847074022354322 0.7748965922873942 0.5685766466306148 0.3582217024488086 0.25596124919176777 0.08114959673325162 0.37514871743159384 0.8379539844141026 0.6252397543904854 0.17548873512428165 0.4824345420618964 0.13932152401759057 0.9960648552315878 0.6180786572575653 0.2668559323482542 0.42055031593554537 0.8087414113422035 0.609378524022236
0.15255536710131656 0.5744096218481566 0.2988182541628447 0.5463836557230167 0.07103082292384089 0.12344498080234234 0.5900610275303849 0.3756509533121901 0.9867744513355673 0.40560872696466965 0.7790462813095835 0.7181935130417063 0.6316134191017002 0.8244955843132129 0.025906819620636345 0.38251364247082 0.5174070222838039 0.04828890287815457 0.31846907042639394 0.19091251519195396 0.22212702001180418 0.31649892789896694 0.7397223117098496 0.2262500488947785 0.8094829180532227 0.5526500038020382 0.7681760928790248 0.7435103057106659 0.41800011833817974 0.9159055504404099 0.5579662695355838 0.671584689362406 0.11144693564699115 0.8263872336136708 0.12356238746874348 0.9532479192546076 0.49726123279567147 0.07123222138091567 0.4091035261539143 0.20919488695686062 0.7930347483590083 0.22651099024464216 0.8105089607234742 0.025348548225437972 0.08640435426603454 0.8678765141012215 0.3673977212201017 0.7509061659277683 0.16343876945504865 0.9350373896638959 0.3334654487198092 0.48952951802418543 0.6616719751125836 0.3231084701149053 0.6791986000623361 0.1222855954075951 0.8353267377510384 0.2509383251278158 0.8138736998148377 0.8273661464357006 0.4405238083333468 0.37812365241764523 0.5739958043362499 0.10433488027958382 0.46636942125292524 0.4213722100663929 0.079837239858501 0.9977117806170882 0.5813165362948529 0.8896338208530276 0.09608899495867451 0.8205293934620141 0.5727368905817896 0.8943204967666836 0.5030072208067843 0.6600307744340349 0.7314071502345576 0.8259576504103397 0.9867622390739748 0.7527633381649581 0.7729301459097013 0.40056897823325066 0.9173037140799009 0.469996469108122 0.19680374355794306 0.35129662785350935 0.052710580906745075 0.885998789587472 0.8180719373536388 0.8438852450918233 0.0028522019385336383 0.20189339774951598 0.4886235080964185 0.380438548728948 0.09590925686733953 0.6286008994411668 0.1330066522949891 0.5303025082583546 0.5543623224609848 0.7507284305427581 0.02387260958861981 0.9943037245732034 0.022958631195504675 0.8191524076327266 0.9794841822715651 0.04060777391923731 0.7245408756967284 0.3134246857337122 0.3205470620164371 0.11650565290876613 0.13078892914388784 0.8677815856896653 0.031479000289978076 0.3356761205161869 0.306921090231679 0.676801213595688 0.44891235996937084 0.700298449842355 0.5925322196676024 0.77595864389708 0.5632619520544723 0.18286260625811557 0.11909881194781591 0.5410188080386839 0.3353940209876921 0.5558769294633856 0.03374069028006155 0.1267984084759688 0.10614404800757116 0.22449264550648762 0.1344779757977651 0.7634836443911274 0.17282363140936863 0.10366035858287637 0.32615518828380785 0.2609962791758017 0.6550659337313267 0.30540203822216183 0.24497461621429306 0.23742701818449197 0.1976827576684429 0.047225967967381766 0.7195302332217367 0.5739122851963937 0.3472290576556851 0.5913648130504767 0.8059180479430863 0.40036029525755557 0.9733408656448096 0.5586515670944006 0.6930820492504686 0.2481273882633639 0.8314121468022809 0.7407116346645704 0.44760294328186045 0.6331941053543044 0.4724210698506284 0.050077699392694686 0.8255277700150099 0.8479811112591965 0.7403017632831185 0.2982440666245627 0.037674570930376294 0.8816039357233026 0.7580102126859023 0.17892870084577484 0.3081287265763638 0.5376726219138951 0.16199038462833149 0.9297368052208265 0.38658949271143117 0.8940242530816863 0.6800297319735004 0.8927048917469271 0.7502572778418442 0.0967760546619294 0.7425380768276575 0.018056149492965523 0.9635343349858073 0.16975554280623595 0.5268993120838809 0.526670884810669 0.29261142065130785 0.6449349596516656 0.9220796123605537 0.6819229784272529 0.6351458236001641 0.7273983608638445 0.46811399234385354 0.4474082715810711 0.6339337162016256 0.940509527585865 0.3720437240106298 0.5127067998217816 0.4238318015449192 0.2643891812067135 0.7016652928319166 0.39087262767934716 0.20057666437959654 0.16695458636383242
0.9907739900312328 0.9492655819156925 0.5230362705139406 0.04985318541686545 0.45660382938862665 0.8539932726497803 0.445268368461577 0.3008228783683734 0.7065572614634432 0.03943584338586681 0.7200468223804597 0.770038024837109 0.9974359465977665 0.56553349387402 0.9225119969336882 0.16286806647078422 0.5976636320711038 0.3903878050655931 0.08696451722788634 0.26917859259344046 0.23681031472683622 0.12344987755420678 0.8502029868796153 0.7989181495082964 0.05736114823917804 0.6919416835175329 0.21916813944861657 0.6270564775294658 0.09316844800893187 0.0021263753027337406 0.5210577780711075 0.6349684959281497 0.24165121144078905 0.8732990619835627 0.5337391020193151 0.8382996697657222 0.3263456236666109 0.8787492996338783 0.6393834816671966 0.750249279061179 0.2285923946766487 0.8992732025596651 0.5924217711769325 0.9134206058189809 0.9972423340813725 0.997386332379574 0.20063808562435625 0.9069250227126353 0.5794437089200657 0.29084707738681403 0.12346863725349633 0.7977939212566181 0.19476792834635848 0.008543470179891322 0.5870581509113149 0.30657935721769525 0.22119587655600248 0.9251311209848767 0.25366401610548284 0.31727257553008825 0.9501801319152438 0.8462127285408807 0.11827609725160748 0.2827629807039922 0.9187003616587027 0.601686552801384 0.7710170415133728 0.7972463338612966 0.2267009436678279 0.6090071153224071 0.2970204464479135 0.8074579450443379 0.5515341003676668 0.5164122340452382 0.36926787310268416 0.3141568583864529 0.7978325251860506 0.682190455920382 0.32135438909959957 0.9119122087060466 0.9263541405444219 0.027618250821557444 0.7759572080843966 0.13960144670694752 0.8589723552436915 0.11985065813121731 0.2724162660522157 0.9326853109388575 0.46715218330030817 0.8525616988342138 0.6553951910289258 0.7662670372153074 0.3811741758645891 0.9172406568774386 0.13744982143080609 0.8864466740191309 0.13242227274968033 0.5715223909631661 0.29415416022617513 0.499177135526386 0.018944596761867216 0.2787047060973741 0.6647533974628062 0.2351287453539902 0.6584865959532736 0.8334622042589759 0.4645319744925236 0.5447883380513422 0.7173365822927585 0.29869281485120736 0.04185749902615865 0.1954115256168708 0.625119512680953 0.8625125024416898 0.8815596974841262 0.01319172572020455 0.250376715395072 0.7886701996130996 0.41299547059062536 0.1702469144436407 0.7151874092138998 0.07360145824112108 0.5383409858072475 0.07958133565938885 0.6926041683587004 0.9585851908951304 0.9095817421828281 0.2784591552741559 0.7857602910515907 0.9933236560186937 0.11933023632044959 0.9863848457640924 0.9414715375104179 0.12839608698099558 0.45381609649131915 0.8052149647311485 0.6015276280938203 0.5017696875437522 0.26771449541891124 0.6910043404348303 0.3998039317807556 0.18229323775027384 0.4856511828464488 0.6790884932055594 0.848032835994542 0.0531537962723877 0.7116587288644763 0.9303097224270386 0.8150560867641377 0.09200975031137215 0.5770105923627751 0.37130464357617643 0.5654923114329107 0.5518284494907144 0.0565165880010603 0.9905492867711512 0.7525028324177748 0.9154964132101339 0.8282379775469175 0.32553698281890653 0.2714413836894165 0.705570115849982 0.27990247257499246 0.28489551878195674 0.33145123968214885 0.9615930469634867 0.7571332928869196 0.5402262115122229 0.16141260025852933 0.5550527503710808 0.5626611782773316 0.17916747186285276 0.893394993849983 0.04780042080588409 0.058316805671941085 0.7810374124052399 0.17206148725571557 0.7342349808206419 0.5873962566344548 0.276010255373084 0.476852586916403 0.032458913539031076 0.8858445231138838 0.7173013525824413 0.4549629647090182 0.12102893213702337 0.7016022485293462 0.5760059971148317 0.23592951601997203 0.9901894023991868 0.20877622547197483 0.7279100711395582 0.8840415341225636 0.47223362033430194 0.0234286399961523 0.7876819312043655 0.9888838454420462 0.7636882673453984 0.7301467800605759 0.9977243877040339
0.3004830701077481 0.797949747513485 0.7837442463469768 0.21113978938449762 0.3861445504653148 0.06752634888691955 0.0978197932070195 0.2550183999021657 0.028949976509601516 0.888730318704883 0.07583629102510836 0.19919049556981816 0.03602971334053595 0.436004131884719 0.1733361228408734 0.7990399608220844 0.09918732016859633 0.37306297928221743 0.09121784221690588 0.046326751196005045 0.5654308123697493 0.8344497709991641 0.1904314320107081 0.47456398938287714 0.10804623112693013 0.3857897540064832 0.7008539276516111 0.45692373964906163 0.9444369709997411 0.4631825001467308 0.06031414395421908 0.9861437800358658 0.21269370576446778 0.3206774557197992 0.9409501148979874 0.30208696035226335 0.13290654457367235 0.6592233635651588 0.3975452117071845 0.46999692821147554 0.24650063469975447 0.7268749276183997 0.21785756821027868 0.30505227146515135 0.6731938366183337 0.2962899471567896 0.9955091899625086 0.3902185941681169 0.8748928472206018 0.6796761395574442 0.5491404410525309 0.21346240426381013 0.7290077722770566 0.28714023898898233 0.036013765173391055 0.5062403817534809 0.8774946710151114 0.30514691937127514 0.8156883584454634 0.948807859054835 0.8889264822482016 0.31214684554732186 0.8458556512565657 0.8093772494399537 0.26104806315635487 0.6361004528919542 0.5552936498845774 0.2816207141842846 0.940321301171909 0.3990834613500134 0.7973334648360573 0.4460646444490358 0.19710548900384162 0.3846606055650167 0.2456332714553936 0.8629246615960995 0.17003630195826425 0.5457340546839231 0.8003384462554194 0.07268285902773663 0.8868087535709162 0.3869011641262199 0.6509084919889788 0.3307753789300347 0.14738554153602057 0.4870057229518494 0.9119347010037487 0.17252910512963815 0.01078586312378571 0.41499202951231196 0.02214839465828966 0.3441207230664427 0.5495679085516141 0.7403600030807979 0.7304606588741254 0.33004859657997865 0.31296431068022434 0.9293716964256034 0.2041490943780785 0.5309823753456331 0.7197072527857173 0.29425613695735386 0.20368995322666428 0.1375600561726228 0.722459429804101 0.3394151791797352 0.4840591218338627 0.2559629966932918 0.6914488357954072 0.8982867379397685 0.25973582380853333 0.29349127538143793 0.642745790282348 0.12596621185821633 0.9600540417025277 0.24783187712302013 0.5818956410011373 0.8165319055644554 0.7769369026134869 0.8575060989372781 0.9819807185651515 0.9268837310638234 0.3850500146312643 0.8355290803986678 0.6848850398543906 0.547362591846295 0.8816390751397811 0.9119559211232732 0.037800569281578156 0.5914782596800768 0.986119547977943 0.3308925616312218 0.03185794345281967 0.5511317139068855 0.010087002356286456 0.008361091681102106 0.1868831831071769 0.13592507493411932 0.42320042342294995 0.3985683048458839 0.06427322296432847 0.7933679698577512 0.0892099467606412 0.5867187915973365 0.5498889928077433 0.6095562498274687 0.12530007755404093 0.19736999088036156 0.5295762683935603 0.6445165571970436 0.40030975405091906 0.38649694750604036 0.8403246756548183 0.9571560222057407 0.19997771541099107 0.9428566431409404 0.3406481697632723 0.9295661219502938 0.7054277014325312 0.42789144737380413 0.7322876927681862 0.34354437053330245 0.5709879711460077 0.11528678491207844 0.3646273740028042 0.9653451307647131 0.30363976887467903 0.510219874875467 0.6770364214180691 0.5162657821265322 0.8643221749027408 0.8170190335222088 0.382751982777232 0.6305562524850937 0.8437284919459445 0.26519265903573996 0.8105172885142367 0.4606938478746605 0.8434516226527182 0.5078886939792366 0.1872669300432661 0.8277677592925864 0.02044202548788543 0.27375836606232684 0.10896937866125123 0.28607455716451224 0.7566920423194086 0.18118753817302613 0.4712773702631218 0.5777157794053382 0.3652545460501523 0.32802381250061785 0.8660957972410278 0.8343522211318642 0.655024446603056 0.96876357052633 0.4893906216861357 0.8707686345456914 0.1555800262668957 0.31992689064804025
0.2787127917141615 0.23975148609411223 0.32407198416399996 0.22656688170761152 0.017903362551850766 0.16848521470089628 0.4512505671608964 0.6452520486867379 0.80142350741592 0.38835723542659506 0.6433038946925252 0.03798713305627199 0.7900154226722426 0.5584200978994891 0.9935875001942672 0.23617353153509923 0.4528825561121881 0.15333183076417434 0.9079834489704086 0.6217913376205475 0.3320444255160089 0.7935202464337412 0.9215741352319835 0.15251445908820083 0.13100190788877197 0.7177462123649326 0.8212536789812004 0.16862864153171453 0.4142081928754294 0.01789244684094471 0.4317991370099985 0.12501712801517495 0.5440667634470623 0.45973243017158916 0.6380684235009555 0.9308949271216642 0.9396109164675103 0.584565801486509 0.7153627233230118 0.1618820486333865 0.5884396074189997 0.3268944003224903 0.7191467548094611 0.9817956390090528 0.6104722075068373 0.9528461140954588 0.055399246507892186 0.5074093197249444 0.3411899155950171 0.6067921812967946 0.9688224862633855 0.28408003706164064 0.2315244279115981 0.05744875557335727 0.9385364060959548 0.5903844744511618 0.08487301466286823 0.7587992286491272 0.19526364017162912 0.030296251291186627 0.860012124876475 0.13748543212917463 0.42691670075547583 0.7017061550491763 0.9601925575599137 0.5900627969660474 0.2952492743417303 0.10053674355898512 0.6723081399608489 0.11995994970984403 0.4596366089520242 0.6284018154623536 0.15834175663157557 0.366148140890608 0.9131052963515138 0.6091251873070512 0.2923913222511707 0.12787917938143523 0.49019129320430344 0.8953803287957488 0.8589932275199494 0.12556278942757182 0.2171748308067113 0.8061742029345035 0.8701446428961306 0.7295475255595101 0.3360070601023374 0.94894095881522 0.9177926115203014 0.5803708167947073 0.47871665519395123 0.6385038096121681 0.9625004854657782 0.903212308796263 0.508437456947853 0.17291208483181697 0.7044329910429835 0.740544888558211 0.8591399516208397 0.6697569061781126 0.13355512203417685 0.3243119209651846 0.5577850108014788 0.3914418566382315 0.5566568521618205 0.716963249493695 0.162459540749336 0.33719612387403486 0.07529242647070244 0.28551877064988795 0.018021770780568547 0.7562241871168018 0.9554121828504732 0.06091397740933491 0.05370121841168507 0.5391383441769152 0.7626805010728622 0.24014270634067203 0.9062811756959496 0.32225310775745175 0.06724136493154986 0.6059088859621732 0.5218447015823549 0.15458778424011255 0.3174256661287107 0.07828388772105777 0.09799542016216556 0.4976893969761286 0.5117249763146683 0.5872317291790626 0.01501636882863222 0.17022903525269129 0.07129562034395165 0.2628029302937528 0.5792025013127267 0.8110134659687991 0.2674525411668436 0.3352471106591687 0.3045249630804516 0.10506795618569431 0.3645045947471318 0.31031725855335324 0.5225684603871361 0.44770135966275115 0.8398045347899997 0.8219909928558694 0.8358514060790354 0.6095286836450787 0.4766317444860546 0.9741831606261593 0.36477472598317917 0.09861549409630066 0.7040319218550324 0.41340551756071076 0.5443619778762477 0.3710635753519045 0.9133647898124589 0.7273442291411252 0.4567941917804915 0.3608303058069533 0.4415654903868691 0.5483105175054378 0.6026435236738805 0.7202565133802878 0.429567502028796 0.1318063517828496 0.22604183169081082 0.051874223337468384 0.3723481015981017 0.531282592589153 0.15997080879137515 0.8690974178279123 0.08813822477997124 0.5070609355219668 0.26543125679403323 0.07322607762546107 0.48579023480879624 0.06240075047102789 0.7666371924183047 0.11017239715264804 0.032664431973570496 0.4457490937748235 0.7428831571740867 0.7082179764427033 0.8906995350935958 0.8633980697963695 0.4391134983885058 0.10969895852273104 0.7460767200190205 0.5623232746279566 0.8904950613022046 0.7674838398218041 0.729069062397715 0.2188411400783885 0.23433834412410526 0.7472000127035758 0.9533980249377786 0.8933455967435119 0.2196889341042293 0.14903596142859032
0.483375749849568 0.6038705077528373 0.516083723770009 0.476010080419107 0.42553201983741484 0.44356743766421836 0.050984065512996724 0.5518016289941361 0.7152314169901788 0.9440832377781768 0.8635686060164524 0.8607144487626586 0.8861429278702886 0.733818926564293 0.11954513963470814 0.8371898834462574 0.2939319874197187 0.3558082908231939 0.0222755690824199 0.4662144227295726 0.9499412252583589 0.7354974277795343 0.4110853751370782 0.17959154221306484 0.928472613618578 0.748246139094643 0.6397947278327736 0.17226493641414053 0.9471393698860328 0.4114483417408541 0.96377608250447 0.8016063740133911 0.12632465866528886 0.05383388941590317 0.14219840828566144 0.91780046740993 0.33992860924371726 0.5697007404044261 0.07453733500914883 0.6943737246916061 0.6588566824385159 0.04341784141561289 0.5055821188693161 0.6639343044688014 0.26725525083117696 0.5599429718377611 0.10069467902579377 0.3789530069711089 0.2825892645477538 0.03198990457449846 0.7161817252101887 0.4734987790131837 0.5465039378392605 0.4731676485822258 0.9054997474856086 0.41256216691143055 0.7496504417805616 0.5287942197132091 0.9870696677040286 0.07262933148925954 0.6683088922927058 0.957573989362253 0.21944931379489085 0.9795465164790685 0.8196623053286421 0.5693464626433548 0.6811576320335184 0.7253293333830274 0.6762858933639978 0.7329483338117241 0.04157444214443151 0.3662113359471245 0.8414121596643535 0.5794241495692039 0.7835847967673639 0.7206387537924333 0.2681233149206853 0.3885139651568196 0.239540535554435 0.42235853350333474 0.8266424380814301 0.7633204929373818 0.26367777544931814 0.9261512881128271 0.8627911350344959 0.12596997817965228 0.35620355632530154 0.6260715279801878 0.38708080596138894 0.7951176813371398 0.679962493311781 0.7495342065383395 0.5516765135577366 0.9729841657648276 0.8061189504571786 0.8145735022339702 0.1435709560079106 0.72004413979722 0.5086182005866433 0.6655444445717236 0.6638107845079361 0.24631357651901142 0.814978964226139 0.29696841185773315 0.25581898272173165 0.27856309316451555 0.6083375409590576 0.48053681059385045 0.019611605381427588 0.15888989531902387 0.8466755321876664 0.10134033809244913 0.6680737186136049 0.7261517215302777 0.16541571140297018 0.8698198657195765 0.828786969242718 0.9789422695263477 0.7564385110734317 0.4288997399368627 0.42989451588151684 0.7759494332193709 0.11855290225725401 0.4467607128601311 0.9349421774546931 0.9274720150098019 0.3187105131596534 0.5738549503178719 0.859765860257393 0.423697211509667 0.8437838602820108 0.34912041354489864 0.9030569053952412 0.20384060510545332 0.15490711202989627 0.0002508596146573172 0.055112854172700176 0.9674271799436416 0.05978664663270694 0.6989939681225731 0.2429397003118292 0.644385297021547 0.8146010959196103 0.632846440377682 0.634473851466391 0.05770507704819827 0.8473096269453191 0.5273571261832011 0.7388403727125411 0.8302242708019786 0.6734716900530727 0.17361348716096192 0.5981877414556349 0.09417606489123331 0.28265217990868796 0.6837561310368642 0.011792974345556373 0.6514148889830802 0.6319260756126769 0.17411522980914396 0.2360901101967502 0.9678415476138695 0.24622449877383268 0.4682872651469845 0.58659377199922 0.94186041845914 0.5665922619729066 0.6402965341951111 0.9731039714347405 0.6806916677724653 0.8195548398697443 0.8649534977917339 0.37940624327893746 0.07848838755573995 0.7261643312135206 0.4418685119669902 0.7748093582355557 0.5780551103390776 0.39102393506722233 0.6163622967152589 0.06007894459126384 0.7312138650010028 0.5729789514326906 0.5561152350671293 0.19907562584368632 0.489834139086755 0.3819995537292097 0.08021316800650868 0.22363785120892976 0.510163836837362 0.3600897148088086 0.3216889326828536 0.5832950908484491 0.6620016898922806 0.05412447638937534 0.3448944611982375 0.18168197199608094 0.8460481681261771 0.2352295803874337 0.021159363128065767
0.7724581871571912 0.13952947096880763 0.904673536882053 0.878900511485386 0.8751301884558508 0.2949577948303761 0.6245535747439586 0.09216590652165713 0.31380720413178775 0.09249811900619187 0.6333596458581912 0.008556122444822845 0.6599993200607368 0.7496085944354519 0.9160240572699857 0.9292564796867868 0.6153508865839443 0.6164191446802191 0.08089109071652434 0.08747387009165442 0.25187580669304654 0.7939455136738368 0.1136104611907841 0.3983695561021049 0.023410262405730298 0.46741541265394815 0.29057183160734823 0.7257597118020535 0.21117645771981342 0.2068713441530261 0.9847501003789593 0.1537421078000244 0.6764254221201323 0.43775262233116274 0.06320170111479062 0.7009912646365285 0.24660007623433966 0.39536354014292874 0.8976325144754812 0.5272728460180313 0.12379780847259847 0.3848691542939663 0.3735532088691982 0.5221072972816228 0.26532968674847535 0.8680152779170238 0.18592625375936433 0.7048211788123988 0.4178690120189912 0.5243192809569411 0.5819467469757493 0.21576563154408768 0.10294178189873626 0.5531829357480627 0.45304450781910033 0.9663148350740276 0.5417810067533542 0.4906103100697815 0.18453013825020792 0.38828085934838996 0.3498904666774354 0.7382968590899144 0.178759375091051 0.9646882187094067 0.07423118261896366 0.5039358548514945 0.19213335902735396 0.4005337018789834 0.10429189911435233 0.25182528767044077 0.3993294383055265 0.22849920594243078 0.4967089530851968 0.7277460767051223 0.8245839598471023 0.7181240702874173 0.32038826044527524 0.7684355406040395 0.753173372526574 0.7726664596402381 0.5534362068217028 0.2454875238437998 0.8758525103216507 0.3351564973780572 0.17093422337505793 0.2641872694231179 0.7014373753688888 0.9323817823338173 0.7414337777295984 0.7959489110760163 0.6583976815150068 0.28748176972311135 0.3798716242651464 0.3437067255556012 0.9039261973390573 0.8840175169180294 0.8739483763163702 0.9434027621680855 0.09386056299941725 0.5242661238633692 0.4082239310956495 0.31458291292032703 0.9891029090000942 0.10646515278707114 0.4759301801138365 0.572717146102752 0.6854651042108443 0.6570292128926004 0.5943214749789122 0.5348803765910229 0.6168402480918038 0.6654056314722391 0.4679102861400135 0.16453296186891309 0.3404696981414561 0.9810872322338784 0.15092462898365722 0.4259142686623253 0.5949583561041527 0.262307656366807 0.6632825898634165 0.19219782515367234 0.9359729842324981 0.4893665936978596 0.12089009352786473 0.25264218088997814 0.895668303917142 0.3942817175978026 0.2786337182903805 0.731998105620417 0.885545217606001 0.1506188347883145 0.11002635155313445 0.9488721109171939 0.5761494872152438 0.18229240841614225 0.7216795186649249 0.8363341417012804 0.5306720917883455 0.07701243304944327 0.5774889823871252 0.2535015382033753 0.9166707145095947 0.3997691596467977 0.8166995661843084 0.47219679987091623 0.17640823104831194 0.9020664612927715 0.5084987188786024 0.22722904073641081 0.780444400005438 0.3602024554890364 0.19381597141078954 0.7206708589054601 0.007893591894539531 0.9261848237207833 0.3301283323811106 0.619753501671403 0.6510310291671949 0.8894706958697517 0.6561418965021028 0.13015514827570807 0.5079763116067356 0.3461857620615525 0.8376176061130127 0.7556815630683442 0.5648009081799821 0.5226715383450793 0.8192457887493464 0.1700095591374503 0.2892063263688004 0.4748810243734688 0.15297772395985487 0.1723032333697555 0.022813520567609213 0.2941732125192381 0.9079400372589522 0.4601851528128317 0.4016938789713327 0.23412459027990784 0.5578047708665835 0.8742628739047623 0.1059352623816554 0.903249964415636 0.47832465544401404 0.10865852427768752 0.7269618684753748 0.8132218012425848 0.7457507648799726 0.5935316617697427 0.4488731672916514 0.14869249808399232 0.4726994252130299 0.9706367927341342 0.7343096994038495 0.6623389140936318 0.20372240024167565 0.514694118221374 0.25423472440404205 0.7744625928853867
0.02354546318887696 0.19915018344426538 0.1989805532539085 0.3833103942497632 0.024900714675206048 0.24172327680386352 0.031185830889459254 0.7892867112789962 0.487121432650784 0.6165704688444535 0.8343400475328755 0.1740789228714199 0.5387150403842955 0.40767900039049654 0.7130147630980908 0.32711126946636393 0.6434264690828326 0.2506434296121399 0.7338671204734941 0.5974835952929047 0.37141694879351217 0.017865382120881512 0.7176022517738216 0.4365250457529791 0.5401272637429538 0.8484298005407854 0.3701318519572836 0.9209029735040761 0.844492294048544 0.10101369090410939 0.9548242595781773 0.9232495093774753 0.5995482075203359 0.4862234691747299 0.7160858805712451 0.9051628574523573 0.9551153173776015 0.6021371698719493 0.3500417431411925 0.15082678629783297 0.8479307569208407 0.31098316932362335 0.14738608161312827 0.7621393480673084 0.9416532440909021 0.8774630078963733 0.024812737475291335 0.32229857847132837 0.526403137719542 0.5768674709093115 0.4511849913603281 0.6347956825802215 0.415983468526981 0.8261951456184273 0.12352535059619707 0.5985020377742709 0.6894600691253835 0.28955360988318457 0.4004173214405178 0.8125825545845651 0.3513156800295013 0.468572796532821 0.4075668703333378 0.8492306676793387 0.08570653345919221 0.6987146533924878 0.40803710285912864 0.8093360764691783 0.44031860376227383 0.7463179158014086 0.4164707370480205 0.5714043412927309 0.12100514368012827 0.6177826967980901 0.1839043398960435 0.6893430016342885 0.8678265547670061 0.7893562617760078 0.04746213455472548 0.9425020363920439 0.37281001404701186 0.8160587964559756 0.6412190908197876 0.6624773549549604 0.29943731307995125 0.9205078590971159 0.29558228428530997 0.29503614222163654 0.9466021859276679 0.3367407482644723 0.3725785146253199 0.34931601059396156 0.6185579078626504 0.6911725636214539 0.17698087273251362 0.5310926799667005 0.6070228306194069 0.5895463714151243 0.3330085419617643 0.3791588060861313 0.49047971075785246 0.7415994851366648 0.5109346687397298 0.9513685640631663 0.8608067848860343 0.46995042811292553 0.6819146026210772 0.38555353987668384 0.919922155753464 0.17540414156689643 0.5238889692997495 0.057460886071649786 0.6606100629473853 0.7754154719516931 0.33533976364744755 0.02349741429783292 0.272504498305857 0.5209716551296147 0.14575273107297182 0.6165666909492659 0.7593046279037925 0.0026307633413983345 0.16948026775771619 0.8895721400622435 0.3504828817459056 0.7828585304273498 0.43492684014904137 0.48503891770902996 0.8334014081158704 0.26317386861605085 0.38913387879562855 0.7991284574663092 0.7876379401838903 0.8493918805097591 0.8261815964827227 0.252452676355448 0.19804484582240744 0.45878273822475735 0.3355419959846704 0.5678879178888324 0.7077753066571851 0.26011060679715625 0.28929358154920526 0.024434329102097307 0.16960650950834333 0.37425131255204236 0.15828351423448428 0.34117121584261334 0.6337325446051746 0.5661194088776735 0.7076706296690612 0.2023032050576976 0.35438638156849434 0.358661054818295 0.47667535313866227 0.22224813579247438 0.1729635176044949 0.497720663796247 0.546793876783822 0.2999359108715991 0.9523492734649784 0.1187816663731609 0.4568380174133685 0.4143304865540388 0.8545193399183468 0.5896448669290308 0.2725166194279328 0.8730636922299 0.6834999292631166 0.5877440370837917 0.3102392469335542 0.17081275124370365 0.020145035078237394 0.6749348579822 0.6358521085109069 0.6212231704100744 0.19784684545298958 0.3627209079125828 0.7912872518341038 0.31132081961710056 0.21237617256338692 0.9763133874530259 0.24055565642923882 0.41603210689586767 0.23308272175709577 0.28080610819490237 0.9785073088037262 0.9950553340908564 0.9764043328072006 0.6926325170847949 0.010750098071789282 0.02301657324277806 0.5629312416666804 0.011769167073033993 0.5443881995823999 0.8772101840336235 0.04250447937306745 0.8137362065027973 0.19100832974101967 0.333266702971437
0.003437453093492304 0.6946628985530048 0.8816949867484805 0.4205451941880707 0.6245872912577701 0.33172663211383113 0.11270053830141535 0.21208626871104563 0.6913193961719747 0.6259195171834898 0.22329073977223346 0.36678808682542674 0.68807835390901 0.3039108881703406 0.5618740380646419 0.8901385854290649 0.6352933791133152 0.3137266068191511 0.3271682893694833 0.16888317128064168 0.9751729586952078 0.18262855629110997 0.434999506531458 0.170986751532056 0.8848288769361388 0.4072655125273973 0.9308400478000917 0.7862637785100883 0.3844372767888746 0.7862181642738829 0.13820042260693843 0.45022057116953196 0.5565602302927526 0.9713301883039476 0.07805447344561423 0.47093857138048656 0.47335476820425015 0.37719739744647907 0.9065018534199129 0.914104028407746 0.40433350676682966 0.14797118982026214 0.8002870797486723 0.4988651347845241 0.34362601962666484 0.09011666075379576 0.40626520721650616 0.4790296983238683 0.46544065598655426 0.7690756295971443 0.7623564181928167 0.36169547291223725 0.8978091403270965 0.329802996204844 0.7497488748533607 0.5439508385492332 0.25543710221015725 0.7890968448777337 0.5949421567580399 0.11366232833780043 0.30462718735873007 0.9996338978797157 0.04532190702998151 0.9067765551181769 0.12531720084041176 0.24891883756385225 0.08812598371872093 0.0570705172663849 0.7710753079455789 0.4815539691350248 0.854977545841944 0.7132051295639547 0.2648627213867768 0.7647588818105908 0.0007549846418359873 0.5719328281195895 0.6254486715577486 0.4627227739405648 0.4612294389699799 0.33345398592713027 0.09057158254294939 0.6381000941425913 0.565495342063964 0.7189320767641306 0.442411353353901 0.6714122458218161 0.007742365287033204 0.2940523243316491 0.9268106102940701 0.10310447328968819 0.6881848791455643 0.6538160306535239 0.6387991781314997 0.9223072809322512 0.030382092110020964 0.7636146499583545 0.2533272735431453 0.006058366745306576 0.36058483973033484 0.300134258124397 0.26377958072298346 0.7713249822672634 0.5541375419566679 0.19716540112572245 0.5979223863669261 0.1616738701842092 0.030731075910074068 0.6514955286613672 0.2993650153711682 0.15141377981962179 0.7758758974469004 0.1667941647399106 0.6322987488982195 0.34755503969165014 0.31180947669971915 0.949706980600651 0.4488027523723529 0.2181878755889073 0.9417320466169253 0.9219796020325975 0.8583200272240287 0.9694447067809225 0.3709758221240671 0.45666953025565604 0.8816965829901288 0.7080458100455616 0.44805253715732074 0.8442288332735645 0.9904786596324687 0.35329261296414805 0.9869304755716717 0.5894751679069784 0.22158368330568312 0.14761180597458345 0.336676749044182 0.5724090651952188 0.5035625084917266 0.3342135209141037 0.35039721199442353 0.5919218413213934 0.3129345192881221 0.8526395591025834 0.9529583588281256 0.9707276643396893 0.6366093136742024 0.9219813661237377 0.4946832437583193 0.7650614261300753 0.2141586557342211 0.8483609869976708 0.031757924383371106 0.6800840530408059 0.5555444121606551 0.09793875627186566 0.849717166999372 0.46350613782729233 0.30304253788913205 0.4233048303228073 0.27463251526339805 0.7558304745863517 0.7335155747263515 0.9187761025021337 0.0920510303244696 0.003087755319463259 0.47498779119244106 0.050239120325465625 0.6086354831672971 0.3922885945587058 0.5991381023893803 0.07565662047291644 0.30795178611910146 0.176043777838381 0.3628890399291722 0.6919224424884418 0.3713726028616374 0.2772156742830175 0.8979806679835901 0.2904006974515968 0.1680535553361011 0.7182659010714793 0.8033297895931361 0.6205623915095215 0.4454523416915047 0.45922485990362905 0.9419437090920145 0.18413103461711244 0.03805385446509724 0.5646122207501256 0.5345456147837909 0.15313057474955172 0.3639912106197156 0.7489909822348209 0.17424607095897704 0.37610522413285874 0.7606564199809372 0.9879597499879285 0.5135727498704584 0.20767043789371242 0.645879092278241 0.5442798556058827
0.18519919312755484 0.5253904238715342 0.3077531754309346 0.6658732466454279 0.753899004162525 0.6310447603707791 0.4960327478570665 0.9373100046260969 0.12280615958230112 0.11199890502592058 0.7246491286982487 0.08314959863080873 0.29481745946539495 0.37054409718722003 0.1313561632884468 0.1678072856990691 0.4212390028855526 0.5791460183664939 0.32279405816760054 0.7302496449351397 0.1057925667336087 0.8659228682200273 0.34825531993364334 0.8096289156413528 0.6367996454966125 0.23934356620861075 0.502483169241203 0.8427625566516364 0.695654182603227 0.19898323173031773 0.3303889021510523 0.6293532415615749 0.8969727462018755 0.3186701413212607 0.6929476893056422 0.3564051321439762 0.999894224279497 0.3921352151467844 0.3229822049554354 0.43193356832290586 0.09480631560655439 0.7240431390886858 0.7382303155656051 0.39569107389882974 0.6735728530024558 0.1166451028034915 0.07563879284679387 0.2402919345583272 0.37144267827806965 0.29980168126792495 0.5491433685879906 0.2819204827473131 0.3104667321229918 0.6357718765817896 0.9321245891270254 0.8231930404726829 0.2579510027700156 0.8684592932063943 0.3566265231335658 0.7092383066885815 0.6062605983196605 0.8159387395405703 0.7660303296519259 0.8905812676233826 0.763836888754541 0.8947525522115823 0.28529315743411066 0.09652869313855239 0.16540127053427578 0.8310043894896804 0.7281651854353675 0.20130951627872762 0.6016420943445634 0.3488304494936143 0.12490061812159259 0.8694986966679736 0.9045061548889697 0.37626369176072394 0.9741238956742808 0.9181154572016488 0.4097787610610628 0.9257168238456809 0.8139694187604117 0.09748610408738034 0.5874259339323613 0.07572234463882699 0.3940366767934792 0.36651073750445495 0.8468080920669088 0.626372912226276 0.48666354975140436 0.4307361254879143 0.35817787604267437 0.7089061269191232 0.5031758596746322 0.08819666504530799 0.3287449017601841 0.39473855429656024 0.7304404361187153 0.3932865475853683 0.10771593345644304 0.4903877517801297 0.0689362680955008 0.8778395310644084 0.7046215202052605 0.4376831193087659 0.9141382846237159 0.1956897814806754 0.5749801569285732 0.8497101204247067 0.1805639166889733 0.5804347713067343 0.8520580215974611 0.683001764783484 0.924541081980469 0.7145494855822531 0.6923281467103779 0.0131717197859188 0.4697679119642849 0.17463931664485 0.3435181956096549 0.9101129242755039 0.013513244677113456 0.6437174795999108 0.3980969833079041 0.19356081588935037 0.9055058824835001 0.362437897118986 0.6473534492488635 0.8688177055521061 0.18679033841325476 0.3626557837783968 0.35419470203195313 0.5351831197970767 0.9564917024149177 0.6402570204261462 0.010233616408189983 0.42826402498278204 0.6719026764500972 0.732713771547094 0.506329364370008 0.592792560146019 0.2304753106064732 0.8537317155757989 0.34147830951460734 0.7778353084316202 0.8539887706512148 0.8710812234450671 0.13359330912311296 0.5261731122381145 0.5935140165896219 0.0917185961699849 0.47769979053020206 0.6044530486195936 0.35324764774421225 0.8896740588522035 0.7847566429476754 0.9199913658401812 0.9379642387280499 0.37987597002756757 0.047314637057746634 0.3058735370724547 0.8400595887427247 0.6494554233912668 0.6137112281846309 0.7621756854350481 0.6321669101729293 0.8437196216366278 0.07961814845634663 0.3557734450935728 0.4247874584894029 0.45004389616092044 0.8419879502507973 0.8062434934062858 0.7393309225166397 0.14020018428726844 0.6038147943277707 0.0042589161181214585 0.7087477439477045 0.35683501840787013 0.5737798160493323 0.5529811379971724 0.5524817809221699 0.4686750579605149 0.6808958334123356 0.1325016220500086 0.9923314730230097 0.5296389252753982 0.46909023738455613 0.6527282659402666 0.08841961286446298 0.15201616579585997 0.8763334443251065 0.1870912675724511 0.6322441608246914 0.7652509789196059 0.023481429004300503 0.4364499433093789 0.16208835810398448 0.6437457968582088
0.3371783955668416 0.07217575515701802 0.8576672666280637 0.9100891606232551 0.8991007277582909 0.39544229820905785 0.5882385679871404 0.681503932791432 0.7997083530829394 0.4074130920410839 0.7380593632192818 0.7175598245245403 0.060688808112490666 0.25042329668500996 0.17193045975712473 0.5296139877314344 0.5744134327285244 0.8179893848196119 0.06590264700330517 0.5257848403245636 0.10721305544998871 0.3240650309767402 0.7404499849158561 0.16764401401194295 0.2778299468371255 0.012401553057236447 0.22858366171641753 0.24429740338088313 0.9267044899676469 0.9490200572126374 0.5994394732133425 0.24218378844952937 0.25414988016900153 0.39849606822519756 0.7304727632443772 0.6964585620613902 0.9153243377920105 0.9381953921297964 0.4450149209175286 0.3643495965397454 0.09423733400989376 0.6335581758059643 0.6775321910174319 0.975581517988176 0.03547236846658963 0.3841248436853949 0.32168303755630057 0.7957606571398216 0.3885882558938393 0.35802414376733516 0.39572482411810894 0.9812202389815716 0.8402010343532647 0.33882564862907016 0.20234261392059072 0.34217696102170436 0.9070853941837962 0.2512172373855064 0.06037929643497553 0.24615412866250086 0.39733884641743833 0.9111063387259521 0.9160386877024854 0.6698603459503689 0.31092873855095715 0.7414365846862205 0.7458646025023751 0.617477805205926 0.44220515547748274 0.5974334830578804 0.7323407812066567 0.2625606618714804 0.9377347210813193 0.22449109673560408 0.8852849579878903 0.6429796771735063 0.9420020867931785 0.6698949154557546 0.18035411795913736 0.979683350207855 0.7163113538612709 0.5736733714573978 0.4619097849792049 0.5900321033104655 0.8309482369450953 0.36946764308936486 0.30569115228311194 0.33270998630338655 0.3024560217924571 0.012317113933531187 0.37548754423489017 0.4035890614796942 0.8181379668044456 0.2545400601017458 0.28447945316493595 0.8774960943914615 0.9244764553840255 0.6151939373740565 0.7556853527461348 0.6100158850420033 0.553441667869827 0.7003306534287495 0.11768706186843292 0.26430168740670046 0.4995782296869421 0.6475269448771827 0.07004372248637414 0.682366812546446 0.8915904822484513 0.8873452873507554 0.5114629744329973 0.7181928008012058 0.9684610814221102 0.2605220944585641 0.6614948282244868 0.3525657294702299 0.5709998646312184 0.6307294510874288 0.31059792999656477 0.6496127029834037 0.32202686846584483 0.536756944171984 0.2884888189108725 0.7142689798179197 0.16228165158853713 0.539377111755921 0.7167811455601288 0.9635051789719205 0.09470644156368213 0.696264039149252 0.2614561223852998 0.8948459522511597 0.2343991869474925 0.37837565108451743 0.696151015294037 0.9493142530190082 0.10959761501951204 0.5260998488045383 0.5751143106275367 0.6021362333314536 0.8432955055418196 0.7071210539536109 0.08997747568004599 0.2838311772755947 0.3950113582206376 0.8652316952418204 0.7743512969566125 0.400871921042959 0.35864745665086784 0.6998251604560413 0.5489130030900117 0.7908193887649493 0.9203271155077485 0.29076056262016725 0.06969971030712652 0.9451037480719049 0.6527396173794551 0.1106111221464795 0.02853254632863167 0.9745057443686986 0.7085451739587929 0.4786848006952198 0.08518719680949705 0.6344675144705896 0.9555242152509811 0.1458731338549779 0.1939826225206257 0.49549329611243076 0.10722420460732673 0.03356089303616361 0.13754845398861548 0.07318266716019228 0.4754114230496923 0.11351477075672911 0.06539683689786757 0.6133810932913195 0.7704935308769251 0.30706304228424897 0.8204758122277359 0.926093697711827 0.31586308099714955 0.5922719498076859 0.9577490035244103 0.05662482459914675 0.47907224987510477 0.15577379508255573 0.8524026748140833 0.029948436145761148 0.8426473677406375 0.6223450344493368 0.2603007544080641 0.6502582543655748 0.11676549165093786 0.9961788694311114 0.22405192291247022 0.5941569947513415 0.5582883828682512 0.30520659941950035 0.7219152246656707 0.03241937670783179
0.265423740908881 0.8132961493343861 0.6135503071232379 0.4122876087482533 0.8553326281115918 0.8637565205726482 0.2043696227507279 0.2936030834880041 0.6305087414860359 0.5593936859460779 0.5747761223821886 0.6023714350608688 0.42642423949074726 0.8422717976559021 0.6888413924757195 0.43548311232967163 0.6787561512010621 0.8247877053769781 0.5592625686228387 0.959397581461914 0.4337234383671338 0.49341346618016024 0.8002566277142186 0.4071716462085917 0.2828548959321854 0.8457805809118446 0.8132690292492062 0.3870529052072016 0.12770611419260303 0.5491471757866454 0.10325958897884013 0.7782578711049232 0.11215443999165531 0.8557848187894667 0.30357527131756645 0.3561162681180067 0.6326806612093309 0.2175133596314397 0.5694549549724208 0.045276360183174935 0.3120441815943379 0.38957128498794213 0.14034654476727404 0.6123498987065135 0.3871819773634929 0.958130871496803 0.1853042293512206 0.061227009814513345 0.2682698210748441 0.9591603855784795 0.6836419150384339 0.17125362433085778 0.18751919079810364 0.21295034909032284 0.2927883483568561 0.3877951166681832 0.6372366402494489 0.9004898393379686 0.9278051969595987 0.39592530353209476 0.9618892908132721 0.3465081485703946 0.5090772143859826 0.9466615199736175 0.7640355445995449 0.7023723079695735 0.9852755885858857 0.5118773762715729 0.2503245925131006 0.05088394605049085 0.029784753916527573 0.04801887433294616 0.6522097548610872 0.7518290689204034 0.813566851983214 0.38640904385752306 0.10953702635010809 0.050007243829203185 0.8190409459453706 0.3943138942644754 0.07213395706307568 0.9615267795658218 0.8438817178428302 0.9359696586203826 0.34588646425549163 0.7235518643382874 0.8109962759964816 0.8489373689629209 0.722729189655091 0.1837759133680974 0.4759678517362147 0.454738886211695 0.9385007266284336 0.8509113079324743 0.7443688338733015 0.2537281386589656 0.05650833053823001 0.9177271850665023 0.18276843328665426 0.16909067362290864 0.752829379892178 0.10957684924795963 0.8013166046931696 0.7012085382105807 0.11923094115749355 0.6952593991979812 0.7022730643478716 0.5043148506304173 0.22296591298155055 0.27425577433049997 0.43432897263643755 0.5821428744502185 0.5991138388808045 0.1565203676650273 0.12881723389612887 0.14459032881564982 0.1797393757089123 0.9672830139053973 0.17300934317527505 0.25331936821321765 0.2415283214976165 0.5029496683506942 0.9901190653348755 0.5571507729197235 0.6043462587588994 0.32465021982708864 0.11938812020062228 0.389501595805158 0.22950293360282703 0.8096844271771858 0.47721874320523683 0.06687674454783377 0.04303644316636446 0.508311831947283 0.025451633207089208 0.3568909640910778 0.4469701502776291 0.04084346591940835 0.5225185702117414 0.09922115551646826 0.8603439294284426 0.5833585011663043 0.6616002466830585 0.9581294190536127 0.8690042254112809 0.08100603203134304 0.2600852829399072 0.0709532703728446 0.2003909423186475 0.7446996871006873 0.46658966245595523 0.0661021861519574 0.4779877503045077 0.4375153508598558 0.11511317708808388 0.6459873798194363 0.6566953453230417 0.23281258820043005 0.05519456171529258 0.20063533289179003 0.8086486595884437 0.35217654621976324 0.8263939109200975 0.6862141701473183 0.12996869368292507 0.02592135866397227 0.8844549310932833 0.602162193868265 0.025659937351187434 0.33869137982138275 0.02825839609249059 0.08274795187145367 0.30252056955723494 0.763472026251009 0.1790295270685096 0.9596891351342294 0.9804470556903327 0.5557532410837996 0.42533198799382477 0.6028535349904117 0.5366190884695923 0.357567012178751 0.4986897214041702 0.4876554205101291 0.2856960442954507 0.40137958086211134 0.010269770786893728 0.14208446162429156 0.0003739255569390476 0.6196230832857433 0.3870063321571111 0.7936654010388526 0.07808228606122514 0.42909873160225986 0.7404068380350048 0.9004587263284141 0.5702233434563553 0.45547807028735277 0.1463731598384207 0.8300160245934036
0.05427505400515975 0.6839344622795085 0.6689235486804119 0.48440922750874016 0.7726533407674618 0.3457346751268662 0.07704383450814067 0.9886368523816618 0.39612260000183186 0.07640247392317556 0.17130990325399742 0.7792659631106459 0.7818273904565836 0.09500125528494519 0.530528407417199 0.8664691339095034 0.28123774138547875 0.02943196714020968 0.8955296498375557 0.00821268919625917 0.1864829430706877 0.5058293968869289 0.6325466546436597 0.14951837858167483 0.4821649961845593 0.3178200040683654 0.005413279991239195 0.27905981198485763 0.9247737786350135 0.6603534077160319 0.8710057279160953 0.6054311252674356 0.3378979426934787 0.8413852787554773 0.7733071687465596 0.046698387630155325 0.8169679037659894 0.7817497253059188 0.9128232380688849 0.3479559726388678 0.026214683685300777 0.4166258980405465 0.011985029008427572 0.5740948748928235 0.4650762266951971 0.9161958614342065 0.4240460150541213 0.895145929891993 0.6950773625217628 0.2445149682446628 0.24149903534632544 0.9421123593748917 0.6436371798302115 0.7513183508652038 0.7598229507927378 0.14565034368506047 0.4276015916581196 0.8051013348181484 0.38600970089002695 0.5451396440542172 0.39683854897502835 0.8109106264498142 0.7192158934781677 0.8122149300492099 0.40557169167147633 0.6686051253085286 0.7786877451293627 0.03410263104342959 0.9355939456013911 0.49938244708065105 0.6421931128102771 0.6303038520446138 0.4231911532082664 0.6752295265411592 0.3677893117498129 0.378527978748186 0.7737792042091473 0.2153391824725821 0.0031310325664261063 0.18684867452491183 0.971516923614924 0.28743477048937993 0.11431059901419283 0.5646631367658735 0.1682879262096415 0.6288573392489718 0.31550991303918474 0.8051995420611053 0.9455805740675908 0.03440066993339741 0.07018663155263949 0.2883886681596609 0.6644072875484057 0.3692190826451973 0.24175816023747088 0.7306707101347303 0.1221598869175392 0.041673999451600996 0.6448066457411064 0.16197418949143927 0.8419710428951905 0.46135896406560684 0.1937077151035157 0.07341450084039325 0.6141933166281982 0.48329604399337767 0.6103944936164584 0.058711243197995144 0.594584657562841 0.8814254496098516 0.4999641369253811 0.3216332554458541 0.7021144767199455 0.5503897623581734 0.9082110567391662 0.6169077104041231 0.8476053323733449 0.34501273726365134 0.7662466275241815 0.8805501723405937 0.2791138291875296 0.18693975459537304 0.5388701758816906 0.5078453269810659 0.8952858813400175 0.15377966345240457 0.5626889462580994 0.6408558724986816 0.12248490860428629 0.48188460800379485 0.527119658257777 0.8702759300304467 0.6376601661274544 0.6022754666409014 0.9815714993385349 0.15817330727365242 0.3179921390916465 0.5436969363620607 0.8845557411572961 0.1287493250905648 0.8618129888776161 0.7444748755845739 0.6808911083673551 0.6448051550231404 0.8858989722967906 0.4254525891717512 0.37344188828845815 0.8216218806203159 0.3527256818711383 0.1370931191739584 0.3211616263606337 0.7978529723348607 0.9767699512275844 0.08427729634662329 0.768489913505744 0.5581121486046821 0.5402124100202813 0.23135350021062662 0.014869210891237827 0.6157871013170465 0.5317546456391219 0.716186068205802 0.8712930058031403 0.36943615011010844 0.22497882875827935 0.3457373929880896 0.8866075162695988 0.7993008660559755 0.18028651198831147 0.0050737990620365325 0.719668694727251 0.9948327035651564 0.3618976767358205 0.3488139676408618 0.35099568941856996 0.4593528568660591 0.5931277713888774 0.018065751474891756 0.7964029035966762 0.7405502669392714 0.3522642922089275 0.1691750879038938 0.48335504128259277 0.8141418254910506 0.5879830893162904 0.0754871692970136 0.27842231415040586 0.35998075070043 0.19375357264026372 0.7591433583099801 0.5144907797916456 0.1019371468697261 0.9464199904397865 0.6561547672749294 0.06257136446989597 0.2975548931180989 0.44069685795798164 0.4222728336916649 0.22969328089306695 0.05511212781977237
0.6611363125813328 0.7795837951254774 0.9589925965813371 0.05117752475613213 0.799949899121815 0.6588362215251823 0.15729424181635887 0.0736350080401208 0.3544036982140659 0.9516883314396672 0.6078466452575206 0.4211607299669159 0.3732039703724037 0.6960153517711393 0.8475590480800196 0.8839749804926712 0.9693152105266623 0.7836315029504753 0.13511785274050947 0.6645758788903641 0.8300405264618697 0.39906368799516934 0.9122740492477116 0.1423454836671364 0.1632759567566543 0.7316253395614567 0.4969173968295886 0.5960435674025535 0.22580492489179604 0.20166404698150986 0.42320164237611957 0.7405567676833308 0.24399573136391672 0.7406096216179867 0.381259205454347 0.006039587472762342 0.6614356042513071 0.6297362568586715 0.758546293797957 0.1666642691456166 0.38438745829502075 0.10407603687317013 0.2332337859852338 0.792989555352068 0.4955132594492795 0.00775549556641042 0.5614925442882825 0.8912926030643361 0.9804943348276527 0.2409057287888713 0.2674678601638313 0.9075192026222615 0.5554716398329275 0.757462854944181 0.6884835628766864 0.11698525885703492 0.18960179829483703 0.591667038656823 0.3096568334931995 0.10366885435013684 0.4623875298042659 0.41936174852740216 0.7784474142992271 0.9833710993350022 0.2575525229608645 0.5439397346807382 0.4913725560419048 0.2954657478800451 0.7506072248114771 0.36042540012361124 0.7108547870234951 0.671904984529819 0.6041377181943223 0.6038435653526867 0.28473101398467693 0.12310324405998485 0.45914550116884256 0.5755302861047867 0.08691555247728411 0.062087663862710696 0.5686114037867264 0.53795805455973 0.5663801044200181 0.881710155921566 0.8303839405739086 0.3461786282131123 0.937442005087543 0.5612238967625494 0.6070125937225671 0.6384534129899848 0.7339214719213404 0.425144374398971 0.8777790671289655 0.07869861128802058 0.14763069383661054 0.05508766847768287 0.3864945186400047 0.83787683219063 0.3641162640839357 0.19360356282189517 0.2218808039817869 0.47739972042171896 0.08573639028800639 0.606444503149827 0.8582702208641761 0.947569183637386 0.4070364414938852 0.06399805832011674 0.06940469792851645 0.9559549714411469 0.6219000660232233 0.5609837130705255 0.7732241975597152 0.7217381796923805 0.3504797363303207 0.6545983545622871 0.20654023398258547 0.09826989515517348 0.4230908238151052 0.12744053652508813 0.6408736676313811 0.3386830110043799 0.44861289464641907 0.012044070091019266 0.8519585718686123 0.10304009707283379 0.6023987490437638 0.7065007214033233 0.472474370167587 0.7674400774424365 0.5813641170000026 0.5318800821717181 0.2980006753957607 0.7451484004421085 0.027449838769710633 0.9292409912964583 0.8125898691217469 0.9258638926176538 0.6311508549103362 0.3692734458551121 0.06951068401573623 0.39680052861771664 0.6964018834550347 0.33169629958337665 0.9296232733612222 0.7740929491850183 0.9741699356083668 0.11500212567699308 0.663921986707371 0.4748532465486436 0.24320341936861767 0.5691529875556417 0.39700029977534956 0.23965453703888184 0.5135818101260922 0.5488539559773715 0.9855328421170956 0.7169874147073041 0.8050611509853592 0.96220153836887 0.2537927330757743 0.6699634784125524 0.4376448896904077 0.8360330690094753 0.5624166278056206 0.9097344774068277 0.6685080794007568 0.8821605660341089 0.28512889968036614 0.13363602389898632 0.6929858785342988 0.12958770324852587 0.9978544176262402 0.07334239644837481 0.7532822645381185 0.6170416055557115 0.13374384194664235 0.6757839195268552 0.0336709374054841 0.3780910498571717 0.6425289921550924 0.41325047733104825 0.7042265489916715 0.9601636905649185 0.7791721736858691 0.7445858013354875 0.8670921176615431 0.20042014562789168 0.8927694811893949 0.21599341801491945 0.7180411262491989 0.6186491597508219 0.048380793420272905 0.6043570465511671 0.36060788079396666 0.32679222614434256 0.7937759186289581 0.571938075048045 0.5528824987037224 0.5209942979420836
0.6115470274115471 0.30222554560756976 0.15050405869492967 0.9618407923485351 0.8057688265382197 0.8750284411525565 0.2908005126162261 0.4333596038796267 0.9783450690738443 0.016172423149759974 0.3655943101743868 0.8100084541613983 0.9633035875513839 0.5713158006151756 0.2134655250419767 0.1351373617128444 0.30594102526362255 0.24309305989887364 0.4148852220928507 0.40754122266700565 0.9704561346718248 0.1267341038546851 0.8721786443840099 0.4647091010451637 0.31509105027467643 0.7334239976422772 0.67992814232129 0.964350917129204 0.27181853116357535 0.6007648942902858 0.6393349059123966 0.11228386520822342 0.15260468709911557 0.9776077101104704 0.14889872698390216 0.17188991362975958 0.8307244083674779 0.5165693610154571 0.28380623812591954 0.6319123081149695 0.7501373595571582 0.731380706905041 0.6379619014246528 0.3834985582091639 0.47772408758617435 0.4398177398215398 0.3936274663069196 0.4618290908953132 0.556006352702126 0.24318174683539462 0.15398247733149562 0.3892358048556811 0.2203228445037394 0.8883189293552439 0.5278611116151072 0.8038858896215655 0.323396909607385 0.11851463830418463 0.2681479246444458 0.5750027429329749 0.7491949924540635 0.9820501906811473 0.29925969309566336 0.08607448017013042 0.41922694841186814 0.5664252793068518 0.23458346699811572 0.17210705145129046 0.8020068305246576 0.8270344832900017 0.6336240521933724 0.2205106797599936 0.12908016985598036 0.5957052966891184 0.17249256859593753 0.5649935109712798 0.9296593940217107 0.8106215429621122 0.6211511814700728 0.2887065362139083 0.21322696116998052 0.8972403682986889 0.11970038845421871 0.7857210113405507 0.023753099746153694 0.6546891494631117 0.9514152337020467 0.2639272719822219 0.49436070024324075 0.4976686739481603 0.21899811635645383 0.2967778188472814 0.1078948612476065 0.4660707157599707 0.18134818260655838 0.4642216214923357 0.48212662765525094 0.20735567502076857 0.03415995752615575 0.47075796741385645 0.9448999346657125 0.320081445393533 0.42517253685806955 0.2342383383619151 0.3666748445901389 0.5345002589038397 0.8544720321354012 0.29556169337845895 0.5523967979416015 0.07989469084111733 0.4418648299243635 0.6781368882982733 0.5183896401205912 0.7447392231054262 0.03368404658114765 0.04077729198238278 0.8598975184674006 0.6062993778361514 0.48278547754740364 0.8168812587319493 0.9520795548123171 0.9604032020471587 0.22269902823697352 0.08376111400474806 0.6282053314789872 0.848968975802273 0.7904049529931036 0.6612189510144773 0.4524455393832649 0.2721231326992324 0.6334768824665639 0.1550626393776462 0.6582582603014053 0.10663309878695848 0.799260949441792 0.5748346003261585 0.16397041600018858 0.6297689239087866 0.17926285516684637 0.9241385907891576 0.6416419524508411 0.3791788558826569 0.0033887459931849495 0.8035396021611916 0.044607492691832173 0.47103855702175 0.2743335753525852 0.12027188722582738 0.1240715010374488 0.7476414538567917 0.5000718699076618 0.33379332275827656 0.9336465880996432 0.8128166403987596 0.25763538128694397 0.6867976896974284 0.6778725322069805 0.9565145903978949 0.8154113510109222 0.5886202464545534 0.4496697445677653 0.03855938233136913 0.35420137702274224 0.7119393346042635 0.9982391980057719 0.5554540944085955 0.9596845170195895 0.9455418988003335 0.9436397622753496 0.27149549029220854 0.036577685794672354 0.43843987736555246 0.5866897825725341 0.5609040699509306 0.1746533236802268 0.9621589586185014 0.008440759210099014 0.556174759803971 0.8790603152517876 0.3092547316297386 0.8274219353301975 0.827477733249178 0.7130742289625391 0.19725772379964734 0.33109404475503057 0.9861995396357511 0.4159180237665181 0.27397780029558616 0.156330056602908 0.6631610645590256 0.5335091463972381 0.9381126657799108 0.45259846165023887 0.792662714527784 0.8812772559584555 0.7632785639818915 0.5464387191858772 0.5425222609277763 0.021362223197781804 0.23692648973087593
0.3094628473718749 0.04334341233437289 0.2080453146293043 0.7553382417200979 0.11736524413954197 0.31874072356562255 0.481966117216336 0.05422972491108902 0.09467132503459341 0.7991626529843585 0.055664332436030084 0.26935635358008647 0.6015032624133005 0.5711649828906951 0.7716658681378089 0.25801419618733723 0.9050628775906009 0.1721642287852223 0.9027141426241307 0.07313081268551502 0.8472121869918625 0.10907670795227309 0.8257278462061665 0.5634894274099844 0.7369091113366938 0.6858333878614373 0.5791492627324472 0.15939740993851004 0.2574334865759149 0.9523713935995354 0.7560338693692537 0.31100380095087965 0.06751848997437093 0.42453418513399166 0.6628683021059238 0.285447884052455 0.23094760592010355 0.17623711665247155 0.4808954664808104 0.12728833925347405 0.8176224218536734 0.15832429016003713 0.5346813369608285 0.028758584267772558 0.9954676581558092 0.4103324074805894 0.7267734261815115 0.3848111408736742 0.5124952255817691 0.10406655277570065 0.7605108394483947 0.7999307390034436 0.6127328016137558 0.16412338825294426 0.25076246423663884 0.7102243163915956 0.6826733397558713 0.6633336357874139 0.6174439111610518 0.18277585713223665 0.35650605043901806 0.6694284894443868 0.1273659031971056 0.7043316759312084 0.6295321410971586 0.5882294776601686 0.23121396336319922 0.9775972995971179 0.582956913583219 0.26732006440663136 0.9726997012298447 0.29879538653804105 0.4817439534166116 0.47810258876140677 0.6528400527722669 0.0371290155039381 0.2310554848043911 0.3854038520339642 0.012057874701610793 0.9706223043399076 0.22264428884341558 0.8835800737337859 0.8354109335796361 0.5543918596109019 0.2460486153142173 0.904737079373987 0.5455690577197247 0.3205216956122283 0.37570188136893634 0.441003422099729 0.8616848939393008 0.357032551703398 0.45293703382876127 0.30549770122495523 0.7406526728907539 0.47085066033693856 0.48168991879192113 0.8717916183448677 0.49463207354883854 0.02886928076138784 0.7957479085791059 0.2940542683420625 0.8133234415976877 0.4384698396463187 0.3741117250164834 0.3860195189268565 0.15184591373951406 0.9330447803687331 0.9683565540468059 0.9194391684956604 0.01932211303953435 0.6135692755877519 0.1980172247190558 0.09515345969755773 0.2988982474232368 0.3999919474396074 0.9805762977162406 0.49083247243006345 0.7822613696857389 0.3307038634271401 0.07942788452206784 0.9344807393778375 0.4203370448535685 0.8598682991055319 0.3090553097266171 0.010009786831216894 0.48397099165243873 0.9665185204063865 0.684829515289726 0.0112342295062553 0.10672338552958816 0.47391245645422875 0.04264061552122689 0.4223729158046975 0.8735385244949169 0.19245489664128435 0.6492013960981864 0.14165314154936692 0.3350321519708168 0.14824888096227307 0.2591391258329935 0.9099123766203807 0.4302368536540928 0.914656928311488 0.14534559797009416 0.572496667632697 0.6889493224115735 0.18342281405798888 0.13341968669091153 0.4957710688265994 0.8862751147168126 0.45303690979888867 0.7102953141521604 0.5330308362802226 0.32905358130206475 0.48273948956580215 0.7617470511451081 0.03240961627428307 0.2671237851078716 0.6985993730849365 0.5318155288543764 0.9985510201658523 0.8554795884406032 0.742614504375966 0.9499392918170495 0.4609464410234264 0.7025623619462826 0.07559355999691597 0.7105086088490757 0.23788436659923162 0.4243067163691908 0.570240506204311 0.34729570243459273 0.06339272221263548 0.546994084815255 0.4760026065350189 0.40228802067919966 0.3222922311048356 0.15742096718298815 0.5775219986082804 0.38574635971636895 0.8220412239647104 0.5290319917419161 0.9698807058281361 0.6053862492760895 0.5332924541094604 0.21020501208744213 0.3179681628903217 0.9862617864197953 0.7604084618752065 0.1004473833845656 0.82819528478609 0.8272753824070674 0.7025395231086721 0.44027965039678707 0.048404867249076444 0.47834569251373826 0.18200420450204557 0.9410267542880705 0.2810356386357852
0.5913866192848469 0.3204882384746822 0.9231015790256892 0.467342659651246 0.7856357058024616 0.6332860580504216 0.7160776791103077 0.0833029770664232 0.6486978177904841 0.577872651993323 0.04749486877032605 0.25812908252232036 0.2919791215545975 0.28199301552477885 0.9754740130972567 0.5502164437821163 0.9679315060060286 0.5704907468074377 0.4350418147745545 0.0010570472456047364 0.29095131515537653 0.3651781904413447 0.29620679923899296 0.7454098799017206 0.9689309974787512 0.2071512761817379 0.7203241711622017 0.8724505152642049 0.20161596824600692 0.7368217356574793 0.5141014423392344 0.09870874096349047 0.6979057006762465 0.5759872581185529 0.9223112427167535 0.977845072429319 0.8305317453256142 0.9875422282143268 0.9644839944477919 0.4399032072620991 0.7541516311093203 0.6103779333502661 0.1287320494978772 0.8222521256238486 0.4565161187899315 0.06656827851174751 0.47248842818422376 0.09277841941906328 0.6290610727796107 0.3167448784797837 0.6509979128007624 0.5330943373895447 0.8187083804845329 0.5830003812741715 0.30215111877187406 0.2786791627028 0.32517394984457815 0.3058680038542472 0.26670923554297554 0.3542383504399189 0.30075951142169266 0.09705820041268998 0.08251794512578381 0.21755128498683396 0.02941301315883027 0.8028198395457948 0.204992573849885 0.06688141722684315 0.1695858299241193 0.8216028084046103 0.8203346603187467 0.7006048015287842 0.03040598934246097 0.8820825242189585 0.4607384205206826 0.4846054072368535 0.6898868463902205 0.05213764289086442 0.34534570395898934 0.45984670946475525 0.601723260068084 0.4589247560135321 0.7383164360284221 0.2938808022353281 0.5310850912484695 0.2729829567339431 0.5006219628195508 0.6108840209031231 0.6610316966642057 0.3946105665840546 0.3901953171195197 0.6530408603014611 0.8692565492756661 0.41029688758613514 0.0019990410259637104 0.343604798013492 0.8720155232931998 0.8143588194863606 0.6810925858905847 0.8487521320213421 0.0597005074496213 0.6421936512243089 0.12027663079969131 0.7197642963354535 0.9730008239312052 0.1584078751085488 0.85708769561572 0.2745093006725198 0.5203335532965716 0.38577455246043846 0.8203049209034816 0.8418996793812431 0.4374246365704255 0.47743377246261853 0.2812716210599282 0.9938563358692653 0.968323796736622 0.9030981308069438 0.35814956756051375 0.9759942055129212 0.5064563904732914 0.8450981427644844 0.7917826532241005 0.07072853984929606 0.12670736727962806 0.3904539796543096 0.2530026748059502 0.48190670187175444 0.3151326707145653 0.780498602576833 0.30443291681360984 0.6893862001717505 0.6747678627101555 0.03668438295577536 0.8780890564117135 0.0280423485998067 0.4724481937149593 0.9963185845915801 0.9661982039651509 0.22787686758497627 0.6874404310526037 0.49801833918127114 0.7776774858464918 0.6150487997902551 0.5313819436980775 0.7027639876305521 0.508853557425883 0.43978611601294526 0.8809560823993403 0.9435828677475029 0.6926121304716192 0.024390067871410404 0.6273972085419478 0.22725687149098672 0.878017704075499 0.9616209876743471 0.5676929224676684 0.6819024477217744 0.577629799866797 0.3279933506846926 0.9547580282499933 0.8569027028757698 0.8810570222303017 0.6390924172338003 0.6904279393001663 0.18657176820522559 0.48596109476507865 0.1353429740599259 0.5290052517815229 0.548633299349378 0.6434288051120602 0.6983616901842783 0.8502625130380996 0.8553432155442421 0.683875237143159 0.9622431832537469 0.8456688696115405 0.8379842359566092 0.5857566014379785 0.1746623745884055 0.8773785099467801 0.8086621456231204 0.9351425522967003 0.7729971644915332 0.4113896443643993 0.5683335907493112 0.7890725821986514 0.8029015113467507 0.0016164015825863576 0.6363545334111167 0.028251989766842733 0.43629595303668633 0.6323130208759298 0.14747977011099855 0.5240068433491196 0.9470624394564695 0.07565477446514957 0.6613831691540457 0.9713482578742613 0.8161149035346014
0.9734606389256941 0.6041903326126938 0.23594903302171077 0.22154182507948084 0.9671008618644684 0.05983344452361128 0.9838255885516379 0.9100168258711949 0.27074786312002785 0.07227685283116125 0.6219921996481083 0.5537330694581942 0.20661509575333936 0.3727926102838881 0.9867070542058585 0.5961854241241432 0.41191656806685606 0.9941239873210317 0.29139352431688337 0.02155328103869769 0.4308623771051424 0.911310536359944 0.3701880843357245 0.16698846738032191 0.8441708092678344 0.0014361972438522441 0.07232532960247562 0.22585051633028808 0.6808015195167169 0.11651811114784316 0.3996610505680037 0.9067994590628164 0.52379201102975 0.018838752463786745 0.8038151595351305 0.9416089667337617 0.9547668140571073 0.1987599353291598 0.7579807503774274 0.594723852432045 0.18468768392044488 0.8197038865519222 0.36156372000011083 0.8294288110051026 0.4145883741724802 0.7086997304931977 0.6745371403434335 0.03502239517958283 0.1449873043414187 0.014950888154927178 0.21568506543022836 0.8535682601933816 0.6087617885113847 0.19012494208341468 0.024035241936335883 0.6121018167349366 0.5046354518154166 0.3117728074181847 0.9614294958840176 0.041360648724428684 0.19899671006432929 0.08741883839601106 0.6022090692585731 0.03241500426178012 0.9095682037507915 0.08338562107796144 0.9340508719548021 0.518108703964932 0.5749095575940366 0.5635917998118064 0.20862390445001477 0.9661676727330918 0.7596623662469366 0.7108717502791495 0.7827158301487104 0.874628384155864 0.3125541122360873 0.9611079184392428 0.22487539222534103 0.16119650007491348 0.6635962705470594 0.3960956842781447 0.2243053073937512 0.4858335995774873 0.8941927948389945 0.6343068190665461 0.20057635571556987 0.3797888871706012 0.03299453251494178 0.0781899235811302 0.8469813193332314 0.17213221800347012 0.07360624900997215 0.45767798304942287 0.6309674723078915 0.7730683994126792 0.252341458141494 0.2398918423698796 0.1390743598950107 0.6612028952547114 0.47332700812527895 0.014610903703454192 0.4967754391715583 0.3790520036741334 0.4074214684686366 0.9098831939738156 0.34221449761019684 0.40162005234204223 0.17562024480392902 0.623323506585953 0.8631983210523668 0.6682191568461383 0.7373246318349178 0.23217638751929504 0.4318562254225523 0.7937953602681953 0.26901171789298184 0.04154488717374527 0.14922014873856537 0.9877128283173303 0.4827406280140303 0.929578219074973 0.28694324389113723 0.31121294015412304 0.04853065432220249 0.5833219291550804 0.08512081774684388 0.3894164726442588 0.7387557143884332 0.8944077443099546 0.22627888772243532 0.2869572388572864 0.35988660274500783 0.9744537145990388 0.5041744223123725 0.1822799253014089 0.17601880810740722 0.15231387812523545 0.3835265245799173 0.3422858956486782 0.9399893752450428 0.3645953120369779 0.46893521447463027 0.4568463968579275 0.2363042092181421 0.5969802570559757 0.4023888095372069 0.10268471974852544 0.740575182063101 0.866567857141352 0.05516739962307393 0.09433213823442155 0.08240433095393052 0.9569327905143632 0.3363296091966925 0.08527959275140051 0.5757224026718935 0.2684259969570464 0.8901191053306954 0.9688604686226672 0.22646028721539402 0.3953941951611396 0.5480498734384055 0.2537108929123968 0.9272276060360916 0.6912048866790323 0.19455054536214567 0.9324268344723669 0.6472493632102277 0.6174234218270784 0.8198396596971473 0.2079710833099202 0.8436589890415233 0.08008518554591648 0.6961843406011011 0.2797040673671971 0.05124586595974978 0.5054627765731369 0.19406512268925047 0.09103769300235187 0.7914493951590439 0.8032225557101028 0.4949621101328564 0.324863898114111 0.4872136769822999 0.7364689679592408 0.780868653974748 0.6254534372450368 0.30156833079485124 0.8230417111857946 0.9784292547197158 0.00020676451887635672 0.7063056633436177 0.8251079752427692 0.11920810119931624 0.1736266297567084 0.17660672899954333 0.369002229734825 0.2931163007376306 0.0813059026250168
0.1973519128232294 0.35602750460587285 0.34263974462357616 0.7254711084730846 0.46255392255635575 0.29664305490160303 0.32501104426791183 0.4466659629855896 0.19589559280184043 0.789862819622315 0.01669810202394728 0.339211778707019 0.4118851022282367 0.4776625509008585 0.9921135588032279 0.5667627353672144 0.21736492937960306 0.2270290714244022 0.6926225898222577 0.836365299166155 0.4139635373915471 0.495552094190822 0.3282210169169082 0.7321751828154419 0.09334089277426083 0.7775322751381398 0.7846145813378164 0.17662796106946432 0.7078364577107741 0.8956151748404998 0.25555820201628243 0.5273196447648048 0.5438524719554958 0.2512174080719738 0.14416923072396826 0.6534691103103113 0.7991283945294658 0.9630593843268104 0.2011542714872555 0.3042437088235923 0.591369634332327 0.8676948634166539 0.8491201551581109 0.18014358715425827 0.594649146331619 0.4354039444061838 0.9831554421774314 0.7957084295596564 0.9390754899622873 0.986337353682551 0.9593186295239231 0.8756306378273295 0.18109418513574072 0.06413910975697523 0.32229053863344226 0.2814612262669842 0.002840353967443199 0.15160915238701855 0.9195832379289682 0.5059428199027469 0.16245534931231986 0.025109500558718634 0.9704496218378943 0.8776243244170469 0.16852580112874427 0.822433397287054 0.7120812161362001 0.7464674693132507 0.1943371973779715 0.22107852150349938 0.8617787762032663 0.7305205756727817 0.10872158406977261 0.49680149417537556 0.5004894347540794 0.7302018651562386 0.19782908514164677 0.9558898754567845 0.059933736451743824 0.10900916073255518 0.6551847964224049 0.7873673852312445 0.6975211129424359 0.4659361796871946 0.42599408146291307 0.8846201634065077 0.9137406110038927 0.32626555318363226 0.9109797293888134 0.36561727067540306 0.3229015565105754 0.9199040026772298 0.48493963080354274 0.4626983101919797 0.9434654403869539 0.23055349585823792 0.9937125541256115 0.22324099832336342 0.11040403052779224 0.7263470805862655 0.9759759912709813 0.12258827506030057 0.10440758475562428 0.192856196912215 0.470719101827075 0.47799950202191255 0.6862049777076149 0.2889300782702213 0.7872507384416687 0.8967549092713334 0.2815429795224881 0.07952192856154205 0.055856996958846605 0.8972295777949993 0.03731662575793404 0.7181175297194559 0.31258116881048814 0.5878720368935768 0.3648793795302301 0.782077745235008 0.1920360778682637 0.6129954605830124 0.6281004432561483 0.5047419825579508 0.5930816104447884 0.08285553008671187 0.5708831620675577 0.6909101654240333 0.020227376569125988 0.5748303668793137 0.5195195463087964 0.6042812829302838 0.1934148094499868 0.961363369788943 0.5302216885875161 0.49145333438897487 0.7392389756804045 0.6091749433190196 0.7246372510295681 0.16790619888680836 0.6308712743974264 0.9069727031247665 0.627104179453558 0.2873380966338005 0.35203783934637556 0.9679293140531156 0.25395991062610024 0.2894957421631873 0.46598721985993774 0.1878806961865528 0.5640165716920414 0.9128506246957884 0.3097873956942664 0.24446021444236532 0.3293193402287773 0.7361040230333677 0.9739534083462221 0.7917342162155602 0.1966725812609168 0.9145188122367863 0.0277251980978106 0.8556821476278571 0.7840340543831802 0.35668067128983394 0.6121696448726375 0.5385769950293067 0.15217905077172633 0.5858304557935895 0.8927909274177709 0.5482085981505326 0.7028422235802807 0.977645551467444 0.7147914542766275 0.30726379979864227 0.6853137068456844 0.5383300572237895 0.3311839394969083 0.7119937265138411 0.8695746001181153 0.06639543723030872 0.10366923170227338 0.4378990699887594 0.611675625472249 0.6959361077217101 0.21116656422090951 0.5435861867690772 0.854756320565861 0.3812462805057816 0.43543453381449837 0.9114218959066466 0.96566790809243 0.26268042677427383 0.21348682750462544 0.5301687144652637 0.2092008879297751 0.1258357848630114 0.6376923481911096 0.06545428388236829 0.8645610935450844 0.4750510296239513
0.2154824550921428 0.2200420193280268 0.727135221208459 0.5156104288689539 0.023508484064944324 0.1965015970521572 0.8676764927691298 0.8228053903251059 0.7224399282716413 0.27671282715539103 0.13594552307787577 0.22422257914821475 0.27126854967187175 0.05403175448433628 0.7533574082494449 0.29519273778741884 0.4086656773096069 0.47365532122924303 0.5321412598126383 0.9512384604933163 0.3794486102587258 0.9596638588814628 0.7973216351276646 0.04878280549941294 0.6586134418215385 0.992180339109909 0.13680652609285215 0.14703343039292271 0.4575923092549601 0.7666547338971532 0.4886179924761078 0.7082953071894098 0.8734573085192542 0.5888547574126154 0.5741913812270478 0.08803056537731724 0.4120862912069362 0.23981826900608505 0.04659915441144391 0.5722068945366776 0.26052446953613806 0.7528085549781196 0.5962722330264851 0.25784362216731893 0.13295021532782403 0.26923141572943854 0.7835465109424279 0.6845824473837889 0.16716350680241066 0.4622475251229632 0.5968474634884765 0.9220324093949662 0.26500563671557875 0.23431766226240258 0.5649473262894884 0.4029857724112529 0.1466639151824365 0.41809777009480786 0.2356241647368631 0.19650194184594982 0.9092158243570746 0.8895486988830819 0.35070418309394513 0.5934129750234447 0.029981241284523286 0.23184874443193149 0.4859043409760645 0.38602638787341337 0.5622168769010814 0.11185243220682817 0.8046166181050126 0.6173360087465048 0.09154848785755876 0.6123680433815346 0.7720397083735103 0.9232053857799627 0.319241305965157 0.9938676825757968 0.14814114712150594 0.40433972011651975 0.6905139834421735 0.626656776523637 0.5500484427210195 0.15166251823342036 0.05895196472040376 0.49131871128675386 0.9312469655946656 0.578741338090941 0.3862719154903108 0.09463973228598022 0.6418023520530809 0.20676623978793307 0.7002072295895424 0.34084885174723767 0.6273120951408767 0.7386325812849314 0.43311799447188004 0.13020472629605528 0.30253382797196415 0.8369003121526601 0.5519248699749945 0.021572355780643204 0.4659845758520499 0.13538063601785555 0.5831435097633231 0.3154086780938 0.9389347143347034 0.8178283278924556 0.569350561544548 0.29112201184530406 0.05211995826560378 0.47008757041138394 0.21900584752729868 0.8743064753297901 0.42154021130626684 0.31708125860558156 0.8551048343941444 0.013309170647786916 0.769201132226616 0.35078993207296394 0.3740325538820065 0.2738383622983316 0.1784273004569682 0.23982577988345666 0.8937151991056177 0.5834734246904358 0.790721060991195 0.7773434472520675 0.7958650626726715 0.7764375839891055 0.33815387637711214 0.7429172961211592 0.24515376777848108 0.9863664517705253 0.5743032163308982 0.284946324975451 0.21165469239935764 0.9134375870795063 0.6020081271190038 0.010898055012780627 0.5089075675086548 0.9785921183094253 0.868930073569509 0.7715716139372507 0.9170620925476604 0.5982213288506818 0.9949705137267355 0.1573749490751234 0.18856900361159223 0.3354679048828497 0.8118793873842713 0.5548025286737689 0.7010935612741187 0.35771285677666664 0.088100012169671 0.008720173619096161 0.2695565993625485 0.15343949504034082 0.6233791358359062 0.6449369653780723 0.1480253219862051 0.9964555496344754 0.24645929174639025 0.3630022672306572 0.5996915148661287 0.7185807596092952 0.08501581806589709 0.8161113558291146 0.749797911667639 0.12717448784203478 0.7455473657099264 0.5760048173324024 0.07226484368017128 0.5411517101827961 0.7440383575083711 0.03332712255128567 0.8750182175878541 0.5706072942648684 0.44754432540600375 0.16017903290131796 0.2999517323470464 0.828178577939745 0.2948707294798917 0.2572245815884485 0.4666906184889491 0.679599397137852 0.5848896224046849 0.607871918070229 0.3479660773292732 0.2422051799387387 0.620504884229131 0.550770876409405 0.6050664070210588 0.09909059704048184 0.20669420764713076 0.20569928292488204 0.145681999972314 0.193723108836526 0.7734651600054968 0.6846153640649101
0.6090721326552302 0.3326090216775265 0.20858213694350136 0.3608513430060538 0.16351016507181038 0.46176502653199325 0.44868857481569 0.3209977416185914 0.9189491623258192 0.24063147049458689 0.9604796949557022 0.3877672004951114 0.009842707474466805 0.9684820425694562 0.8804075716228249 0.6007555310717061 0.5430326757078415 0.46412615920955 0.27751105978691515 0.9329670683555211 0.5270911405915083 0.6546217506999135 0.4899672093862677 0.0019657350505380977 0.5317179285382582 0.4272623353895796 0.5032112338603126 0.05873052456652228 0.3935731660904048 0.7734717876145524 0.5063857563198532 0.9369153257964618 0.021614189171010323 0.7742919569730089 0.5705312063427656 0.4069104491423794 0.7727408090861467 0.5057041936635363 0.23408543747731303 0.5211712699110247 0.13462711306232256 0.2782939538777295 0.004573651830331982 0.5139514651429481 0.35006350468355163 0.618511372781435 0.6906958648386591 0.0030246227859401786 0.31371677719661906 0.9758744607806089 0.9388880360877733 0.6990388588700468 0.6737863323688438 0.3187496459919632 0.47772935662656835 0.6738277334280366 0.884911088593564 0.14795975717226328 0.9920349689927233 0.10620110703298069 0.9958618193390523 0.5080984514006611 0.5423684184440276 0.33877969120132856 0.648770194513395 0.4417939461780164 0.5121993157005057 0.8984416001998003 0.41747998438750555 0.4725254017400857 0.397087291854778 0.5942659567649022 0.6005523910603812 0.2127484400207066 0.9383095563500896 0.5601342515010401 0.8553912409913046 0.2664542945420232 0.6526900908565885 0.20492564652258516 0.08938197638844902 0.5606680549627614 0.9866755205306493 0.5489982768863091 0.2861508861532851 0.06319604316652028 0.6180969535634755 0.45278382329728994 0.6197103027135497 0.8893197554166975 0.6304943315731208 0.30117599332143596 0.8413425046481983 0.592774324227945 0.5034979473365364 0.5228143632134414 0.7225321338878159 0.7293366019784842 0.6740427921008555 0.3189065315682197 0.42967785812096315 0.03436362340248944 0.21991496385392184 0.5190792297248016 0.27783659342867373 0.693759652538472 0.5238578552418528 0.9637242766731147 0.5422131624665903 0.3776313764333368 0.2873751423053321 0.40356006480988915 0.34480341057125363 0.2729480047378122 0.21567802953711257 0.013249843119704341 0.33000326776306554 0.00438435931781056 0.01874217894200647 0.49646960154400666 0.6045609469352942 0.7313246894507834 0.08835752217958948 0.6914485648704697 0.666185055589543 0.9618950875911421 0.04614363306513203 0.05062021274722606 0.4407786701790637 0.6048264429249489 0.6975482975870649 0.9854884936206979 0.03614094817935709 0.06863153025176949 0.14702411854156772 0.6045984140121846 0.006531303485778572 0.4332836568922076 0.3955142125015336 0.04242250229854072 0.9669642842185345 0.8193843176476261 0.9947201932756572 0.9678883795310004 0.7932038494608307 0.9537207470678488 0.9962006430327706 0.14496075894764326 0.07411073415283542 0.8531741028623765 0.8100118926627221 0.09630858761890804 0.5855938539025408 0.24690396742172205 0.27813370301150375 0.17313081001552655 0.9844686757385697 0.805267743095562 0.20863411540965582 0.32236621426389356 0.48374004003570903 0.3900771289620555 0.5623491382999298 0.7843850488621354 0.39502584131639784 0.041085463837610914 0.2131506387948715 0.1267758929225099 0.7475689553019775 0.32059389231059576 0.4561452860134295 0.14464122202034524 0.3550396519987601 0.9684585126107528 0.6113554166178615 0.7972217880347651 0.9108612717366824 0.26034675835984944 0.7905644565245055 0.2824533135760504 0.083991632502049 0.9254149976360452 0.9271944093351765 0.006750674234124343 0.5199241659129711 0.005528216332136293 0.30727757847744774 0.21416528104738541 0.6187073198029259 0.6365141660329252 0.0984812210815228 0.4455506230549071 0.7980000954972396 0.6965171230568116 0.14971091927681301 0.6484888018191773 0.9925726610350956 0.5925668493905684 0.6084322324355594 0.07024972171401522
0.11102740325427252 0.49027971798766123 0.59276232701379 0.34651289264695306 0.44752122658274796 0.9522634232553225 0.6606528695440188 0.5005544869642293 0.41029962775219053 0.625585516047438 0.18730342183330517 0.7970515683966917 0.8967020860019795 0.2526435726805649 0.9024101894370056 0.803446914604897 0.09116989453962476 0.06694845449605336 0.133607694203687 0.3360565086209547 0.8041086737025741 0.9300370438263929 0.7155118149986949 0.9051115795366612 0.8673866835894821 0.8374987059010273 0.26530491973199954 0.8039832602110708 0.9499483098505236 0.1425828704951816 0.49020659303323355 0.35416518075470715 0.2452694133506198 0.8260672805788823 0.8694380002765204 0.5429358406093302 0.9922399146446104 0.8173820658958452 0.40699248935496535 0.7365323254154087 0.893544987581646 0.2228729401775824 0.36643911851340405 0.22242245736261335 0.7120464540779082 0.31030470841836677 0.755706839785061 0.9039114227868231 0.4018016398221983 0.25526607543000235 0.413113452455952 0.5774168540702118 0.5298104582010537 0.282357067319012 0.9146580813624154 0.9758907341434395 0.3859515633755807 0.1438539311781809 0.6011585931446073 0.8445821969676036 0.8474980634576378 0.5193707942987102 0.2385014844350457 0.5839467178347282 0.30764219219956856 0.21726174845640145 0.36281487304253635 0.5267786353145979 0.129045804594366 0.4569802999196282 0.35701483018771185 0.9501364163759365 0.7393324063287635 0.7263646581472915 0.40259104855429395 0.7813155736042147 0.9285764449850205 0.16612059262147416 0.6991816142856218 0.7957278185888664 0.09515699139986633 0.7361138603924591 0.8790129422785159 0.46069827655697326 0.4886970669399763 0.3880797194131136 0.7961789986992713 0.3085987613593637 0.6739660461761893 0.889962956961842 0.478000666960101 0.4691300526310921 0.7590206986729516 0.9341626394600873 0.4598642010624203 0.16787982116147215 0.4060777338381122 0.5844980649264169 0.6756894530055001 0.09310307926016814 0.2671038003192805 0.3571146117746542 0.23785795979075153 0.05670300066294531 0.48786122217863737 0.24543379315187852 0.7105843356675097 0.7471103771442 0.5531422210086375 0.5754802185194513 0.6497033537271187 0.8625599255222809 0.23967833307072028 0.9251859503669311 0.3585823359235195 0.6392751606761954 0.23842418515221842 0.3023812416213587 0.1375959620077224 0.8274768041843933 0.3469033292842807 0.24305036979278205 0.2647461134331486 0.9244825344303403 0.2705965040596593 0.34830012459235815 0.9106900657148086 0.7393933550891272 0.2790468434872774 0.44447495197257114 0.9683453398478595 0.90040874412838 0.44988875859721444 0.47371945817726513 0.8358350261634135 0.9820839494853555 0.08243329742295802 0.8800951070021845 0.5839457669737489 0.456803081186432 0.5116367437558719 0.7971072721477038 0.6344971385722163 0.5635525970058638 0.7265684097144819 0.028604044831958775 0.9848539808805934 0.22620322972904372 0.5142555945610668 0.355016448301692 0.590171921189748 0.14096546432893364 0.5441256552586077 0.3466316554135158 0.6581169304589727 0.971524150779678 0.12781374967001546 0.9599185053188365 0.32765465972532803 0.9765523482560567 0.5524879434096835 0.8280070028640074 0.7273462311899858 0.08583783395501865 0.23965286851535017 0.42290262481429974 0.1619202321764498 0.7760159935613569 0.7630063331355628 0.37066169488743694 0.5265165963033537 0.15845336940257715 0.27190483449197456 0.6802539348899448 0.09698652629910542 0.5591437485344714 0.7884398192878834 0.4784517777661743 0.7145166326989487 0.03478295027718348 0.7164534900517067 0.21790736041805003 0.05778356766192361 0.20835466408162895 0.25369728050862494 0.4905667997758498 0.8385008196134232 0.9832688267009875 0.2931612446733881 0.32301571913705107 0.21218488159852555 0.17928813783987818 0.17931786380154446 0.46590180439533335 0.3636514225239301 0.03354586256001757 0.8205861712906197 0.8467442277786912 0.07639451052468682 0.5248960432251062
0.8615249747187828 0.17746243527873962 0.7691902530016467 0.8492913741039546 0.6720906212714644 0.620336118484354 0.007990302489928047 0.9387604468883225 0.43573858436328095 0.13640064685769593 0.14082953222421057 0.4624842576529178 0.772248160097103 0.10154182481845642 0.5760948418497185 0.8045847892415213 0.5144850132972567 0.9366443730751918 0.703015701673456 0.39556352764922076 0.46162778113954206 0.4800498756362832 0.23753098561268315 0.01255739898509034 0.09503863804725143 0.9773112104356166 0.6268279505024534 0.25815031854166937 0.7780325370112732 0.8939179586397339 0.08809742550787258 0.24253353337217987 0.23716829770008718 0.39710949913808746 0.4830590062554774 0.3614362522870074 0.7982334622311483 0.5293001867889245 0.20352708149913457 0.8363011072666174 0.043101194482085714 0.944463308593413 0.015354931123467419 0.194512437058723 0.3707652952201905 0.4067629356478246 0.3366174444419311 0.5136564782069518 0.7833533683042364 0.6827963604580748 0.7739382684617028 0.2126060887101816 0.24688301280459957 0.4524165161888426 0.47770754546881555 0.7750653603813015 0.2573447815154656 0.6106037392879463 0.4201478067229374 0.23571716015063338 0.7199832509892722 0.15005428282252664 0.3946260987835266 0.9379443518949322 0.4412767727170661 0.27067509749870633 0.9767858221237395 0.2574146614286228 0.3600802497426563 0.7801773496029507 0.6691308356986206 0.9500731703516602 0.031094821072614076 0.7409385017399773 0.7532147846821596 0.9107989555723912 0.638385766850031 0.08628206956758833 0.3469497255648898 0.10561366266360894 0.19977677630903012 0.3423506705280014 0.09819648088105237 0.39594618466375875 0.5781626522753202 0.7572889045789728 0.055493839590202265 0.152488679248996 0.5529972947608255 0.37945025101998275 0.8189503257929941 0.5411578077551749 0.5596366410382283 0.8264543213987906 0.5420854252643574 0.6619636287778836 0.302977238046232 0.14004154827104065 0.08646156736008648 0.056230679178349674 0.2502771659471269 0.16351075580875896 0.2721063650742189 0.7181910303615352 0.12197265863725137 0.05737109329357959 0.3207163633361013 0.36474432363659626 0.9538752664877799 0.10861607416588503 0.12932706208655753 0.5657131032144094 0.7176145922423313 0.5503196231812343 0.028544833566773065 0.7178342010353262 0.5190221408294725 0.3610303139455471 0.1293366004369514 0.7000930716170156 0.5050368222748567 0.6379909603247349 0.6659016916398001 0.9942962941322542 0.8762173327642718 0.07692282656857086 0.4725651377753628 0.6432757772567623 0.44031095030272904 0.6170760906396782 0.9894477126484178 0.27293163531165776 0.3001976741760768 0.8911700433135901 0.7992954193055473 0.6847966807273123 0.6016010323673353 0.09895874347322131 0.25538716938941997 0.4664397602198924 0.8789627248380432 0.2714313657318348 0.8277446727697756 0.8270662839204735 0.5343352854344674 0.11502696154257486 0.0861118325182475 0.06791007293528839 0.9247180593778688 0.728827450913244 0.2775990380731036 0.7226307304109478 0.03181969445829225 0.9796816276725988 0.34699116836205623 0.8186702757686588 0.7926691597037253 0.7458916190926472 0.5674929390529764 0.6332172768176325 0.1455411332376857 0.26547081955248053 0.8754672504286659 0.37322992873449723 0.4631820287178856 0.32704344637889016 0.7162374298636455 0.18947066310183625 0.938280585678768 0.24186103486956712 0.6221136169722843 0.0923472780136777 0.5297689501088804 0.3074966013857068 0.5813580016100041 0.3851172542663417 0.953596443809574 0.9875446417082906 0.205053234938545 0.45641785854509476 0.9277386560913023 0.29037561681155555 0.5017920647949063 0.3621143404264565 0.7652412439119234 0.8963533591054014 0.22546552483765347 0.8672299136789152 0.3912253857539367 0.6848220092789258 0.3246815828494747 0.48782396973217257 0.6343005188985827 0.20635761972431066 0.9354618503946047 0.7763524396916132 0.8797979857729781 0.7326066564653265 0.9973679672445774 0.9944489482680536
0.22241066983704594 0.7251650590916371 0.1048834489438617 0.9295937788090433 0.26487610914485227 0.4589847087185577 0.5953046377576641 0.9116624919801654 0.33007525452776143 0.5548294523321171 0.7847333956446683 0.7044371281555605 0.22122747534515919 0.824778923304994 0.8114139331433592 0.5602507669347269 0.602771948812125 0.9115470144248031 0.49888079784498096 0.3636603714198364 0.901642958477068 0.01564296995357728 0.733462212521614 0.42696537185968386 0.490390328092576 0.44377015328027813 0.6822356479517726 0.3249151604065462 0.548780027240163 0.24712828762011718 0.6898130396180054 0.02217262373091733 0.30119292774265327 0.5544162254497214 0.22498709877652256 0.48689274403472305 0.14302035157309045 0.7019845902915528 0.030994563397510055 0.9608242499762069 0.24667882396354013 0.47138197295168416 0.003194465198565144 0.12774107153828917 0.2318200197883581 0.21244781186646677 0.6511027820154425 0.06050887808876948 0.6491460101870273 0.14386094021410822 0.26831456210787463 0.9524048827386847 0.7240494894677342 0.004866975058915979 0.3896498365659746 0.06556530547124284 0.18941297561294745 0.06096728153812048 0.24473837176204472 0.9477805033870704 0.8734343301485944 0.22018155017095087 0.8246988307247561 0.2868014433361008 0.3307618258626286 0.9549731903521386 0.6022156844847387 0.8107673316387154 0.11500696486606099 0.8029465822355403 0.10396733179936635 0.2113614587410444 0.5570452776964435 0.27086612895113626 0.380029420794871 0.3109964960147711 0.8531279405811947 0.06028254194782334 0.6337366202502297 0.08190590168230472 0.43920825164891675 0.24106741437327495 0.7927683833883745 0.6222169536478644 0.1994371833890619 0.3062348003102815 0.015349850679424182 0.777682098032546 0.029639670003133056 0.11028157938156957 0.77930462336619 0.18601563160399115 0.032466616897394496 0.8597237951800192 0.0354742743452755 0.40638445413327384 0.2570720614688303 0.182404647624271 0.6227001685394012 0.2917091619830334 0.5426441832147774 0.8330803632549566 0.7194918288289947 0.14458318804657266 0.1556582667022215 0.30721703556561153 0.6867388407419914 0.2400187819424775 0.62657212929309 0.806777035257203 0.1333358279357899 0.3442163165397727 0.7807875821996259 0.42696144953308945 0.8527862807967258 0.8795872580196352 0.9629595577246083 0.4201664330472127 0.9399347300844412 0.9081408799898777 0.7958792144912211 0.49098105043212104 0.6279716656373759 0.5970549226950566 0.7319361060176603 0.24189401871938299 0.7757698777494085 0.12475578634741813 0.9166217772043587 0.43286860806632443 0.19434138559808978 0.22194468148294433 0.6610791323609784 0.8978092170263016 0.6070398410683263 0.7314703909584666 0.46460598987135804 0.920262647028659 0.7538157739284619 0.6557445398703153 0.35764720757310264 0.21650187869136206 0.6453876472816834 0.494326889264028 0.4725493883220936 0.544004645825374 0.19647339524613572 0.6222093924710307 0.16405335032006774 0.9023669943756024 0.711830077741531 0.10694569975704371 0.4206085423060638 0.1296913756393373 0.7796559342427801 0.8344604783011025 0.3947022492545985 0.876689607930756 0.46974445805711296 0.592924346897068 0.42353634156611697 0.9718444504335602 0.04608062643967992 0.15700656992118767 0.9660099673948954 0.23201567748478513 0.5233120239116917 0.10377889439499255 0.47686059580131845 0.5219465520725879 0.7958149236183898 0.4292449076127397 0.9969884397449337 0.4005830204269344 0.9581915312577688 0.5373780730774104 0.10749593848016703 0.5736421881407181 0.37280221469536357 0.01829186923492121 0.3869827328151768 0.7084929862833043 0.4175129280821367 0.7859928817061679 0.582879175013231 0.5994053211503265 0.7194452533118005 0.5583394448150019 0.694141186175704 0.36406546384277505 0.33316648079239897 0.8766025387871239 0.6064639199189282 0.19159492752103646 0.4743381974695585 0.43264649972857117 0.6585011847908965 0.9559087206612861 0.7808360777846474 0.7255309778481301
0.5226157853205693 0.5563798382741874 0.5756237486211446 0.5347427478757144 0.05698337973305989 0.07479404431892356 0.123609039046775 0.7964543008087671 0.15088072944452569 0.062200582679455274 0.6724747304832667 0.13107804930762035 0.9119806586745622 0.6896309761364388 0.07822046240620695 0.22494464935340386 0.8042123549768485 0.08697976392507678 0.7663112540431749 0.7306558556253351 0.8531712835960614 0.931601014180844 0.2276116925921 0.04994664394022719 0.015205641824031946 0.4614443183377597 0.5239893339576961 0.29468678142095384 0.5443362803905094 0.636076898526951 0.60195669069363 0.9097789125526177 0.966738563842538 0.42267762483926163 0.39403064345026817 0.142682455141251 0.5730018810141974 0.7288033200698685 0.4064100262983532 0.20776659408709985 0.8310892428867082 0.7796936556683703 0.8816015553729267 0.9141744231092866 0.030649530770671674 0.6084592594832945 0.8319774718039976 0.5697227137389279 0.4658987725844177 0.34670060117589463 0.321113289715791 0.6199981538971638 0.7540863050011314 0.03808307341535977 0.20809956620391112 0.19431874446002628 0.1542169067159237 0.4897831862615244 0.889790256550656 0.6172105526626079 0.10747082568850952 0.030184730069749532 0.059056713712162257 0.562684546279149 0.16196358598620508 0.9474913082955616 0.6726864869532967 0.3451100908554121 0.03241673063451933 0.44563362917997107 0.9066531227285036 0.6626153902684687 0.28758082767152204 0.21224072971383534 0.1544103654176593 0.14428159871194968 0.5871583071477652 0.07731396604089491 0.3714263687353687 0.17744989860186722 0.29733396969000214 0.1945182284640914 0.3022385274281485 0.17531189056554242 0.6450340552816599 0.4246365797609758 0.4025686090437419 0.7489718705046791 0.3086935766232919 0.26406640055124697 0.3256335494510767 0.6622486979484997 0.48818391249881365 0.0008565160319812248 0.3823413706059674 0.8087962257101102 0.5442565367823881 0.0562478585416345 0.6259753233625609 0.16812762696698869 0.3237781150977559 0.7248510584906178 0.5981167717574087 0.5120095672925254 0.6176071099436811 0.9663953773412278 0.616652792196482 0.2212174829214657 0.42923086974406166 0.007079504025535144 0.5790528141775265 0.6435111208850898 0.3627097001330366 0.11880333496005802 0.18150237826429916 0.9087808237976495 0.6414687900278445 0.1492552797654454 0.9672831899251905 0.8941915698889139 0.4630830338032971 0.2573157863417226 0.7727708187162098 0.5260640884277805 0.4813114560125774 0.11034707493931051 0.1288098883950023 0.09233914614884597 0.454906719073367 0.8579700950578961 0.829951149019788 0.5057864800328838 0.5174950453827929 0.614736822981522 0.04247265170547898 0.31288301073145397 0.7400484686027518 0.8095265166136241 0.446055948351221 0.28060210647340245 0.11296430806292457 0.7866507103790763 0.11717984949778304 0.5501430438835124 0.398898928957118 0.38955127126463773 0.29746979748137437 0.5689518386261317 0.9376494761511379 0.4278572079324773 0.518363319786275 0.7532045554061636 0.47650653275766974 0.28897462530562956 0.5889969920926301 0.09841870594188018 0.42990897535738515 0.7190653540456382 0.4840845549342263 0.08106325386245228 0.7250013502842662 0.1085786480330031 0.5598675182230799 0.2916455705487614 0.3559558801520427 0.5433352826014759 0.2217712617989488 0.907522215630438 0.2894596203823234 0.5690516936133432 0.8020341557259252 0.18958936503467572 0.5854296398557736 0.4803081718118033 0.395228841779535 0.40540419885072965 0.9664222468253956 0.4192900284770158 0.5404630037838398 0.15013158471051402 0.0001855732838664803 0.9199378534787772 0.6741931983467231 0.6755474398658458 0.4875882666875314 0.45365445183136854 0.8562680940205137 0.4324353658451686 0.8384712327406463 0.32326276303700185 0.7632075407103922 0.003998150306385284 0.4623385004850058 0.528147885393586 0.36682678872267926 0.22151550319025004 0.3509902107821754 0.19206872545925335 0.6385806211153987 0.6155538194855678
0.7383928984061433 0.8352728493752253 0.4262129931904619 0.1687675445523621 0.2617712226061113 0.5978773194256424 0.21874855916169444 0.6783052592507105 0.21262473566254414 0.6579125081417255 0.04839802589068953 0.3987740237982481 0.7819965332254144 0.0668960811228716 0.48072162858473233 0.44393064735820154 0.3570705330261419 0.04425307041416204 0.6885728342493828 0.6317230282238354 0.46210983339843537 0.12207482386001267 0.048565227691017565 0.8480142343755439 0.7434415076227423 0.9994001387205141 0.18093899408337455 0.6537960144386258 0.11253080438742247 0.019391081578969516 0.48564902427554235 0.697558212169366 0.6414391551007761 0.5520934957639573 0.36265304480211824 0.5636047131580717 0.4641388639250811 0.23849935517091436 0.8176145383980792 0.6993220183083183 0.553402432179934 0.9800570405383842 0.016870098396898014 0.23432153055738325 0.676281401427156 0.23408802036761223 0.018910611982783765 0.45601014725324807 0.3062327839424629 0.5458808316135499 0.5637652787613047 0.8359941029675371 0.3462693458077901 0.39916152456429255 0.35306894904298913 0.35663850938380115 0.5713960415085461 0.7782575215589755 0.398421038668624 0.2965253224846689 0.02758525988068039 0.15390277350532555 0.6092887566522937 0.9677489630649929 0.6758657024912176 0.668110940020365 0.2539946586797761 0.5510713969919621 0.5792230916878696 0.24954067206842667 0.23047401170529858 0.22041000576437164 0.2731770009855624 0.9176269191035902 0.5747072590506521 0.3092997581250764 0.8530047508944104 0.7454882478022742 0.4881956120157901 0.7554745129618401 0.4115636767627613 0.9185829637545616 0.17563244769842667 0.5040832348554611 0.6037786588324888 0.3525495274268209 0.21164632049526233 0.20580073214714867 0.6971647687236483 0.9923989250344595 0.4725854616079238 0.5660073166437474 0.12043801412108224 0.08343208264624602 0.1769562872621525 0.5873221362067169 0.2854250683109265 0.2618925732094106 0.0021823264525095976 0.4850992550578834 0.33200206675542876 0.2483996888996357 0.8916397243806577 0.528869187434101 0.12389461193589624 0.7444607658892258 0.837906619074317 0.2730041786391798 0.3273518594571827 0.3936102557661396 0.7308932118125092 0.5811291420737886 0.17725936144633403 0.6475698393111505 0.566536525371489 0.45405744617563104 0.8289347517869379 0.35177583373830823 0.8774718630791136 0.8046532460119274 0.6034611144224121 0.7347526447341504 0.9060712547294295 0.2588434096457978 0.7501155731751381 0.19514292651092713 0.3582190872107155 0.7215812798702375 0.4282585660753011 0.14565021255377764 0.11980520219351554 0.8585838996919821 0.4399851246548915 0.2199205079834391 0.8972644808622958 0.8195092787007359 0.8335139097609936 0.8895218189644867 0.4477912424510716 0.4168279377033316 0.8369118211515392 0.26855302070516285 0.7229236394884834 0.7896895157309175 0.7996545722721292 0.2584190997315593 0.04564459161904755 0.8644389151363694 0.3392749322215537 0.1854666824491661 0.7832262076567076 0.19856526027592358 0.6638296675739036 0.5011078400823298 0.5646555143513252 0.6970228675934583 0.9695444397164745 0.7847687834697392 0.5732972441869592 0.7473098176160113 0.4576306885264376 0.45902931831596716 0.24504407361796188 0.477055812024914 0.14911192805028106 0.39868480270648554 0.4981266918890034 0.6660396567605827 0.08044226612243155 0.7992826300042205 0.6571697487326578 0.6726661971580358 0.8340006193806423 0.7412891569755442 0.8507084522705376 0.08252577526938343 0.7764383552101833 0.8134497763046852 0.13912138380985362 0.6549067666677261 0.6560198465905348 0.5965163193939885 0.8745491778198499 0.3303158227592573 0.2681272479615092 0.7731576361118024 0.4188835467822716 0.8894446210933777 0.846399776443988 0.4563423686806767 0.589953405299053 0.1040066795900686 0.9155419977161278 0.9633649219848472 0.018720439992413795 0.8070872839784573 0.480425968788289 0.12718742108538172 0.35060105798035013 0.9639717028145004
0.5159872305720298 0.08886572211667954 0.07063224019875602 0.8152349509944983 0.9989383622542716 0.11613677477327078 0.41675828165249384 0.9139739636610172 0.31755711188613944 0.08886019560997538 0.16694950039837053 0.7389858551930474 0.49530715618808596 0.040326214465714605 0.4893424693190245 0.8644935671036595 0.8747537048014907 0.28374402502161156 0.4498150443818564 0.6420926787093254 0.3056413777413024 0.9910927478980064 0.8793192007084305 0.5307337364423598 0.5957225783631476 0.14876688711010322 0.8963596638537701 0.07017690649166741 0.08421498114789483 0.7135629436712907 0.619329059512313 0.5192102318581963 0.6232794020966849 0.2733405532385643 0.8252220942017529 0.011215591607776298 0.6050651218047521 0.2128134771209128 0.1298477591733509 0.6450840125536611 0.8128351182677933 0.19572733143483656 0.7981442128715005 0.4272254061868862 0.7066742669958378 0.9230354748393121 0.4678587640507518 0.4617053363903201 0.48957341585607705 0.4669069772677946 0.9649853085095657 0.1122316351245145 0.2644576195458338 0.49434538895611 0.1710293248250616 0.6183589555656276 0.9708312817688638 0.0032627156981174243 0.3976063254278618 0.6667708543022903 0.43844677222461403 0.2793893091464952 0.06922869087805683 0.9015603391272711 0.9709619205622593 0.29092813437204734 0.3920746137240262 0.278493353230835 0.48434840850533545 0.44095986363742967 0.797144822944791 0.20574434636301953 0.7617191766181773 0.34494962338696944 0.9149145184595294 0.7415841874776322 0.2761192378681161 0.32197309174931665 0.6875763902541253 0.7551153963140789 0.20323626090595948 0.4344894361405838 0.318890033319696 0.9543190603878802 0.8835428968018542 0.5204629260199249 0.1094996157558652 0.6920933221024096 0.4361491276585673 0.8046297843415358 0.49370974760405584 0.1345539950284781 0.3432134894919031 0.8272035466333507 0.8652639960112977 0.12989732161180634 0.9072310752093705 0.1096863263790141 0.058655861441896384 0.2505766812606992 0.030742958395824305 0.6051365045473253 0.4957188943579206 0.38462120124512666 0.7649791164359062 0.6752041086383231 0.5147611328083297 0.7470900567152535 0.3493449504481895 0.039909741372680996 0.010889477951670279 0.8547935474053187 0.17547981508380206 0.11618229071726693 0.49339167039516174 0.15610882653478597 0.8215852503005675 0.8296791841335515 0.274854361678337 0.9406038991740048 0.6644241142917643 0.31327175951721853 0.35415276460770584 0.4754352853250683 0.6873355284020605 0.5022135001988588 0.9556821430904219 0.372384600934464 0.7367412146279734 0.283835445110455 0.5814936484659412 0.614481530736502 0.2578183831461637 0.06732148868261933 0.33031047730177276 0.04673339404377774 0.8846597590681267 0.42907190532068573 0.9250221624070866 0.5895391906265687 0.5587917921273841 0.2001618103755769 0.6737037736656346 0.028168744619065267 0.9910428287211099 0.7433093833333057 0.5846135166382822 0.8298911370584487 0.3337475543743065 0.6201573023177485 0.027991626486301713 0.4589505319751056 0.03407598487872232 0.3797217034245969 0.1892110659869255 0.6838748329225018 0.17745184080668286 0.8939456772205785 0.6974879382159074 0.3740736271132691 0.5923468068577732 0.7916484265930966 0.07104977522658884 0.19455260548201436 0.1334907945423155 0.688832617321509 0.20544790871312357 0.46096156935504096 0.9858883619718146 0.864807239492873 0.7167288584918192 0.7252643831006201 0.5657699566359947 0.06762012061514522 0.3962682727136677 0.4576252287723148 0.6075492984246804 0.7390081889083941 0.9878657818867336 0.20290410939840697 0.42742694982743457 0.48890132364696237 0.9976494787836064 0.8652602734213201 0.7512121604747823 0.38292023255356755 0.41389732834851345 0.10179207156450931 0.7054108868479328 0.42762759728830557 0.334847948179117 0.08966988320262315 0.7571567917580024 0.2921143483991365 0.24344016223846898 0.9999898480154464 0.6647399802040643 0.3225728726424385 0.3224109764919695 0.34048122411061266
0.9688946064194409 0.8977431550473335 0.7854798943880569 0.026786828502752824 0.9449274447226408 0.853848207701351 0.7352876958430611 0.4875365175960398 0.5546787849807897 0.14467837663854266 0.9015675692327949 0.050495064945343504 0.8399733509949607 0.6500171294415902 0.09339999002676602 0.3707557385719119 0.7109748143964308 0.01703264303439933 0.9275617193868928 0.8149646955619183 0.9882317426326962 0.09649105501468502 0.29394848251083205 0.559419081909789 0.31758462687117583 0.6119131005397216 0.45478498934297595 0.5480213997242931 0.4510928288862006 0.5628429656095897 0.706919154304387 0.28271584622761814 0.3204184234871037 0.8366749047641677 0.38504893922631334 0.8067731701423942 0.8494198994070623 0.6524825956024252 0.9891624938684159 0.681669874383381 0.6184385141431386 0.5261657240324883 0.039337589546661555 0.14200884981882667 0.2952718913856668 0.9800884156662071 0.1978890112669951 0.6659052099959105 0.8421720559232164 0.2810886606822406 0.8726633698574962 0.09585237589238083 0.04624767087108905 0.5469121890925909 0.01231185519067124 0.5954393242640044 0.28526093451962364 0.03088716906617628 0.25969166672689903 0.1213308296626121 0.07339632926476147 0.3727029761306777 0.9080758819286463 0.2712427918169943 0.24919045639383874 0.5995511604197774 0.4175197972048308 0.02196738652751773 0.9172169732568466 0.7949103723264089 0.5986186811337736 0.6550448561077635 0.6826523647294762 0.27637188062468165 0.6739949155910057 0.8188588573488598 0.6658048712120104 0.0771316628315416 0.4205149106421726 0.9280341147747313 0.7200982739852143 0.8020779597390002 0.7636599164921671 0.8256604659273603 0.4068920953158315 0.3423967510358191 0.6707374934622726 0.059453706313715826 0.8382309585508554 0.94887670136942 0.03700310015587693 0.5889770614299907 0.35217766267118455 0.592384308894958 0.743303669221031 0.4463637303616118 0.34544729944124997 0.967162365223187 0.22127931088214714 0.6638879440848144 0.7841957357670523 0.04734180092195739 0.25465073181101583 0.9740903045089454 0.9626962265406124 0.4018788190053265 0.09208327745321776 0.3934585432809016 0.626952487103697 0.16374083824729735 0.7863256371700137 0.4450343449998023 0.20491974524815415 0.12935028551501127 0.8979152268432394 0.2764560129392859 0.8419338124045836 0.1126527197006989 0.6322253654810663 0.1148301224314705 0.6244097607242778 0.8257004767726094 0.6196407283235345 0.48796346027937687 0.6440068756975398 0.4422608755226276 0.2299313319311852 0.866885346845816 0.5054525154206918 0.449540627644323 0.6367416450687731 0.24657204434832702 0.9836627879331419 0.7521906659873898 0.2681988637663104 0.14005070046161372 0.7380528790709217 0.7597300955061598 0.2442118623390862 0.8228431961420241 0.49912985515629027 0.29970963487950664 0.07036275274021908 0.8224570332249828 0.302015992355225 0.06074917488519094 0.041488877704989324 0.14695498459824763 0.5095499686517437 0.9260677381009614 0.39996057449729017 0.9727912232928274 0.2757844914458667 0.9296565332500006 0.6204334209637653 0.7865204975013476 0.5441834971134802 0.30041442862623235 0.8231565404964034 0.9130970991846045 0.9087576922103707 0.23263621076622065 0.8253897731973748 0.769939978249875 0.5855666947092636 0.3994132702169695 0.30156196085760545 0.6515453861617025 0.8659974285305796 0.6800113236316564 0.47807607071906344 0.5892421658468375 0.46778708411361447 0.27888259407696503 0.09589848216190588 0.9940197838070283 0.832404100944608 0.3331203148670643 0.5997442966678006 0.4011885297013379 0.29668140223508577 0.13089867149015333 0.060514646903033764 0.378140794458247 0.28574090126373497 0.5994110677525516 0.009685775010328634 0.711982640787539 0.5863937294084542 0.8815491706850331 0.4786258203052396 0.050692142420284636 0.7920547279884417 0.6360718092497679 0.9031651020466156 0.8943673429443157 0.2129090155122335 0.0761801816578015 0.2860932859089651 0.45626670318112217
0.3215742305747793 0.7796106376625037 0.6976634841833893 0.167583342443426 0.5073463296799834 0.7130384768749946 0.7153985674298793 0.06468431232636396 0.4655612679076838 0.8315222665997237 0.6834254702309295 0.5564062478242243 0.9465313528053417 0.9217901980509806 0.2256439133654986 0.4024778257295689 0.5316134561843469 0.5415228231673649 0.619124221678824 0.35171446120239636 0.4920084198785841 0.6246555636475101 0.5069493224704705 0.37450895466600165 0.7262426111740277 0.332975382864491 0.9383538114000622 0.12109502046289322 0.7954746605434244 0.4157142239595458 0.45851259141838097 0.16310933975687292 0.2838402432014102 0.427152474347387 0.3995428542012973 0.021045286544651653 0.7539383638979102 0.5406570451107793 0.6450851436010154 0.4974767602550171 0.591007277815071 0.39047741560463467 0.2874094999168275 0.9362539194574216 0.3072067631626274 0.09053626276016791 0.36458872801406395 0.07112057499120994 0.46329567874646804 0.39072333126836867 0.21897331929094543 0.6765464005630446 0.3642634600853053 0.513158902904112 0.21346414218080667 0.5093305455681159 0.7447062703048487 0.013034271500979688 0.7504727621112376 0.35843772358427106 0.49061111495151777 0.029633321376971278 0.1968490724469285 0.4217430173800414 0.8536357208086106 0.26466813382421217 0.26615669826094457 0.5003777830513595 0.463435368267442 0.04582020478680504 0.8203480888185807 0.2957183543569507 0.87175745052274 0.8064362262313226 0.33254342395030667 0.8004771363006415 0.6993680437809372 0.38709767637195347 0.5785489914282932 0.6486374288529194 0.3584317434585581 0.6144375540448358 0.5798945591653675 0.26168050696900746 0.38075494274606003 0.40380355450980476 0.7352632571066176 0.07852461624194107 0.3809851925418959 0.6339684038238045 0.5323000977286129 0.7461608570114003 0.7458474754851189 0.08953548093265706 0.4482770818289179 0.9923035948584501 0.623185550099857 0.9683502318843075 0.2571894113979015 0.09961462591077996 0.4932444573968916 0.32618731921640187 0.03641803138304889 0.928865847561828 0.41162105354378886 0.7160094010423252 0.28698702632241424 0.5749224831598666 0.7149402577413726 0.3213851722010903 0.5846625190475032 0.5039474714551424 0.17043642108327994 0.3298957234723652 0.5758797353315962 0.0058467441689504795 0.2594583533799676 0.8992219888783882 0.7057780111403991 0.3911004263843496 0.8060373632687631 0.7457450785448778 0.16801433820449185 0.9687555179067739 0.024609300923165156 0.41251711609079855 0.8950448098713177 0.01069322790507854 0.4672423542261268 0.6011835249112601 0.2953984474580523 0.5014231046072137 0.9718681197183889 0.5541425460232746 0.8417341519300462 0.7903914844882275 0.26326966744436997 0.394323355426907 0.40359130277769095 0.36574561842847153 0.11869763223606256 0.189126706179921 0.48144108972870936 0.7365913357203827 0.8044208594003198 0.4314333382635718 0.8973097947282869 0.4499475863939343 0.3943566360477966 0.404745621122792 0.13825634004294451 0.11992689246821908 0.5665845418711128 0.26517056967409336 0.7346134868416884 0.46713777887795627 0.5955742708528844 0.1380029861986084 0.44835389339771303 0.24949120211576126 0.9170323598804784 0.8550242757574126 0.40242793778153796 0.13486946410349498 0.7334192723378749 0.4004716201452343 0.43437828982494686 0.24675255645729233 0.9556254151202533 0.7765143080724504 0.5742600111376581 0.650474202284035 0.5403647276492985 0.03448431366610072 0.1072546110520568 0.2510645995735531 0.6905286654162128 0.8103137451499571 0.8853084004807174 0.7701746327386314 0.40492919859493626 0.5264058439311318 0.9699147973904703 0.06130901889301177 0.12055332543339481 0.22604918456207712 0.3729799730060317 0.21388910538322414 0.40854007515890545 0.19090363293889578 0.07341057527836081 0.8434080049610327 0.9068180189459214 0.7877817831700739 0.3097635818617682 0.5180782765557919 0.4067654926140447 0.01991998946859097 0.9550251698970823 0.5549681933682806
0.7799366901868524 0.7011892153223156 0.6897261876174028 0.9857750271710018 0.5634984081801442 0.541707718909627 0.11737728008955428 0.5280741153140556 0.731740786261905 0.20197809140709033 0.3560599096867638 0.7615745448557507 0.2551808670907494 0.489372991286368 0.5211255249097724 0.1033270276515762 0.48555493732020893 0.08476029842901212 0.4270547178833586 0.6394016019831614 0.17614710821294532 0.24828841587801864 0.10102876321695708 0.6406620599447158 0.7780652934935102 0.6727864056990067 0.47838951823648523 0.18553370588593188 0.47906777856070004 0.6432452050445929 0.7357301146787065 0.3455772613792404 0.39471043914989024 0.768531874595579 0.5021984852880644 0.012642709408025588 0.40405911049349275 0.09578955340452089 0.06039233252761034 0.9291246000822031 0.3709804033969035 0.9252682386942361 0.436154375830592 0.12442805994361383 0.6122766134850668 0.35898739662314993 0.18986792006630349 0.29000600908307284 0.4759241299413267 0.5588120037622001 0.546351402834422 0.08246084674435483 0.5767541686873766 0.059246786354693715 0.48790673968918186 0.19530112147287915 0.3880022609637478 0.7288793185342256 0.7694013662028016 0.43329066412714556 0.6449512894039237 0.7485946865838139 0.754186131021444 0.6354399706329938 0.3170660198416272 0.3311609163738446 0.6487562256831595 0.6878080757199211 0.36695979889684827 0.9733771185163794 0.28351480217814407 0.34332905812374814 0.8368049578882695 0.794553407264946 0.5712053020259245 0.9196391642591163 0.48505617621258146 0.17128765600550477 0.8204971952249395 0.5486399521773094 0.02391409319226734 0.47368138693444717 0.3945276981672764 0.7536398413160807 0.7863019086006463 0.16611331604005342 0.7313092094447625 0.6508657231821473 0.7113985674933929 0.3187134888243466 0.35772746834833513 0.5782441466666995 0.5007365640008206 0.6367346829027438 0.33649165598753905 0.873475537741991 0.12387729961433114 0.9671972153635079 0.05725035839544668 0.9221126306552161 0.81547741911733 0.747802105421402 0.055686454024450716 0.6365207346547614 0.1009440156660405 0.6784391720278083 0.2137792023578302 0.8975060173425616 0.4012857843040112 0.7108988686339336 0.39551091148367656 0.07103319382555151 0.13909731330526987 0.8032770464769838 0.05652986149732642 0.7956999790488513 0.2529720180438618 0.4859740277585093 0.6176686652403465 0.7089996644225773 0.6625169698484369 0.9624859303667428 0.6923399598442407 0.654125201238997 0.028510775648321718 0.6776253730126067 0.4799027428266246 0.7108089320521223 0.47478531201597474 0.9404467277786906 0.3640521589587318 0.9788655168483164 0.06178585264280756 0.51275953333033 0.2322777631355638 0.6002511479375713 0.2779855153525682 0.47338441738924397 0.6003350190318875 0.41029206496292003 0.4996022971523928 0.32479613919590544 0.5354272388464894 0.4961580423543306 0.023859262938558112 0.10770816514386694 0.03309994659582083 0.7921739147325226 0.6593202374663102 0.25540947820606974 0.7276554901585307 0.9298613803503367 0.7594766897519222 0.5315860932466796 0.6352318860280127 0.22423096012845156 0.0026954488701603774 0.14515284428841002 0.4932879320019339 0.24490344184485935 0.0710882789670928 0.32133970987485483 0.30887909166080774 0.37697759506488493 0.20920625859279263 0.37607112547725174 0.5469472878262954 0.9533258704959579 0.5165526637224842 0.9150139585649263 0.43198273885854177 0.8090900923319455 0.8214371038399686 0.8698329134104202 0.10847676280038854 0.7900870349171235 0.5928932740344289 0.8417572196876889 0.9467425108523084 0.9961616587118002 0.13651766124610365 0.37555894725797756 0.0023005745382307374 0.43644978898022624 0.49381461757678724 0.17672078096526445 0.8516170077612037 0.32234631753901266 0.14180992544887772 0.790095277923855 0.81279555713199 0.5143904974067907 0.18849312452420275 0.19872435255302467 0.2483873723616199 0.9049050267532432 0.06791671936156729 0.9972120896867009 0.4322614669373338 0.05463708071625695
0.7606199621893551 0.39635008606240196 0.6903737904960928 0.5962034111400283 0.10222569347884425 0.9312051518054498 0.041469192683029954 0.17317802468954369 0.27373108115456857 0.32002133619605955 0.4744136605110302 0.5766260165495649 0.1846666260074986 0.637860206126233 0.8208541148891805 0.30271570695277117 0.04217934649605881 0.5430862461689403 0.2823127908821037 0.806409977881318 0.5696163109126918 0.2556305546881339 0.9679447539514974 0.6565779333088808 0.36767189729960537 0.25927581127569 0.2206981023792779 0.6840826674581802 0.0915177273039367 0.6392223544942909 0.0019108983303823823 0.8528629398264166 0.7356826792042945 0.8705575365932886 0.7492758819741246 0.702309978730718 0.5113111494644009 0.21985106822078604 0.30620255146044073 0.6806594074233445 0.5131678757574475 0.7727787885472133 0.8835058979033117 0.28561014491629155 0.3792407943374433 0.458106418454552 0.65850115548957 0.5481812366870611 0.6346113568519854 0.564862377885952 0.9368843650330867 0.44464251463658433 0.828787278956152 0.4016579783189641 0.7415485283275436 0.015423910429629761 0.3248875028468179 0.00095837991156833 0.16487700745146494 0.38526307431256335 0.7440240609027103 0.20955842988434903 0.6559540969526989 0.44130787735775046 0.01346292123832904 0.9669094300209086 0.4816182085259072 0.13832368848073262 0.44820480174061506 0.2618970039743317 0.7319578539879643 0.6610465686249877 0.1556029027409036 0.6089844449274232 0.4508818874483075 0.911616664117388 0.7461817716563822 0.5190556968488605 0.29055495698697 0.8297886882555525 0.21991367627761116 0.3696432535570441 0.366706323665958 0.3376477059345532 0.5235836964287225 0.6928867385785793 0.281772534353415 0.3533572747039694 0.34376205014463235 0.22200190489910965 0.4227700580006506 0.870677746389272 0.3174775877782233 0.8288864225919514 0.2593401570996787 0.4637528320057811 0.25431997876735923 0.1574260719060827 0.003494836443109217 0.10243112435580037 0.03479442705413249 0.4606557241932858 0.9395111001398616 0.5303578907808353 0.7381873299159933 0.7924428664644989 0.8843113450917828 0.684032695682916 0.13111032673765188 0.037976479989242806 0.8689201899316478 0.4156858356784793 0.6335019175937839 0.22004277129139538 0.42255939835883194 0.2471210932102329 0.00520970479158811 0.8674269001896451 0.20586401883333916 0.3639630794154597 0.9718235787377105 0.6914040240251624 0.4170390343480854 0.6437310719809524 0.08383462839427869 0.9491334171957125 0.9765279356368486 0.42845325331612993 0.8179797081295812 0.2684492504044955 0.8588698601378512 0.6235957512533505 0.6072581035033859 0.5376841849116197 0.7447549450525909 0.5733945454264147 0.7371048645962002 0.11737550517789197 0.05075478506497788 0.27033790699736715 0.8721457378031613 0.3284569026917675 0.27447759901374924 0.4208582556124587 0.400868169750476 0.8815607355749523 0.8463365728704247 0.7431798979865682 0.5779907594621334 0.0034778815757520176 0.4303794316790369 0.5619332897637785 0.7491359087363664 0.935744422292186 0.1422750533944117 0.37395859560788824 0.19055727080222817 0.5970499483769406 0.9136922824924177 0.8638015129852247 0.22066353166445718 0.029659172356286123 0.755199158064793 0.8649336626607406 0.46663813945063404 0.021906041748964156 0.48297120955203476 0.10894839250663646 0.5984982799147585 0.03354988203977716 0.3461237046703687 0.07263244494420729 0.4702826716048564 0.9688363356549209 0.6431858075559159 0.12678027592989183 0.10459427321560233 0.28280907971087565 0.32305321469805137 0.5560070065339581 0.4941383213802686 0.2238540475075197 0.14356009953002968 0.5595173589419137 0.9545025296344332 0.7813341850091094 0.137924683544714 0.27634033477101294 0.34304800411251757 0.9577005067350025 0.24659930608558178 0.759390815815971 0.3987446137760432 0.580680646760245 0.7184996164271925 0.020729861715710562 0.01183761725224175 0.4380382403482984 0.9359402560351162 0.7514721343930238
0.9698306781558296 0.48156852805326866 0.18114652162566103 0.795189026007528 0.5398305073622764 0.24183511900401133 0.679611321784263 0.47375958544094654 0.12099427642408367 0.5519486209001082 0.9971713242214734 0.8348002834964808 0.6564242312700515 0.3332402204556272 0.9359162966021106 0.3002493023830972 0.3691278726815608 0.6121135642150872 0.05882184486284958 0.6361227340586241 0.8293890590886422 0.849918020149486 0.2847229560091794 0.034639217041535164 0.683832267137745 0.06039378809471685 0.10311270059174993 0.46315557355100334 0.65340731643857 0.8544634811741115 0.39497210242477376 0.21948567876107727 0.037165679778173755 0.24919135654664204 0.8108430911734698 0.6525025912438718 0.8043231872021854 0.4264153014936265 0.6574886739489111 0.012958057069115458 0.7835278941916092 0.3548534056602959 0.3001471740110089 0.8440232979235313 0.9889701941855727 0.6821327213355171 0.8020763107674748 0.911487858911465 0.3178273404292674 0.183226115872692 0.38440424526322736 0.6677449647945075 0.8025484083871227 0.0698163082044142 0.9797927082766201 0.1663603989595026 0.024346564282989203 0.500026867746881 0.07622322026075701 0.48046521563093536 0.15652935563049353 0.8348597801050031 0.7451512462807334 0.8591898937775148 0.2907980899025421 0.8358009058102894 0.2606472946494942 0.34385801358662327 0.7742195146323455 0.4739063843104755 0.6402050243911777 0.14231569359068408 0.9781876925858599 0.6298589580528883 0.5076448367418198 0.8977223327492165 0.8300060695305909 0.8566565125408413 0.2378550086529423 0.4361156481523184 0.3372513931500324 0.09985790984216525 0.37786345945006017 0.6582609599369973 0.26456245414885615 0.02515585377717411 0.34207197301886627 0.697882726504482 0.41728310952865966 0.6585387246752644 0.15519922191185942 0.4295945178480459 0.2913510446705302 0.5518912073247475 0.9882258228089437 0.21570980645927307 0.24788050622009306 0.6399904920725169 0.2052747970230172 0.005431378519930141 0.052702456868323866 0.9930979725014194 0.47464557061285606 0.9554140514569415 0.674780378440349 0.24222818215963515 0.8424960068919674 0.9455489205035668 0.4596260812448193 0.8719844478604969 0.5077393090013608 0.844358355645295 0.977660770712855 0.2064252046423929 0.9298161510522645 0.40529066146995363 0.413412287379198 0.5572825084762819 0.8350614525730173 0.1595788978812055 0.822400363578661 0.08952827192408241 0.23244975578176608 0.9905692686480219 0.817171796183759 0.08807304578997932 0.49917982347654555 0.22592016330849662 0.32454331022967964 0.3002907015413583 0.6486442237874716 0.47468080752461717 0.3916492982011851 0.5895181056419151 0.6126615395229683 0.9340008161048857 0.7487904748047857 0.7211517105510876 0.8589636681392138 0.9339760420371984 0.9898877742034695 0.04375379313201144 0.16547481010138343 0.406809238224476 0.6924353384728892 0.5641366196064012 0.6940170444619845 0.8693543886978002 0.019727485206477824 0.202295534964698 0.011921865452371283 0.019682770738502997 0.8343219974042245 0.948374029857923 0.5036950827456202 0.23545759920846665 0.7418085408261713 0.70465537628501 0.26495766787067243 0.6426229958047165 0.0031525026031603565 0.251023306634216 0.35190181808552934 0.47158038147392656 0.19980612720252777 0.1547650387700522 0.06744525934900758 0.26250008402611036 0.6343797959574383 0.6360521221731003 0.4294280364919236 0.9984567313689623 0.1283464232269489 0.7270186723204964 0.532302109810415 0.32075855259622876 0.23528933150700704 0.6716656087163734 0.175341090485711 0.6355544127596768 0.10001179226653889 0.32251172711529663 0.853611613488458 0.8416304892716026 0.9696534628635916 0.5955052267147257 0.3896648248872636 0.24520462297660606 0.1213525773688674 0.8765444603881183 0.524498711856248 0.5180750170350944 0.7527002896172519 0.3476887585327406 0.24461115223143537 0.13009293580707726 0.2135013758292711 0.37491015516814885 0.04506653739475697 0.3810253559561835
0.02130060816004664 0.16415546375481604 0.2310353364883755 0.5976083900838034 0.7896185264460811 0.14278815810203815 0.7289783382881319 0.3738734886181405 0.5555348736549126 0.4650517210810937 0.10843096854826761 0.28347270201703967 0.8179753131262549 0.404518337743081 0.5948326811993656 0.7096004484942627 0.774083753842609 0.24467864195146172 0.13823650409944888 0.39717244991877354 0.8538658052348866 0.13700214012283507 0.321431890769427 0.06982704017528918 0.4647302851284568 0.7950163581310885 0.5106202656138351 0.40616136319136087 0.8192849118867963 0.3238995554991726 0.6987706674935125 0.16137216305399316 0.7700527323797776 0.511362261165911 0.2369713101724723 0.6402929894501554 0.12036134042989799 0.8221031822466806 0.36197570654530176 0.4585420562709016 0.9807164844751762 0.5066435077532587 0.8575849125089177 0.07809091948240254 0.5784165803282799 0.4040818290701964 0.595537286618455 0.21720100389212738 0.10123763407125874 0.8800178981658429 0.621318805603088 0.29129426853788853 0.814429497372688 0.5422496054972545 0.6262408229580898 0.1041058172353524 0.3380360111900219 0.9456877278125657 0.29827675646310803 0.06239216178143803 0.8991710528656846 0.37756539153761004 0.7136824372993805 0.2822307419027842 0.15897861916174438 0.6941459972996189 0.910201378487252 0.3694415452444154 0.7421596625804787 0.2408782966456552 0.02152905301156971 0.2444966498909974 0.46862367629676216 0.5960837869870033 0.06606285410913804 0.5248756477484742 0.5017764320689551 0.27617338013208925 0.8377393134483466 0.9593823480000445 0.45123778094173783 0.05204436337960838 0.23018676421322426 0.6357578254517987 0.8584403696281938 0.13868744163954694 0.3240781926236386 0.46845804635273247 0.6521977561256389 0.5708931352737203 0.6384288214989567 0.5619863733180649 0.16737279519893378 0.842769581558296 0.18334584378036678 0.00035192943929707177 0.6417034886504835 0.1944759029918781 0.7025333896915658 0.8734121848815776 0.8267367595225114 0.08291134464006222 0.23211253318086 0.6774689804690026 0.8725523917999769 0.9970331010560146 0.1725000511083561 0.47724232648225173 0.47521781141637376 0.5506671434496938 0.47209085122041783 0.12752164080861295 0.31735011332928753 0.18323181195652483 0.6229210932664195 0.6504435011596117 0.4757500841857254 0.8677986668173209 0.0913191583756553 0.2774221240199215 0.7973513990781003 0.39122128471152584 0.1436684322102042 0.11816165979156235 0.3479381393758423 0.8913019197349157 0.27440566638554176 0.4257730440538332 0.46941079467024505 0.23478401618426226 0.5694795835147382 0.4554136026607909 0.8790328408353938 0.30861133701331334 0.4381502570063065 0.41763933898463435 0.7042263386529244 0.5978817007490268 0.7496678750821489 0.1502987907649702 0.21357574212995956 0.33091191474029746 0.7231986182537041 0.36876098729845563 0.5083771795852704 0.8061721922984428 0.8525954869102071 0.5925142527985405 0.36329564310244333 0.2661169697902417 0.015466737887555593 0.30021654976041723 0.5638552779131308 0.71716565864552 0.45044018959299037 0.10321199989785013 0.6369386245869947 0.12642054363497124 0.994710804855761 0.22294909796268203 0.546471225859249 0.38109789875691513 0.42777180601624953 0.537175231792433 0.8456162647458297 0.18270192915098193 0.8792209027616752 0.7989674646344666 0.20184026186170145 0.9537603257603448 0.9456280902547246 0.6118996063343288 0.2453668077588248 0.6472269448618007 0.8359656514955005 0.4424449044105634 0.8680617373896066 0.4501905085001473 0.4616912815605595 0.19668453489227544 0.947193951367104 0.1683771456750388 0.9300220174902137 0.6611604488273729 0.01481583013040133 0.819627752587675 0.5444577431469199 0.190757148393353 0.3623369099720719 0.5593677885009594 0.8091354729047718 0.2879501341432126 0.7720071369257874 0.7209467919845358 0.9681355503600888 0.11846738493838749 0.31019559765224425 0.25537022868681325 0.3803786161643783 0.0978302845863458
0.5599542668663994 0.5025118597464737 0.1466363240315034 0.5366782385889893 0.004323451174173543 0.11827102096680708 0.9241176031617251 0.4362210482294052 0.5729511595782 0.20792165423383502 0.2610383396041158 0.9801683536132213 0.04475446750475598 0.48876709757863557 0.36584678847585517 0.13901889801968903 0.24470118700352306 0.043040843836787857 0.08287123056824364 0.5498291292446392 0.24948737877565053 0.2724593234671123 0.26027663175471905 0.638250303755895 0.15927958038206236 0.9596115427568461 0.7981972385532956 0.24178190686517909 0.7196409514353166 0.5586874069300591 0.11244044376376783 0.6866678362382624 0.4246096471203744 0.4313227841835804 0.2507253733328595 0.7147523030480454 0.8137878249339511 0.29054862303402385 0.027040146951755717 0.36599609630522 0.5734299321420918 0.47820483772068145 0.10330283501317228 0.8809027506231027 0.1850713021645125 0.4787159072380187 0.06152851189284669 0.3104308741990254 0.7443737528492166 0.5173767319710639 0.4180333438201074 0.4836182333474943 0.15250426160350872 0.44382355951361885 0.4559803445327 0.6270273174616959 0.043878583978426144 0.3731947605154111 0.7700764624829364 0.6634624278716096 0.3437200595913805 0.9792176496062197 0.1263837724409801 0.9236576151956531 0.9572784767681279 0.8515587291593133 0.7488794037133789 0.97474439303083 0.23234328422595363 0.9611177246708004 0.32837954240938116 0.9454070112241044 0.85162238556726 0.24371673999070076 0.9110957105992541 0.28437742122374055 0.2975712802084908 0.15540356185149407 0.9630903003015631 0.50093217705726 0.30807543710924656 0.9213800301106643 0.5354027145795616 0.4540866135159213 0.8690168303844604 0.1617036746137568 0.7689320100307182 0.4772674568015274 0.43827299344117476 0.37038193537714115 0.13138340426986816 0.6593452838347931 0.30730555313801744 0.8883782149299976 0.265588820334527 0.003378435154338555 0.3412647379888304 0.603647570225052 0.9756441915453349 0.4890367383773907 0.026065738050959686 0.9856681336426089 0.06212556307749306 0.17381085780805305 0.6464203190106991 0.7796304484484601 0.8378427312511872 0.3031294441495853 0.6759908661086121 0.7329554639011194 0.963084224956956 0.7812043510596078 0.930750397428957 0.7765008271125151 0.8641409678645673 0.3816452971383354 0.15947805664207937 0.693170158518656 0.14875925101360687 0.5742804857284751 0.12284651394874291 0.29069158324573907 0.9277654962912393 0.47598439453941266 0.6012669409205695 0.7200748794638543 0.8495376899218339 0.651176230023731 0.7960148292587881 0.2745818611442078 0.17904679346734664 0.8798031108502754 0.9748682233289255 0.7568012889761344 0.8089624566214956 0.4187369036319857 0.4511466641125438 0.9902905633707186 0.01412373029214642 0.10889876019830402 0.1933156023964181 0.18237088481724562 0.605869472258104 0.020138168264090317 0.9450488635017569 0.10409158477946867 0.6113381967300479 0.8316761622907904 0.18023756386895784 0.05629079356580868 0.1773492968090704 0.6077775893214798 0.9764299059851084 0.38856968997714614 0.5055002762914844 0.0943578574532854 0.9739085801178752 0.5034124592255083 0.3334693944846918 0.7558281356303423 0.32958485410913085 0.6408077855446603 0.7832360884390507 0.07634670822406997 0.8299244623218777 0.7202282217073549 0.02016334883210491 0.7241717088759398 0.25201486559262587 0.7306503450398214 0.5127404390891974 0.9267543094511923 0.8406207444228713 0.33214191825807404 0.48972377109043674 0.8709076609897262 0.1511662744095158 0.526543783169127 0.0030060961597230262 0.1208984312248681 0.7819158538421579 0.03710810665351638 0.7050114707490933 0.12278011336720362 0.39824593542145614 0.6429430415819775 0.2559279651876958 0.774516478972237 0.44734692942993504 0.43240305851627736 0.0518035452986334 0.4590361710585581 0.4456246725850861 0.545431688868279 0.7170585448212778 0.3654411968183099 0.756185372178696 0.8969932449607494 0.8179530376721964 0.5619938694195737
0.6865600963873606 0.2952625035797678 0.7190850074687366 0.3269386487439435 0.5374915977165654 0.23333935837376085 0.4036116407273158 0.39112404082500274 0.2168639670323963 0.3851369957206683 0.48690257412763327 0.1474658204889745 0.3025299581852696 0.0020864259209675273 0.011575827065370081 0.9468724281826438 0.36413713045578866 0.7583644586168421 0.29051154184388506 0.777034672391362 0.12620641867326 0.17168294172973297 0.655420247282935 0.7323365684045375 0.4364467566658804 0.8222448109975484 0.8762239540928246 0.9067136751705955 0.42547670762640577 0.8442855114544628 0.3369602319574647 0.7902708037702484 0.0007967090838916224 0.14501852855927722 0.6850855039306244 0.4524313697188197 0.28668724053518035 0.9382144124176638 0.6598796141476856 0.1718598734656791 0.7173040357522164 0.8546828103167511 0.5001217820531961 0.7038825541206375 0.1827378918920507 0.22624498078393618 0.9258770139971643 0.372105760235511 0.15014724422520143 0.3049553426997623 0.22713066074986044 0.13296701195993232 0.36557740688171103 0.17443033328307944 0.030378726954857882 0.17756630302158005 0.43531550828327026 0.5261551816719734 0.09056156621146638 0.5579227407640538 0.7826217126147043 0.09883152093697678 0.5454224349624057 0.6341047578171165 0.22906254119144298 0.6524188313539581 0.4295664089565039 0.8357622457910213 0.25977674307018694 0.6238264175832222 0.4747652970912316 0.5528397658496461 0.38250154410872683 0.3620951721017375 0.6813674277639299 0.10498542883624407 0.7040111659834368 0.5669967906493921 0.4983345788653599 0.19252772342623092 0.6568206715280416 0.38992144527256345 0.4307640698283117 0.4337111501269185 0.9991462480833084 0.7300639255549517 0.5249301197125128 0.04796803692941276 0.6484109376811329 0.7243563532911018 0.6456198554456594 0.8811491106383766 0.48253401335671986 0.9924173510649059 0.16141314668057427 0.6907319643156358 0.02232561159751334 0.8973787631716815 0.04168743307707623 0.24629239962975957 0.6617531032686956 0.3511493880417006 0.26909961016235073 0.14108602395022474 0.0817503745201168 0.7485602012202939 0.32918309334149554 0.19357726490420923 0.7254203924759154 0.6392962202123064 0.9348675085447409 0.7316876652639556 0.5182182824715292 0.20363014474884544 0.11747484651713724 0.26354315918538684 0.0929598954728108 0.5799353002083636 0.9542532828893051 0.2715430276158386 0.18627066224255961 0.11714569959258381 0.46428093514491664 0.3002977736082997 0.25636882342638756 0.3859771410352568 0.49805539289115275 0.5657236758199401 0.17845096381891778 0.5362607737217636 0.5150062682923277 0.15534446439139082 0.016463949910188513 0.28238529633937526 0.5269650701065738 0.9837966272812624 0.00884316573880628 0.17061276985322182 0.7820550204346602 0.8725186390695763 0.4764385410157447 0.4353564697526353 0.5767117545065922 0.5969658552898515 0.24962193965262147 0.5239770554898497 0.17346973019892842 0.9405537471837865 0.3585965191315066 0.7072160084202164 0.3378216075129742 0.4461640045880825 0.324872379006403 0.25874469043965886 0.00792576346492635 0.7258360464671434 0.7292666746883226 0.9658610799323054 0.2511227024172078 0.2897784356428058 0.03081973137900451 0.4773410034466059 0.5737059445793965 0.3813645153457136 0.6556725914050019 0.9119078432327826 0.18099062175303515 0.2706404991146142 0.6449956125420497 0.47660719038194554 0.2279222159087989 0.04430618584783341 0.6839673356729278 0.4466298166993361 0.20319959584635272 0.8630136482993548 0.311862868275689 0.3454481465180903 0.5751455003694464 0.6293573024462314 0.9741018560677609 0.5245151922677534 0.16295893135787543 0.30496730109393744 0.6527236014169849 0.2282695763040129 0.5584482133344544 0.736161351792121 0.32660189444879284 0.989813059835637 0.8965888846926968 0.3922562227114065 0.873861454627012 0.4199460016253963 0.11515068536724671 0.8083301572840639 0.503625227660936 0.44604369715818215 0.20811011640047217 0.8514957382792248
0.6463493548053781 0.4298290391684715 0.8772147325267945 0.8438864052064284 0.2510065818336129 0.4546751754803695 0.8183910410473998 0.30161681855841505 0.09554890099355418 0.8317028930217994 0.9095128109605598 0.3274891684678186 0.42328040168267067 0.22884929282362299 0.05025481899688189 0.08258670307187232 0.7981693739674912 0.7783725785717166 0.9418482550554611 0.8675555917660419 0.7969393684918683 0.25820986157135695 0.4241698000594081 0.11137790379666179 0.020983838291293133 0.05469084593665363 0.9629281813739153 0.1502625020405337 0.3357262901394116 0.8472773393064937 0.9407030937630659 0.9067000278710347 0.64148172996588 0.46180084925128184 0.26234466884960594 0.03555341286394664 0.769654533697879 0.7368539197487128 0.9327155436009731 0.9964711255472058 0.13663319360556103 0.3026118495446787 0.051003139061552516 0.665376028063278 0.5819873370055989 0.605309537500725 0.556475126386745 0.804806444901882 0.1665024647464216 0.8854800220786229 0.33786085790167064 0.00393857017173338 0.10277987922638121 0.29828493425309066 0.009569709301549878 0.031208217726978793 0.7838666879282993 0.17104380170973466 0.8100381396610226 0.49779498092526075 0.8686834204678352 0.557653325101066 0.7741223126517026 0.8882929421906014 0.49698216048307875 0.2748123887535673 0.44538759540104333 0.8650505242486948 0.1225304202574482 0.06080713483553857 0.8012492180999742 0.026203297966848837 0.34790091030248105 0.6482351569850838 0.8682477560796603 0.7727073850326873 0.22263689490164784 0.27303687326433335 0.8049910614809067 0.23036258444747204 0.26878469244236747 0.4867519523742915 0.31360250266037193 0.8909072558640814 0.43897081698873497 0.9942144544548663 0.8095596740630943 0.031284001541901696 0.5981063886121327 0.5639744892913587 0.027746799283701495 0.3218964575516913 0.6129862893643258 0.3776122246385447 0.392782307678043 0.994822244941283 0.8820367075065582 0.5736850497259073 0.6482036763282842 0.42216264982198015 0.36013580613521734 0.5978511375878187 0.5749043481500401 0.837551943955938 0.6093001067077903 0.2727574316314102 0.17305666154773713 0.23749808238691994 0.9059643269553053 0.39091832041319363 0.22946673137288087 0.15497428742938613 0.34570500574564245 0.21282421347481895 0.24319295230547677 0.5656496924325902 0.1530788656892661 0.1729209298407114 0.09734826884626446 0.23032623425514365 0.6865057224338491 0.657339906297262 0.8102524956176927 0.38816262573707305 0.24618547106729738 0.5693826611372386 0.5473406413103996 0.11888025628425702 0.16730550914539188 0.9011265323879839 0.4931377128557667 0.4133099856477842 0.10766449664162903 0.7315459578961806 0.9506140268606296 0.9425437361553738 0.7902522062067953 0.6775057579748005 0.2953536263975862 0.45458146449661285 0.011239766731698353 0.7923096898158769 0.38620078199936847 0.37007053699004333 0.9983510257861433 0.1665772695809955 0.9381218784957269 0.4362638660601982 0.6550633298109249 0.927917188155769 0.4010628972452007 0.5048644271758472 0.43079069091045274 0.6040825185441563 0.39220944044004724 0.03855345021062595 0.05083467805634678 0.660619083897059 0.09925729889278812 0.10399545425386025 0.8721614343358014 0.6640886378777927 0.6050706587441513 0.08815327167267528 0.7571493571187482 0.9870292627787406 0.9385133460247643 0.3263233900821709 0.026585827635310033 0.725960436302869 0.9120338648591659 0.5134959733693296 0.22948427438567442 0.7596140867238681 0.7444958048336913 0.4757780670063676 0.1385724967072124 0.08610359764275266 0.8071471222993243 0.9947118397887449 0.7116529424358717 0.16464097138399691 0.7537182777449368 0.39323026317595267 0.8373731411006492 0.4008118253901455 0.6822320397668367 0.17754058376276172 0.8438314742830797 0.18052188640314448 0.08203970849849174 0.10190464907073737 0.136627828084802 0.37920872058296884 0.6276637889798061 0.41920509936894157 0.12515792493777067 0.7411200481103476 0.22417819301523534 0.07338823042957976
0.7666752730718874 0.9628347871262395 0.5555841151055808 0.42740557602889906 0.6840183001279198 0.6152132351055513 0.5584816438908676 0.15382206292226785 0.5661038643768425 0.9551845205852061 0.4967776580458666 0.5391421974278504 0.8032842828141556 0.8837937205156107 0.8524439926461191 0.6526153321767488 0.5910542809840987 0.7557868031862469 0.9663609884507597 0.6058101275958703 0.2078421024391498 0.7001059998552268 0.8047359763704446 0.03171870513584385 0.46342260957596226 0.5997144771020992 0.08253522746957753 0.45015376364054993 0.9912511849802229 0.892311941153502 0.8893648445348222 0.11417056955583749 0.09674919354969658 0.7274978458815007 0.09982826726877692 0.6750498479639935 0.2383948773910558 0.047827606291113156 0.9576311548921219 0.32075089122161526 0.7755243447581741 0.05400714750619373 0.0579957543947498 0.23780011289748015 0.7002870523107403 0.3240291095928578 0.762971874973428 0.17769052282776876 0.12512709565607927 0.8528172675474152 0.9211449544556506 0.8084643332873118 0.6021129869929742 0.9536293219031585 0.9935596243400352 0.44063495118078944 0.6864416520483075 0.4657385328480017 0.8753925389476869 0.023411638324545736 0.9398031877936776 0.11163101010540633 0.6844347964406055 0.5316027625065858 0.3119619264515321 0.17690751429903417 0.8954436615566722 0.7401726786840367 0.43784655541867246 0.3934145700325221 0.3001465263157259 0.1535558865804192 0.23141235054792286 0.37115169752074717 0.8891878857313208 0.7587354551538428 0.2920138703668037 0.12811453865057587 0.608433310640889 0.15463185529236412 0.8276511087231311 0.39926203985882736 0.4000949881194331 0.24084916604360473 0.0753981095200913 0.9795686515633297 0.020627437211745203 0.5879949605945292 0.7713393892446708 0.6841132437242532 0.17592197778611196 0.6753039103345047 0.4168500560837819 0.28152181776721263 0.7064767155044068 0.264180335000503 0.41428896719969344 0.5977223408488775 0.2842208053454567 0.6775979643056034 0.2860983793639852 0.3428814656714334 0.7867224690769282 0.8261992810192217 0.1454287779238892 0.9916418972383629 0.9834886180915112 0.24938521978414818 0.33036423249206937 0.6481411363203701 0.13534579994375706 0.5544109959503757 0.5735796218219256 0.4609013541870737 0.5694455299457025 0.921709501522459 0.9121782729729023 0.2442211867774403 0.5181332151098896 0.3792927815017857 0.19732840700512122 0.600809729049975 0.21001359955495802 0.7685918775661593 0.6606024796374422 0.12257552600768806 0.42251101712261374 0.5581748174033098 0.07112676569286469 0.858838099929535 0.963901235574096 0.11477375435884118 0.34650491568158037 0.8020083181757576 0.44287101318134825 0.7790640391101594 0.7427519506867559 0.7598405567407016 0.8673159098363251 0.5182844100806496 0.41875133797682684 0.8271644346716875 0.2700209321760777 0.5262133340442557 0.4967828094552972 0.405473390781514 0.8227015910439601 0.05748803407267511 0.7667436605786259 0.8447514550372174 0.14184548810477937 0.7703361591632815 0.2947777110270837 0.8677156828955626 0.22347806416858407 0.643021857916834 0.13473491263418336 0.43103585008083867 0.824392243610803 0.7066592713295453 0.25987328325676606 0.8116920312299906 0.5874997426444558 0.3118063543049553 0.9052563206047202 0.6733191425584226 0.4362111552022325 0.01839392538777307 0.5651468761573769 0.8895418568790466 0.8705926724733226 0.6061764009517184 0.8327744792227347 0.5311841698524263 0.7896169346842449 0.9101216049182541 0.33514912360108595 0.7539275587740288 0.09069084190846843 0.3010536402187063 0.965111389407861 0.8146892478516663 0.3911441914495861 0.673955155315119 0.4093294567218393 0.7951092504634699 0.051195384448914694 0.15231930675234295 0.8627792426854164 0.7812255037705662 0.5168044596990395 0.13914301666553697 0.6112416165376001 0.8098352581115258 0.4767763041790225 0.8554092688218198 0.0826864092014642 0.9279091011807339 0.6429635398546684 0.7419083756368782
0.6236107260166398 0.7280215889208951 0.5479835952583214 0.20551728089318488 0.025623577968352906 0.6697888070582321 0.2208822372965047 0.4951227071620752 0.9155082479224264 0.9137480529842175 0.4154592204381671 0.46102411738559734 0.4773977585683927 0.05918123781668316 0.009068330715055417 0.5035600004028288 0.0172871378880588 0.09217956461019383 0.5065300964089293 0.9346536293170824 0.6969787962400179 0.954769464763995 0.031585156454246976 0.8556621389166633 0.15137735947690512 0.5040801343287062 0.7225978793292078 0.7224479286081902 0.6684422992051703 0.3847077283849565 0.365609639973531 0.07301566685332805 0.2829354496525913 0.8599451899175734 0.5031859440462951 0.9668198280656674 0.9168857309424127 0.2197594905722079 0.1544537701011447 0.6394350608675435 0.3804916943507979 0.19733990380787036 0.8058040840749648 0.7993518704599656 0.8945378375343879 0.4933009230008789 0.7271096956501928 0.5733627675249706 0.6346141775794255 0.809492171760275 0.016914079110686764 0.44866322650699264 0.832492313215971 0.9700145823021323 0.47526950004274615 0.07077159585202963 0.7422162967521554 0.6094179094464198 0.3353373749562595 0.9981650087513297 0.4317934055075838 0.46398905371041377 0.8299954513592798 0.8104380263117114 0.8154964110554539 0.18764190623041843 0.6436233369782642 0.6990189746534777 0.5755577517429926 0.7868252289402998 0.9490594814829018 0.12642659705624237 0.033381712488283144 0.27203290357708165 0.8431525991377363 0.007009494516188375 0.14545456396963985 0.7701660431656046 0.6676099020717978 0.010971359206687126 0.16591923918562324 0.6906382119644171 0.5448118306480729 0.5031558505354575 0.39097953223393767 0.9307228235761069 0.9817818667861118 0.9364435457352897 0.3732860414093777 0.7518703487545457 0.9997777345894415 0.228886708300708 0.1718842550279167 0.42758891516231656 0.06949828241940603 0.188141335812391 0.3850753306225885 0.020903830185702632 0.3519352200625606 0.3143007483421829 0.4092928499020013 0.8339764829665453 0.7139762393364362 0.7494131420577695 0.39244454629399217 0.47295511051811023 0.46392860935791325 0.6636257185660437 0.4875719342129302 0.5122588116943916 0.3029471363766183 0.4383707958253916 0.7143600665705925 0.6734830876684083 0.5029050644318878 0.28556585762701225 0.7816315506064844 0.5104418320166726 0.018679691150307765 0.20715572504837132 0.9662751737034522 0.7684627584762384 0.6527580496876485 0.8054743403100013 0.9621612905988634 0.24808552120012584 0.01591864763021078 0.5501281773929136 0.8727723951632088 0.28122099027557734 0.3435918041285124 0.5574596842711171 0.8088197679037551 0.6596522942509577 0.9985716328847994 0.5007860347140356 0.6931696039605796 0.7412048714349894 0.6119582622004673 0.6999857321488295 0.8633711638902598 0.5629847706496378 0.9604852804158563 0.7730426454761424 0.6282767638799373 0.6123223534499889 0.29786843380231554 0.9721182947496301 0.7972752728626591 0.5023603294120028 0.3704272092423523 0.34060509895267055 0.4878668659115857 0.33579227720773774 0.44057894672130093 0.870180016727271 0.7914547274933166 0.9793658798919196 0.11550674524823701 0.31892253607360044 0.8178016092551031 0.5612746190110379 0.35793811034757705 0.18152847230531455 0.39060449421983046 0.49675848024932234 0.6102518827840663 0.07936496225068357 0.5570338580873401 0.2994214685836929 0.8385158513672816 0.7222157036440562 0.9008555042327898 0.18222761717902103 0.4593196793750317 0.7858920710420213 0.1226470171859485 0.5516060620286198 0.9194229534960143 0.1985596114740128 0.3931655982541503 0.28491427576116357 0.8802979036989296 0.5081442238380842 0.7964693222185276 0.17573472207309282 0.05718072734328228 0.12529879498915275 0.11559393493312164 0.34398295262951106 0.6761067103416254 0.3059700835248472 0.9258693871661028 0.8868665306599132 0.791643197562047 0.2601028165269421 0.5836723136422612 0.19331202600590214 0.8579859381095357 0.09156952974774102
0.8496312556213991 0.5824584330919245 0.849327573073665 0.3520604016710325 0.5899600329701495 0.5589301639214428 0.7574983562221598 0.6505871263158786 0.9656085486158071 0.894686424178468 0.8485618696928113 0.9166679088147587 0.08454876659082844 0.17987211561237004 0.3853078726920993 0.14133363142807964 0.7798855270558656 0.05598604207557367 0.2212794501052373 0.6428064672494322 0.11739871129486701 0.00596995491932617 0.875682020310978 0.45598800714769483 0.23814945077972627 0.005511964123692592 0.7336061466185735 0.8284811002282253 0.4116724375232632 0.4001594773207521 0.5893414322577016 0.8041688027640586 0.3990935315345666 0.773088577996908 0.054773159125350745 0.4046328307469501 0.8224992876239791 0.4807597586640515 0.8065925835325033 0.22898576171199292 0.9721907729248639 0.5462238369348094 0.057116140768214585 0.895046416748941 0.39643237837664447 0.6401317242744102 0.3487441117760697 0.5384507777142566 0.6880467495927027 0.8643045615712265 0.3331628398498975 0.02599158763458409 0.9000225229681347 0.650377257705034 0.7316721887806037 0.298968498087833 0.09761546218419292 0.8099385696139058 0.7257629816248267 0.4467223120496904 0.8631748068633269 0.8523266574939689 0.28824382224984146 0.38652327209759363 0.12672134983491734 0.32731203179485724 0.2564659098209988 0.6024336231593053 0.6228525130610624 0.7897595182465058 0.4179728757432394 0.8477326712940706 0.909583309549904 0.5662390800443711 0.593391166510113 0.1660818316987357 0.8098334325503961 0.4126761887609012 0.6430312347088712 0.4777153238026848 0.26691779336619215 0.6273585887484424 0.12843706292255042 0.5323354098388251 0.14440829035333647 0.8608992209152793 0.1949939460985637 0.11753586056705156 0.23859342557285768 0.6964744278547076 0.9691193965625421 0.5468185591998762 0.13381228859725058 0.10482980602022696 0.5134502332209596 0.29510022346014264 0.31465094481304967 0.44188142147703624 0.8281039893802454 0.4867670734574693 0.873988156374974 0.9062496624800687 0.7063627673200257 0.20357931132547857 0.3798655661379019 0.4800774279494511 0.26402385914453397 0.7447712905995438 0.8720939093721519 0.9793827401413693 0.26319827911024807 0.5663019252027187 0.33439021303088234 0.8547869551281557 0.584551287817214 0.9162473264321264 0.2952678748013894 0.8712866185781193 0.2542907899331096 0.2121132461756725 0.6142320292538612 0.4638154107892264 0.6942914855987923 0.17491893539197834 0.4204954141369557 0.7406034593067994 0.5268496555736938 0.4107878566105192 0.29309092906061973 0.5866774247745358 0.3551076689153009 0.1785156193818851 0.36538849196629875 0.4599155960778343 0.8479216762124792 0.14965191147275791 0.06688554214309572 0.8114882176517658 0.4051027822047458 0.8053977683608698 0.8218745364110053 0.6550920314597334 0.2155797164494696 0.06975223753174131 0.34688845201982743 0.012902347580847184 0.6066196462847836 0.6635589759613989 0.39205326765306425 0.9702766303449614 0.8159970829641432 0.1781793863327431 0.8374747847354268 0.8621715225273237 0.20200274740558966 0.8846761552312566 0.5645501604596878 0.24879672772598616 0.8276303493948531 0.2922292751060165 0.5302651275372463 0.5681568681347884 0.6610927106892612 0.17434809346070934 0.7680798582291696 0.082040994645035 0.31765875368286456 0.9429755702297965 0.980288423750997 0.6759751641474433 0.07371247774974565 0.5792332505366954 0.09743445641254656 0.3293053960751532 0.9246876932220074 0.9718043936517355 0.8270970485326311 0.4140918694391693 0.15615177657959722 0.624516477405305 0.30217953723871593 0.7671438785836397 0.13472592359210023 0.669345444953053 0.14149008262829754 0.06845699348693779 0.8770922171150793 0.07994435719369442 0.9155058426957751 0.7697517520259289 0.5880727316647069 0.9045453864847967 0.3165587912105038 0.7365519205729345 0.01839999573918827 0.6671339142606693 0.011207122530784486 0.6226868809069555 0.9794474840631908 0.6082936691999206
0.544168988135887 0.4219539079568727 0.16993799317598723 0.29140403200285914 0.5819877958271473 0.8093327529341787 0.6895873248064852 0.22101262611727346 0.010125461333952313 0.3002882811600228 0.3808708917967545 0.29070468052578546 0.1326714572083224 0.9623892152697827 0.1774306212040917 0.6823233969871606 0.2439908646959006 0.5932345878386834 0.6316473808267464 0.5078891889204721 0.9776569462958625 0.5059168969917538 0.2597449648338839 0.7686405461279466 0.4566418041959297 0.7577175579563966 0.05007731798832049 0.414828305522299 0.5319718683038993 0.4031186136176541 0.9148018614661009 0.6513716492392201 0.5892469708874282 0.048087942746584345 0.6137224879649028 0.51054384620081 0.8463155309232961 0.5128540110773145 0.2878598578792374 0.3282041935738349 0.6903188510470127 0.5217734200941573 0.6373482937581783 0.7296802613795796 0.4393847614032702 0.5272402630603247 0.5915298529874197 0.959092192818794 0.28892242426764236 0.2507019778899051 0.4345576086093291 0.8178571414001192 0.6813459899162975 0.3587561429398518 0.2290864781476808 0.3832969510556776 0.8665348207345415 0.4799983748646195 0.40471137878878793 0.6487521246181691 0.805484235934851 0.4411329782837582 0.3972658876921259 0.4305573425456829 0.18049266071662284 0.061481676367461935 0.36770819972955715 0.6218854916379701 0.7797916823185472 0.6176497737838802 0.9554189074270305 0.8432994760726261 0.42095218018115355 0.07346014311228588 0.7530182869379886 0.6374134841368322 0.11991082959574306 0.6564008179429511 0.6469044193190471 0.45923535644488755 0.9250903984832093 0.4511962792100471 0.5986748283049674 0.7127996969194349 0.8863529167106059 0.8371062709121889 0.4268629429438029 0.3119205046779838 0.6296521637565631 0.08169790258244092 0.6811513524932234 0.45804590700169545 0.9264701721558142 0.3238017307659271 0.8614096308590258 0.13708657108082656 0.8056845293783182 0.558969412845702 0.2078956675199397 0.9497361812210855 0.4184492987093954 0.5613510199422468 0.6126002632679661 0.6944430414891212 0.6427592197322899 0.13882750091939844 0.8339952533410814 0.9937372899555216 0.2195505017336229 0.8674547993393036 0.33145402752721553 0.09221980397537177 0.9252004359148729 0.8742357831599317 0.4436445650229527 0.884067096252319 0.07738350517832304 0.9534697834955018 0.20462633360461213 0.1797290621464106 0.9198616876562302 0.14629316878331478 0.4414973939030141 0.9143981838373183 0.3541294837936343 0.054687730449407 0.023985942772643987 0.8101966587149121 0.4494250867299965 0.7231416819567474 0.03996143234180172 0.6369743739791722 0.41210152661575505 0.5443668401835637 0.039078224309502585 0.8856128015439222 0.13113521053272603 0.8215033675658392 0.40946304507533615 0.05465967673458205 0.5184105697019593 0.6142152733111186 0.5305009281265622 0.8047110902249892 0.3988133110958938 0.11650801836413482 0.6630425792307278 0.08151501621360013 0.27049741013061956 0.13589134461468122 0.8081119856430258 0.043656135710914756 0.21642681346599846 0.8145564101042834 0.13863002787275014 0.13911805034501068 0.797595186871181 0.7913798670432887 0.40299610299351685 0.02797128979621888 0.09383306167560934 0.4281130342479458 0.5866567108985481 0.8440673753755823 0.9561690845794808 0.7524255055396937 0.26542378994293314 0.6798822189004399 0.6584479205052916 0.7137754623473473 0.013605229129983742 0.9416826650335721 0.7100920816776072 0.5225449427491742 0.6194825191045599 0.5430608269137036 0.5896186562237873 0.06017272137845253 0.45405043676310275 0.1419525111400205 0.825973734956832 0.7218454207849273 0.028953019940585856 0.8602346595883853 0.001499027548157894 0.22563462034705606 0.15114869065421432 0.16113158111033177 0.11223042668285188 0.7640058596854675 0.11247372964106195 0.6261013341386134 0.6912128106574663 0.9199892857204847 0.3552418789538555 0.23820478474398066 0.3861373179070672 0.3309075528352424 0.32213577004433136 0.7095043876852101
0.8989515011328119 0.1475651112671763 0.8187759544794821 0.9803363695922032 0.3801833727738553 0.7734898691104274 0.018217976187726692 0.5754493646191939 0.5511328626247841 0.2158075212091236 0.3468021839493439 0.8796813145425134 0.8204589949267905 0.9847451994162665 0.9610667295305756 0.018634707778921733 0.42168552015104677 0.0634695239755122 0.223306754141393 0.17526030064683684 0.71841261493314 0.2100352235357862 0.7860440893724343 0.7448533247528358 0.45072163410312216 0.24902094396482277 0.8891234795498938 0.9751541045451124 0.6855248681960536 0.944939862758622 0.2776787096126839 0.8593422629551819 0.34311791470317166 0.825510097310224 0.38472201869269984 0.03789378825649581 0.6374002928511431 0.3026054540691193 0.602675045090727 0.2862493602055506 0.9694275550337905 0.6453552734548905 0.014340120755181318 0.28979425109001855 0.36944087486568633 0.5095767901336142 0.2494140400810737 0.554993581420958 0.6654058668035217 0.9793750766951022 0.7388973610585576 0.6011745423521987 0.8394591174842903 0.4557782353887524 0.9130594662583175 0.22373086957784705 0.3730632537478852 0.20852634173625617 0.677901413901825 0.6692462515252731 0.4450210064487736 0.40510247887272266 0.539978322974646 0.6982542699135058 0.23935992184972021 0.020060786022895405 0.7033313886702296 0.5695630290742733 0.7488635277326046 0.16468153334646707 0.4471020762892204 0.7057795217020966 0.33391022398373615 0.10147083729846396 0.3037882230401131 0.9803656149350045 0.47816731856308403 0.0412170649017245 0.6302771650419338 0.009313964534372832 0.018739504804132556 0.2999282642917238 0.015324282595628236 0.25076751895960114 0.7700265870156011 0.5857198693223182 0.3171475143898631 0.8278757142451965 0.05473790417452329 0.223136306318508 0.0018150791226463348 0.3306194546794645 0.3877502413125118 0.10045583089581134 0.2775896116610571 0.48095150315691804 0.9492293560620969 0.8457972999253992 0.7119592353505585 0.5865486546711514 0.15050394942672984 0.02913952927315666 0.2498227171347448 0.9554747993727541 0.5859389420819687 0.4062855993665785 0.2345890298795149 0.8652596552674457 0.5793648885574569 0.3824336028180053 0.8286572865921292 0.27060707442318765 0.0541360652144266 0.24657369859866973 0.39870608959479037 0.5206070433304552 0.2886149323894861 0.2705980646970121 0.1279093966136704 0.9526780437350602 0.5269921820738018 0.30531272101506124 0.35555347208874477 0.48182203581803984 0.4901878589099252 0.6244317142225582 0.18082750965697114 0.10793525597610765 0.7600593699442851 0.5075726353094642 0.594266089748542 0.7417625636588707 0.11559110393504957 0.5413414131777747 0.11457355639395694 0.4928885113407332 0.8861937018648545 0.1715568652176328 0.5937040417654523 0.048591830670359215 0.9534714192086979 0.1603689467158791 0.7546223068437433 0.22277892046583136 0.9394171352956159 0.43316575292142023 0.4942440819178423 0.030050327882687577 0.32139377679667946 0.5856896312377212 0.5757482339205877 0.0691984671345357 0.4097649089585298 0.7214728488383607 0.954478122648571 0.5613943558985918 0.2993700201269148 0.018917028100339017 0.22825250975476485 0.4805655372743195 0.21864899846813957 0.3092155534764104 0.03050903416983619 0.12265696433272932 0.4211546217310925 0.07398611818737577 0.3549217706315969 0.8183808734388656 0.9247992860345894 0.15531999707682287 0.9289844964674805 0.4485190557963976 0.2608689074513957 0.3243800320502278 0.2282504247993492 0.49998420998327886 0.22750929327393365 0.0006598595874371949 0.724814493118246 0.11361108024614486 0.533735960723774 0.5789575478697131 0.8269957719716778 0.5707352478335868 0.1958129273285708 0.18952167446480617 0.04356877565801742 0.12253359096416117 0.017412474737861783 0.022981538883861563 0.4465091388520446 0.738221050823821 0.9387294093803306 0.21771840129528475 0.8346675294752083 0.5852257352741626 0.9199048809021269 0.5098488449183287 0.31629114736331987 0.5270866701833729
0.08352929681863608 0.8373589383085579 0.5786193420855819 0.7662101993045132 0.526131611461363 0.1009889512806722 0.29464492433507417 0.6970560473593801 0.4024902518839816 0.7638139827846836 0.5603026472762971 0.3190320111460454 0.08001282446631464 0.11811047340818182 0.9611214748573496 0.33583995251127874 0.038066422029127134 0.519481308642632 0.8922721568957623 0.718950273356094 0.8785448327953327 0.6814914087027217 0.035635176363360554 0.9336718764769968 0.6059703511381346 0.4003154269969754 0.540846687775859 0.7604223657104566 0.09846243052782166 0.5046624241006138 0.5958895330414462 0.9070141787579563 0.8517407811907196 0.44630647664080525 0.8670128265759477 0.06307291758396272 0.7933938759985784 0.3863826227082833 0.19387793487191463 0.5974191255211535 0.16839583165752448 0.6596925442624385 0.31077670317861017 0.6015247879872139 0.5455426252626482 0.20619742040041056 0.712246978242791 0.8707421366889562 0.4468164420869152 0.4387914554748349 0.8462213483892281 0.2097968738041559 0.024341354885185074 0.8230789817400194 0.9912832195549534 0.7504535628887273 0.04768320672840276 0.7802602350292578 0.9647905657188699 0.7566358629049564 0.775451461246976 0.44371173032483335 0.9351838772720791 0.673914164152977 0.4620328473068215 0.06289041713948562 0.14572317555538883 0.6992273321559874 0.8193922845700498 0.5487516484593509 0.8425633832061202 0.30680553529452603 0.195792530410424 0.35435195074392045 0.9906581988741047 0.7853576079044371 0.5306408707580561 0.279506444207792 0.02292559810495176 0.08941592938208165 0.6924107610265368 0.4360437008433703 0.3355544603852798 0.11044328301896311 0.33647134839725124 0.4195375597240505 0.22729255152382022 0.4653218284823629 0.6306322206176275 0.6514495135299937 0.4439387710606899 0.3629217328744667 0.0680786678712153 0.20006105755583015 0.8489524337440916 0.1545815897007189 0.8736444468262162 0.3309112593622928 0.8352803744759025 0.8047453711683852 0.6671618847775648 0.3189276473360445 0.730111841733644 0.19516119886303496 0.17235257361371947 0.5693897615193872 0.7168023817619955 0.025861754049229635 0.5936891279125477 0.7916321601068186 0.869286176051668 0.7818743948309257 0.4775053787109853 0.39857561170776235 0.16048058068089954 0.33370153304716976 0.4096517595293443 0.9471793279497192 0.566611078885764 0.27157045564630344 0.7368632458102251 0.6636402903878685 0.5522713489894553 0.7691541669870849 0.2849526614743858 0.11346580249677918 0.5963935383256858 0.12212406892528449 0.8581940952709727 0.3562310498597977 0.7434754684247474 0.7735622900184764 0.6445368769419656 0.47271235002402245 0.2336165411978095 0.994863682522734 0.5649540584671819 0.49848203299223126 0.8212033979819281 0.9010638177050936 0.15451439234264275 0.4097715361059403 0.019904746898808612 0.8205773404758469 0.6996334133883791 0.7303240125278527 0.9709345350803749 0.7092857704387634 0.4719275037053523 0.950447451341804 0.2863346729344951 0.9926083437954455 0.7372174023797574 0.03470895601714463 0.6005343167930081 0.4234530474447826 0.440073554023225 0.38405545693516063 0.5811016285587739 0.07975717758056744 0.284012276369762 0.8206435439676634 0.8920018340307589 0.4928161682225898 0.9793364328619638 0.8350712759858594 0.3015340943921707 0.03928962137437986 0.575946216799651 0.8104384360659849 0.6993783897825205 0.5099641513841524 0.8103828961703503 0.26260072356969577 0.08060275286308594 0.28748589282334225 0.6004694033455903 0.9012895015354829 0.5940756121840061 0.880176379601245 0.3831689281193219 0.031375307628861204 0.12617524746099285 0.2092836576476078 0.8910745381303948 0.9920765364805265 0.408665525278045 0.5627504454480043 0.8708427466711903 0.8906909760725121 0.1741109569872652 0.6861914534844115 0.6733257645759132 0.02984729825880239 0.6624959445490956 0.6535132620601348 0.8045341053136416 0.5232037434638556 0.1945215836745583 0.5229606807962767
0.11685943220344075 0.8679856931569175 0.9945998263527464 0.28848129901456354 0.7918351709802757 0.19243028256368278 0.7265776435929571 0.14111672709771217 0.653706835893584 0.09841977761091891 0.9580060731050833 0.31207491070035775 0.12852771900102866 0.011180625773945518 0.09828580002272391 0.8352613800120837 0.5887696537089657 0.911868927538414 0.617261786608676 0.7645875786767892 0.9991275201391366 0.6704600171900558 0.965329613746795 0.41635796779417633 0.08426309960576284 0.1523811725414358 0.8118662782498173 0.16001403509372436 0.4801460268491794 0.8037348313022492 0.4603713142723407 0.36485336856582873 0.2333874021811918 0.26385051651463376 0.9996894402581538 0.7344836844861214 0.19173340906571767 0.37049111136919255 0.04938758466113968 0.09416828080754291 0.43770950340151604 0.1690032880781307 0.8163743906162145 0.1428583104320209 0.4447705815552895 0.40812971398045106 0.4342139919701312 0.921078137098114 0.992626501432264 0.3010601735769316 0.7482910250025812 0.31327326809387246 0.3199759746434081 0.2728730679945417 0.390392059536808 0.7003372503899569 0.778610375083686 0.06722876337113382 0.05260007468898964 0.7189318734995964 0.8936312463778119 0.16199350125044076 0.3622714623634883 0.880847153951671 0.8537819958626347 0.9283652008310869 0.053334767351992274 0.09540250854529064 0.9496931318033981 0.18560626331365326 0.2969470179194609 0.18181109936396878 0.4410715036183055 0.8971903487057303 0.7596883150413278 0.18670904785411346 0.8920025341230973 0.35781552266093697 0.6854963324339505 0.6381425388555693 0.8630754885330888 0.5699765830232761 0.30701710026111795 0.6838733087523262 0.798193741964611 0.05890625365898505 0.9059240196690554 0.09641167856074595 0.784414819193693 0.765619912867429 0.8097690998293842 0.3591320904018246 0.08140648134842166 0.05969371526312406 0.5321468970336225 0.41037685997844786 0.08214251104819537 0.7053920660714523 0.38634816106810843 0.010105004872062895 0.24276975972108605 0.7141838051725928 0.10836456355607571 0.20121020044031113 0.6357136350842867 0.4667634062133803 0.2141438054078436 0.2207662361359738 0.07068988605830173 0.8574659808986114 0.4588601665124714 0.5741640727052043 0.8367680593616579 0.27404289448276575 0.22648342681837907 0.7106672454242076 0.8070193504654133 0.5331351479459445 0.8199668698559186 0.361599237073292 0.5935124232881176 0.6263091232205956 0.41241235356699124 0.32006261154043425 0.46877220808350717 0.5697896390092465 0.4070685448841075 0.461102436868691 0.21530517086071976 0.7833623779114545 0.8793986846982009 0.6409216199866665 0.6304319009166494 0.0675793062581268 0.873103125047166 0.8305732676610876 0.35177818535912775 0.947489043307003 0.24448870245068177 0.4615026596936186 0.055728071487617714 0.23588361143338954 0.9030869981413001 0.3284598619517636 0.1474901132803259 0.6613480538546723 0.6542148743252394 0.22955289231090348 0.9442952407729096 0.5464337785848371 0.5293435014402987 0.3348051533238272 0.8549781151917321 0.6508464229950676 0.00011795831249905575 0.9328583089658808 0.3281632293610087 0.7850407138515093 0.4990293507620529 0.7359896521048437 0.01561975603725907 0.9455046967691463 0.2615221582326518 0.9039785433983302 0.44496613708641797 0.9574483538913288 0.14657984169203242 0.9923942893892682 0.6176780097513708 0.4406493164356795 0.6725967729469301 0.7276718122979394 0.19710648232219385 0.14484829068361094 0.6080022886607563 0.6045555532753486 0.5578422273047356 0.3756854671417241 0.05638411753938588 0.9090502610253209 0.6498443323954151 0.022344010826153782 0.9185614548821598 0.18588213875950566 0.7750657487661015 0.6746791913065636 0.27983918573298006 0.04787993461074058 0.8333742320458107 0.6601842999114871 0.5571271991477015 0.4392498074097809 0.5485203769291142 0.7759035948193773 0.27258128156805506 0.9764417743369165 0.8631685453062924 0.852373549193917 0.47796454657015985 0.21005458209787187
0.5134308403413579 0.8102360382328798 0.054226860710496094 0.8228416930938697 0.4286296971106486 0.7634053769602678 0.9489891994213757 0.5517635816056208 0.28203036581553287 0.7142230758360005 0.8645876843437549 0.979556414283173 0.6794866353764679 0.5985698742602522 0.5059388932360149 0.8921182729294652 0.08292281218346087 0.4334030772532055 0.5826951703399096 0.60111568714609 0.7435795092317943 0.6849907896005666 0.2897573626862687 0.7466967557653789 0.3429371394919255 0.7798314892555388 0.7636150801469587 0.9267066605734168 0.9798819055867503 0.8891775985350063 0.26618989514405855 0.4184011768165704 0.5750922503268698 0.27281227964302124 0.3924956629012186 0.4093452721007691 0.13717355965368294 0.7957374838519481 0.08140429438294694 0.5878020906413228 0.051812665152673354 0.9788752852824985 0.2583874321448483 0.9473140179901459 0.03070427103361495 0.5023318565702571 0.1290911970525903 0.7646639681238495 0.249939754477021 0.5722761334257118 0.14106413752496605 0.44401498561547903 0.2882933153983731 0.32443093342609675 0.6687338151913244 0.09360790247469974 0.3963401182706985 0.20465742491198335 0.052750681898873 0.7077647245788635 0.45703993182321945 0.2615885542675255 0.3663003544890635 0.3960785823795574 0.4515732450904518 0.9560011675675908 0.6238434251186644 0.09001307798366709 0.37873711186162407 0.3989443288685156 0.5318321827703467 0.2706356100846403 0.5957116392825844 0.611230080315948 0.054767937454698545 0.40995125794438025 0.008737974518175262 0.829983368459303 0.4910116415349217 0.3635772587734738 0.9406058394185418 0.2744527125036218 0.3595064116891715 0.6881360049471535 0.19052599899739153 0.5491448026111362 0.6347824234767842 0.9616769298477339 0.5511189541398246 0.859535370253078 0.9540141125721842 0.6182144562911954 0.7421480367044445 0.9634920281818081 0.434546671265169 0.2571743154260733 0.010498694204886472 0.3758186093495206 0.7516939102375241 0.5838120981844613 0.5128451390741564 0.43896720542337775 0.6927604859431881 0.5017701807616468 0.31664793104280053 0.5329841283677245 0.7409596082145585 0.34895624388667923 0.8994945586639742 0.03345285157108013 0.8607773282318383 0.6678946495919553 0.15215192642618836 0.124834869008014 0.5518922876071863 0.3505281287906753 0.10992885453292023 0.3387292844675911 0.5400784239559139 0.3234167355565041 0.7915524695978118 0.1342290330039252 0.5180552232367179 0.5233600343532616 0.20258901606699586 0.9680486470961946 0.6014815744219315 0.8463069145694783 0.39908679728768304 0.29849296786259794 0.45558862739226336 0.25527192564519474 0.9919727231972376 0.5948133503435573 0.45895465019666604 0.6931638847232495 0.4305425662295499 0.9896898564449615 0.21133666896280134 0.7596102624861909 0.12572656864418252 0.45740736814146377 0.7375289887545822 0.6552947960075552 0.34695879367995686 0.6830898966403536 0.9422626280608676 0.25657217904769747 0.7995288332308901 0.8658646454490628 0.4369579447912044 0.04804044052058143 0.16165927082963572 0.04919562085760709 0.4046609603656318 0.7329790983280565 0.2166495682387949 0.9009435606041671 0.02556185241073272 0.18830473040057571 0.1159575686821277 0.8802731247932705 0.5058917840704614 0.1353999118000676 0.4062674351549682 0.17075347692382548 0.0958030022173677 0.17609816312007165 0.2580013918956445 0.865132796060662 0.9616738478164389 0.28784326871095556 0.6245175124771977 0.5125073379103043 0.6016612895292648 0.8371553370400998 0.039332912059188985 0.9131462512637407 0.6569103435348013 0.5541063112883284 0.2162858085291941 0.9056574691293307 0.27052581350448757 0.8063758715122235 0.16353156826108028 0.4234533269495586 0.3128261857394693 0.729445023788878 0.641715852418948 0.5878012755575338 0.3165104615460199 0.4530943346505275 0.5330516966006014 0.9008226734908188 0.25148703183040033 0.252773809984672 0.2682043086140452 0.8591760709411203 0.6004956686132752 0.9926639414292467
0.9244190358335004 0.7100232715905915 0.6153954236694211 0.9337884668586126 0.01611386615307031 0.2193307079757547 0.8804310257808239 0.7917571275350497 0.7406790727376754 0.7143098605937461 0.5385175382588393 0.18731804039222022 0.9944550010022642 0.01946746413620193 0.6752929253591831 0.4294859389149115 0.38499820452929145 0.5187121852614776 0.7983982413368708 0.964049452813749 0.23330637635584062 0.2785131517847481 0.06310968495988012 0.43596591889712666 0.8824570612520551 0.9128814943165108 0.958028019526497 0.397399772037179 0.09830254834419005 0.28197062846489873 0.38128595699338974 0.6301419882731754 0.17023772257505754 0.34637320250780457 0.0023818864247401317 0.640349443674145 0.3493635425729096 0.569802903929916 0.6201644747933875 0.9989987417459787 0.8616654364890386 0.4008584837671283 0.5558437004637101 0.8321728699649498 0.5052858748525537 0.86853073244925 0.21495905599332554 0.16924188412655894 0.3549878776649995 0.27678258021542257 0.9073115099969412 0.3415231435625513 0.828245462518787 0.27089280932830495 0.8438106152805342 0.11949922618969055 0.7543748805109158 0.7204751415159235 0.02497801262437782 0.4781364070565708 0.5665518953617589 0.8136639759648195 0.574069855744799 0.3456747491011857 0.2166512249855752 0.17639814123298525 0.2931737645623137 0.530160533481934 0.552376704934446 0.9692787260044693 0.22104516808472896 0.8434628119856475 0.07485355421717621 0.19894318501902708 0.14041898094797245 0.25442313723347776 0.9946208973864312 0.2038257713470638 0.6843511777755404 0.9003761594487386 0.2884368001340507 0.11090046934303077 0.6927362878158546 0.8982812953411673 0.7610447182267521 0.3700846438054922 0.23388355273835637 0.8919716846727188 0.08086964482716852 0.8470835857788918 0.4263662042373847 0.39187478125746866 0.6704990567981622 0.5235768798559769 0.43141540467801254 0.5040972126351524 0.31454095220388045 0.7983251827780135 0.797203888824586 0.840668297399304 0.03753310938136034 0.40360730566618164 0.7396064611112526 0.24638496260723353 0.4043848390126299 0.5734159922422885 0.4376317030051564 0.9223393112766816 0.8028656273687531 0.8060658829085556 0.853037208895647 0.12830039355902845 0.43331753954227503 0.16309477570034725 0.3367434837750577 0.024081387105537866 0.36125766908134394 0.6355660572639266 0.01870355336366869 0.7475541380759501 0.28211209696159945 0.8075161681436501 0.40820386999943814 0.09197746023930908 0.620792729716501 0.8182509805444506 0.12548881029242198 0.3920353639235884 0.053604769441907396 0.9320697568358206 0.018979328573284215 0.22682598948304045 0.7687863238522443 0.08279923574657855 0.23578756454447125 0.29457257938406267 0.9011833916002615 0.5061169643510355 0.6668127909138062 0.8223825827078275 0.4927593796378117 0.0484371411424952 0.6508966205634541 0.5556510153291524 0.6256874011308168 0.2213723005621172 0.5898836895039946 0.4263863054147843 0.20353393615905746 0.9027748207429918 0.002794335187130015 0.6980408593018093 0.06170359922957769 0.3381465161218691 0.9621707726206069 0.023395824588387404 0.8276596575593876 0.12931056685768383 0.006851725960973276 0.14899688137729294 0.9374317283825477 0.8884771053980961 0.003933861623749757 0.8726987283549544 0.9126919059220232 0.4805169614704059 0.5538713124927336 0.5629370561261493 0.6077596253755386 0.8408307887947402 0.5420548874207182 0.8676976775518939 0.7316212098042164 0.02821266344395179 0.2625281122831279 0.4726261504372905 0.41465827953637013 0.7992082627288792 0.1446415930901458 0.9940232261467381 0.3634269771522495 0.8241446863462536 0.8900178522823272 0.26492321213403847 0.318422965761088 0.542160827491196 0.15187695222463027 0.48318224481895544 0.30290221593537736 0.702157271987342 0.49217589322382105 0.19334227673787874 0.2004097835477856 0.5137126805350312 0.9028998869941683 0.06939299719245928 0.2739718815182858 0.9573486041646153 0.8065924908188556 0.10938692911385972
0.3233282512913457 0.42829608147603226 0.4297974575971425 0.5066309692117692 0.06424415317762422 0.7607471863259603 0.6129992338441849 0.8554265938718288 0.5275583696872229 0.28964945709994705 0.9298349056187639 0.5274950717966712 0.3278612140242795 0.38883593766567126 0.14869340259130637 0.19871284727727923 0.7132141465111472 0.5548355452610602 0.671301978465532 0.6256896729449472 0.7237571295842409 0.9880300805237685 0.5276573802818979 0.3022385073077434 0.38985612449132157 0.21817739899833566 0.08692004345671966 0.7016349180975532 0.4156676135938574 0.8108775906235728 0.0695785403728435 0.7172529524262206 0.38063435381403987 0.53194168775011 0.8498884221255083 0.9888951582041842 0.532947206022065 0.5549509040187024 0.3419033291768664 0.8898110385116093 0.7875309834490477 0.9765320556406272 0.564086328683428 0.5897669065856643 0.02132260893388993 0.8307361987727108 0.3047830215234738 0.9009935964581288 0.4402655113694517 0.6137585464086162 0.4607246876893747 0.48793729393597196 0.41444891836616304 0.7286567497613096 0.9282315013911705 0.5224947788955369 0.47865363964956265 0.21687727367968102 0.0661321336364511 0.425430290592155 0.4283882456792897 0.7117808140899361 0.2559336474101772 0.3476191005109669 0.11121934536835576 0.8129104048366863 0.8506263919623988 0.4956538436056822 0.449751236065257 0.8823266252136892 0.7360217669375347 0.25602572324082695 0.8985652175370804 0.9240250464219766 0.9861787588405708 0.8443555856925474 0.2226902827357713 0.8306805746379801 0.9170972887369349 0.7831745388450755 0.7414117166272133 0.5736266016539292 0.06330743192376076 0.6707947805875593 0.2335379052131814 0.8184607282282845 0.14309932161072714 0.06399736159847824 0.593090269650547 0.0105705611596969 0.9658814337533475 0.3223410833603202 0.981334272562495 0.6124367922497416 0.869614783168668 0.5783399486524173 0.10733159723342567 0.21787439425902144 0.4062060640035595 0.3517471812894126 0.914347264468048 0.5414305929801301 0.020013545219840112 0.7924119436305098 0.9754549582927818 0.40445933169242243 0.429630061134327 0.9242606882922009 0.5484672489424258 0.18692382966702292 0.20928768682623788 0.3806604828841652 0.25607523480109085 0.9252192301314646 0.46608611838906266 0.24768159134385137 0.5609006991075294 0.32066280780087586 0.46046346449395337 0.4530289455314609 0.532768981918952 0.8711071285563838 0.8872306937174372 0.20555682185764756 0.43604315919934455 0.6000434852145871 0.7570493124908306 0.9490124513311382 0.7636874554355509 0.49806789912485716 0.42290601674395734 0.3233633033968374 0.4309576659818861 0.8871377256453861 0.6988054450412635 0.38558424657607937 0.6190674768699651 0.41588582739485425 0.2357263393442215 0.9946310362231553 0.19959532568068494 0.4140819584109937 0.7081946718118377 0.7322661823659639 0.5176256729580676 0.5327770706393185 0.3720693524641535 0.7296233530836597 0.21921886753702302 0.3253385852189319 0.04803392408353602 0.6098529550828501 0.059690257541878955 0.8821127971051197 0.12004089242813265 0.7629829118626776 0.7485037323581335 0.4466885213063204 0.3518881082289633 0.8434637285476593 0.22938102327044674 0.8148995658338396 0.21154554494289468 0.9626871773088091 0.0996039307883575 0.9934010284735654 0.7444209256003204 0.7555537947634087 0.7288208424988838 0.08972036324322197 0.7315728606836904 0.5158889057627699 0.9092477782503491 0.3523583252493454 0.8285471668423197 0.32118429692564276 0.2564859282317161 0.10847512590406183 0.1963174539409318 0.441751688626827 0.22142058302921142 0.6386922067559881 0.09093457347235445 0.9448301376155751 0.6775043931777434 0.10342498554973834 0.2698805232097907 0.8628506748772603 0.5821872938449729 0.08293688740901317 0.8464448257915335 0.9738181846646867 0.3370956354480049 0.026080726099781182 0.7506753554141377 0.4826613433318393 0.3426734682338338 0.5898339495179518 0.1487711480460464 0.31166569745519535
0.3141450525673778 0.6535826705042043 0.8037737747802196 0.40335627213043157 0.5660117263510088 0.8687513790061111 0.23893444909556993 0.7615895081302667 0.24064931686448132 0.3083301442143126 0.449214457541694 0.5791246527733999 0.9901683700386199 0.06649924061161405 0.2092582296544777 0.7092653729477433 0.3528726356801698 0.3815348690017736 0.5104719016295222 0.31273185779788015 0.16972894320128762 0.04115987519385278 0.10220917626253789 0.7449213357197061 0.7814928993168099 0.42456822143141126 0.2005716339703294 0.3107271787902419 0.5068261489389815 0.9020109559492254 0.8416985701688776 0.10811328872189319 0.6187256252196509 0.5037715320472281 0.9067947172079522 0.8264881271200623 0.868349255848825 0.11779840758591398 0.24527721850966244 0.3440355301552456 0.6064659483147974 0.17000478261713103 0.0058466247810228245 0.9550925175116634 0.9902045072134927 0.34455797372912245 0.6862428080678881 0.40281574310854185 0.04462704404925322 0.12122694674417978 0.2163076319389181 0.4815973936078196 0.7468455779481413 0.8635462556668744 0.6824010702175444 0.1960705185103221 0.4861109529733988 0.8338070027417694 0.9954499212189026 0.41113279887710685 0.7747155477452282 0.5777112380834882 0.9022618164176606 0.6540617615353987 0.25080627615680107 0.9916941325170565 0.6322554466680648 0.793295654060434 0.8956251065046288 0.17006038307889837 0.8762957974362274 0.1367793314875333 0.7784895329360454 0.15599678660864802 0.7949246351290585 0.49866896192389665 0.17959681361288637 0.08935699619967918 0.28672976347353296 0.7432644905585898 0.46116779186233925 0.5867509297531511 0.8869649335247772 0.13245701594646353 0.9076338476005305 0.25599645225226064 0.0428575506885458 0.6737122701387845 0.33812916679615423 0.6699099534940067 0.8254237559252375 0.7891440248956201 0.02099767481050685 0.2902618536257454 0.9686820763960267 0.6340015893349028 0.6496506811133121 0.4819882328562394 0.2582441683046133 0.9188954172443214 0.08765389771061982 0.44508264067944636 0.5310124731462762 0.9886512678764743 0.7498976814305891 0.29549775441958603 0.1675065069403463 0.20369725667397398 0.1883725841975602 0.6343959716722924 0.4179778924539622 0.30144788906190234 0.5820821841349215 0.7262132523667393 0.6576615776913436 0.6919911557903151 0.18453782349105186 0.7752046487744982 0.29861270363106596 0.945467867995318 0.5551301583311556 0.049083660229243264 0.3505295513100558 0.7835818783235241 0.3674061109818365 0.18538109138739678 0.4737792082941613 0.7802815820188304 0.18113683908446 0.9198580916718233 0.2874510406781148 0.8613303176793852 0.7100803038857261 0.8572337209710945 0.36182299248867467 0.49600971176907005 0.16384082309251635 0.246770737315126 0.6045049738221103 0.04826597052333037 0.8671809910408117 0.7271763735683863 0.8550442334309583 0.7003810633169558 0.9896766792447692 0.8277208856163133 0.09010794847584991 0.12849085369339264 0.5446996138463296 0.435540380539469 0.35228230133020677 0.9405751229328467 0.3906368041689322 0.9360769048894697 0.14056999011832627 0.5425894157173422 0.630732757366465 0.874316708639563 0.31058312643170827 0.5907726152097875 0.155338588612296 0.33764779761650954 0.945148085393978 0.0003125432699423447 0.43121899270167763 0.9830489335033399 0.16340356793200161 0.6743780583346944 0.6411981012784614 0.452045829908733 0.1140483863649655 0.9960011724525504 0.492785201815518 0.7517869527135335 0.9072960651990618 0.8855928622963785 0.6703569158791567 0.3104411989630367 0.6769825603101792 0.21968877194542236 0.26469197733101113 0.8568573549015295 0.3257601875046229 0.6610292872009436 0.9299915032260633 0.42519389494410165 0.8120578300394502 0.20115600200019557 0.7790311093690913 0.9648898828828536 0.052652955631044884 0.07974061171101365 0.05765494050448072 0.5012748365765469 0.7110357302149451 0.5335049221752016 0.03232275920969363 0.8949853951798777 0.5902212455560295 0.7600116077214826
0.7921584007733525 0.5865879885911159 0.12452713551558836 0.44958470505844395 0.4247454795199086 0.12144236304544243 0.5967971044447895 0.33648715063405743 0.8663757121642607 0.7273881983458833 0.025729674513214063 0.44907020708962997 0.9989659673838239 0.02139056438082887 0.7499572211237381 0.9094381458371383 0.7943256592961297 0.5059637337572946 0.3880075619003409 0.5034958928418141 0.3815630979355841 0.9673359918013648 0.5670793611254616 0.7454908100376094 0.2937961915444315 0.9633720941137405 0.8185740466083387 0.6151579662240824 0.24891823858983397 0.011959891138244472 0.7569516763548058 0.815375198607295 0.6549094746549268 0.5682792070854249 0.3525388429206039 0.34627302272390004 0.21726790240183658 0.4615364629194124 0.9603909525911705 0.03112887706553602 0.651056619797986 0.961715421653024 0.005958038613170458 0.04211711196377632 0.016264984330656818 0.3715554009862915 0.3581273701342268 0.40968551059650304 0.17771546439028219 0.33515526951792496 0.2998268829290367 0.8726308053785599 0.5073393673880793 0.8775480177178886 0.23677415002719093 0.0665249994297833 0.4207340807931296 0.7054755076950037 0.6300598873260583 0.8430278857546165 0.19039379750906849 0.2442714708106043 0.479267427808334 0.5159331089047019 0.2826034911420968 0.9785992465621746 0.14619002864759145 0.5455589347860966 0.15695092833123092 0.8026997360402796 0.12921329962413264 0.7504893348427616 0.12480404485912522 0.6386909238148769 0.3822975018615732 0.5673818923561655 0.6030772467013787 0.47523968136205996 0.8463236115676964 0.27949659135776406 0.3034121126154181 0.5373753519022292 0.3200259988838998 0.6915974028385733 0.8037892503387783 0.9153037940765946 0.40708787389388 0.6388097239302615 0.8171944639991938 0.36835656382692217 0.38079941940850215 0.019800232044777433 0.601609610452589 0.33357399998876114 0.3460861556800926 0.9040468753625416 0.8301775638880878 0.9904808419089833 0.3539900141220448 0.692155217266963 0.11637297288429582 0.09092906809148193 0.10689966071129453 0.6940009178681305 0.2864447130233898 0.794905171596691 0.03365354903164719 0.8886989139515816 0.5027727705521104 0.6509643684095796 0.8934255180644346 0.315012396665888 0.8219125219109945 0.5957771845108467 0.8605898343635532 0.5480911202877206 0.8413111650723717 0.2936260761631595 0.011643180641437767 0.2285146429048618 0.0949452701494583 0.60169182484488 0.8140280795596743 0.696887317535178 0.46635322305264604 0.2992307824669864 0.6385300525623233 0.44394728507338344 0.8439382342819696 0.17765663315887248 0.07267409297900218 0.9890662844423577 0.8802147653586025 0.43219838320583415 0.785268840179418 0.7579721417510584 0.6420650608668332 0.0436730356643501 0.5276542502013216 0.25195923621367833 0.5069967146271662 0.4458090894814163 0.21476172832194917 0.9025721260304418 0.19478483487554776 0.4874952543360769 0.8248220802568752 0.954613188708112 0.6599801812637434 0.36492239639350776 0.8215948911389207 0.08863455005513754 0.5154473412966051 0.4890095084795125 0.44128993773684233 0.32572384502508567 0.19155413983548464 0.8822471287013354 0.09078691412064488 0.5538235467531826 0.5158361866084338 0.44649437432156325 0.27350702001355465 0.8857089576955739 0.7272020430504315 0.44144774964507816 0.8824512012636613 0.7781001305505338 0.01515526820722568 0.44751227756554013 0.5948572313161976 0.9781648459228479 0.7063943538716109 0.210717287302012 0.15455988688939126 0.41787968138287435 0.16680884231523319 0.7856055689176311 0.46263479239985417 0.5994843667886627 0.8342046255630545 0.17543331433264964 0.030936247272653095 0.12135912284559458 0.25367532026750705 0.17978719868004978 0.505227999250915 0.5952905386464517 0.3253067503836845 0.7795567290190479 0.23159166375667395 0.9933315600929109 0.15932885537760744 0.514334494759363 0.08918296698247619 0.43173302396167346 0.6428656297375416 0.943114718768505 0.9175976284800512 0.19339607448470186
0.725126983683475 0.9778676960607957 0.19287608155315394 0.18145810110244331 0.5119353038272327 0.10720900668634403 0.6402877242845026 0.05705054403576293 0.47302219072965235 0.756247496623183 0.3178312347123071 0.8326469482585384 0.23314555153867977 0.33215171473138627 0.4319352375149702 0.5676391432443418 0.6722601971634263 0.9252982907713315 0.34131720167312385 0.9470864100627914 0.12518453295067733 0.01189418488450611 0.3125770116565435 0.3812237777322379 0.8243770622175369 0.4701698099937015 0.43262564798651504 0.10303203749722323 0.708647134249828 0.5911540492472575 0.3783862351676536 0.4870727162113121 0.3990826908487194 0.020044702460945585 0.3007797910101099 0.9112768271654511 0.5988267238667276 0.3185138492319749 0.15297580250246845 0.25288502709589555 0.9238824962566197 0.27927801878311886 0.20148562290176253 0.4445815997500383 0.15211597045094927 0.0648232326143745 0.4173895498960567 0.8653073536578171 0.1743874434917594 0.9778906768144515 0.8757814738398639 0.49275082337283393 0.10265795395331068 0.15403509194572784 0.41309732695646995 0.8972608071938968 0.1639878472961096 0.7205666638988916 0.22593468839236175 0.16161733999345818 0.8653901931338948 0.7997734708935746 0.153880545759692 0.5517745246823107 0.7586613999558466 0.07271078701071931 0.39972966364533513 0.5969376691517922 0.5461292557569881 0.4910418554564835 0.6688676442323944 0.6986592907171776 0.30260539049833446 0.8355102718939976 0.568940571732466 0.7881765475194977 0.7287498174420366 0.2585338894298611 0.9412227496394678 0.02142475552230816 0.5882818706561216 0.08366256406403993 0.7054188577257323 0.6259570840286505 0.4862736015818856 0.08163493974358582 0.23550993017742883 0.29153457835143215 0.5937325601757485 0.9640783289580731 0.5995402256114375 0.19469118489617743 0.7569274636419152 0.02977509367364095 0.7000491251945723 0.7303751267668078 0.6282999392416663 0.6199898474971252 0.5966021151558931 0.7791789799300414 0.7405050962394961 0.9198333574783248 0.6956855912375283 0.6839693684850778 0.12228119825247019 0.7097490248903152 0.37579867082424023 0.6653000234666829 0.886272838307954 0.34836865608750267 0.6289760855941139 0.40265137285771535 0.5762667963602139 0.5834275313409206 0.5264279671004272 0.4998083100309546 0.48343099899103836 0.4524164321107389 0.8133941493402022 0.06923139920218191 0.06962085204725055 0.3342487815719465 0.02659854038801679 0.03138437432101049 0.2307247480179958 0.9926466885068939 0.10502654419788204 0.6127535007003998 0.2068225749251944 0.1695876484337817 0.8437543299259409 0.18644220938207223 0.1588191461095878 0.8776943660828932 0.1676956685263361 0.23540579816883245 0.35169419882597497 0.6280261946358026 0.45004939013835465 0.22994083783120844 0.7233198236356438 0.29714387107669216 0.447462482906942 0.9076431635576008 0.5696614642620432 0.6679508633309877 0.27042226617624177 0.6043248964214261 0.020837628714683643 0.7958010633078793 0.3290790318273795 0.9435780287826119 0.9128151254041642 0.5884489970666451 0.971067005517013 0.16242182748707823 0.4564159593903938 0.7391864015988678 0.5611153639730594 0.6525957005857004 0.7003689951463841 0.5855224853953891 0.4618002886581114 0.6859751560537356 0.13488274403488076 0.4812908615221645 0.7329473328660283 0.02451246314367228 0.8534527125987803 0.20259675796845023 0.8716927402783604 0.2155043545234645 0.4210731003202455 0.7327038942738711 0.17461298744276343 0.8160863265765446 0.7121306670040355 0.07704953527797442 0.6236089722836101 0.6284356594426181 0.13099987731795038 0.38120984110065603 0.9135208418028258 0.6105832211522737 0.6169355898705731 0.9760565315410649 0.9997612958301337 0.2903138201418224 0.7103149122964727 0.7045284411045478 0.7717384383978145 0.6330054659350247 0.3703961849734546 0.8227119909328902 0.406259567822276 0.6415495344410926 0.8416107362203772 0.3840910882534344 0.1463986933195317 0.34303582174842595
0.32846490449984656 0.7268250025012958 0.5611982646879012 0.40609337942669765 0.5347632934106924 0.08546693114084725 0.572182533560018 0.2998385876453218 0.720246086228919 0.7845596392102072 0.0448918736609083 0.5912001075009625 0.34982321785358494 0.08878894173014351 0.5846733906112511 0.7799920740534717 0.9101803576057352 0.031091460988830866 0.17032117616638065 0.24527359150819528 0.7793682197928851 0.924594488997215 0.5663968836112765 0.6109041950773407 0.4516079380802557 0.9361793879997791 0.5366823057201572 0.46854890789371184 0.8578419182604133 0.20045289007528355 0.5011338405328434 0.9274584373960224 0.6624570241240568 0.8797458879151342 0.9066355147021677 0.007581435837688555 0.35220723213808247 0.9862425125837083 0.5214620969852876 0.8746489318647461 0.6691475052996438 0.22192504901624066 0.6159113759297394 0.9408148382083078 0.28635992023227363 0.4252093642885231 0.03855387274272537 0.7013095852049106 0.13899341539527277 0.9219097451249658 0.6002307035303552 0.3892674207510627 0.9511394761587648 0.43928905567487 0.7747382250599044 0.3864694464190558 0.18314199225919725 0.22116959975671746 0.9841583715832433 0.7031881748368591 0.9300465530909626 0.6670928133160439 0.5378203894904016 0.36778024158365397 0.5400611373828671 0.9474184937188945 0.9759034991820257 0.7424549721076444 0.377727361196434 0.9029479891725865 0.17084036772871847 0.1564251208791958 0.050981814598350716 0.4917101127242035 0.7783463306321745 0.2534635501816733 0.0011364040171122358 0.33217464478793457 0.01244036351411082 0.5393692488397991 0.33644656573315523 0.8699796125633525 0.4192268932147165 0.7575155643860679 0.8612670263601777 0.2810765215562767 0.1616802249980297 0.7049910298472755 0.10558995677120442 0.9205172631821362 0.38309827968881827 0.20465788677145402 0.2405087881769331 0.386834430096873 0.8022768083298979 0.26889172758789825 0.5725674343667675 0.7690687135308696 0.14866354087713973 0.27241204294256405 0.6736336337659559 0.005430513607213805 0.9386499524767009 0.5240644534904285 0.5903457164118662 0.6397582253851918 0.6557963447613494 0.2809515349739229 0.8476010840675903 0.8092451715124631 0.4324544042893521 0.29339745536950823 0.13071913956950165 0.561739520746548 0.19758279969382753 0.47272403880980063 0.6766529329470783 0.4238540263033458 0.5613914962420397 0.08229800739504756 0.7424976992159614 0.17308811861608409 0.1564076178956566 0.3373296221277443 0.9321567540584991 0.6741177303442909 0.09236819822483555 0.35910533779748677 0.7164498907331328 0.8185924340184173 0.43227518123446373 0.5871457325458411 0.46352919307928875 0.28704377760278976 0.5094484965364521 0.6053203367133172 0.11705738304165347 0.1822979962466008 0.39170790722818183 0.1302141623861396 0.6429252524687854 0.23924235693914464 0.15182733369727153 0.31521870554626197 0.3266017884849658 0.7998590667752882 0.8741031836689878 0.48507189314940957 0.6244656785438046 0.6478230872825816 0.3552166835815037 0.6893132040581674 0.44334032545868696 0.4826356631280758 0.7623998045313224 0.8040286649470012 0.6473965738993444 0.9588785221493444 0.3431006407249265 0.16487636267617733 0.6905878754646406 0.3560556021968099 0.7132255332510944 0.767835724596308 0.7863580972006047 0.5336927160431292 0.4083809205191945 0.09135126705577523 0.3646844343217086 0.01969040092611629 0.6459878942710888 0.5168877447719693 0.7610955764735391 0.6316622980272277 0.2108055321846516 0.3842796757582222 0.8237031262239678 0.37660640073143226 0.501668821978484 0.3616679051571645 0.11597790683267184 0.029361420538834504 0.375585277567849 0.21406365586220366 0.6190567685891024 0.31051233111680443 0.9697314431585334 0.28052915301505277 0.2878288570323453 0.854359529245377 0.9820901534260835 0.021728582705714206 0.6906833129456738 0.31832193491574634 0.11539160949279281 0.622118565237134 0.7989434368360384 0.34993106905032323 0.13461324116152107 0.13531930568710027
0.7076443822955698 0.9869451624351613 0.19139209028872528 0.7765429858520733 0.7931403612765435 0.1282684413298132 0.3864791091966425 0.8067730901004007 0.7392385449754797 0.6513842970470329 0.9993870196842829 0.4761647333438359 0.10262561132001247 0.3244033635017819 0.6771972653372895 0.599257549348044 0.5605968809206083 0.1699045251944583 0.6595736760022683 0.5365479109578 0.5254691229298395 0.9127184917055706 0.7616785063295729 0.825053525415608 0.628407286325353 0.6704766388771914 0.07041245131251739 0.12753295912476037 0.6188970752380857 0.7412887801789242 0.05437407540317918 0.8449456194935154 0.6501597779287621 0.008727120223846141 0.48039974619823644 0.44144048636793753 0.9856687921348749 0.9751127232276602 0.24204150577990402 0.07700274860799317 0.6321273645522334 0.7241460797684284 0.5640999203408136 0.7889650319099163 0.8685979979133099 0.5236786282157295 0.9252619250698568 0.871370369416235 0.05051005734357139 0.04984410219174129 0.05635326381012551 0.23523763027795042 0.4308964645331478 0.45197449416367363 0.5484005020879503 0.3904977459593395 0.4688042783525235 0.1766946509297207 0.006783413217895329 0.8280444147910418 0.21246631243918357 0.3707800085109544 0.8590119331007938 0.44580715274326 0.3589246181813288 0.00045666055472637357 0.7925743646724345 0.8716108342844495 0.4788020989328453 0.5751160946659379 0.7133938431334793 0.7520739330325749 0.24933907652892373 0.714578424401916 0.8838485056716382 0.18026193886761654 0.9719644846307849 0.6058117779119365 0.03687492251044577 0.5192053225503357 0.5894782661732684 0.007021745448183014 0.16041207372277821 0.7793294622107187 0.993364296937384 0.4146178227958106 0.15991678079875782 0.1067357693607337 0.23077363053324162 0.832571261005206 0.6879160010763374 0.659021109050931 0.5250721609733813 0.7237981963322667 0.675243797407134 0.8768547552649621 0.18017888888040667 0.043672874842893616 0.42790322831715266 0.7528038561806966 0.6199469640472175 0.3089749921860886 0.33514745128631707 0.22991433176832754 0.7430155127235135 0.6267036598514836 0.09731301151088534 0.4310432439204297 0.9686762252717401 0.16370469545451571 0.2775944531982606 0.978848541651878 0.8386832538035581 0.3573836151068853 0.25174008774185386 0.8137868360077744 0.08641011179713387 0.9031908042839152 0.20635405458171807 0.7205990564348667 0.6841490233540578 0.2827473328663188 0.08759811754937286 0.004352819654559248 0.4044648894047713 0.5069431120997444 0.07373058387485831 0.4744405163852309 0.7250785618618086 0.6000617693391374 0.2059331406390651 0.6093530593535503 0.8049091459044768 0.8918529362816435 0.2624032784714492 0.7701953080918826 0.62023240744473 0.675076301539352 0.4376437230825202 0.2931840795221218 0.6862138211827409 0.7305792811799775 0.9730591919578265 0.9139314414346966 0.23390505800884875 0.4943882137541765 0.5703513464232962 0.9362027864254506 0.8417543351333653 0.5055785025704373 0.6195095883239098 0.9051837438860387 0.08428093842899553 0.3307539958335963 0.0020120074330520765 0.1227265935136106 0.8314122155998315 0.2035077355020355 0.9575257935994697 0.7665861469586454 0.12560170743306376 0.3388874497618851 0.6751824771202328 0.24784942419661438 0.48226926687044813 0.9011877851131755 0.3364881173421256 0.9911140278357234 0.8957750984851651 0.460865724012143 0.2622763304687965 0.5107815485973013 0.688837492599993 0.8817272898936171 0.28965117031028564 0.6107849888760177 0.2671188395248213 0.16890281173341803 0.3787892203917108 0.47499024480031193 0.35279409071448875 0.06411722487443283 0.7830324052231098 0.5450158364258302 0.2667296684286128 0.2059342833323663 0.6134660172975548 0.0041555231472759635 0.6610443838172866 0.9276643925705891 0.8639619280345957 0.28827617373274583 0.7061349287564636 0.7151031285674273 0.2431694217837651 0.21141365739341578 0.9709188469584382 0.04579273550279983 0.6905937513794441 0.7564699151706683
0.0552775701385656 0.14424591153505173 0.03696110031633304 0.4258652040522748 0.20739803918848354 0.3955494165580601 0.7565595992222441 0.5051099407032255 0.5513493180631439 0.04047286765503455 0.6905200827967904 0.19994730090719037 0.7002372975491457 0.9673986190053901 0.8598029863354485 0.5278839620056441 0.44245863405323116 0.5563811269330681 0.6619129654158232 0.6777106913676305 0.10185839853518663 0.49586413999715295 0.39759973137785753 0.40489286374958244 0.19724164325656668 0.10671382479381974 0.0943270614358237 0.9133833551229423 0.935580785488263 0.907540740646909 0.46000782371221105 0.33801090758002594 0.11829685054745931 0.4496591344621109 0.3004318676991674 0.0022562301803600304 0.475414309833314 0.8624917839889126 0.6889291056427832 0.4167852238971522 0.42988224132267827 0.4029393439741237 0.4458206935003689 0.604974724213575 0.7110747453910025 0.8903093776769402 0.20588603388198867 0.9813226056256646 0.7250516395699163 0.06513352329211286 0.5976704045629435 0.6286452933499183 0.7747599356674528 0.11382590849977525 0.700609009102535 0.17924480787943686 0.2758156506801873 0.3832874222946947 0.6890454249515914 0.41166805896807257 0.7271134966380218 0.06015005159780784 0.13048407081872948 0.9238420994465442 0.407733458062816 0.012044438452470385 0.5539558285615315 0.3188660657222345 0.7496139307071547 0.33330799823225543 0.19094522062103736 0.7418710578317781 0.6817747457155615 0.6302362344214432 0.10169413499035151 0.9481457751161065 0.6279955471704183 0.9077093497006871 0.7861794612387729 0.36561185808545726 0.7559114306276257 0.9044051547877384 0.7579141524239245 0.5696126112610297 0.7175181914301498 0.383887540710795 0.0731403136999983 0.9907172474397595 0.7151384126945924 0.4089496952892151 0.8694488582552535 0.4621810653873497 0.3994182603072969 0.8413211510446951 0.24197936464339598 0.23330976954678673 0.06628740952722967 0.5393099863166655 0.6455547982723069 0.6518303517656694 0.5244410751163302 0.39593018529910173 0.46174434124149777 0.7638452256051944 0.7337695771267129 0.7058681752652854 0.7065296069409428 0.8885849070815118 0.8857665448688155 0.9219877161776113 0.7478702533865651 0.2630350099918082 0.025608490722856314 0.47488532814509254 0.6637828534175318 0.24654102460843796 0.8312489747441884 0.6003464868419153 0.8308544327408629 0.32695543481407463 0.8454088110331969 0.3917979450122997 0.02721322798282766 0.9168378426881074 0.8523035118290561 0.3976903903357141 0.3611684022686983 0.40585747276838213 0.8393137038509547 0.10910757570163354 0.7186397383590735 0.4297834131850947 0.6387608671387967 0.9058475365078691 0.9918122706990453 0.2197766762404313 0.6246043695653642 0.41723370403688853 0.14401516539119763 0.014699876311151994 0.7311391997588962 0.19819491169251746 0.5155307731231634 0.7193217594819645 0.5601391139099269 0.7709603882850714 0.31886578147066624 0.9071402110173602 0.9384937229733334 0.16542519012414503 0.19274292609068222 0.8186094228046005 0.633687110323432 0.21730430744533935 0.8600420379026287 0.9504619415358739 0.14500745688162664 0.9145123512817221 0.021477828424486534 0.3842399569999362 0.2269633030708179 0.5751452591548305 0.9072279390955295 0.5941849287658519 0.8109838426701225 0.33731561773905583 0.9386669281169563 0.020961902099290386 0.5447209443244101 0.29877927284728145 0.6062500422741876 0.26796408845125996 0.600344044846558 0.7224502466351456 0.09565860144060045 0.9375783938670366 0.35837567300466955 0.29152270708246963 0.25692742613656505 0.11373274168345415 0.793525695781877 0.8425206181720175 0.7140512390936152 0.3748637007432345 0.8468369702076918 0.8232119950469551 0.17026688638995657 0.41084806026103526 0.730576332086702 0.9844714637189398 0.9901073994614994 0.4085936930602413 0.7451057386850914 0.547283043645942 0.9697870487954783 0.04427175774812009 0.0462387553568685 0.34028323878231836 0.8874221986348708 0.7845748228326045
0.2345424771903979 0.5577558792158938 0.004345110581571832 0.29798001711099276 0.30101855296855884 0.039550179719727296 0.4344735651108521 0.42277088632739235 0.044922752473821936 0.10898873525050468 0.9743063696761383 0.8166586345415422 0.4538221611975807 0.36980951565474995 0.6208537110406382 0.692945881052213 0.4148534679825868 0.27114528649245184 0.9066031669494515 0.04919222804348278 0.17611198164948771 0.050092062909374846 0.6061098243454849 0.9277610309064533 0.7039597200528064 0.35107107994869746 0.8358594073033078 0.9932344785086311 0.09902289232097572 0.15441761300430057 0.12177735629959263 0.9065380145804066 0.05703516709287104 0.16041962579716307 0.7671784739969484 0.28143316625010006 0.8528272044869387 0.8394275927816118 0.25940787775791185 0.1527597457444997 0.5177128957409406 0.35126104977597006 0.5711920583045821 0.1654947327284617 0.34936944070516385 0.4930500237919081 0.06556447947827049 0.43574599162123917 0.20651493490445794 0.8645808553177234 0.2019538001646939 0.7432196083233118 0.1647868543634715 0.34394092757416417 0.17596339011676898 0.9555826739026715 0.7309693360345461 0.6812737299358465 0.822488877241808 0.4126301083789592 0.4160016126294135 0.4714003872277951 0.24122936060059796 0.07415163692224813 0.908173102326177 0.1583294498772032 0.9156076592854044 0.47810695040554096 0.7886549731274264 0.34139195437784486 0.055670743151357116 0.07654995216170202 0.6410502886339 0.5756034399609767 0.6536047846819603 0.8361824020560861 0.5725998048559219 0.8387549228210038 0.9098894242475706 0.37199186334463974 0.1669667710158843 0.7145673715077077 0.09041825268767867 0.6678474880892904 0.8012582289865425 0.3710752824528838 0.8520901267837211 0.7592355802823606 0.03077576915705016 0.17495362104073542 0.22550511995110112 0.04620475721040407 0.8858347847328296 0.3788740569216744 0.7437521218481276 0.12964818687398472 0.8587555092974578 0.21830349197143417 0.698653007257475 0.6253068037424755 0.1337510306547235 0.00533262046629146 0.9947606542206205 0.22891541536963322 0.9875725558415347 0.704159342315614 0.7453673333817025 0.20677182545825357 0.49105555388970956 0.16766718627832566 0.18050902012483783 0.4178748423450296 0.8260703857824793 0.6547928063047346 0.45583729620039615 0.28882620500256306 0.019009851213053763 0.9950290299897103 0.7548033264529872 0.31655369272262135 0.2642223297627151 0.09779175164670828 0.3578839658356291 0.21404903588308133 0.6436389830586463 0.7538194416254156 0.1579434565006388 0.4134499158531937 0.49889341214405947 0.7144704983488419 0.23039452671680571 0.5748985249993538 0.4800848218245919 0.16251681153668607 0.3816677770484477 0.22756695135017813 0.39643231195240025 0.8265540098673508 0.09237436688520184 0.004216281805798583 0.6221750159682278 0.001937962772162849 0.5084603216188677 0.020417278479667456 0.3427141898732192 0.7701437971009969 0.0342372493091625 0.6799666468575318 0.2955921838951442 0.3747248899312833 0.0827378045909235 0.4296910777168038 0.1209109004305926 0.877876970980145 0.6057529611614085 0.7196563722765903 0.9732320804311804 0.6129664428449062 0.38270596889563047 0.508954669758611 0.038114590459914166 0.2844885293002528 0.10883599177747705 0.3877391577977881 0.6859211741121398 0.42913393934125044 0.8557345609290585 0.8498100525148952 0.5237343472589323 0.33915194729709386 0.3765628373216775 0.7777767745635209 0.4325827588921278 0.7239230412255615 0.3230747547156939 0.21863959987712778 0.8725912019252927 0.7392749305787872 0.08093189717201021 0.4044846296223692 0.06162330748853884 0.8210934844679258 0.426698490517046 0.7168059930439218 0.5928184646448031 0.6304627823509124 0.48685434414841 0.04872451433771674 0.7644837222171303 0.7707198371307804 0.7332452589188078 0.6864014713987971 0.3649805507808541 0.26217668342459033 0.742691843922151 0.26684164733114757 0.9384615069544736 0.49222290778775846 0.7114398676143383 0.16988429179012465
0.7462844197927178 0.792735260243393 0.03416938240587064 0.417810510579422 0.2055380716565003 0.047907327547891065 0.8745700503522795 0.1262378742188397 0.11310780824774969 0.6376079454337625 0.4740595721162003 0.054431500538837496 0.982502688662148 0.9897717916623371 0.8711505632378497 0.5724600058335149 0.9172278101768166 0.47166555858839676 0.5950990025738702 0.1854930197381891 0.7265121626013858 0.8622423054403558 0.3167643153254055 0.7727423471965218 0.40710119038799897 0.8308306051910098 0.9018600874918229 0.09371445038706183 0.9106256365718507 0.9837403626513664 0.22428689453611772 0.41345181524905716 0.6739353920166111 0.5159133410038238 0.4127023515811875 0.7781793692710395 0.663201643578349 0.20483344955769367 0.2688191140319751 0.1772219079772709 0.05493821862370363 0.018326288674130553 0.025005417121243156 0.5447268432908157 0.5799641946042043 0.50833490121872 0.9291540489379247 0.3235994001732402 0.9176087554104199 0.7093338650934633 0.3055116323683683 0.38766665974833403 0.4727340660298348 0.5114809057986952 0.18891408373254748 0.11693402515374107 0.5850583241429561 0.3394472768963398 0.03977379744782794 0.1050129639140498 0.12073116623107238 0.1996483094645013 0.18666119728705843 0.36187451338576004 0.5638780738726794 0.10821766251444898 0.7172783562491052 0.8906826450777294 0.6473942092575844 0.721527718128777 0.811973190320629 0.7027464785886816 0.319418548993358 0.18806222104270653 0.5821360038778868 0.042879884060785245 0.7117201453338164 0.3909814885432804 0.6811184328780675 0.4066054938304172 0.9194039334689861 0.9846186482468141 0.47203860488239335 0.4080181685447999 0.014123101849711106 0.11362129504633245 0.6864257575298444 0.43489077241694785 0.519407401743797 0.29204456242221244 0.4747765529109824 0.5986691193070033 0.27133042687609377 0.28358945618666587 0.9849160276117663 0.9252268499524199 0.09493289644022074 0.2158857614285219 0.14318659450695637 0.2065791613104936 0.8116516266227801 0.4131723917634925 0.6980470613497999 0.5352210080357529 0.2680477355571199 0.06363428573506225 0.31198888429827176 0.9447466402008868 0.5367079669826845 0.2363649638174924 0.4793164316583647 0.6572631268499545 0.5260764632770045 0.27068256605318375 0.750491847386293 0.008338167638103466 0.6785595091874674 0.9041131878155466 0.6936426657020237 0.686101463200197 0.243198246557783 0.551538353524114 0.8977183158581069 0.4009198424970043 0.7903933674140932 0.7475760591182461 0.7869521956980817 0.6830045109042471 0.02539577889063016 0.14686152163954191 0.502223624679992 0.015051658834949522 0.38892546217404 0.17035788083082037 0.06212259195524694 0.7168665741770148 0.7573134307402702 0.5758505040801651 0.3404771077626716 0.1955920885804674 0.6031253370247929 0.936969929091488 0.6740146156572604 0.04678901253421708 0.19437824588233854 0.282380895570841 0.41338312977670566 0.7329855684881034 0.36779729997262944 0.5546446421018916 0.2771002400919913 0.8052284896378815 0.5306001174331607 0.5598532037235687 0.9374216673960759 0.07196433259955681 0.6059651313584942 0.15857849056108198 0.2830521454940218 0.0962433685065075 0.43517378728893263 0.451816061073811 0.4656418267354506 0.6688958236621259 0.6859033531022947 0.20783715216726817 0.040890754675311336 0.5994312398360292 0.5752368898947473 0.6107529131968097 0.4024297328405967 0.8176483762605228 0.8573281155918397 0.8697774900155788 0.44563646785342126 0.08185771630507765 0.9814838156789049 0.6614661154117603 0.06489377387358897 0.8956516623903694 0.043258086471701596 0.9849682498370422 0.11858600677498299 0.22145938299619006 0.040584340168468014 0.7052089236691133 0.8167306240205306 0.5136937521583632 0.1182773077105207 0.3179503583127442 0.16660562617882135 0.2620661561237141 0.8830690096796979 0.5211576334084329 0.7187962704668565 0.7662563185960366 0.48674902532652586 0.3302467579636732 0.11198107667068569 0.8266857179028293
0.7054912295107494 0.7622947104928954 0.5350876291877035 0.5323114632683137 0.1789110795706168 0.37318469355481165 0.8441006793082452 0.1574293441010588 0.02074616626120107 0.6096250034864975 0.5791896916499463 0.8560294649220848 0.5125247211541547 0.20242484624039503 0.24787724589974547 0.22449299093235064 0.8517546325322163 0.9912438954978001 0.9142848929614056 0.10040465309240765 0.2123923673562862 0.551218803189395 0.6943975245812559 0.11299539856460505 0.6973330099572638 0.22687173137072847 0.26106223433141307 0.6544407917284184 0.49805778331917083 0.3775160381636211 0.8691328595346339 0.4157590617880721 0.0925592155346523 0.701234835862215 0.7720059402116548 0.7668985598311778 0.1919270398613877 0.51180697253028 0.6308265023918805 0.8766781462683901 0.6193390218571383 0.7002979201265542 0.9384749258955706 0.988455054971929 0.09067914191977544 0.2271245860207678 0.16763284882633311 0.040096639279385116 0.3735347638932712 0.9219777318993433 0.2249797851907721 0.07504413107329178 0.14320553039209005 0.37983153910017375 0.1182987794018654 0.5758883690144612 0.11093108057118573 0.24082662717143855 0.5210744972707541 0.09764654154068697 0.5361623740182339 0.23087554551554468 0.5010033437821898 0.18400959221611335 0.06979965623671214 0.5626819254195149 0.8288531995718986 0.8618922512590608 0.8724772594943573 0.8634654106133339 0.5202724822707017 0.48220159780851246 0.3020499304817368 0.2958727685437468 0.33267719351360947 0.5818030752574322 0.45342958130701816 0.08690381783771817 0.1397664587306615 0.7320190065008848 0.44793707903929614 0.9252243363355757 0.7028280920658111 0.4653295157576335 0.7956777233114927 0.380371734671089 0.31842985389627876 0.19840879604773365 0.22038943580265502 0.20648756094427645 0.9608716160369322 0.6122243258175475 0.39372725930445907 0.2400633973780507 0.5406306854715497 0.9261630514009548 0.3299391534031063 0.08418128249982204 0.2292194906930175 0.038318168219911075 0.5916252942043183 0.724564384293937 0.6309467067804844 0.26122097971994995 0.010411939616105315 0.2179544423968942 0.555506530357366 0.08875196697876386 0.4974457742213254 0.31461425901428863 0.4452553511854831 0.4512419902453647 0.18793091468636214 0.47447026161011996 0.27531098476357874 0.7885079227857977 0.036183010712609875 0.09569743376296358 0.6591396922631537 0.7728014545592573 0.0055941658564808705 0.5744351129973161 0.4157531358771215 0.7970020393351964 0.2513271682381243 0.5163798719703445 0.9906642767975689 0.24946388027922894 0.3966462622951328 0.5320353061868568 0.10776566764573747 0.3065930474358932 0.6841535431817422 0.507242978704387 0.7876609446086147 0.8295244370319621 0.21345758329807096 0.4698487879828086 0.23512347152433788 0.15651589809120892 0.5265364429695109 0.3490317675966206 0.431906652488926 0.026390215870240374 0.8583842633658505 0.6637705264106087 0.09051516006144844 0.961420483033596 0.1021220504735103 0.614286719050166 0.39381737113232984 0.33795288589630845 0.09873268738395968 0.9462552054094726 0.15163445093385364 0.038726660168989846 0.6698486162111448 0.977808694028713 0.3036946518386827 0.24524027838051288 0.718167018208834 0.046852324887087904 0.7978180790806815 0.20188911062663273 0.47070992526509503 0.6228334637698245 0.18904922458104956 0.398342764100436 0.5118852140264871 0.467682398842602 0.4031451840393676 0.00966353909071116 0.3820208196603413 0.8900564885199762 0.05226947547046046 0.6262063735669201 0.7636474469513898 0.3736630267662059 0.39078661433254236 0.6771998117983608 0.6937218642479079 0.6191205981705074 0.04056826900623833 0.48339351401622443 0.40796107504106804 0.08250526996433627 0.3716397871807948 0.4656975552540479 0.9700701314522833 0.24699540247572915 0.2470666202981322 0.34280956428355047 0.820683156938643 0.14314339615663652 0.8744210428844228 0.7317230301977462 0.6691705241713363 0.5197493225172755 0.8504787921822132 0.35979136492390595
0.5017772198114822 0.9727356635170257 0.5247296622829979 0.5262508181531926 0.5699356318157631 0.37620827902692067 0.49536313916935315 0.91145378993935 0.8884950582535605 0.6084017868358449 0.9569608163794555 0.12696826976836784 0.6307655099759488 0.5094436506795171 0.07307720355050362 0.9729807071874569 0.4523554050743607 0.018124273533917323 0.19269259053649657 0.3139213060997239 0.6880412136489511 0.08170194265222763 0.5541493488692815 0.44325113216435297 0.23183837303938093 0.5119938261333012 0.16300287046218076 0.17725408910916052 0.2589945978096184 0.18034860903038774 0.5618814460565498 0.1178903647537809 0.019831941251848728 0.9379675171707714 0.9157493674422522 0.21941203045227253 0.9080405450983133 0.8475011913606203 0.8996062959822331 0.773451841819069 0.9840827575870397 0.5745863458356932 0.6300056335245839 0.8724632244293301 0.8298810821290246 0.6865580403381574 0.09545389956506967 0.24061040907225806 0.7321816976669897 0.8670416614293285 0.8360675514784447 0.31135096688242736 0.1587099578443546 0.3619665247801681 0.04200276675253667 0.9239530971514911 0.12964228466820427 0.1874770527161157 0.5319029157832202 0.9524555802867923 0.6746488076563004 0.900403422960175 0.2740330645069806 0.43548992069226067 0.4975500531047764 0.16219413746420952 0.5621697489591895 0.1947618219094721 0.585221840597823 0.6607325469055996 0.09763401879110056 0.9071894100487303 0.6686122800323877 0.8346336348796679 0.13477535975838972 0.7094387828235268 0.6218185427189855 0.334261655536484 0.7740354817660432 0.5707942491407632 0.5260456784999549 0.24855249072371133 0.8851269519690061 0.5932781865693036 0.5294616352145088 0.3415963339263056 0.12480499059809991 0.5143383403743048 0.1942273363159358 0.2925713344922154 0.0473685818512799 0.29857468923261377 0.13451140372255221 0.4902116672136667 0.7629826387239848 0.12035238906793211 0.891089895711775 0.9009314584074526 0.5283731463921151 0.05807533917180263 0.6978701356696239 0.4480162608358329 0.9393408167761205 0.11662635616132111 0.39512145625524187 0.2739689607135535 0.9989776720859044 0.03700011002421988 0.05072910094968608 0.5089741813456008 0.41847626439682484 0.3485198449854996 0.8698549102137142 0.9908349406851523 0.3017196176753294 0.037963213880884084 0.126704265822851 0.8849045093166608 0.36729715159592013 0.3376175321665775 0.9520913892862694 0.9783805279683858 0.44771125197486783 0.2706153861396928 0.8262987907675666 0.7597765360649473 0.7110642788637417 0.6974089906790087 0.3264480800947661 0.8521190044661402 0.7927625451857399 0.8736057073179437 0.73012384701828 0.4917899828906017 0.19093886555828032 0.4700929315883171 0.10649702817613127 0.07141397581827102 0.9247868315883081 0.03978374421113384 0.8924830926646433 0.12305268712659712 0.33502482537057887 0.3197153125145862 0.8529840572183248 0.4528626856647312 0.08016238308067036 0.7064758081730811 0.2666591350030406 0.4497371629593919 0.8297613041432689 0.9711851180840634 0.3729163445018441 0.5498805530428469 0.16795974107633793 0.19705545280661152 0.3473384419349853 0.9632499027843683 0.7128676082002319 0.4385831246223325 0.2570933391784662 0.25818467663910405 0.724780500084639 0.24000942999014485 0.8073534722119875 0.7803216681944406 0.683926153724448 0.6078280395573892 0.8130189329881474 0.2755676075351595 0.11182512733918248 0.734691035012426 0.9554007473848759 0.4015359856557261 0.18254176552797985 0.6288425702267321 0.3539044172022515 0.7403890969135789 0.5018028186742182 0.35777112391964894 0.7811217472683538 0.19889142898497703 0.11638824893750821 0.34284173941516816 0.7938456529913048 0.874804278104521 0.5570881450462605 0.8534886531541601 0.4037658770094885 0.9081965241153146 0.10041139697044721 0.278727095305898 0.6978022087410115 0.11816958193601246 0.47231418318572005 0.7626124932741314 0.11410985787868788 0.8793177616379952 0.7560432065095902 0.048284045780513374
0.7546078249951154 0.02685069961733122 0.5498739770234083 0.9623887666904097 0.1725979303801336 0.898299684979568 0.0677065169519433 0.3348091918889966 0.9795415059666007 0.5403152591192641 0.5005809445001658 0.8064962953925411 0.09967019675901168 0.3713706784988007 0.9304962319602424 0.30896966065665643 0.08746043889080457 0.7625195425550271 0.42849995545642405 0.7391398774935027 0.0998460523491067 0.12585576327874048 0.535653337299486 0.7037478054997038 0.6549181034772744 0.4690058998154737 0.9351251216021224 0.4880654124148003 0.5686117296457852 0.17835601957972658 0.6210230680460961 0.4664847073289906 0.9026655499675953 0.6521537261080356 0.7884879666649821 0.610266792420734 0.9690110787398416 0.6066414141427171 0.2809075821396787 0.8790063043314317 0.014089563535357175 0.5925941972294372 0.6031771955301517 0.7801172592736565 0.44304472685094165 0.03333740549906017 0.49373985411118215 0.057849312757988436 0.4174528049292219 0.3706860526311606 0.35407677297543805 0.48052479736503617 0.40090810019582634 0.9904572952156556 0.8844239435128681 0.31667659487633293 0.7931150397133674 0.06110690048543521 0.569600500870731 0.7174715248307291 0.7468887954815692 0.6852761065213988 0.9139304085810622 0.9542126203971448 0.3765137404012556 0.32052654726288643 0.02010415105569152 0.7413616259957587 0.6443034669840174 0.4166664692660459 0.9238080618261764 0.6305666771759576 0.4823506067342561 0.6381390940770523 0.24767527823093427 0.11379111665973818 0.5757971322259805 0.3910141794500299 0.6863940399257081 0.47189998979544256 0.05091663234773147 0.21767512040306292 0.44508841637520624 0.1700617768074072 0.005197988846631918 0.42322150259994074 0.6405614101987455 0.9033220925028743 0.42016975023839764 0.5921987305448649 0.012660686275652533 0.5193126910882442 0.666327021585162 0.5277109267962203 0.6121028795954397 0.7562719981635627 0.883032619157178 0.21409137047190152 0.4464102682291362 0.08515555087387283 0.20195997035906244 0.9937160895211207 0.3394277487222116 0.3834715776888147 0.7149884479127012 0.05682978642364067 0.017780649658338366 0.535995996006842 0.8559996700240434 0.6363034463943442 0.0037556936253548834 0.13773891062042642 0.1497244018034979 0.33975787282214087 0.7190924576223647 0.9926941886495344 0.2882872919739432 0.9557325485946063 0.3981639639754295 0.358885217201137 0.5014369865075442 0.24461801851894804 0.5786177719034611 0.14291791577108381 0.4302241198024882 0.5459122493903523 0.7169033091522526 0.5289261334795864 0.7490471425925314 0.6157472293636606 0.3066598882630096 0.4401031016740833 0.09177477642826992 0.04515819092227413 0.23404797441126124 0.5579881537152739 0.4270333760073991 0.23505557181068448 0.76623499332482 0.9741113868065261 0.9730285795638198 0.6709161202990691 0.6879698162839685 0.6139301314542531 0.013413779225579514 0.6349562500425175 0.3530459162261955 0.9021549168366956 0.5562050610172217 0.21869320043716622 0.9628242884644114 0.018215050643777486 0.5329404482293897 0.5463628998639337 0.5894452346909305 0.5064018905981059 0.6953357287215691 0.03849579795785918 0.10494237074694279 0.23209126675286418 0.44950924932211067 0.18898966522665472 0.34318715312810555 0.3595068387564706 0.6138233781979437 0.8048516996966544 0.5847836735046268 0.11353792701521315 0.28916893843466096 0.8120172550260297 0.5138491828526885 0.9610451321817464 0.5718752892296363 0.41680181155667995 0.49220611775454015 0.06643762844866152 0.9658461685229749 0.3940112141769023 0.450239808743347 0.028900193887929304 0.5083896624293067 0.14699168763458292 0.1513581292934696 0.2070445488610284 0.561025383267994 0.07635195079279145 0.39869738745883 0.9221792836389365 0.1431509130798887 0.5126762853287162 0.10536337106506499 0.25918507249425204 0.8503491688400654 0.0488564116032868 0.7923932510158552 0.616537579093721 0.35780623494435027 0.8918442810248154 0.92020486004499 0.154352452108812
0.16913800618796826 0.0010374188680590812 0.18503857702697446 0.90352122391962 0.9507387326500543 0.040191394868411834 0.29199389764904826 0.6813718166989564 0.43778596365219014 0.04590028771957699 0.4988766385566933 0.478783896458024 0.3781436344730569 0.35511949197924175 0.027480583329469344 0.7794978113994786 0.3780878534869585 0.9263834691924621 0.4923880409828405 0.2645638293695529 0.49963533909017976 0.9894606822555567 0.3024293421090506 0.9975834560189325 0.5982568977169989 0.5041421440918363 0.5753635998873821 0.38064584626894427 0.9844482788554986 0.3871391086103423 0.6698692493735787 0.1587336736045093 0.18267822785287202 0.43070636262276785 0.29019413680585304 0.48895483403098905 0.6044968287991989 0.549326961925024 0.2422582449482974 0.11629639180565332 0.27048866059187215 0.8837722318206237 0.5356269194760265 0.12824331104654807 0.4170105230598471 0.8373492535149701 0.2826764933053404 0.9993232688067968 0.7304452097730727 0.7892439314507519 0.8595442899549004 0.3195897831336538 0.9922231685860274 0.5376029321506958 0.8677405757543161 0.8207724774910279 0.48615943921531246 0.9207804527656883 0.6844479470269894 0.2545223413777574 0.981986843648537 0.37671052870343325 0.3083225102784022 0.6091430844580371 0.9275316986565381 0.017069517593577 0.40830942730077524 0.4365957539151121 0.7499910420739702 0.09612028778003756 0.46522638595308474 0.5385703594597615 0.817421912589644 0.38875832771817176 0.7247203402952754 0.027316281285640676 0.8395275217050079 0.47039992031418065 0.7198538825648069 0.35543154575584746 0.7414919315932811 0.20709960036631792 0.2597649082693503 0.4223684710081492 0.44699903103021477 0.8904991026571946 0.9413853176247383 0.4866433981161803 0.4830760106106059 0.9089954769854763 0.9609674389941085 0.9783536550513271 0.9635339497988658 0.27074388534020677 0.08177441003773822 0.3590614798219449 0.6568843946617909 0.6504423200290828 0.8025374182280246 0.39730704284348073 0.21944803981121874 0.28701021099315716 0.9359852750918543 0.1389733765400627 0.5350508509410874 0.08137638436587247 0.657114048240976 0.49562424452271847 0.4194110542925943 0.14195086444850014 0.9609551206971482 0.30408086743926976 0.4196349658966798 0.841045123496036 0.7081891286240073 0.3188278555576939 0.7618208566614574 0.70249525109782 0.9538557794304158 0.8199736411213514 0.7044054222210516 0.8998424491844903 0.11984111131765263 0.04382533328652427 0.14921409735652613 0.41807226546054066 0.2506031871179042 0.6464005125030005 0.9599618728457726 0.31712075509380444 0.02024009581390307 0.7502795486960763 0.6681886332431852 0.8432524411834035 0.23927340119182705 0.30217185862112184 0.720767755222519 0.6796975032472221 0.13331581653526525 0.8417882162715221 0.9692736658484231 0.5911940544469003 0.9617381662497954 0.9707524743101384 0.12564170311567047 0.058618788217144946 0.09237112616060517 0.559785362108725 0.1406418429205052 0.24278565341870106 0.6984650517233841 0.7239677904737775 0.7321113390653647 0.7809885279865814 0.20720942612647064 0.8685093266086813 0.8659512611943804 0.705942254671444 0.09471448360279688 0.9300404262358808 0.1673949777800926 0.15657808279014573 0.1764707839177091 0.419918868862181 0.9211037330193252 0.9830855936380791 0.5375973129610242 0.20870998019099973 0.474920380342007 0.537282756761371 0.6204548002048278 0.2559498573432988 0.1255181210923727 0.9750297215703674 0.7848093168297934 0.7141730978581187 0.4221947677528447 0.16745359660780768 0.6595533642771366 0.7125022445460218 0.7472853777227705 0.4949592003892056 0.9931653469138221 0.7810848308466485 0.9339190593924142 0.5645720631327243 0.2559602737852149 0.9690310896472649 0.613082911609219 0.023065998637473162 0.33747241041737497 0.28876879191082006 0.4429617287173375 0.896531564019126 0.20752376367246506 0.42408586916452395 0.8232948988942315 0.9658731264149861 0.9347305554766038 0.016613228092895338
0.5059833738392745 0.7119586426308068 0.3212339990462568 0.6184062628012882 0.2704471774362397 0.42962455385873055 0.8855141815427119 0.8850672429608734 0.8749393537811752 0.08495820970315049 0.6394707588775682 0.20592998540052854 0.21271910836278185 0.6349759395013302 0.5307991948013426 0.8394343804043094 0.574795145688555 0.3509374858858285 0.6081619764871009 0.0987355740553022 0.07015652218485657 0.5044669010442535 0.28542425501608615 0.23726489560641628 0.8772644509757662 0.4809000375729048 0.08498272678222851 0.5119748895952543 0.050352754380936005 0.5882319355100678 0.11199320789086564 0.45881940279333155 0.3481700364593867 0.3854879880178703 0.8873991488059446 0.07720721843983969 0.8944337339548718 0.8573771369572629 0.42585522105323714 0.010649828522588334 0.7189827858040675 0.06835760416885706 0.3554086403091308 0.17632442708610419 0.06154274822198036 0.28772128627967386 0.15390967715649218 0.27496318096960115 0.8462770826853154 0.11908294201771297 0.7779238126288901 0.32105609720169526 0.814352187292569 0.4484360014051779 0.8798586629678122 0.7123556564202361 0.9596032637477871 0.03186484638002729 0.40800256896983644 0.1179936870388072 0.9957390666532949 0.7206222724403407 0.533759125869077 0.17945639709163186 0.3217588899160382 0.1740986221808669 0.9340830649786607 0.9171946922719781 0.9958676723920346 0.8926910427094373 0.06034279723054381 0.3671176342612379 0.5058530243705914 0.07667612819892955 0.547731363500384 0.04161619451986931 0.39138377839903615 0.5586912080264128 0.598611626842545 0.7799241313109699 0.3288523555473326 0.8397265894945651 0.5473626183969624 0.8402399825308087 0.6517441822524014 0.871005724621812 0.4511064051779796 0.14069544816159907 0.5801511560521243 0.02764328819792894 0.9073054559551802 0.7124203739532686 0.8385871046047026 0.45354569163883507 0.8193696720570657 0.06116589426915142 0.9380431332235137 0.3647064368628087 0.9341243838184957 0.977003928640154 0.6566019011578148 0.43034347960709085 0.3452311029516578 0.20284009977601192 0.28417836735406954 0.057457559831638694 0.48267811533061045 0.8946994021033666 0.9460277689742872 0.525765359487116 0.8186278950840916 0.2562090205183014 0.3295431336626192 0.18670284535268977 0.40901935461308325 0.2337546400847319 0.5920691587925455 0.8513774478073197 0.34942685475784363 0.6042322974008305 0.5774923250530265 0.1093202578922624 0.7015622658809908 0.42814000194207225 0.1095027526075193 0.7970336889351773 0.19520107168424294 0.6295498255536677 0.5433782800057004 0.6415816787548343 0.32714001777845303 0.4789786837643535 0.047886533365738004 0.9475269819541254 0.4121829825925669 0.476333459497302 0.24051180160492103 0.7735583372852404 0.36518135963821274 0.1634345969125558 0.21617950216238735 0.3450980225391189 0.04155656853031797 0.7829274763689865 0.38055833442596254 0.16083230445065388 0.4440598290973201 0.9519566759654741 0.9418850229911505 0.15061556997689873 0.2910673089234237 0.9147415216153582 0.11055408955214308 0.6262119578980421 0.9516103594001906 0.3526829039282974 0.12026564945176688 0.3599923025633198 0.9006124709931488 0.7935050096687993 0.3122411695538051 0.9148143613551069 0.34453398193178064 0.6963326435289249 0.986395907312221 0.7636916444845846 0.7543082949887578 0.9432615715298007 0.9950110328878901 0.14529374185570332 0.24452431533183328 0.35484607235058185 0.6571766173499631 0.7888260996468526 0.9985333030227398 0.24585788481171356 0.5493227358481356 0.40266733556064505 0.3100663446862052 0.9206529816837762 0.4001968228833639 0.7162644245437937 0.5155723739967505 0.7407511078308101 0.42106733990585066 0.5484406725682354 0.9836343609315696 0.9882232076869507 0.6579892993790062 0.8518596872926856 0.7802777598440295 0.1317295291760302 0.9879347046684577 0.6179582035965945 0.7223411598002402 0.4302846948959539 0.9095878687686053 0.2989098659719268 0.12082321095289472 0.7309117174616894
0.04646214972684992 0.2763157694070387 0.3580332174376739 0.9444039127691823 0.2656138158119826 0.26712748059009384 0.8743027116664883 0.016539170272879877 0.5438885099505386 0.8388023649714409 0.6356647118951996 0.5562223375258675 0.37263279267972804 0.2204891462630919 0.009433280783809117 0.9461258690247591 0.6285908302617149 0.43041937299376776 0.31060324599730404 0.7363139054751575 0.43702870303539454 0.0698410194808855 0.9655511016812852 0.03450381080025977 0.8985298011642406 0.5668406326274429 0.9426596051135668 0.9501531611092168 0.6636523325960034 0.5818177417652952 0.8275585013214847 0.37744910542435495 0.1869366698206526 0.310767337346762 0.8732450915641887 0.15584292890720663 0.7796133534841369 0.3828466145167755 0.24669939065856716 0.6216180253951028 0.947915779652566 0.02292003700385936 0.6259419742100891 0.3991210633847646 0.2800719095206864 0.9552987430222327 0.13826535292982434 0.37349306404243654 0.11382616231363307 0.597292527086602 0.31057533825915573 0.2683892750369604 0.817303107579763 0.06496736737175235 0.9245754973959203 0.09613677594677827 0.1915607153975295 0.5297353367699135 0.3512905607953246 0.12329719086210544 0.809067538062348 0.9502400441235036 0.9520658529564562 0.1128501046472905 0.22590132334264534 0.8769159413679405 0.5617581101787882 0.2599710098266841 0.6287719619809764 0.4796544297883786 0.19030948895871824 0.8562718919040497 0.26551148726500273 0.8185933998580637 0.24332591473319087 0.5187747906869559 0.9665703126712507 0.9229955310194787 0.4526227328310559 0.7558327517251516 0.45908776687631236 0.3014264820789605 0.6243970511674306 0.3225516669785714 0.27788562796180916 0.29414170728073796 0.059155858810287176 0.816151406087529 0.8321599421960637 0.6842207886371872 0.24578025882395216 0.30998697459141544 0.7906869145278678 0.5690725183765916 0.3074542368682318 0.278573151131711 0.006780559255887275 0.3644273959164809 0.18287215457062322 0.9682394078310212 0.7757347138969165 0.3038652794408955 0.048749506510256446 0.8024055392421023 0.3079985528967657 0.5376414639169568 0.39095647213461227 0.05067970020548662 0.8592835465085684 0.7177128379690846 0.36617396105077793 0.8088834463165598 0.16695867413560572 0.02482275597264716 0.3354901122373277 0.8722498790688539 0.385192505389485 0.25905890008731847 0.4759489294271585 0.19038564910989197 0.4867194224969612 0.5480668397527731 0.5947619079926117 0.162671254782369 0.22522668463916662 0.21943737783549822 0.6316146238532775 0.6312485784844512 0.7242742235128194 0.523398860418993 0.39615295675780526 0.69925560685294 0.9761926275487695 0.8675292565313829 0.28175125823929226 0.23202187614252456 0.12064629044001896 0.8213005418543521 0.18695357429117931 0.8983589764344273 0.3204261052474532 0.7043772432910216 0.02513030831473262 0.5643615777257208 0.8250519133246967 0.22550256992200168 0.02901593126359192 0.7215437398882828 0.8819884482116492 0.9837289086395955 0.9439710370874013 0.7455194767074313 0.3721192915751993 0.2320693831152323 0.9308210547763568 0.3456397513456435 0.46851892357199576 0.7174297086737988 0.38581652021891977 0.01515584688639715 0.15337350226167845 0.12132954264819507 0.46927874519052837 0.17640141550785993 0.6908563579553351 0.011031280368317797 0.3055368172928815 0.3172775669303818 0.32550822861401796 0.9794966846636481 0.3539920887334602 0.5762743945758104 0.908014298457986 0.8532134321599191 0.6481934924362331 0.8949557652960283 0.9507693171705052 0.49486333069903055 0.5862038387618158 0.581700579781674 0.1566792171876834 0.7286155521379639 0.7269257907324848 0.0580548546927826 0.9503041526833819 0.653981180700302 0.8920533624650978 0.7233623835267213 0.5083112104613627 0.9773994882181513 0.5369713831032621 0.8294074821605788 0.2204660951581262 0.351715505970041 0.05058273874070407 0.9329966209150385 0.08460732754682543 0.26408234758716975 0.10243960643235772 0.033251949180068685
0.3797073434448548 0.005359096448095069 0.6510423652486882 0.8545846864979094 0.8675207500538112 0.4522287324793016 0.2110625954081604 0.30589070772921967 0.6642678444499603 0.2706090899015048 0.19061736680213826 0.32817715938252534 0.00027920201670894595 0.0824335972963609 0.010466834138289416 0.9315019943658513 0.3685055431059825 0.9532025706337657 0.15877619754477312 0.5814630229579978 0.6906883181925498 0.9439413969757056 0.3681277615415134 0.3783510890993549 0.35570851447163987 0.7120134757413425 0.0032497403541852377 0.8418840280610498 0.9103040182685955 0.45446175201521055 0.3201576131894598 0.9590111737992343 0.2759313892124202 0.7703629844876562 0.7651507930116453 0.3949998824987626 0.054725248737492294 0.4278554271906918 0.7408795509022985 0.9053036775368385 0.6662415571114028 0.8373955096079008 0.9397253830581667 0.4806400786324202 0.3060067685399923 0.853681391350567 0.17686509744208123 0.4741901605850265 0.5709836004431564 0.8892034675157486 0.6395923773933201 0.4282537781371649 0.6964264346900052 0.7377282741082731 0.5904351751400584 0.34419522743035835 0.28301758270297317 0.2384254388272209 0.7359842347416443 0.3785252093411775 0.5937227303822153 0.3094199051324832 0.3529685760620369 0.9762971316850418 0.22181345526640028 0.762564737878129 0.49794523701656246 0.6439211976397753 0.09831923150551924 0.5586470161906189 0.3182131839264414 0.4419864278592821 0.3837988749179585 0.4959689672618538 0.6761620080991965 0.021610027830608836 0.3997274452536562 0.5803971540693117 0.20387251518847038 0.6162060151270663 0.1395825428001557 0.26217564842750607 0.7164584415472216 0.38067382974762165 0.8242973022028797 0.25073891235912416 0.7080366389313656 0.5236929381698585 0.5787065850455435 0.9023650065945975 0.4905258530069708 0.9622476866543981 0.5257082602719698 0.8321256577672631 0.0059059745516724105 0.08394875964438187 0.32823673436759426 0.09045163672559664 0.6791907245381161 0.26636690174604405 0.5907293086607535 0.11130664477527086 0.30418982544127693 0.08804459589390978 0.9029371856603275 0.5902138230719297 0.6244525352135966 0.9103182855949903 0.2096478580023753 0.8944706857434015 0.9561417963346703 0.49028382059332276 0.8991128485596794 0.4783358667887788 0.4824241979341466 0.33536636213010507 0.07014401459864972 0.004737662698655498 0.42415023658321227 0.0011816055381037582 0.6424123866615518 0.2313975485308466 0.6741456418863555 0.5791984368638056 0.6943056379785378 0.6177022210993663 0.06304319114006718 0.8496443005073413 0.09164555136550101 0.44529198282495364 0.7411527784787901 0.39723231952092297 0.3293080085724177 0.5148131789529907 0.06857380956047465 0.8698694984332215 0.23017922593614693 0.12227483643155124 0.7521375115425015 0.6969119378432613 0.8695882975676488 0.0745510616940549 0.4450929229199587 0.47633446413519953 0.775028829603651 0.88836423519443 0.6955739006068072 0.3173270903024962 0.9856590033085323 0.1084710696783413 0.7550971751078359 0.6653715159153986 0.7868400861112207 0.29267245198028335 0.9480565949809827 0.29093550780500455 0.6754935393049921 0.19467587988575907 0.04877879475187097 0.7200814000313376 0.3545447536816716 0.34556780447881386 0.5572113287431494 0.9725012463450413 0.4837027629240207 0.7714401227585503 0.5502638741777898 0.8895282657440918 0.6055785502773042 0.2500018848482235 0.9976897232588056 0.5132794906092308 0.39723395965932984 0.8570488379109098 0.7083164346785755 0.7287226115893093 0.4158815810570441 0.32155992720215765 0.7604163107504911 0.6744153175753053 0.7760729181628547 0.4772907469948706 0.4652481621995983 0.9503130984489465 0.9141588173722871 0.8620093908605176 0.284747160735765 0.7998289532532851 0.5325334500646972 0.13564413970213163 0.8671188362622607 0.5210608310942252 0.02826132720299379 0.6845637323901806 0.3706808865802719 0.13821237762627103 0.09901478136821662 0.22927340924534922 0.7650869351815408 0.8643774185851244
0.9071983200732596 0.373908817837462 0.2971768830489375 0.09214000342881701 0.435854841834871 0.9941011930335669 0.16932659687432827 0.062055951136153364 0.45974839008906976 0.47159635195644256 0.3320041522152347 0.5226283551931362 0.44457036396755956 0.1735775186520805 0.23491457245228886 0.04411254315815849 0.37212952868418114 0.35170167754415915 0.35141040209286023 0.6515625321906706 0.051575454632766804 0.15638805922792876 0.9955546511180126 0.8534764058097365 0.03558467961116096 0.8912864907161666 0.6254525524193989 0.8086726834512157 0.8903265994144972 0.5896550800045507 0.9493282401135025 0.22214058307250717 0.4798961376515546 0.8319253603099416 0.4267309228859725 0.3975780534862131 0.006673084537746621 0.6004550073295465 0.9914783832495118 0.34833728533113306 0.762453153739543 0.27652822643583197 0.42116804488710013 0.495484668276969 0.6238426351458464 0.6740006872160297 0.6373253418059417 0.16970591871572271 0.234933583216549 0.5699635911340333 0.8203065719714547 0.9357523292231829 0.3654847140937626 0.927836121614682 0.1860893350660433 0.03777629093999113 0.108846515367511 0.48429802598263116 0.056005402909006574 0.10128116163687095 0.47924342053742475 0.9249428900874824 0.2910234439117608 0.16731636234094094 0.4519701458399926 0.12724611516778894 0.3969686647039432 0.5421029260122303 0.06681665519429258 0.37865524421861396 0.5086884308966367 0.03840758723468962 0.20730809360273084 0.4849438626635094 0.6169029472217896 0.6067501669230647 0.011034006969035115 0.5787740366605353 0.5589909455651022 0.9408599151001792 0.33270250941772495 0.5115231078192389 0.17367356763567854 0.42211478129191415 0.2908954502251314 0.5627478156328993 0.475299182231553 0.7890678100585712 0.03680555905255278 0.5377350780340964 0.34415782805925976 0.21004498918681858 0.5176831549084867 0.7710284129714131 0.7334752997971615 0.21612631358166257 0.5567153663430229 0.4142326812790933 0.4256646238893973 0.027595609376996344 0.31415246762558924 0.5811133261934666 0.5009932406862891 0.8628101338434925 0.5115842120664471 0.5135146016579794 0.12190476729133704 0.1901176535553375 0.095705570036837 0.37732830246111826 0.19147478163307796 0.2986019422741112 0.14733982190543105 0.8570998648629042 0.26579825411637004 0.29467788085514957 0.9893915528458121 0.6994092843904534 0.5943394462671439 0.41439222993962155 0.7090249489103451 0.25138755698448345 0.34338781832687193 0.1454789844415333 0.6374524497157691 0.7729758375426808 0.7647156367927993 0.23250377029495228 0.36206669317100315 0.41602803287562284 0.1931879935554902 0.9060108169106957 0.5253025534665489 0.4014743414180062 0.6050071608760162 0.20317978661412894 0.11257970090034486 0.35948225079995366 0.890755435091803 0.48971717609540755 0.6614857288719221 0.630277338027788 0.513978072121484 0.2615247883517027 0.6632435860706442 0.4274390004501295 0.09980851635340549 0.5153997888428443 0.4049846122247639 0.7228839069853163 0.3044117354966509 0.25374233318676376 0.044337056897749805 0.34281221339886314 0.30517494959827995 0.1458021346171937 0.6195718032127886 0.6847081094085437 0.8941859518598692 0.6144598495806848 0.8083753042679176 0.2494457941318241 0.8650993819744002 0.7077372377343865 0.23655959751206002 0.4044109730711446 0.05366955121274153 0.8811493913232075 0.8505170436954791 0.709499969582178 0.3407183324538018 0.7387709739068797 0.8313657093731446 0.5387564405526143 0.1959712711810433 0.3762148757113958 0.8330720072685978 0.504344045427227 0.5531938398556542 0.6626188114371486 0.7660091235013674 0.5831408477015732 0.6524518889727859 0.09870931185170717 0.3760580882589425 0.6736861291418484 0.16965575775181607 0.5447504166579594 0.1611248110986302 0.5925973318801773 0.04072571075213938 0.5233772804655359 0.06370718029388056 0.2592158616252749 0.968087327607077 0.7377171861507168 0.9828078004498658 0.963869240565466 0.5765222584201025 0.6562346875333337
0.07913858423858655 0.5258527129971282 0.43482009205810357 0.5357796947439264 0.3961692233567259 0.6711899728025111 0.9890941861288703 0.313343542153363 0.40742926278431835 0.2651683304202791 0.3870752643094292 0.3243722789148401 0.8855007008310258 0.583320642683539 0.004595359434933277 0.23892794831303954 0.06931269865724476 0.32468028529387594 0.8416365636502624 0.9286295670316667 0.5753709821498496 0.3408154303544768 0.39674691151504016 0.8627369150266172 0.6174694856598674 0.891402640777171 0.3994697310367423 0.5646267319345185 0.9730798918755134 0.20218301985163745 0.4923219978348885 0.32536896442865226 0.20568837358439174 0.17256636359367372 0.46432497696937636 0.5455592610249912 0.803926214032544 0.20648524204700758 0.5877668112234601 0.007299309538409182 0.968469507496192 0.0788904046699127 0.06953728380212476 0.6978921676792254 0.4772424917079632 0.5774296351303644 0.38304778254112826 0.38068771804275814 0.34028416605782896 0.5784138898415816 0.24385616289914502 0.7867414600496704 0.17714254801213747 0.6892258415923413 0.6131487043153709 0.09532577264592756 0.6483339764003307 0.3518710478634517 0.31966595740075143 0.5732907398165011 0.25354591005288196 0.2640497284096188 0.7196088562422476 0.5934798016389845 0.32036999051196946 0.3958330970425952 0.034989897120164204 0.6075333397065246 0.2926768632426092 0.9975587909437299 0.9989227924218133 0.8469583342523782 0.18675125110289537 0.9329594154324445 0.1853804708549468 0.8240602796629845 0.9291544327625332 0.31742609470802974 0.5857123491829254 0.8585938915299707 0.6611678019295754 0.8634666353659536 0.012961870052203395 0.7690797953767994 0.5770260785900836 0.09867733876314089 0.07891740369303324 0.5394477782756405 0.08117432768385946 0.5291355535512743 0.12480794426851827 0.4585809389662885 0.7799911122451679 0.9349686175527394 0.5154722008808562 0.8579889433987592 0.8809919271971629 0.9019631095074918 0.6599611447573531 0.3244166942725707 0.30937622725384983 0.15334636188165351 0.9334056836460157 0.510922137971369 0.6373492771257413 0.3079739467777127 0.9889076714995497 0.9914809097809737 0.678902607699411 0.667729488088871 0.867390637035017 0.7516096618299992 0.3680497411779521 0.21357922357924886 0.9362773261048288 0.9141843911733268 0.2438777011617389 0.8922123013660642 0.6471257553970549 0.8766094328451686 0.2507009791924584 0.4945039474974121 0.7321827824443918 0.9073229565895384 0.897243877893732 0.18005680580462058 0.46976938881099606 0.0699368048739244 0.1275378253582753 0.6902373220017821 0.5701029120024546 0.6292669966090809 0.3055765647070605 0.13978686856556533 0.551605804466115 0.62103534181941 0.20599594402916754 0.7789593387736036 0.8012236043374399 0.07977936805185637 0.4255355378204615 0.3402769601561415 0.35418777629838105 0.862743230631449 0.2091531784169417 0.2457783371826655 0.0730385032388513 0.9007793092588285 0.939553227551526 0.3763695480854976 0.9252101787585455 0.9206735043344755 0.576762955856778 0.6051635430661487 0.6441787006751967 0.013047529125207458 0.25524676027198145 0.9146897360939616 0.3001224269181172 0.024852641305054157 0.16791458601408882 0.8370281418442707 0.1046852705214798 0.3877232697447516 0.9819127044623205 0.407025349250559 0.30413118313685417 0.2362728481139541 0.2603195133311844 0.5401796528830846 0.6853965536175397 0.45559751225123624 0.5551485759163868 0.0472679796417077 0.14307048753508456 0.13842417615336766 0.09567974484805652 0.14223098491188424 0.37966351597329584 0.8121639864711873 0.7242228807497539 0.13557058768160224 0.491452216565867 0.5972568741428782 0.6966753626012427 0.4879266468636152 0.9990128135849962 0.9117099927342418 0.010743175373474911 0.43054448366685205 0.23863895985200967 0.7365628794917454 0.5120169067661217 0.6008743216576589 0.6651135599201459 0.8443489104072089 0.845501312886108 0.9429655238837777 0.7370982156758752 0.38980352570046006
0.4614262433426719 0.4658835991422877 0.1570937382272115 0.42839913192452705 0.030784241079333863 0.7030091160795869 0.7896044878771247 0.7760848987545159 0.5450805653848566 0.5876488043722247 0.3971983768904367 0.4537302033124425 0.6607062161905145 0.8914088891371514 0.1471479141288089 0.48704768310586644 0.34673702247297034 0.3349516929144172 0.9335309468011107 0.9149093806838255 0.9355679730979474 0.6947027212500034 0.8684733293720185 0.43408235049148725 0.41450145464338484 0.359820732064307 0.8453166925141617 0.7360875676925319 0.6304398155358338 0.30238048279297913 0.12923172881077527 0.7177693826578236 0.5109709417220842 0.1085430428536398 0.7561828237828349 0.4407010649757511 0.9325200609948503 0.9190332482600505 0.06581347070629817 0.4667942733226279 0.3015173850047589 0.3453717406892768 0.20341253159771755 0.7750393823351671 0.9124619586575347 0.6164170020395062 0.4907552097566985 0.8114991359729004 0.9044791683756332 0.7024840963453901 0.8105375758805733 0.12931743148788422 0.2705680475172818 0.41248414015106993 0.997765119194061 0.9140490244016295 0.3774945854390511 0.06772530882516259 0.1982197611530726 0.8931429175897514 0.931397986123362 0.9910031996411706 0.41239185425435654 0.2779464784833512 0.07447109936648133 0.5670205533022873 0.9634004708689508 0.05595207604986041 0.8517222978833112 0.2556487581901957 0.11680605387308585 0.07078012126759925 0.8291478435729209 0.27124634668463476 0.8583017538677414 0.6775930041333155 0.6595497407969352 0.15727904463415032 0.6258424421249684 0.9325023776847372 0.1460293072401524 0.4421868408037538 0.6741475447009385 0.13551444115186395 0.7445311350741831 0.10421661652531833 0.3864778546055716 0.734409007610858 0.5356669682634635 0.23584326423018676 0.022308261653477435 0.3620621652233188 0.7650559301504756 0.7194923417284348 0.624954785330579 0.6944619227686224 0.17375995750983542 0.0739814098039352 0.23951280104939143 0.2868886199896369 0.4744741908951907 0.5633208715456228 0.6733850905920968 0.3337570856447688 0.5812307200051674 0.10980957457599538 0.3369222165868161 0.9103716765127386 0.22580081449771494 0.14124429920540504 0.3389006091041007 0.6749567555454389 0.4304226143810319 0.3268538943096634 0.7533997700403274 0.7565581286671179 0.8678816287197788 0.4454871912274124 0.395102918079272 0.3164294739816298 0.20368700764555314 0.03220160576139608 0.3894759535445813 0.2947934572792783 0.8273046797615276 0.8185761290714231 0.4153658724404026 0.4829963594730232 0.7937965462296557 0.27018771866436 0.48310969822107996 0.2707782981753696 0.25725489629147047 0.19882638145551246 0.36729145598222823 0.8002864023690178 0.9274883193645752 0.9414338567169187 0.21400274023990717 0.1286106610755029 0.7353303601235847 0.6794815171797025 0.008767773511845323 0.9910801914155477 0.22031810551458386 0.531927239674432 0.9241446971325347 0.11037260922918846 0.16199477646546534 0.876612862424031 0.3377986296830038 0.5121765176658842 0.6313170063582305 0.4358421475784263 0.44070694535079236 0.24899287640713785 0.4613362709745519 0.0263511130440387 0.18459140052581935 0.009719869842336859 0.8911511687967114 0.4758399166148999 0.02667506757455118 0.377688521140672 0.30057056070115407 0.11829636109813235 0.560151994444631 0.33819024040326484 0.4096317231929928 0.9987898841528241 0.01760992247645843 0.6832755082730924 0.4303434371023528 0.0576891542803698 0.13641215379530014 0.055564049010355165 0.24576897396284914 0.8978917999607268 0.9246772629932123 0.49675484638658707 0.9882385841489052 0.909599649921901 0.2860575876537952 0.2718171645915304 0.45874638779623556 0.06100532649170132 0.5979106515745827 0.9412604890085583 0.12157512985687469 0.19233643663194444 0.7360564342880813 0.6915120402361017 0.3559461394318044 0.6686517544221069 0.939022572309567 0.14576792862677035 0.7781489904631508 0.004262171836016515 0.37361429303437443 0.09977432965946886
0.0837195615182913 0.6824273743115128 0.14058106450497998 0.7763928352580258 0.3571059070363398 0.9934674189483267 0.34405757451763075 0.3233917959788828 0.8649293626554068 0.1438603009711571 0.3842295881657728 0.32554846108736657 0.564046078153674 0.5497351535156466 0.685765406583481 0.23484875107800907 0.8013174040809893 0.5844872427680771 0.7027824282504856 0.20846806286076525 0.12687515913937675 0.6883204767508727 0.4428539122871259 0.35890904854274763 0.8828847047492219 0.37515908010713983 0.8557825048954169 0.19426054916597146 0.35324306605190836 0.5105443486136031 0.8788165824836703 0.13950570793548323 0.0507008768311642 0.7276575728251313 0.21502191074366672 0.6290311912164112 0.6993731253209506 0.5716130211420117 0.37197901511859877 0.1714789971706312 0.042555251125780846 0.2873783562941712 0.808092762348659 0.37029719707942244 0.127192403549635 0.5872323135623134 0.22936604650667713 0.44815831706413434 0.6225216821368031 0.7004957448966412 0.005329369445239873 0.8530828293846672 0.8625674503082186 0.37400858773495316 0.49870759070732185 0.01120367061700811 0.4021117547296912 0.50392047505346 0.9973683189111597 0.5748630907758876 0.872173343263839 0.32150201121803224 0.06962507524052752 0.12200675963237917 0.46528778080975985 0.7802764105528305 0.12233828571476324 0.28511425752412356 0.363090941742352 0.4478592989894363 0.4279510503360835 0.9490147397967761 0.6440322854986428 0.3063511713574604 0.2079256944031067 0.30653030405210013 0.6791691313194098 0.06175448014581786 0.29016919245679607 0.8976949266351736 0.23607841114117623 0.27927657829569663 0.39469205505330507 0.8005128708902213 0.4363081398140458 0.2801729404369081 0.9331565700458146 0.37273268457575925 0.8535942744845402 0.4642285103809105 0.4105197445126886 0.4545090131534426 0.712266990644448 0.26770093051494714 0.8388682909391231 0.950251893414812 0.2821681242712476 0.05729837665330961 0.06297102327851378 0.3543803731783485 0.7916905303043592 0.3815131904297281 0.29355430012581185 0.6442524970767529 0.4919233861809881 0.7976127650779729 0.48780370597940714 0.788838181163134 0.9211393522900841 0.7969923398859383 0.6777864189258278 0.23762047909005646 0.3348303066637903 0.09642550645507364 0.4129627445421318 0.6356443767604492 0.9593201745775657 0.2739942279584908 0.8827953935909023 0.9780444606407127 0.3944937242464156 0.7665750480413246 0.41747417677231313 0.46829652294766744 0.9643314111477151 0.7008069755583438 0.566417445206829 0.22545456896842664 0.30001956989724965 0.25820984519084333 0.18958622919729085 0.050573897836892256 0.638026077643918 0.40267581212110903 0.6685461451508097 0.9654918967598448 0.23423760284442263 0.7730986508608092 0.6138251291027806 0.24826495726719833 0.3520721264973259 0.26411941254642457 0.5277742903360947 0.32875299791135026 0.5541062464881276 0.6998038492480457 0.2946589263416297 0.09728033667577907 0.21101995243946658 0.28240028977841924 0.12742004839666865 0.034118878298324384 0.8996858656755701 0.670576456116619 0.1820066476866421 0.3446690353046006 0.004246320570796103 0.2702658121795778 0.2609149323155082 0.1841807788870372 0.36810449059203054 0.9895110183986273 0.49531100521551674 0.12699396219861447 0.28376121329024384 0.7419485104145072 0.48125050768376654 0.5276078632934095 0.6221180182604894 0.14397529230618977 0.5476452572663095 0.09339147240433243 0.3985887150806344 0.6979683003736615 0.3092787112861639 0.8484526907387628 0.15855392289028758 0.557688542244445 0.6726205347264534 0.8343183765999438 0.4651543761754935 0.4065808364560458 0.35002340977016555 0.7213130849815981 0.7608633774995137 0.03129397094720576 0.1794451037322723 0.3954395437556578 0.46577692954822203 0.267446627913146 0.8224460527200997 0.5535174474552235 0.24113941084520552 0.1883731484468404 0.6782117159917258 0.6963500786657097 0.60485901235453 0.25221757143038825 0.08161773842131859 0.9092151971415293
0.7034109147006603 0.040381863520072114 0.11084202952958044 0.959884793927506 0.059324990033565506 0.21886105237383457 0.8928784193290936 0.2916735524134151 0.7965873505696065 0.6542522767147623 0.9834797512227165 0.38147353379563054 0.7038260358568956 0.7682407937151862 0.6331700189690551 0.9744566945783679 0.4977152741268782 0.41109812321954753 0.865932410123982 0.7989678336969168 0.8006215429881296 0.8784593193108469 0.18016646379323942 0.43926466985267576 0.9860302660762174 0.2303542668388443 0.17697814996348904 0.475306360651675 0.6157341763815535 0.23959408646349512 0.5412888514081011 0.631499775450696 0.7700228898316153 0.4963218944168313 0.4507753018534627 0.702333218196033 0.6907237003692445 0.8280202189264353 0.8310832711324729 0.35135184081962556 0.5284955202156651 0.9294287419264636 0.23927927818956474 0.29791547876891167 0.9575893964834155 0.5199552352146685 0.5686113480239542 0.05963766938177395 0.8985119572193953 0.0679461777774436 0.5116169438940131 0.6569191842450633 0.7786651635488236 0.3279080626092482 0.8168594685003424 0.5999828757803133 0.6755491270424577 0.6266268825192554 0.1922303311157525 0.3326937851628248 0.12145889052747783 0.09456729175157996 0.02168667946276215 0.6327500282436389 0.0587503413015954 0.13432435292014866 0.5128201711381964 0.17713684675020802 0.9916846079779813 0.9579500843507037 0.3470647107965652 0.7140028034229545 0.885694730042652 0.3604768057176899 0.3222109005934285 0.40269326959688256 0.5146826155330546 0.9681041963116674 0.8983458819659433 0.8139216668584689 0.1869321852275425 0.41070398264241326 0.520775515284604 0.3195846618429541 0.8330894814089357 0.6379938523599268 0.9792935614400372 0.8712375323540681 0.25436375460100713 0.5973027032083102 0.5211930569478462 0.07305751281923667 0.9884215781478861 0.8731524804500709 0.46500366478615074 0.23834870094923244 0.4642677061486643 0.06807632164307764 0.6883584529650882 0.5270896451668777 0.2640446932612951 0.16324287555288597 0.554173494519206 0.5061165011181722 0.5518433152038705 0.9525714415882787 0.10480797015214938 0.9704384852666231 0.5765409657716498 0.47199828031071733 0.2385183331267059 0.5107759103230437 0.5202876074054635 0.9652765670316598 0.2426502852453224 0.8255800192135438 0.23374069413774012 0.4212897911116956 0.8894741498872404 0.8224542650807745 0.9772282412379822 0.3313885495493074 0.9110720405605649 0.988766840632273 0.30216506318248504 0.3322745565457742 0.20470434052237374 0.18047364268645294 0.24594920988443147 0.35145646369724903 0.1898635679148869 0.7168527448097327 0.6598795846365713 0.711197169892636 0.3257434495778663 0.33776496823263247 0.35300545567001806 0.4857622144436041 0.28279178815645256 0.42575076166454107 0.5990291385140979 0.34115817382273217 0.04519217961409716 0.3187719006130604 0.3983052359789051 0.8690132029850111 0.8645790935951299 0.9335029629926884 0.0510277460065266 0.2709795613893462 0.9910531065745789 0.9295761204659178 0.14777334148663845 0.03892568032183552 0.09488821439507311 0.7673969721486529 0.36998857425277165 0.9010435193291629 0.842980488719794 0.8434212276787589 0.4689786689018851 0.3082368865073253 0.7825376866862844 0.27185088459596374 0.29625271339270487 0.47818383229098194 0.33100741303338876 0.6781202418789972 0.8425284014978403 0.2707781551206466 0.4509382727557748 0.7451495157641771 0.5233289410362821 0.626664711489357 0.3888179829041811 0.8210292685700021 0.4787407829072755 0.39663518472088743 0.14709631957806713 0.44713710822704056 0.6595947901173937 0.9373229254930461 0.8586839390052298 0.6580796037701507 0.9712261150323611 0.710496739637525 0.2845400342254516 0.04369645447426462 0.2936064400432856 0.27223679229665265 0.6394349609416743 0.19654171947118948 0.16089606262908718 0.633217790784836 0.23970669882043194 0.2700083603233867 0.9579518686083618 0.6196705286235987 0.5426186575928534 0.34040420100019564
0.005666803324366532 0.696044764574722 0.9094481721420659 0.8492502711708931 0.9028746325322626 0.19852559031248218 0.5983176565321989 0.965010725482093 0.010063198654154837 0.5838941440300027 0.4532316094968367 0.49508828204444644 0.7052688659040878 0.38132214298911205 0.09942276890896462 0.2162709133746985 0.03419135821331809 0.04061148646909152 0.6470115091683608 0.806064704457552 0.37003260170376184 0.34530462234515913 0.09916446078866659 0.3472129653535565 0.45576175995402013 0.9801498633267083 0.5635128961097209 0.28776957921666224 0.1783671291238368 0.8895371269862089 0.585735926552235 0.4431911935519002 0.6345654943814231 0.24636420246081592 0.18200923452831186 0.9630536350434383 0.7585009645997532 0.9280969727632824 0.1322243408097037 0.3017457294943521 0.9998497360297148 0.4198863024533601 0.2345639789222368 0.7081753221106614 0.15020195430581318 0.04173819446301075 0.7673176479578072 0.715758774529779 0.998869804373056 0.9508551292466284 0.8709149354707891 0.2449601428101431 0.4668206594370383 0.5403531562825624 0.6743117099852134 0.2728133712881531 0.2071915828187243 0.7558626948885115 0.8722235239282914 0.8677189591034288 0.2292606258483505 0.49634198793808937 0.09079795711016503 0.4332035820708552 0.9292026817029261 0.11285905332272672 0.15204678070838384 0.5046791421642723 0.34689734324091204 0.2750644839244323 0.04360556060061149 0.9563583517463305 0.35591619916377426 0.7877847134227913 0.3112912230145284 0.5540670414318061 0.06521305852149106 0.9218359614837932 0.41783421293825584 0.9428711312192349 0.5257024178495293 0.9319093617769534 0.405736751857086 0.30784935531982927 0.5440606281436178 0.02939072652468888 0.42317352636009675 0.9921411182790016 0.7390936154200438 0.342114736777554 0.004168817870106478 0.11632658267193152 0.7744660685046568 0.19833467940992944 0.2400273211993884 0.7072422892368856 0.2019311115340019 0.5142515897463676 0.5342029778090279 0.33862003874416635 0.548245562202747 0.6275569912377554 0.5413640628858958 0.6011999398498906 0.40799360710100085 0.08275130785155482 0.9095868367392064 0.7738550841849454 0.831462387932319 0.3331828277416189 0.2372440481119552 0.5480969747419638 0.7725338780050793 0.14470210947888296 0.9996893612700393 0.3782518800885436 0.7555677439646281 0.1677377444506536 0.8705532626904893 0.8640900530133281 0.7122633194869983 0.43277091043282256 0.8052277352836179 0.7333426647444204 0.12206335475678443 0.15543414727948812 0.7534566250111063 0.43784501547978494 0.16564191854928612 0.5404049965627533 0.49249912214191627 0.3114464736456468 0.3592066288366962 0.36262883368147214 0.018683353408410985 0.7604552068866636 0.7564796082221256 0.559616289545315 0.8442011536339457 0.19768803196838247 0.44454067837675304 0.021840356948565454 0.18671680364394627 0.5009367386226437 0.37201678865248067 0.8145631886588086 0.2942367372461895 0.6947402053997026 0.99136452500646 0.02669465129643034 0.5446621002138593 0.5640564861328321 0.8039939342997009 0.304731132648017 0.20084223351445774 0.09402175910162058 0.19133407858133789 0.3332750333524399 0.5141691658411914 0.6490134060342561 0.8283570169759013 0.04156885190698012 0.6417389558629782 0.5770005832076619 0.40827592819115854 0.8731624140143667 0.30615723379226456 0.3110717990894266 0.5552872187688247 0.3032274350308639 0.6469060278641865 0.5821259136579823 0.19330462206372856 0.9880514462540976 0.7545669756500478 0.506107174771354 0.05072316830966472 0.09817943705436638 0.9243592041309362 0.11277702300011538 0.6736265049036493 0.14508584411687653 0.9878828150930309 0.8323085773402382 0.3998241200867114 0.372004437580449 0.4922806333794577 0.2959854981887017 0.9603692164427482 0.4177341281107867 0.15030957287528823 0.5291960571105933 0.6165933309916429 0.006636581277083664 0.058631507091983504 0.576135133069383 0.6517789117723667 0.47682287555409286 0.6545947450994176 0.16499701642403886
0.1252856126642855 0.5803377881009991 0.2708252977524206 0.7928798954321983 0.6637954049262061 0.4521905408285135 0.37216011938835725 0.7270691777814187 0.7434837452809937 0.8179107589286363 0.11282858513912453 0.8058876111548132 0.5736070262977278 0.7203698576110464 0.6421888989188327 0.4892900191000872 0.369429190008549 0.4557574433398861 0.10445088897207377 0.9153470393851746 0.305865540454372 0.7731221088133201 0.8406455335849398 0.034307174877336255 0.10587953788865223 0.9911969357746799 0.7183112487204739 0.379329409010274 0.7509017480938679 0.38646654856857765 0.9274033096293288 0.48134895304544567 0.8813499170705568 0.5231663188989321 0.4276253450736337 0.7612030538976585 0.7452662482406853 0.5932098670247978 0.2811215886987728 0.5123487048862158 0.030154331423951963 0.844849106455741 0.25802659780513115 0.3863203259038154 0.8724557773858933 0.8792838612378029 0.7574540227081781 0.5687399354459497 0.3222799944710987 0.4116743314067576 0.19533786536164743 0.41143138519808475 0.46287373666635123 0.0395636037846272 0.8519525602983611 0.7862226919834681 0.9881488721174214 0.12856052466230894 0.22193079749292166 0.10770430688559396 0.08947726039839676 0.09707164511901001 0.44606936091613636 0.46360058216771205 0.2904368240847791 0.22232755019276462 0.04291985910270846 0.4258751491054017 0.5142817997240852 0.017686376075667254 0.06830412903273164 0.1932315123722288 0.5817109907508627 0.9246236379489766 0.5140540517868895 0.7347283398906709 0.2253496975385998 0.5072902393303705 0.4527725801815564 0.39738441757859 0.048123596784118594 0.46177290991818 0.19850289302801027 0.08307233901492972 0.9257588310693875 0.7761520739558069 0.3067058772698087 0.12469624200621254 0.5345299782626892 0.058657643385831015 0.6774537051224038 0.20827405803079801 0.6795711047984576 0.3221368897701328 0.309973416799736 0.9105869675678475 0.1010123858573484 0.5006888031549146 0.2075101988101028 0.43332037533238643 0.8097996747840397 0.8641138116207812 0.12459030511454638 0.07687223627920114 0.7851346934509643 0.2930008451799555 0.9945042596464088 0.021608633443438663 0.7017761031011632 0.08695684112995816 0.2572580651458113 0.1522555258310755 0.056806423911491266 0.854981625541574 0.8377812907827513 0.7000183724004337 0.6371601577178077 0.9026271114663384 0.10632671567309704 0.9213289804473324 0.30011114287659046 0.9335851302609058 0.9110667762900434 0.3032968672586619 0.8062227823652212 0.31968194258669436 0.799501059937598 0.6011457507063912 0.13449087596388787 0.4098680181209998 0.1345231208986587 0.6865508445031351 0.8099821262450313 0.4126636739079075 0.7977294737526046 0.6556265544964011 0.6210230551053336 0.06059848780038102 0.10515016841877267 0.5271659053059282 0.4286686060065438 0.1333648091658851 0.8055405306291797 0.8993735173152054 0.761400971379031 0.22575912661026343 0.15374744928000372 0.6786370798067466 0.8656410047764099 0.3637759153189811 0.6119097156708819 0.19493267272675252 0.8863859909910126 0.3471758275516825 0.6607008400607233 0.6480714461453636 0.15875097212707523 0.7397685861715493 0.959739989503032 0.621120103406852 0.1280649780663714 0.4305924196434091 0.5509172795542884 0.14114851816050378 0.7482687379099934 0.1737884889746636 0.8426895834613858 0.20217938487622766 0.6039615838358998 0.07552354984214349 0.08045610091841249 0.3697546142294089 0.9744295841321787 0.9845668581260815 0.969252980714851 0.1374172533126261 0.8578757646310843 0.03611626992855388 0.053587841545985615 0.47801867922584207 0.9342797578400495 0.21493035308370323 0.24179165021615412 0.9303817128502347 0.14410732535095228 0.4341130618836362 0.22907933230679933 0.9489062824873459 0.7934412653797585 0.287249635086115 0.9863671103821864 0.8963953540163873 0.016618372830916495 0.2814800560836448 0.2823302644592107 0.4075969930367124 0.5645168091507041 0.23496948647882754 0.1301131355313192 0.1776630702903631
0.1280128562822126 0.5857033140156201 0.8930515031715606 0.645950790024842 0.6402324879715915 0.8023038158359183 0.26008700644001215 0.41396449029504223 0.44060339883929434 0.6771309101579931 0.23666978626317592 0.8735261531290757 0.19842128705961815 0.28861194281399516 0.08734502194488347 0.3728288351901564 0.9150923708174434 0.29239182317620294 0.8460278511923263 0.21444665932563012 0.934257799839063 0.804298385163419 0.19596789946048077 0.7690814328369867 0.8198920301886373 0.29315901865489924 0.4732511291107089 0.9155524049247301 0.6702439654768556 0.680424784306653 0.8784202300167977 0.33482084414976965 0.6705807253266483 0.4430606049381133 0.2961747517072706 0.23460264845089418 0.27358853820977325 0.506354200627938 0.7036607553512948 0.5443528787102162 0.1911159911490865 0.5521903183066285 0.9102541260299483 0.3743037021062092 0.3865961752129363 0.30235346818647413 0.2887332144993465 0.3972157677538882 0.09031974396344478 0.426637663348726 0.09803753032378437 0.650995748005759 0.21078710047547067 0.11277307484997434 0.3399328381283582 0.14252427218165942 0.32448589910519754 0.008991204251044604 0.8601038577515355 0.1307694020963902 0.6126322287335919 0.7372754306887437 0.42729714882251346 0.3977341685314849 0.9649353527752557 0.688181913247417 0.17470474301935257 0.37136548436062333 0.817832115447595 0.07920048687731884 0.917309558731622 0.9830307879996416 0.00270461529010646 0.9414447037832236 0.8544696566102384 0.7750578933166667 0.10167384930333978 0.33812738638712336 0.9029914051933321 0.0006226373339951463 0.5920338140002052 0.6738332650247222 0.8869968208188248 0.9153921186920713 0.34251775354014935 0.7739952125743863 0.756729553491844 0.09754060432591227 0.48997041970457533 0.3531467081684859 0.23635751268716465 0.17401951850220965 0.13981109293672112 0.9769972461772201 0.12608142696159397 0.7123687717069352 0.7488274299759166 0.39439276438926507 0.23039838938631185 0.08224857133852737 0.1767880715825042 0.4237366190989419 0.36809244863911617 0.6507190850430996 0.2707461390400361 0.8380003568570116 0.9721872187375898 0.245091081597977 0.35536333197966274 0.23267590900227308 0.021063267186451684 0.8413305765160224 0.7846832349878623 0.7344516927764253 0.5764633296541006 0.6011961914118797 0.2216804565292404 0.3976966596000119 0.7149091581794169 0.19226450859836042 0.8191143571934459 0.2673554576351246 0.8715157191184455 0.10527700019171626 0.9786822328129213 0.9878400100528115 0.5784653181133099 0.519858762769735 0.5813320193221924 0.3991789816638268 0.04406029090388264 0.66249634565731 0.45659093635081227 0.20164177018327822 0.07196305196628061 0.5894080103608867 0.5164287088239388 0.4169103671172595 0.3106991345020146 0.28319170655762327 0.25542198580958575 0.6490396300955671 0.32407944962744406 0.943567204376725 0.4903074811307473 0.4884053462905309 0.732078718544731 0.010961622415757377 0.618645687229191 0.004393490083874463 0.8450524702843661 0.03031621169768528 0.21617120324694528 0.8862562777253875 0.2637811353441838 0.4928054860583876 0.5359874996863316 0.23796745114292595 0.25482605798461677 0.007967769844249295 0.3961743174897926 0.7569988714961419 0.19977745155342275 0.44892222465043496 0.925881324165572 0.24426483343827843 0.8176962058350877 0.09216249468969606 0.5370203165292274 0.7584443211979528 0.34104815949984624 0.5835593433958969 0.8148775507455066 0.5624572501556719 0.2412136090128435 0.31815041709185676 0.30191733386012787 0.9718846368495135 0.9129089363037439 0.2953946107899591 0.8917667211732402 0.6927417105074564 0.18143299008526037 0.9044909385653597 0.0931765967730287 0.9558226452687707 0.02728724888736067 0.9019308360800652 0.6286766342682921 0.38372737067098406 0.18223967269017394 0.6428671627366671 0.8055294694167425 0.544268639427793 0.5261713619552125 0.838921324739286 0.8897697772330961 0.585613536174754 0.36677552662918855 0.8270689722875766
0.9590486592324327 0.7760264090871192 0.560714934086709 0.17154486919653666 0.48067797535297474 0.1264919793824385 0.08778567262498616 0.49505624347911026 0.2654861953713321 0.8493202067542771 0.13565712229468885 0.9856779536274579 0.17644963529161872 0.3404187705689068 0.10713250450488454 0.12315791041203639 0.9910107092199173 0.886819621203116 0.6809036817047955 0.7688622053741447 0.08767661483305522 0.13025366378679437 0.25995874766189364 0.7903311052876032 0.024543971831334166 0.9406742999994484 0.6559902223370502 0.1511321813130726 0.8044449156146571 0.566170874434437 0.8681015088822253 0.9105061203144257 0.3387562436590481 0.6615449084208933 0.20099327533624578 0.42784966949068504 0.2727249917436848 0.5826056156920397 0.5726026122698001 0.001106323169928758 0.7418661570983545 0.697347949516641 0.6145948952381883 0.9797268308460754 0.7716363653798823 0.9773400933613356 0.27214096683361455 0.5905297501387187 0.7303381770542304 0.722561628103534 0.760777027162914 0.7209125358634036 0.8179395535866272 0.40115364581749346 0.5477106774907299 0.5634534628643023 0.6221533636060842 0.37471912503331606 0.23530478509873842 0.7675391679443179 0.8014598042891088 0.38458253121868136 0.09208516252271959 0.6628087849314662 0.4012174084982669 0.9751983227647583 0.9607472935155128 0.19575571356088528 0.9823767737287631 0.8432162965862553 0.8958376511581244 0.9885626076458389 0.7856207409096251 0.12770015817678315 0.8948934040823089 0.8504548940947292 0.6305984327568714 0.4533768412764936 0.9387014307662201 0.7493158892331513 0.37043710026168974 0.6801440220810274 0.6061396389349526 0.27992114441743365 0.44189416526068426 0.2270510258389774 0.1078158948964999 0.19329933137026034 0.0025897339370407613 0.5389114776504629 0.021249605078095923 0.6049552886588531 0.10474967973226734 0.7937149194698782 0.32956142000542055 0.853167924626567 0.8239225799291022 0.9876809506034094 0.3266307529308643 0.8982884438271852 0.46766102959131883 0.8731205030669301 0.9816538215555248 0.2551356322376571 0.14740588730546145 0.32704558091826097 0.5971020824888527 0.5365287216739314 0.9481510485743274 0.7565444719721703 0.7828874021992899 0.22904541021377467 0.7509903832970263 0.3373139673272708 0.9055166813094347 0.19518595288184282 0.006901449303216012 0.03395810325597581 0.9528245423091161 0.7601078345411885 0.8340195923203603 0.13303321333609452 0.26002536900091855 0.17749643442761642 0.5285252257487689 0.8325569613134267 0.35380030494373926 0.33421630193068985 0.30560036052208905 0.013950338929077932 0.9555027408378383 0.5792864042349344 0.015762826496924842 0.09694119176266891 0.4484033236105006 0.8075573494302475 0.9451497823678222 0.0620971517978236 0.507280653623055 0.3173375323059574 0.9368462829266218 0.17337151299344933 0.6748999708433863 0.8346448380295637 0.8058207017719784 0.8685156440866463 0.8524488799631008 0.5490502716172652 0.7376049660305204 0.31194242998908306 0.9337385362957309 0.007434187763154854 0.40570897894178726 0.1806474036336453 0.5158776260379947 0.06384215492474499 0.25759272435154035 0.8348643735517165 0.20813959403955073 0.8864622266748409 0.33049408696903915 0.654860258269646 0.3904868985463754 0.8035645002770376 0.07426054075354893 0.436520876278798 0.7846677314967847 0.8395867199999184 0.8136963009006135 0.9519762678728301 0.7644237836474668 0.26242567009085116 0.028140575188046357 0.6700651869243325 0.5924348640760986 0.4179535172298121 0.01748331927019031 0.6970986302010594 0.738533270356577 0.6658495509435541 0.6610850422234942 0.8961163109186673 0.49692753587811767 0.6470099953947319 0.9796957250991382 0.0001085772864258816 0.8046320793833889 0.3173790411147833 0.8164529482808174 0.1855128165400377 0.5205140292277721 0.6855563006104956 0.17296532779042717 0.684478201976088 0.0968663695707529 0.14195333384860687 0.19362900212025214 0.5752106219012952 0.8223939798378455 0.25726518325024483
0.6663969838676689 0.7874218708988886 0.8276193488366812 0.47439731447664013 0.053193967012123866 0.7453096781208408 0.47942574847496466 0.13796731995074152 0.7664174282782424 0.48311601668793447 0.34902488019168554 0.4291926403664956 0.18297681421742518 0.9256631168367929 0.8603008825796867 0.9761266657674232 0.7073727288770287 0.495235826426913 0.415099053224932 0.5542841246734393 0.8767699376672984 0.22843890054839588 0.1017215031125801 0.644795725429068 0.8366549417288114 0.9360504530948023 0.4854379567506284 0.6842148306404922 0.2664937990684062 0.5397368738697101 0.36814934344614936 0.11266401824830585 0.4005952459029368 0.8964451861832803 0.2270147508355841 0.6719429559169574 0.4085149687899994 0.6701852363964246 0.7295975960389004 0.7059715763564414 0.07011164400120706 0.5876486217486645 0.4204006161615651 0.9940668171922198 0.7169348464007109 0.1573520325750558 0.4461802230558295 0.2170796704539132 0.5763852916563869 0.27860572008560747 0.2964805075993139 0.7239683667369078 0.18391790703867628 0.3492293744815952 0.3217911865325541 0.903148802079929 0.7743429656787403 0.5947428443134516 0.9420852509124826 0.3554199918087627 0.7548887316448275 0.46531612496000585 0.19614921529285778 0.5862607479592109 0.28154427624630607 0.4277439821054748 0.26588762443760305 0.7136404320712417 0.3227148909101718 0.11257698034976038 0.5652970777564825 0.41197957445605193 0.2786262563026769 0.9096760005271166 0.5145008472643468 0.5882579901582147 0.6968633352044401 0.6644117224112266 0.41663172305203244 0.5857156323186903 0.06860143655247664 0.3097799040440039 0.9717716734471364 0.10599834369784977 0.3299475624669047 0.25727507634068203 0.045371258657092906 0.7122107250701593 0.6295459389680936 0.8313895099029416 0.050619370863855706 0.22582246717270338 0.029609163982001863 0.06879406831907586 0.6972811179098636 0.6290780548736651 0.43996285256189716 0.1133903093882348 0.37405480476879405 0.5382134033374434 0.45253911655253454 0.07145975396953819 0.4667086941868024 0.18870106102358808 0.6416708824171113 0.9627834786588871 0.8293182335648543 0.024686142849254966 0.7840846390806941 0.46574489669656116 0.27540544706362613 0.5573294640562166 0.02920277066581789 0.5542083462958836 0.4299813168919471 0.4195282365557391 0.9301739094217408 0.4530573709710485 0.4006866570355546 0.3528907360530912 0.9562491815459498 0.0006520672528984583 0.09452243416862693 0.42181222699871457 0.5539706299931006 0.4426427926160328 0.17693568699648476 0.4418659112686042 0.6231777767425327 0.5870143959463049 0.34024494888546086 0.458993686881376 0.5577945592278771 0.6014795201968375 0.48214353863408477 0.6818686179709418 0.9270425922102471 0.5247839964207185 0.7849969259896542 0.32941812339380006 0.4979248430152343 0.04540668912051937 0.46347720652396507 0.820955938640523 0.2309985153147397 0.999705339533559 0.7043968192396041 0.8755591887798637 0.5472251847672682 0.09155746150165134 0.2609074925869075 0.8812258434961397 0.5373064221153772 0.4771147148204493 0.2971091891307973 0.33499787156465244 0.30848225388866146 0.6374836190801073 0.856003566987339 0.8669582244836858 0.190435802125132 0.9349538011664232 0.4683104364947843 0.585609767757187 0.6889828634942637 0.44816932741308113 0.43051558129057965 0.5260877595250428 0.26325646916540735 0.8490950075535223 0.91849192185204 0.43316014209825215 0.17959126877067122 0.7835559842702977 0.9809356669771817 0.6444350079261643 0.9222523611838985 0.513287837398705 0.40826783409402045 0.8657078153228037 0.9255308715226562 0.6249503078041191 0.8541409721971498 0.13733865840929438 0.7961573451402398 0.1785317611306938 0.8158208630831465 0.24108107091014241 0.13910794687188932 0.9727894443957305 0.7705025538054757 0.5388264778595101 0.9325195813410814 0.791794688269945 0.36459824989148837 0.514460055836401 0.6034209089934264 0.49639651015725705 0.5029006557164355 0.18423129303467256
0.5214019665691779 0.9187079203980304 0.1258279907818013 0.987789833106462 0.25314457513470123 0.08869113919755456 0.254301963904494 0.06394191420702544 0.5852345416420314 0.5357346528440569 0.4995750337079933 0.26266550695449076 0.05027168937866022 0.7625724579462106 0.576697238764371 0.3432830898072322 0.9964407299966263 0.050780007111754455 0.8001942414616647 0.34629313222196667 0.8854988889129728 0.5250250567149912 0.0325095316201548 0.3330719909397709 0.25990060636787615 0.03920788374358075 0.18305444813718186 0.12528291361867883 0.5865561456954161 0.8530282554001408 0.5789657178129138 0.053453027386704655 0.42950357407526485 0.19718066047968164 0.532331599223792 0.7516481049030934 0.9897631535237715 0.5564086326568869 0.247526298075462 0.8111982194834121 0.006590559344172742 0.11520769185191493 0.5309120434878153 0.20764735144001656 0.030605711441856642 0.5080482559058775 0.2911353613906361 0.5648142824655549 0.25442121611442814 0.43758450127430715 0.7095128795428564 0.00614042662156411 0.7387507681088915 0.6407828447097879 0.9436045734455273 0.45473011447101763 0.7076291815469354 0.7637782036169131 0.8615238532967158 0.6180296416978784 0.967192996141872 0.5938921624308807 0.2557893794500936 0.5367570574304152 0.050687858455712 0.37991771610447544 0.5164652928370185 0.7145976382013959 0.03478766860716076 0.23522272720098292 0.7423748029075918 0.06234732878134508 0.22783261056577997 0.0666802000387724 0.11597377573536749 0.8669432733585017 0.7689845928614735 0.10370408689756805 0.29401436830331806 0.3519635323963861 0.198509341401927 0.6421763561061706 0.6575096954835967 0.3560812638425981 0.47931197088611865 0.27026486728691435 0.09774210462088828 0.21320512114657508 0.7578886301268769 0.3146074930887588 0.5243496627155192 0.17227244941029218 0.0892746589735618 0.06398962210535941 0.2385857793465075 0.5272884284886067 0.5053565271758264 0.0597846233054824 0.9177519532967998 0.9220265342964085 0.47907689390481545 0.5162823385217135 0.28054182134709904 0.10770759294740573 0.9766426001079926 0.032175145835656394 0.7589097984203333 0.9513379320874339 0.8732479089028563 0.6938261601930552 0.8820932207891673 0.9822684141366159 0.4332121849082814 0.9928127569625077 0.24156445979630659 0.7476205274581471 0.6108232897215179 0.28821198606629284 0.4828364694079639 0.7449762802363753 0.10543218761703932 0.9072611038902174 0.18207001155803348 0.6947021426501518 0.04244101118415844 0.3969422545079828 0.9502289355481521 0.08098489098237549 0.3620936343385218 0.7618259852459305 0.3112443261402077 0.9415476968097587 0.9590625708004703 0.5216087395889003 0.29019675415277824 0.028417632385452807 0.9925524630106023 0.6234216106999076 0.6172844459943543 0.52601596379728 0.93585283541818 0.680266539167392 0.5550622942977584 0.7973363199964475 0.989806153002606 0.1813861570349885 0.5123554797530432 0.797524087893251 0.7630515295033411 0.4265754463784185 0.6678287427253745 0.5427569597091572 0.8912508347279596 0.18424336604206903 0.5364415835457766 0.9695181136312634 0.08919661976912974 0.5411441568791036 0.20223330483524848 0.18275470940373428 0.474332426774412 0.8142553674271257 0.9481460253199506 0.072499276190641 0.9228399739372604 0.4664883783977485 0.8805409082106671 0.10945826680680937 0.24081589086142707 0.5200179115072004 0.3824964614340157 0.22856924957679103 0.016383164744109058 0.2905531425678939 0.08888609719563834 0.8071459202902359 0.2308182122175504 0.35914793038623494 0.592878635806404 0.8271010420802485 0.32628908066468143 0.9899133927677991 0.16496950189455029 0.8746982118946109 0.09887529161091113 0.879599272996476 0.20638625173032288 0.026169077911876504 0.3319704544484712 0.5002155846788068 0.9349540430587452 0.5225507578120536 0.9582572044087065 0.4070618823670028 0.4401629016920945 0.5979967684776377 0.9353039805299874 0.5172134866024684 0.9568541810850061 0.7234804506847806
0.06153440977011493 0.9258236089073035 0.5523225860023191 0.6913198192280815 0.873068158113914 0.9596862928960461 0.25611647297444295 0.3032708235009538 0.8473330895968776 0.7384744233965517 0.7049504845739162 0.4554050376144577 0.13377588909187987 0.4222383559467138 0.6971693136122672 0.7993658282549977 0.6666219615634236 0.38810823321446664 0.9257340366443932 0.28907785327881363 0.002553119400454662 0.7348632589545401 0.179880498872119 0.6908385883771317 0.0006291338326872564 0.21628408823093292 0.7332446962628422 0.28048729501446124 0.44413286931586804 0.15522944050055498 0.41917638387677425 0.15386456113678948 0.004207493322522349 0.49838075781947355 0.8384255574654161 0.5280547404332742 0.4766674498972834 0.46431596514651086 0.7527104956233799 0.05440071927453105 0.9734115610999643 0.36398651429966555 0.025606346735227326 0.7568868481366033 0.4455702869589978 0.06460608807229529 0.9564684065556631 0.8555637150551626 0.7801248537725971 0.6767930267940242 0.9480129046894433 0.007405254073066803 0.8110402335832332 0.9979392281651287 0.41836369178949384 0.3335276301213155 0.2633916041059853 0.6339610517722742 0.5980691829298928 0.9489495723278045 0.5741714190190284 0.28961218443107795 0.8272696316759957 0.7788833067305397 0.19519387381909614 0.40859119353801765 0.5345680197130733 0.35008382375831126 0.6065753976105726 0.04437484986077622 0.03687050849237772 0.4329043612038376 0.06171677235048456 0.8866490047567557 0.4144578322324671 0.6800209223834159 0.03280298599106635 0.6707012082952929 0.7349489106279763 0.25250218404683566 0.6266588867509567 0.08610183485942124 0.0049239081031229315 0.336082792159498 0.09540348067758275 0.2891585931307953 0.6947650201606845 0.1659676719030735 0.07815683093786285 0.8099616390896389 0.08953554413772224 0.143396813083436 0.06562885850896782 0.6840010971995167 0.9946673422354585 0.16665771143737584 0.8595278538590291 0.9758672638339688 0.6456388576376848 0.7065158838532773 0.23436375226318884 0.31431229897531754 0.4059543585488674 0.31162613209079637 0.8159186883942365 0.05247852582493451 0.567971321809554 0.876511998595848 0.525641962102499 0.3000489546057248 0.9435358718376916 0.9140537256441716 0.014450499016730678 0.5281102164404936 0.7694999879027133 0.613572935729926 0.04386053684324931 0.5155619405706355 0.6586742710153044 0.40918099931247565 0.13901866915394756 0.6214793269317326 0.5050449111598934 0.3490794401907944 0.5611231905049442 0.14439420134307013 0.7314987266196324 0.41885011173051323 0.42071487000489505 0.7738547211944846 0.4711090890226953 0.5575404222770537 0.34453350325164234 0.33888284848722383 0.05717685217731594 0.6641253557295339 0.9736458732314334 0.3689092116358139 0.8058413022030214 0.09622796941342271 0.28966576952594936 0.7427192084092634 0.14438608544400156 0.1260543858160733 0.35638548407081794 0.8040597251987374 0.44410546613245216 0.09335815993959307 0.33104180559585783 0.21304813282748158 0.08339478339611317 0.5108053010132114 0.7212290622147192 0.7326399556067186 0.22364716228097514 0.28509035571999597 0.3065747706925286 0.6013594533637852 0.032187120974376815 0.17627715204779382 0.5084319631440939 0.7281072506072408 0.7908632116677656 0.5992300191888552 0.22425046139655158 0.1821120027044567 0.8534342000496451 0.18590869322036707 0.28105208653426295 0.1265220095360683 0.5594215559574764 0.18945530834652025 0.47363771893148354 0.3097276278701885 0.2251354895382861 0.38344966906345135 0.48099897468326613 0.5742895501698021 0.20032514327065765 0.964468263499924 0.8295260689855449 0.8546457279857335 0.44040625678650835 0.5926508421485861 0.24307130686542455 0.8890431100445084 0.5461258128954323 0.19137944784797656 0.3796132102172023 0.43264007523913817 0.7539513128757285 0.2240681470072633 0.9370971244769469 0.22540086011508964 0.5061455097803937 0.5407165574626243 0.4669196484994892 0.23236772871389944 0.34187111129114733 0.35744923911443727
0.6479926312103463 0.01804904109109773 0.005374265772046916 0.5837628901810163 0.6526840846432718 0.30633905063312494 0.27006154065698296 0.5445794973618701 0.6301994009491866 0.9508265244036463 0.9326643797799192 0.008094457637073504 0.5169997631824098 0.7833678861752827 0.6678593938710164 0.2928828208278631 0.6597141302115149 0.43726528125236064 0.041173566191454514 0.27743557357306103 0.8714031322182597 0.19987999288785818 0.06452046136739986 0.30964714128542803 0.715431870513213 0.5819594713544425 0.6621989039761982 0.1506493827226013 0.8622657160845815 0.2889102264221337 0.035974204890718786 0.6022271565964417 0.5426691703788185 0.7064332847880382 0.07819772543599701 0.9029645575670793 0.8011727778466882 0.7402400130425631 0.7968342970530853 0.9528284605557238 0.25815910264863184 0.14951308574187439 0.08969858890732207 0.12054373434408583 0.5481394877856146 0.6266347291849392 0.5016850380310969 0.7479613892718556 0.09935076750443195 0.8045722029530283 0.9095909216739891 0.19698453564016993 0.008638562448132325 0.10145265583284224 0.3359678689989619 0.9630752689932129 0.428510226917858 0.014309655332575333 0.5943800808126382 0.08016426449281022 0.4303915518312257 0.09864514691004311 0.35362353124099766 0.9382356967826279 0.3653699958998795 0.4911045036073445 0.2585019637905859 0.8324929342081453 0.9567728209976089 0.15408404262221942 0.2679864991428147 0.7984801384308169 0.6145135044663496 0.6823023930644107 0.30221533993839544 0.5356341781963081 0.9922830020971725 0.3005216472687955 0.9771017038774309 0.31735902231332447 0.13192101719401972 0.6887824291311554 0.11116734791905292 0.19435100345396494 0.9943846949469077 0.5381345790738244 0.13785895138163995 0.6745553465047398 0.5806392415178631 0.08067801908138239 0.7358546883518773 0.5662654842256729 0.1649417038367278 0.5680080005992596 0.4228721521865667 0.16847959149090286 0.4433150283099747 0.414398591667659 0.3170826181354396 0.2705702285063246 0.24930491367090912 0.9614122882631813 0.5956704383898084 0.027757954969430232 0.2780316870948316 0.9434251288854326 0.9338873959655949 0.9453654397420153 0.429988546431192 0.535111263412561 0.8497453137133435 0.020674260054394322 0.33287638658007357 0.35079044097807277 0.283777314656241 0.18603304858964553 0.9404629632990452 0.22714734976687045 0.4291218298365932 0.8561586612624389 0.23085881501657968 0.8280046348205757 0.8866533011479656 0.040031946992113876 0.49884462892727344 0.8624961404910991 0.873353694181282 0.5897880343620776 0.1693064832879393 0.5211859774943135 0.9953493202687762 0.29581216463147786 0.6111802037799974 0.20665756096207488 0.8509033181219339 0.556256886354567 0.34655379490792637 0.11731635806093332 0.4336399574256694 0.8824824165766244 0.1615936136817413 0.4818193614871932 0.7997330047649678 0.10259755656554126 0.5652272493614875 0.53702244577103 0.8602808102102576 0.02520345151125314 0.5639495999911389 0.9913329499254722 0.3764345729153509 0.9318693256962711 0.057825868618914034 0.2727114102006547 0.22577623290771331 0.8970331995687987 0.4250146422082498 0.9107494256366446 0.3212350611457311 0.5455682305924362 0.5075601129120608 0.8910368274994304 0.37828861145561854 0.6553919870044653 0.9405457810406411 0.16547617162566164 0.45846152243311256 0.7696079980889406 0.04623578257997696 0.18344455311476016 0.6656460807533513 0.6823785510710806 0.31258356683834854 0.1887530997997513 0.5271181432905626 0.6932484613865225 0.5388133623419722 0.8840853554838743 0.6130855430272891 0.5862542709756261 0.15048557047809297 0.8324285505959542 0.06002577282655197 0.7118579433402693 0.5376725909757104 0.47867121700029114 0.9112265681274869 0.5987020110444393 0.6086719023512975 0.635690030527346 0.15135547332415955 0.20838285193448003 0.4654726861156089 0.6331709875698011 0.08292393276336107 0.8059322625558373 0.3616701581535424 0.7886346404882111 0.3033724063570795 0.6938759483031071
0.8432591144110712 0.8188760965568886 0.5284222027199046 0.3364913291264625 0.7360994144089458 0.18742727815909765 0.9875335868209684 0.7246395415423023 0.7912599172241045 0.09447647461265596 0.915312533958976 0.13522145324221047 0.1452310214260425 0.3915210823423537 0.38558660685860324 0.10362185406133473 0.7109036816628288 0.6672886455497838 0.10001205291308501 0.07790399077459642 0.6350688553210485 0.7509046536260751 0.656540211941373 0.07689209387047025 0.6035315439854676 0.9225751452395946 0.7032332738658345 0.7376673595397453 0.4564291927364641 0.8130446235603958 0.8111102998159877 0.27665399889857445 0.9987596341812577 0.37273854132813633 0.6794296117462623 0.4162596769483826 0.06089437396140196 0.7156382210769631 0.2461538983174344 0.6271545304585721 0.8952888018212546 0.3547801819537688 0.0811790812642329 0.0796495273782638 0.5729743999838032 0.1110560589748465 0.8835128371620985 0.5622806901404985 0.13488384617069604 0.46235744006679247 0.46917579991135927 0.19106799375871297 0.9676480032373675 0.5376791304021803 0.9471636838440691 0.974137890997266 0.681246168342403 0.5762265485467922 0.9366037882329168 0.7889216717755991 0.426967840051236 0.11240763980120183 0.335020479635451 0.3514245996671391 0.7423707912331315 0.5000713747062933 0.18178920484993755 0.7776629433992972 0.14573657977266052 0.12275469862181532 0.41101511345959396 0.08360725579686556 0.06278912144741311 0.6932602894089862 0.7607449786220326 0.36813273311787353 0.6867506026551162 0.3522727683543285 0.8624145967193222 0.03046249808369461 0.8495643730217025 0.3405466406467731 0.7770506604442801 0.21427753813825712 0.2966894943931966 0.021463647809045416 0.8700889012872739 0.8662641503257317 0.5669360487397029 0.683108628560697 0.7485283455701607 0.45255078477036903 0.648736744695883 0.1675625173576083 0.21661098729576866 0.4603957979924127 0.5444655309509335 0.1656391078759354 0.6804085276422859 0.08322446325406152 0.9619109176601425 0.026489839907946733 0.810349996459912 0.9150223885938518 0.1490559626860627 0.4339486345405156 0.43177273504393376 0.7542949399931406 0.9131975270704695 0.814479436378307 0.1541065539465154 0.3638793884672489 0.06289047617392474 0.08161622546974523 0.3059162476282875 0.7599472269829746 0.2922389688304722 0.9827615672321789 0.4298460712058879 0.7382650943209507 0.37330356739222903 0.5986100907822852 0.43198506830986483 0.5429386699126268 0.48370066394960065 0.2313834558158484 0.33400326328392127 0.3081455778679708 0.34368313083189206 0.35630478302407076 0.4394890059584069 0.683074794804842 0.7919986863099276 0.898731853593437 0.7934703504829924 0.7428508579978887 0.12728889804330634 0.9650114465979381 0.8132987874967742 0.4060718106272917 0.6302185351588284 0.7929382371003119 0.8629235056327874 0.5090104180647423 0.9381314064445823 0.5396543815906673 0.14321751135123884 0.2076152044158398 0.6672716519532863 0.7479879029501463 0.02697031511883341 0.897059331445127 0.7891397578721396 0.8911994191324868 0.6431865401311517 0.6704383543244833 0.007413047034499409 0.7931426515794616 0.2981847116325482 0.8609953884762469 0.34664782480519496 0.13527563036249102 0.34733709082238784 0.01549387167059657 0.8060477296494544 0.5301716218118647 0.990979743711175 0.3457273349768313 0.8382059898341538 0.6530493840762085 0.6667114073621222 0.5146064580744493 0.9781699799934291 0.9975927574607438 0.25418008500575173 0.7676621143752156 0.712528921575971 0.6593275417522964 0.8780165340499854 0.8168053526452846 0.606679438215086 0.29824631770275656 0.7665773372254686 0.038558753056470274 0.038648901569157124 0.2120361407450364 0.9623993423708865 0.33142098146796317 0.013868665435204042 0.6068064130154521 0.9871572927376474 0.2324932629359574 0.3786027601847721 0.28854706388347307 0.2320229082414973 0.5564386992152252 0.005067452195747224 0.39776947691449405 0.6082544301358521 0.1647040645463449
0.20937150559421258 0.12036098576059295 0.027689200766019884 0.33423884526228576 0.27590792492252125 0.16513894764582726 0.7024896421651153 0.633338221063001 0.7282991746325684 0.4593725693350025 0.9708291621162216 0.5759912081834981 0.9127174103793592 0.23529190774062836 0.2141551661372546 0.8842563860069134 0.8079546569103554 0.9817910866662077 0.7197785874132228 0.16281343970787154 0.25240364704625784 0.9630689213527246 0.5188984229456206 0.16633380098131478 0.8568924316609065 0.6104656147997657 0.7684984149994404 0.9062272472270552 0.40742331633315376 0.6261189435671788 0.6455264990887589 0.36602861194360636 0.6768451685428584 0.03558800794456285 0.5394279016569126 0.38071637220092436 0.8819928422005731 0.7035982763718491 0.6483786186128323 0.20990621064853854 0.34472503571949287 0.27264256848391755 0.611027394265203 0.4923687271041115 0.8532604327677431 0.2786997464135005 0.5428975810155882 0.21142516147306833 0.05413752123974125 0.5213836361045566 0.643208906053248 0.29132462887313404 0.32294146978400884 0.15281540597215493 0.48642917329820023 0.9746594604403575 0.2974917258415035 0.7434004656632353 0.07018500698891084 0.7086846288540912 0.8130410296550542 0.8387127588718715 0.46278590194672975 0.6394197179982279 0.6936316668028331 0.4027665480390289 0.537409006507286 0.4538178835057657 0.9184175472587514 0.2162041151677937 0.7440848886902425 0.7415221348931106 0.8642091642866094 0.4839461319307248 0.4542023511660366 0.8360531481540301 0.07134480615384575 0.09672310944402351 0.8267741610566067 0.9172052441899089 0.850021444455264 0.6817486405542932 0.3015735237424385 0.2034402016182607 0.031688014159337086 0.817271143256291 0.34293516802906643 0.2648012928489121 0.5989647040305551 0.9731141002255909 0.12444996386241813 0.5332168651367787 0.12709501138818835 0.027110670103721923 0.5320758313866365 0.9343551138309288 0.5501237838589937 0.9961474595513831 0.9496361412875222 0.36538877968284766 0.8355111515910019 0.7513428703895677 0.843493474576661 0.8984534912006901 0.7629586971665022 0.9201029421005792 0.025967040733106295 0.7687504005053396 0.5541787339101704 0.5996334353590849 0.4779297171287502 0.7668174408931829 0.39256295414353004 0.25602317941059094 0.797822925206799 0.9168001840894584 0.9543354277839393 0.5420186076749133 0.10634371768486395 0.7674452167655618 0.7854692104229429 0.6291244786578756 0.07972667865170535 0.5235751145854525 0.32898909927159004 0.8804282031504328 0.2682000080206187 0.3973912754856147 0.6184911387237783 0.43599490774470673 0.8157177978780225 0.3936932754032979 0.699423826505814 0.5971252322831587 0.07686356655862181 0.402113985682097 0.37598071534379895 0.9560434595970644 0.9347309749638478 0.23051163609885428 0.15894179718623758 0.06108708262638496 0.01838424013394646 0.788709822076247 0.5685933896338442 0.6897001575319072 0.06712033892593683 0.9245609408328438 0.2993960634801791 0.1709045469837417 0.346867600544427 0.9592323809692693 0.7815641408926293 0.7522146388910558 0.4103976726404339 0.8363260793711428 0.6113235922085937 0.37400978165715715 0.25624136050072277 0.40333852796803005 0.9181857479963077 0.12540526596725232 0.5135417302872175 0.48409913434698504 0.8507433422840677 0.9822053183600802 0.517782287995708 0.15456706805310916 0.7494911733971391 0.04826026069278455 0.2783567945474008 0.10866639196448791 0.15284678661978013 0.8578505069907424 0.6968447475566406 0.04800691855903905 0.25618387733434955 0.1552452629606036 0.09907762849889146 0.30882684523639403 0.4852203616902011 0.02102989203909289 0.6628574453953706 0.419348439213053 0.842024540736473 0.3051078757378993 0.13654793825658473 0.3673465980378089 0.5514168823869832 0.1288674117481714 0.6984659519993334 0.9926258451437161 0.614992968230995 0.1310762121086091 0.9459745872609585 0.8587863967163029 0.9429396990476085 0.15042037330232516 0.855249201548835 0.5197170731999857
0.6268619138233066 0.15058315157396007 0.866795544791094 0.4094447567866043 0.5906130628771492 0.9716968642214521 0.6449638052428569 0.02756614943319613 0.5592035125149543 0.3298750010449113 0.3579886343672162 0.512287150990516 0.16512354077440017 0.9258334770738462 0.0991159992297842 0.0062918181425655195 0.8702743146140266 0.037969468156305974 0.49079834256692145 0.5337100696215609 0.011161535752490459 0.7786572189450859 0.6078396119880971 0.07025117737792952 0.3536453727794615 0.9726270290245629 0.581824377322922 0.24299030125861532 0.7256279349696605 0.7538940468565274 0.8566878824323858 0.646827333127636 0.21018613005209053 0.953702888215246 0.577257722537383 0.32377877369176855 0.509214899607421 0.14602005287606556 0.6636958602730048 0.7494257951582797 0.18982974473729342 0.08185731404761387 0.11147052165319649 0.5817260947297325 0.7379131991977055 0.4351774453497784 0.23850108904988754 0.43387894076977584 0.6062223397859167 0.05809172799675211 0.5387275781164115 0.207190050777467 0.5071673946880677 0.019859500269890695 0.03246736747573131 0.5116095707169186 0.0825088450728052 0.14521669310358465 0.38373488965680314 0.4568968865448786 0.4326371552976307 0.9926670953036153 0.806609065838072 0.8704865399607739 0.11646574737694937 0.6807270819729502 0.874563287632746 0.7210027048077123 0.630792497134001 0.042971808927925736 0.02255584901944563 0.2290483238150166 0.34528534902022734 0.6817431094136724 0.1816151443592674 0.7154857225326217 0.2611909109816011 0.1260804939127087 0.024343016189066646 0.035819634772872866 0.056255976604909774 0.2939764773768446 0.5150475808219155 0.817074704903496 0.05179803879835354 0.753251959332967 0.3478612393296284 0.4764851994500995 0.4344340443974495 0.1463155431798563 0.9914257468661188 0.49695158000347506 0.4660362699720483 0.8714728981141904 0.11131653689750909 0.39085624879980085 0.10975124937524239 0.6171492644879194 0.2653705402162362 0.7557960287967789 0.2810520150721286 0.7203430304063708 0.326868216560408 0.21891826096198275 0.8886902665457788 0.8608310031210237 0.13440283662773755 0.6767942617994948 0.5410355212125925 0.2699014754991004 0.9880512724520795 0.8593547988063408 0.6147949137801445 0.8762474161579246 0.5521902816097832 0.7487750553423324 0.8434859104540159 0.9224871832254167 0.4410906893460934 0.5581243618162589 0.27218587082958423 0.9964183215869471 0.08602927404870675 0.872279548145959 0.3805757472772172 0.44957005655704096 0.46755784621725693 0.2534935188882258 0.36265154858639126 0.26595449709691354 0.42882443324873754 0.9954742140738778 0.09581597763122329 0.23670193634173586 0.5035626156244151 0.2525493368017703 0.8963525420633202 0.3891854266681447 0.905113973510743 0.7494337822515579 0.15563118462680237 0.16846218593406814 0.9033355424601534 0.7674213182382481 0.38224895446159735 0.7612050155685302 0.9608687848920298 0.7766571597869711 0.5623733395249105 0.0550411524286013 0.6820315367449746 0.34764924142656917 0.2470137968084063 0.30198413331092466 0.005832499226832932 0.2250108884535127 0.8431631714983375 0.621200698589851 0.10628782075966625 0.3739376534122023 0.6412838809197798 0.8722032895175681 0.4882604840208783 0.03527950883118636 0.6229697234912491 0.3107025572080778 0.26201535480548577 0.7131224513563498 0.2508107130980518 0.8435620188208993 0.3376762697838308 0.6039737573690034 0.7774484317118552 0.6555975684773084 0.8900554353698549 0.5702849592648874 0.6928232874283993 0.7764541714820165 0.5196979231303531 0.8338462809753926 0.17804235114712974 0.30424203464044364 0.037182140010384446 0.7765143747113173 0.9387946636307024 0.19102704298170625 0.4642576813639703 0.36519483886681525 0.20043460614355701 0.28841594379000235 0.3988628559220766 0.9312794784406564 0.2562658237541964 0.3530415452875424 0.15579903484935065 0.5627437561664365 0.32658774124539947 0.3229132193780294 0.3442531536793525 0.9095152145393318
0.30040962860633313 0.9463688185636534 0.06880362404302764 0.8015814185006711 0.9011428627530145 0.7870926417971634 0.9049361445110938 0.17120904255859215 0.7650345286916439 0.3393462341573288 0.0956807036820807 0.5564201305126545 0.24219054013231056 0.9323829746416594 0.6540165824851871 0.7922424783769416 0.1544172283525287 0.9896125973937467 0.5388314545775557 0.8015540087267194 0.7390359888816923 0.7043342984177833 0.48295787780825783 0.5350811849287461 0.0999875777141781 0.9440326698615785 0.5688803701078066 0.013331557370990677 0.07354141720211205 0.2914577788436954 0.9736953477849051 0.19957441085430339 0.044008298944200774 0.073395661495677 0.2806393716620683 0.9725844843993139 0.963427753749039 0.8335711684495801 0.422256761210824 0.07968507066476171 0.2826012573707205 0.5849925223066482 0.4909270117771094 0.32332792373984875 0.6345011221689835 0.5148557272776851 0.8754681919377678 0.03438438644636499 0.7764849100820489 0.5436889986338894 0.34343147266546015 0.5374226846781435 0.9091635085779579 0.2858107994309995 0.6071901053356122 0.5161762238082692 0.7374732527393073 0.08707512164056386 0.004115916504344064 0.3263014279710057 0.9667788525512269 0.5169798715863085 0.2678716937223844 0.5211838859531753 0.9454589443764329 0.5882560245614223 0.4867110332695035 0.8662149402688559 0.3783607665853471 0.0016439321532033535 0.15957336112121556 0.03887912358181811 0.6757353513258607 0.6969791887972513 0.26892868235345446 0.7562800034355138 0.543360851546932 0.5447287017276142 0.8735925960884474 0.7424534307632547 0.23742644826356463 0.966463625903713 0.33535194283408065 0.6190963027844801 0.4541400580634797 0.9006642070663554 0.9676345990939924 0.4090709325035762 0.4837488241490926 0.45386452073677375 0.7086907170698534 0.23744389322209647 0.41177218046866515 0.5895040271133781 0.9649462662165923 0.5161117745573539 0.25602028723985026 0.09151739646464518 0.7795863146252445 0.04766031455731001 0.4923163462902084 0.40718878185700813 0.18240294063703866 0.4089007410163832 0.7563737947884893 0.5649040267531287 0.4785136080201593 0.2363912552346108 0.7437636104162664 0.05819787349974148 0.8611156236168491 0.6918017164335181 0.3680227340114737 0.9450143742744813 0.2167123474101732 0.9685524099566489 0.9619996500791977 0.6141039477715208 0.0610693662453794 0.5923236685610366 0.02135283129095389 0.009557956139814805 0.6674132044412421 0.49316928640623936 0.10244851569374858 0.07980500124185286 0.6461785833065469 0.9755291347233893 0.493065786189369 0.061532490628417036 0.35178447068329455 0.37737350173584694 0.009787796250842806 0.4980735962241061 0.23395611254932658 0.17236473687211118 0.926891360939336 0.27106853478845994 0.6829776186966778 0.4727099284315617 0.08077977497333322 0.44174538601737956 0.13721723209667092 0.3229007903090566 0.061192996100821184 0.7743077471544909 0.5421931893686678 0.8112637262278102 0.8294676609809312 0.687548623911059 0.5854116824386588 0.9868006935466529 0.007320058105768301 0.36651281704702277 0.7146022884821328 0.8312394515350312 0.49008977864577863 0.1784600055759834 0.9868919844589442 0.5870479067374926 0.38502593707495436 0.3996329906105498 0.7325881728240294 0.7622241794386923 0.3843412921473217 0.8381978994705175 0.8263864431942973 0.20381826726576902 0.6652108739473912 0.06674098492630953 0.6983447210319317 0.08468364628867087 0.5932848434966477 0.7998820267950608 0.7947067813199368 0.6654723481341794 0.651251039698729 0.164119830364716 0.4297444246527866 0.7977498696414738 0.543025032651272 0.4461268156584516 0.18237388092287576 0.6577833831960777 0.43442151695265885 0.4993420365165523 0.4648779309547584 0.16387609428190375 0.2852409418985231 0.9943569204454491 0.4972638139968617 0.13971274332776606 0.8007318809753189 0.06185926575996126 0.07921266242020808 0.31650845316217735 0.07716089654397162 0.8333917825372659 0.040291613093254464 0.5140165610702873
0.9120991197383189 0.9911326091201109 0.8535789212680498 0.8344276495751045 0.21292483933230655 0.47942908539547346 0.9186753480780775 0.08267665920683576 0.6848623737562249 0.04517570993597342 0.05452838587905584 0.12423397058810282 0.6072294433089687 0.5054649089640284 0.8899034274949331 0.09276436015086442 0.12448037350939212 0.011959235851234151 0.20446091039862835 0.4357740436236136 0.09106021902969863 0.5331138236675619 0.6898381947641944 0.5659697666665577 0.35433596717539917 0.43460870190717305 0.5200670495854619 0.7166926608789702 0.5562677496642131 0.41498742027789104 0.6755369819383268 0.5380233954165113 0.7694847443354725 0.500758720990275 0.12653739148108933 0.6606058584962324 0.5026412747416273 0.8221413591476943 0.9948407898797486 0.2974235629708749 0.19612392795570033 0.34317170028319965 0.29417434131665066 0.7240772273829138 0.9284016606152872 0.49643451981862796 0.8368239944756308 0.6165042700767258 0.006907872587767372 0.455558586987607 0.3437730048934373 0.1637720591980425 0.34525774094007455 0.5116411292224926 0.9053048489382887 0.9247820983371641 0.30117268077567105 0.01945593020626546 0.13744219816055014 0.8356837313986473 0.05080809349082749 0.3713403626058527 0.667493678800368 0.3213791686889331 0.07393947668170886 0.48035961537050154 0.22127337627465615 0.9246167554069306 0.006836931444910821 0.9608843126510629 0.8275459149481494 0.4620991072861306 0.3927252612721608 0.745588790012183 0.772725538020725 0.8879348060101464 0.390268787171408 0.6628243720135271 0.9878582482017978 0.6393684126435609 0.966972683021274 0.7556062176917655 0.8806975411411004 0.4952335954296202 0.9237155480804157 0.10607478312440954 0.9253846529916697 0.5288794567263935 0.4887134488055179 0.675855884876722 0.14625894981501786 0.12406476420230517 0.7795047838079968 0.5314352049777888 0.2134551543863985 0.9102380873472672 0.9619139781423527 0.815743000016249 0.04489170297495293 0.9099658151343604 0.114687217044659 0.6301638398298484 0.5197624315597222 0.6299357768333991 0.8363968683310362 0.4321641971973519 0.8357486231579487 0.6306750146175732 0.2599322957256066 0.0018640508738045902 0.7686672042055142 0.5761725322767546 0.06354255408326948 0.6196747291369832 0.5153245624420224 0.4849534596911391 0.8812203513518679 0.25397416053122834 0.6906366951144028 0.5710739562815296 0.6927201237019533 0.9514867585153233 0.701064156004827 0.5748886388042123 0.08408182271990428 0.7141219447949255 0.15831618688122318 0.6040687825915949 0.2368721532775906 0.49792920921707273 0.01462316223114224 0.8657079086265621 0.06617867237526087 0.5494355639902894 0.4648014938048133 0.7143669145796111 0.5232091035695127 0.35279797772930654 0.24168574324420844 0.5942436088673668 0.366126513929931 0.031233648008968107 0.3632947419429148 0.1091474478991924 0.8791873949769546 0.37418833573052257 0.48716932202346896 0.3487828141412228 0.09988140795746592 0.499932661255574 0.5461598659061248 0.10677359806508846 0.07614548098902296 0.2579824241127132 0.7203496392092893 0.21659186805874353 0.5954303856569264 0.16962614823332345 0.22891202947143952 0.691799568332856 0.3897942715350392 0.06758798845103475 0.5132919045330617 0.02493980960912945 0.7519842782170597 0.1335415837716899 0.3236499494497246 0.7270164507127905 0.6388293839652668 0.3035254459465697 0.3447553542928643 0.8846610218063126 0.16626335030335815 0.9239958345158068 0.5234486622745587 0.319701521986527 0.48467383308507017 0.4793625961080269 0.22200914590475784 0.3323832137857986 0.44778569684496583 0.7601314987739497 0.5038838266693727 0.633708136997081 0.23710846981026457 0.4248822172001331 0.2949371411838073 0.8570699549183796 0.21935891484744663 0.4302193923507204 0.7668634401847488 0.664236305754888 0.6788522409381539 0.07375168143022182 0.21156700460275069 0.4459735085790747 0.9477048584518071 0.9524075270538371 0.039944154487937755 0.20321111506799328
0.49595580530871486 0.9187468727489997 0.8016081457316799 0.8479298543415924 0.9047278165953541 0.6019294989958125 0.9987379877235845 0.8711247568421524 0.9897621005868248 0.4936698601316769 0.42677107623954735 0.9271453743409912 0.803223340767367 0.9770849118837356 0.2393330811650528 0.3430346602284505 0.8568941242518424 0.32530138476922155 0.5659829379430396 0.8207741781671315 0.3193114955611741 0.0360098422026327 0.973916622720463 0.4486244689797494 0.35836982864987377 0.5796685665737465 0.7831689183520805 0.01683700767884433 0.3812170483793581 0.5462642902745739 0.7871387282239409 0.8985162455420314 0.018309622611547893 0.8280577846958987 0.3632105331020722 0.1312694926276914 0.9990861500110925 0.8441858281413093 0.25826035603834396 0.4678159932693109 0.41349512120300846 0.914872856714763 0.43326094884690536 0.36064004368851665 0.6423284428194921 0.08720019810613855 0.7929836041580054 0.1032720501828196 0.8320193964819649 0.42055317850495844 0.4736363683042544 0.959412649339383 0.7897946808814069 0.020070826530884545 0.6199642085246048 0.890735082581764 0.009569451527907336 0.09179114613894501 0.9629702805902028 0.2119048085122186 0.1338521203630343 0.5838860580720799 0.6174042130962294 0.7192527681497883 0.06574723461163057 0.8003726505587674 0.8547297181146374 0.5841092560283325 0.19154640996598649 0.06093621569679175 0.604680036585355 0.16470037932413617 0.18345058267971182 0.35272050867981275 0.353544016601549 0.9702144797519434 0.10994441798689725 0.8463748749151778 0.9191890702612312 0.2227215782531734 0.07728842759599508 0.6241726000725925 0.4007410610424802 0.8474060795277719 0.897998649981618 0.8761655351009532 0.4635335842211321 0.14829863684946298 0.5563823691687069 0.17452493447042683 0.8919714309183718 0.22037245773748482 0.9963704601925739 0.6646138752458906 0.7438241527500333 0.0270448119165021 0.09045839077000173 0.47213346397200184 0.4336615771897 0.8671051470686513 0.6754003181231885 0.144843063574841 0.7420255867926693 0.8360126539536733 0.17650847542427217 0.11688923256713146 0.8080254855783462 0.581633877090155 0.5996037396956909 0.5988374401477101 0.6276154202783253 0.415614305129115 0.7158266714399415 0.22151110895247805 0.49525507551217984 0.7728339272468462 0.7577190029439161 0.8735355956324515 0.9439825503881671 0.3659703137251469 0.3255127790373138 0.7273147504250336 0.837317140454896 0.5198120321351618 0.5050407477711947 0.4817302541127243 0.3295515392068614 0.45896755902295583 0.6827995009713486 0.36592274094162214 0.5648491208861056 0.08476566996669876 0.7363383637523425 0.2996723725574558 0.7728469866999708 0.5327072792297436 0.4891209187334272 0.851952696996876 0.04851205529275382 0.767315150467685 0.6150904732417485 0.49610340658936214 0.8008588645774601 0.18176206979074472 0.7902185731345047 0.9552804544491459 0.6312266776422667 0.9916776097960118 0.3606346414160695 0.3626134393558187 0.9277127911759249 0.337148046551801 0.10207687891420014 0.131365067850158 0.1218600024531743 0.2565984321295055 0.5847645918032459 0.16080656775476765 0.43007968017450127 0.03700445051057144 0.6196280158556023 0.8484213592739018 0.307324399288031 0.32001003165056663 0.9003679373297216 0.8997392000701762 0.5544044094724686 0.5677578264975128 0.7834208171525489 0.49253047613692147 0.394619439410952 0.9027104226697044 0.4116572625357219 0.9067565958133407 0.39778123376047836 0.29212972190870823 0.05651370576718573 0.4334298575594231 0.23698870827058116 0.6162955345894781 0.5980813695277405 0.2636693718416303 0.27673393442706595 0.7343404448136958 0.8187028373368004 0.15371764988513303 0.31018048990267266 0.7554605147911442 0.6620790421750217 0.13582224148652466 0.6613438713191433 0.06703162507480986 0.8572246991982209 0.11106210992994492 0.847420034294953 0.006093019730953553 0.6362290845082921 0.601556781020265 0.48193838876640205 0.37731236730598416
0.47026657845255626 0.030867175611148823 0.23107175404891955 0.024693731287391496 0.7928169250857307 0.6776097280995167 0.6241961246923613 0.4041480016328617 0.4164354718464015 0.22934394068705044 0.38358113572779606 0.9617950667581958 0.013571583876605064 0.7230530293469151 0.4015397552968597 0.3929834686540251 0.6794294880656294 0.5365279386667997 0.7257427696339838 0.7847648847039713 0.6633417306943253 0.5535172548090744 0.6577164576881349 0.9505110752073451 0.18052757511607775 0.03209069975219192 0.6518712013622177 0.28632575476920774 0.6795667979396179 0.8836722813048563 0.8324771061715345 0.025383915034171145 0.8490410306706891 0.25090860979566865 0.7132144879462385 0.015769087212772037 0.032616706710500876 0.29627958813843935 0.8612693451720731 0.037473323193760955 0.8695669597947414 0.9219650543831784 0.30536247055953347 0.1496697052602859 0.06294133105257615 0.3672394606918755 0.9051415720122822 0.39587807627452953 0.02090387589356124 0.10248131022426621 0.884271429103582 0.2798893610092177 0.05316107919264934 0.789284436483709 0.3106455619866678 0.06379618323112368 0.5315964282880311 0.6286621187722473 0.24580022341633145 0.9526330572045589 0.5871643063619797 0.758197031312296 0.3585609426823321 0.7175551010561915 0.3030929207974137 0.45527364966059014 0.4720954857545898 0.9341676459768119 0.802210360378217 0.9658316329587362 0.7236144040992534 0.06842744525825506 0.9995680596072464 0.6547452547029907 0.6213722566609031 0.01818312741262118 0.5592360457618201 0.9383869609619769 0.49284211589364735 0.8006005514957151 0.2332915295804303 0.03902277765244033 0.9434955050399316 0.271531575057816 0.2950423540913466 0.580695156262086 0.4728580047931733 0.8058650043542209 0.9377741430472001 0.13548458794512896 0.7819021757851794 0.8209099897736759 0.8618856672414412 0.712476926133969 0.7815034851726361 0.9011799361566317 0.008069581074162446 0.11388506485571348 0.4446512390882015 0.08991947734311367 0.5858996613394101 0.325949591067059 0.20601036243213533 0.22003859504389212 0.14460596977927231 0.8447279821932147 0.8382668730117422 0.002385743309731847 0.6255973390365308 0.6770774894601438 0.8134909554625978 0.543515291498365 0.10549581194766977 0.1400502058663191 0.41064451800914004 0.2678127005863016 0.39055750373278597 0.9625753129713417 0.08626876797034477 0.9104169199431161 0.13018796072147876 0.3392238367009254 0.013262514885171717 0.2011109623848134 0.5632649124201221 0.27497654108636493 0.5939167247776057 0.3120883771469505 0.936583928170615 0.7955171310041004 0.2882285613820188 0.26726905809167034 0.26802697216446414 0.31837279499959137 0.3899724131851613 0.9109199816401939 0.3650175639268415 0.8662974072623147 0.8606615075999451 0.7127419866961517 0.3113790371676409 0.8270564571171045 0.2777204234465601 0.7965449157770083 0.5033232819341378 0.46313565495298936 0.04452507065399436 0.5493576403179734 0.8538251715834294 0.45969582408273235 0.01390530127873768 0.9795941616555823 0.793352792550208 0.7292171480772466 0.9691264661431047 0.20748180560597151 0.23333217988247112 0.7288971719340114 0.9201857259414727 0.6140561226857518 0.8572511164780588 0.797189922101823 0.9398720893056027 0.2042801026297938 0.5997820528742753 0.19935568456357622 0.029492760054008804 0.5732591982714698 0.3332847353816528 0.5214583385604399 0.3014377838965311 0.44363966668032895 0.6468365218725493 0.018493925515090992 0.18666496818084577 0.4256231423262965 0.10088757804300763 0.18720478979013688 0.5384620127478855 0.04132203601634632 0.7713882302746131 0.16027898840329546 0.6158659111576005 0.723956787591218 0.9551639601384567 0.6563935736234805 0.8000602062156601 0.3068360129643537 0.950418978083753 0.3754352951192125 0.8658684023513402 0.26814509632125527 0.3279128026331867 0.12010943860417034 0.1533053041147785 0.39155370243411325 0.47098446820737494 0.8351992884541913 0.772041828122224 0.6242859286375827
0.7769857692582801 0.7192182122565878 0.1967524311853348 0.07862213046953437 0.5062515158841913 0.7470344494477674 0.9846425270381529 0.9982697174730688 0.7488983562772119 0.5762246077603017 0.7883242309906618 0.4834417512245269 0.601493508768867 0.6896504485695297 0.6879661622181855 0.23758097468593697 0.8490041395273582 0.5337417852831805 0.008840490666305767 0.1854073112868676 0.43023021788841453 0.8883270245703527 0.47210614164257514 0.04240563594560265 0.15875130899679546 0.30376057748329477 0.7697849638518052 0.3636931561362241 0.9056339577789823 0.24930316276044073 0.17544720029768335 0.7934774990972968 0.09137909730933702 0.5662252182200394 0.937017515240205 0.28207156652167165 0.7899273214040293 0.5960351621476155 0.2524088256330127 0.09157656455823693 0.4679841096456371 0.7863658497036271 0.7869578312199021 0.7566242221728396 0.49017107047651287 0.2780707098660572 0.2561441542441516 0.25545573330912763 0.3275660151398281 0.42309422303826383 0.04393538595654256 0.20173179291143584 0.9428637028954323 0.42796095422802516 0.9805973052810879 0.6043998193581539 0.018432997917753435 0.43647679981952436 0.6319694177762674 0.616018207807116 0.17824155580953427 0.5102932870336145 0.8839098951005955 0.6598890112492223 0.7573905115206192 0.9326088728640876 0.34271015689459283 0.8536038334255049 0.475949352739356 0.05176774223349456 0.7698275981102858 0.794576729488251 0.9631325699412007 0.46875019849682165 0.6726189487060095 0.4628694243777005 0.25489481454590857 0.2126197211134263 0.7336124751443618 0.8262922742677415 0.10858106033228132 0.99639152241037 0.9078419528422802 0.4585641945587833 0.27377281648258056 0.038359262049049714 0.07999086595122318 0.020793455226084778 0.7062880572687712 0.2957135726753565 0.437429543530632 0.7405680781876743 0.9181671717569684 0.468318055335633 0.41589609744289957 0.9509600865643617 0.5434576162079223 0.9115033802424131 0.009195322419797036 0.27267056383949584 0.43687394664061585 0.7810268363894561 0.15407194755061648 0.7846625834152655 0.6252576494055501 0.74305416264752 0.1597543769200238 0.1287349370676416 0.807517711413869 0.15170767226212167 0.8413813374978694 0.03305686040147637 0.7519469483289244 0.09184203431581406 0.9220326993854296 0.7796451726791885 0.06703617225957748 0.7109380930661738 0.3836065336434885 0.3646482947999835 0.753079472058824 0.19202234946562924 0.473502923452501 0.24629255728499255 0.8379542099712534 0.42688250708248077 0.3696472138212681 0.4282988460509811 0.38202161957073033 0.06676049074111734 0.9697340867971616 0.6349366197640312 0.3063883797603789 0.5495058839519389 0.33979086678667203 0.3611883290480936 0.043228733308711464 0.33223777389064435 0.27946955438751975 0.6087813043633452 0.152745584479955 0.5973882664039397 0.9604805451428232 0.05564949027140231 0.586862967710223 0.24460772773192507 0.7205268478555014 0.3014015298063918 0.3384317649003429 0.03909643486969683 0.04703660315092173 0.23327832398066406 0.9661749598080706 0.4996582778228944 0.8276012487426303 0.7862684591256783 0.5891325064855463 0.5098516150240537 0.864349092340884 0.44329786476682365 0.6614150184268757 0.01925918986723052 0.48288673663830517 0.3108559481888836 0.5741884344310427 0.4409685844518353 0.48452332169262824 0.611426552725697 0.4055660392481093 0.8365290240208717 0.20157652482691335 0.27712416146969976 0.24791328800571777 0.3713218734804645 0.891991693324258 0.5734638973824164 0.6086694239213855 0.8590403040708162 0.7735181535368685 0.3567826058347896 0.051245366814406834 0.04642691710534341 0.6106276784941396 0.8314547869995941 0.5325868639745622 0.25062760857150446 0.7293406249881065 0.20092214944200992 0.2719564447574355 0.1739804780069265 0.7306655353405201 0.24784388332084528 0.6891844950332519 0.8666132464305826 0.5134402380128636 0.7529615658635245 0.1755960157644384 0.9297449690767032 0.8967446324768816 0.02259477346730543
0.08891979807641903 0.8519367920894632 0.8460998959306485 0.32362766885743455 0.7921658976040062 0.5172730338630694 0.8904461189298458 0.21752227434601923 0.09092120337444731 0.03775546960446574 0.5107817672476738 0.05186005393095061 0.011813345755180449 0.8708800312028627 0.32827537175839705 0.9702330215436415 0.572261283392764 0.2406905333850945 0.1758190959151571 0.43443595467414087 0.9662151612394076 0.09722022744214531 0.26972811814960995 0.04736837802056726 0.1336267976083294 0.9329080200890101 0.6063121461313974 0.3071326362357758 0.3714954237640745 0.4673122417605774 0.7294185148231334 0.0636643619238404 0.8373360487506569 0.22423340359405974 0.49802726608191406 0.009389915238231072 0.1631867703912243 0.0950601963828328 0.39538299185471837 0.5699261634725571 0.21548276168194747 0.7867284485129553 0.8548607424274389 0.888733275782155 0.8329732474513738 0.10604020272064685 0.09865680096797891 0.8831404911136186 0.5778232914707687 0.2037256158785442 0.301060192411007 0.5669068120269884 0.33278180391469314 0.32463757329618215 0.7975253989915916 0.3255907999845814 0.40700055554627657 0.21127326666331958 0.2150272178714563 0.7152777149420728 0.9087302337654316 0.9461385301038063 0.3850668841077627 0.45058748615551214 0.9327317556192785 0.7864209118195399 0.6563654926241603 0.6551110136144301 0.40226931786969633 0.5325987632387327 0.30864835885445085 0.8360811432766043 0.9893013573891131 0.16435435493206307 0.5459360204815761 0.6424718799407354 0.20831525687395902 0.387366761930949 0.15639450314885006 0.0013160657860589176 0.9074413318487936 0.18109894321649334 0.2287034217246049 0.940672887533125 0.8208142167500384 0.740012337333717 0.21802541255169516 0.7703342881128777 0.5437484102136658 0.10831707398143486 0.7218013267606502 0.597206397145996 0.9684150099235791 0.11297713460588221 0.8311493780367175 0.3678731974179391 0.2902460791487632 0.879819683700407 0.07181005754364689 0.5429501479817738 0.0017245459930192997 0.12256803045555076 0.40199069565310275 0.469556317603104 0.8229208075901812 0.8418183839967803 0.8756198155379036 0.26762707791067664 0.8325049580280086 0.6974999793947215 0.8870880078970204 0.8540957508929709 0.4839877638419412 0.47016702335618565 0.8671276811271206 0.03916430614432098 0.02232282606084912 0.19084487608506606 0.438647727642296 0.8100893306835328 0.42308476469611256 0.5691270185387922 0.23159576959003914 0.11028127317146896 0.8885427624938895 0.24450307314097164 0.43208007974463314 0.9686580767376591 0.5647024551798253 0.3662671454017261 0.3704854438414983 0.5504274780333438 0.021567092756355377 0.8581929853581816 0.5141771905479101 0.2724039939618337 0.552517619724052 0.40067483473063115 0.7927828010382261 0.41565041927154023 0.6334953628237437 0.6325439584713488 0.5263218952241141 0.15710686532545115 0.5014238606099064 0.967708026890764 0.5142318231562292 0.061873608151743364 0.2078178433718718 0.09757150484553789 0.2947070560268178 0.9986993973532989 0.036323096521145626 0.37453134329947424 0.42486942289395135 0.3463144449026331 0.14388962474463984 0.06473671305634554 0.9202010880833651 0.6726957044009496 0.8959176291039523 0.8624264452685296 0.8970659540579616 0.756368177763363 0.652725329960532 0.2516060713578583 0.688262700469337 0.7208602566589929 0.9621236916474958 0.5405696690696927 0.6227014388838223 0.5042271640076519 0.3980191442789248 0.04606970525631471 0.2896153875707219 0.06845194833844093 0.6605423021623656 0.5517879788635515 0.8400578803098686 0.6758294345376112 0.16250155102973363 0.8744449093672169 0.6120135272583975 0.7567338647594983 0.5727727394438454 0.1714775508370734 0.07420313179225768 0.8653313737835003 0.8895692058741355 0.11127063661021874 0.5771573801419128 0.6865506157416629 0.19023911325110565 0.025434488641629005 0.15110067909963198 0.7401553576759701 0.1396243869966931 0.42430423588045874 0.6818686015240795 0.20089849967042017
0.6147438896137355 0.6535611751486903 0.6145810102952746 0.8301410992098076 0.2217194353900861 0.8635449845031865 0.449030863238451 0.147958304777563 0.5559172421942936 0.10643405794821059 0.028100981066553676 0.8832894338319063 0.5896351495425308 0.7453458262380112 0.8475905573014867 0.9068952672646943 0.0537532347141183 0.9597368097474284 0.7134338075898409 0.8019221276138275 0.7037427748969916 0.6141741740047809 0.18327769660080495 0.511984954203612 0.9574425464254894 0.852923929335963 0.33658248063949525 0.482803149087601 0.07566511769304862 0.2043257045339174 0.15402624384329255 0.36420390553896664 0.22369746277386482 0.922219689198193 0.2970055780184634 0.8761020412882484 0.549678762647752 0.9160321154711497 0.4552742245425646 0.05816197071242568 0.4247011738250245 0.08830745459093303 0.45446042148477717 0.4015374518950122 0.4395516489040052 0.2722126214594419 0.7246689313111122 0.11034532925120288 0.5439582962328774 0.2892796945966093 0.077917413772155 0.9301601776454826 0.8328477432852766 0.7736413768923288 0.025207559670771817 0.25070423174601353 0.5927861395050604 0.25221316181892584 0.9319364958470785 0.5716487306964709 0.7528993801804033 0.5815446450683203 0.7361057552111886 0.8422486420907198 0.9313628883065311 0.8339076456402813 0.6617601938999718 0.12993280232506454 0.7722984339353898 0.708770625556564 0.6130232023951162 0.4264827472321171 0.7418534168439272 0.5044179018802231 0.04515015536879008 0.5408569459954907 0.3160919184899117 0.7908667436920197 0.2105188227131276 0.25190466473955797 0.021097971295556683 0.75786855207024 0.35429533412979575 0.0020091960335182346 0.4728861554474719 0.1269981863413594 0.4109022191136018 0.8038139797509953 0.006438772592236908 0.1412116790873117 0.24355485069485805 0.3280192888972042 0.28636376084359483 0.14120554303190358 0.5357552380902278 0.10137381519768762 0.7414278043450288 0.3791928883307889 0.38330359387543866 0.6085555662878311 0.6346745617033716 0.08015012372467922 0.14983941867203154 0.6929012550433337 0.5955791169054754 0.6796029890802441 0.8406490225043168 0.010548851371611434 0.7952182971784624 0.08615115666048445 0.27397689289734917 0.6564572308606118 0.28857483745491075 0.797521440959389 0.2767420555832202 0.41395260844937076 0.764616750316148 0.4189978128675066 0.874388970507436 0.3445366379746214 0.000959688514180046 0.22674771976606034 0.5323551894231556 0.39393911550906835 0.7324536390878144 0.9031840129316737 0.3796642277407366 0.2071139014319393 0.7209394489264571 0.1789656788302456 0.7898705114338536 0.5302565171756644 0.3497225702899891 0.6388459222132976 0.5650053088342866 0.5858421292410326 0.2315159528735633 0.7860916441594354 0.08687445470624544 0.2784714098659111 0.8033625400001171 0.943517931687544 0.39897377705570913 0.055653502471660454 0.2722505885913158 0.30512998808975145 0.8815352629940478 0.8737320158902919 0.3279268576039279 0.34476743459317705 0.9344409558719422 0.874277352644822 0.4861529851352221 0.5864666053792829 0.6108912065947976 0.6006168222950019 0.8512140847866363 0.6070106937363015 0.14807778360229884 0.6845012103103957 0.7346986934959896 0.6829919511348956 0.2702150853207683 0.1890312592405874 0.710218718807752 0.7851178915138964 0.5916782681306324 0.7224486021800121 0.48393391402589203 0.7217479697566969 0.887766904185191 0.5954027975148487 0.016249677521190997 0.6176184292700218 0.5237423897600155 0.2354060533062876 0.11440377149718273 0.14928187413801797 0.880064338540109 0.30125438695319107 0.2280021743396864 0.12804699587170176 0.5247008318032601 0.9377690540429772 0.3600306644568224 0.7063266059860513 0.7237913541939757 0.8473147386366982 0.36013649233471623 0.5956950145547584 0.24689699573918278 0.3176795523047482 0.8346354852790306 0.7694733660821671 0.359228521463848 0.030187287330048718 0.12317936001721974 0.305987288357344 0.6717854852198838 0.8755459773233929
0.37439405209960464 0.5744776444567873 0.122361817471077 0.6048032015515342 0.9070618903990872 0.27172459266372817 0.34800052913247315 0.0032543797518830297 0.8443344525871243 0.100668960101847 0.43120688930583917 0.49862137741811574 0.16540928142664724 0.3802234825677854 0.9623920470654239 0.27678546464693055 0.9222376322331056 0.2683406171980215 0.24935941176921217 0.10035375195861185 0.7779429120762121 0.941617947279162 0.6256647854129591 0.1491854049395881 0.7504444371707353 0.12572658162396044 0.801240448453225 0.16581821749726566 0.13503325432238544 0.8914721037565504 0.7566528348798593 0.7250787654617413 0.4489131468160762 0.44474833042770034 0.5503625115058984 0.9803775136974903 0.9972349794319691 0.0462574664338713 0.6755676465806167 0.21713489246554263 0.7408658785139359 0.807128341535899 0.050217065294680285 0.20655036136618354 0.3394469032717895 0.5441164760856654 0.9181307865125284 0.3138451640387385 0.9359292694184235 0.3115750455602603 0.8812464727097291 0.32423981935471546 0.11279353838587314 0.5542249061910298 0.9182218058750914 0.8983845197880433 0.7603157413351375 0.038266935696765314 0.6295963443725213 0.3742036461329741 0.7676833167604298 0.5416229599064345 0.377951865651293 0.37776436726659135 0.2010489502242525 0.9557067680735931 0.9496173745558922 0.9941628095252482 0.9607205515578815 0.9824491880082313 0.5792579489075126 0.9169693718226872 0.9021792393117218 0.10897957523557089 0.4776027822889731 0.07443787802847734 0.20811923768866936 0.33755820781012114 0.4880813374737192 0.09314595281880012 0.9800288609851501 0.5536738012687288 0.7864853868760346 0.6733597948211723 0.7556995037938008 0.8420578410484197 0.7336885612623459 0.5868111058195539 0.32412629712324226 0.037944692553889214 0.6882474894945868 0.9184225054287357 0.4235335651827784 0.828061072931728 0.5142995797708103 0.6896880650196962 0.016213970537730438 0.9788852970570011 0.5495632139821036 0.48314769681495096 0.06223922117220626 0.6505409577158069 0.795786361948819 0.9394630990780548 0.7223702766638308 0.8120714902211745 0.8433819620465773 0.7410387230290171 0.8002181993725962 0.3553470089797983 0.43585592273681106 0.5384783532261883 0.7357320311503005 0.422987240329175 0.8509694545791319 0.1182548976546185 0.9756350213130314 0.20343826241097496 0.0049681467573226 0.5208907051857343 0.10709901789101639 0.2796681603413176 0.7770340094658362 0.09862497205006904 0.5848332526638831 0.13699920041721125 0.9931704089160439 0.3330552937387654 0.9549897334346917 0.3498733942761707 0.6801917880982394 0.1911109330895454 0.9047188856973465 0.1345310074121957 0.8078558799014189 0.7459304457958779 0.5486076673496764 0.6856072439577783 0.052357690805238444 0.21267749284386162 0.2697324082457835 0.3395121228308481 0.2474011495467483 0.4132377717303546 0.5298314095344054 0.30683635071852744 0.8561167527117748 0.91472332534007 0.15539392103909777 0.15467530446743316 0.8084827500883156 0.6880200197835736 0.9327975156823597 0.6609093369774114 0.08691286127327869 0.6191737991167452 0.15352833990292525 0.8804183450058959 0.3402807335727458 0.7180408982116363 0.8533369203012791 0.635950214107239 0.6696730695211468 0.6919640519020963 0.29292278978774333 0.8804871445251584 0.9921739193875009 0.7054062499865823 0.03717791544557125 0.5466123974088454 0.958664214681915 0.5854430941571402 0.18912028396724534 0.45181322791865575 0.6378432718617961 0.8761129015312099 0.6037697571765639 0.44045447916743796 0.44637980510712294 0.5433226277278292 0.30026193491194686 0.9524071371836326 0.25735648437367276 0.20315731228469525 0.4323217111471669 0.19466658566841788 0.7361395589097617 0.39217029759182254 0.733516849849894 0.6021241402531655 0.2735567564048573 0.7288500766496028 0.04195393132346159 0.3616548100328387 0.027403867465914167 0.5640595581284921 0.3216242931027933 0.00776485582249864 0.7482795625391007 0.359257271463297
0.7085150323260997 0.9834463421649887 0.4922497838840396 0.727130363975632 0.3708141829018351 0.5961216023172654 0.39763449499718073 0.4153516224763214 0.6959316973691602 0.1535634711563263 0.7991235617957829 0.12218913311483104 0.2937937519128563 0.0757748248532335 0.680517375923031 0.6965881724230442 0.721576666769561 0.8190037157153753 0.46026862413582825 0.10358009788011469 0.4609983177941688 0.3933142236289434 0.5435763865726664 0.6990829139222948 0.977000674205409 0.110340881334001 0.29930385468806786 0.848493915161618 0.8957817806656693 0.13309889471674818 0.04012679177934486 0.729760287104129 0.9380269355218226 0.5290048578934892 0.2462028098908695 0.1414321934351369 0.8447939795038465 0.3255151750103471 0.7484780148566449 0.591530208227619 0.4499341768508389 0.7685638336179497 0.3518295173011524 0.41136554966737704 0.5769742268338198 0.721611790950122 0.05066752486898907 0.7359893821171329 0.7592589267273173 0.46015401205284245 0.6918252549957581 0.5199733201387086 0.01890014236310933 0.8753552896936899 0.5419413889025826 0.8245143452710385 0.3494634875362014 0.09104634576255966 0.061495059509196426 0.32647868958161586 0.3605380330924738 0.05947522724979337 0.44692404458346535 0.1737485847851482 0.7544652925288254 0.6505018548276289 0.17605796306492838 0.4328526049176228 0.6860297202141324 0.41393164952317607 0.31064893337814237 0.5994533299278172 0.6184410278199132 0.5727398982917967 0.5032448503697595 0.21155143704826307 0.6003120456677098 0.21082018384598222 0.6437435968707313 0.6465139067950961 0.3291829963444397 0.7546965324630317 0.6092694449354825 0.303348597176774 0.7439831034797281 0.6574418902794312 0.33796988153725294 0.04443701961190838 0.25243945915858523 0.40015050823128906 0.16780846729375176 0.7351733944415677 0.7754498943419363 0.321586789094954 0.5789632764428545 0.05794236743746106 0.5314953310690479 0.165403239210276 0.753387542807042 0.16480640040974337 0.5510864159496509 0.9369141100179653 0.8917382714430139 0.5474128258010055 0.6050756495631646 0.5272913146375727 0.4710440215791044 0.9853789421757781 0.30962333821799637 0.6110454012746309 0.07797037555846331 0.2292248072691384 0.2818947310010471 0.3347599842531852 0.8168866551472461 0.4620546352461028 0.7724894674713249 0.9765797648879077 0.29144864754783584 0.7295226173990879 0.3301976731117858 0.5626507065335968 0.16012013518474166 0.00504439835733328 0.7351961113077435 0.5905885334630804 0.33222185447292896 0.5368379289270206 0.9644714806249741 0.1831696879773207 0.20466647537071725 0.15406338497937666 0.4916886594173364 0.5577642100885597 0.8558294530374413 0.903727597343692 0.8855859421181608 0.538997536721828 0.7140894386066918 0.10000895109579233 0.526002029149194 0.5450196469697733 0.4820390992590663 0.38196681856273285 0.5688015779624965 0.9971316058237649 0.638981935414404 0.5472185697666564 0.9769640239735 0.05484672623267317 0.8196974370813146 0.07172049564285699 0.15112321626962089 0.9436712707161921 0.030764462018617267 0.46234516214305554 0.1920910838073968 0.9564591098929749 0.43648767052483384 0.11880382145968893 0.4842102261481628 0.12273714623136711 0.7885904575450247 0.5420109778865084 0.6566567525704017 0.47465618073857696 0.8479794749816969 0.9203339620247607 0.9035815593941092 0.42311956556107144 0.5628462625012302 0.12327967786097982 0.2186023504336041 0.7370456615594335 0.3283060471633663 0.9508477638414666 0.379719797008098 0.8593777803660302 0.285594817154302 0.788511647356744 0.9110104280510622 0.659531458123104 0.27592659068440506 0.21673305067078097 0.8459806915085887 0.726917795481278 0.7823461135760733 0.5688334155198437 0.8331029868358744 0.9260718949929895 0.8164024460214012 0.897739159689458 0.7169712938873937 0.8617786282598765 0.9667792799417891 0.524099842211803 0.5862325217413322 0.6973245800253837 0.4413527798101151 0.7916491256359101
0.26473986174874753 0.40238326094046384 0.6449038188096134 0.45995928421138754 0.25256176175355494 0.3351831677490569 0.43393483442111025 0.5315299246825045 0.6254976365881282 0.5000933372854786 0.16246120926000385 0.9363089794605005 0.5783736792117828 0.5108310710103425 0.36043538321776203 0.7416782747133381 0.8929319750425808 0.5062611839053808 0.4786720119733109 0.363356639254782 0.13661497717593374 0.7218194960963824 0.25229307663837663 0.4185453351004027 0.7784423517139892 0.09922567793012427 0.02996209378613679 0.868882751914241 0.0778902507260415 0.7773719294122364 0.6654250972747529 0.8595876492085602 0.8970637401358661 0.44204313697740427 0.7523278687467917 0.5433851948806138 0.505763061604645 0.5350940525083332 0.9750741017480901 0.8404278829320151 0.8048608754049553 0.5400675419210299 0.7334123344693088 0.17830415618456397 0.2362280653313148 0.5092791715154692 0.814781631796826 0.9511181789363621 0.01357127909340683 0.3294470738417121 0.29430567811356445 0.42376670358388147 0.8605319020573842 0.8378538354071021 0.2695809234899078 0.9592195578300959 0.8204770249859713 0.06373250476047032 0.005804547116830205 0.05711546865877215 0.6782396952529245 0.7140459477101441 0.43220299161537323 0.08218118408406683 0.5735783184417461 0.0009317510342835567 0.7365506150906814 0.3043515593092736 0.4880375006270945 0.24670808011904566 0.7237860789749165 0.9052235175352125 0.2506325930524842 0.95866372011805 0.216355489250317 0.3353577977947487 0.976011050457759 0.2102067144647083 0.004235128411901434 0.8798011843527666 0.3294443634216 0.7776484024517665 0.99370091440036 0.8630453688188191 0.0024504120227101245 0.4303505393068855 0.7866867622116144 0.7360946590606412 0.5240302171463646 0.7162464927471814 0.6455061146671381 0.3350421630996575 0.14046925790541576 0.8123906627519638 0.1431926334286846 0.8614109147109993 0.9852519748943994 0.3862048145097894 0.9320026202718893 0.41356758645624825 0.36192184099963143 0.32637777896155207 0.578204978790121 0.9962339967832216 0.2636104137769756 0.48625305495716 0.45037678725780483 0.8515809959064811 0.6731021894248855 0.5987128351292876 0.062125121408719175 0.5359349578862743 0.3456151761713162 0.6173575805907637 0.7999355125697782 0.2873019375911733 0.6140962556343529 0.6161199741509966 0.5792260317077795 0.729186330983343 0.6943977426669433 0.5457483729859707 0.014756730808142882 0.36046573679463023 0.1510535113551238 0.5408241002046043 0.857003370946141 0.3794500396608832 0.9151771841453274 0.3804739290471302 0.9686579025735926 0.34932066600135303 0.3371872451808485 0.7821871830807483 0.6874229352479029 0.22866705057102454 0.9204368576929721 0.10317147043287012 0.8146687418750174 0.7181446453532668 0.2775770847888096 0.987945577893678 0.5631735634890934 0.9823904525114929 0.5364788059315494 0.1266928630340547 0.5651267687671157 0.2093742971231034 0.8506997639332093 0.5844606210033949 0.9573316716078831 0.6918043893796276 0.6431714046966681 0.10002323555991866 0.46576644023484004 0.6057477613243086 0.019662860059897924 0.0074972550627679935 0.5043319737624827 0.799390678953198 0.8288902875929041 0.43822579604177225 0.2502966225101344 0.09443859710542968 0.3561601704294076 0.09544957256366893 0.21785166430545289 0.9734768019333839 0.443721451094946 0.955140811248133 0.6500100917809843 0.5615825865265927 0.3003848452208041 0.6668089046872397 0.8188547190065832 0.9471539995674803 0.9533804184669695 0.16214942423673018 0.697565712183575 0.9790863156292897 0.8196968534089722 0.9540690677009506 0.5395074129942459 0.49369242413247916 0.24202891745404476 0.29878352693257015 0.3690591422300379 0.24924273878489533 0.2975102986968122 0.10605196954370222 0.3766445018894833 0.6061156816923149 0.41139732304524823 0.6420026477301999 0.3123226835293026 0.02909997952541954 0.46291768569455016 0.933754022004553 0.3990776800702762 0.4196085551247032
0.558944976250987 0.6592381042742477 0.05550958254474858 0.06244008863458572 0.14896700830911613 0.124893731319201 0.8580033782788298 0.48133457196807306 0.4997257974181125 0.2418855593389535 0.21474337843846114 0.5826319897842552 0.19114986472071815 0.1741312555629423 0.0567009884111922 0.28757325180048254 0.022508631413895697 0.1710465850701084 0.02919854416436818 0.2459093904980718 0.2937832520622361 0.08169446332169072 0.9219437058180859 0.6308266324487813 0.6896391843239369 0.8014120361131293 0.0939090696863335 0.9598940694470464 0.8843515080248571 0.7528500885936721 0.7722828480823506 0.11374270342138137 0.7395421689682345 0.10175953417887107 0.13811136638916677 0.5306025195461842 0.1507834389582391 0.16278851211354695 0.7673056726561952 0.6814028529199997 0.12435934531736925 0.24068289473033977 0.0689387468503827 0.2823794410861632 0.7031957811544016 0.03159857860663473 0.6630416545471081 0.4333024321256067 0.3742824969250299 0.7335051784004526 0.008931561760870954 0.1472395967381246 0.15594443152788018 0.3690040347052107 0.8655841654853902 0.47294542646402804 0.0317415208904005 0.22547697578179315 0.6455876954512682 0.07371100831391897 0.07673319833615044 0.49259168495227523 0.13031635475966996 0.27496786829088227 0.07765909490970202 0.15446172281320136 0.17728404119105856 0.4211096015472643 0.680736837808703 0.8146606683409778 0.3265398767481009 0.7049082073692767 0.6722271026937857 0.8750080825725931 0.5071787397212854 0.05634528828455099 0.13944787159518346 0.9651414055425418 0.604559460929591 0.5066424831307937 0.5557667478408794 0.9383041647659268 0.25943252491805313 0.2337993637130097 0.6660161853735814 0.7274634687944335 0.24514832124526265 0.955629562253113 0.7368869904906735 0.007531357449075404 0.48503199569104594 0.45317228668496345 0.5536398908143078 0.63945150966611 0.03735905724463906 0.3560302851824628 0.16917132068772334 0.1723048845617554 0.6942127113212565 0.3746022234039327 0.8446564157581409 0.1787703441803432 0.8328237136733173 0.5567377981526695 0.08983106645678285 0.8422340789912294 0.5043974962940742 0.23455548579376784 0.09493374038533631 0.46104470724365754 0.5614169882135618 0.26772234657160365 0.9190253950393252 0.0016878640854814941 0.5842530062200927 0.3288973109977651 0.3058452613162459 0.5912205312144814 0.18972410675520934 0.9685303073773065 0.5667547748320467 0.9251050668182864 0.7573375113229301 0.5103701574972715 0.2874934146835636 0.8336046618446867 0.47874288714864777 0.4216687813593778 0.7735310066857428 0.5070198538382162 0.7922684518145324 0.4713388662428162 0.6309202185336881 0.5567253330061829 0.0649135765315223 0.2626063068233162 0.5618151533523815 0.4698558328719006 0.46165577876966424 0.5648933245718903 0.5722744265103578 0.7970079311644835 0.18031763891360375 0.6471461240973031 0.19735635800833196 0.3806026581044384 0.4805656224856969 0.1285593604076627 0.9013084157007208 0.1753239287194608 0.2404079854130785 0.20701538829300992 0.07347890590322648 0.5158245805139465 0.05876344447575499 0.7821981082967802 0.23598107565307935 0.009645687434600037 0.8174313154599193 0.9431486803138616 0.3387241835257728 0.5782004479295374 0.9999471338812702 0.015526299972597912 0.5582123584666532 0.6809006309554844 0.8161002571444291 0.2961745407179335 0.07893788483441333 0.29783721786267925 0.01645331561802954 0.6084368968136844 0.8915580842799024 0.7864924176034355 0.7746262709751514 0.8483925235051119 0.7092282660010133 0.7629754992376149 0.4064783034664481 0.15732882885607102 0.6040822121467022 0.11153546192332708 0.9312278250750278 0.962090343639143 0.28727718202217767 0.8465858304888523 0.4602014438192762 0.28139465839544064 0.37026208839433805 0.6854681381500352 0.950377022144278 0.9365338236350041 0.10658048702786116 0.3560094736496574 0.07233116812863383 0.5880281934098326 0.3093017348448689 0.6230490973046734 0.23286637448839875 0.23987169613554726
0.009250096367311 0.1367072864656249 0.2892854946298308 0.9102441842797603 0.8017502198654866 0.9351752018128887 0.7253722578701581 0.8916826538498736 0.01467572556618757 0.9141893832146282 0.5995828653380187 0.879749482669019 0.10690921152859678 0.9415435738136441 0.30835255195736866 0.5610520244140226 0.029186007256225333 0.867920079585561 0.6342762439944777 0.45519103060831545 0.6375648342369199 0.9181482588655405 0.06725729709960526 0.7576215084848166 0.4760434484752497 0.4456542047255301 0.7642373645420272 0.8183784293268876 0.6847734508369924 0.5121009049291295 0.18932406905176002 0.3249895449408877 0.9387263681305085 0.38816325754207115 0.03301296080621796 0.41124096746653405 0.2712792287885458 0.6624501642757461 0.9604072268643178 0.18082643361741224 0.9645727175439435 0.4745176129016998 0.05496564878326027 0.19379940089085168 0.32575165935108297 0.27424887328795033 0.684663160378532 0.6061734931839374 0.8268067117140513 0.5867365650654771 0.13404613236215313 0.5972256237837705 0.5703950495935258 0.8417918026813476 0.7493852474153189 0.6395474789187388 0.32650413132860057 0.16931386086667877 0.8007963667517719 0.8020346449492674 0.8874951487275039 0.42821524703338787 0.4897852612811737 0.5394503350723613 0.3166917067028422 0.2706912697439158 0.543977934289434 0.35595575782394095 0.6152823205050924 0.15712860344009238 0.6515963461283456 0.6145301792373703 0.7581908511183523 0.4947657986019769 0.9797199553209618 0.48871234530279994 0.8380388095263048 0.786041769909266 0.07947776402780393 0.11942609045022612 0.99558372284673 0.6590648172810997 0.11035011511191106 0.7209095357052665 0.015277141210736422 0.7218528510703792 0.17115065407964314 0.7638145535431324 0.7546519859594444 0.13786964545235691 0.25328520624359796 0.669955827159972 0.44033493244206523 0.514024974976754 0.2058480978079813 0.2979003533584933 0.8499336810941557 0.6302873095140972 0.8733043460589518 0.21208803051019576 0.36881987587689546 0.5574409229455473 0.9034456617721988 0.0676351658280302 0.2252663239611975 0.3677113880713887 0.49516872216411467 0.8413170114152962 0.12941527395686037 0.3470446884586934 0.09048222252111837 0.551939587141194 0.5504542916810183 0.3293395943727976 0.6018056938364221 0.45487195503368794 0.9115181839323768 0.13990324893797723 0.6751059552840626 0.7966466106824773 0.15590750968839362 0.4953889464700092 0.7239805663401121 0.4511592968969753 0.5052981168827966 0.6557738940153766 0.22375416625434752 0.6334557512748146 0.4951456200913872 0.4478800046071092 0.6600785786760919 0.42439591808898525 0.6071766287034671 0.7551194833188719 0.295815880875142 0.8628270011546846 0.13731659434730337 0.6281284038551689 0.17941259911264118 0.16467595385192624 0.5558910967548246 0.5652430206476011 0.4125734535970458 0.5766471866841736 0.3857072561969923 0.811790574444789 0.3472214983233365 0.8587181201944519 0.30302669063920584 0.8869516323785035 0.16582090279270045 0.24865008402831223 0.8051879935572386 0.9094360987096415 0.7001292270840817 0.0004469585049300395 0.8519727484371383 0.7275005792677556 0.41186689397886034 0.6269157881611342 0.863829631485876 0.0021861369760064475 0.16469911219947897 0.004939916904399544 0.7384618362981394 0.5096363921915696 0.469606009856565 0.13917339226466952 0.025578590989137617 0.5016860419835958 0.3700373664852462 0.7615555086262299 0.18601979328068818 0.6763889865175727 0.7400039279697729 0.2850427343580215 0.6935866680993337 0.8896075771053945 0.46834818653078414 0.1583744883780418 0.5720327494647767 0.3223824116788583 0.7298549827510232 0.3001684010556872 0.15016612342288416 0.0026645593734780926 0.19605812216647356 0.21061031906762995 0.7910497966491103 0.5970268685411596 0.6087208916782809 0.6777000583059943 0.8695905836972829 0.4458183897710255 0.3882300898078078 0.8205409905079621 0.7611831144857368 0.018993008545898804 0.162904421359514 0.5462983728929509
0.6364066989711838 0.7342891604498712 0.8947279123767479 0.8158956390039553 0.8122877503984074 0.44328673697236143 0.17808582079779256 0.5717603805022149 0.08028542238905234 0.9031924982444427 0.4358086713681635 0.15970834167276715 0.2094301017043736 0.6858830832014546 0.9008876637186691 0.7672290346109369 0.1835749085548546 0.007113849644218906 0.6763288412999858 0.10945694262662076 0.4396905399908415 0.40127339081899105 0.5315121521092939 0.8847568511066337 0.4724260711221797 0.783353131154407 0.4683464336537704 0.725104549853962 0.8357309864544238 0.33274650321965793 0.2823519539301569 0.8876563486383846 0.34074956164259707 0.44622586574809886 0.47171830514221536 0.6800186800466077 0.6208449250343321 0.5859758505959798 0.5093639047333783 0.5907641552782408 0.45173805037159775 0.9352802743633414 0.29058641953396624 0.46017361233396503 0.19076501735092 0.41613574152750654 0.9037544737586379 0.09686254282091 0.9913129859090928 0.5018556623013012 0.24711689628489197 0.9009342551217816 0.4001503852349373 0.2227475698311584 0.39279039586753905 0.49165883111303366 0.6181640432977275 0.5931028165223442 0.912164868015444 0.939723468500071 0.9337345571889144 0.5908081173253026 0.12641546002599002 0.2252481426419628 0.3830467658526231 0.7933541038677638 0.8316244753564375 0.19917735913246948 0.2917581353611767 0.5772170823276029 0.3967112321191735 0.6669863527142486 0.45776497856238396 0.9482151746275048 0.6619274669205044 0.8185712049349807 0.07414636305636235 0.9466306652572997 0.9054031377230856 0.23082343300024877 0.5687910464660746 0.5795934230914239 0.8511079165575379 0.8769707131465221 0.40136402909215774 0.7381532269111775 0.22250255962169752 0.2502839090710727 0.5625223097168033 0.9309198191738871 0.9720925941254096 0.2883371289339596 0.5223074494582883 0.8642349086180038 0.3639384044965406 0.38412985321906423 0.38801780101989247 0.03777910148872976 0.3985883399664135 0.41141221095012614 0.9611134812966134 0.6709067897537723 0.5223706683723125 0.4099747497037004 0.11132436234516352 0.6745721295919629 0.2506410610878722 0.9399524284896645 0.9642137545784134 0.1324802350478853 0.7022204065716138 0.3049563711029868 0.07383117567096265 0.5312314391114002 0.3415440549102988 0.3946659523461783 0.0069171377888405106 0.3306670592596175 0.93138380453499 0.33605988093171013 0.6703592014989543 0.4827047509811444 0.5816192020699504 0.8375075000365013 0.17678040228881264 0.46839056101042176 0.1143139918774978 0.9206143766923608 0.5106993337754383 0.38650383907164443 0.29270727766832694 0.2435345978955551 0.4889908089144466 0.44372754064983744 0.6304259076048371 0.4846512113710443 0.5864464403041932 0.06655347063767947 0.17431960737960583 0.7291566854396079 0.8034928643853048 0.024365803412083387 0.8819218494060161 0.6857884202599573 0.12921882016028763 0.9561528846759352 0.011844052248238812 0.6617492539611944 0.7169563696986361 0.3253188677370894 0.3302882598412079 0.9411569631129028 0.9651594171852624 0.49751725695288085 0.09608131009099319 0.13605452913380456 0.8001475297872701 0.12406387766375304 0.7047299775886512 0.5645378140901032 0.02897542919484586 0.356724697217803 0.6688404841079595 0.7366191570548285 0.32058653235991597 0.0219483480785998 0.5630095947407529 0.8817648815481872 0.7584248934030066 0.25160175723994205 0.45531843418267237 0.07906153189669829 0.3224553976766915 0.6494600813128317 0.7005717247297405 0.03524886886477985 0.36703107405626023 0.33884745103138725 0.8654440712477409 0.9394286108198893 0.47931533720764874 0.4824980299620799 0.4061117709198131 0.17315828034553604 0.8796959041602943 0.10887327459531615 0.16954023307691768 0.9761107839360196 0.04132122848919795 0.34997531269790727 0.10158213853922826 0.1647950553931583 0.9735201010911436 0.1374632486713796 0.8312922817842645 0.6785811734676046 0.43780468649286075 0.6456221292057502 0.6509473441681909 0.10748321076381162
0.2662599917012921 0.7998061038191523 0.6100306964454688 0.39512072590011416 0.08078523774645396 0.49927777704257614 0.03411552752170455 0.4232126379967638 0.884987875129938 0.3849986577757283 0.9064352827863406 0.7620135516408587 0.11402138748508206 0.7825546410244236 0.8616859354051838 0.1501205829927328 0.23061284383890557 0.10482441214888338 0.8204575220374353 0.12158939941996105 0.9229305413194724 0.28194289723576005 0.9689355865141606 0.20197730043966367 0.23675323207015153 0.6279998356240456 0.36409828771897446 0.12970868905047872 0.5846329102178078 0.8123609660570882 0.584654495316036 0.6719709583608251 0.32620819993983874 0.5277882385670265 0.5633880226004987 0.9623560682292539 0.508452622368174 0.46953297187282117 0.891907361944708 0.3444349798422184 0.975112196799476 0.1471291125575067 0.793063212044074 0.7612937208119437 0.5164330685779955 0.6224558044655076 0.47348674985604167 0.3348976868834479 0.5876832290767813 0.7741164426875426 0.4084800321559965 0.18604764525792383 0.7862532430170727 0.1091399942750948 0.45700539908594373 0.2745078619095609 0.04870586153481948 0.7387175216890113 0.7729232353420361 0.3543701060216331 0.6329628115350509 0.5169219315804803 0.9977484639484435 0.029118534008969466 0.9530259299282734 0.8883214678653476 0.9990388638754871 0.09630918376745334 0.1213085871408982 0.2399979671192899 0.5232733740387013 0.45750163629437224 0.5904923795561134 0.18225966504016866 0.13044722345811732 0.43104151295086857 0.26596747491866923 0.7019692974138544 0.9087003442061543 0.49827603229512984 0.788344645686038 0.5677118475664676 0.8461005178886515 0.02556533583510001 0.8454752542108749 0.9498823185765407 0.24672504970555886 0.7892564059726142 0.376139341335178 0.24837503836841635 0.08218247324085592 0.8546943791252506 0.2638292754620466 0.499994623056794 0.7482926530584199 0.7251600113717693 0.8986906962854573 0.4585001091459191 0.09954996880584488 0.11212427124220348 0.3901785158169785 0.08896508107501044 0.7638775082698933 0.649372425306759 0.24831373316159422 0.3161080070776986 0.3987408346067557 0.7981569668704077 0.3010192985258252 0.8413461148865088 0.6277381604511346 0.5950325459745885 0.9973716433083185 0.6247215335331543 0.9851183439177377 0.307419316709456 0.024405979697606384 0.8795679630542601 0.45565040265405643 0.6538515622159912 0.8773226785104533 0.2701141510096121 0.4938542602209718 0.4874099797336837 0.5728474226083279 0.5187677419995093 0.5235582668940275 0.3695258851467923 0.9568213510993522 0.7252582930656563 0.36497045318446164 0.11949526118187559 0.3736484721718816 0.78757715537627 0.3640676758692539 0.16487584599583793 0.9769515685665029 0.5728953203488503 0.7169356284416698 0.5166718404146038 0.7252289116843118 0.508613518430585 0.9397365394191131 0.030924744532832227 0.21282496754839753 0.8463673835249751 0.7559905753956446 0.131558521201539 0.47057095101817414 0.8181513935741113 0.005247059022573164 0.7147338418235085 0.1969552481415986 0.918176030188795 0.2988126667173586 0.7411058870464371 0.574038178411649 0.4504866379617902 0.7992474150346204 0.3899134845334624 0.4543370797124614 0.3401894246209337 0.30499517476027926 0.14034797060080906 0.984851025986499 0.9900834770155535 0.15706186378775877 0.34222608563899704 0.9895845935750821 0.14975134960769831 0.8795027933377058 0.7048232089065762 0.6099568067520926 0.2509725698715547 0.5092818247894437 0.3508666215820758 0.22648248438181962 0.14309365031816434 0.08893356765021165 0.6905543046014899 0.1250695956791743 0.5939969780574882 0.48136867730298916 0.5595638504045265 0.09494446584793059 0.07740014860140265 0.1600234701974027 0.8184057329376881 0.1508206547304184 0.7854579673944874 0.7395674952708583 0.15221690603883542 0.318788632917099 0.6915271220345101 0.4631462114559397 0.7461962352929546 0.11125606037249847 0.48232314534875165 0.40982269096508117 0.2152520505544413
0.09453059806021946 0.6494447613791573 0.28033380890603554 0.2434180207726997 0.28189932183837907 0.23777726941899568 0.08554316742129597 0.3630539234752155 0.9806632226029641 0.9250931881900917 0.337545240470704 0.011081401926928969 0.13671826916227314 0.4567041548745372 0.30252810889990855 0.27007874874711635 0.5000117551105343 0.117679797034276 0.35964207327015685 0.5733925548483776 0.3473327884958618 0.9432269747609705 0.8143421403249492 0.12581461199878385 0.14053449960374986 0.11404675113825458 0.10428170805648385 0.00849857553465383 0.301094304216444 0.8750965352798994 0.7427077953182488 0.7869764296099894 0.00029256177399128447 0.06353126718626956 0.3836925857714425 0.7066699019390132 0.41276752554838825 0.5726164001909575 0.775170448802022 0.5128261294794604 0.1591105069580624 0.5007758650636908 0.0023353935981828 0.06399810479450463 0.3944013641706743 0.993598408380625 0.8381355063343335 0.26956402579977545 0.0777875326514379 0.7462993267310536 0.08586586985656841 0.09914053843303527 0.9939134393938127 0.8996891360270759 0.6627328917162439 0.698979042892741 0.7131709527545302 0.040342419425373977 0.6796816476645113 0.42222318090394184 0.5443609775410275 0.9630537849091625 0.38576452947371664 0.08678561840574583 0.2228047194716013 0.6870347693005906 0.7855930711675393 0.9428697623137742 0.11653608176232166 0.7175054520071801 0.6833982983383593 0.5582127803918614 0.3965106568810135 0.9185712796223022 0.05957347376939526 0.5488611284797943 0.09595808065713574 0.20537651380333366 0.38644452110146854 0.2181119478496103 0.8496470313140175 0.604019432505684 0.29681219075771503 0.6738657262736327 0.946692869522474 0.9895395604859147 0.8756417516299231 0.9330471890378247 0.29304673472901654 0.9486105574116798 0.15463977649540628 0.805210277439588 0.17931471225856055 0.35671206735489014 0.9235219694535148 0.15689685482479787 0.6729326658662685 0.06948298424670896 0.3094881125714437 0.8760630180722971 0.5907355584689122 0.2985893821814978 0.25791941989075107 0.7249830037593145 0.9886751764597564 0.7097456103092071 0.9700706190965067 0.10783770933184489 0.8414590435135018 0.24924892118179576 0.21685408384839522 0.6815938519224843 0.7983534759778471 0.34960991309801903 0.620581662633228 0.7709408098237498 0.11862746620852416 0.2561219657499084 0.36641559040118754 0.21019774177213102 0.302326376577999 0.9318951247476277 0.7889187320554257 0.11247693652890178 0.43346438727948755 0.6292750898907554 0.23024547303730858 0.6258177645464258 0.9645049840814576 0.05872503414214458 0.22519450264365282 0.5498587750750982 0.5565481295334835 0.7842322395308032 0.3907750137109478 0.7689019795524162 0.7140092826532702 0.9786844632894701 0.8076669615905411 0.3919153929210689 0.3735209892275193 0.8215722750841299 0.3322496205143247 0.40050665675705766 0.8885840374894264 0.4938230485325923 0.3100992633150279 0.786681718680459 0.6143707549996654 0.4319846877801574 0.8578873993304188 0.6618174732032583 0.13470492727186223 0.16512157420781615 0.363032305794321 0.9121669170331828 0.26358565863123384 0.051773079619567786 0.3366681464040009 0.8779580713194927 0.5066672123901295 0.9632456312493084 0.3004891708033902 0.5326776695282399 0.0669307376175059 0.6135113711439533 0.8780798288030595 0.1786094260178639 0.2536728727286832 0.9412990997713875 0.4043406633186998 0.7374540265892418 0.27491983333687486 0.4742795929726269 0.16022706429572053 0.04479107538885385 0.09706568695238993 0.2751191706672207 0.8448145431533497 0.07231594836733102 0.31986966445064635 0.5063140813842525 0.04839037891836662 0.25659844414359834 0.20147026277965985 0.5755287507011773 0.49620716171167645 0.36338175519560567 0.2242783176650388 0.866409442178637 0.38850618994348396 0.3273658770096576 0.23237177825806343 0.6766681886388084 0.851758199310729 0.7151462391182437 0.9280294607462054 0.6095111581154431 0.9321168853383133 0.6284693082075761
0.2219727076860859 0.4007166611527252 0.6739518346393555 0.6349541908790057 0.8020380562360905 0.9263927223523322 0.09706748073570026 0.9157284619526979 0.5230649628873106 0.6503252896345663 0.2858212429424233 0.7365642383915137 0.7177381321996688 0.5200842039840166 0.2055326896019215 0.6941464737755745 0.03285798487688174 0.3580419643641318 0.35748295921573137 0.9831299125437076 0.032587420018249325 0.9895386920782578 0.2847290571162808 0.4692492351806158 0.5184203547548452 0.1067355315768086 0.27909832619128316 0.3617507387717124 0.6231357058554041 0.18468027651275143 0.11029605772102269 0.7306418779561128 0.950519277556013 0.6440092132925188 0.5581973375053321 0.4306107382852239 0.13266441183826905 0.25136926929427916 0.6241959389312288 0.2641604803669614 0.5278622984361026 0.07696558229975292 0.14267176587113217 0.1573649780933597 0.9053703334060191 0.4010176941554112 0.395914657507934 0.7849205653325314 0.5656889540942629 0.7185030232891705 0.6106085190702393 0.5759489338155547 0.8151842467936217 0.10096735352449626 0.5637780023426824 0.8308104076770881 0.5068162497811164 0.5649484387181591 0.07323150503286102 0.6094318421603523 0.532510361072028 0.4273149504324717 0.7148603011557256 0.3562960971567678 0.4024464636987005 0.07007733744419076 0.3511624399468618 0.198125207661779 0.11263817421864664 0.5788448620026538 0.5990889854845551 0.09509363902923895 0.2849762873027566 0.9591958998540718 0.5727193319669889 0.42501373516222374 0.7554069791422267 0.2981183888631188 0.7111344793748272 0.1868151501596298 0.935755132007105 0.529867704810179 0.8175117607259302 0.04576853422178506 0.6093533501599887 0.5667870902368141 0.043646281157073585 0.01656113529001524 0.8698920816630912 0.41788051891266187 0.9449523845540876 0.312172187710554 0.36191176690634286 0.8525887716720435 0.9369215537416484 0.0411725623824698 0.48506208303776965 0.19214724986920706 0.9888295699537479 0.9400078971604212 0.3552709196761623 0.9886312804350877 0.1315735531478316 0.3310613795431878 0.7974198660404929 0.7607785623248119 0.2923801066246734 0.05943949014543537 0.3193405907967066 0.9113029985757153 0.6306800873216851 0.42344007380103377 0.4491233302156108 0.4165294528084347 0.5234903061595428 0.8092402980335025 0.16865686498574883 0.1927703670920683 0.17563921176404962 0.5870582922200617 0.030334506371196057 0.03988645368065158 0.8562051241307421 0.27359486926820986 0.8773265146181313 0.9597075905642978 0.5503797818071463 0.4653225042762794 0.9209712485632467 0.7749922319246445 0.8230067481926522 0.5528750600293317 0.28096436468754005 0.12593867280902415 0.5418910657575611 0.828623588214593 0.22675190081783048 0.3385678304744907 0.0828156144735045 0.9214619823344649 0.41763563066946374 0.6423564002104496 0.4883657341926222 0.04402113249410233 0.42707988133711794 0.8028865646860295 0.5221729047365139 0.16351754790286277 0.329362390518128 0.3123985646616506 0.2424482857910315 0.11753520935899586 0.01780602879415627 0.7804391409428947 0.9604994411867898 0.42943313801096183 0.6605094597930743 0.29090861413578883 0.3976999306041854 0.11843210632451806 0.7301221422761761 0.44956633224433296 0.22408108926439219 0.9915986620796089 0.42061736690335083 0.543887568198949 0.08854582595834792 0.4452570153048464 0.6747524600449749 0.7794524943842228 0.14685603687107407 0.7475126912867645 0.49185528243460697 0.7286145686062112 0.12183597269805646 0.6835866733970193 0.7739134541372656 0.9221870237612325 0.1770662577717086 0.3837260760225707 0.36346607821126875 0.5244187243564654 0.2708781606408097 0.17934322050467255 0.7146367300547685 0.615365840738839 0.12526665174514717 0.3028444367515245 0.45556622427603244 0.1667255280756328 0.6046652692181788 0.94682624354637 0.39496286438730355 0.9393596994398826 0.6447399316394756 0.935662218209077 0.9129060673708302 0.21219090752963576 0.11572573913946815 0.19732717067598593
0.8584513684246193 0.3324674922313774 0.6826265136831392 0.30567254626165064 0.701599114471768 0.14554716996189776 0.47808123298758676 0.006734717580593408 0.06666842630724934 0.4008818473451011 0.462531545305473 0.2533495883908854 0.7888013560196617 0.352264083396568 0.8509133548877719 0.5044605008992815 0.9887036468705185 0.19377602725422705 0.6777633006813616 0.8432385227562295 0.7476157213292954 0.10869160103565412 0.4731632108514825 0.6772117276573753 0.6291565676932632 0.4959442606659845 0.3777924427278194 0.7972645454790394 0.742551636868429 0.31287086253549035 0.9184897109793261 0.8067088665312036 0.9344411871769533 0.671559967417829 0.6730765802401852 0.18818427604543364 0.5422297278716618 0.29946171444475944 0.8131165863786418 0.7497772628374549 0.6393057023489591 0.17257648479107446 0.17837108043442185 0.12847713303939334 0.8764238405723299 0.6534456435875993 0.18595073552155472 0.41905639810581063 0.331034489994539 0.35665073787210677 0.29287515995109903 0.7591974868283408 0.5683724900268502 0.12824271286933864 0.39599144316435686 0.1541743840499057 0.6322448598051037 0.16107954557573878 0.6509647948704802 0.12456399410213204 0.9749464103329819 0.663865666147936 0.7972038130696067 0.9040303670243042 0.3922803484344153 0.05100120050665058 0.07592512512624872 0.5443803276951688 0.42928767902236264 0.21610579696042553 0.9001856021923065 0.79421319579368 0.13889097190936173 0.170760720626708 0.09523778149754225 0.6293341256029827 0.3896957919273202 0.18413489543655703 0.29466411666625136 0.6920860150799344 0.22657850767930598 0.8120127460498123 0.08554728977650983 0.038443755215907816 0.5895781806170305 0.07084710388444981 0.32408918725984137 0.8066977499733362 0.5215251865037502 0.14773783746408042 0.6235189835261065 0.26481970367109664 0.6613808769892753 0.21128590009190495 0.9358537253564367 0.04236937671832797 0.49764883285668926 0.9917755199900967 0.6730509221859514 0.5898554087038991 0.9142014598686641 0.07821563666351172 0.07785290585552518 0.48818385815247956 0.7144764662703468 0.10145204198598246 0.4250568871968383 0.253716576565167 0.3758401023350746 0.45064671064129225 0.8327400219471716 0.9505306846851235 0.15001628078819595 0.6321240521472593 0.09544886814637443 0.6092551230413441 0.0038044975848293694 0.7543395399381319 0.681548889108721 0.826235728019175 0.4555923507324996 0.700741180656336 0.7457722045717945 0.06502848945379869 0.18266095638222757 0.42338202393495294 0.7128683799103014 0.2935342798737801 0.4160134315007181 0.5973902412619447 0.7492915942285245 0.4732622637189875 0.2550663255530957 0.39869910173519374 0.7430010077114181 0.6124232833745026 0.23147109183644066 0.9503780113117766 0.2936488467040964 0.07745681528838555 0.7032288898103208 0.2556676015996723 0.6881171623027683 0.7536425961280722 0.8957611042543927 0.9775971402844347 0.5938689747606735 0.8022460145136572 0.6586488270917262 0.33908904130253903 0.972093815779066 0.4139113000081258 0.2074195897591452 0.21185189127564652 0.3507568488354976 0.48050554207387464 0.4523342108396703 0.8464299614765989 0.20564824799541725 0.47424009359150476 0.33052973301196453 0.5775918562782443 0.5739100297864034 0.5448416803924503 0.29428856574042983 0.7643300106870332 0.04302973258876497 0.6475858623969435 0.1754131799631754 0.7631278487611488 0.7270351589435675 0.7654566478936993 0.39450490881300904 0.3050651799942933 0.08877410172782663 0.7279440041121562 0.18423066953334244 0.7963338585231472 0.4303933886616226 0.6037876223228612 0.39244353544413435 0.9275057316244014 0.1830262633548856 0.4012088717047848 0.128586326595172 0.20416185051695013 0.07604197969908155 0.6790125277698739 0.5374564956382507 0.025325231362011036 0.44066355888848663 0.9542147183697349 0.48837359254598345 0.16902089143363164 0.6810134694306393 0.9595842548488033 0.4375490717618179 0.8047440533425491 0.366574107330362 0.9769691757413568
0.7884218356041622 0.9760530350579788 0.5901797779646543 0.47403244565705194 0.20526304696737163 0.4274868401063944 0.46418693345527906 0.6711260072868683 0.7520905314387015 0.08263546293313806 0.2094177355627873 0.8671300886849505 0.8746717868056348 0.9128691080187392 0.9329790464225272 0.5784280819451356 0.9430555271967974 0.8898570365708612 0.3565094836321263 0.5446193942231553 0.24359094018580474 0.12539793704846103 0.8384041674184062 0.8430084138464274 0.5176251451743913 0.9403024485346985 0.031978288414751255 0.4819585441057299 0.19787970014369727 0.9913153439417005 0.2975442296577886 0.1330402991161983 0.47812241194222727 0.5658296919357673 0.6527883667617522 0.48608954933118154 0.5967580108732841 0.45470019564556763 0.4672122370469822 0.7851731060631679 0.16406971692371364 0.3935775597574327 0.05268187987455408 0.44784362717982495 0.3185920893527354 0.5066238240671119 0.1854178369636441 0.27883645253779765 0.8637353306346535 0.07593369177752984 0.5569284181801029 0.30765849417752955 0.523293989736987 0.8504481293616629 0.3278570628188021 0.8878564138531344 0.555729488370577 0.09985616761664795 0.41205378073581256 0.884064812346595 0.561594565671258 0.868863199500591 0.1960087618987264 0.09992822417817782 0.4662694854347478 0.05175132857511666 0.5723722635286608 0.7262886726663419 0.6874674720969512 0.17243006818001638 0.8670551044957074 0.1191636515743566 0.7496521093175852 0.3747853725156748 0.6061401245044599 0.8862552099793882 0.15291511598545937 0.17730924371625179 0.6353846744408032 0.9757320941224258 0.7433476868260872 0.6580271006737172 0.34892811160861725 0.7762467900085409 0.3837050896437827 0.8657752847326055 0.750377594427624 0.8183539501427888 0.8978190225308379 0.2336885170641203 0.26449976438287914 0.6141062028287733 0.2938306599404933 0.5774641501289809 0.4116160134992276 0.4065649628867877 0.9513755200510086 0.8581241880777698 0.19199278313774815 0.28642611985217825 0.8077500308608823 0.1305319283262204 0.13189205569311324 0.9759777007962247 0.6651927035461164 0.9816066874970903 0.5931134537036982 0.21163281888162577 0.8891765909806985 0.14683467829889962 0.5421984089855024 0.036867615484731386 0.8608954187317974 0.010331951079266544 0.44799962225688783 0.5832687205746168 0.25629274634651866 0.6694927211691726 0.5869041145444001 0.037616352940213704 0.4431492875421308 0.016160089935154942 0.333374375378116 0.13083561537975907 0.7241722183614584 0.21267312279150374 0.6803338127319759 0.37183500581377427 0.7507434850053168 0.9101937732489236 0.19683507025885794 0.25782696635504454 0.1857590541683629 0.9967386027714183 0.633370282944167 0.4516371855078146 0.2517436651321059 0.5127600349011368 0.9746965472826704 0.6215027898282007 0.4956415501417838 0.9821425129791534 0.389471248586721 0.2762767710841949 0.8645571018931072 0.9556784278087952 0.2494097658996529 0.3934452401632954 0.7650541979218628 0.7622740284713262 0.5720593485214555 0.984662593979041 0.06665324066959322 0.881840332256818 0.6419157987008272 0.5631831937076942 0.04076752707699105 0.5582077553270349 0.496590153496663 0.3347854971892512 0.32131142134032853 0.633007399180486 0.39714935357518 0.2811039077774401 0.8253070970793857 0.09267143349615103 0.6426727874686886 0.9298873426816693 0.7830627228286194 0.1494785866787236 0.37961133764106036 0.15989625641037397 0.023046125405799978 0.868673670348796 0.7814343283222608 0.2513924414402128 0.09634781684353033 0.34568281580535176 0.7611618284369068 0.9942097810148322 0.07076517143783478 0.8716450090595197 0.9409711362030415 0.8942817801621664 0.9189439461408045 0.7371789515895129 0.7462275689198117 0.14399406374986168 0.9671714756607853 0.8092524690900299 0.0837823365138417 0.8994895948312627 0.5648998513944063 0.9054865779586501 0.5958870217388502 0.14044396047048024 0.10737835424048547 0.8935411719743745 0.3565075211579185 0.9981864595410537
0.44587496497077683 0.7384941044694249 0.7399914709346744 0.17746038044138157 0.10203654674712792 0.8221312372660432 0.3713633167263952 0.27454931943915195 0.5206635492700478 0.26704477489732714 0.5814934448898527 0.0013125572081242876 0.18581963582283656 0.3224175880556859 0.03738255176428151 0.6593897011245026 0.10681839939626125 0.9319737941189642 0.6297233325865563 0.9080078263697252 0.3255476643180102 0.984114649296205 0.7093408822285098 0.10321323712274699 0.36766186606165696 0.04152042698466274 0.411327938469657 0.5103688084905853 0.6081474104794918 0.5547081733095398 0.9737983379990892 0.6838684672871594 0.4978331812749235 0.6540788880094618 0.20620129740799198 0.6821537317649641 0.7948837245300225 0.8088714579244273 0.6356710572374741 0.9264168838665338 0.6558679293140491 0.7835027117458631 0.4828058950857913 0.9460363469548746 0.38600205316687675 0.9722955084286218 0.634483487629228 0.22305519069485913 0.29606008875940604 0.07238738240084641 0.2836478483652275 0.002492895527619221 0.9034382502603252 0.441893698639129 0.08032076914494635 0.8866099608427753 0.463517463521387 0.8943591001789829 0.6537386918083632 0.0112934961255593 0.7973994978922238 0.6061573890357692 0.10244112253983173 0.42433420881504624 0.686345477238253 0.3164170442374723 0.1800574552461125 0.8322497868188776 0.814766416030377 0.47422648233408804 0.9503052324213688 0.9745645906506568 0.6486241616280116 0.1954523145647753 0.234688199892224 0.8428746757086225 0.6646338660845345 0.9827603236052675 0.03570332005998833 0.0034115166763164506 0.04532400529445524 0.13206712281064237 0.8503439898878227 0.343950234791662 0.7466998762673646 0.14536074670195298 0.33970147584461474 0.694000289956318 0.7364909981984852 0.9611803491635296 0.2548127616882009 0.47562537485113376 0.6570111232420529 0.6476606378557761 0.9702470609287497 0.17170615214595575 0.21212440361644813 0.8075701731896413 0.1776502390134792 0.11043260640485009 0.8699963489007647 0.21302639901144838 0.07020438757298719 0.4047399735202245 0.09205114759886313 0.1688151773318589 0.9672563958550678 0.5494688134666601 0.059329063990469666 0.02701705136241861 0.7123909784432334 0.31569660459336835 0.46204166116359235 0.005089040952053092 0.34371010577174743 0.3332919592860737 0.9202955986011074 0.4207855749158408 0.05742633057466573 0.9362429369457806 0.5826998149328976 0.36009643978896533 0.39980949320311043 0.2553786119483662 0.7918496532215659 0.2423904768824675 0.20479435301384197 0.6618317247537012 0.6219786397726249 0.01716427403659848 0.44258588158190304 0.2807144263133218 0.46917288980828487 0.5432968684154054 0.7363707696969453 0.9273319934217897 0.12558498454378175 0.6907362247098018 0.42906442192757765 0.9241710070853167 0.2670149442518306 0.06317110955475547 0.8832148121944388 0.42436153490118644 0.6847987932423046 0.45549304579042005 0.7306758766145031 0.8765945757464646 0.7673829477217846 0.06574612806335689 0.34944768646237034 0.8922447236328557 0.5997418108131564 0.8037253129730867 0.10972988926425498 0.8008150886971239 0.9237671931674704 0.002576241371121557 0.253060990611893 0.6943817956378325 0.9961298024624899 0.7546133727383435 0.14183077400861588 0.4793514623526296 0.19472158101956738 0.9513861127267926 0.9086675580112373 0.3326813586676125 0.924821768854601 0.250876503788923 0.02996168338660732 0.41731123143766935 0.381434955779582 0.14105777909240957 0.458259452690741 0.32991579308395635 0.47542045549471046 0.19141925850223085 0.5090455125622225 0.6054649540428186 0.571924287479216 0.9743839932142854 0.13048310429978405 0.8849460803938242 0.5999376920840465 0.09036350921739322 0.04824078131462273 0.12328443273156853 0.016128317684598437 0.7588737821934892 0.4541765892229356 0.6743540721679118 0.40131456625735407 0.4841055508484202 0.35534826289691757 0.8978540283597297 0.17843573779521182 0.5874622464100586 0.12300533777618872 0.6243360229537818
0.8813508019890945 0.5429055830697709 0.5379837441169809 0.44903966831129494 0.07387433859069326 0.13453506912061963 0.5185669429614016 0.582132019713475 0.3173212058227236 0.1492741682775428 0.7706863273115827 0.21133722537824373 0.7504793882485222 0.9307176894378302 0.240605659607792 0.8263783230316343 0.2519758049813827 0.6616105027914146 0.817177487997964 0.40384956334526423 0.7040773242702791 0.9917114560998357 0.1224239201151206 0.8666819416780713 0.39491706214839095 0.8955280086083292 0.4491150700757809 0.8018114919618052 0.13939885728213242 0.45213100176330534 0.11545593758838846 0.19305534987744233 0.2816931448243176 0.1813576536068071 0.3184394230712414 0.2859749603238523 0.22570610366913502 0.7867740233227232 0.28520642344987157 0.0033128195406929573 0.4289498797385619 0.5954206240071551 0.7814501972933849 0.8148254044697694 0.39229528410958914 0.9605754598613014 0.5156097550280154 0.49587015726496175 0.6191251119532679 0.1801476106614529 0.5227919466267579 0.2920067847240756 0.5954231134205422 0.10333681389974203 0.566460157638185 0.2849936868173376 0.13776748832543528 0.32879417765692487 0.8009639460003032 0.17567235288451954 0.4007100868408794 0.07727546221500203 0.5473435964501006 0.5897156627255643 0.45003792536233134 0.4865998888945321 0.3519621166961351 0.17971198367784158 0.5943329234701232 0.7620658922501313 0.3107762051423889 0.17052363664076586 0.5804871103007576 0.5427381242450329 0.10671339777834088 0.8132681589852382 0.3401240243177954 0.3458445499281876 0.6129085952209153 0.9269919856693388 0.0487606917621487 0.9123365286813694 0.19116901326165037 0.4287651883911797 0.5511151771100503 0.7733280054318905 0.0887462353337568 0.9626316980817762 0.5877679495790125 0.16641884208491942 0.2781695218016884 0.8034039085952203 0.5145180478178099 0.9450933629661011 0.818057862503867 0.8636682927801856 0.6604724029988779 0.272619306941142 0.5173693416592745 0.4195415088525549 0.5373053657144938 0.21845805026372955 0.7418192282554841 0.7303348053026563 0.6509001561562102 0.18186360365952237 0.46415517673695805 0.4969551016136894 0.7356872995745052 0.08311842929409485 0.4067673268056581 0.7801060289441357 0.9787731923339072 0.26256738306829397 0.6456765959541273 0.39164118257389224 0.6237342093794165 0.08276315851523686 0.7639861820220677 0.18028875907767394 0.047529610063265726 0.27832629473272097 0.12105339513190938 0.705434806375732 0.8510722043618767 0.16204403181248295 0.9039882022945851 0.9747424587425222 0.5865668003723974 0.5016890476891007 0.5028850054122239 0.14327828506516282 0.5813817290186293 0.38412717001200636 0.29343024714967403 0.816163388498716 0.15259375115931195 0.7602084136217049 0.411742387776008 0.12616136588552251 0.3839124290180128 0.28200179155481153 0.4457249215531275 0.924823775562897 0.05371357179589131 0.853137490708738 0.37824655608076774 0.20539857322375366 0.32788009414278985 0.6430693562524884 0.8743529928125725 0.3246138980840658 0.2712539202035411 0.3541658174657659 0.5481511028722239 0.6940254345589641 0.7954309068955012 0.7512281103250537 0.4787524439656228 0.41567402956146904 0.2862293933829123 0.6980352499590585 0.3448456897215457 0.6253555227960709 0.5277117780242531 0.27183102222513333 0.6147096280816602 0.5443694911388459 0.0027055028622324784 0.5658514188120229 0.7388793877959787 0.3050592664795837 0.33140361004316665 0.720588850895321 0.432642753388607 0.8074561733921213 0.255974152077979 0.24054922365597908 0.9888565199088011 0.24100171764102973 0.25131416935845474 0.23054191776220567 0.8346605579662687 0.13294334987586054 0.7352713505221417 0.7139784171825966 0.660558726501338 0.63356842516118 0.5649545420549811 0.3055034111002176 0.5248371732439944 0.1880518159645448 0.5325019749302463 0.12064283379111174 0.8917889731852586 0.7431110835791815 0.6489092880702801 0.6377500357450945 0.9534403942034507 0.8817593881455182
0.3521023421108791 0.13202959518988522 0.3226196894526481 0.8594335761265139 0.792179004471907 0.4585775841326821 0.14696257313394934 0.5440061621099376 0.9284645821107972 0.5817744607385105 0.20733315780219164 0.24247538838767413 0.7741029828766407 0.8352774044256496 0.6255707182625072 0.48300398533676037 0.012055743419486786 0.5949702339284344 0.8054386767062115 0.4556745948214881 0.3240037952187179 0.22682901699743407 0.8030919894005722 0.6932924202497701 0.9604461127972369 0.8869284742156908 0.8501574884792273 0.9676763925744087 0.6750049982397093 0.1001055479492099 0.39178366083420724 0.1367329669251396 0.6965352777350788 0.22424248420591864 0.9768195107944025 0.6616413851829954 0.6029185161134962 0.12626553470097712 0.22026946977042872 0.3154300134941632 0.2066730109855044 0.15201197005473832 0.9944535231388131 0.08054059055986984 0.9860622689596059 0.2491280743676254 0.03457570101533092 0.27771833927660305 0.6604447623030636 0.8771767342882927 0.12263879619962093 0.1663451274746809 0.25375490918593757 0.2616351382493691 0.8738239491510797 0.8162700120733812 0.4835325209593454 0.14209542682037912 0.12783089555463578 0.5934738300408499 0.6293995028390358 0.5832753828311614 0.29871197108385905 0.6683503176694233 0.5030416677059913 0.7083640005114628 0.35779171346242455 0.9495133846374533 0.7508383009990365 0.16450935320630222 0.42111153639367915 0.7047270498754805 0.940968740062885 0.3769046954698805 0.4114907359880209 0.76630410217243 0.2265451140322734 0.5495591769113979 0.32877084539233314 0.9224695524539663 0.6901648352960537 0.17100871873291157 0.8044073662339525 0.6039502349141016 0.9944884743505216 0.42216068918344896 0.6117219971404917 0.9439711430427079 0.6353661582051934 0.9430736456954374 0.7643480868329895 0.28941519848045116 0.13858434330133407 0.957627683985402 0.18710230249125515 0.6348858877769658 0.7994985846591925 0.3405834599595663 0.24100965855716905 0.6102955164148396 0.5362463361558485 0.2253262350803853 0.15158226464115632 0.2681743641891299 0.43294205906370076 0.2551491610693156 0.17487666066435636 0.809703747810321 0.5475768138916411 0.3535396602689408 0.31152697550202546 0.8491999688108451 0.9315460509116236 0.608008538182669 0.9700641576821712 0.8067456255878265 0.9968783160744447 0.43595845874952577 0.8686335797680504 0.7094911182421616 0.6573323783082019 0.2626735300762375 0.2826601042863073 0.9905106227660447 0.8112020077924069 0.741694761662704 0.9094596065549517 0.25072019200922147 0.5926219306788153 0.46617408307715114 0.09634744851468136 0.9811841700865469 0.9773522393438008 0.42841256270412353 0.8320963826627565 0.7644025918453167 0.7249723877659351 0.9430664846193674 0.2113247784868716 0.6910962029947746 0.5201769068145755 0.05600563131674108 0.6885365697634419 0.6352731387441144 0.29323117158307366 0.791023913659878 0.024162212953638074 0.03550658661107586 0.7522683894103362 0.8876827851993399 0.17823645613939898 0.23952162172223657 0.8110926872877251 0.8674045297106919 0.5310909328710359 0.38305981805983114 0.9194706049415396 0.6711616273147631 0.06542561493484345 0.4676781537304371 0.9771275985515655 0.8624798339227384 0.41617720367548916 0.6731534581757166 0.6097403004553656 0.48178388558936325 0.07820698591820552 0.6713078939406765 0.9829544988875342 0.5093301552457156 0.7321952827542144 0.6167515083290069 0.9055589633400952 0.46476503809778114 0.11352842232551053 0.8203629809469303 0.22177623436855032 0.6105345042565808 0.2585565146860268 0.9451667791120544 0.17251051456753907 0.10615351363836667 0.10197745804366787 0.1713980293872397 0.8227591416927837 0.6997884029833558 0.5693357802762777 0.5721505867181743 0.5687244354588525 0.20670747989377913 0.3188928121648775 0.6704322134178238 0.6693963471484612 0.0667370266934213 0.28876508497656384 0.06639522867397962 0.3157354200632848 0.5119655605680794 0.608306091144391 0.39924632686744244
0.9954706129920191 0.3453038128434409 0.1568625490297011 0.5351034999625659 0.3577940949046071 0.5299744997043981 0.9564950681250802 0.691100189710747 0.45570697614444755 0.1113331319960279 0.08785966964318881 0.0710980067114767 0.5329972243172075 0.7759329930070635 0.04577366630205282 0.04571343938222061 0.6236533729105372 0.631597717572708 0.8619092607894233 0.5646516375648146 0.18060878259165902 0.31031230812602895 0.5425926975715216 0.1940832855773239 0.4752323968652393 0.843356616595473 0.262707347496807 0.2761862207077539 0.7357369221478085 0.4699177530619063 0.9698667357851353 0.8925385397706093 0.024014751103396792 0.6857008136629678 0.305694776956821 0.27363387202914125 0.08127513740063319 0.25419930844601135 0.4650913725817818 0.9294894332294831 0.6960269595011838 0.5028578483741591 0.7483718838421299 0.8678615627853544 0.6383060490515217 0.8188434551680257 0.6309913885202005 0.7006611985541644 0.54134863718768 0.8392070650505999 0.12027030418084717 0.7268019129172933 0.5812109121997306 0.6854948589627453 0.31087137709065904 0.3833296856654932 0.6431976336108822 0.40979881968173726 0.11629247694766731 0.6182515367719192 0.35861037047632094 0.11826539342897646 0.8253473035486667 0.1477171935859618 0.6836682350354758 0.8074827504670972 0.6032553118432046 0.9863684877934902 0.654292101336413 0.8100646388911739 0.42667540362446954 0.07990691854710041 0.6257751150705941 0.8903210946548366 0.1643006762304947 0.9040540201005859 0.08388078653258613 0.3654669942874852 0.48997822398882196 0.7239900223713714 0.5960399053516903 0.8083070138140289 0.5465676590179392 0.24241009497956167 0.4823995064092331 0.5420321104768118 0.1306894747741808 0.7326052897363475 0.3746723353757023 0.9209987966437997 0.789928443850379 0.839499240530559 0.9125619004347183 0.9879112429810871 0.3054453113130605 0.03889886967750533 0.20213866275053427 0.042813124620294296 0.5599457227281806 0.792206972554521 0.10438563461267614 0.12800777998442636 0.2140822510870759 0.34053208605862595 0.04080715229384024 0.4705546624677308 0.5843374996431907 0.2359837083405527 0.2381388341188556 0.24857213633223685 0.16904104232013173 0.038178860102686785 0.40554585699876744 0.6524864486912485 0.8541258451793311 0.8905751648020204 0.8048030211084757 0.3610189358363787 0.7029458023449995 0.40450626303488113 0.17719779680037584 0.39271860345138176 0.12352093761546945 0.8880004180708114 0.7313252514857231 0.212630076934332 0.32211537333208273 0.9534573808993522 0.6810811646977445 0.5204692211965954 0.6441394845227387 0.6471081495375008 0.6517904258049715 0.22106785104758764 0.6066192040252941 0.41153087333241145 0.0042983587416534075 0.8309937396177691 0.8217555736708967 0.03913714699741966 0.31256808299209826 0.7840552160071679 0.3055672441976307 0.9665426982504893 0.9414758837322393 0.02077949581973848 0.9071918889363257 0.5263494280863441 0.0020076603286288686 0.1622307090317855 0.5538927924623787 0.3736938976339117 0.774461697767152 0.06024755727771591 0.8146384069721327 0.0719683005409093 0.985858099262451 0.19939107192997618 0.7357610214570987 0.3251646936107584 0.7145777658968817 0.48162727468744104 0.21363537895675455 0.11312430495459125 0.4591679626873456 0.23763485279354324 0.6642046137450177 0.7290598758078518 0.3808162055340494 0.4243962197186055 0.1888888250888172 0.5427259611932511 0.5881385543555665 0.5453431253407758 0.4614162580713287 0.2522888169567552 0.8652430650261761 0.5087590445349353 0.2619183908627706 0.1600288272036825 0.48355096802956166 0.3241672114033859 0.719682501951534 0.49930234910292637 0.5152423552127549 0.7216764349332964 0.9626363144083625 0.9458320181254323 0.883944855763037 0.1218340480189678 0.9221645220411544 0.0958265342599598 0.6489878190270977 0.060408661268025354 0.1437990959581692 0.8132106261643619 0.31210116488169304 0.3802425281257741 0.3919762302368516 0.1606335049604246
0.1819294228085513 0.7191271362878205 0.9624580503428445 0.8600551051566278 0.5059033494633529 0.16238032834456773 0.595109087183842 0.07275089687357894 0.486460240944668 0.7182751934761878 0.05274266721439602 0.212044866249684 0.7603933820508532 0.03560862056866276 0.35828186192719513 0.5979349648921267 0.19177369284925694 0.5959591728335426 0.7474612397839605 0.5238565610747569 0.9894623617635631 0.2882700630578313 0.5465718702417324 0.18012388263680157 0.09485452160320273 0.14813681483184615 0.7951957559913356 0.800654108196135 0.4807952432063428 0.6987027077026131 0.6077034744174389 0.8637335973756389 0.9273471016698466 0.018955388717663668 0.013104569673457966 0.03931417130827197 0.9779029142188155 0.4339399546902527 0.9268454799259024 0.6081662785800821 0.901245329340513 0.1116367938802939 0.7417025124235451 0.4325870469208698 0.7003646057043567 0.23342766484520405 0.7346906698908646 0.8401226409038973 0.38550854909560495 0.824253623146674 0.860140972377599 0.41828480425660564 0.20542024528190217 0.2714949858325648 0.3364558683865132 0.14419748011098565 0.6843446150952845 0.8357956833600211 0.22373426441524402 0.2558248573780334 0.8411184505211879 0.4943626417464174 0.3908315346868273 0.3527616926225047 0.8197371074876035 0.8000148165417443 0.6731652192054395 0.641572636602658 0.8249061611808989 0.7110948969833945 0.5551019941148517 0.1243289429991582 0.668874951771845 0.9547783748370474 0.8275816599818324 0.9353292630233083 0.8033960995077994 0.940365563277807 0.5188708784996136 0.8967332216109716 0.2155609509132992 0.07140621531010583 0.27915965474816784 0.39540635502531074 0.03381155125289048 0.14577393158759477 0.5271204502588704 0.9663492354974607 0.971160823661536 0.666984191580817 0.5650300240993552 0.04541543315012342 0.3824370080168594 0.15231018187478662 0.5373983234018765 0.4097556444240198 0.3870505875062764 0.6190695185607249 0.00047005437277392037 0.6831592770941246 0.07537373573576511 0.7828076841698114 0.08602885167909868 0.8112555769595754 0.696810358322266 0.42762338828997437 0.1317861669086836 0.9916913039260712 0.5921300886679424 0.6961596209961187 0.3059596336931909 0.7565771309535945 0.09328651671030042 0.9407500228177146 0.9589138812083808 0.11879858767344498 0.6570229258061422 0.7219702908703096 0.32867196258512166 0.7049484925617948 0.8251382416130292 0.13244910434937252 0.7470956511227096 0.43359570860428753 0.08280106631818107 0.8042056906351955 0.00500026123650299 0.3220347686795294 0.8778270130578442 0.27275732678183295 0.9693180273046038 0.30038085707282314 0.8613086597199048 0.4449186064350814 0.9652868646765045 0.8851417453172044 0.1734968361939513 0.2769750234319104 0.5555306766463393 0.44316191481350964 0.9673148231986118 0.3102896521160775 0.5215679563574135 0.7280559590054572 0.5992436600442009 0.7698381655995633 0.16181154302394196 0.06796988687963901 0.7880889644947132 0.4292586818978973 0.9536986700259564 0.8936979913266814 0.9465290227031681 0.5071757767259668 0.3955582987509506 0.7027371627029758 0.9523725993835496 0.1809153144310215 0.7299569466470824 0.9595940082221046 0.2319093272631313 0.06144231997630378 0.19563412640676703 0.8911673669810039 0.4258304540542236 0.44141005747706097 0.7804644938135452 0.12842841529319415 0.8986285745472624 0.012680796587370646 0.11676720128726348 0.670683583623472 0.1108183663164366 0.014247857975736244 0.7762402941011668 0.36559562504098453 0.16326317460622652 0.8304598434046757 0.23121438702852581 0.3371156337110883 0.9598473874982663 0.6623203000951093 0.20944845000346413 0.2393853779938464 0.11782456726445278 0.23437127336693786 0.18805911157195776 0.7120633149378756 0.4840976125862305 0.35711636170406524 0.14765931470859817 0.4304852204396037 0.8848178968354431 0.8739070477861661 0.9762266395102089 0.28190794134496644 0.8194067820139026 0.4670048531136377 0.9809204660964559 0.017470076046554373
0.676467370704957 0.8489599856069793 0.33569212115826974 0.4037200411847923 0.4528738719130875 0.16258250345872505 0.46221943005860877 0.40708225509281193 0.8799017678334126 0.9184578057090051 0.9244008090141768 0.3671784685910101 0.22402060836201954 0.6344596105211345 0.5987096889075723 0.09563525161809971 0.5448595942300565 0.41073253110235153 0.03540373845849787 0.6927908243266554 0.1994715179968095 0.4163770944735352 0.5932603885414212 0.10907371125188858 0.7923050469504702 0.7954591437846767 0.42235912425076805 0.17800451572803544 0.9098159624866053 0.5818855171851167 0.024357532063548737 0.5268479317619877 0.40535781382806346 0.5243094659049273 0.2090476477061366 0.5717419390510922 0.2159113558105875 0.54685907866099 0.06583099245699753 0.3156626695050646 0.1727150138549225 0.25463573602853296 0.45502687837598843 0.8933644747508774 0.19815443333329186 0.4130279227236261 0.24010409466486737 0.11702613908564818 0.6280603467257214 0.24232382258877982 0.182250104800734 0.17861129170883028 0.15201859906637816 0.0853571490112266 0.2912062633709408 0.8632973827397797 0.4114377822178775 0.008105496886388064 0.7518985071540079 0.15132928122128442 0.4475079279482168 0.8195014500625066 0.9498920219055936 0.40890178546068157 0.10803207480385346 0.18064814578012234 0.8065469136381198 0.7890111999571832 0.01588475718327731 0.9422584049961058 0.40583324406297583 0.6865987146603474 0.5011322555840423 0.3413788367527554 0.1569949861249027 0.8977519731440969 0.5570514970642758 0.24802685162006777 0.6200912453228588 0.2022569744515792 0.4612349637170552 0.3289926051077172 0.8989515070009045 0.7005679917403612 0.18654079225000542 0.14840553732918316 0.8636747506649309 0.5939456117034854 0.6673646441543635 0.4959421940923826 0.11167684112367282 0.4529311567633397 0.3917335278593126 0.6389873753585201 0.39036620571563996 0.7910968315323917 0.35212404599327796 0.464112722856997 0.14081109605561226 0.5397761314975189 0.28401290430680903 0.8443486491766703 0.1347265682889226 0.5753820624748436 0.42028022162583223 0.9403280257874916 0.3772809416275219 0.7949562412654421 0.48362151343874993 0.4461922967304902 0.20365556426379183 0.9271311808204241 0.29187980884410847 0.8447917860169544 0.2338028433043382 0.027249497884780816 0.0784045519137172 0.45290459256518056 0.21798162958231293 0.970076065222323 0.0883376874298224 0.771882503759033 0.2472721653659572 0.492227741425745 0.889461273907966 0.9463902459432711 0.9408930745554742 0.5571900838038003 0.02336414390916297 0.7413388222893719 0.06425853897113076 0.8355297101168665 0.3859077288700773 0.25964306319215913 0.7174906235411601 0.8698878602032454 0.3551086713085041 0.38368020372949374 0.5369015187050787 0.14647958542927964 0.7656335975998035 0.5829395624128383 0.05603482986252073 0.19182055937753217 0.7434832288587531 0.29138688380488753 0.8538568766696307 0.6626234546838273 0.7670578983163152 0.3922014974518102 0.34166945811441063 0.7496847012407212 0.07097327794245178 0.28949626464648526 0.1494746446348152 0.2599429219662972 0.9934478447205195 0.08195903117448722 0.2491110452256341 0.04559914821493838 0.06833708716544673 0.4217586792130765 0.6553662796414437 0.6149692644645253 0.7535878804066486 0.696096675677706 0.33896756132600214 0.4025171748632017 0.5173527737619279 0.8075063200031376 0.04702973495692353 0.1172878875727641 0.91483363090339 0.4144793058852566 0.2585898366661318 0.2988545469186278 0.6788077704893288 0.9488940014477861 0.9702565762648095 0.5180007132947325 0.5167938661961752 0.7278640862113968 0.2422683787894181 0.03372577248117847 0.9438869348156353 0.14292390256878662 0.1095720347957082 0.4463967976785739 0.09368345147900525 0.8232153903951741 0.4210219876263269 0.09795044037858247 0.32919274733782744 0.9442157542281228 0.4994423251360336 0.7837709224972926 0.27707493984149 0.26883981295153325 0.006092681053894489 0.19866623674297357
0.10970777316844682 0.053900930259441204 0.20838072431536414 0.008535670878874968 0.6912217217797881 0.5796154138738964 0.9932617818760403 0.3768950284917998 0.34453078462945774 0.52780031934643 0.9709200046211779 0.20932592284154017 0.04358668436717483 0.3626041377164343 0.4934039959627371 0.5894967949238789 0.4204145272279095 0.016326620027029226 0.8686398994721892 0.48662258109926937 0.3460526147625045 0.9738322387842829 0.3247684438556915 0.654768700916584 0.9419508736702804 0.09788380223026116 0.8476933168422641 0.531271097478843 0.8833142020124329 0.0493899183203399 0.2977157554313027 0.6661142350496331 0.2075632056859663 0.8890426923005254 0.7052492043821518 0.358370608970882 0.8383057704423833 0.7111954223996352 0.3125806017722058 0.9070275317362168 0.7180467238791902 0.9515610412855625 0.03702560392364729 0.21468778589469795 0.8062142044049263 0.30063585991399144 0.9043766924042608 0.6078875476586734 0.3975547399352486 0.308306380794271 0.508136724327541 0.41953575855671443 0.5646824403762896 0.47079743669104435 0.8211153346814645 0.8260820553603591 0.8695747957400426 0.6892986989959776 0.15639629097074204 0.7224140278498621 0.7407336256223289 0.33622630880738125 0.9149931580717973 0.9151151540759416 0.20998907608451622 0.2736176376724846 0.17419932561965357 0.5198053162687977 0.2951993009009234 0.4532742247847583 0.8794702799688439 0.46023973769190296 0.14720022945927158 0.2155411270105797 0.7223918838574628 0.9872590954524172 0.48804278226512143 0.8221817264528173 0.49613618152800476 0.5149949559413238 0.299752043164506 0.7542392982835959 0.36631811390465385 0.13774178547404037 0.12015271109874903 0.5140459975153137 0.726970961085819 0.30280097206701995 0.8737876866290966 0.550135507733735 0.07621681352123155 0.047154972480882296 0.6170433568064154 0.9870014588667115 0.852025023108242 0.6476478711712009 0.5472463436835667 0.05132014061415269 0.9010998716540666 0.3533414398679031 0.8010361529494573 0.3334700056544351 0.1580764703665135 0.7560002803830597 0.15205976549399636 0.14323072525034497 0.38406201745197666 0.7119356498201296 0.8100901829515371 0.5906797199865588 0.4192660528006822 0.5213617201151497 0.5283392030173729 0.44396637234147873 0.8038184170446805 0.8421221423074343 0.3501433461819452 0.9741108694053215 0.8856237308700834 0.28389291147320894 0.033252402001955006 0.36602243405050816 0.4008467385192579 0.7232838991371485 0.011464479949974571 0.3383444349287067 0.8881495153996101 0.4106306639483992 0.9044030758558779 0.8945290758049951 0.7767293745474618 0.07419699083780917 0.42613436546601413 0.7942352399201037 0.11099549171395084 0.43969657944970497 0.2745802115690614 0.4286526712395613 0.8348633819404818 0.7067026113725527 0.18126361647574163 0.8506070380097055 0.18736507794428292 0.19777504986906458 0.8893200513403015 0.7924365531745521 0.6433766768458846 0.05561504556511787 0.5002312466725239 0.09442119101184776 0.0006958378538038934 0.5138854646606869 0.9664418230501929 0.39217227474796246 0.13282539841795937 0.5374775211574803 0.36754117036899203 0.03005078078445944 0.8769194541015778 0.5414773444289734 0.8968364135221096 0.5089433420454332 0.227965692725683 0.05766980065536664 0.19360585749752923 0.5889719952079787 0.19309108977838785 0.5740834553324241 0.1226895842404433 0.2781064617479152 0.3061769152327172 0.6756747980339131 0.4055622876489088 0.5797752280469826 0.023697325801849467 0.05638541612719539 0.30265901023655195 0.7496605340945642 0.3210539514346018 0.9418094360474102 0.25044508608280247 0.8915210915761641 0.5541809292341366 0.8722786079913317 0.29817548593936305 0.13200053955363622 0.4967084681158649 0.575893021869988 0.4152729436186733 0.6065908484142579 0.5403370641665929 0.9560388980713616 0.7219803455675315 0.4702241029237365 0.2670945623537918 0.586912384635256 0.09287457235496377 0.5800902263806069 0.8290804202857105 0.9343669536824419
0.6205017268838022 0.935745262986607 0.03708052314111909 0.23674834985356452 0.9167751100634045 0.9721480356812697 0.5732944504670286 0.5176802103089402 0.8871570019119317 0.09755379362636862 0.974039747133258 0.4346295760657972 0.9083767013755059 0.4203959429419405 0.24657199575744648 0.5786705322976883 0.35010083140815895 0.7889924555006759 0.5309909018175193 0.10768891299227212 0.0959477832278095 0.042721161279533626 0.806906305591354 0.8486428352956289 0.699447310234418 0.41798210859287843 0.1066802697742697 0.6290484708679873 0.13449656134442056 0.10423618371404875 0.9329448841348726 0.9516804926627127 0.8274614411326517 0.774316609901445 0.9794502092665903 0.9374593400467931 0.5591179061574346 0.43526600298450546 0.915584792488945 0.07297374136300416 0.10330549322815219 0.3965306122618395 0.6422896634838777 0.9315749783849686 0.48370354865392085 0.5909950639656417 0.08780655403583981 0.8581927608998895 0.4518692812745402 0.8456041688658489 0.7791608907159293 0.8992117130429381 0.6140459368387934 0.4790692241645115 0.9133151650376039 0.5971801416803953 0.0805401912216046 0.004954397162599378 0.7256542950658512 0.3662337762115383 0.1639634610792684 0.7063370403894327 0.10049934278141115 0.7239527977460256 0.26943364013738635 0.47533139516733613 0.02575728683890377 0.14712644308649814 0.6559506399760333 0.9821218520162264 0.9480322367669033 0.4885678424596317 0.5166905866016761 0.3297159608621495 0.09122542322472071 0.9482094038574352 0.9186769733712594 0.5317655150795744 0.7899026910118434 0.9436569501002785 0.10844939375436802 0.3674713295082468 0.5577920751302501 0.9600835557209463 0.7662935052785159 0.6474806052774538 0.9424975202009772 0.24514039515844366 0.04751000173549058 0.19375938620904143 0.5148376664119465 0.9974351571217248 0.89488536428607 0.05886158064198177 0.4913456058951128 0.08914424605888926 0.7518945281229702 0.5148312018089378 0.11273040209438889 0.9541936694341334 0.534826575851705 0.5805481966960613 0.7960669286035568 0.2542731144392767 0.5543887319365107 0.1177186224272363 0.4536415011227928 0.46348458237414136 0.22840755425803327 0.7208169124731003 0.9893235122482574 0.5442203007436861 0.5432669891657341 0.08900572662736117 0.352169757752716 0.0022113093987249366 0.7518936499964133 0.1678137185556119 0.7867326029336377 0.16857205608650017 0.7214273971877277 0.8227836399419847 0.7983649581205774 0.9223577055420327 0.1870694498843526 0.2794717432973778 0.8795305602543814 0.6488553112643656 0.9690252371312804 0.18618424081459772 0.7422661522331955 0.8999958585877839 0.07808649004667345 0.807346393416331 0.5623574950614866 0.506788531950397 0.14813315277622385 0.4904678685243944 0.37023761489978413 0.6536873798135828 0.4040913509571715 0.7900684470456817 0.7474087903620987 0.817642969263452 0.02922723133449434 0.7803917550929489 0.024123321174314927 0.43660348072328947 0.1658314618245904 0.7532070224888252 0.050963474982373747 0.5982926667603082 0.3712756644452212 0.14659435796392994 0.9335253152932121 0.7057542229104212 0.27994024732377887 0.2312929196917266 0.7426725745149491 0.9032791675122829 0.05021409331121851 0.3924897971369833 0.04897664980044936 0.6049993237818114 0.8901712308719977 0.8192000036490367 0.9549231805938471 0.7427206701241181 0.7907555729298523 0.2610507660186192 0.45475201892151285 0.0021133699032842568 0.9593267108878077 0.7096743834878637 0.8798699789573216 0.3334951704593091 0.12934709132542743 0.5698077075676657 0.10850084955243522 0.860561710038147 0.8217140985630952 0.9307134567417491 0.23585739007458761 0.6230586922498761 0.8096649343520639 0.5050102557116165 0.2641337707662176 0.9463200283101415 0.651638344718381 0.31192566447314884 0.9954399668640621 0.09710331208735345 0.34458821985903587 0.5341308822234263 0.1494407240874599 0.6926778326930533 0.4981554687303166 0.33197016870014207 0.37234886670951717 0.4025730644106593
0.11060513036501529 0.08031051235121134 0.0744900824817104 0.559597497492049 0.24153183810090217 0.7510057018682449 0.3670313841400862 0.41914089388175857 0.9867560896123552 0.7083726061994166 0.5351147398033426 0.45210443082349083 0.27555379996822227 0.12004922244374139 0.1675949560313209 0.8859465694813885 0.05039418686668362 0.3415769501903092 0.008706170750668707 0.6722382283927715 0.08986491912041383 0.8254712010875929 0.4617685724908922 0.05095781546393663 0.47490141842778744 0.0735377053860089 0.8552116192426688 0.41754078163596386 0.3123995404866401 0.4485184702693753 0.48595278474449144 0.3909140401684471 0.15171876594369527 0.028654691338607097 0.9911223145515493 0.3661477202687038 0.47076413750990354 0.694915667302123 0.5252514505867305 0.5539441199738784 0.5189403384904847 0.9993767871765595 0.7114169858578383 0.13444605563767908 0.4692676140022568 0.42607638213299015 0.851436232312904 0.6240016584544127 0.9736858077487044 0.6719292850189023 0.14358714178194054 0.07518369607576902 0.20891000138947435 0.36096944192075675 0.169305542100199 0.2842130350794666 0.5436067588262777 0.5209372956640502 0.14799278852234898 0.9143816459183869 0.540678229869187 0.42274575560722427 0.4159757800113528 0.6135832497942187 0.15410493602071385 0.23959114395589176 0.18892763830193104 0.16749466369696764 0.8953388177275761 0.4379487587791898 0.6872578133206565 0.0017257486921329335 0.26606357168845063 0.18191925255208086 0.3042938470196931 0.34479699645724704 0.7149656667630971 0.15684012776179224 0.07164393994727536 0.8100737288684212 0.9638670308832425 0.167983740148259 0.4334683449605915 0.8164690709981627 0.43907294620681214 0.815592917591088 0.37054544092691755 0.9675075862730331 0.09907223707279988 0.9167877096053785 0.9197619593114705 0.9681691348332029 0.7570277560031055 0.5331363535460186 0.3255216553112068 0.5650672425160668 0.8052272875546622 0.9858134095018005 0.616275087263499 0.32772872508671835 0.9033172394789047 0.033765566339916675 0.8650207810400444 0.6215763897590791 0.27917913272054073 0.13425902110226595 0.29823931405120374 0.48278544604139906 0.4304028646646376 0.2262640067388766 0.5051101047838672 0.6865780147177295 0.799835738389585 0.870516641045236 0.15713245172532575 0.7780502443940727 0.280797188589332 0.31785600654669344 0.31079920718261533 0.10470436612723977 0.1292056274885529 0.4777994604172543 0.24826126153282058 0.48649251527104964 0.6586180862765272 0.89432257983731 0.36852127325128003 0.049745407499359406 0.7319047549543612 0.7638910743452111 0.7343964369565203 0.523105927714106 0.6699180638502463 0.5343789288362832 0.7852710905969339 0.16502917141906825 0.7801845744845853 0.10977264421616828 0.5782422074218818 0.9035307624615967 0.7161721466149351 0.7104959565713301 0.3485646644516178 0.2910256926370115 0.9453468274832685 0.6200880034464232 0.6752070673526882 0.9231848091639883 0.031009320632250703 0.2894952544246141 0.7366700363303478 0.9337841340468536 0.14980618197862294 0.25262998490476507 0.26992845738317106 0.7054812275194658 0.9341788677565466 0.06742571119696539 0.27741835077989274 0.8668221597213944 0.6648085850341849 0.7056027060218997 0.5020080231355435 0.20512211037655304 0.5342071396711733 0.680180169131717 0.727982294909653 0.5961244809250544 0.06173466158273855 0.21900957073105953 0.5473162582396254 0.4026993672650978 0.5368056228349454 0.666803579701267 0.5211615602367606 0.890240985650501 0.28189952426475207 0.9802511454614373 0.21679545734804062 0.32568910593448597 0.3050293609668343 0.3425495903618069 0.7770397276298718 0.5080178699095331 0.2994241514146464 0.05718106358377417 0.9117157489437163 0.03360468359596547 0.4049949116185372 0.8112716658707162 0.5985355481852472 0.7976507351186374 0.9766070828791825 0.7629983721401198 0.20889948496890043 0.2706783581501191 0.9783214059936733 0.9706644420921119 0.5476117094625246 0.00018856714676929176
0.292196983216763 0.14946949992656888 0.12688090428430832 0.6987287202042707 0.8105345748341292 0.02299473451014622 0.27526782349596146 0.7391088476514965 0.10442345388914032 0.2738013628810574 0.5890238252738368 0.7307062483117686 0.45378795515773185 0.14160584380655594 0.20813276440744943 0.48505590662453135 0.9762668994564611 0.7490528290975806 0.7666530801637049 0.5728926038585657 0.37446733685214506 0.3244315778140707 0.6270631623074011 0.04647355418224375 0.02767889975294857 0.9283209860037847 0.47507598971654286 0.6287086433083114 0.4557206230614339 0.7816873716489039 0.1635543807461256 0.7628766460766488 0.051061964140771354 0.5208190409994718 0.7451088047797053 0.9759920069509752 0.7481670304648189 0.6099913419523583 0.5091191351811165 0.30972584820824034 0.9326144973434827 0.876788853595521 0.8944077420890416 0.9224266623970744 0.029016363890482122 0.5175495808012408 0.365887958339693 0.8315072051776006 0.5300588140278443 0.11440236398181158 0.45197713075477564 0.04694100494296294 0.6837355217451291 0.4887696379852633 0.5143556639784047 0.29355270500914754 0.49511012615169625 0.8326809248187598 0.011141917268213453 0.3062404835989738 0.8336480332978042 0.05159013961438297 0.6374665636807323 0.06082224632904221 0.5318613519368731 0.9249243159359163 0.5976402404899701 0.7523508009427552 0.5831450846957535 0.07673432212904963 0.026381444602037285 0.3315574455012945 0.1989716806740064 0.311467822471878 0.4422304167955099 0.847247764410678 0.7764168180027413 0.6190512596683978 0.16524781872395966 0.3211591479159971 0.24405035694019628 0.9604427765142183 0.36321127069760917 0.33213958810743527 0.5563355508578827 0.02916229255271796 0.05297280820698369 0.005553796902260322 0.6919451652756482 0.1277032793470787 0.3818373099816975 0.5818524126634923 0.4880065688079652 0.29627929717825163 0.5365344178466858 0.7196809753948026 0.2968066894094722 0.7486768938636755 0.9271119203559798 0.24889216449425322 0.5364191723507475 0.9856741602093452 0.654781647773373 0.507459267730835 0.6774809010603442 0.046876546635409855 0.24979026107881663 0.32306003354440616 0.3369118206404922 0.5866706706566018 0.963071790568305 0.560986111231333 0.03605882641414704 0.2105594839097762 0.8257493587440473 0.8617181440554155 0.8506209566965912 0.8180290156455273 0.08794860351417821 0.9415145883970666 0.8286335370711791 0.19549483704524617 0.9621173223058704 0.2006110344642449 0.9237404506170087 0.6009842791310562 0.6765850938460248 0.8429146442009472 0.8857704553019882 0.8507949171245988 0.7796576326820583 0.4707349591032124 0.6356825877901643 0.6272176238535438 0.17069994632542373 0.7873193590046572 0.011265259843367126 0.5840640763154507 0.7443711572758785 0.6603530159479143 0.5793634073172962 0.1503037994592613 0.1742880785603681 0.862239476618068 0.01607484714097196 0.9456837735507737 0.43965004035059596 0.2925509469758931 0.3017415973891152 0.30852847039197195 0.7933654673868736 0.4180183211569457 0.36744116719944564 0.512709713767306 0.6539846631009769 0.5527578143321452 0.2130388398484887 0.2118427642591484 0.8866682393066686 0.8596295077888938 0.33352162539300056 0.8691927185377267 0.811613886746007 0.8090773160813491 0.21146829425356284 0.7368191873347053 0.6473777505753536 0.9999969285323884 0.11939090095160698 0.5286771087573315 0.13023119471314826 0.30657631137484764 0.27300679146028317 0.6387360211019888 0.3155722572835872 0.29686806544661604 0.7251579628593345 0.0927729664126985 0.7727926158759487 0.4113218375493688 0.20969107581633617 0.5515982771814002 0.7882189429023088 0.5630886756255223 0.9595508796099439 0.9011525468998817 0.7861748707982252 0.10716759167335432 0.47736705399276147 0.28384658416025077 0.1349890718177833 0.5469283619757301 0.835802794896872 0.5349803343275004 0.50957915668323 0.5205542202070789 0.8539726753511458 0.5108100704482378 0.443172477435114 0.8653873705948302
0.35023858753948733 0.976919413677819 0.6523212414319366 0.29640747000991985 0.984895682218073 0.6017757010392646 0.3237788814969105 0.6820234076431498 0.44341087509796495 0.04016461434401675 0.4323988047416485 0.4300125003159675 0.519338803919796 0.007753809213829399 0.7985118507093337 0.38320172695894195 0.5259973568223877 0.6039960270234158 0.49977219705462317 0.8599360929513445 0.7227930293188083 0.5352233327928267 0.3139432085659004 0.9916923514336174 0.16845833857939807 0.6329974190822104 0.23499249910891917 0.6284734500795495 0.20582257979662266 0.5101654219861093 0.4162360969181593 0.7517977590397189 0.837067355719617 0.6765920880330799 0.36094567545318124 0.7939960070060084 0.3794329702864101 0.5066455203386926 0.7888028596082521 0.1543991849659283 0.7319202887959769 0.3738048281645281 0.9428677383460095 0.6468689459272307 0.8987863085068825 0.8389990390846559 0.9911294379254744 0.7345702866258543 0.8191865363220484 0.005535668564475182 0.23676240216586397 0.6983350060820649 0.7290826364971726 0.09735133215374081 0.08160228083749466 0.5713361969571443 0.7215428770512174 0.5818309325582045 0.02911866236239924 0.20767567992475666 0.48564840953720334 0.6788913657265603 0.24932065659378033 0.047427394219274 0.9705386247796289 0.41205373470563167 0.5034435611157301 0.9810360398445461 0.42775423263021783 0.5420833007513949 0.005664097134863821 0.26697788697235947 0.0653634250712114 0.9238431714428648 0.2874291521443607 0.09789328139482678 0.008887028258462215 0.4679011971082524 0.9017417177409024 0.5503927367517799 0.9511696209885229 0.5981499736225011 0.9821151147530985 0.27138055336692335 0.07306776194596465 0.5276683240783955 0.8751538438208359 0.2687553738636076 0.28572163221112534 0.7049693248064088 0.15223878940614588 0.5114221544842479 0.9280716227914022 0.596308136908349 0.40534391646879064 0.6320317892723246 0.4054574490825239 0.44892163299287213 0.27086410057089594 0.6420005938016176 0.9373325004398795 0.40729611372848407 0.899650748817056 0.013323453261784635 0.37431995058275946 0.036268899738628346 0.9261061433315793 0.05162307550413203 0.9659860271544848 0.09384678379796185 0.977131371274794 0.5450164176514614 0.7981344394182022 0.16813216904270856 0.6745146691612994 0.30783728796347765 0.3837636121542266 0.16016725580107194 0.9111574965336763 0.8334711440685021 0.06983717330838046 0.18869198322972902 0.4509339662024826 0.53081004341272 0.6759060297412477 0.7245390087735807 0.5060513901168732 0.498316835599689 0.1441759065564342 0.564685130733116 0.8430518438553725 0.9847233766684803 0.4044656280555279 0.028211473861264103 0.9402982027750506 0.5352102113956679 0.6583643611062907 0.014783502807234394 0.8050912022524394 0.42914161501406134 0.049930809107704754 0.37844696518709364 0.5528858083767046 0.33763868051626367 0.38105565406852515 0.28039078764246117 0.07170220594782539 0.7223467577008286 0.30158575348231986 0.24709838576279508 0.34423342465510987 0.9627194258244183 0.24967360484259826 0.8864807088821393 0.5722211681489223 0.051570706833531266 0.06820794611052383 0.7344029817314015 0.09306950089266308 0.8795207296475037 0.45578739271794033 0.6565190432381884 0.32236033751507676 0.8525863651894584 0.892212185300991 0.16980735388408574 0.9937093792914947 0.004661714079253976 0.17940365405419456 0.8529230543609674 0.680739295425197 0.13936792029327694 0.04006007110992249 0.9900730287396147 0.5480511089136784 0.04761624842311907 0.9476892468285424 0.2470884218530761 0.28544427072520073 0.7294184434267709 0.0387957147605098 0.09389996304367398 0.5532166206164757 0.13818543524826765 0.18145856940261784 0.4107397348264904 0.671862440346594 0.797959214285588 0.926902237293689 0.02939893548189043 0.7408866967884042 0.9934520430361217 0.691874031043615 0.1010292809210609 0.24504136346129468 0.044565337775792746 0.16643267785921823 0.3404205716750809 0.528851960489764 0.37782489148433485
0.5025757209216345 0.03302346155459812 0.6591199664448996 0.05373669037466533 0.6904912576465594 0.9645178294254777 0.17451143020006377 0.472638502979732 0.8748333481066377 0.30432985504023036 0.16625025678379413 0.24437244446994977 0.9107195464590847 0.35189378262180615 0.2654444176343276 0.7154382042609716 0.5120533100440323 0.015931085590782934 0.07099720057958203 0.3577436121198807 0.5344780428781125 0.20056764371348956 0.7949801113439904 0.17505838599279733 0.5675309554006002 0.9172110363743037 0.38018449405903343 0.6284675731787341 0.12813426224330882 0.21939250904981644 0.29390927293215063 0.38003431282061517 0.13740028926495784 0.8044870563749019 0.44024090844281993 0.12717083325905765 0.08583946339860549 0.0313655648773421 0.42968907963890945 0.8701213888308817 0.03429087777585127 0.9707828152243005 0.03749739244312755 0.29288786920142784 0.7445401976001317 0.7876418974889159 0.11776848379449245 0.912513096381101 0.8477313297575041 0.21370037249394414 0.8712487213825832 0.8402819472673788 0.09678561873488045 0.3268959120526794 0.9431930681719025 0.049229638128354125 0.3881681336830948 0.38549335448679045 0.18273302605531816 0.28976445090673286 0.3417814944832832 0.19477899856723935 0.2658912143101857 0.1649907866575534 0.0946120627337329 0.621542324883452 0.2606191385437553 0.06383402931619175 0.2805287506462296 0.04156958082995377 0.07992821769127234 0.002550872247631286 0.16651903769254217 0.23687473693582362 0.38618407349602246 0.09596645246491753 0.5614992476167285 0.9737455203970508 0.7126288334269275 0.7306062262200869 0.7532270513022805 0.4516489306218894 0.03485929272070032 0.6295114114171725 0.2948951417084321 0.024044933860676743 0.9009114157714949 0.6429990154604821 0.0890939525976544 0.9550658667342619 0.2652970972699743 0.8095817966977441 0.39540535537877064 0.5207895778567523 0.9957808224338264 0.12128262171934057 0.09709698084141705 0.7388436461292001 0.92397581215017 0.7493497633599325 0.020177904080212583 0.4241978861018907 0.03482740299010689 0.5628163875404626 0.45881101744647934 0.3083929072835194 0.6467673739780163 0.11942254502073768 0.07405224804930899 0.8482930275155848 0.40105610725148355 0.6917041179150728 0.7381771066089544 0.7402791806117408 0.4752011357474326 0.6714754770949748 0.4161764856741508 0.9787250389666411 0.22297152401295972 0.13333349676841966 0.5579783599524591 0.4479266566983626 0.7598284888436646 0.08097019322270671 0.5669147221673874 0.4092221174420744 0.8845254144996911 0.1019741724285308 0.22936169077536805 0.12698193141136582 0.165081993585375 0.8197088610151415 0.5225502862315806 0.10534388450534304 0.9347443122793624 0.5045674274531036 0.9403901982438383 0.9276187683630838 0.6728620935229696 0.7883912271522924 0.6516169297990506 0.19024879664523509 0.68925735332478 0.8306201674229884 0.23669275703101533 0.9725164838968184 0.1475944756191867 0.3148087232168558 0.5539345297133665 0.2359261715999338 0.16104175224851935 0.8738623197178351 0.9620116560558888 0.5297487378629646 0.7735346982035689 0.5962483318741875 0.0995495041879132 0.775238085349658 0.512120341061842 0.7110625493657359 0.48851101483482495 0.21023037467002514 0.3640915415802134 0.244940199317345 0.3507621454979535 0.13289937858882617 0.8529835384433595 0.7425557379112038 0.699292378734781 0.5026843167805115 0.190186063499858 0.5094291526822161 0.3743727475073034 0.7436244308139502 0.7569530463190279 0.7073692740519885 0.11624681774810308 0.3553759668693749 0.8093993716188697 0.8287639679517157 0.9697918580877385 0.5760447966490105 0.8786523647510094 0.9168254089188205 0.23274488156595285 0.3628319466500497 0.13030698212933656 0.9643802993416841 0.2812096722939972 0.47855278754036534 0.5563107968989838 0.06517951645447218 0.1808966849225091 0.8115974910826933 0.7370746424479149 0.022712170287342626 0.15028704025767092 0.23556491225114207 0.2941840308411505 0.3870404604034444
0.03906866360679506 0.4857941847078159 0.8466102591970508 0.4362164519226177 0.9986816574741086 0.9079934250049323 0.1683960041310194 0.9748068285840968 0.7786750234649293 0.8716138199675039 0.8480296808605452 0.3821319639018599 0.8305404520772104 0.3728433345067921 0.8284289008664139 0.5339516066252078 0.35789208645367276 0.8384400804215407 0.8465889954235705 0.7086858222027743 0.969854781452671 0.8366417781531367 0.0366893822009261 0.930991537796451 0.2543514149188649 0.9841055397442818 0.7381048216916173 0.22245746980008985 0.5879359165084591 0.4734777980228756 0.9760142612926059 0.8810540152209677 0.35448729187478445 0.4382411673397276 0.02618400549856259 0.3753841234873623 0.23236219818766968 0.14473153668332073 0.7595120036300067 0.5732966008050088 0.06631182621273879 0.5673693295997121 0.4697130471621571 0.8595837504078929 0.5232403689704074 0.9393112776040948 0.3317165613340689 0.6698933474236136 0.9320039684862393 0.16141173866070968 0.40824390683344935 0.65231969046889 0.9525516518430156 0.684960185000345 0.1275375057663879 0.7878581433187746 0.3920832980502248 0.6241013119149433 0.594869667534519 0.1632661313826992 0.5928741290271272 0.982539694985084 0.05010321730321943 0.40334151424750153 0.34888554764457347 0.3159480321499044 0.2564544285071553 0.5852442959195685 0.821245710009896 0.7530500029969796 0.7244669399642264 0.5690087690882438 0.7378450267751384 0.1677701646165901 0.8184161808955616 0.59693096582195 0.3744621959131543 0.41184825904236055 0.5948931799898237 0.10782630122040893 0.3946243497075911 0.5281152849470555 0.8263866863585799 0.055664905245009444 0.36766653730190635 0.9120243869997865 0.8969343497923514 0.6356751514841964 0.5309031012039096 0.5091268359599547 0.06398149990585034 0.7658026976783364 0.907109824626822 0.8486427481794822 0.29541485320308747 0.13934767319251729 0.3741313297984492 0.24542049538602717 0.25833882008847364 0.5881622834104266 0.6227678753388799 0.6013890137342901 0.1495331305576605 0.16798581444982152 0.22450965065331552 0.03209981682455487 0.030738159975877255 0.5639489997765005 0.517867368261523 0.9953173801588289 0.7825445680403146 0.7029857114532948 0.7698319867708541 0.657272194193463 0.8416299843090286 0.5878607630264331 0.5262682013992277 0.19776688993406988 0.047129473866424965 0.03484226867657492 0.49404577290902296 0.836581651731044 0.38402010990379887 0.6260156400346706 0.1534226337349478 0.5418714062398745 0.18533137253418486 0.5106779429616991 0.5270364546350067 0.4435194730764559 0.7408217220408996 0.41712273986521975 0.5955459115096342 0.9381828177900029 0.7155290268037773 0.8963077623257933 0.745378677251202 0.009422472214246747 0.6311938993911973 0.044246955849640446 0.5620334228237582 0.551834424720208 0.5665794906037069 0.7176916632168282 0.357848036838331 0.9195828832947347 0.37258873024464545 0.626272739375165 0.8927376883752788 0.8110654789182488 0.9560518450535348 0.8378665751684268 0.6627059669373426 0.77334526751131 0.9181677894685948 0.6740318621080001 0.36253253451003253 0.6621019758908792 0.43617980225806086 0.32730354306632736 0.05939592736372712 0.18394931416286897 0.18877966923048772 0.641924388409097 0.5257415129619462 0.8394038368086718 0.040906800612661165 0.8517314760139397 0.1688115563730057 0.04485589812185242 0.4706688099488219 0.8151737692320702 0.5802062619909797 0.046767478782444916 0.38086508075833003 0.07203954820736413 0.5803788900757558 0.1142758426762922 0.15583336355075217 0.16762534468631463 0.6796113973190079 0.16669582390518167 0.8134429781545714 0.1025033805665978 0.48161248255157385 0.6690327681854508 0.1367905974050213 0.8209662791335798 0.8228917256355078 0.11640820270569419 0.4073768661933569 0.8637875868831087 0.9414837796015734 0.6089482869864695 0.023444760653133057 0.6345021694685729 0.9179974090827646 0.6198233536409431 0.6687395721612047 0.9233434735401158
0.007522293330745389 0.9881260693195952 0.09049712699416168 0.8136594817082566 0.2042625847215621 0.6320141561378657 0.7440263545316589 0.35887744743724515 0.274635207847279 0.9120509956131619 0.7092251833420132 0.0008317982772375609 0.8047256432165473 0.6590160834733165 0.5466941227725686 0.8481769738773892 0.06374262682070742 0.5184760780304197 0.12287942942845365 0.07225570161129147 0.2871229526263488 0.5071565181831805 0.2729223318445472 0.8727734423397377 0.9110161985851614 0.3349845085527765 0.23294623897911004 0.4010273696787222 0.8139767689054447 0.9754556712098886 0.3099120248422451 0.4497283066066702 0.042930090825287204 0.31278566022618104 0.8151659902841153 0.48791656525069715 0.6867187035077909 0.8199034907862545 0.6333419188628717 0.46928816717793853 0.6252073507881074 0.963511893768734 0.5979304946319629 0.9500808866206686 0.1446025625915549 0.7211858235358528 0.7222685996971705 0.15298581341276785 0.29800416556223475 0.960610388100944 0.02778511082545676 0.8879346217503432 0.5435235257062454 0.2177363715544821 0.10054966576964985 0.3059852402815947 0.616805464756142 0.13156256322772986 0.7283752732995241 0.12077116922470021 0.8478779759635419 0.0022747960127206257 0.6718442806124927 0.35352034541289845 0.1571930015528119 0.35031484591846174 0.3881783126084216 0.76128916482495 0.4549676124568087 0.10122883263405469 0.8385900965118388 0.45310458241198137 0.023852327527891126 0.14745684549374194 0.2345125951548892 0.06581407629211633 0.07227439348735676 0.6217558945586542 0.2043886223140905 0.2380920109061463 0.9782783619948866 0.16391887801889493 0.07056270543108634 0.7667981938669584 0.7648032764731012 0.7356404255669204 0.11691675627323206 0.8624423519456298 0.09401745677648488 0.43856363243805074 0.5760053954634745 0.44608823231353445 0.8785433571308566 0.21498434614879258 0.3417790868387184 0.9589047618894633 0.3072688056202859 0.2464774853958528 0.8326063780725736 0.9995564216227221 0.7222561169072054 0.11246743732731024 0.6062562840539962 0.16651073126504135 0.48243677232310067 0.7618794715349138 0.06267226971765083 0.30212616918647295 0.09261528027585719 0.6226889336316289 0.14088862118236056 0.16540016765203702 0.014036862999733946 0.5172298560760148 0.5052142117066293 0.6022192377451766 0.36726580440262857 0.9736607132140858 0.1561916142035168 0.7492655185992709 0.2096616378879962 0.8640119837077527 0.9864119297788737 0.020195279528864463 0.41954603674173585 0.32607780212196835 0.9665964398508932 0.8850511334982848 0.08597921383881779 0.35076303951374244 0.6884331039120651 0.7453495988666792 0.4070806654748038 0.9359454920423266 0.92162220546813 0.3590946472302946 0.1658334857167585 0.537670049258726 0.9658016869760211 0.7760603459927597 0.24837827559791814 0.30601938062475253 0.4515669986050852 0.9825163186687673 0.20302005002749246 0.24770965943147993 0.6316735802666872 0.4555483675382287 0.6331119854436205 0.5361135210766491 0.6807661618583776 0.19722794862307713 0.12816564138635822 0.944371156156572 0.33643526806188573 0.7407876495812878 0.02455644582754568 0.32730936876654193 0.5707712046141565 0.22318474114838205 0.18355485082263512 0.9498245153126064 0.092294125904815 0.7179220244864966 0.9612136803223426 0.8579103422932294 0.48141489872601084 0.9862875240131397 0.39685516103636265 0.026113610406429788 0.45288079129917813 0.23040431720648435 0.7973318095247581 0.46463817839936916 0.9038752649624554 0.13749514599859214 0.26830787740693596 0.4676460552884898 0.22811856404106812 0.5314180816378924 0.5157441549027927 0.2194061277389786 0.6233524087673427 0.3630669825102264 0.8210855503143667 0.5537304022124895 0.259398107153488 0.7394051444624036 0.8353840540611158 0.7395980148598515 0.8555190874156275 0.40013621815124145 0.5289328002656123 0.7732470928592793 0.014229046609304019 0.3375312446590575 0.7320870442198405 0.3685688928035954 0.16547335969660948 0.7819190832293881
0.7000139727016141 0.6028067239817928 0.4365226880002644 0.4834132021632648 0.6719265716910219 0.726832987150142 0.5580527117241407 0.08733980789532891 0.25166084805611466 0.4719948347439812 0.06937004018242898 0.6639757200253289 0.588147666455124 0.23884694398090656 0.5327702398245574 0.9686082687534219 0.7722282572353973 0.8166382827077288 0.6642533444408112 0.5775499303302323 0.9069051558661708 0.7706547965921751 0.18788248698109133 0.2477182980749596 0.6923440653249918 0.45144248785994257 0.8264331220945537 0.9713644751612471 0.4074528328867476 0.16711383214662712 0.13027819263990004 0.37296360538011286 0.15863268245414386 0.9088448194126858 0.17929724154510007 0.5063243389102674 0.7656639101464585 0.0326408428306636 0.18492806816822316 0.38316984675081733 0.4196923639327129 0.09466891767149532 0.8398082806302098 0.5213033769391867 0.6501395123655193 0.564957041503453 0.48862296952707307 0.39580616576520633 0.3238558266794298 0.801101495229452 0.17026778330606196 0.9031651296098534 0.2762303884614564 0.7777647929563278 0.751804075498211 0.10611373274066649 0.36895611908707926 0.3837136674474291 0.026343373888278898 0.22778418305669623 0.28963625551572647 0.7446588831920842 0.5809197836665386 0.10765065918878947 0.701128587717323 0.5837275734926991 0.26119134850496395 0.601182503549286 0.3941459285517762 0.6726263653192228 0.2062404657415008 0.7666652679181702 0.9346800172228182 0.9186520979195675 0.7430462582007421 0.843662354454931 0.5929696498666251 0.9226534802217561 0.2609340738757069 0.03611393254345985 0.17505895238853642 0.7166339016941569 0.48628787045559785 0.04933914873479084 0.13700230928982904 0.38388705949573465 0.9424186156001756 0.5906580868257879 0.8673474856213919 0.19982771786727938 0.7446728920851924 0.14556029044245167 0.9829903638931173 0.08536781442134844 0.5031632761144395 0.4216724512230805 0.6848483183581117 0.5459092689889546 0.25678978849407885 0.42978887296518475 0.1179232865528338 0.5369958549266761 0.3403687561505594 0.5665075755955489 0.9768407993427056 0.7797744995598158 0.7151077215808851 0.7695599002051559 0.4182569504390039 0.6733133159762722 0.3066432718578648 0.6580927935312333 0.2713946304431306 0.7528844239880779 0.9022019361473926 0.9855559911018972 0.8751422890586857 0.056468268858848925 0.47972649371002307 0.9619856239370267 0.8236069667135684 0.9794281839741314 0.8296668292441167 0.5602761756098035 0.7476775720175963 0.8670751790291753 0.19619654920689678 0.40948217961563915 0.9032693175474862 0.8859939038409044 0.516926817447692 0.14782975910492602 0.45809594211106897 0.9888964435503717 0.030683173605982272 0.12235089317940373 0.5270948576552772 0.24889699883611827 0.6672054016711235 0.014379156486766576 0.399707160233578 0.825879988301687 0.9658775687086423 0.49812387248741197 0.09945531991014867 0.5280889364378476 0.22087290443970986 0.8883022160301344 0.5360768826097071 0.7505299560514457 0.04436807157326916 0.4629496267448756 0.9377261254430874 0.7007779840153346 0.7442778198087011 0.6431870130427708 0.532417357536018 0.3059242652786931 0.5750454815066266 0.07303449410821383 0.43068235430063473 0.6417099764961186 0.9534193227452538 0.23779794096662743 0.8844516911764757 0.11743472396761279 0.772203242023086 0.6430244318562444 0.0553242373579409 0.1519563083576133 0.12224312612582544 0.8599413118704866 0.9871405611258343 0.07772280708587653 0.4815873499540725 0.3976413734342471 0.34756775917415916 0.43720408766540253 0.11838530166800543 0.6865009246240489 0.22780475588394367 0.12045318616385614 0.794850273082139 0.858935082559639 0.49380473321797036 0.45062953123462735 0.45512308469099605 0.43914432824356364 0.25522979399061185 0.7976295451180919 0.7236664118525983 0.5918410924136633 0.6892264817335446 0.09124850616527025 0.11952678059962207 0.5199819828789907 0.8900681138520219 0.6359476060550033 0.6836002915389388 0.8907889080337548
0.33973172932286144 0.39373909526805007 0.9623751689018101 0.008583310379502884 0.34545593218678783 0.2180134590664513 0.2913467959010281 0.1241788359663829 0.16526984429370672 0.16030134472848967 0.3613787556558954 0.6848016320753848 0.11842704996577125 0.16828473974205815 0.9142420271211223 0.7397229460203453 0.23121706838209666 0.2236258564042165 0.6324614776469385 0.23502754162122974 0.7982663754263306 0.08158736735471916 0.06867193262352189 0.35517316023634427 0.4909609463217818 0.9924743090030496 0.41236508135154826 0.4492689723332167 0.824028461971175 0.8333293730689633 0.413974797684017 0.017560951621596432 0.4955037782281617 0.2904730394664994 0.3070598988970986 0.25685185156902857 0.7245045532466723 0.9338793411622369 0.9522338585489996 0.5297007262355122 0.14688127905032644 0.841219832032377 0.3045939413582548 0.4059967577496095 0.3766406099052727 0.34541151663103986 0.6413019161270118 0.9267649384866223 0.9841221478884714 0.6825704523681934 0.9319136290648801 0.4603835530357614 0.20362193355607594 0.03807397001576285 0.09503227745872178 0.6607557257974671 0.788370236016521 0.8405976306886201 0.9490872630010895 0.5358059045448442 0.04685468512656499 0.9559757849703336 0.8027539225649035 0.9272458457864811 0.5709127938184597 0.27856689646606614 0.5857949263875447 0.659050955877635 0.10325017189107577 0.9549593728536512 0.7348506915096237 0.5051757884279495 0.5490199333797606 0.27727540648813187 0.6891082057000267 0.8143135568262246 0.20161419253780266 0.41320273237660343 0.3654021224232403 0.7903141746592746 0.5775643625775578 0.2772113999513416 0.034598559480351065 0.39275166169132714 0.4695993075323923 0.482422576046328 0.6912418641039344 0.10110807647738951 0.23885311594149772 0.5607506098687991 0.15086088814263876 0.8732510507306512 0.3804685021673623 0.962892744797848 0.9672339129768767 0.20018352384402482 0.2664243386006757 0.9365224334777502 0.39672588314709967 0.5037886216784333 0.24107525119743567 0.21006519535464674 0.4350670802836033 0.38900213998955846 0.5289027050764784 0.9084533048314972 0.005875827240133247 0.7120822665201264 0.5971413555752374 0.03187220659476919 0.2682580812973856 0.4027295044677498 0.03396509748624266 0.54724890488163 0.07223151829587093 0.5510673276604199 0.16485386569528915 0.7231662857708583 0.04414987117353053 0.9456533781150129 0.13134953613987765 0.15013035908125327 0.5359073465274051 0.2651587367728633 0.9623112755261813 0.3311470028742626 0.3371488637969483 0.7000402792301708 0.5166890173193358 0.4044107753305525 0.08468979328644777 0.5048917871589713 0.6899581876521361 0.19036123010462125 0.7486931824289614 0.12700319732214593 0.398877879172729 0.9641816832504422 0.5732843589686523 0.5648239974328155 0.8456113293005457 0.8220339573450558 0.7397557444940274 0.20435433710516604 0.3389430770767218 0.47162257224431703 0.01940062973728185 0.1790921620645659 0.006384518680711437 0.9752537151544928 0.7503462954738728 0.6797365005527004 0.4574823461792278 0.8857575074807307 0.552262839161372 0.7338906922989478 0.7174954781943128 0.9158204051240739 0.30794892531775686 0.9656359877452475 0.12421211473151095 0.21533462525027713 0.640334952227622 0.983172434596012 0.45671010090103037 0.0819795925874458 0.29643231752087207 0.8901205670290778 0.8323957225533727 0.9700222045704426 0.5520767008707287 0.41625582994294563 0.7551722142261414 0.03411491814274015 0.4065315558529483 0.35114489601012366 0.36414531001484685 0.047088279551332546 0.9040785154877133 0.575838959301925 0.731945504354936 0.12656404715280756 0.36959476566579474 0.6257426903530193 0.4337013018739051 0.31272037178355194 0.10443063130530883 0.8662592138716595 0.7450573638440399 0.3697334435755735 0.18508943112582354 0.6056083326243894 0.10294105938959885 0.39400871175174323 0.477727805738941 0.4279541378291105 0.11660765883577351 0.040857080870820184 0.2082731210827875 0.3124074768512147
0.45237312381584616 0.3903769142301847 0.5353947545947166 0.7974567071366949 0.5656409312662604 0.45543692225997745 0.1398481392034171 0.5982533137659863 0.6952333696152799 0.5435510297511887 0.14246713573085346 0.1630884364466587 0.8188397920792364 0.4356197375688349 0.642313388679445 0.9438759320199954 0.05305662945342571 0.861841984746671 0.6618019855819538 0.6191330184667642 0.5741656708591399 0.19137395210839736 0.04681654868984364 0.02291596614123481 0.335235403122521 0.4956124445063652 0.606748559505372 0.6880477863884125 0.22874019716191318 0.16191016785056211 0.22433478605428891 0.9894866511249367 0.6860733346643896 0.5912153033701476 0.01245293692755034 0.9858877386956775 0.10474558830278324 0.7791553668938154 0.11446773800682442 0.7850539454984443 0.17820073260334945 0.40876654951097413 0.9857127665998661 0.6901678505632499 0.7632254003500175 0.9625759966969688 0.16019983505096258 0.9646938299993926 0.21389058140279615 0.7017497569394535 0.2840234060825385 0.9413797568205845 0.32224530947348085 0.35622817634936566 0.2926040173905985 0.9648368218826207 0.022384727863559495 0.6072774916780989 0.9315947956151213 0.020331093286597657 0.6059473776463434 0.3716432595739745 0.8206159129581572 0.5731856050935417 0.10315189354609722 0.07639448708925944 0.9965411542418944 0.5919385345030179 0.47796849473219005 0.7099380748920625 0.21471671740774223 0.307374077236823 0.35395960896506606 0.7205189589422876 0.21207299717353312 0.9112810500882828 0.7746584676933461 0.6019902070112007 0.044664722687477676 0.15236617726046942 0.5906106667134153 0.7058388501786151 0.014966379002096075 0.2821690338829288 0.45241216810640505 0.8374117968839445 0.42931607326773424 0.877867691603335 0.16715914073678717 0.16296945206121893 0.6849215094564449 0.7786593803570625 0.9820596902999126 0.6788752238437271 0.9017289920588598 0.9761305392692871 0.12670090103446474 0.9865098752242069 0.16327673563673573 0.919021155610608 0.7075147977388515 0.5484401562195774 0.9169868359491004 0.6034703194148044 0.0346567593346544 0.18085295980102456 0.3766717723596653 0.670598129440024 0.8863115992161028 0.7483533756463825 0.11505133738571793 0.39021068544551707 0.5919191245695947 0.47767281595841016 0.6731209919521387 0.3774594068144401 0.5336799888744145 0.34360035375833986 0.9497681016689165 0.568005047446619 0.38913808157918783 0.5897501130946645 0.4989215241317867 0.06468969776909217 0.5457808467784753 0.705155604918127 0.002475271670978607 0.9526067417533312 0.4763212710634348 0.8202895506730584 0.8376902029334569 0.9379924616529688 0.4028576604565298 0.7142473593011357 0.5586200546152533 0.6544407855362837 0.021470989367757598 0.40348768589952366 0.6733968900865689 0.6043031265504119 0.41700524050884813 0.6009894342071679 0.8506317302998814 0.43834733176691576 0.8274727061623158 0.45525649481082686 0.2684491012653707 0.608553002130202 0.719538186508239 0.276690201766174 0.5632475578543692 0.888944802854938 0.146602407675254 0.8137680111939168 0.44542592774499423 0.8889874947395235 0.04308694710390548 0.3362982854540798 0.7163723956538758 0.11044203633185756 0.3919127097139462 0.6811054002398474 0.9487971424574272 0.5462423017703971 0.150686503145688 0.8304589190685305 0.7269114808031163 0.5332526861193371 0.6485629395174756 0.024464246467285622 0.5461667089767259 0.04737935804018445 0.5893941894917683 0.4848536368344959 0.5587798097927822 0.3831731993401727 0.5849951210932701 0.28662741064851605 0.3549007832825012 0.702110018701651 0.6809228653905135 0.2476562477887837 0.7180084588334545 0.20688838403481502 0.7703025144248962 0.9678682211000242 0.774141036671116 0.4949226792508348 0.4242351027510549 0.08436602223651979 0.34304587560261 0.47581002553244356 0.2561955918998736 0.6299735656055663 0.149038893283727 0.09438554318759507 0.2772280691703265 0.08732352973961699 0.016145476796772806 0.917027979671675
0.40620307046969273 0.5742178086700974 0.1545438626967678 0.8391101703527031 0.06080414936183376 0.3309364556908255 0.8355074382911447 0.7141335929975546 0.6117115823045938 0.897504684148157 0.0020590563380180615 0.5731700384196728 0.09593160097101983 0.09243608734545616 0.34090937902120433 0.05071540076583958 0.24579207460763852 0.2693696730443623 0.7989180281629379 0.06528157996659312 0.55036578425416 0.783607092559603 0.8977534555915255 0.7606472633961359 0.4125515061113353 0.6310042232680328 0.08716655411494734 0.11682049643282522 0.6574285270550702 0.4206120993979282 0.7414278073107325 0.4710245160770812 0.33210222184554183 0.7458608839984219 0.17324929530606226 0.30811797402988605 0.6519727887499864 0.2921692426669863 0.36456300476787473 0.9235346156242243 0.7122904546663678 0.7916306830105139 0.020514494361927982 0.6084570608364682 0.7257661986891661 0.6605959033635687 0.07848585806036001 0.6048066964028121 0.7253493797671445 0.33614689561327704 0.6959709287188156 0.5349344910873527 0.4009720664916525 0.4062016266461329 0.9281057410609547 0.4143667512689143 0.7553450774651956 0.198926639409983 0.49028049957665576 0.6788020812067648 0.3944702322283935 0.9929502931034314 0.3912246253727518 0.738878200050347 0.16759957363299272 0.2137668893728475 0.2584101264360531 0.9195842417295811 0.5154843724270775 0.004295952211842535 0.8816325661385291 0.821528137980309 0.6816043423931537 0.7613376429728359 0.3730226475963121 0.4842572257876476 0.9212107407811518 0.901446062625993 0.5615777719980458 0.05779409734626151 0.6137800407580447 0.10311167841439262 0.9964040449674267 0.43662600436364885 0.9986215528261438 0.14809550927847848 0.8052633440811872 0.9633189614346558 0.7512313846378844 0.4672753412113835 0.8541872173175651 0.043847896641532325 0.6729116549659123 0.05421688597006602 0.0777233195424114 0.2640187949331573 0.997523755981757 0.5065850032258445 0.49400042266740785 0.9523328425146149 0.012582497913068758 0.7850604483625846 0.9288539068613998 0.08117431209440762 0.887593489332105 0.9911365306029406 0.2761222792471554 0.7908437293761258 0.16286681324194363 0.892675436234196 0.5341493112083555 0.970884343339541 0.9194670941227772 0.24168924073083953 0.6654575837163494 0.18806316251786726 0.7134638837413977 0.731710112597898 0.2768962249578574 0.1398727501330378 0.2152180097456543 0.406382492181971 0.2624384415489105 0.09947782908538783 0.18123078172349694 0.1277597680987298 0.36148803523335915 0.7923564997313685 0.3599156448144295 0.5598055475813626 0.7215068521136121 0.6366731085328191 0.8007481431556386 0.2489332958485464 0.4498918716437966 0.17656289761152832 0.8305678989992399 0.6208230555797928 0.9752876247642395 0.37671533865505413 0.1301300324065744 0.5863828319401868 0.4433223674532971 0.8645085378931311 0.9876046807279867 0.8888707255610097 0.2624350450029127 0.2164220795222318 0.7757862897630636 0.6942801719282784 0.40933877360834314 0.13866870572167322 0.8077181340526861 0.4065085014263562 0.6776974840575736 0.2477875295936094 0.3151522466736849 0.36985968552347315 0.17081056218618984 0.6625736030744316 0.18387961267101316 0.19107629765114664 0.9837679328209008 0.11749003309716688 0.5650358756450947 0.4856441330371011 0.9539184996021902 0.22170462217090714 0.17668099387205427 0.985184432048435 0.8504224948694807 0.06024048628417167 0.004086838218907429 0.40518566386686905 0.15393673316964407 0.44919793443432043 0.5719126801353286 0.12794035716137742 0.4313990452788493 0.31999003414248206 0.6253295492217319 0.399486421606026 0.4088715874440002 0.42505149355303784 0.41825719317747245 0.522815514195609 0.8312877568289009 0.9110074557804425 0.7908879938832828 0.8075867376973793 0.4875136231854482 0.12228490622648358 0.4445248596256377 0.6540084963286464 0.8527638750318144 0.9962343725767332 0.9039842691670928 0.4893706157356694 0.8620839138423835 0.06264769401965598
0.38711363606029736 0.7522657193499551 0.17855206821595382 0.14830498223528055 0.7262124248713387 0.7397107127147087 0.8698602880278087 0.09629031997166071 0.5885391503594005 0.7684029159306317 0.7465014841297866 0.9967112383943276 0.486138438336734 0.5944797050163502 0.24794728157901635 0.21380084318802473 0.6325819482913004 0.1584451175898356 0.10207780380376696 0.44339597454814084 0.4855471450357308 0.033934688278047576 0.6107099882519942 0.09077860473452926 0.12516145288015135 0.3053906632404124 0.44471912064678387 0.7451244685887588 0.6334959368144615 0.5009403336424041 0.0024957702704863083 0.7262943080294698 0.5845850410532556 0.9506919338498695 0.24453354821561868 0.8428826339985052 0.7480645230331308 0.3581316035610026 0.8945809509647745 0.41734553186273926 0.11981231878132714 0.8717576202120763 0.8521601384078922 0.24130112873595566 0.7956260382523866 0.8443442646291985 0.20451712021940993 0.23090840025750548 0.25624318288759607 0.27410711031983537 0.14120333301681254 0.5402864514735284 0.9690774020841528 0.47886428098453715 0.565367828540996 0.8278311231913721 0.6733438417008725 0.6070244262347999 0.5960530376504108 0.6278383017534397 0.9772613762597485 0.12113928120518513 0.04496766952301212 0.10656459761766002 0.131706682141293 0.0683934047400212 0.01819825468816383 0.9969385592534066 0.345784609724164 0.55679340231094 0.49444827610080955 0.19094381699842966 0.023331167015798626 0.6800719398864246 0.6497301398496349 0.017962370110461534 0.41396218232862514 0.06803906260286219 0.14729036817901797 0.5293367860564623 0.07616475081861596 0.00962268350658102 0.42524369494234227 0.6827419087975509 0.9002420382081483 0.660829750472099 0.006965270491988473 0.6404224660328309 0.7042828971955447 0.7549979411570488 0.7947306846657947 0.024706812856566396 0.5728884062379342 0.786163632569568 0.06835014082959823 0.4323699408825765 0.8032390828471173 0.7106197261814288 0.6495262258104927 0.12162790048775496 0.12219294670250458 0.014386391410089239 0.05305562420164878 0.5988914095425584 0.32052997190473953 0.9352499732572237 0.13530500580793114 0.8956810449539562 0.5016539205031829 0.28584504683908873 0.06866365782576955 0.39377660641597956 0.04197092134435754 0.12904273908123098 0.9213950693963254 0.9319984505767412 0.8790087025253237 0.009502731760597904 0.4086963541824208 0.609541856863583 0.7411986853704746 0.1128507710417832 0.6916886944582318 0.9588165037622862 0.7436902156515443 0.8930176544191857 0.9116652978476536 0.9824889702534986 0.8112330893738927 0.008254474153288394 0.2959790037016873 0.2751866039274805 0.3602724992900683 0.7568913232202785 0.8314427170300526 0.20381960232176832 0.8084152405692524 0.7205684076507998 0.25195238403311515 0.788829967254009 0.4928338519730546 0.8064175542897809 0.16605649132999167 0.6787927869775428 0.9032693717242551 0.19581133802934148 0.2009000245368342 0.8835016768836584 0.7212451920107948 0.5473261634250975 0.8615069758311463 0.3401162158067541 0.8515300908344725 0.8063945175830152 0.35487994698396863 0.13344870732384784 0.30991679055679666 0.8081620943268606 0.3937634418875531 0.8746906413178329 0.30771535788594706 0.96014838387979 0.49597056551171614 0.9788196236022816 0.32744788788660173 0.15284562450176575 0.8183663466428269 0.9589728490007853 0.15152869374531575 0.29849324735018157 0.3339644874260831 0.4458812071728432 0.34322987347240896 0.5093373582683295 0.24534460532792768 0.4740087766678879 0.6964264288232818 0.10617303822050339 0.9384940926169739 0.4134598746648003 0.6384977626747033 0.8190214421296907 0.9193777555313484 0.8625557174959754 0.46780424079441896 0.7482407720764536 0.03530167818917729 0.31531255120738866 0.24781975148694424 0.0981323943484883 0.5455290735202735 0.9159293544223733 0.9612743896879442 0.4917037118057582 0.2830202545570425 0.8272700589744918 0.8253994792211985 0.8633892326599137 0.7984078257683768 0.4057993285850471
0.3722687746930833 0.0677881699653603 0.10813481038074568 0.9215348509789936 0.41805771909798106 0.6997781804810521 0.04102241649032068 0.4861052423287584 0.652879173547816 0.20545796850618936 0.4163422961575709 0.7093548936040466 0.843598900342944 0.8782252997124421 0.7500083935319254 0.20530361162068622 0.1521050628044155 0.30545354438078376 0.7041166067814467 0.671652231522423 0.8036714442542653 0.02557525398033811 0.40476491541631066 0.11240549807589595 0.48568483614596203 0.7469360360441276 0.5989046605441622 0.33339737356524646 0.5762948434268174 0.17044864910191637 0.788638958788079 0.8552695897086798 0.24113994461488342 0.6471726352206639 0.6569983340324516 0.1910817507998953 0.9019652226944744 0.8556037976609172 0.4014770140840803 0.05996503728556091 0.6797887416089754 0.35667851305610254 0.9482114960427045 0.8411188119918074 0.2966825651297679 0.24384731165712648 0.2942203621199916 0.9948201586848298 0.3641083190914013 0.8119851092966498 0.8195658965682061 0.5027522720843696 0.1131393863559702 0.9907180016595247 0.9744646064651601 0.48486448845770336 0.31775146867323745 0.34332039330759434 0.8903678794618941 0.9823067912199709 0.10144146068878468 0.3429931558713445 0.35093452124459157 0.1369463719392936 0.05009705293517974 0.8207533740907274 0.4097840683629146 0.18313900986685938 0.8505263832891168 0.4448880458444091 0.9169464319630337 0.7846270261551527 0.07284080405353943 0.38222274838505244 0.6037474260940983 0.33730452266237987 0.35279138151270273 0.04278887562272038 0.35034125979724606 0.8174692927046847 0.9634561919645163 0.1151142410015491 0.4589932818097532 0.5053037036234393 0.604716957659059 0.04927364698778891 0.9618542859670585 0.8757911103033844 0.24818888628536573 0.6949917801357943 0.5169049147889474 0.05992983808436836 0.6710584811009055 0.9646326404390864 0.3404911667746664 0.13941603366010513 0.018590694107576522 0.3467630987481968 0.5106047650917317 0.6531938333437801 0.12350929963583424 0.2649202427197508 0.20714942694817773 0.005601914532398888 0.10075251299903976 0.9870433347929185 0.3765545388405578 0.5660285798152174 0.23209557582902962 0.1655346813248384 0.0742373645212615 0.6152095933398404 0.21296881611222396 0.7404040150801792 0.5313560197345462 0.05143761825207338 0.3400969392379011 0.6253166406982335 0.6352830942471345 0.9646499432598563 0.5369405189655233 0.9852892639906689 0.493933387625468 0.9212555096506062 0.9683844751553429 0.7868487639545164 0.4038056817356894 0.8732100697066347 0.04758518781059895 0.5402087533940129 0.3398134903327379 0.18120985460329964 0.9197582397528121 0.5810658264746176 0.5633766751171959 0.15149034662475436 0.7361064260983801 0.9558058608828881 0.921511883563455 0.8916428406686928 0.3650274624424721 0.536389711574773 0.2770558386578743 0.6684929000438684 0.8520014278388119 0.9052881597156224 0.45104812011844186 0.7053175329294601 0.4115679164526236 0.016599883478566446 0.2904057457006155 0.15813213019238526 0.0983269637913673 0.5455821233198528 0.027405094371458882 0.7211855256368437 0.40189840408776845 0.5662779106760311 0.9029197854361671 0.3432891476947131 0.09983381849939377 0.2584369810774346 0.1362758984616529 0.23684462644991644 0.22405276512782868 0.6822283566897744 0.11732551317258433 0.25866869569570594 0.8147789805652409 0.5411116637283665 0.0563650062551776 0.9696251528852561 0.8170398653040851 0.7760988811674818 0.26105841686275666 0.2661904575929229 0.08206809284375793 0.6335214667459511 0.04233550272684938 0.548150409426709 0.2791292886624962 0.47609263043559613 0.3114641124510116 0.5371246790544892 0.76242621379892 0.4932936316656332 0.17108481305757162 0.2830729394800421 0.6270214058591894 0.8997029476503612 0.9695116613371219 0.0690706005720092 0.6843346850728753 0.11168915557829107 0.3777363870287299 0.7948573742251641 0.6249540023304953 0.20144204717698988 0.1622528179934053 0.23454629274598682
0.12388764952148446 0.23357494407661816 0.3767799965221127 0.015503089225644917 0.7544223062769982 0.048443872262336374 0.2940364117560046 0.44627907036554015 0.9273898763770785 0.05116959336384508 0.9929081546093623 0.13366298028824442 0.08229093146890265 0.1561392302869683 0.3972037813064866 0.4162689127877287 0.02035176335345379 0.7602783192176263 0.3069618278034084 0.4603264173089421 0.4704119232181112 0.2760625891262256 0.6489211465666163 0.7068612584633802 0.13263441536951404 0.9477601910234986 0.8320385423483684 0.239341353359532 0.8880726765378463 0.9938641662964609 0.9916951894979001 0.23307202843502206 0.2089308861421043 0.13267952023847673 0.2691039655125804 0.933020945795956 0.7147738438620237 0.27072953798075217 0.8866764924499161 0.6929482349055393 0.07030775049797944 0.13583537555799918 0.7145756267761627 0.8722959721258858 0.6289302498980187 0.23011790101888396 0.8573576771855486 0.4505263870726789 0.14384178953344784 0.8521340500964028 0.4379303192490833 0.1267710678479167 0.2768332538573811 0.11970423052409018 0.21919805662588776 0.7914722181803051 0.7770578225299286 0.21012914075587774 0.26769104946842115 0.3754793270087553 0.21500041752500787 0.5186352222966922 0.12975436156499798 0.12455573601788916 0.2194670005512025 0.5156341090651211 0.08468465313590967 0.40762212970193545 0.011735966596216785 0.19135137193341623 0.7427401685528453 0.3454039404239455 0.2127984134826495 0.09486189138108858 0.6478403394568281 0.12407565474602622 0.4962239660526141 0.9631779765227808 0.8582571504574129 0.4778970190544971 0.7302186105631332 0.979650361443933 0.6260314277957933 0.7356681999008149 0.23260789953853256 0.315896165464999 0.45649121802291903 0.5368623790490166 0.3982758567069119 0.34091334219975933 0.48639334914438137 0.9887066465174852 0.10558675454278399 0.5608499666238265 0.007805466489107515 0.7513687370467889 0.9354181608966052 0.41010904651636704 0.7577022249660817 0.6158231642921966 0.6750707306985263 0.9157185758039093 0.12824573470154865 0.40241135085690116 0.8068915798162695 0.996548323985158 0.8362962521680921 0.1259271277955032 0.42297148669925577 0.38008096297955485 0.05119197313492574 0.3813247073988947 0.08297973358193433 0.2848200750433846 0.3584040486593948 0.971008872332247 0.14665238329362262 0.4126880061724424 0.33025609288265634 0.18918119213195395 0.3430320062103033 0.7030011936649461 0.6963301370421042 0.07815094784285403 0.9671998254335241 0.6004672057984647 0.6753471257347 0.79505089251168 0.5274187385483727 0.9610769577108128 0.8769817735748048 0.42555806417684205 0.913361893574661 0.08470436402786297 0.9297761595196993 0.49837131486893627 0.13636339109809392 0.8507890295470947 0.8545345224008238 0.495803365991921 0.885877277408519 0.3147231199437299 0.08013483765508422 0.6019413135783823 0.9729030919465653 0.39701606671688816 0.4322845646054677 0.41703212079956975 0.7394485693144464 0.24460500476137026 0.22930506102407444 0.6505324965913782 0.2132053279769195 0.6830410383331632 0.6432799951889111 0.07515295284944168 0.4518188617187915 0.4236950378822907 0.1914574955687698 0.6848200900065208 0.12052548357173021 0.8093520728186147 0.6400562481195574 0.02682268443373914 0.3583794157214245 0.02852484723659854 0.19646983246363392 0.5751066738226807 0.21770049565994887 0.8751623647604999 0.31236860482890805 0.3316510692726389 0.9850300592042871 0.37055180337095617 0.34727755148842965 0.46651725830646507 0.12441736948138182 0.1297439903218689 0.8561119404968387 0.8478807182331182 0.2838510732428 0.29511808334446665 0.24679150622436297 0.12322966890694587 0.7729570442143933 0.5188039183776068 0.6150705885618939 0.25680390692136623 0.08295252615203508 0.7674192275377006 0.3794471221260608 0.6198024735120163 0.4915152251477535 0.47424096610064925 0.15329666978062095 0.008759947155375536 0.1790954937881888 0.8175897441809369 0.791129679800456 0.20043258808531816
0.5529723837229127 0.11602351494258178 0.2536542827442566 0.36573418553722103 0.40573071767224445 0.8604048765070682 0.9142737318225873 0.42750913739360996 0.8722358380542427 0.928526361367987 0.2973303758987439 0.6697232526528613 0.3235951447714537 0.7347103170495947 0.49439224655155667 0.22026206375904844 0.8854619115347513 0.777875707884238 0.11482733247338317 0.09678804464278701 0.589169941541781 0.1303049568083955 0.8989929537624899 0.3279211791767288 0.8344387868381368 0.13647218842791986 0.19798178305004122 0.1225970149951996 0.8960499837335532 0.4713888542808814 0.9772866322655482 0.13428623804808182 0.48744708412090976 0.26091421174372087 0.44972798202817554 0.4929565515162354 0.4769902392840186 0.2879223403499037 0.0966569871772357 0.2046042462291786 0.43000107741364624 0.5614346825904726 0.36532244487302024 0.1126249183630128 0.02892462759557546 0.2225543089983434 0.9312150948793037 0.9655719286706503 0.8596413913681157 0.6983357900627464 0.9812332712507927 0.9390122145590223 0.3748997243576071 0.7048166889405262 0.9363305924079093 0.12890394184744436 0.6939249228674887 0.6994755110955053 0.5813809703391447 0.5315783841437135 0.0643953991535029 0.8132876465744893 0.15560960915342714 0.28135431023721247 0.15191951404637039 0.437894377171982 0.033871454506390286 0.13952208240684894 0.7677547905204851 0.34864967827102233 0.08417276486057079 0.8012052758800101 0.3486619021798031 0.119720543281293 0.3388541344049223 0.6890548684235411 0.2497978041206792 0.5931356535153747 0.9641463692609347 0.11850453651067683 0.3192487977231312 0.4419746010735378 0.7253260748451672 0.43282846977768075 0.8606618026016807 0.6068584846366465 0.3895039001941649 0.9618836372865626 0.4755319213535747 0.3152256476512011 0.09517951566589178 0.16554548293479976 0.8700678632620589 0.7256966363983265 0.5799978240068737 0.21742969040031768 0.2809286520040236 0.7598356378664916 0.3042434782410468 0.11855283616897627 0.7039597524691124 0.6323989115180076 0.890879647569613 0.09166556313930063 0.6007116742861741 0.07026237439645333 0.804749378620195 0.3591981411184083 0.12803558151890548 0.7446187045704235 0.9519494241725365 0.49947453685351584 0.4985423532469675 0.6207717959068468 0.5943882038807904 0.1434459403655155 0.9690306882033162 0.5243373130257558 0.8658802067050196 0.6936356091522343 0.8664135035329126 0.3549093159332617 0.26551932050656446 0.9459992053293615 0.4901292131030086 0.7600447538557576 0.21763025252121337 0.23923527265518474 0.7380854055823687 0.7730040797380897 0.09436634811183875 0.9890881225794325 0.15659200785079275 0.6173381865238031 0.7104546756758446 0.7060405295651011 0.5047603902521586 0.3269396309280367 0.9975031117108636 0.6880626684452579 0.6563185888196266 0.7455389083907059 0.42128941409091036 0.46462662827877055 0.2958990978069995 0.7600159580920661 0.14153375282879666 0.7741517295720701 0.3470609195429797 0.3368441810047025 0.3352529759522612 0.19090523430989736 0.08659731743517496 0.8251131694681437 0.07702065510029832 0.9343353725522543 0.6325496095785347 0.1019526747895223 0.06170565883639412 0.5859999766782921 0.7881241309298086 0.1360102882140397 0.9553081003712636 0.9698873987829807 0.32219966243000664 0.3523942348374818 0.05112658164273176 0.6411121977446895 0.5675690788690841 0.8421288599453397 0.43378737114552 0.2871550326956359 0.8130265157735728 0.3721967512749156 0.6202524761323148 0.5042073109357216 0.8984515871363511 0.35097770976149967 0.7939908030307109 0.8294525798741498 0.8252480375322214 0.622219632123463 0.32213782389872336 0.181463438364049 0.1665895378683444 0.16272703393788113 0.14482294472671098 0.9177327474857516 0.91918205671404 0.04011686152415139 0.5709411295444597 0.516010549369747 0.07968503383631209 0.5869841414723352 0.9291718418381985 0.7181230572532399 0.025442344473674217 0.3536077446743694 0.928257909742925 0.15529666124424202
0.9649900248148597 0.3409726825257159 0.7558128738158892 0.3236805535385696 0.1535705874522476 0.0733040439242233 0.5977010149493652 0.4881629118064935 0.034968176578543786 0.9412677168312589 0.29605029777909453 0.9514368282991144 0.5034104069924161 0.26334864786564005 0.4550882407382363 0.08807628659792544 0.7392130402700906 0.9807208174211578 0.6860449128618984 0.13979569932097413 0.6379722720723876 0.3792906537362175 0.7844801785958795 0.17961318777287139 0.8843916388550602 0.5563933164296914 0.09768660455399436 0.9024835747067341 0.5607857125358376 0.11161016881768115 0.06650676416693391 0.10530469387030694 0.20528277615404655 0.3456065346801712 0.010623847576575196 0.4923314667042453 0.339768152390558 0.3749953883112459 0.13954841548566532 0.5340957984802404 0.6810413857714096 0.10701856355423489 0.6750635978312125 0.5137514192585696 0.6771521085741746 0.992574672070599 0.3276246743312504 0.4256180233239585 0.754040690386793 0.16197055760353152 0.05580919740208823 0.4918517999312991 0.6370904103796814 0.39949299490917656 0.14006009941689945 0.3520736468222997 0.619560852198081 0.3947418589458742 0.8797396629534368 0.6697682982192532 0.791775384363583 0.3447271699669836 0.26870065674423105 0.3313442674904449 0.6323951649867284 0.1321856054359073 0.23230005525993902 0.7677149605341836 0.4540425550466106 0.14288890086230077 0.052354376114379875 0.7317871707618788 0.9183453126809419 0.38466968698350235 0.8131092129843204 0.008035685609983023 0.7625888214724659 0.4540115333285867 0.019843171690408057 0.7909703860689637 0.9343941671581109 0.8895087854023829 0.53459742840168 0.09603715984492378 0.2262479352713288 0.17689354410150926 0.3289042722114024 0.3222615610902785 0.8426309459618756 0.16244043179438405 0.7085406518037126 0.9401055057569548 0.9700460378657176 0.09047053594475507 0.7565931038241596 0.210011967886653 0.2622878595683139 0.013856513465543507 0.5884651036146163 0.038705583002696 0.1846276649652221 0.7978727500905166 0.43545112079648174 0.34491309288419203 0.6842188952231074 0.057022815179262776 0.4448850380828231 0.024881569388150893 0.026572920578213366 0.5413459553324529 0.17762681030878924 0.7858860888624642 0.8096916136667635 0.8609771769411331 0.705354956440904 0.7861443461274309 0.9405786836770874 0.6585521280204588 0.5166917987998262 0.8252568606038052 0.9689221207309229 0.47817851332155037 0.5396292299083422 0.5783402760628376 0.4217721452593476 0.9463639997050723 0.24744994413907062 0.9491047050006594 0.750805487550439 0.8375372013233485 0.7030079264186178 0.8563238304056361 0.8139965882242554 0.09725385393559627 0.5985226054390584 0.8473597026834918 0.9412122442900418 0.9501393096042655 0.5914710351171433 0.1555405098488788 0.5017067206963176 0.12238440172427423 0.7298760092723262 0.5580105377875877 0.679471177462413 0.6209876506963319 0.954746713057969 0.24195771569405766 0.5898531624771371 0.429041851254627 0.24246244418034657 0.7168355229254526 0.7988299927366048 0.6227706555307051 0.11778258285091292 0.69807400117982 0.5584445737993947 0.7460953785836529 0.41505137547633275 0.4147474199061816 0.4706986658555441 0.9873355031189764 0.2873887078964853 0.39190451532101656 0.289728673578032 0.9635244989874057 0.08572925327035974 0.5140956972053754 0.3555742430691694 0.029574334212653763 0.24005868109581907 0.5350348838315974 0.7781493282084274 0.5342617076640095 0.3086353683814045 0.38293212398889176 0.012087837357510844 0.7228715223009976 0.16348427811451016 0.49958168197109254 0.5422159140808545 0.6111322572561895 0.6939652081586738 0.7498349053564735 0.22584402995364117 0.9736311726198671 0.40469006217568315 0.39118311636135683 0.36569814742770146 0.6284687035681527 0.915108491026033 0.030733887507800817 0.16629468730831476 0.5909027432825391 0.9355421273930521 0.08510782812983297 0.8618217346271562 0.5493617669457469 0.01589844303169896 0.12502125113716267
0.7673334316983936 0.20066332133705178 0.43284035650984254 0.0030147151666025662 0.28775309628226475 0.6263384417373932 0.9442223604683969 0.7288731541681369 0.07050559030721526 0.7273887595760586 0.06553608650435816 0.07915948554390806 0.7473550323390684 0.9817363484892145 0.2967279634528348 0.15196763386334333 0.6927724117856554 0.08193595555603539 0.5112293058841741 0.8819722795047088 0.4748192119605664 0.3561722574041365 0.6643972293888059 0.534466789080673 0.7540867001280526 0.8789972528515363 0.4057731828850746 0.43913650886982114 0.6962913208435697 0.6390200780526533 0.3558334409203593 0.2303958533272924 0.30266305132753846 0.5326385085760657 0.9699081758744951 0.21294740947424184 0.28457639472419205 0.6853389165559058 0.32666475533952943 0.6254495724856743 0.6117798617967618 0.6185738724399211 0.9225457370075082 0.48265484173350925 0.748333468724996 0.3410447194897648 0.16763430939821178 0.8175766915666414 0.683090318696756 0.3380476563106162 0.9878276156755563 0.22219383901601375 0.6787021443797773 0.512247884036769 0.27617141429625836 0.5684876221227646 0.7213296448035865 0.46639607902777924 0.619290237890252 0.565408666275759 0.13628430253135704 0.8598180915388642 0.37893960705479524 0.6336030311753442 0.28532400313776507 0.40847624975470653 0.23869132382232705 0.47961766366322245 0.6514041093540526 0.8808670797114717 0.2713802284764163 0.2000444623698029 0.7072657757796907 0.06905642438986892 0.1593255152858467 0.2172979562790397 0.18191700347259498 0.2153932835102571 0.7297129078352305 0.8978439393405372 0.8774390627563716 0.8764054297229114 0.7593737565684391 0.06769503313292369 0.8665043045077638 0.15659507391394534 0.3862867494353359 0.37076752868944274 0.18040750158784402 0.8863348637220058 0.8489035539015043 0.7540430088553658 0.8893142931155296 0.15884189949010508 0.9118794791198637 0.5526804505966867 0.8584836800831487 0.9590576274639109 0.21905932998180977 0.5662664516239163 0.9095872327862228 0.4415052302944388 0.7212577791203194 0.8849939199273678 0.5304359397271707 0.3140646409980006 0.2921496555793607 0.2910158806237019 0.09440020194894061 0.09123981410579374 0.2628148032636365 0.9380112219603579 0.8913815751799469 0.43499108845047507 0.09412105020963502 0.07021657058042807 0.48033653413246646 0.22213732813636577 0.5955800231555699 0.3261701742675668 0.9012609550960053 0.8851124970837899 0.13430269153515417 0.6965594677344897 0.5368317648012497 0.043185801349880815 0.6742085473898265 0.8260912734145269 0.8838350152614085 0.6009017372851908 0.4531910741788 0.9993102210640018 0.45452873755438516 0.6534674715607648 0.7715883748786989 0.8606355618593581 0.8374155225998918 0.9339113754651025 0.7410205218121118 0.43239740114697445 0.8810065034645447 0.4456318394129203 0.31372001073420697 0.17423022100487506 0.062253941859309214 0.3431123420521913 0.2376338526343844 0.08067931407261542 0.18971875176235098 0.16739574927558154 0.6625677816161681 0.4729291474173195 0.9366407474325203 0.3308527121739476 0.5186503877069649 0.9711049141752861 0.904354606547232 0.31543106263140597 0.8559817041844957 0.11196624915268882 0.5292398642642029 0.666484228627765 0.0316707234521072 0.6595482027439745 0.14884747438106538 0.9616099315456992 0.3310350453747932 0.9680874624514934 0.6633281190861837 0.043492641324783476 0.44863968598238424 0.805700334777973 0.3220883912033834 0.36094667519797297 0.7641526082385158 0.7800480788753551 0.7512931620861238 0.6744172263666746 0.7844521866139081 0.13187220253390564 0.2967928171629858 0.8166021316972805 0.7589259796690193 0.37296272360569727 0.7944829946721018 0.11570292848322705 0.4957355541173274 0.7126464643142421 0.56965059865864 0.27390999354415324 0.9751772451702284 0.9134453014578319 0.8693350725040923 0.9868543927548715 0.9016437477527227 0.3699537249561037 0.833378721081115 0.05201648299512396 0.6536732778711318 0.3492897871233377
0.8810972977322025 0.9907881815478686 0.7240693056621725 0.7132841731350249 0.49911644326099724 0.5672888681752429 0.44662079286445544 0.6725327838941392 0.7790143407079406 0.7840949623663666 0.38012295094799775 0.42131782189639755 0.7382780147914489 0.5171118679957555 0.7145306573123893 0.8207117261752881 0.7009528702313874 0.07487682968604004 0.8049214569654206 0.08921878801629557 0.48819328921841476 0.1103251387951385 0.39487872988930517 0.2324614376960742 0.8711784770712798 0.6438919087494066 0.5544576181041828 0.3038884896273193 0.9908762495633326 0.8175806187579446 0.8096449544311675 0.5814618798930219 0.012270281347102396 0.7601189571945101 0.2335262741370967 0.7125944328921857 0.8133472652316873 0.024180557633332378 0.2117809622971778 0.4638098956136033 0.5791816064486862 0.48722872571368125 0.38140225895360946 0.7151826836943316 0.8450708385418199 0.8166181423430436 0.5390250736286621 0.9908839712295677 0.2750540157767636 0.27043738145758356 0.13385399236240458 0.4398814715750041 0.052920987972953415 0.6147607298637073 0.4046395375981018 0.30531739843520667 0.2354234404972665 0.7733056906988851 0.036787509661755924 0.012043593564745048 0.5264418864996587 0.4122829885543613 0.04060473070031756 0.060216890932237144 0.7957615426281414 0.0919365402651312 0.7044038383157365 0.296665519413824 0.053329409928152605 0.9400971146105286 0.4018742065557993 0.8056605934819864 0.1916791478664579 0.17315769966769756 0.30287567087305367 0.5254682478697008 0.1666480583133242 0.49550124078002655 0.43952179985647843 0.30729757790884715 0.9685250621277852 0.07173496008871649 0.9375355883007381 0.43570640198042476 0.39996878093027644 0.4577358551302617 0.2994545106563725 0.3454437915491575 0.3720972431215852 0.20969806305699523 0.2328879294859446 0.19168918584535755 0.39174145181742315 0.93968552053722 0.41371673638082707 0.9620673832687976 0.2288350347165209 0.20357420831115414 0.7746096178984982 0.7925410942498402 0.06464563464565154 0.044429902257436926 0.6554892286254856 0.663504689312812 0.13180706274529053 0.5447746306953097 0.34811842101633406 0.9938593348057425 0.8870812528188085 0.7509684515352701 0.8130992570932766 0.6563185140660439 0.572441460345223 0.6643133518483009 0.33420286715639413 0.7587496854389404 0.007087140324562813 0.36909448317437366 0.7001591266905153 0.08073861090696166 0.34815901269827987 0.8340617500434226 0.5400121517896751 0.029350807617032904 0.3772903025518456 0.3657634247275976 0.5411769535368446 0.4445459633274872 0.18101535076981035 0.40872075920211914 0.8114224616198066 0.6797071071096636 0.7655409481324179 0.9507028157249094 0.5993771102323295 0.3645224870607061 0.32123301207359034 0.12251917940424584 0.07809956817729014 0.6727414200899677 0.6320274741562455 0.6266012445037403 0.20426399894135672 0.47940863040836723 0.2401690145566895 0.6954457919522213 0.9246152486666335 0.14364137201437832 0.5086241237799344 0.5722303271844567 0.013232202701121354 0.41346670534128693 0.3654523486924852 0.7348236774196002 0.14564049346477836 0.2838004723519746 0.4523579153261674 0.46419567304180664 0.8191574273579892 0.23601616327139896 0.6020271880528338 0.5095379369686053 0.6203218977220194 0.06386758753129196 0.7243142575778312 0.4342592393849758 0.6798144077801299 0.284988813940646 0.6046231997879273 0.6438064435218539 0.27348236802444303 0.5912400743359822 0.10462890373739853 0.3956735676297958 0.2236849112569269 0.5813268128709663 0.7195623176532425 0.9716563833463495 0.33725436970613254 0.0049270147822952914 0.5534331188615992 0.7211895830761431 0.38109046455341555 0.9174714656928833 0.34736097354399975 0.3625928564329246 0.49750130955748484 0.5617047831040907 0.6363874741814216 0.21060071700744365 0.3536635025230498 0.8796995731634545 0.37552702788838666 0.5303331239863474 0.0031934538491471542 0.36048637623821467 0.13699760420962692 0.7614827835308894 0.04157843142308504 0.7588110429925848
0.21816221724404872 0.7063553361748572 0.40476658586232206 0.5306540719624228 0.2660453668611772 0.4106068162718354 0.9283726062631322 0.6080719194901893 0.8496325545152098 0.25240364303289764 0.9338377480213376 0.9044735565707666 0.8146567237085063 0.2723352748557969 0.23176623687534847 0.02976816709202612 0.49483957443702875 0.8529158173004476 0.8181593681684651 0.05527550915759749 0.8078603112801818 0.4659906666880722 0.5056577460984927 0.7530461133657773 0.47167665960065974 0.707890850152135 0.5102167904176029 0.17443718944346942 0.5402543195773659 0.14700479164302893 0.08070980156486496 0.0023113783362151974 0.9998355303614894 0.7591346197964955 0.519130957432834 0.7356004377793445 0.653363185821039 0.05589339298305629 0.6689393591114252 0.5488520631739723 0.826484994215966 0.4853616800745 0.5712902205999917 0.438523067163476 0.27420674671200174 0.22483102450239634 0.4724133253260375 0.9002971513567238 0.21603279624791327 0.9894872328248615 0.5241430181887249 0.5848105557528563 0.8619324290925987 0.02445458283936086 0.9938215147542888 0.7473769183856647 0.7844331584871859 0.5978111465295874 0.7795333616973756 0.19644370584617366 0.9355714935075616 0.310473900581561 0.4792646042799025 0.47296964856029555 0.049428296114082504 0.3539644385680968 0.27680108123430514 0.8677142400987192 0.504263102406706 0.7331725505186041 0.7470318186920475 0.36951239356195775 0.8318879510948602 0.26189071271999875 0.34410951724499594 0.2891308206548804 0.6982783890958518 0.6198200307068622 0.577986361641304 0.040725951055701426 0.08254964957693822 0.9669407104081998 0.015261172417597169 0.03245209797651383 0.8822764756534252 0.4103754517421221 0.407759736478463 0.6157583128419069 0.9202099552681284 0.6491314643581487 0.9677054089342594 0.8977280399016682 0.6192110718389584 0.7344874021546124 0.052464188130862066 0.7908347068278775 0.2684439635410376 0.5688704366501203 0.9110023566841029 0.14630357198167998 0.24619424075599117 0.7089527955740305 0.7377626502406432 0.3446265884303191 0.3876168688721092 0.00686733587966637 0.9408621380013759 0.49836675196386204 0.8519386780660266 0.6629876019428703 0.4534623217551804 0.1343900037243838 0.7373530783159259 0.8199021808547525 0.9174479456754742 0.009879711892683884 0.8144717504508946 0.5171198491885003 0.18811606485210386 0.3475906238391512 0.04332090552046275 0.8352563298247414 0.6291083012209665 0.4544952647832837 0.7929879646857328 0.7605130346663835 0.002246884641472713 0.7998552631761866 0.776468952805509 0.9476325004031402 0.5046098499577177 0.09531852116420725 0.09559316285605235 0.34367339712620704 0.07856486149727482 0.7325844936254932 0.3063599830013124 0.24372852920995847 0.4961042180440186 0.00026046868776086196 0.2151971169816701 0.8927053314297547 0.9840912943838518 0.3446379240302979 0.5425489437571409 0.23949074297777717 0.5113747987865803 0.4411571343285683 0.8431307862053102 0.5328150262314655 0.29315906148562076 0.023256872242115145 0.8969725398753849 0.6983960954519571 0.0782899199611099 0.5026270590936952 0.06426708121070823 0.057402738811708875 0.776664254710859 0.442433182598308 0.478606564733717 0.9638815774704298 0.2901863906976141 0.6878472510310764 0.6004428976537464 0.35532185567444863 0.5748202633551294 0.5110124602581955 0.13787979692485242 0.4243807379649135 0.025343288260171404 0.4454501916820641 0.061721745526747696 0.3295361633876257 0.19138102753127229 0.3813325193774779 0.9667021434420284 0.7091050050198984 0.8171956423325202 0.2843296496616984 0.4962555946446605 0.11046399042454624 0.8719695560163434 0.27432674337245755 0.4188172612034595 0.9432112492664347 0.9010932126298874 0.3995423953207594 0.8103095482973811 0.4575084630411036 0.03435967450457633 0.18319947004044645 0.5339116516125505 0.1063824067646697 0.09186297413306876 0.667113540201252 0.10178386069526923 0.9024504682552862 0.2475053707942717 0.1887237445954354
0.3254550680492334 0.49109503669998966 0.11125966846522584 0.5078778834251262 0.011761734443011096 0.7687279413186849 0.4520787605745141 0.7864820936769068 0.4432777587264777 0.7103563489578555 0.9432754663430606 0.8774079688635649 0.4843776596643202 0.6108427864825349 0.84883350676841 0.06063719210755092 0.20128549818992292 0.8843636425904438 0.7776724973611283 0.595092408364736 0.5212075899094967 0.10222949150869287 0.2588961702107212 0.7846719018378832 0.8769632196387387 0.13001058924362296 0.025089065700183877 0.21608165925125544 0.803128947038749 0.47507063828825824 0.46442457559115735 0.89495222763605 0.8235777434953523 0.8086266969216048 0.4160741657148941 0.14867922319980964 0.6869692893697348 0.8924924152142741 0.9224862697172442 0.4741937984140199 0.9186798420832388 0.5950327445694674 0.4909784843993068 0.5021571835169726 0.9463489408641782 0.00994767949100439 0.06018341326521781 0.016481883470698233 0.4529243415230909 0.08901352108536198 0.5809690554973608 0.32366661048166745 0.06353068467042355 0.8353456262956979 0.9714748744669275 0.9529392814211394 0.676121671552478 0.9941774223013266 0.22340925506060205 0.7555199169569372 0.07961292570577438 0.8655032394206607 0.2660853451157903 0.8804688397832715 0.8712395289276936 0.7306555507988169 0.9696287877879683 0.7211868212466375 0.6188496408957529 0.22627863887131938 0.03989786190473443 0.17411365393142852 0.20113923780539 0.11825659083374729 0.22978278873369273 0.2335989953180868 0.45978214136332785 0.4509025812686306 0.5276983917572122 0.5375224214969617 0.2369283788450901 0.4826103128343774 0.5710219054551123 0.7945123845405584 0.6060638318794829 0.11493788525334725 0.6583998555933456 0.3367542520330845 0.6626189040493625 0.7931950984764214 0.10948264773892469 0.46000067890201046 0.7853615353566766 0.9970719744630502 0.5870364986297105 0.5846501508630237 0.7003823748049494 0.04660245282208275 0.6355065142433999 0.23862062088869518 0.31009480309757453 0.5706926874432535 0.11764819998098175 0.6242329105501482 0.22552087901896567 0.6035224934492434 0.8679004857218984 0.5674247780379459 0.24534425063722987 0.7292309224795649 0.24193033179252854 0.16939922978686084 0.7681288059125426 0.8968002386699364 0.23585586427921357 0.5383208222383435 0.7447602868776347 0.9953903000955239 0.4467719000866395 0.16087746070840514 0.22352367726068578 0.8500660535428723 0.9635979965184592 0.14224652937314386 0.9971266421813295 0.5844381550005463 0.17022722848445015 0.5576567944813611 0.3664347698312965 0.2775716364583145 0.451834084798869 0.22338747092876454 0.3232806774106177 0.7349160490462298 0.14382557573719845 0.3308246561321514 0.853632311761612 0.6026950212336708 0.25354904103415365 0.4086430530771211 0.03379121735010626 0.8937589153492308 0.5427804862869747 0.3768477295389653 0.45407098284041425 0.24081747425972788 0.3299156098335285 0.05796627798322196 0.21989642297462597 0.031164863432290746 0.8167768737759405 0.6442261562448054 0.43775794864924633 0.7710362913113863 0.9570537826556862 0.6360490847773479 0.04824075275552753 0.2977537806131131 0.5528567894829334 0.905870115541399 0.06742142210049051 0.61655583297291 0.9507193998968805 0.04819689333679078 0.021096613070003878 0.4284404665404864 0.15699889818642698 0.6390560226884759 0.18063251188414942 0.190580959180344 0.6489539248879365 0.29002384189398345 0.09246844084630734 0.28336880548549903 0.11573142868624786 0.8986439970500107 0.5169134193682451 0.625390447420351 0.6082359082101467 0.1731516105516866 0.1668229735937804 0.15342591936562844 0.6889803600946939 0.12643173435344524 0.29799705294571743 0.476789714124775 0.03380700800025627 0.6157017587557617 0.18374706690372222 0.03376802358482067 0.6431675576284315 0.045158019831997964 0.9788469745306777 0.8193268163024757 0.781760344163295 0.5239590013060862 0.615930241251395 0.037319687992095285 0.2214440023569494 0.5290744134335904
0.0021102949457733056 0.1922412033048967 0.20914964997915775 0.1789027613977633 0.8195270474533124 0.35370619591864394 0.9461699615174131 0.11980956115099306 0.1513316220579043 0.5591049563186734 0.9511889739140216 0.7928472907881541 0.22824481660193952 0.7796072381404131 0.8857138656732513 0.8549018417395676 0.12614524649705983 0.3155876724276572 0.5421341328880595 0.5643115865285089 0.33260878341944355 0.20828280559387669 0.06061286708115854 0.481730082465061 0.785662346774237 0.6467287715059955 0.16778650810705897 0.303009130969112 0.538344131559988 0.5692576285151639 0.772854671536292 0.37948301379857197 0.15769060602835538 0.5195836302185689 0.3769079920706405 0.5940778562976616 0.05627860991004641 0.3040257346971047 0.8904616611648934 0.10639654668107223 0.1386314093523221 0.6007824675696987 0.12921100185590118 0.2630713947045952 0.9974470344216231 0.12009469708926956 0.404132515472712 0.2075243288213371 0.6174324270687327 0.8297426803369238 0.8066471844549393 0.9220690018453719 0.48289376051610833 0.8118505148440542 0.0849576900358966 0.6814286819449465 0.4586701462214504 0.3822647429302817 0.2460915264384671 0.39883330966049113 0.5058224558153752 0.3341146726964044 0.015454964753922384 0.6048767353245509 0.10830771948903661 0.18919535301711787 0.6873232877778374 0.7566749049707914 0.5820540136656522 0.5684860505339088 0.5659012039932828 0.19496402182002026 0.38010665037567304 0.4266266989244316 0.5414930013303454 0.1503882310954746 0.8947581257874595 0.8125366273153246 0.5022914401378809 0.560699729916961 0.38899773671025173 0.8705884957578974 0.9971891037563985 0.21500912078246848 0.3902835350760221 0.6059449308296361 0.8330362062437491 0.6630703641414061 0.018100308203935267 0.9502396554780508 0.7893976141270735 0.3866887573085628 0.3046621812362047 0.5188790716994574 0.47509229728678715 0.3520079206165665 0.429065005752845 0.16590003982839008 0.980447379225577 0.9782929036723417 0.6570624361583386 0.7393877030901309 0.760151414678949 0.5427580247338751 0.5118291559162413 0.06547623670624514 0.48344741268795577 0.11617034245163005 0.36217219512671417 0.3068964366045759 0.6085808673929524 0.29057611058755184 0.3618156278109389 0.13305206472552122 0.006415470692275438 0.6235338754663569 0.19351953603091465 0.9320674664467723 0.8998489264959644 0.25014046544043866 0.14072718341221335 0.9434114809464248 0.5758406779380014 0.5627209299320084 0.10173161216030036 0.2051032935303595 0.7373667828311065 0.823367254534733 0.9579769452261023 0.8389480308346531 0.20173573752903406 0.14990032557464594 0.04543359171301786 0.9472264455347816 0.18431820074446104 0.21625575853674905 0.9634497208638514 0.9214486148220675 0.49789714972452037 0.4803198019362739 0.5935608662762387 0.9872409272039255 0.1556784090326312 0.7939943525854409 0.4305387129708701 0.784383413587815 0.5130250649905581 0.6292025641568879 0.861584558630738 0.44011396167348615 0.07302775038832343 0.6265592612155426 0.4551915345490213 0.43730721704988595 0.9380190835763774 0.6163462017087865 0.12364429212376393 0.00012718793095944925 0.6105122935548254 0.7072366620536763 0.0009270923639763673 0.8659537113662513 0.5995979214475097 0.2072391796103462 0.1892038360156555 0.7920732514269084 0.6351020906211677 0.8485112274690919 0.8178601981055789 0.8712663341038561 0.6698075224751306 0.8260656545881803 0.9097474873488626 0.07352153113372117 0.12982606209038472 0.5149971124994581 0.7763677693898937 0.3059624758894496 0.2521878447623286 0.9266426288982593 0.7286073428468446 0.1135755921074344 0.856872064060278 0.6300924617066648 0.6910653679072403 0.31772125641472615 0.15107800859096931 0.040580475604652166 0.6302601863614933 0.4313805113514817 0.9629945431773504 0.47447453450664046 0.7145193207380157 0.8461810356616434 0.7481740287441913 0.8060135154367805 0.34024130771823513 0.6458704375806856 0.8021204779778885 0.620784643400555
0.3286527106000786 0.4427577027586159 0.7589970709585637 0.12211164311993095 0.23728581502085655 0.6395836783016433 0.5338486216648636 0.8050561750731815 0.4847805588608882 0.5820101954174686 0.42787897853355794 0.664533933377053 0.42612539056401333 0.7664087729010669 0.06335436249810811 0.4053647251605873 0.5386823556766849 0.7038342905398753 0.28377153982118664 0.8615024187226575 0.5935301916697577 0.5139214256350688 0.3755154884837918 0.1062505956789096 0.01961348204650326 0.50772110136566 0.20241385303236414 0.998886925371182 0.5497924791238264 0.030200581322024855 0.10707341594151942 0.8125532793265491 0.44614970715402247 0.23763191118024085 0.3728134767820904 0.6428570328941579 0.9554969153463903 0.10857377542889401 0.34893129088307595 0.59461251485497 0.9384263066461489 0.8393068597445613 0.7573492780365815 0.1909777661419474 0.9893033552726143 0.12839534591567991 0.725655820537851 0.4061878688450805 0.07573759494649657 0.6661773110573367 0.2709621036896842 0.8585758233148946 0.14993222898361336 0.8041211496747588 0.3935586856149397 0.3890437036121829 0.7756451075220544 0.388138981894654 0.02041335727011384 0.818640625034542 0.2953800904865955 0.18495773442825858 0.663910921985974 0.8576326855898944 0.974624129388061 0.5711594798876464 0.9371554864775821 0.1704418246262972 0.8744818720286756 0.48089798729076516 0.39795825053093503 0.8934213707971553 0.07711063676193419 0.6985364311924384 0.24069244103490117 0.8356317083807732 0.5520536362854696 0.7454289845019546 0.6599570598202827 0.8109428692900392 0.7303694296006872 0.8310305749581515 0.48898626320068395 0.7626714148005221 0.11238983343289655 0.2364471858185937 0.3273279008020844 0.2983421124173359 0.9949250503492739 0.4094180490054773 0.2938751439039078 0.3316511234532593 0.894297200879692 0.7490940611451793 0.07253655320285979 0.6401458276229094 0.8645064339874735 0.8256077457357572 0.7962392561520015 0.20197956043586085 0.3930753571542368 0.7126408763641731 0.9820165461179471 0.29178809173248044 0.18573148108628823 0.33627724279746185 0.33722006547626815 0.8776031696559078 0.15406583533262797 0.1731355893437141 0.4300923453112415 0.22609961584228266 0.6389796788605508 0.8947784372832904 0.9835183559728717 0.22248982856627098 0.20849330454441684 0.3766148736965057 0.747703077776267 0.08354173185879377 0.9432651611609084 0.29407391654568216 0.7319578623917494 0.9480351169519684 0.6632215981278364 0.545629023934161 0.013836094546153532 0.6631751383768358 0.4457891518718715 0.41638070154954054 0.38650441000930225 0.7505016043174427 0.11392571618642588 0.7322317669692748 0.04563173244329055 0.9898441559058331 0.6469862768256806 0.9050146518427162 0.9481736849359188 0.778495816547827 0.12716726506964537 0.29514906955616993 0.05694425005993908 0.6490941750466207 0.46193431914142447 0.45031534543401974 0.3880587652231735 0.6048064351456521 0.7318541044528424 0.7426471497289578 0.8650840158364246 0.9301765936619077 0.6507080830268334 0.5997975865011096 0.02751511136853757 0.7626081339847791 0.655870872501618 0.8390191362973562 0.7511348106711554 0.8717547408227415 0.11513053586062583 0.8573110116284632 0.6583123921911173 0.798395275136208 0.21540270306629217 0.04007663667957995 0.26090069525030857 0.42256786695990955 0.9092875733309194 0.11099287884438858 0.34188823468052987 0.6569889762938576 0.8812013447939682 0.04202191734587224 0.9137060784826532 0.5381950884131156 0.9089240263099568 0.14549647837941593 0.34615406671070215 0.7406102389728636 0.9133429015613186 0.48276033081314185 0.15547108641818785 0.7071413217701584 0.3610641234916334 0.4899188951192921 0.5469901902708091 0.49430713027323026 0.7427630740383944 0.7130418032577343 0.803980808849271 0.7823496680954463 0.629914824325777 0.776614880871989 0.30139847150561316 0.42830749158139325 0.25763950159966853 0.794452774173714 0.22260610462472052 0.10542228165095935
0.5772836483070939 0.3716122874215483 0.01803706564982044 0.10854022290852572 0.30498591786555895 0.684529951644011 0.09287663970623505 0.3631987339249283 0.5963931310419941 0.47721972516538824 0.15214616187849905 0.32830069351053404 0.8819467854246366 0.04442036538309069 0.9443405408019812 0.7605501463728882 0.371640863222642 0.036127644609654896 0.21080786925294537 0.8165783197642319 0.33636569529519644 0.38734213360124037 0.468889077982674 0.40127625956790225 0.6447528743883427 0.5854635575799748 0.7281749895471767 0.8828406992724586 0.7733291038072063 0.8333798686936601 0.1816496636459578 0.4506018705315463 0.948966065879361 0.9355197137252268 0.5197962297873719 0.7330002786704298 0.35209916866859536 0.8866313940759694 0.8799064544640793 0.23838848252266254 0.5584638506067111 0.24914315461619685 0.012207846760204033 0.47724156341408885 0.9169631900095516 0.060631028340824455 0.3148770070657516 0.7333597801372531 0.37097516478165105 0.9048068096803287 0.8246008694820004 0.26381106880356087 0.896565593385613 0.2065557824310088 0.2867322506779555 0.39849065263073535 0.02145982863917706 0.04917173658513041 0.021871982647333588 0.24551080754305 0.6203320281489475 0.3530948307923433 0.12997245431016868 0.8237807429702814 0.005155800415259648 0.45598858000371356 0.2914653133655042 0.189555215797662 0.0066042269914875495 0.16307233069605476 0.6328586903345895 0.4992741203801695 0.6272470834585706 0.6879851256428404 0.24171133206300044 0.41935288790188163 0.8182301368324503 0.6175927138514874 0.6068820011364197 0.3177945747955454 0.43920973152978116 0.8889561494578305 0.2645403218738357 0.2689344383309732 0.30576964571109655 0.5333012347439425 0.8601337194003341 0.15867097020266263 0.9338013856266103 0.599311335618399 0.3990609524641182 0.6079386675422068 0.4692288429096916 0.6104093690188817 0.20239078714175085 0.10855119837435745 0.2830644420575975 0.6793515790587227 0.17225971479428615 0.2845592213810221 0.9415378294338704 0.6043688635823095 0.7347202349562933 0.20550677238035375 0.6601749173594871 0.13687997834234167 0.6048006692318266 0.22602701301312744 0.8633766276215658 0.5040386219358098 0.1898984264145247 0.8872662818364565 0.24029127355138624 0.11947295777890221 0.24296267226164536 0.2986610869159476 0.6324296557355713 0.7299167076899694 0.9715747008013437 0.2164430913384363 0.8488646190832397 0.6800085462297102 0.012007156369904792 0.5418598654705798 0.0761380364268549 0.4006148666831061 0.6222908852540918 0.5510154971380161 0.4020283718953921 0.2582730566690222 0.5321313806992606 0.3770662331663748 0.13626820934627393 0.8908144196458283 0.1744388666783383 0.7527884691006187 0.46852352552295784 0.5677256059044717 0.08570700744821769 0.9321216810405987 0.2168883354034532 0.0959830244336356 0.8349290223992959 0.27785374097024973 0.42230039103081785 0.050670681289637476 0.19770349870578618 0.981803018317956 0.5892206138486437 0.8843093840189054 0.019328929844716902 0.08969717096058294 0.24132986634230147 0.34977139928291523 0.03951705841193953 0.7271453340258376 0.7437377065259342 0.09649687880263746 0.31836372796093404 0.5041910862000435 0.5457242401421551 0.2801966435830262 0.17661591410700284 0.2036616963946648 0.5352907406792248 0.7748134923735315 0.41076957647794554 0.5912912194866974 0.15896873311916393 0.7066551714311247 0.002514728808888589 0.28344480100643077 0.7829766597388442 0.04407503253070899 0.6879247450292929 0.8211017005827315 0.9004778640698987 0.5810418020555621 0.8459938286866815 0.46660016728442266 0.09576876250456545 0.260261014301873 0.5478266946492488 0.1373061094115704 0.9575213440905431 0.56774619375237 0.31327144636895965 0.43811552182312674 0.24612986770996037 0.7719759849121524 0.5869816924357926 0.019036860412651402 0.163968128284393 0.7384064631468988 0.2763163908066192 0.3343985104953314 0.5358471248334553 0.06193925735058026 0.40184769464793724 0.8555017285271332
0.2799811648372703 0.10522136159853757 0.7100083442836134 0.7356077802441492 0.8105404809652104 0.5281548026978347 0.36280780541068924 0.016603461523915564 0.6139288272779468 0.2967086433149445 0.19248091901756725 0.6874708068710168 0.3816085677408265 0.6048682696622669 0.38406736528327734 0.757077412321519 0.9862360152052175 0.8729702299659482 0.3969379114159537 0.6422788757120872 0.24379703418565446 0.47545049438628484 0.09879056404456388 0.49086644710017113 0.3292017456548122 0.9234651899537349 0.4218991553661806 0.05590900277886879 0.6016558846226371 0.818072551962705 0.7128220584332422 0.9460911515043725 0.9065091017783141 0.5165462802612569 0.242170036510704 0.852466306430946 0.5605832825021773 0.6628868076187414 0.7124265421561718 0.606171247688276 0.9551277744830413 0.8433588988602927 0.6730780542352268 0.8911067682781033 0.6542474510360463 0.18609293619925282 0.26594285610742197 0.7172278868304118 0.28129976093003095 0.2425461690976355 0.5678085263979187 0.3088928857867991 0.698288321367803 0.9661338822610062 0.9445976249244039 0.05612327062472966 0.593573560054793 0.6718390021417642 0.6193706966322761 0.10252501966089211 0.19692960144589677 0.15807708965393485 0.26786341972752825 0.2308221720208321 0.5107419377391226 0.7161443805193722 0.4912371493116837 0.7162600206007 0.44369101677969236 0.48403627578197495 0.4019590831509974 0.6345140405976689 0.4878201012013469 0.9383310861366465 0.7868167397780432 0.28018727868310567 0.7642969049754598 0.11576179489301097 0.49808164890668294 0.9772036413134614 0.711714637679507 0.47147990193794875 0.5136635541946291 0.07700088258429127 0.9276201498075566 0.5712841776887273 0.7874296843428361 0.8454181985471546 0.20953592108868335 0.6162182818985686 0.4581284979626179 0.09224312974413995 0.19459498537948494 0.1979447883882144 0.2807376357042959 0.6648955363587726 0.9943580131018563 0.3117978959406206 0.07563107951951775 0.15592286420084667 0.8430300484382276 0.09108899109326085 0.10785617376180401 0.3606207069006022 0.6933820859336038 0.6628373260603144 0.5395269763668106 0.10966821945638161 0.38958768992322257 0.5195230123672651 0.5225103298617005 0.47226179801325663 0.9740161549779289 0.43259292907973224 0.5450229116493894 0.9746628742936183 0.3402957196410661 0.12689496148482937 0.3284331807038303 0.46412130364917603 0.11601518362798213 0.8535643439731991 0.7829885394306809 0.876951191148076 0.11957753754274147 0.009893648401399058 0.670374719292699 0.24010721608657937 0.9169762705250236 0.8349594419396431 0.723697208000147 0.6724882237038512 0.9629330806638026 0.5441943346342742 0.7081345620900569 0.1918808067919452 0.6473781320774359 0.5287442275264428 0.19700228752397275 0.9406065397805716 0.9565216753978053 0.6637187856817657 0.8326717022475382 0.5706157530764562 0.30035351847557157 0.29970840318122116 0.0030100769131856664 0.9853618049015826 0.8018869104194181 0.40237806366956896 0.6884927320829075 0.08664205984845486 0.8035442823352837 0.12851637863787801 0.7622589312247965 0.9760371983748724 0.3340361274385466 0.858590274368958 0.4477471752142226 0.13306836747657258 0.8163717816859646 0.896997920690963 0.026097452948607436 0.4525347931766224 0.1525754029626747 0.41695945520783884 0.042914134064766296 0.04404112817083905 0.6659794185503768 0.36591965697215445 0.52624677659895 0.04874213182680631 0.9500997525817835 0.27765303242637873 0.8570770345167751 0.15527348225405235 0.8481685895240358 0.06650424929003995 0.4022413398125039 0.8943157230757784 0.24823182933708565 0.17316363271105573 0.15332568956445147 0.696182248547276 0.8286169523806574 0.9954330219397157 0.09240213203717662 0.8472861349881957 0.7339290028225536 0.17295726201829031 0.9964007563455473 0.6381648590332384 0.6169112680577057 0.9773589005527045 0.1012140313608535 0.7941864713799247 0.06370100922419197 0.5736194455986984 0.3042931078916007 0.6300238280079834
0.049467769915636284 0.04709986299809532 0.3864062735336282 0.8487763843057932 0.10656141445873213 0.6406842709987738 0.42861445930857056 0.3098630106344743 0.6392874637506211 0.715252162578295 0.20570993128511683 0.05290710478111582 0.9386367571241195 0.8748758057815832 0.40312247638649357 0.3288221277495723 0.39698831947711977 0.4938066781139445 0.614388664867985 0.10724402452662396 0.36273162588708374 0.7181350993585636 0.615322044117039 0.5178297316967287 0.3053228940000129 0.7509230292585535 0.2842121754771447 0.31485717523016143 0.6431200910360839 0.25195572683618583 0.27205154632576534 0.6587812436463168 0.6671799433895012 0.3606829565620223 0.12424691627228646 0.010382156298739953 0.07882004553355271 0.6199933700181537 0.7680469058333903 0.9972445439624668 0.3736434308711519 0.8972560514549335 0.17408677228379188 0.06261382859810205 0.5924870421750893 0.33857867173863065 0.09959040749846748 0.7141648651748133 0.5407782313468967 0.05794974294378996 0.2912808495070176 0.25002025443065723 0.1046084570325796 0.2814561608836541 0.4754989384476427 0.5274504498200129 0.5765143825230136 0.9874561801829631 0.5703250414132203 0.9221061758187277 0.9447930694051261 0.03802396562946875 0.22014464956677116 0.6795168935355174 0.19161056921014297 0.04426981927790519 0.16628071582266446 0.013974431560310752 0.7053665903202626 0.9376547299399397 0.8272344101455671 0.16604001422858572 0.016741578867309648 0.48801380163412855 0.5077371512667722 0.9174553723522649 0.4523758561152198 0.4354606320458111 0.5348506477800865 0.9954795412492605 0.9173373713627259 0.7645890319264367 0.7332604359310376 0.11154978249047853 0.5683402533334287 0.012731603866472208 0.5772476201373433 0.9351640375189934 0.06088292813961427 0.8543588585218421 0.7748951388180039 0.40408065840106966 0.7028762204020413 0.12436695473267734 0.595039633640162 0.14040814857038852 0.7160250353433671 0.1044934927457899 0.7820663449943241 0.07943809850241157 0.3030591036037321 0.0908398466881083 0.15788113207030263 0.8634367794211496 0.7306164280141293 0.18188597801878748 0.5392624274820779 0.22922369772429319 0.2512946148783429 0.3758992175472784 0.28052296082400097 0.5957343098259675 0.569058731541274 0.4753578868287005 0.8432277390863059 0.991706660429707 0.18812167649534395 0.16627631913906504 0.19682464871014582 0.19626483174419984 0.555556653035136 0.9937405400171458 0.8792754037354378 0.9654239703084362 0.6272378523597586 0.8119503254308744 0.4004882840664936 0.6024066552002328 0.9937015118059036 0.49780505844729706 0.8988333873786362 0.9040722702117333 0.8490614730767148 0.22679344036713833 0.6223066210465766 0.9217021044605344 0.8921999958845485 0.5116238069921875 0.042952622983844835 0.29015525775661566 0.7292050897262253 0.689503028049297 0.34226621816983693 0.7430849523472167 0.20980674618654382 0.9935374056536628 0.9507807470564034 0.8762769984332452 0.0135930762937444 0.30837886887282984 0.1811262017127272 0.7320798083816702 0.7447877960372444 0.3431990268756737 0.979365242126532 0.8494671699623851 0.6301242653149116 0.8615087593492657 0.0031204898853183227 0.6157787091870659 0.5018927264903026 0.9554619229151591 0.14787596298075045 0.44148104918698095 0.5208657887587049 0.0703939575364404 0.20781603147850325 0.48176807952740264 0.7367414582459845 0.764450962817501 0.9132366969052522 0.8075024626444901 0.8571289296019824 0.7584532589372378 0.35086223364066005 0.8679590373700647 0.4290524049876939 0.8815009595977825 0.4690041801495407 0.4382895852090236 0.06191280126624965 0.8359396269121081 0.6697558056248065 0.8118858871896981 0.6479030973006192 0.27505252755845133 0.9928627833087503 0.466395088681825 0.5236164193489131 0.6609604225712973 0.7598336460208241 0.020781334857943867 0.20118720368885445 0.8173858803069036 0.00689080028259248 0.5622240859597107 0.3246583545843271 0.5624075873265293 0.28046499692827354 0.5640320199760746
0.9774845714953286 0.6574637278891555 0.2758046945131797 0.10146485526955817 0.6912390188661472 0.884919482220051 0.9605924326252678 0.9515349234335915 0.6187676293095031 0.03690156769276576 0.8676308492368291 0.5013162993888198 0.5648435690911775 0.7734585530676781 0.07369643125496794 0.0802681784174677 0.6375778344598753 0.8404886205773162 0.2382526163664085 0.5043678542947442 0.9586361263339125 0.1839313084376456 0.9303204434777471 0.9571061152358062 0.05568950153644803 0.3039544753408031 0.22832982467393093 0.9747262958385818 0.8098758064689371 0.9764689469780219 0.8226055471167772 0.1794248289372231 0.7990183189852624 0.19967461253274443 0.4702117130542177 0.8545544934484322 0.8044285067070969 0.2432397382250443 0.9056394588395411 0.006433756635126242 0.7525238482919727 0.4818060009878198 0.7172930926527267 0.536608984753819 0.4634160991430333 0.29825505941897634 0.2814608189704757 0.793520063614166 0.38616106566928154 0.799230405664714 0.5625000110581572 0.4607052330841285 0.5606991538439355 0.7211373241035705 0.3239181376387785 0.10361032079218313 0.4239002772057555 0.43592430171526486 0.5561296246782984 0.32070035278340014 0.9225397756255632 0.7825881907268761 0.8009276048529261 0.5975553883661137 0.8410693050907646 0.4383749103400425 0.5792859485808459 0.9734638718330679 0.51118013653493 0.27410293242595873 0.9176908277190021 0.903331261475745 0.4122047630056248 0.05981510280142399 0.5402540690092611 0.35169016057602087 0.5902001216279512 0.847126627915005 0.8473500850212827 0.7423000600221534 0.5677846279265042 0.9106048829222588 0.9843943420888778 0.06473346862106866 0.6816467468057644 0.6197583953795953 0.36138989110002673 0.7973983531418952 0.3144039790709533 0.8508495396217672 0.6564252937794522 0.22832245386158834 0.06155168617710294 0.34578733220611535 0.2804071602046302 0.44831973628163113 0.6306306120624346 0.9575004692797343 0.2662771413042937 0.07338745961923043 0.9402873116105025 0.5794639262610474 0.8705631282627212 0.9292085799303831 0.676980450538207 0.44968763464169936 0.9784863918861636 0.0535774371592892 0.9403705256571304 0.12662872570128936 0.9970107320238202 0.7322735464678668 0.5613786471512496 0.7670622616695862 0.39155143413005 0.05673764093323197 0.9110019582619723 0.5374927598538703 0.36053995012853646 0.9174132745963699 0.15727445823985176 0.8530781287722932 0.9897933283006174 0.8459257515226652 0.23248180872089164 0.6419604478224182 0.11558570728883555 0.7851939623358236 0.8076909715979695 0.28820240522042306 0.3874122592207805 0.36281636838391174 0.21243915141045056 0.01379248537667721 0.8751708979715218 0.9453507721403955 0.3767450618684659 0.30124653827648185 0.45243048027997224 0.011597522126115867 0.9589663662470488 0.4658301342992063 0.31903423843501955 0.24801625050471254 0.5036808195321612 0.10669546606302971 0.6860514640676089 0.9715272557392187 0.7440947487680588 0.24680812151770104 0.10832526641781837 0.5418457023939479 0.9720607140523791 0.7604436222916366 0.1710759184972297 0.07689845297957143 0.5677418104315449 0.7327757305564173 0.5111185463085828 0.7639164759260978 0.004684130257030739 0.3205816708515681 0.1380722540895245 0.3303553391166283 0.8048415561199842 0.5176796681709899 0.11428466508701618 0.43554150055179364 0.9950815313254804 0.8307427288199368 0.8024793021696126 0.44086812931400987 0.47810553159700386 0.8332401211620455 0.8182282953925837 0.49927839243598504 0.11225542946216582 0.19979852947707222 0.1372204720433403 0.46055170918537547 0.6704461406197378 0.5428870531228244 0.7206346141081031 0.38337716045583525 0.6699587138963172 0.8894096801401056 0.6218635942416472 0.9292522727400004 0.7649181377158298 0.15598633917358584 0.3592309983918769 0.3171010798503183 0.9651858720877661 0.3077099616614194 0.14566049836420691 0.46402639860294104 0.29073491226783343 0.4469562797379749 0.05368340044707809 0.5103793711284185
0.723098380775894 0.450421556736623 0.9613616941997198 0.8344775231160529 0.23951692291316784 0.8784648317039813 0.6805343800473316 0.9899735018309462 0.7710738366716449 0.36995037151917487 0.980175301840029 0.9404896897870493 0.4343837326063932 0.22177436264208716 0.5821103099187411 0.18322739801799381 0.504271117769809 0.4198630865123343 0.7832698379615858 0.15337858278195704 0.578264833015153 0.9007488239480365 0.7577423061736794 0.2552976008828809 0.7052964926188454 0.5725243811754511 0.11390524875702879 0.25797563074616114 0.03113368543874795 0.2266169396706934 0.015168102035021391 0.18181192881959518 0.1810629956404004 0.8029511479283584 0.7283295440939589 0.005423694438296933 0.6920765862767772 0.5593035419927362 0.6744108856173432 0.03513103981094068 0.8273057264509387 0.661882094134286 0.8134659494584008 0.0186916501612312 0.3594889570728321 0.391289285779331 0.13005037363235417 0.6416678699799556 0.25271647828754196 9.734873475808481e-05 0.060468405659203306 0.8032731892712169 0.6991961214804514 0.9292997085410777 0.032967836639308024 0.6971764723960086 0.762783264669566 0.8371338969232759 0.7461492589309686 0.30830937395420455 0.9420916734954597 0.9631772845888287 0.03235935216372965 0.5254229984201497 0.6894151202539887 0.261400643177339 0.9462425445668816 0.36434833807235545 0.9023090130050354 0.7150022434077165 0.0018505609969826642 0.663056847072845 0.8657983744859321 0.4122757128343709 0.8550877321355083 0.13740037151980256 0.368825435232604 0.2867393145499152 0.49974524497592165 0.7094151990530967 0.5661777238914117 0.6310561659522547 0.34124711752775627 0.19344774699167788 0.43469339300046383 0.713130201359758 0.22144257296464187 0.12576820975462444 0.6444494591063765 0.575270228854998 0.8987899262313732 0.0761850513325324 0.6068475088224424 0.259105876299777 0.29464332757059075 0.5646516701668411 0.5717420411875634 0.26783009310002115 0.5099091801257994 0.6903345907563491 0.6901755392076864 0.8428819122027569 0.1471418915122169 0.9405809677569363 0.9777366968574986 0.7428089480917476 0.254879518739767 0.9020410900928004 0.03547197199301588 0.7053969090600082 0.4224942729009692 0.3400541622533284 0.5077393879496342 0.5030672642701663 0.1691204465661612 0.787434337441534 0.26404280893129384 0.7417251634636848 0.7087640258062248 0.5472736828832179 0.6690377253386782 0.5995492661420259 0.40870507933133216 0.8363668923607142 0.17054856251278805 0.9902165880031507 0.8743516754093846 0.3442242264327129 0.3203721846307479 0.6325338140047753 0.05331723610025774 0.8632294024029987 0.6415674526836117 0.23038817653815324 0.20583438218267847 0.6869020030128318 0.9799972101306849 0.10775778914156797 0.15600986356919944 0.1528413496484926 0.3897565475522894 0.22135010729645332 0.05753913035359015 0.9390927463773885 0.4458215885982635 0.4475127009459936 0.1842288151556678 0.9365682233765115 0.7547014529757319 0.32524153106745435 0.8054345463385011 0.7210150043226654 0.5556698170433765 0.8579547117054631 0.6762338199230987 0.43144007753908564 0.18477885433118324 0.9941834003058806 0.4163642866914302 0.9834323301324943 0.004551333369735233 0.14107075339314123 0.7979380360997059 0.9212350007106184 0.4141994000315894 0.033441277936004155 0.6045967512948593 0.7591054999561129 0.4983990774040611 0.4935330185289546 0.054895090613352515 0.5518517307771831 0.8442660094363871 0.13040444702405496 0.07523192845918181 0.9121050724942846 0.8528507575828472 0.2937610179663561 0.8397842883027794 0.03512732688010711 0.05848647679651553 0.5724128330346221 0.5353518528501161 0.5358881289277286 0.5552903795351595 0.274803977124937 0.9605460445391725 0.44115728563033385 0.8355825894853766 0.9431318201216068 0.43320393571883953 0.4964492757501642 0.9468959888686802 0.45697415052745904 0.7205250158238762 0.5854005835598516 0.6967902822861707 0.8393225867786595 0.6864625729309498 0.2339850458054561
0.3307815743245057 0.34043684040969024 0.9056002332088057 0.7040350558382762 0.9830751539272855 0.25097476629833215 0.2719703957368693 0.5362872874972678 0.7063145051415473 0.3379671889110736 0.43902444748938163 0.16727684763392192 0.6668037146650834 0.0376750009758029 0.1657969638413901 0.2557243118624587 0.5263563335584448 0.7409970481015163 0.18208996588217075 0.17357105859712152 0.0996535944118715 0.9571222684143093 0.9298561388528274 0.4495336730055357 0.8854217148244508 0.6719245407209397 0.8054876817045663 0.4081938384749594 0.9840522835396781 0.058088091291083055 0.2595166763056471 0.561731110922734 0.2605453749143255 0.6268395925408065 0.024812028920427998 0.16070046837153196 0.12858548857528185 0.43728545664330365 0.8655292143482907 0.3708433435635955 0.48462222014620826 0.9410184996593433 0.5557725286077929 0.39539964405707184 0.7842246941161389 0.6745027560366574 0.29225643267069945 0.9325753865281309 0.4656463714007204 0.6232894021023222 0.04362343729870333 0.622626977015871 0.08052528368356981 0.6855702659964714 0.5276868535826 0.5133031076671845 0.9942866894939882 0.39085768626469153 0.790063553176549 0.7602829563064182 0.8832628706253057 0.4438838691792577 0.9791717797602374 0.6334868437063154 0.6727508587292093 0.4819059116058577 0.8354711585724728 0.33222571250014477 0.799694251375248 0.04253805717995596 0.7552975954035572 0.07659527156720136 0.3719197117578317 0.7100922515764774 0.9655163270483154 0.33296131158099507 0.5671381445750331 0.9007867845774257 0.640985629655743 0.839672346889984 0.452161611908401 0.7032679828144113 0.7226437639736867 0.7266712241887152 0.21161588318915248 0.1413007832861386 0.10972413915472512 0.48196448679105774 0.8430868678914218 0.8434757672449347 0.3030068834281888 0.42212781723942105 0.9747329030177587 0.5968208954807375 0.6904830310780514 0.0795761203477019 0.5883583933832807 0.8891482012668795 0.9457635533887397 0.6825830375864029 0.3179113803537812 0.7782192959062062 0.14536078294843757 0.8418049363608067 0.21234801624265887 0.2007742939430519 0.2906643984533377 0.1413652027559582 0.4629153694392065 0.288795608415668 0.4956620400876215 0.025372692526717255 0.7919874271375089 0.8936801019688793 0.8558433727386171 0.4469741413877534 0.4479323430353991 0.14790866597130592 0.6408707668226139 0.9437793929003162 0.4500087128821333 0.38805759486678826 0.9585579595338659 0.9031622475475701 0.09106507993995594 0.5907517410497063 0.34536984308898244 0.48339944242194344 0.16166568744704124 0.2087259770257558 0.0764815649283791 0.4393421729853957 0.9155101269851087 0.20212201959650833 0.7726928171181602 0.4034630469605055 0.8724892705805257 0.8211367800218106 0.5543359905838801 0.40333442508563233 0.4495001245635607 0.12438118745443394 0.8983619799465473 0.8264940762104542 0.13154058822331527 0.0015096401480366728 0.5373338770888536 0.5369629192922479 0.10581702682867111 0.11705248404573387 0.0707750789390047 0.9478254897456474 0.8453718628708077 0.5573111637678357 0.8128265841389569 0.03759344020188693 0.33533281407749893 0.9643403345765955 0.3323941223503174 0.3582025397234565 0.4076321987794409 0.8909434636657236 0.6494517740569004 0.1528339616379154 0.7123513508945265 0.535232933877545 0.7058569674850971 0.951992303019222 0.5898715788558134 0.9598509236414291 0.9491288444452429 0.15003502196927154 0.14238432425047376 0.8996146060138117 0.498846602898236 0.6038528770359322 0.5613380899711844 0.48060076580572253 0.04147617270605808 0.3424861065956665 0.8300061805475182 0.937570451621456 0.6339052292900745 0.798032435623426 0.29336852849088346 0.22812391229936468 0.39365337053308536 0.40536935135203855 0.732430125044793 0.9507963662217287 0.47284985824367787 0.7958202253029513 0.19417697062399009 0.9848126115269251 0.06672421555598906 0.16194913345138828 0.4089820569373539 0.3246162424365011 0.1686583000450459 0.38147167113987235
0.46467935642322533 0.854089939721758 0.463262688059359 0.44155757772846604 0.8819549478350197 0.2264744709789447 0.5053995623246132 0.22609337562029608 0.6479881108677706 0.22683166598848503 0.2284771853530847 0.6212102077509118 0.721439429546136 0.4105830081726034 0.9507630875515971 0.31879991261477636 0.1498940123454353 0.11050428192623407 0.3689405890881654 0.29912756618235303 0.7615249435433823 0.8908291379422207 0.42892308196805373 0.5004665873573597 0.6997374475337832 0.011790480384427093 0.8117320196585937 0.8846586285054743 0.3889733516681325 0.007329149285455916 0.666325078213623 0.4692513084827483 0.20391070582322246 0.6996078227544792 0.24779002763525915 0.104241952358331 0.06232499286479587 0.6304543465892826 0.2785130683246433 0.7418653803449053 0.5607053784777752 0.6569595492638536 0.13908758308958513 0.676026487293988 0.13313036693816305 0.09887257914784253 0.5670226180106712 0.049016930720013674 0.8857962077252043 0.6411741717770767 0.33496994933022073 0.5535695809890018 0.5269585330152178 0.9522012131448763 0.7097463301128942 0.7477425672800566 0.489966968741816 0.4234355639814764 0.11245650509334226 0.9608213585465639 0.17669341884543088 0.12989358191620626 0.6080929404114428 0.7894707158180652 0.29759224607819 0.009227918342044283 0.6203329145532283 0.9195728096178667 0.6047989749536271 0.7538334118265013 0.9001593529065965 0.9940130961621183 0.5498337618851264 0.04328222108438762 0.259698010831932 0.8683481627152881 0.2101109784624059 0.3497038571188026 0.44706356685633875 0.788395247674883 0.9316353824223579 0.6684892288896339 0.7172977643757319 0.6944342954250846 0.6146986470608811 0.0483856484626799 0.23563557708966565 0.9323095356194446 0.38850124556553656 0.3043550159977191 0.2827750615931911 0.549573838557105 0.34716512275216527 0.1253113618698457 0.9378388688867644 0.011061074561126372 0.07065965785443507 0.08684666570929467 0.08099265584065074 0.9231421165806153 0.974450105844064 0.7348512078899638 0.3479488880604582 0.5588901561939816 0.6620544162828617 0.1403354118067507 0.18312411872652934 0.7635716092753572 0.8676005393219659 0.3095486531367041 0.22422595253684707 0.29728883805488493 0.021211602295324483 0.11965499316603367 0.47505743351327145 0.26493159712870773 0.6954109876028964 0.2642323726512652 0.31522923440783013 0.36709539048052187 0.6330019257548457 0.8193977805500618 0.4958147584217506 0.9852714778482125 0.5101587873712927 0.981541611561712 0.4732365356596093 0.23797242425547394 0.4455439707635196 0.8563826421772675 0.16199106228163374 0.17751153377014428 0.7824623782724374 0.4395967917835 0.2609265541676207 0.9023754041929894 0.9264371457051117 0.28899448800444427 0.0627939440358698 0.6222221744485233 0.45578416358491736 0.8617482045353457 0.4689599919449784 0.7823341815665319 0.17299669552984198 0.1387893125154238 0.9626687622479146 0.5889484046811857 0.1887183229311038 0.5594118032331116 0.8662701115795104 0.5862140588794175 0.07156392898745423 0.7380797665722248 0.39976101715059653 0.951214564094479 0.23276895223165728 0.8800983874344008 0.3175167826585258 0.5480164357816444 0.40979796048440476 0.2882708264929086 0.709086671512528 0.8163540872646471 0.2632498603622967 0.9627979630319428 0.42984890735432335 0.5406054826241493 0.04927022640362855 0.5216000560584778 0.6969991913992841 0.1966476461666703 0.9480423098971303 0.6656874063291542 0.43966361929845277 0.5116162154076793 0.1166143659539286 0.1250714254442683 0.023565988050101905 0.04654770078586068 0.676238119699757 0.03288501135437283 0.4984154759557058 0.5592660767875989 0.6066877193335477 0.33448251145521546 0.6447031428211908 0.20365332293565908 0.30138905153721884 0.9949885238080944 0.34967458424169595 0.806099944227434 0.5498343597035139 0.17590706837595282 0.36713064195904965 0.8327919742903095 0.7887972338688465 0.6079803361799754 0.8579367320982323 0.9292501639201477
0.6521998439472819 0.6425157918123687 0.7791313385885924 0.14097923590223294 0.5401530514448927 0.9637638712540177 0.5519269843155385 0.6328738012736594 0.6718997339826123 0.7226181506366238 0.7275365223006577 0.04567012692325667 0.19260346903223535 0.4416356495411855 0.321006415217715 0.2273246099178341 0.14176993861020792 0.9430472777913307 0.01561616166565749 0.5746745092659733 0.32019312447653914 0.9540897781388487 0.8447246059662559 0.19901862969629913 0.7804911084867249 0.6707455283466249 0.1610060610741324 0.8864729304685689 0.35280329016122036 0.4105660571080192 0.07217203583416132 0.21586061107888055 0.18958473327109437 0.9126275007802945 0.35725356369247907 0.3024498687165106 0.9244781691235343 0.3119962399696291 0.4725415904593594 0.6426426029640467 0.20293396337239344 0.4993973655744315 0.8930972018521597 0.08628426777047637 0.07471520904479034 0.9389704345588004 0.3533604735395741 0.5336046307396817 0.12331249594609772 0.7757251851818492 0.35219228512819345 0.3863986747484517 0.7448647273706749 0.2827548538386191 0.10731902587649478 0.4242137368066349 0.852798301482956 0.05384973654284131 0.1797261222476968 0.16151476715895707 0.48637368754230104 0.47781237507592356 0.6608345917007726 0.10133077903955967 0.1577988504777974 0.6983541041133912 0.14884841880921817 0.07018463122031571 0.9009304634894426 0.7380668583152094 0.09571049592057257 0.3274461969420964 0.21664720844555085 0.44792546786777443 0.23492444757364772 0.07107211110834466 0.2527867352785298 0.37501889215771367 0.38861125702974 0.018593897176958696 0.051167609628590904 0.02356152018084179 0.14438453314849464 0.3724222617078501 0.7342885046669518 0.018060021519198832 0.9219919869963471 0.519974853059993 0.9319842602137822 0.5161717714077744 0.13681894491808466 0.8032043399653409 0.5951366797940532 0.9929107459263535 0.6900111069150608 0.49218054355874374 0.5545364653638541 0.11202221396081524 0.910203829260192 0.4627654134390181 0.6664371092598392 0.26758762425374283 0.20363555574449654 0.9508770420159499 0.928691298339007 0.4087523170486207 0.5522611844450113 0.4131781560030421 0.3297930378298346 0.7009628590065057 0.14152990820761135 0.5726982508573284 0.567231606537565 0.46674910962145344 0.28868284888121987 0.22808852894602438 0.35604651869555415 0.21936093642238275 0.9230965379710941 0.4645787330120966 0.9258841007237365 0.8372571315155298 0.6261094513789229 0.81553606209192 0.2290816275053339 0.08954609402249736 0.6164264932160359 0.5805617310827865 0.7325024677283349 0.07048907912749991 0.2152255286186624 0.18051140984552372 0.35959916038521034 0.44649904870107815 0.7518358027836851 0.9148720222945028 0.5715094316905235 0.5865126876500028 0.4576347595256419 0.4955109036260541 0.5108105054958811 0.5629274530682327 0.8807593309929527 0.8653548065587394 0.21830684568276193 0.859241715251691 0.7183772731953655 0.33195926767681927 0.6533148415950613 0.9613796477629918 0.46212328810323466 0.12207211038954813 0.4809423985906863 0.8397579900592915 0.9597947503149491 0.23055350841714506 0.9122477630415531 0.06205875690792506 0.5233753643268018 0.5631432229939851 0.83365402636611 0.5097256811430808 0.22383972159129928 0.38744451128491386 0.6423857906327276 0.9626510661627807 0.802100986971607 0.9604139052936099 0.4171047338931767 0.6731913116268583 0.8429245077396468 0.8183231685344811 0.8863618502727412 0.5019043994466577 0.4548478591139514 0.9368271121846782 0.8267655813970444 0.7627840624332343 0.3577020543348671 0.943562742479069 0.1396069650048264 0.4328850532670172 0.7053722446885032 0.8205159923506584 0.9461471034603042 0.524514446798718 0.926097967832597 0.11602726472451275 0.45255165434261213 0.69892940242616 0.7664894262598609 0.14788978135398867 0.9940601474223136 0.9612277003374278 0.5337732073598878 0.25001565202761367 0.9878769804331818 0.9241950155048599 0.9218454329316276 0.9671279241995993
0.8443385834288971 0.3461664377621543 0.1970589839546658 0.9639111274596421 0.8080554083349264 0.28554721952328965 0.43566063325248194 0.9301724765241307 0.36637120556105773 0.707886534453096 0.9189321921282431 0.5426486490586421 0.8998794675399845 0.2683704945705626 0.36300392229252076 0.9654241589135957 0.5328688688553628 0.626190059194685 0.5457792511010638 0.1251143397786737 0.08091160951790966 0.8186524946641597 0.28608652141509217 0.6414392651897257 0.9869078894379851 0.29782230154320466 0.5945661622595755 0.9203556842346471 0.7443738002711768 0.6055539530116625 0.6612675517854543 0.4748773036969659 0.1405918264319067 0.06465986625634867 0.7156401064470053 0.20726785685413718 0.9100473861305636 0.7116813080371477 0.7082430462992387 0.38841453058978004 0.8134124399572036 0.39678944009028116 0.13424547348936167 0.8980454698321109 0.8487158584442406 0.9385849751946641 0.7875251087675447 0.6703404769174877 0.6435887890410175 0.09947440021591702 0.6111923596303748 0.8732858481072788 0.22883140099506682 0.3479401137058137 0.7042405411591591 0.7967333971046424 0.9210669330372128 0.6637868637920491 0.8255458176534307 0.21995582119218882 0.03842100342765653 0.5113420375160865 0.34487406551638755 0.5303309907424202 0.7026166926429707 0.03847857182803871 0.31328525633999393 0.23508896779361144 0.4403703268197102 0.04328881957721864 0.4213619876010227 0.261648656764191 0.5283652456977798 0.11123877333276821 0.3326758041168869 0.34695354467747463 0.7106453126564569 0.004800765709661814 0.8656860690838429 0.709644616297179 0.3848387713244562 0.9596334733437804 0.355230834574795 0.6232121308846044 0.8617743385888192 0.5864321495158916 0.9206415851516435 0.6044173897335694 0.8580102548652837 0.3197799310048537 0.9944509951333558 0.7394042152004263 0.41674984088718103 0.43562253631125303 0.3183087046874882 0.25018377984309326 0.3874534272673722 0.10673360208952087 0.3648588304240532 0.9671047447544815 0.2038922182034576 0.4459601214112259 0.6808713569899804 0.5511203676019695 0.4402236196966969 0.8558607717067409 0.7791881875170534 0.42295202398584675 0.5281263109435481 0.8449133692921384 0.2543535356116956 0.26324578642067487 0.24768465213129398 0.8148358244440377 0.7563969640614514 0.39823796736661476 0.2958472674688343 0.11968337756645908 0.20326956325543866 0.897061053235575 0.7134930097429404 0.47581108764588 0.09816231478816162 0.889291878442029 0.34872328164219435 0.25891697209753606 0.32018874161847033 0.5253847531625984 0.641483425120585 0.8989431702370759 0.8072288342018483 0.7364479625834186 0.7822783437611195 0.6790018082335806 0.39346982899071037 0.4478175910865997 0.13431414467975133 0.23998258626836633 0.7775293974692978 0.7588538993209717 0.9489744366850031 0.11610897369360051 0.8278237012542967 0.8414171615294985 0.8233238944089185 0.6882829042613624 0.7659712916883478 0.05376111782622395 0.25176550006923126 0.36858401380665584 0.9239840935072922 0.8418480521417998 0.8178560741300146 0.8586370396185831 0.47939648989707273 0.15283336433140926 0.17682777022820217 0.03913613245417413 0.9412393501066771 0.8347527752186895 0.7628658081658878 0.4623840224637027 0.27088632559499226 0.836348435529104 0.46492517929728094 0.6921996332392584 0.45276755696509274 0.026251797716460135 0.5828740586283155 0.46083814693642344 0.6366599731516724 0.87812250026447 0.9979224395333802 0.19297636169742738 0.695454038446414 0.015469031011113854 0.5415972605679662 0.6854264255965236 0.9597415435759487 0.42033497722552515 0.8002802981045274 0.5023559513317313 0.47274196059282936 0.3873256441383188 0.22005272340961046 0.18486434573590493 0.11884307992000598 0.8929653730298344 0.9516279641239151 0.6324801376933882 0.06474931878665635 0.26889008755841715 0.5123438843264936 0.5164361403997589 0.13142671359860902 0.5645989052667761 0.07115759225582241 0.4471789849447554 0.4073602501641156 0.2573360221791252
0.5623646587513234 0.6425752121962042 0.26132744238170036 0.7951888095916236 0.5877828552030907 0.5838827186406538 0.2736705150898868 0.6704212866977476 0.7558579822855489 0.48474442353463953 0.9781653379740037 0.19142773754368014 0.2699163250037644 0.009255639308081487 0.1343739475387824 0.17069348055537537 0.5745848223551016 0.9927843043824661 0.7362210159816409 0.3265579876390762 0.6478931925771328 0.849053439555858 0.7281629077161874 0.4788734366668661 0.9861678058213154 0.7248057317975691 0.4237746139089116 0.7321988023377716 0.890089564223632 0.17829673527854673 0.29348819298909157 0.21581601988999233 0.9977963619115844 0.4285529798291101 0.8655736593632882 0.6691925418753045 0.5075413049387199 0.8187123880112831 0.28971550140745705 0.6373254474383971 0.37982423646036023 0.5406082801723795 0.5395114477302498 0.9426970338218694 0.14673304531809317 0.6124279169962398 0.6767387095035334 0.501660820983153 0.5297394092551082 0.8534806103510111 0.3480967215735593 0.07151717388036194 0.38487811887983037 0.1927618400768809 0.28240519287464383 0.11602001339079115 0.979817367474333 0.35865993807488716 0.5580491968161647 0.31637013024303484 0.28062831286891843 0.12881357832009577 0.3727861644095143 0.19893084952517148 0.45226921206819704 0.22272976071391415 0.9819422875671611 0.19051448469801346 0.15733814172990623 0.5567142642806066 0.7691781626086356 0.7686629616577034 0.3788762668779745 0.2953978427720302 0.14311452259644208 0.743153868941392 0.003794227119634619 0.8425632302781406 0.713134281534639 0.6414502308598548 0.11392327579290518 0.52059546179948 0.1794022047068391 0.10920380518250106 0.05549992435125628 0.06869501272742917 0.008765748636001325 0.6093229894609211 0.1398559635921618 0.9141138679083509 0.6424121726906848 0.08618665541483794 0.8577587827656503 0.1755984129265703 0.373294464258742 0.6972292985826569 0.9035601779572845 0.9304837904516288 0.21620040296650467 0.031162097418548362 0.08457899107436773 0.6434002194583801 0.7536020676040399 0.9657247063112366 0.11276400376674645 0.4548463759700395 0.25477548902783764 0.1639312061584991 0.7062162878211841 0.45010174325182806 0.11715772520072332 0.028197802089872437 0.45468140681287683 0.7286348703185827 0.9709578414406654 0.2212991936331158 0.2785052287049318 0.46086058458423973 0.25029851571296013 0.42163801788402155 0.9180374069975111 0.5711235764099517 0.1621873584801844 0.2529420750005288 0.15832343207361166 0.9448184060617184 0.6153632999487844 0.16286526232765586 0.5503616409497513 0.9256827606627785 0.8475945497539937 0.3701655632381229 0.7046107204147973 0.26732158477415646 0.1528287560454331 0.6556718549511937 0.12984277579522419 0.21997103092257186 0.8893671782929867 0.10886026284520067 0.7896302569997543 0.14220040959202296 0.9961761198078841 0.9603971310946856 0.3085947682964695 0.9180930557457567 0.9011303013505065 0.8656961532159506 0.8961438228670399 0.7494852869104778 0.13942224954511473 0.7589617726366427 0.38987009888142654 0.7275139504661843 0.6130952090956298 0.5159576013161614 0.9171546563230711 0.019026988568508596 0.6595128894428732 0.30466278487481113 0.6359579318384633 0.9975855608765795 0.7007887763805354 0.29647052201946955 0.5062087942782784 0.7807507959546213 0.39414986278661357 0.0958899288518763 0.7204449479115843 0.2674169026295229 0.47753447562601137 0.47467104603357124 0.8066893298486871 0.9047138753880122 0.1902010746480144 0.17640495341932805 0.5901388660170761 0.1412614382365157 0.3997698566645538 0.6549473943520463 0.22046777200449508 0.43811801949393436 0.30116972366530614 0.6755984426677772 0.23847003708233216 0.17368493478263514 0.014451978661763398 0.4439776772942964 0.1393238071782924 0.8185061902195169 0.22171039248263358 0.5737429215985134 0.8007821181247357 0.3383512598501106 0.7196677569803991 0.1880442213730117 0.8336456709630145 0.4885588006048531 0.6654806350403317 0.19991998064396943
0.41325005169287254 0.03854599717788898 0.7148060275967574 0.08608702573112903 0.5903674128748859 0.9935511063569954 0.8020507197764548 0.7874692399448406 0.19116808490787718 0.40541543985317596 0.4470389582231866 0.25740210415519116 0.3827468480754338 0.8594610994021193 0.5130365166084824 0.4438470510802728 0.07156129465739125 0.4264217982286924 0.8928260030354899 0.8926287273789862 0.23054422741796765 0.1352781432602802 0.3309432135354927 0.7096174016506309 0.8327452711188882 0.48933166834867414 0.5465832344665215 0.9280804582495359 0.8815852405852174 0.13483811133737944 0.6851190130210071 0.2933192536723582 0.5141971766468665 0.26507525758065775 0.054707713500100286 0.10333005343947821 0.42199213782923095 0.6227766290822292 0.873239607022764 0.8878939044064394 0.9822747511409702 0.16343394662616817 0.5640389257499712 0.7813744092548495 0.1805533880376713 0.7184613231131783 0.5443123435496505 0.03381937193655771 0.7040656501704399 0.07141490969401632 0.5032725193799101 0.9009321524596245 0.5069728958143422 0.5078837417597197 0.29935808498551986 0.4577476462428599 0.2499684033460916 0.6917574029807197 0.1866520083085137 0.6954914656003737 0.9527654003987296 0.27761546967747186 0.9937917337336389 0.9637981308496372 0.6987538689562652 0.24345411128450745 0.5837156185244905 0.5926739013699868 0.5955789411542801 0.2745356258178967 0.6409610428869174 0.2847944718989438 0.8584468984983495 0.450794505919042 0.798561245076014 0.9818271483675396 0.14770383442845847 0.3625921248148134 0.7713831061471658 0.7144752482214968 0.16217574207230223 0.801692611103972 0.09640353183520556 0.5601028632607944 0.7802220238896105 0.21139354292262924 0.7595634187283561 0.2726042022800471 0.7450652383320295 0.34705842984562274 0.9143217739098126 0.6827022869177751 0.2224158625903797 0.8343828820142375 0.4974271912165036 0.6166263734087238 0.8131409745810247 0.7514501295052524 0.6243767536828566 0.7078899514040546 0.38077399501994935 0.7993516652767965 0.2506638076044383 0.8111893716292456 0.23444936898160762 0.03976896474553504 0.8415926364558965 0.422223254677484 0.12045132503083122 0.7273185997655331 0.16156562549457776 0.1227806271301346 0.8686659720826996 0.39623739741058217 0.553474148073012 0.9507563657313305 0.15650130096672865 0.5283770488562404 0.40143478740808225 0.17214123564066897 0.35154024786270655 0.6037338979424939 0.6111103575224037 0.716077437782249 0.5173202251818138 0.965381915095056 0.4241765031634298 0.05810987359232933 0.2234525877876321 0.14708770405632743 0.5162983725647335 0.3922475644771659 0.8175302482119928 0.008822841348735455 0.8261836465467773 0.6383112126584007 0.8791394983305537 0.9814028593560391 0.733169609071054 0.8079608457229009 0.19896931088721093 0.3989117873985282 0.6566673166062009 0.1253227082145134 0.2103495941656519 0.5884604437667403 0.6323654697329688 0.8694264453951911 0.8280282734439852 0.7418627234861435 0.4376059612438219 0.8810710254353131 0.022430893191763057 0.12603114745627497 0.7561581245157405 0.9506029506044121 0.8220404466974564 0.7539326074223438 0.33649812071436935 0.751996400131715 0.46101809825343865 0.32917000546767405 0.48090921815753873 0.5794196492609422 0.29575462707685896 0.3426052547725982 0.44386532794949474 0.5980116697908947 0.6122181680245612 0.31459690639931115 0.41896034776005653 0.8210350122863209 0.2614351750410141 0.6025132102233155 0.5414853157020403 0.23691980995680806 0.6156847412809973 0.2283625376362075 0.2108277315177367 0.16624557615106006 0.8228771364703026 0.5200986253972799 0.19431893010996182 0.12322638071965886 0.10176683718604418 0.9569232963702267 0.8275061633376474 0.9956961739698149 0.7368016802137393 0.52844821748713 0.18547577957589778 0.08421757959690379 0.7018058531411303 0.047350748256126396 0.26651533421416596 0.88009887670344 0.5765492689909582 0.39256395346175466 0.9023641210647112 0.7311340265915798
0.4176490567505744 0.4151433030487094 0.5269069376558198 0.6481372274637197 0.4621707863500695 0.3558088012184457 0.6305535615640848 0.5193221406560855 0.805485535916404 0.4465914212235138 0.13451125487383664 0.2440338535433424 0.9239981725348883 0.2611006595903246 0.3915530222754189 0.3610012288208929 0.8964664910620658 0.44519813991543955 0.046640931002964736 0.11857353472295284 0.6198737703852203 0.677283189184708 0.4220052489475785 0.503009770768899 0.3229317135125692 0.3166815046305247 0.5444521571459606 0.548412502255483 0.7735997054858961 0.9280821829597028 0.3066809354817823 0.5679697962863451 0.9298634418823438 0.01707107541720021 0.11314382974403914 0.31133348233192026 0.09408090503110123 0.34310638589410825 0.47287001177617305 0.19513680364230857 0.9425063576433703 0.4777486563850881 0.7594234937513276 0.02522484382208834 0.28230510849833335 0.19184353046357006 0.6836743262121561 0.735346070602948 0.40801351123193175 0.529606218079286 0.5667515018283383 0.4618360113398663 0.422060541636874 0.6679306916969255 0.4820744370975001 0.14195656453265026 0.30992855863751334 0.05610369269046289 0.12870913276784113 0.30630329902237363 0.20762790074150783 0.03854122602974874 0.9898213971988215 0.817824588616567 0.6869378529740885 0.29135393904579177 0.7306219442085506 0.08306741876984969 0.6671624452717513 0.6107370261859105 0.7903120455578783 0.45487943640295836 0.4419245924925006 0.5752872556413655 0.4672776618286434 0.16386699358923518 0.9665221529047581 0.42769241797279756 0.08802239651104837 0.22189026771212617 0.9748286285674755 0.3657815075625931 0.41018881694987663 0.13932125364631498 0.8852198068417125 0.41116782994596623 0.14215330764367584 0.7188125309370998 0.8717388451879288 0.5774949921327335 0.2391873647670436 0.27622938850028067 0.37610100567855953 0.40795144780265824 0.8105773101732283 0.22748324110978313 0.5365792424169705 0.39005537700854687 0.02535948841463831 0.3027211881755759 0.04225790841456589 0.09165301035640516 0.013469329513582262 0.380196496910999 0.7088828738090742 0.7281428669194592 0.48270193083727275 0.028255936717594632 0.5090016977765585 0.40917847756438397 0.984878244547891 0.3437079344463083 0.4549547062405763 0.39906444608097735 0.7634423398750801 0.3720762161952643 0.6828469554401572 0.22112272923309595 0.8137554193696095 0.283340023685127 0.46659090009626614 0.12897027186222842 0.37167450123699286 0.9486771276736238 0.25348582566088373 0.6616368017590513 0.556192078360705 0.6150940427499584 0.4302112269629995 0.4782848927447412 0.9223237585930228 0.4681328953149456 0.5605755705254107 0.8584725286762626 0.28789289093088555 0.8407907831044739 0.06643224535430481 0.14943431808923802 0.24014633509659067 0.3792443406358914 0.8877381466191627 0.48291899727476806 0.8053278401742612 0.4681315152466755 0.7723813261679332 0.5167315887721139 0.1439260807099061 0.3145175959904395 0.4102917365301906 0.770550226865026 0.9766488699459561 0.5115510048410078 0.7901542188808273 0.7096749512097162 0.6145068013877115 0.5619741246839609 0.6474074824305848 0.7538526874457542 0.8759291081723023 0.906863970883857 0.2993503913952701 0.6755567199426048 0.19492673504214997 0.7824388584391058 0.812582315838558 0.43682004536621655 0.1421606148735729 0.6238759080515374 0.64211638032582 0.6534268039271611 0.9064379272525667 0.628839655576387 0.6315108579804328 0.6593357940900246 0.958181848807118 0.21719791735496108 0.23304623599300678 0.6050252639811267 0.8091815070189273 0.856766526155303 0.6886453059978257 0.7449114932232037 0.6100725815032993 0.026280747394365256 0.4078360364903473 0.298123299032797 0.7535242873499783 0.4074484154792267 0.8482512129909187 0.21373311864328015 0.9787004868461091 0.6034152522441644 0.9419751616989654 0.08674912482247232 0.7699796368460518 0.8712988467837411 0.2432036527297281 0.3842911631660675 0.4925435788617093 0.8499870613946797
0.9131900718934599 0.9307126370875283 0.30710726693716983 0.3292307025834006 0.04725906967472682 0.347532490169948 0.8410203409697466 0.2131987778253278 0.42389720762940675 0.3265777110547389 0.40661339932230134 0.30496277659237137 0.6554823136990668 0.9535518863136321 0.8532422301607873 0.8907304395149724 0.11068757392942252 0.9677339524716629 0.1984618087922475 0.8617523457683931 0.840718396943241 0.1901039570115589 0.10089085750309368 0.7644723620018212 0.5762877130456046 0.9153880375935002 0.17648283145304378 0.8058295420598715 0.920461939402962 0.393237863610882 0.20408426050478046 0.5411581196209234 0.9549163545926626 0.06581281518949489 0.3752314185194875 0.45037302199076923 0.35961002706036027 0.22385473445004833 0.831425751406868 0.5615239934613375 0.17509737319126906 0.8098528243338783 0.08095325842708845 0.22388769446785117 0.061256106452643455 0.6902841474468705 0.8327929471801413 0.14203241100546782 0.22635244718460856 0.78397717893838 0.6120521770674289 0.47999701981567 0.5302739739237629 0.8492987621013895 0.5717955201456436 0.9623609363517412 0.2654457421400417 0.5168954893713746 0.8716267735166912 0.9621867267759225 0.45993152122892456 0.06658346390780878 0.4264480193986505 0.42782498097115773 0.5537565725044584 0.045932815771657864 0.6663543165054059 0.7222184543361473 0.5173881510325337 0.7818623894955925 0.5971977992321589 0.0977471659067427 0.8875184795779608 0.588358020412697 0.6339958242835284 0.6540755208174365 0.35641583012682454 0.16366496939226183 0.3945039728700762 0.8656465474239149 0.019205755327015406 0.36084966002249297 0.627853631619722 0.500717489835319 0.3664241177771549 0.675024025837981 0.08265636017566147 0.7847954563916888 0.7344667015222759 0.6701899210308703 0.726327034796004 0.03975476008313639 0.8800299658098559 0.468059620583134 0.10538035377413535 0.8689825676516302 0.1291121466217129 0.4088715563284343 0.5918398572057542 0.04859176906208751 0.61613869803609 0.10732198080718136 0.8899389277018108 0.05694634258746445 0.6960070319195351 0.2848510223259818 0.6283433187689094 0.48344652428711365 0.9604051068734413 0.9175533907331234 0.08807690056557127 0.4266444540003118 0.5955143242766029 0.5547760434469264 0.5986829741140431 0.032358941576057565 0.02216529343788376 0.5985046920931978 0.3113150838891934 0.8856149071529821 0.20821828060524483 0.9664783190542209 0.031659602999010494 0.09600995758715081 0.5119580939870788 0.48535486431071395 0.6365300109017161 0.5303810869608331 0.363158529095696 0.31717760880671053 0.2269637755452909 0.8346551322879617 0.4033586164625037 0.7175131190557592 0.25025085054020346 0.11248785293110142 0.634265865182055 0.707695525569478 0.5928919583619044 0.9428450403332052 0.5948840367703131 0.3935455215293583 0.0903802336161178 0.3728364502240067 0.9375091490661569 0.31313981936414703 0.15932220837796218 0.11276211084255039 0.44558027097177344 0.3400887372367227 0.846595705151046 0.9974430581076751 0.6880444248671287 0.10854469235570341 0.6955309842660803 0.24405815323956437 0.05702884738241809 0.9770754853358528 0.1383911033406895 0.0011712568086825748 0.9183662647048807 0.7984815832624341 0.5957187168681128 0.8529245974586679 0.8536969437866975 0.13959409185671534 0.2736594216252233 0.014810577333026376 0.8302952887606868 0.35918520507143503 0.46126474112041393 0.7952366857275611 0.37585428010981925 0.634848053048286 0.4871741536667967 0.6145574636412563 0.07566036528059927 0.6656535435214648 0.26591215926170364 0.1979804333900098 0.33650382979293525 0.7747639916993753 0.9746036004835095 0.9998091587926915 0.1033892110711846 0.4420999647607252 0.4641113733546848 0.33589949632268545 0.6959082632335574 0.07844736011180264 0.484020737393397 0.6282727252441591 0.455683291661791 0.7045281512909418 0.6551372001510858 0.3342216211847875 0.05813407199620779 0.35732494960560457 0.18386809413654082 0.9203071054413043
0.40299144544598287 0.7930126556856462 0.35341173881995 0.8525189732822436 0.13100683617291164 0.7862593363651241 0.17986881755991235 0.7320327768812755 0.2585542519234102 0.9816576397821979 0.9585356741050881 0.5414300109354738 0.5486767356011806 0.1492660239576552 0.7576083721003242 0.5475412905046263 0.16323667490121385 0.9743847926207067 0.5553222514950916 0.7735623894887316 0.17519967705474315 0.35092086272908884 0.3869434030548554 0.009367731636172105 0.5709502201812668 0.7050297727053595 0.024529533722899455 0.03874473295564418 0.642782889750235 0.4059566917293699 0.9716523571404656 0.495665323506432 0.6172343309337317 0.9748019001605073 0.051848103228381515 0.9227677123543665 0.0524626639830853 0.8189076280127093 0.7984323939928638 0.730255928666574 0.8882120642083757 0.6590811759671255 0.3167651952362672 0.8295763227669867 4.5556279931857624e-05 0.46584798406760786 0.6846318857485113 0.9661749754150875 0.07251015111119086 0.42624066347634204 0.1877193936417737 0.9155994290281719 0.687179540439931 0.647651279179578 0.8890826467772832 0.7655828404708488 0.7721439323917564 0.1307640327595676 0.28379102255309996 0.10775676811050539 0.8453887035850898 0.08617831932805098 0.4470854538585831 0.739071204918978 0.5619294128094009 0.3540993279313478 0.6773532430852776 0.7369192669213375 0.7088282310026841 0.5507959058961014 0.5941588830121103 0.8093818674148002 0.6022605754329066 0.9136946601041971 0.48026593291669795 0.7997314313862586 0.10927789415431022 0.9593329232250795 0.3428609738035405 0.10946291127213625 0.2619562446648779 0.5508489317837706 0.8154855366017912 0.2775281083726291 0.5362149893451416 0.029526729520106265 0.43451912968023554 0.045771693802250435 0.9627062756948535 0.7471327920840585 0.5310343736316917 0.11441038998394826 0.6846205905937544 0.78333115252087 0.16364972749111184 0.8032584183601156 0.9716588120070333 0.7782453973646504 0.9789855598057957 0.8849263878801243 0.8767625567264228 0.13049975793723811 0.9909708206344598 0.05629769127035367 0.4008225589149552 0.2956471200837355 0.966422726684085 0.24639141458546665 0.5589205511069595 0.992895978933912 0.7479211313077386 0.16209147691712367 0.4160472628621008 0.7832748400556268 0.584491188442776 0.12653978519773246 0.6180383579052181 0.6297428240406185 0.2697796791058483 0.9654536459774751 0.11682964919938921 0.2578349823365367 0.3242122780194784 0.7960360033843112 0.9903621858693363 0.6092256322225146 0.9048106408409273 0.20891269733791995 0.346522645549181 0.6413600294974792 0.3721308612545574 0.10247170388905369 0.7977480203022552 0.8305713826900427 0.8010127504414221 0.4534761277104865 0.37288054040784235 0.00852806395876593 0.7024244095673832 0.33090298356003434 0.4486663808441882 0.6421091482562613 0.8637242225872389 0.6948936087050784 0.7191485941415046 0.15283430340577708 0.3159595845915981 0.7353386434071615 0.7432791848521472 0.4672116459333785 0.4906442530534655 0.5548573384972025 0.39466906508831023 0.9855532845523296 0.9013179253146203 0.3007558783374267 0.13940858932689193 0.9479501206571074 0.34259820035216304 0.9582775935349094 0.10848624352940373 0.013694618915505274 0.1472608975863291 0.021594273243541795 0.36085494219918424 0.9384279174790163 0.9974381361759237 0.1590266193213542 0.5602161902241333 0.8239920152509382 0.27553659259822927 0.9256466204719689 0.6720066757601797 0.11211975948823671 0.922480060483219 0.46386120227572125 0.0192596074362148 0.5466957595326356 0.980966278645895 0.47165017546994903 0.8591045785065388 0.3232804309856233 0.4400023817927735 0.06724062364756522 0.5508316589859897 0.6409778081641027 0.5133494086105667 0.7761229193567748 0.09963291365681382 0.17175172571319608 0.5477542143594949 0.8919509740040947 0.9904415670426692 0.17687864885846083 0.014705313844531331 0.9368779887289733 0.33986372302761225 0.2543456478456283 0.9026345999388053 0.04998520145945651
0.010656858384546442 0.1706213469889175 0.5485567299834366 0.0401491376562465 0.8235131703025553 0.736688179484461 0.0856915507946373 0.5309523389942773 0.30348781040112416 0.723588166319454 0.8388415973705471 0.47905707739462766 0.5103653741556416 0.0205883170437281 0.11578135899849828 0.04955058214446706 0.5102043635312 0.9616802010145303 0.23972865634366758 0.7230941129444372 0.07287629305207322 0.3921043902725767 0.6577959929059319 0.9803839982556407 0.7650030809557038 0.21635782581380092 0.06575842720179614 0.30176647384091093 0.5155776338509407 0.1414001889440497 0.5336401375099108 0.14655576890386102 0.20949285391642125 0.38934162109882164 0.8325585726632782 0.4606369955447528 0.1361285438003953 0.08836424908771112 0.702199164565601 0.611057093374199 0.6450735219644611 0.5480521100403823 0.82838165836732 0.22972843305034207 0.9166911503497888 0.9813416514825765 0.4030458242295365 0.49900135435997406 0.18810083432659896 0.2968213440056505 0.02841714692212971 0.6457356496647769 0.7016623996437101 0.5349391072991364 0.9057021095881816 0.6705516929504137 0.6504790779245767 0.5054562281986754 0.15174909651184998 0.4082424142222404 0.8439323356297252 0.3419910865943344 0.0017878750576317826 0.7953723323596802 0.8813037778548468 0.6872400584183772 0.2479238952855619 0.37489570561770247 0.04702424356713664 0.24449724082855062 0.5191980098144735 0.5503270881047478 0.731837555950983 0.7795815163385835 0.2023124139822411 0.20512538992434504 0.9306849936035844 0.2807073448929578 0.35687375059952775 0.045620908118484516 0.27350466654562144 0.36327126692954925 0.48591891978388635 0.029168826372110934 0.587354126502147 0.31243435899109084 0.20173056229917508 0.7769992479947573 0.261368442871202 0.8098922919521937 0.5580061738867448 0.935666489960904 0.04884111907230826 0.6660651987588203 0.011294366184043891 0.40143769363961157 0.3692913031703736 0.3545345902278735 0.39060765498614436 0.5816704530320795 0.4072086247516684 0.06249623419649497 0.7261358080233695 0.9433494024065946 0.3846527131435742 0.6577658416622869 0.16699186248153686 0.7185902561332572 0.45970252695662817 0.1784114722669189 0.9721787054945735 0.6902754779598086 0.10679235090987338 0.1760235524264494 0.5015435856564138 0.7695731194444674 0.1294060181189982 0.3812498760552683 0.44799638053929003 0.6253742552595083 0.7804765577467883 0.052261904048956365 0.4079353795969344 0.8234671229978386 0.9966041035604549 0.43769985906586306 0.4652232336129484 0.9877137883763746 0.7528718861754181 0.043155400710386815 0.2243100464191472 0.7634706413129272 0.07977119856705883 0.861432669048653 0.21437627104830426 0.17446124577542177 0.8946671473338861 0.0715150326631182 0.9819241055519657 0.091023049433825 0.8205130852345532 0.4581660596941878 0.7573264290047568 0.11733359698293111 0.40966734199641297 0.5003532036670407 0.5997556120288078 0.7059844420010383 0.36102939972212544 0.8609088263285735 0.26693819899375537 0.21390677885406117 0.14353090653044076 0.4012240785094161 0.799236515577661 0.3385966587648386 0.779610859688001 0.168012734334555 0.6504043217765967 0.01096702963068319 0.04542533631665635 0.06555230418741143 0.7903805629273088 0.50528525826236 0.19229230887527238 0.14929712939555273 0.07390253764030608 0.19035303313179242 0.8854434621358965 0.3012845243789659 0.7114497415120267 0.4046752818629027 0.7637591525432168 0.7771718163808657 0.1977856913288626 0.22416342587049898 0.7264066638472826 0.9547421638566639 0.41419898997986027 0.24274512982657248 0.36446887525838534 0.668296298741217 0.9975772027909183 0.7912553336867316 0.012634171930716476 0.5825433236947739 0.6526382237255344 0.3826297756247927 0.8731314301124241 0.05848073562833156 0.6209338485359542 0.3263482370265306 0.3136415592100761 0.4657925486790736 0.02476537700072612 0.6156408406002998 0.919355424379175 0.12575963704401694 0.04055068780964688 0.7721069801722888
0.8984520639481919 0.22670724406813003 0.9287756094316624 0.9317329760073275 0.31470167181971076 0.6788354814089732 0.3126922679632669 0.8026004694520624 0.14961104978180484 0.5661348750968069 0.7165396088694098 0.4666024330011743 0.6886001987648523 0.3057885705001365 0.2201350127417645 0.5472016520492755 0.8829170128243418 0.1333677508448059 0.023876931084550357 0.5883890472535104 0.3447157655277877 0.4031550114751089 0.9227384551790789 0.8072260412145948 0.2749228305365129 0.095806465649103 0.2995509197736336 0.29155609734529975 0.065405550687899 0.7912441957545393 0.18899848666105878 0.6757197972536045 0.4207313830771199 0.16859151038490316 0.08554949849677795 0.5588245529619268 0.5178676762456537 0.5692759378965006 0.18206973429044748 0.6863139829190814 0.4190947525112153 0.44539352977085145 0.9746438810324529 0.5881621436231413 0.6663022880957488 0.40854904161452577 0.5641503082069044 0.3292491686940784 0.5027687588060907 0.9311318080590286 0.7009253053744763 0.6576034206627281 0.029556245994752373 0.012258735533081433 0.00675313938141231 0.7250747603880409 0.8884792512671892 0.26072749946633933 0.8994138805091512 0.025941597201455058 0.00567278209868427 0.127489556011528 0.1383902280667686 0.26269675328787234 0.23213508755720624 0.33227393251743487 0.30076071129670234 0.3651465730427089 0.0885442318398949 0.20015122788194173 0.5729414609620939 0.11255979780654457 0.04278470976756554 0.6098242302902538 0.7030783187269373 0.9910064608514961 0.9120740343235575 0.6659120281438887 0.23046958949749297 0.7597691126936748 0.5123294864093321 0.293117830056964 0.65595115433877 0.6527231475738419 0.6239224001315108 0.7087336243096913 0.7411885729395227 0.253741619124106 0.049211912295861526 0.9434139650659096 0.28377913613874195 0.525172575881537 0.260990510919867 0.1910822960067029 0.5984367343694289 0.16450899452361145 0.6354950820392636 0.5607655992053991 0.6580843322900928 0.8393619284701629 0.42407522440584067 0.1080160892235994 0.7046269839461847 0.024689942476444515 0.709762435662061 0.638453677853369 0.49708959368284766 0.7729719271373331 0.5291049193435176 0.871154275769243 0.9932924346600727 0.42224461989322315 0.2675600761065995 0.559144780207438 0.07725292941892836 0.7079753069309899 0.16763709630439827 0.5359709899615518 0.644931244919419 0.102940478089796 0.5684970892348697 0.6876940711528406 0.7405208207647261 0.9957226067162634 0.13065835418074467 0.1875728603004405 0.7844398291262249 0.7202924458804847 0.858375733472545 0.9653901363787479 0.21495437095608882 0.4250493941109035 0.4744956348052627 0.33649745145062737 0.7070533331562749 0.3413422757685416 0.49619214448646376 0.18424756054149338 0.7805486495372252 0.3258062527711104 0.6103778826547749 0.5985296188286655 0.47957560612991423 0.5430267923459188 0.16445161906993244 0.020202766931741167 0.6636214930145358 0.8878157777101875 0.12231994273147173 0.5747827091331438 0.6756285929050438 0.6003382234426753 0.8440566606269132 0.6983679087932259 0.3369409124766607 0.5412610372279818 0.32152339016720843 0.11036663334576735 0.34592303709108607 0.8087622736331599 0.6378971384162793 0.6359178677891122 0.6736082352248749 0.7890303432484704 0.7019909566632512 0.9600295020490235 0.41697736818538866 0.8076565210000581 0.04624864369743431 0.1350331676719605 0.38501987659460835 0.20739421438355787 0.6883464114424437 0.09025871315350764 0.13244757781428063 0.9744324187346052 0.4893435671929066 0.8664577659270295 0.22964311107535906 0.46989258401064316 0.12435901548549955 0.6453727763166486 0.43866639068600777 0.7647671597266585 0.09916984523011552 0.3005690329750885 0.30028150028927636 0.3122224780452846 0.724123670261934 0.9890598408387433 0.23213267606507593 0.456933711985954 0.167014318627711 0.8134717705300871 0.6709626546744434 0.92829973410131 0.8161323886981139 0.19326632456504644 0.6241231235364327 0.6243651826962532
0.7795252594906623 0.5118983779472202 0.7647911198407844 0.11897563006737333 0.046686791267652406 0.47838618207805883 0.9715102428521243 0.4732881008201276 0.24863491964681872 0.29926361390160894 0.3521673161888982 0.15912504552533302 0.4754205963249889 0.02359575625296073 0.5250878572398329 0.7651707739471105 0.8516060164130018 0.7392732668181657 0.9255878431476591 0.9965256395931508 0.5552673047649723 0.921196055842885 0.40975739100600994 0.9046575166034999 0.6012423163176382 0.5465343088451432 0.8524547875016599 0.7843796757401024 0.7970981525547501 0.6811384924140292 0.05542488538433532 0.9641190975060686 0.616670379012954 0.36971880262030543 0.9183234488381535 0.9936147194358843 0.8609616134386311 0.15341768312647808 0.810098404614626 0.729536262116761 0.6437265519809183 0.7253702970211211 0.44354346566760505 0.021447105413200274 0.3335500174749134 0.9658929554034508 0.5984247511407023 0.6659751518102635 0.15650983024861298 0.014297727705057883 0.8469130064324459 0.9806357422195262 0.007048414311004558 0.5787417685398837 0.7445829586127748 0.4670905092023012 0.4320329648003298 0.9474051188936083 0.6474010945237947 0.13044835750887251 0.10413229172326866 0.9474088721639935 0.9714924494936804 0.9566309704429005 0.34105479151056084 0.785596426846326 0.8354612967643935 0.5057985206408849 0.18923391136775236 0.8408358071436383 0.3670941373762425 0.08401471034415764 0.11294063138169153 0.7072895841635842 0.4397664190288403 0.7239052705363187 0.1312873439538158 0.1162920913639025 0.8615756540981888 0.9447797827050386 0.6952422304559822 0.990314796048989 0.9059539915808359 0.29362985257631724 0.04492857780647774 0.2870830676639713 0.24919791343068998 0.8580027970128377 0.13828524267007736 0.053292294860015854 0.516045852623 0.26332513144166725 0.43964470768457975 0.23042750391653077 0.5191486952265245 0.566964159133054 0.3244208353765944 0.23048506946647307 0.48038432310602985 0.7215023452707401 0.045420563508354106 0.49222814435084705 0.16015297987335597 0.2521767268749898 0.3780907784025832 0.3152883876563932 0.1018953129411374 0.6445865543741248 0.6390438412969145 0.36532149165216843 0.551310430015603 0.9451687430129905 0.5803223157833168 0.6693067953511773 0.8393352299798653 0.3353674466526301 0.8119397202354087 0.5107681334812255 0.5931852829977349 0.985681245503516 0.2919584047856636 0.9220736378214468 0.5639356061421883 0.4128233076140124 0.09951239988949634 0.1774531170393988 0.7239732237656548 0.8275229123024536 0.885085884953419 0.710321863742462 0.6229334249380545 0.731059680061194 0.23134705915613196 0.5914741128225217 0.9136901148598009 0.2889444732021027 0.1369664892641408 0.17437068001059175 0.16367836160389004 0.13652789846366487 0.1445432152591255 0.28300491904375624 0.4978185982954936 0.5421032045565515 0.6176712655305684 0.024885485926010698 0.767333288808346 0.41557644005291994 0.3965357217248585 0.12582968987554422 0.2641773105806777 0.22761793268035124 0.9486306509626375 0.40008342217728876 0.7226702947878932 0.5880818886470119 0.6590583420101607 0.5486006212932784 0.8323281803684044 0.07623700085842688 0.870379033799828 0.9321694431780081 0.19531865182223296 0.17229182314397629 0.7216555462854358 0.26649003527036574 0.5474487307907244 0.8533201266065633 0.05374625175648162 0.9742076238527295 0.85052561967402 0.7102369873297819 0.3713318948801889 0.34349060940137655 0.46685500140329095 0.9087777867904143 0.06389315904991666 0.6592726509628356 0.7491275895813154 0.7902119572974801 0.11985727373501431 0.26376671051985245 0.73546213541714 0.37658161900755294 0.2413816510290605 0.015839254306466932 0.2989722770996247 0.07588023485936923 0.33533630943327464 0.4140949798661453 0.0993494968963371 0.1425445209223194 0.5487773177973579 0.058860688394381744 0.9335559320775352 0.5657915540485335 0.861466931360451 0.9232058519140011 0.7086757791396958 0.16959035537369782
0.20926168297492698 0.8363649375221642 0.1531085100041749 0.5430907163409191 0.18688403046745894 0.578226236833398 0.2934968934201647 0.8287900858678313 0.8051520120419186 0.4744996332981256 0.677234233684704 0.8266482758052349 0.7218143914206657 0.6481659064403089 0.014850463138848413 0.3035537244786274 0.45539913295124435 0.23198911769079045 0.7884094863828183 0.050916761719518866 0.5417227163145115 0.31262396534217984 0.36722309215921145 0.16942474494080006 0.7255743789637615 0.2886349287127751 0.5788521966132854 0.9429072407941922 0.9671621049810296 0.7385811837058377 0.23179492945911906 0.17218650007526826 0.7340451396748175 0.06740635920021243 0.5176315822864234 0.4889844999364388 0.846514071054619 0.5017200460750941 0.8514449851863565 0.23335804681967642 0.44268788839612316 0.44716848962337663 0.12412564384902591 0.6975517498095308 0.0718197591628097 0.8531838240215478 0.8037624283006045 0.08138814507126535 0.06429521422115281 0.42894224044277074 0.5760241481568593 0.1641274924560443 0.8995100765844218 0.3994739413886913 0.801684515270331 0.8423554732550128 0.8698490421261557 0.5619204806051192 0.9733940228157567 0.3584310545264183 0.4422296276902482 0.599795354790999 0.41388958681108134 0.21498467947323752 0.7961814417670504 0.7645215715886295 0.11563569437629095 0.03637514579454282 0.4961696558369505 0.22275731222436934 0.8858723346140202 0.236515699318806 0.9415137869852005 0.49546662954315257 0.44517632987725386 0.12769500510978893 0.025503588454311 0.35677676232713396 0.8775820524872185 0.07465783735884235 0.2874290331113788 0.5218649790820657 0.988639806810886 0.3833013001996429 0.7514922970324848 0.8013278033341548 0.3020310177681347 0.928646455482016 0.8716327518136088 0.9888765855409438 0.8818559332748762 0.04972810118436288 0.8614774700404612 0.4104674200993941 0.20581417928787804 0.8961054766273129 0.07032178133946354 0.2684445424910701 0.3201472007135481 0.4901333774581642 0.6268521334146665 0.13650945394670666 0.5792988320867852 0.3706719522806403 0.3037613371342037 0.8027899654987074 0.8298863059834416 0.9899728778110445 0.33472468275323686 0.034890236518873574 0.6428363055880545 0.5121968260596691 0.294332263252414 0.6439143567518938 0.41827507717034307 0.9183942419638326 0.01536645553939786 0.4407689859340712 0.2208015943293472 0.02898360551843293 0.27545809293547974 0.9623603978181821 0.45518006483192186 0.1888901770961955 0.09678484815900745 0.6492135530448473 0.3852166540512647 0.6130858593834998 0.9769175037325818 0.24386816441806458 0.025341487364774373 0.08572867977294651 0.11472215394068674 0.4107468106078076 0.6536434549983962 0.8372203093654028 0.2800147355063014 0.7098981893796096 0.13022237691644867 0.9969238367103819 0.5313224957949345 0.015319695796752963 0.11708546510572737 0.23485941986171355 0.15861133164663077 0.9857468564117803 0.5669932951007111 0.41273996727622597 0.13204512870642615 0.7032452903556212 0.5590416799972956 0.7469532969641024 0.5746871012555961 0.8954896121040445 0.2829180667834933 0.5237979154398832 0.9451195983360499 0.4878258771347683 0.4329800172952265 0.3797450606684132 0.6619477977410126 0.028470998726309982 0.6776229242209162 0.17978623480317768 0.2672251809406607 0.8328843414516458 0.6369809592477086 0.6041762720385067 0.965468296368509 0.6751528431613082 0.055933166059419226 0.5661341136708201 0.7162390682826801 0.17607903947463766 0.910495674252677 0.6325857713035065 0.5928585258822615 0.12947022666631847 0.08779091542521067 0.35269882813093667 0.46234072915824176 0.940480422090306 0.6979055285422506 0.164487103126427 0.8775605252808071 0.3342605031040673 0.8739850614094322 0.20045635408269047 0.11713194431548679 0.2957526551107259 0.5071115700251293 0.34921051802790415 0.3197328542399517 0.06595291469664932 0.791715098326665 0.9403586296867551 0.7070212263998734 0.7194109033060488 0.5244547501963591 0.25845955344087135
0.8564768827928828 0.6783982708993955 0.7676857492941311 0.7713373293426043 0.11275749636510357 0.3301683256032254 0.5333364020533743 0.4956987184783359 0.162373109842882 0.4345137066303587 0.13423443868068907 0.7693550841601938 0.925610993031549 0.342186530481864 0.1140186462458117 0.7738320335257337 0.8030030751906987 0.6931502443530827 0.766476564270681 0.19718407353472234 0.991835819415862 0.4974870106122228 0.534764065436313 0.04881081246101304 0.5824048310711715 0.9123119913987867 0.1777048575029957 0.41950538209551214 0.4499281943757766 0.24581344430731578 0.5489951190980941 0.6714742108264072 0.7356784701150569 0.4143232144699356 0.4848922389527892 0.44524180294057836 0.7816882780974709 0.16705305575072427 0.3477611344639715 0.050275712965517694 0.38369893718345316 0.5777128544831823 0.6840271184397967 0.4500241320072863 0.8298238252664851 0.7955633136539885 0.5799527875991499 0.050310713638421434 0.7061159260054297 0.2886583041365669 0.3621317186304548 0.5040382903253603 0.6016463255435623 0.8097342895203173 0.5338695138284042 0.3995450708744095 0.06883059702420691 0.9692254597336288 0.3272889372144405 0.04256762533575287 0.9138482143255539 0.1655993543547113 0.020691881082726682 0.8658184413015433 0.7273363189641908 0.9976579034935927 0.9445463235973629 0.3749580817672471 0.696792484217327 0.291673962595268 0.5583378660297466 0.732230097079691 0.8011998559933331 0.6059551768511363 0.07476347868369027 0.03625166767809451 0.563774892895531 0.8633178815108615 0.31404907275197547 0.030535411219422492 0.829233094774517 0.17699370419413207 0.13927810577897937 0.7896621429031693 0.7935275198447894 0.07701196328031212 0.19479649881135408 0.3016772824384014 0.9603126299695364 0.9379955190086249 0.4247964325414153 0.4187022549947438 0.022113967334780327 0.8039814459457034 0.6803728489934175 0.8682164318453016 0.3560045576346572 0.7472367581498441 0.8700607803511958 0.25534470732589276 0.19470441138422845 0.7845222758340153 0.89541189363545 0.30650933665063507 0.6432176341712652 0.7020477523706325 0.005863015837093588 0.34285605939193176 0.9364749568985582 0.038107423979671484 0.4596270846862742 0.9071819785096024 0.28607192775967005 0.26335999272404587 0.5763053646054797 0.6148156581269631 0.6949766847121 0.11847293929791813 0.8959399041915979 0.901484237386141 0.10349111311669623 0.8498742238134457 0.4305884170804435 0.447732208650351 0.13214695842230206 0.5429663992253891 0.5427437338633161 0.26388813783992227 0.3035043806674421 0.9539865184826722 0.4578026686615363 0.39047000320279646 0.15180913433939158 0.6353745335678646 0.12253018126576953 0.4834501826542227 0.8522139562147725 0.686123884834366 0.39621033249474524 0.3425638151754983 0.31211797783181017 0.5290828920824129 0.028492604621081052 0.4267392235396199 0.9350273541971338 0.5128620120482068 0.7640439390596245 0.5052217299373808 0.44092749495171424 0.11375002243544241 0.5641126655659374 0.0634433583188655 0.49696872341532816 0.06693715705874437 0.3454302973964628 0.10123498558885835 0.8506412941245974 0.9818949053282323 0.6306299877094875 0.7818883160975935 0.3765459328995948 0.8672476850766399 0.24855320405283832 0.43695356910301353 0.883693610471115 0.8409652680963665 0.150008944056796 0.2754114189695709 0.9116144750830262 0.24729665536840584 0.7436850364696591 0.011960100479495472 0.025426899713859696 0.535294145901696 0.5692444645977442 0.11159058008779221 0.884746507974937 0.12087746022592216 0.6974221248903197 0.15743803434800374 0.4047024158708771 0.21226549907864967 0.9855015670567161 0.27838748172899774 0.6295155515369459 0.6502037570807737 0.9032283157213643 0.038794330308998815 0.09310101540914428 0.8613345145563944 0.18507417145759764 0.5781678090200775 0.4842741353181437 0.7111025741233864 0.3399255807617594 0.5972667979662634 0.9379900326789979 0.9854210204153412 0.046483355807417026 0.07090313439687657
0.1093611954625795 0.9748204008269518 0.2840946954998763 0.5134150346127986 0.35762324451537564 0.9445015961923594 0.09174858708081501 0.6312340068863147 0.4425722785153431 0.9130119305327452 0.20921917316541216 0.5868574624534458 0.19093836906942663 0.21043819872710312 0.037459824360738914 0.678381274568189 0.4385605448257083 0.296167618934044 0.7164941005845232 0.8009287867226076 0.9215673122599352 0.2797634116406701 0.34110610799903895 0.8978530824999961 0.48460010046873825 0.2661145436877176 0.9580853791785017 0.2663967000430749 0.25302293940620746 0.5740835223885142 0.8385486198694744 0.5912202882774789 0.4430293193021658 0.4504917709891373 0.17322707758038702 0.49773576962449106 0.7608327470026582 0.8022897775466482 0.06672812106108528 0.28037814055149146 0.6678796572154456 0.888019169008226 0.6300246194409876 0.9989149948599904 0.38879045518730804 0.5914636605097585 0.6150428179056713 0.027164915826856872 0.47064158362471287 0.0632625308277669 0.5919104931879758 0.1041476574133986 0.7869187833490442 0.9926069131199807 0.12506590344320345 0.8733788554385279 0.42140223235843144 0.03945330065219277 0.8795253513803787 0.8189091810052037 0.7931006724966747 0.4526189494581542 0.6864600313508794 0.7635753671943061 0.9048448613884948 0.8828543287363018 0.06595928257781569 0.7851767489478171 0.7590994231723248 0.2274417295841914 0.30348721147563396 0.29804093462905934 0.7823910711017955 0.35659397992849695 0.9246777756408936 0.791002950224283 0.3964210267343421 0.5967738984865529 0.17645000545204004 0.7544531007116817 0.5831639163260386 0.5085202987977444 0.890097159280671 0.17930565350544214 0.20160689572190793 0.2810864984023135 0.1693535464056931 0.5670720975077633 0.8443323532063477 0.6286448447769792 0.599716826309786 0.7187014165448046 0.7188307681706148 0.6304089391985682 0.9029737810115627 0.2385472421203999 0.11988921777014339 0.06755418073205965 0.47759583053425825 0.7118942011869701 0.9261500114889336 0.32932547514488464 0.4430477044237877 0.6620258929347623 0.4237495628738036 0.8767564188815545 0.538642893835593 0.5443315049570695 0.024301885684854252 0.23451595574978168 0.6278766491535909 0.34858124822730807 0.4790099027318073 0.39722211568773846 0.55516879361694 0.5526652213325283 0.6601889879531451 0.9521973796506193 0.9968544365917441 0.11664291880984812 0.2118049080805937 0.1299570326810663 0.6895204847829121 0.09920490833985551 0.2067679620342333 0.8111173429184958 0.7315904059456195 0.30444522784505446 0.5831886466277064 0.6198585279447554 0.7563323016819059 0.018906014760715184 0.7153168866588993 0.4749612763702945 0.8826588210780281 0.0005474729619674434 0.8637296004333775 0.28544569162755073 0.8989521246068599 0.7624235313203324 0.4134133725896657 0.40482925616716814 0.47015186439822576 0.012866258472719938 0.1381060428874804 0.14673432918705376 0.7719510700265576 0.8360618936903238 0.45788964941470656 0.7487180326284972 0.9638180834363311 0.23466887743032505 0.5514027438016399 0.8617086353180696 0.18567318230926078 0.74335704494583 0.9873816093741371 0.528928425876295 0.28570723821024513 0.10571495126560726 0.5692379201810097 0.5735684166456797 0.6284230653570884 0.12090934193579506 0.6232581527382554 0.08675424599236947 0.9121731152727207 0.472325021243432 0.4346497265124346 0.6250957540603145 0.3129312229632809 0.975783348309765 0.08299425398725913 0.948550656887742 0.1406289026956381 0.5695821377468644 0.5968962415225251 0.17189753174913325 0.10795874606885014 0.7580749550720602 0.3440640164109928 0.008088719308879444 0.5515121096330948 0.09494920610358892 0.4050480487776016 0.06945045991850274 0.754621029485561 0.45837439499123855 0.9790348712497687 0.016949629279712775 0.9945649699745516 0.8221349853199631 0.03669290598846087 0.2346553804874023 0.4588222324696406 0.11115430467075227 0.06926047638996757 0.204120452654326 0.03565928069891933 0.34941101005609343
0.47111022037746475 0.24299314321539578 0.7760065474361763 0.20159741871260428 0.9905918119538202 0.9416512049214557 0.5941977581271989 0.8789429345723347 0.4355547676224749 0.9196706501729888 0.7196497680307934 0.7863770234488493 0.27443664219686625 0.12832201168401125 0.9546046025308277 0.6163273507047822 0.9836259361007679 0.12598643309099478 0.6874451171288346 0.25505671608191516 0.3134192059261549 0.768887973959768 0.41139763019674347 0.49623007415444853 0.8605060290648185 0.8305854527813665 0.657557340475123 0.7732898080249515 0.7636707028784882 0.9325965172157442 0.3394845901515361 0.5257122903285463 0.8653395459212647 0.7130236632492529 0.1517589498463391 0.438804858356845 0.34863376382819977 0.6801646646224554 0.7153002287991183 0.3029519039089108 0.9638919569486075 0.23236787905577494 0.7871748880768997 0.5011170486048807 0.4034379136910018 0.16206528851169644 0.6515884163906698 0.9489453777144956 0.6897482249936847 0.4671527490194314 0.5670613231048695 0.24208318904099024 0.9472131225463848 0.7939977423419146 0.7807754757464884 0.11092126207985398 0.48115885253657975 0.8117972217273777 0.20429641184993508 0.24651131157468187 0.45586449146081043 0.379082326369642 0.43964040275478766 0.5185169235824743 0.152557907324938 0.18942175715218035 0.6084611446361593 0.36171254283390386 0.23050487767522176 0.2641784152038813 0.879117480364408 0.8335724700530445 0.8235226467780987 0.23906778081817115 0.37198386873510536 0.6546445352531999 0.14659982578582298 0.9522004982921889 0.6908110247447468 0.738534844725337 0.3346755221604354 0.8774051974565443 0.5732770484932047 0.488063454125957 0.76282339386604 0.2403302655555185 0.9777337944415848 0.8983052448434753 0.4603755043762231 0.14713522957814518 0.7575849051909507 0.6198060033597792 0.14676586898019284 0.3303882584415121 0.3179044255293284 0.999493561241581 0.12534197369041233 0.01704122923119744 0.1944521252308209 0.8147179058155879 0.03229999139443562 0.759272804969723 0.34745403779277284 0.7748241225120754 0.8673298325949336 0.8631539014364046 0.7218222025391866 0.5654620123644754 0.0379886779969667 0.6355441351236725 0.9802512283893047 0.5611569134921057 0.8419140318021514 0.8759188896226199 0.680639234758516 0.27677396354558403 0.9608511171995568 0.4929261117589302 0.6117445700711226 0.7257494538226575 0.4877161639099188 0.7671098399162875 0.2576206439216374 0.10858272448453166 0.3835862269093834 0.3167355627467281 0.16478016177411414 0.16584904686942925 0.8734390324742072 0.9058834558602076 0.048459725504736983 0.3189873449153826 0.6017565988240628 0.05897629838626228 0.6580139349635913 0.44472347410404167 0.444336765667118 0.2506125980412903 0.21072257712480735 0.7050591050669299 0.6519733693775711 0.19270518229499967 0.2734961414872864 0.9273630321241036 0.6497447127834486 0.284234497698569 0.6802328039925921 0.14876081215119186 0.27966511685343165 0.1588857516431429 0.20018239788708359 0.28014625462180187 0.14943350176528414 0.49517958056554723 0.05937728639531514 0.28594533446607084 0.9089642936153349 0.3327262495352459 0.6424661178973825 0.5337069751741175 0.21572811509694634 0.5422553246443578 0.20017953022150758 0.0443868046170115 0.9373661694011238 0.585180623415699 0.2321125005169824 0.695697765368014 0.7078275635973696 0.6682650303309087 0.9172223498633435 0.7710671659666337 0.19994505032246135 0.03343775848702102 0.8056967711560618 0.946716672592694 0.8210386067465105 0.6904264291895157 0.49695429947464853 0.03353626857744474 0.33493505820063885 0.337046532372416 0.1513814193564389 0.9134042948032732 0.8476506302402895 0.8380742640954271 0.08886584420991483 0.000787555280980512 0.4772474101515741 0.42237395946328504 0.7613722600590853 0.057038365982108874 0.2831096753610133 0.732999747282516 0.8535226387153003 0.46638787238386803 0.8227261583407874 0.4945391011994741 0.6845549598648676 0.7360092690231618
0.9115181121132817 0.5951421422035541 0.2644742286991666 0.9858019677673386 0.023600031620345296 0.5294529178412064 0.4330281043565104 0.37632988778212284 0.13553046610454333 0.4201331650151273 0.16924079735259157 0.5524383611740351 0.28035737899183255 0.7317282368769287 0.7707875450945957 0.74481243677383 0.7388181903616858 0.806014522446026 0.2327733008618985 0.2839650793312044 0.9643338805076276 0.3498032254308533 0.7584226773018808 0.872641467341461 0.7084729271418557 0.5203376631386636 0.6290939397479647 0.21698149595419902 0.91650179907806 0.3971754188225015 0.07524096746800002 0.4064422923684923 0.43009106631526794 0.2818751032915521 0.39761736575908346 0.8041815999055556 0.07954842197172107 0.3455939661240879 0.2411661732809628 0.2623033819579417 0.29912146796616657 0.539459951730261 0.3719555966778497 0.7272967667807115 0.38707243742874065 0.5444279213618137 0.7062748946473847 0.13076222144123606 0.8935821914558476 0.17992784856253252 0.8322057237118267 0.6082397352009751 0.7518467558271232 0.9711420383067905 0.07082131282857085 0.4999056171659959 0.7477022224638075 0.8097646095002183 0.47555500311168775 0.5932441680737832 0.8422748570628041 0.525282126497036 0.7847061346440468 0.46343647690776424 0.6445678893929646 0.45710033344032264 0.8161142640473864 0.487642926364908 0.8223846625209233 0.3265388887804045 0.9634357105659757 0.5494509478709465 0.6271336391122198 0.526433645586135 0.9624928031903783 0.9807020403120164 0.4308302189860349 0.7889794428410444 0.5125762873016658 0.5774631843788386 0.7539428002665076 0.6624355548413119 0.6415559957692697 0.3456547791183959 0.41952855947247036 0.07727838098442541 0.012239024489458461 0.5865785949634549 0.50431179164321 0.11483960907359736 0.5991943595609991 0.9834067476361085 0.7103774126847925 0.44378245301693575 0.9904568093365568 0.16751553705022482 0.049274877877985235 0.9074818664894583 0.18752839851166359 0.026728292861123548 0.5919526895607983 0.7206286398200245 0.203539296503767 0.06371209352823004 0.22284499128924973 0.2579265615542703 0.4024610182043157 0.9261323837100993 0.8964756003185659 0.07120830496422637 0.6286353965025545 0.19326151419104964 0.43407831571370337 0.24885851287177807 0.3135815666497127 0.1330663534251625 0.9243044626193483 0.3859412713588978 0.9573487193706977 0.9161491735593517 0.019128896010628615 0.43201316624433306 0.5400133170976967 0.9315343691240953 0.06201246212405798 0.1541310468431668 0.3532440109856402 0.015632563971982538 0.8621673024987123 0.40495929346579895 0.8368496588620671 0.6610751629850051 0.6505581515394663 0.6639982641451971 0.29708445150381424 0.43810231531606036 0.9250487079190424 0.5812005678502808 0.18466889873567838 0.4336308899269996 0.6651489691228766 0.48544562838802463 0.5777379085304106 0.10120320840940722 0.18853732385475408 0.6694802624197012 0.32723517642611444 0.43262009069453733 0.21204387494772114 0.864888349018646 0.17579441182319577 0.6050386736512929 0.7192140088061002 0.3175841784273721 0.9073919727749535 0.7152863083779994 0.5053599140035794 0.05086963772114739 0.35912290634257615 0.1738728204332981 0.30816512265967444 0.5353787726692947 0.2724100369312564 0.9989937411414265 0.24798707042062906 0.42725258315885895 0.4106104051332151 0.15070981524971816 0.5504898934556411 0.9231405883979537 0.2379998791757545 0.05553390253076862 0.24219007848908303 0.6568196750145958 0.34925603972195596 0.6475643013957461 0.5937375531730716 0.3818121529056262 0.11095595655250956 0.6881008054209634 0.17126150991437006 0.3697121587111537 0.01720490773669925 0.8895147488780157 0.7987150809557138 0.2933937473282223 0.3321514886540967 0.7809699221531158 0.9474397249214639 0.895670445399454 0.37042146098912676 0.8482790600624583 0.9446619435123734 0.3700399198270826 0.35222871103743725 0.9360765981276552 0.31751052590740336 0.8430674790240348 0.6717096315240901 0.8406837686511281
0.07407172277912066 0.7619438098588898 0.6372552890285162 0.9470702514599605 0.6716470683340613 0.2679448997338395 0.000153615524963846 0.21352261965080332 0.6807020585737896 0.7771592204008072 0.5205622385139769 0.8873703439805932 0.044195421826327075 0.5289346635422738 0.12260319424634503 0.30945076024503393 0.5122701272778447 0.9910394031392843 0.5851589991415858 0.9966360411269327 0.3617374693554749 0.3599524632798601 0.36912624600584665 0.23898491276792178 0.5204393766367017 0.1850167122750257 0.20925095957388906 0.9714738530543068 0.9882983531650218 0.5257394743526863 0.6526446953364385 0.5029081313917506 0.18315597210729595 0.9618192466084916 0.9782157974895147 0.6721900905718254 0.9857892182544679 0.2173995841241544 0.2168679058714622 0.9413621879694005 0.1924067045543032 0.7750588575350994 0.11247703828307687 0.9954276962211781 0.5432478716421436 0.5162775391999491 0.3712358990498126 0.4926117988751645 0.5327621629577105 0.5483881880237051 0.6302082071320757 0.915231705684976 0.6560522199915747 0.8214425896793422 0.14066319125812599 0.5756045221967838 0.7768273156645827 0.2873497101670133 0.13190060827219174 0.6940100656836425 0.9995532996129292 0.2371944995357218 0.8907872007006522 0.5981241294014005 0.5760560752763183 0.6724691045976923 0.31335777509584994 0.32109247906114724 0.9004453461224438 0.2800242398435224 0.6436697793504874 0.3578658441321677 0.03493723817260597 0.48466982293699656 0.15331078886723826 0.8391056233048567 0.5945465366298525 0.10567899539449055 0.059513320495444666 0.19307207606968835 0.1780173543741631 0.8259888038192166 0.8765672909362088 0.01608477094053784 0.5771605363813804 0.8417531225419961 0.47531915178600825 0.17136163888663514 0.7681102656246818 0.8283913058812937 0.6132453803804895 0.0006804954491936854 0.9145704545602091 0.3248462966967084 0.6164946665199463 0.9969546957948818 0.8309100656668301 0.4074047021026146 0.8231061536008658 0.38945128940983254 0.4376218935372018 0.7287158921871092 0.09017292997350457 0.7729264538589735 0.9099210064644359 0.8395330967631216 0.2763960921478341 0.09918057108958922 0.9257346480676926 0.6570383671944074 0.8838628623197577 0.26211893050079693 0.5480051507716653 0.9734943771665562 0.25578357963023124 0.6275375152334997 0.4188383560875699 0.5298767118388451 0.4168194954575083 0.6966989505702106 0.7828598855654101 0.7851238515953262 0.021152112838506265 0.4264618400762874 0.21906249909794373 0.6022468017242146 0.9847633372564282 0.7466024431755792 0.44864254315163155 0.39782457990009024 0.8755998616407524 0.2897522225468576 0.5402117476048736 0.5774949426864564 0.37611391587145626 0.6713582202391812 0.40535623870008763 0.12559459247184857 0.0652591984391675 0.5696967346356774 0.2605242055686653 0.10892913216421263 0.268550755702486 0.7199301968029385 0.4002376372766929 0.7820064146676263 0.5041979978393478 0.23998273138135906 0.7597711035122049 0.7034448129694935 0.6374245198241419 0.3576224097439652 0.7842913132638025 0.9088357003923532 0.6843732454724943 0.6759183462507136 0.7161460450161541 0.029995493685395003 0.662059815526375 0.27491456335820585 0.07589405782553993 0.5210901086807882 0.9226359836660163 0.9034830513552949 0.07510783527850862 0.23172398765890745 0.28685992561252294 0.9880909469210548 0.943582534029196 0.4105370711976615 0.7246987691505211 0.9693957489068196 0.5278777875423809 0.6700093278159592 0.5870379738634126 0.7602890684181791 0.7717839317156401 0.017304477143202268 0.9611801338969027 0.5938664762210578 0.93015611217611 0.26685595361406333 0.593709469839865 0.757727434960851 0.8202930037053336 0.468359872964875 0.8997752463482548 0.15032211408484197 0.3116344291905908 0.4994464264691052 0.3096524182719488 0.9389298217406421 0.23133031982941032 0.07425739723001201 0.06356512866516328 0.21626804009813105 0.45055527031587717 0.9304770666585627 0.11177040733752153 0.190192570988042
0.5473565623142164 0.5508757910471558 0.6649836788384808 0.46860454930252005 0.5662592219015736 0.6133132878518436 0.8976322180964077 0.943705549595642 0.5291934874156485 0.24358674083538812 0.631994799067141 0.7026308297964398 0.7221386538403463 0.6293775656148253 0.17080328950739543 0.2283284608756424 0.4693501079271313 0.748204568429106 0.928252707379912 0.5169532840248133 0.27825383709492013 0.5297653875306174 0.6212167845997436 0.6665192902838761 0.17768651952670556 0.36207985800546194 0.7541152418426265 0.9901809029775279 0.7438732819206239 0.7230818769248728 0.021603549576705405 0.7861468428984894 0.35289586387585636 0.4933045676311414 0.35439521993810785 0.5095247301712021 0.8680394283019451 0.7873108219752977 0.9513030575340375 0.4023340194375812 0.568235413226278 0.2206379200820069 0.693409231372026 0.15670777837255445 0.308033859952591 0.6612432712340575 0.2386186388995719 0.7903823309571947 0.20337839581381745 0.675817277146957 0.5302262758508309 0.969825552831013 0.3821102888442469 0.25668952638049936 0.22753361177640063 0.12592035350802777 0.3420074399586044 0.8159950678635364 0.25607385114094705 0.9072834030480842 0.2987205377357306 0.3602639962299139 0.5999290461494233 0.678375944162485 0.9923367735521585 0.24491810863688845 0.19042874574206203 0.24084061291257453 0.5101673786125182 0.8259082783173439 0.6818508035211688 0.51408024079813 0.746658694691641 0.5629620520486255 0.10952436224749096 0.4277002117904004 0.21980845130382942 0.2993967806711587 0.9272721679894966 0.29822738049120034 0.8459613097269388 0.7941683011899414 0.2450360373522762 0.2759159296002729 0.6019114756951943 0.8308494156705777 0.24068405000726267 0.9892496441483942 0.4289381374862311 0.7154727035744143 0.650068424678699 0.0423939717343802 0.2732982353636014 0.47693323963200407 0.8196051980320676 0.7939343163002238 0.6793097955667796 0.69013629190232 0.10863730965676266 0.8654131143136832 0.8969723341224909 0.5942249466624857 0.8427360253762881 0.2948725568826924 0.07472509141008521 0.34104632155354186 0.8415821533066251 0.0671086471875213 0.4430844657868823 0.7703217462396098 0.5975887192068818 0.5853922874846705 0.7875649124189719 0.32954509953568 0.006904460164224857 0.7801667377518142 0.532900036491659 0.9201719447952424 0.7812095027587287 0.43452051779641143 0.5092838864211706 0.08923060396537374 0.2628949575657409 0.6755202668809176 0.84013560486497 0.6474411763551684 0.7862643304750176 0.8665429941442966 0.09726505383894302 0.4168551416621973 0.13806496515767008 0.42620506504309885 0.06474876129192164 0.4631696859725768 0.7108416033773056 0.8833619298710681 0.6750168303828358 0.8874828622506195 0.32753406644020877 0.9065211565139604 0.8818354269423814 0.9652429151356591 0.28811073126215525 0.3753252685440188 0.7701798512656476 0.4375986044087512 0.6361662073099777 0.0974127149328875 0.7381105964076022 0.36201673176463744 0.7908880249385027 0.2480405934960933 0.0718202889854962 0.5138245823515519 0.48497235091755453 0.46607281391351296 0.9844927049512769 0.3280949187768126 0.7080125837805609 0.5885626515021041 0.10748314224238165 0.6574289800456024 0.6434722737593702 0.6193494382626563 0.2383526277158139 0.2960759231573392 0.2473364401985909 0.2643601108374478 0.7404184013802834 0.306892605174212 0.3344936922418036 0.6342588671842112 0.33427519781878856 0.5344467401967659 0.8387689473497015 0.10899202402838792 0.030488679958435072 0.2790292315943871 0.3411001285712568 0.06268035056215104 0.2807267256623954 0.60326322391884 0.708293814488217 0.47750477845508166 0.997962104028239 0.706343609573088 0.34662606636059234 0.026795270954445005 0.41600127351958727 0.05874733674233157 0.759539207579272 0.21054162535245058 0.6955745185906942 0.5752083499591302 0.8819488367564302 0.4588586260399792 0.4782897532720859 0.6773651396499046 0.4014683441635122 0.20755333899513984
0.7080248005599935 0.3354399731547737 0.5925173002369402 0.3066604501743475 0.6688552779866106 0.9880038797483602 0.9010244002779494 0.9560638528290344 0.5784198992417566 0.3633085700491854 0.020823452018888577 0.24990447329721643 0.40086443458999166 0.4411943594019979 0.008610505342267594 0.865403387096347 0.20191970645368584 0.1396393725996966 0.9053906213737564 0.9395485465207604 0.047073584710679794 0.4151597424597001 0.11855345382030946 0.4705598967610538 0.5126973083952808 0.5373982788128802 0.03347866369186536 0.7017133923912555 0.7738062333665618 0.5154253117177312 0.1553136069660509 0.12650495523792804 0.49117068388004737 0.014106791618176073 0.36233891900737925 0.6152428378480971 0.7092465646514404 0.3725555429285021 0.5177003151698386 0.6506856858896521 0.3240339224258124 0.650386418746489 0.1479691239257933 0.958008301563293 0.42797186412427435 0.9554838985849582 0.8861923838479734 0.7494965599827283 0.8096513180774758 0.857801023696656 0.8573037783609783 0.3357502646873288 0.36443039000075517 0.5762723193137659 0.5488898816110263 0.9664064801023347 0.7076575076432976 0.5857681618978351 0.6273772021181844 0.7937470186913902 0.24922690924693103 0.74228435727603 0.6316485858042545 0.25452314696165124 0.520888045365587 0.0666149404696208 0.5467591869516883 0.37036545531852105 0.766200868183979 0.06635886631966437 0.49808726177794493 0.10805888082212856 0.1840313245953924 0.6747541274490664 0.03307277893887717 0.7699964479576648 0.28210458312502384 0.3158052849301357 0.03035339273872495 0.5250407810197264 0.04552579685810698 0.7157615295757884 0.0401786850178365 0.8874354087128271 0.7962667454656404 0.005931819387426818 0.2894544778176832 0.09426402053137373 0.4170174267978001 0.9340668658313371 0.43297168770406447 0.9073905417546559 0.1180104021881776 0.2430575379583606 0.004673472987668292 0.900099430943097 0.6215733601423498 0.7903166404407105 0.30451904189289203 0.6353861709342988 0.24334043052743803 0.279647828642553 0.886959162293932 0.8900824173076876 0.705652763425094 0.7923998329404475 0.07243081385107897 0.717685440261423 0.1917886148893745 0.13136244751056414 0.7375653212829406 0.4595496031236582 0.15522962320170286 0.65659198122093 0.9272848863824359 0.7574900946640835 0.7001841558298263 0.29506536703836905 0.5547205113075246 0.31929454488126374 0.56065441160644 0.20023187169124712 0.11276010709780315 0.3527419286677175 0.5647088058279314 0.5925065264284171 0.4472127601388274 0.23770228161229123 0.10974276859646559 0.6993748526825336 0.41332753173587333 0.6552277796430619 0.13583668868552967 0.35777781123539143 0.1352368118145495 0.5968546290754151 0.3164137686719378 0.6726605602927063 0.8312211893799749 0.42334605043046436 0.9897077803586566 0.7577995719391225 0.8466359543357466 0.6752968481391556 0.26658400046791275 0.5583394367906681 0.28148536172732685 0.751693578259107 0.830576451535698 0.8675416576719124 0.8337857839037772 0.34381084925768024 0.5364222853999764 0.6003246536990204 0.2380088515688331 0.852021643138378 0.42050162969085625 0.21040853249896696 0.37643613939157716 0.06313520141691242 0.7432033051972379 0.9557564577407428 0.6675200795316292 0.3911685201564241 0.49936573083936686 0.30724294136365893 0.21591126888056433 0.8810398160679092 0.08121126667523237 0.07559073408494299 0.1732349152087761 0.9548711773790987 0.40954579753743703 0.6271957925408118 0.15757692992299754 0.9712381607215367 0.14298959662718103 0.3998741601790249 0.9811131771964348 0.014691979101534747 0.21359352537633602 0.3373172710177176 0.7923749812658695 0.7985813183160733 0.8111190867233415 0.4464540009014769 0.855168338286286 0.16637907417945053 0.6344886693063269 0.8617005930682461 0.9871490157177092 0.36830315887491216 0.2910125014606173 0.2605783452839391 0.8799917371586833 0.37254314250260323 0.5134869563786224 0.4968848706133697 0.40867735170373676 0.13963001699187105
