200
54.830397 53.028093 46.006921 55.434184 53.356434 48.680806 51.622428 51.127612 53.654623 54.458841 53.950222 48.410370 52.292167 52.161242 50.584297 56.359351 48.157863 52.213063 51.089957 49.499090 50.039069 54.700974 51.950006 46.860304 53.412536 49.194968 51.775627 51.172605 54.257722 50.862565 53.360576 49.995493 50.535559 50.834456 46.726890 54.964294 52.401642 53.542183 54.146595 52.469434 50.592672 50.367795 54.881880 48.610292 58.175478 53.248384 50.298244 53.020909 48.967325 49.390141 54.422125 52.934724 55.507415 50.690268 50.845005 52.224610 50.142340 56.448539 53.352320 54.101903 49.954929 48.877649 52.190848 50.699485 54.664523 50.020533 48.833601 52.944875 51.685468 49.353297 48.858779 49.324225 51.795790 53.177509 52.276113 53.190457 51.617504 50.189141 54.920430 54.549664 55.479315 52.637590 50.923793 52.261476 51.246154 47.872485 47.356148 49.678250 54.345677 50.742645 50.896789 55.735692 52.533671 53.071633 50.576116 54.621978 46.644494 51.332491 52.573055 55.577456 50.925057 53.307320 52.912840 51.784663 54.075359 53.874542 53.473359 57.148515 47.401704 53.320737 57.867052 51.284748 50.663597 54.786026 51.556341 50.863110 55.232401 53.789403 49.649265 51.103081 55.051650 48.977372 53.503158 53.528501 53.859881 52.256285 51.273530 51.268103 50.103076 50.583091 54.902116 47.775574 52.523964 53.756892 50.939786 53.823688 55.115218 53.383291 49.463277 53.591851 51.537243 56.705070 51.581811 51.133678 52.646141 52.070339 49.873149 51.131201 56.258613 50.035876 50.576698 54.347111 56.773317 47.756035 53.384143 54.918619 55.025551 48.382232 46.582448 54.737876 51.778394 50.445059 52.701978 54.272469 50.298463 52.777355 53.168071 45.336422 53.112507 49.675570 53.246038 53.719937 53.493174 52.206963 46.102836 52.518564 50.075382 53.970016 52.182834 53.765455 50.843710 52.593448 53.654591 50.712955 55.415335 52.583373 56.601305 54.862146 50.429394 50.747422 51.044458 48.426956 52.086079 52.186983 53.384639 54.688956 49.484527 51.266810 56.021338 52.752892 
54.219078 51.624815 45.252481 54.403628 49.641487 51.169917 50.903970 51.202581 51.794318 53.008066 52.150318 50.325829 53.319377 51.555009 50.482909 54.766392 52.065716 52.024217 51.561263 47.709840 51.096834 50.793838 54.751663 48.089098 52.369293 50.439582 51.087955 51.258534 53.993817 50.864822 53.358127 51.722788 51.170542 50.169384 48.050899 51.357244 52.037639 54.643495 53.053492 50.324761 51.506988 48.711890 50.877402 50.588858 55.762841 53.650697 50.805307 51.886169 48.260441 50.109229 55.526923 53.197193 55.494539 50.350040 50.726758 55.210420 50.443093 56.721701 54.006005 52.472893 51.563677 50.258488 52.979728 51.677773 54.530221 51.759666 46.986149 50.295937 48.563778 50.107998 49.763188 50.572279 51.141088 50.196930 51.948729 48.885663 50.006127 51.015336 54.747223 55.349732 57.852173 51.469043 51.038011 51.961412 53.687237 50.661023 51.016201 54.157408 51.652586 47.462617 51.671373 55.651839 49.507553 51.417051 49.763351 52.039363 48.481376 49.879614 51.088869 54.019873 50.630366 55.753600 52.917487 49.345962 54.068930 53.912277 53.193083 54.127207 48.401421 53.516798 57.610186 50.512766 50.336567 52.273576 51.455160 51.844169 56.181676 51.957485 49.234114 52.217401 53.744051 52.394684 54.158025 52.281363 54.823382 53.121662 51.870486 49.278334 50.040510 51.647715 53.770388 45.805449 53.819179 54.225889 53.493049 52.869409 52.902541 52.021341 50.724102 54.112796 53.872691 56.724988 51.857862 51.619955 52.610375 53.408642 51.136519 52.920703 53.483731 51.606927 52.505003 54.064471 56.178482 47.750869 51.934023 54.313879 52.832489 49.973095 47.271319 53.871809 52.339096 50.025272 51.212462 54.929108 50.831820 50.020855 52.427417 47.338431 53.346618 49.201948 50.949595 53.594736 50.673227 51.190189 47.953900 54.302046 50.785965 50.830243 50.313754 53.033956 49.212184 53.954839 53.398696 49.412529 55.629859 53.378934 54.783845 53.830583 53.347842 52.382030 52.258684 51.049715 50.299058 52.991450 53.873782 53.494003 49.956449 49.818812 54.237117 51.062015 
49.256248 48.713522 44.183765 51.594378 49.485957 44.980248 46.527628 48.677118 49.842397 51.056758 48.583675 45.296369 48.120945 45.841505 46.712980 52.736918 46.227831 49.142764 48.260260 45.423484 46.199230 48.855149 49.095984 43.312502 47.428680 45.526645 46.690578 47.657542 50.934167 47.874579 48.631191 47.292991 49.324324 45.922560 46.544937 48.371893 48.947766 48.548329 53.310391 47.454279 47.202513 47.600226 49.644114 45.499385 52.735573 50.246855 47.923218 45.583814 45.958761 46.646674 49.493258 46.557813 53.025062 46.866863 49.310058 51.759713 44.781142 52.500096 50.325365 48.688826 47.912233 45.065300 50.963084 50.311206 47.917843 45.833818 43.826297 48.857648 46.954538 45.337565 46.860141 46.165069 47.131188 46.745362 46.018548 47.386736 46.919958 44.212399 51.599286 51.388049 52.423612 49.669840 45.764991 47.315779 49.443696 48.182249 44.299641 51.574146 49.756886 46.715932 49.797452 50.289289 44.828496 46.989499 48.746558 50.438582 44.777434 47.664267 47.331499 52.155593 47.832739 49.863421 48.658928 47.917107 50.479062 51.650566 50.687368 52.529323 44.661099 50.094641 54.288126 47.418573 48.538970 49.188845 46.742057 48.973625 50.212051 50.399493 48.426934 49.059973 48.654752 47.367186 51.012547 49.564984 50.132791 47.736082 46.978312 47.778061 44.551125 48.816510 49.178561 45.771070 49.536880 50.657802 48.342899 46.952947 50.074282 47.280999 45.832693 53.024418 51.065627 51.813088 48.133545 45.784810 47.547715 50.017627 47.742846 48.421146 52.043786 46.909551 48.192106 47.199976 52.033380 47.141007 49.684627 50.831525 49.366245 44.943366 43.823073 49.844837 50.157268 45.165446 47.521300 48.846088 47.751895 46.182587 48.070551 42.402516 47.911913 44.466930 48.638411 46.621778 48.990636 50.002364 43.563353 48.579711 48.026958 49.126836 46.846018 49.936829 44.746798 48.467749 50.532621 45.867287 50.144963 48.224070 50.332622 49.905852 48.797740 47.698929 46.779160 45.550934 46.548152 49.349773 50.504343 49.498070 47.666420 47.148770 51.776169 49.237811 
51.615783 48.958101 45.371546 51.720934 50.314785 47.623376 45.996151 52.388221 52.422761 51.778198 50.435226 46.536426 49.436190 46.824545 49.239007 52.629740 46.974729 49.269943 50.616828 45.688564 47.180880 52.634811 50.696542 45.681927 46.913125 46.779686 52.109700 48.153851 51.311299 49.311847 50.995833 48.744276 50.424105 49.815437 46.335273 48.862268 48.325884 50.471117 51.370516 47.773398 50.061650 47.258761 48.022762 47.095282 58.228148 49.647885 49.185518 49.904332 44.697976 50.061563 51.927827 48.836574 53.889987 49.255678 50.125737 50.681651 49.566031 53.315514 51.863020 51.691967 48.098029 47.264130 52.185960 49.016331 50.987656 48.814865 47.333958 50.784969 49.091096 46.879061 48.620732 47.434782 47.543528 48.738414 48.959522 50.725577 50.510896 47.946946 52.089104 51.320249 53.420802 52.735500 49.324091 50.047163 48.733371 46.400960 48.770691 49.680924 49.292551 45.309922 51.761900 52.037274 46.451511 47.813260 50.001264 52.126040 47.118341 47.076585 50.373157 53.461329 48.282625 54.578942 51.425787 48.596560 50.490510 52.209156 50.371878 50.347872 47.475929 50.135044 55.987920 51.090055 50.811993 51.823107 50.022598 47.878299 49.698464 49.502082 48.289416 48.472316 52.230923 48.159437 49.896434 50.060643 51.616823 49.655926 50.831448 50.606077 46.260343 47.042114 50.056071 46.258747 50.265211 50.488228 50.127364 50.098219 54.165509 48.038295 47.307090 54.605432 52.050644 52.721799 50.011028 48.843907 50.292287 52.899758 48.834935 49.206021 55.214147 43.688545 49.490207 52.842992 54.870575 45.359960 49.646078 51.957246 53.352023 47.992949 45.767766 48.997825 47.613256 45.810453 48.942432 51.996924 49.877664 49.529091 49.920238 46.079278 48.888187 46.167625 47.689039 48.866833 48.336064 48.879390 44.846841 48.560655 48.133597 48.897776 47.359658 50.332190 47.401025 51.310950 52.189310 46.486873 51.606747 49.514507 51.903106 51.405490 51.659158 49.136149 49.063397 47.027508 48.600342 50.294934 48.875418 51.419835 47.338096 47.625919 51.976063 52.588555 
54.719891 50.919468 47.188056 57.137826 51.744964 48.184827 50.933800 52.022381 51.140541 54.708259 53.080162 49.507280 53.460032 51.237870 51.886028 55.039726 49.321913 51.115301 54.896400 50.570582 51.881521 52.281850 54.237185 46.672599 50.192861 49.983863 53.511669 49.628131 56.687476 50.495906 54.799493 50.108350 54.623081 50.250792 48.691224 53.577738 50.297217 56.065099 51.946734 51.859481 51.798636 49.183490 52.675018 52.904124 60.338674 53.622735 50.726154 51.032001 51.541389 51.239948 55.524553 51.426436 55.182930 52.699438 50.290536 54.625462 50.075802 56.050353 52.304795 55.593430 49.601792 47.324451 53.924217 51.831346 54.066727 49.050057 50.551205 51.083234 51.869120 48.876453 49.924732 50.560925 50.563204 49.982432 50.920643 51.690465 53.684625 49.696643 54.388643 53.054399 55.573874 50.831883 49.264425 52.816924 51.220951 51.599171 49.174331 52.252509 51.049429 47.485462 54.135892 56.168292 49.852240 51.530284 50.352078 54.143138 49.912255 51.395980 54.021186 53.992092 52.070205 53.963491 52.896054 53.048779 51.317250 54.009673 52.211778 56.465306 47.980669 53.552444 56.726698 51.898397 52.671799 54.206729 51.377926 51.186587 53.095416 51.061297 51.649685 52.364727 53.149625 51.261806 53.367420 51.105514 52.636108 52.840757 52.285533 52.006877 46.990182 49.702380 52.754897 48.273084 51.700411 53.906549 53.609460 53.659343 53.613207 50.556217 52.096974 54.054025 54.226307 56.282077 52.092487 52.223612 51.192428 56.030232 53.221922 53.794550 55.431140 47.028367 51.187411 52.104441 58.416503 47.561690 50.376696 55.221711 53.951644 47.794093 47.869602 53.327031 51.719350 50.460998 52.045342 53.413431 50.147004 49.941724 53.815017 50.493554 49.702808 50.074784 51.781887 50.416070 50.983937 49.730908 45.195859 51.670529 51.905648 50.890234 50.317215 52.840118 48.210123 55.144958 52.195408 48.378057 54.633117 53.084475 56.868497 53.013786 50.619401 49.402376 52.899756 51.341659 53.012852 53.719602 53.576004 51.375824 50.610279 50.480534 53.144129 50.884194 
48.018459 48.633046 42.553540 50.030008 46.713603 43.328315 48.311675 48.534442 46.665052 49.639769 46.347070 45.897469 47.766681 44.560127 46.640437 49.982788 44.406305 47.272495 47.441442 42.104264 44.109705 49.086229 51.125673 46.165146 46.664899 44.018009 49.068303 45.451723 49.412900 47.051519 48.313713 47.653989 49.112783 43.826320 43.926684 46.447522 45.828033 48.663167 48.939423 48.704698 45.544006 45.923121 47.613941 46.150154 53.946402 48.146119 44.897704 47.903859 45.044510 44.930801 49.947189 48.112411 50.678570 47.966823 45.286596 50.220320 44.570123 51.087398 47.773713 46.851357 46.734496 43.810085 49.538606 47.086289 49.747824 45.410620 45.237705 46.956652 48.141422 42.734621 43.063436 45.522087 46.587394 46.568498 45.736321 47.053142 48.424563 44.702084 47.276928 46.650811 51.137815 45.944880 45.697010 48.256981 46.347173 48.016228 43.273511 46.862666 46.281259 41.770554 48.215636 49.109892 46.001781 44.750422 45.267915 48.729053 44.524697 44.045763 46.236382 50.642270 45.477099 49.166517 48.686003 45.007839 46.293528 48.686674 49.558100 50.660040 42.192263 49.427659 51.960658 45.569741 47.627367 50.252754 45.925207 47.952896 49.618212 47.268186 45.679041 48.049811 48.758670 45.427776 48.843516 46.380686 50.370673 47.324574 45.160643 46.329848 45.259818 45.729284 49.244165 42.096381 47.847600 48.388968 47.785763 48.405755 47.540715 46.848735 44.831587 49.019417 48.774908 51.703871 46.828396 45.866244 49.327188 47.733594 44.747228 48.665614 48.814566 46.406831 46.592155 47.445990 50.003815 43.970164 46.394108 49.327864 49.321683 40.429639 42.799269 47.965094 45.552645 46.193577 45.088211 47.948717 46.332783 43.870292 49.154832 44.045839 46.386307 43.429411 45.321131 48.620705 45.286570 47.038937 41.664653 46.475794 46.174863 45.415083 42.986385 48.283856 43.842878 48.316685 47.407736 42.611002 48.249857 48.070406 50.779012 47.205713 46.769625 45.817007 46.302748 46.529070 46.686904 48.903681 49.944497 47.537485 44.028973 45.156406 50.536497 45.639704 
51.823237 52.739368 46.725781 53.264915 51.707062 48.238891 49.846641 48.436941 51.009917 55.381778 52.038918 48.146657 52.178726 48.692573 49.870121 53.617077 51.575082 52.034960 52.313175 47.019087 48.765655 51.922042 52.720506 49.358875 49.407398 47.390105 52.689796 50.577690 52.408164 50.598296 52.858928 49.655138 48.627889 52.053744 45.529150 52.161481 49.610227 52.968605 53.238018 51.793084 49.413562 47.001858 49.174294 50.851490 58.923699 51.946817 49.076914 52.942268 48.559213 49.786012 52.814179 51.665748 54.408158 51.035677 49.660110 53.374189 47.924287 54.387079 53.491910 52.019193 49.058100 47.829988 52.977308 50.512858 52.480458 46.324432 48.519224 52.008135 49.511198 48.310908 48.733419 48.888694 49.586967 48.776605 49.520967 50.080974 51.414859 47.405030 55.740888 54.438985 55.454394 54.019121 48.853075 51.083662 51.775140 48.412181 48.329321 51.466798 51.683405 46.970329 49.626845 52.092321 49.085091 50.938087 50.023206 54.089305 48.710462 49.715961 48.866747 54.606975 49.507621 53.333961 52.380219 50.147331 52.982433 55.638281 50.644005 51.715503 47.137869 53.106769 56.284043 51.329213 50.143384 52.374373 51.728365 47.746273 52.894001 51.313840 50.695050 51.583679 51.427280 51.199858 52.272135 51.020518 54.737923 51.696782 50.182829 48.642729 47.957879 48.300063 54.067980 48.354670 51.353945 52.411846 51.048741 51.910055 52.907328 49.850861 49.825498 53.486937 51.741846 56.863952 50.868716 49.779132 50.285928 51.608257 48.644283 50.532980 52.545325 50.843312 51.444029 50.849286 53.940257 46.904314 51.906214 53.858836 52.354488 45.592922 46.547011 51.298997 50.923858 48.680608 49.910742 53.598154 52.725439 49.148970 51.326887 46.090597 50.127616 46.566660 46.743159 50.744991 50.529975 48.062725 46.119739 50.627836 49.167715 50.214500 49.769993 51.462928 49.030393 51.933142 52.561623 48.515043 53.078333 51.343070 52.085702 51.894968 52.125373 49.942136 51.188618 48.418321 48.746863 52.724600 54.503780 53.890220 48.353682 47.996610 53.374572 51.801329 
52.812189 53.255794 49.784141 55.203768 54.350610 50.999544 49.862644 52.818676 52.855983 55.507202 56.701081 50.720225 54.954648 51.804550 51.864852 56.293372 52.408157 53.377520 52.794230 50.239954 51.725801 52.297806 55.552301 50.346303 53.004152 51.754224 53.343987 53.851351 56.600201 50.575997 54.706207 54.832611 52.938689 53.467452 48.232442 52.266357 53.115900 55.615539 56.489524 52.606585 50.424051 49.728272 53.781113 52.071558 61.536679 55.738753 49.046218 53.149891 49.892748 49.169841 56.899697 52.572795 57.023074 53.907774 52.264339 57.128447 52.649902 57.702785 52.883532 52.673605 50.943944 50.099103 55.264265 52.399952 55.093283 50.931717 49.733649 54.398996 53.074478 49.120806 51.579422 49.282808 51.115640 51.715538 52.444638 52.765872 53.726969 50.819170 55.729418 55.457148 57.331971 52.945203 51.204665 53.187286 53.287252 52.224017 48.948107 51.889730 52.575228 48.857775 53.699804 54.040264 53.435408 53.918150 52.898002 52.761072 49.258514 52.525726 53.714311 57.289395 51.770898 55.680012 53.858890 51.423613 56.736182 56.271340 54.749550 57.471912 48.976015 56.321975 58.602549 54.505337 54.229833 55.716075 52.185996 53.259715 56.445487 54.028352 52.408103 54.657345 56.687344 52.229535 54.288417 52.038917 55.935983 52.570223 54.465437 52.846633 51.298262 52.373502 55.545640 48.572631 56.958040 56.780193 53.664854 54.096361 55.661696 53.409868 51.785301 56.346886 55.304311 57.243761 54.677033 55.363825 53.315507 54.390956 51.964263 53.780960 57.575651 49.534591 52.861338 56.213453 57.432865 50.035080 53.319911 56.364425 53.745169 49.144073 46.741300 52.705053 51.437748 51.001177 53.906151 53.944326 52.321705 53.135037 53.970738 49.647675 54.080789 50.876361 50.275987 54.428564 52.747912 54.271398 50.291292 54.378004 53.498267 53.451900 51.055151 52.018210 48.873366 55.313203 52.787923 47.758538 56.137816 52.764997 57.496429 54.448664 54.410787 52.018088 53.015922 51.795045 52.234230 53.813555 55.717283 55.205969 50.796960 51.405316 56.094134 54.191812 
51.601636 50.410433 44.114568 53.164841 50.399913 47.161871 48.283701 50.162352 51.741474 49.803090 51.763930 47.655163 49.183376 48.533106 48.257022 55.775671 49.517062 51.398410 50.490313 46.204904 48.927131 51.738484 52.302994 46.605378 48.846033 47.848973 51.247205 50.709147 52.228752 51.338510 52.083406 50.690198 50.299387 49.198680 45.215924 49.135683 50.188995 51.149498 53.814872 49.498246 47.688098 45.558361 47.873032 47.764104 57.502812 52.991835 47.791383 49.472479 47.368742 48.963168 52.467299 48.089322 54.751279 50.488842 49.483753 50.433108 47.852084 55.549240 51.129621 52.932741 49.512547 48.670006 51.668156 46.324970 50.934480 48.284683 46.301067 51.787946 47.763300 47.870221 46.337048 48.013804 49.912499 49.713009 50.057909 51.377369 49.603836 49.029761 54.223862 52.995360 54.882743 51.843528 48.087224 48.477710 51.086650 48.281112 45.853256 50.685964 50.804220 46.034125 51.893165 52.519530 47.130136 48.633233 50.818728 52.806341 48.715353 52.606886 49.018823 51.923485 47.893083 50.922491 51.396568 49.361903 52.278139 54.130861 51.255682 51.405795 48.328510 52.871767 55.685476 51.872072 51.138824 53.562266 49.618129 48.322386 51.736663 49.277564 49.935865 50.219902 51.650445 49.525577 51.053740 50.080655 53.095980 49.204611 52.149007 51.687022 47.261750 46.017967 53.414352 46.457021 50.580205 54.009731 52.808946 51.483429 56.394845 47.599934 48.294930 55.331162 52.378775 53.583193 50.968656 49.253810 49.310679 52.859272 51.076035 51.809528 54.725915 46.547881 50.543831 51.181953 52.715624 47.408452 52.855535 53.144084 51.608863 47.629092 45.739300 51.579817 51.041468 48.179299 49.194870 53.114172 50.914568 48.204330 50.578621 46.695054 50.944725 46.576046 48.749314 49.847523 50.712716 49.234313 45.932612 51.388641 49.431721 47.988424 46.343802 49.384133 48.815312 52.409117 53.758620 47.914209 51.537046 49.530664 51.298337 51.018748 49.539462 46.658817 48.056740 49.755625 47.957915 49.638758 53.282524 54.164487 46.369402 48.100363 53.630278 51.589987 
49.781245 50.798910 46.450537 53.749298 50.360307 45.674666 50.286149 51.636399 48.867427 52.576067 50.067895 48.779222 51.761590 47.093623 48.147929 55.650964 47.340178 51.331264 50.185569 46.302713 47.256603 52.271481 55.507234 47.938992 49.508177 47.654011 50.393679 48.736385 54.136918 51.267056 51.066467 50.130504 50.246016 46.370207 45.547264 49.823111 50.250995 53.043669 51.675160 50.492811 49.384731 45.781098 50.188188 48.805677 58.472485 52.321820 50.001169 50.406029 48.716363 47.531574 53.869034 49.922814 54.563479 48.498075 49.577505 51.996136 47.896065 56.610925 54.155687 52.709656 47.187513 46.619890 51.153382 49.861800 50.389801 46.811825 47.596670 49.208284 49.306642 46.370112 45.551585 50.075700 48.790421 47.263131 48.508110 51.372398 49.974868 48.483916 51.322841 51.013121 54.156563 52.137246 48.603464 48.725549 47.571739 50.517004 49.036584 49.396687 49.520400 45.705088 50.711605 54.427294 48.189521 48.913058 48.785009 50.420712 49.015099 49.558924 51.086684 53.354542 50.436499 50.961739 50.116110 49.194872 47.924251 53.651554 51.048302 54.331432 45.423012 53.108126 55.710817 45.442822 50.901389 51.408636 49.310542 48.934703 53.243733 48.909867 48.757377 51.411980 53.115406 51.901278 52.995984 49.923562 51.339274 50.694999 49.053388 49.700809 48.647346 49.430885 52.019747 43.538458 51.722782 49.980313 53.530174 49.142331 49.250445 49.092336 49.200719 54.831606 51.976577 56.227862 50.097345 48.712206 51.501403 50.082766 49.328396 48.565685 52.676993 45.898467 49.862759 51.493020 52.596862 46.240834 49.514164 52.474164 51.580426 45.861488 46.800959 49.754375 51.611568 47.555651 49.299764 52.371031 49.072719 47.423786 51.017073 48.018379 49.419192 47.417175 49.371208 51.233861 49.883735 49.787372 44.553760 49.179918 50.414524 48.375216 48.306738 47.961974 49.248553 51.472016 52.087442 46.736713 51.951779 48.974113 51.284343 49.456884 50.021672 46.666852 48.189316 49.946923 47.861937 51.574962 52.826711 51.202601 46.840869 47.640749 52.347454 48.417728 
50.279255 47.303642 42.854370 52.264363 46.819861 46.263456 45.114285 48.335163 49.166879 50.170139 50.541693 46.783471 49.088272 47.428644 47.953438 52.051047 47.318166 48.567640 48.884596 45.150568 46.036602 48.391625 52.343786 44.744330 47.958811 46.150976 49.634769 47.198550 51.097655 45.804601 49.467152 49.091907 46.953562 48.294071 44.111657 50.479959 50.928194 49.582543 49.103875 47.186228 45.667052 44.918635 48.854577 48.694625 52.932285 48.185161 46.268182 49.492067 45.276262 46.533949 50.352116 47.119450 50.724395 46.347562 46.890291 48.269407 48.619533 50.436678 49.715595 47.785419 48.128476 45.338045 47.429993 46.088912 49.973788 47.271393 47.060108 47.211116 48.385294 46.930544 45.703179 44.872846 45.990894 47.085785 46.315260 47.425882 49.979583 44.004359 52.040612 48.692986 50.874839 48.417539 46.383630 46.448919 48.758451 50.390404 46.135180 45.977290 47.351730 45.981812 49.534689 49.354530 48.942826 48.037208 45.367736 48.160298 44.549356 46.829218 48.114557 51.668843 44.185535 51.598692 48.489878 46.289400 48.781322 50.595791 49.051276 51.943842 45.685746 50.058214 50.944574 47.873353 47.965688 51.105230 48.935165 48.116377 48.993267 48.489534 47.888359 48.144228 50.348155 46.816631 49.440461 47.529880 50.628304 47.416757 47.230732 46.300733 46.229234 47.916953 48.913058 45.735184 48.212507 48.241032 48.865941 48.652967 49.527243 47.271637 44.210964 48.663129 48.739914 53.766391 48.631615 47.779589 49.095453 47.756097 46.185027 49.853519 52.123785 46.132283 48.647358 50.351110 52.828547 44.545208 49.691888 50.726513 51.163913 44.154242 44.574006 49.376867 46.898853 45.527808 47.616240 48.698081 46.350100 46.009237 46.807442 45.623174 49.664852 45.593197 45.252759 47.179783 46.114690 47.601868 42.906530 49.969572 46.782097 46.042822 47.251261 47.691238 47.154620 49.477497 47.738845 44.445056 48.600339 48.864700 53.224787 50.092763 47.958997 48.889515 46.555482 45.144293 48.574999 50.619536 50.454195 49.174241 45.986523 47.088674 50.245385 47.359615 
52.783099 51.622150 45.777803 53.854052 49.929725 48.332487 49.731186 53.505590 52.637867 52.766328 52.454130 49.777647 51.960301 48.586738 50.146113 53.188197 51.533375 51.062461 49.869052 48.175554 50.714484 55.098108 53.950163 46.510305 50.577896 49.834434 53.277574 50.029495 55.611949 52.832716 51.739454 50.692156 49.447107 46.226489 47.559982 49.767318 51.394129 52.113638 53.812150 50.199336 49.279064 49.887354 51.416292 50.620156 56.903404 51.340349 51.231291 51.159194 47.321291 48.913624 55.278304 51.548675 57.069816 49.470054 51.211716 52.506687 48.611636 55.037877 52.363458 52.825866 50.555230 50.257352 53.764916 51.850688 51.261567 48.221700 48.037316 50.896008 49.352089 49.968468 50.360515 49.824935 51.363592 50.084478 51.026485 50.184053 51.679550 48.400775 54.067824 53.536043 55.780075 51.899661 48.761692 52.303238 51.221194 50.792138 48.108950 52.426891 54.814777 47.224568 50.231453 54.886015 49.197373 50.295458 49.620407 52.727456 47.757766 50.037208 50.942959 53.158317 49.736542 54.665906 52.032186 47.860571 51.621095 57.142671 52.090135 55.009200 47.822723 52.217045 59.019947 51.527774 52.076802 51.313318 51.398004 50.475816 50.891207 50.461971 50.539896 53.061957 53.581941 51.759126 55.335189 54.529111 54.580900 51.808887 50.955954 50.195037 48.057752 49.387336 52.361804 48.179609 51.499572 51.613324 50.836997 52.148897 51.654079 51.482938 49.471152 53.714339 51.728169 53.692172 51.360737 48.224856 50.946888 53.725146 52.435009 52.114979 53.541962 48.831791 50.676452 53.132631 54.052124 47.397644 53.404477 52.703894 53.284966 47.777624 47.066378 53.867741 51.774564 49.119855 51.053575 51.360935 52.683444 51.712264 51.394852 48.593386 49.304831 48.831166 49.836570 51.967856 52.077430 52.157072 46.941622 52.139813 51.159696 51.694339 49.066675 52.320172 48.891211 52.170839 53.078245 46.722570 54.687854 51.971510 53.661793 52.568598 51.889053 50.133566 51.192749 48.485577 49.849410 53.445518 53.505404 49.936621 48.954849 48.748199 55.243923 50.994029 
51.942524 48.288930 44.111946 54.068396 49.636955 46.615607 47.955058 51.228806 51.199645 53.677208 51.796841 45.276755 50.498425 47.587408 49.121101 54.370011 50.402967 52.436600 49.249253 48.797827 47.856542 51.402945 52.207963 46.872170 49.485046 48.101369 51.406889 49.398509 52.827718 49.107283 50.544678 48.823621 50.075125 48.875931 46.844362 48.896182 47.831079 51.400648 50.261859 46.562948 48.383191 46.409261 50.984215 48.372527 55.870857 51.987683 47.864160 50.230529 47.456843 48.943175 52.826816 45.994847 54.766865 48.973673 49.039712 51.565217 47.550296 54.517950 50.627858 53.383520 49.272720 48.308657 50.184641 50.992842 51.147986 47.364776 45.593687 51.165932 51.388307 47.437874 46.187130 47.785986 48.271474 51.221244 47.556490 51.241945 47.580855 47.257960 51.627084 52.636683 54.946791 51.681043 48.573417 49.481294 50.807536 49.796699 46.452087 51.481326 50.527225 46.658962 49.542317 51.330114 51.648480 51.358272 48.896251 51.220110 44.997739 50.977826 49.561201 54.054082 50.475000 53.459931 51.196877 48.360097 50.964943 53.860849 52.192717 50.913358 46.132691 52.100466 56.004421 49.976874 48.176130 51.633850 49.349894 49.653005 49.544060 50.525570 48.764268 51.318602 51.862214 48.012672 51.059613 48.876528 51.315722 50.880714 48.343286 47.432544 46.397976 49.438956 52.815666 45.675665 50.614350 52.283513 51.558285 51.689252 53.225322 50.938380 49.029006 53.527482 51.116656 53.714025 52.575507 49.350711 49.927884 51.617240 47.935031 51.580895 53.387792 48.171579 50.865926 52.131184 54.071768 47.369691 51.475866 51.521109 50.806361 45.997574 45.999868 52.260240 51.422851 45.527624 49.959449 52.619404 49.595103 46.685803 47.134807 44.411203 50.193029 45.769259 47.617678 50.396278 47.908747 48.585019 45.505065 48.855916 50.795101 48.500090 48.893680 50.091940 45.038417 50.418787 50.564452 47.937305 50.867955 51.329660 54.639680 50.098194 51.266060 49.324718 48.817031 50.153055 49.114240 50.953162 53.138097 49.974292 48.359381 46.346862 51.281199 49.953252 
50.899313 47.930125 44.662816 53.211556 51.135738 45.369760 45.996895 46.436978 50.089256 50.649238 53.578343 46.513076 49.239733 46.517572 47.069130 53.759225 47.989364 50.268031 50.238766 44.450315 49.011706 49.263211 50.893482 46.331107 48.519206 43.940063 50.114462 49.266203 52.008431 49.080674 49.576409 50.481492 47.811688 45.724568 44.772489 50.254680 49.350484 50.796794 51.705073 49.450329 47.894026 50.121848 49.258544 46.040220 55.065725 50.872637 47.134955 50.372664 47.343487 48.641389 53.183832 49.344012 53.821412 49.136789 46.544576 49.497213 46.586441 54.644983 50.385772 50.858836 46.273123 44.780525 49.111182 46.806233 48.947232 48.008040 46.940090 49.162986 47.683981 46.143565 47.250191 46.895513 48.950123 49.917407 46.534683 49.038550 48.057358 48.366480 51.358597 51.110828 54.283149 51.049451 49.653259 49.799781 51.097715 46.942272 47.388403 50.392603 49.350397 46.808687 49.807405 53.325223 49.515934 48.225665 45.889182 50.129066 45.472831 48.438642 47.922721 52.621347 49.182700 51.546526 48.295095 48.820278 48.596601 52.041837 48.970416 51.433260 45.781335 52.450046 52.521457 48.192523 50.226669 51.873361 48.959516 46.980529 49.037058 49.800879 47.391632 49.493145 49.264491 48.397882 49.655485 48.861246 51.775986 47.856749 47.592282 48.199686 47.429187 47.042576 52.152153 44.673658 49.066344 51.820622 50.848152 51.588673 48.915968 48.849388 46.547076 51.255095 48.719540 53.278303 48.322743 48.287854 48.616246 50.909997 46.857857 50.445693 52.194348 45.944062 49.568795 49.581988 53.407564 46.361743 50.118262 53.650134 50.505072 43.905941 44.108931 49.844237 47.916324 44.540613 48.243657 50.167640 47.366714 47.399183 49.778878 43.772268 49.383535 43.764516 48.694113 49.278086 48.225308 49.007418 45.154475 49.755093 49.785635 48.674099 48.574273 49.085707 47.426214 49.188217 51.734362 44.692746 49.882020 51.283632 49.763497 50.966593 49.248269 48.095324 46.058282 47.619401 47.771682 51.839087 51.574357 50.949584 46.017472 46.167895 51.037504 49.026888 
55.733335 51.228771 43.912605 54.728901 52.094850 49.322072 51.674312 53.050896 54.127528 56.446836 52.486847 50.805608 53.312086 48.252962 50.257036 55.767936 50.201534 51.159595 49.157769 49.019338 49.500781 54.039903 54.261526 48.174532 52.583373 52.786321 53.784516 48.927293 52.392816 49.905333 52.369006 51.141218 51.408821 51.912027 50.012207 50.730968 49.786894 53.373340 53.252357 52.054983 51.146447 47.978853 53.134642 50.825226 59.475409 53.049321 50.471390 52.030675 46.270228 50.669406 54.311986 52.541731 58.740124 50.283920 50.159496 53.892519 50.353202 57.349993 53.634394 55.317895 51.108408 50.422280 52.134018 52.157742 52.542931 49.494785 48.270238 51.091321 49.632693 50.922490 47.785496 49.655439 51.126094 49.122157 50.284295 55.110877 52.346672 51.511903 56.346960 54.725260 57.444719 52.103640 51.149625 53.661047 52.397811 51.035747 47.940537 51.336188 52.060390 49.713864 51.173562 53.696278 50.032346 53.500500 51.267075 53.279864 47.234250 50.571117 52.946595 54.886936 50.639164 55.756966 56.583392 51.559496 50.963541 55.215071 54.498992 57.271249 47.831093 55.602059 56.838874 51.380853 52.105365 53.654479 51.949283 51.725471 53.639111 53.219477 49.658310 52.351098 53.916766 51.741827 55.678514 52.755153 54.707179 53.364226 51.786193 52.176461 50.519908 50.454388 54.291532 46.538148 52.968443 55.456362 54.015416 53.456180 54.996511 52.760189 50.483555 55.362888 54.557431 55.141480 52.444045 51.530966 52.485451 55.250503 52.377815 51.366240 56.349142 49.419202 51.813675 54.989361 56.896446 48.727777 52.508252 55.804819 54.239187 49.119155 48.626985 53.177350 53.502171 48.492037 50.650639 53.181171 51.813060 50.170369 53.364328 48.694286 51.613026 48.246074 50.323006 54.205264 54.075689 53.777013 46.319292 52.821631 51.411101 52.140218 49.569937 50.508580 48.744493 54.636944 52.274736 49.389804 54.515878 52.666975 52.884058 51.181405 52.459958 52.453755 50.590496 50.805709 51.294983 50.934623 53.948444 53.905775 47.459941 47.709163 54.933056 53.902626 
49.448465 48.119212 44.680875 53.020308 48.554048 47.401584 49.669147 52.375177 51.617610 55.901359 51.504505 45.698593 54.260586 45.559206 48.229206 52.282969 48.259748 48.992522 51.321526 46.792273 46.907165 50.084187 52.908354 48.227729 49.067957 48.475524 49.005105 47.772787 52.087367 50.526357 51.879378 50.640949 47.734328 48.746153 45.544461 50.400173 49.547146 51.591654 51.407275 48.740658 49.269665 47.516552 49.111917 48.764301 54.554962 49.148233 48.595766 51.009253 45.524442 50.138174 51.430522 48.085512 52.946054 47.823153 48.557596 52.545336 47.155406 53.378210 51.580372 49.684542 48.503895 47.411732 51.593098 51.459348 52.106123 49.575440 47.925396 46.847015 47.324405 46.453421 46.525604 50.820423 47.334037 47.932593 49.543249 50.070215 49.665632 48.620014 51.965172 51.992764 54.556793 48.098469 47.897506 49.634338 50.980572 49.575063 45.815649 51.843822 49.696427 46.082858 50.013809 52.072922 47.361749 49.803500 49.641496 50.450612 48.643132 50.144796 49.324318 52.195076 47.948134 53.519960 51.411482 46.939833 47.659444 51.945227 50.867800 53.175034 46.315172 53.360230 55.068181 50.750955 50.588897 53.913056 50.391420 50.953590 48.703166 50.442399 48.925812 49.146966 52.339788 51.090608 52.884458 48.978004 53.308437 52.461870 50.499544 50.449291 46.945958 49.085372 51.857097 45.778970 50.753603 50.110205 52.987778 48.559191 50.328350 50.877913 49.095377 51.364824 54.546392 53.666167 49.609660 50.575337 49.663402 51.036934 50.436138 49.625139 51.909550 46.322401 48.034948 49.082364 55.662065 46.608892 49.578695 53.690695 50.902525 46.229474 44.809341 52.060826 51.786918 48.133245 50.210118 52.088200 49.606590 49.974338 48.205593 45.724946 49.066789 49.749890 48.328079 51.210428 48.772125 50.013871 47.676269 48.321886 50.119339 49.539030 47.770621 50.360156 46.768113 51.119336 50.588715 46.320990 54.531085 50.630344 51.106553 52.364795 53.358640 46.641987 50.656446 48.497517 49.526254 50.847250 50.638560 49.297683 46.626588 47.055299 49.972467 47.594594 
53.484589 53.463720 47.984523 57.323444 52.184951 49.469576 52.605988 52.683979 54.772570 54.181106 54.427941 48.396016 52.702147 50.521597 50.132373 57.349624 51.850175 52.994413 52.085803 47.469733 49.324171 53.566523 54.431672 46.807919 48.891065 50.548632 50.910114 53.190515 54.699986 53.303343 54.881434 52.060738 51.727228 51.777952 46.040111 52.581597 52.542318 54.606203 54.321768 49.959599 50.704929 51.399298 51.560003 51.201059 58.197046 51.936489 50.734455 53.651082 48.606951 50.402256 55.283906 50.560144 55.460126 49.792153 50.237195 54.005559 50.930221 56.535046 53.211368 53.065093 49.743514 49.242028 52.851644 51.902000 52.626716 50.501549 48.381674 53.552123 51.166962 50.319467 48.925592 49.274673 50.554352 52.114177 51.208006 52.816666 53.145826 48.093916 55.382955 52.376065 56.555880 52.609454 48.891004 51.903079 54.404578 51.074919 50.224732 52.061529 54.938306 51.666730 51.185028 55.580981 49.015533 53.803104 54.755846 54.051764 48.065297 52.955084 51.293252 55.152693 51.068070 57.173154 52.201042 51.887265 49.033229 55.766902 51.255526 55.504047 46.415241 55.270460 58.368959 52.437745 52.365386 52.787236 52.326262 52.300853 51.925217 51.618026 52.205520 52.167166 54.166175 51.560772 54.151714 51.946082 53.988087 52.996811 53.409548 51.278718 49.306763 49.815561 53.734991 48.033078 51.661683 53.747488 53.216022 53.126937 55.174562 52.670395 50.456815 56.182383 54.403858 54.994747 54.105160 51.622176 52.376717 52.953579 52.347754 51.079114 57.017615 46.319753 52.023923 54.292420 56.248858 49.981036 51.000527 54.714611 54.915746 48.806552 48.586992 54.426746 55.123415 47.307979 52.970065 53.043088 52.641684 50.890969 51.969497 48.455848 51.515597 48.722411 50.081503 53.038599 53.231198 52.040706 49.027882 50.811517 50.784910 51.519718 51.701541 52.425059 49.626390 53.021200 54.604225 49.255939 53.978390 52.535522 54.140583 52.505579 53.831358 49.399276 53.116353 48.259739 51.674227 54.921693 53.634905 52.418395 51.316187 49.436654 53.920671 52.114808 
51.108520 49.188174 41.086356 49.983167 47.867032 42.833156 46.064221 47.630679 47.300966 50.325558 46.769695 44.381509 46.917501 43.787322 45.841936 50.300979 45.048160 48.981732 50.796018 44.117883 47.171580 50.527131 52.373201 43.463060 44.904149 44.759512 49.398761 48.319985 52.159534 46.243234 49.227742 48.725075 48.944073 46.005043 44.493846 47.421781 48.505817 47.852010 49.549763 49.152315 46.986022 45.164007 50.155017 47.635572 55.543406 48.238547 46.822851 48.329974 42.003480 46.098186 50.751788 48.696717 52.952692 48.037104 47.759106 49.627530 45.642841 53.227586 50.107537 50.232756 46.156732 43.416142 49.580490 49.034771 49.743552 45.383162 46.527926 48.161704 47.321391 44.050850 45.347479 47.122304 46.449598 46.001370 46.694262 47.756569 46.904874 44.625928 50.195014 48.804435 49.648719 49.319911 45.581440 48.384044 47.807191 45.880728 46.899374 48.826604 48.692610 44.920519 46.744944 52.141782 47.071348 47.996761 46.536355 47.460393 44.127463 47.059163 50.801947 50.619559 47.998497 50.754336 49.306461 46.071729 48.073129 52.921228 48.877473 49.919896 44.993902 50.814743 52.512440 48.127591 48.774709 48.955916 46.391426 45.954209 49.585939 47.443324 45.971101 48.552018 50.204259 47.898203 50.898825 46.360929 51.711355 49.546930 45.551256 46.291677 45.187431 45.645711 47.108931 44.428372 50.211802 48.548200 50.122933 46.523966 49.842849 48.142044 47.694180 51.608939 49.235267 50.040191 46.890139 47.348011 48.914463 50.525924 45.346353 45.714846 50.698446 46.101857 48.237905 48.525791 53.862197 46.667053 46.785741 48.149050 51.286488 45.036406 45.304377 48.797195 48.060205 44.778640 46.746951 49.566721 47.630317 45.562523 47.537227 43.361673 47.877577 43.999085 45.065740 47.477733 48.290650 45.616352 43.965423 49.415639 49.065868 48.253667 46.202197 46.692354 43.919458 50.324886 49.814127 43.932671 49.197825 48.539171 50.837316 47.702812 50.078094 46.760730 45.770701 46.656789 47.532236 47.747675 48.194607 49.103310 45.935273 44.993576 48.259684 47.638819 
58.015935 56.839201 52.399620 61.092478 56.328420 53.215240 54.766165 56.588573 57.784641 58.951089 58.626412 53.216981 56.915094 56.133568 55.363610 62.486653 56.184526 57.616644 57.815873 52.950851 53.627762 57.926998 59.255262 54.323714 55.928707 56.768617 58.495900 55.301138 59.276260 56.419445 56.920768 58.585068 55.902520 54.476651 52.861646 58.519098 55.363703 58.856911 59.751584 58.246532 53.413043 54.080111 55.583725 54.057731 62.514926 58.166599 54.359048 53.652123 54.133490 53.429573 58.272358 55.480167 61.639356 56.694316 55.996050 58.209011 54.711291 62.345365 57.015376 57.407507 56.131352 53.498150 58.984765 56.077456 58.044700 53.647263 53.897168 57.587386 57.367597 51.907454 52.113838 54.553470 56.505798 55.534043 54.178495 57.357038 54.297338 52.823825 59.884669 59.462998 59.137725 56.377060 54.127228 57.630842 56.458036 55.264860 53.741669 58.366868 58.246368 53.398951 56.149538 56.956839 56.425617 56.008315 54.941299 56.686079 52.468810 55.995101 57.963155 59.746939 55.772778 60.341035 59.585933 54.632770 55.312638 61.330712 59.179252 60.265238 53.004620 60.377823 62.331801 56.946297 55.747715 60.319410 57.883634 56.342204 58.352871 56.576844 55.829446 57.179670 58.330290 55.016535 56.505839 57.318934 58.108665 55.615478 54.993579 56.450771 52.240044 58.234858 57.638558 51.042806 57.584299 57.964585 59.671209 58.616032 58.132506 54.733708 54.162511 58.435650 57.699239 61.623234 56.109384 54.779927 56.249628 57.916566 54.521226 56.556720 60.266300 53.344242 56.360538 56.120444 60.578814 52.882655 59.172175 58.230287 59.328916 50.326573 51.014819 55.971912 57.535533 53.931087 54.809038 57.735500 56.112807 55.388201 58.121763 52.325473 54.497478 52.211398 54.688570 56.561795 56.081922 57.387392 52.229260 58.150478 53.396175 56.040253 55.713707 56.843346 53.278572 58.512661 60.674991 51.772880 59.168985 55.736875 60.200071 58.246274 56.935838 57.258427 56.899026 53.811739 55.325848 57.244603 58.820291 59.005974 53.017368 54.952330 59.674275 59.908157 
49.875361 50.341752 47.486781 53.130335 49.046138 47.687178 48.288161 51.717808 51.650910 50.335217 53.286651 47.913179 50.624265 47.329080 50.768613 54.618687 47.655049 51.285679 51.011459 45.859022 48.741264 50.231295 52.492190 45.360137 48.338590 49.045762 49.820329 47.360379 53.048604 51.494999 51.635791 47.575460 48.670002 48.485187 45.048880 49.574642 50.998535 52.882764 52.905674 48.876702 47.604065 49.981543 51.838535 48.789380 56.153509 50.473115 48.516752 49.131229 46.894941 47.018468 53.023068 48.713029 53.154078 49.419090 48.068903 52.816044 49.245673 54.623033 49.315976 49.602205 49.536267 46.864779 51.744672 48.705126 49.436875 47.565362 46.220148 49.627531 48.874789 45.642287 47.438636 48.628174 47.688875 50.368613 49.174787 49.562974 50.367050 47.395375 51.704692 52.280648 52.546904 50.732441 43.859354 49.875016 49.583262 48.974861 48.748854 50.612808 50.902893 47.474213 50.432268 52.879290 48.912813 48.993170 48.266119 51.259821 45.318149 50.132138 48.089299 51.798257 49.934668 52.679234 48.776534 49.879560 50.967895 54.834570 51.669066 52.930177 46.218082 50.683145 57.987645 50.859794 50.203384 53.130297 50.477413 49.301136 50.729686 49.779835 49.407122 50.687977 49.959773 47.894905 50.029315 51.041261 53.184560 50.465993 49.612616 46.829630 46.814184 49.331811 51.723275 46.559211 47.954235 51.943105 50.519972 49.806291 51.916825 49.149508 49.034378 53.837400 50.439424 53.704240 50.493648 48.717366 50.001417 49.879332 47.492655 49.956014 54.589484 46.707610 48.085978 53.742480 54.133640 46.933505 49.858640 55.066060 50.613517 44.856253 45.923977 49.260975 50.420755 47.123221 49.294803 52.377118 50.391717 49.707508 49.740281 46.078413 49.377406 47.971484 49.482315 50.626981 50.236654 49.602117 46.859924 49.937755 50.621111 47.369623 45.824193 50.485748 45.000192 49.054193 50.186079 46.556639 53.949166 48.558573 52.419653 52.438397 51.197589 48.876888 48.396467 49.025341 49.541534 51.098495 50.222977 48.519195 49.942561 49.612295 53.049741 51.858110 
56.026736 50.025370 47.186527 56.178813 51.998242 49.502501 49.924805 51.405453 54.870917 53.368158 54.098435 49.190173 52.171379 52.307211 51.213806 58.468754 51.231346 52.500623 52.837156 50.574497 53.436019 54.570512 56.713529 48.475760 48.622324 49.830793 54.015336 54.616585 56.996673 52.793321 53.804792 54.017026 53.077521 51.356246 50.334062 53.089476 53.337561 57.414669 54.224594 54.325468 50.858753 48.959782 54.473571 53.164799 58.446814 53.958491 49.540380 52.265318 50.849214 51.563848 56.276016 51.060256 56.001402 54.832735 52.095470 54.120995 51.409194 57.329697 56.830641 55.303397 51.201948 49.464173 54.268351 50.654295 55.016803 51.923841 48.200422 53.267602 53.219203 49.168454 50.102983 53.230954 51.822148 50.718083 51.824845 53.975082 52.739562 52.904261 53.428963 57.006655 56.230455 50.557546 50.578312 50.334256 55.512080 52.949328 50.399253 51.886157 54.680398 48.594480 54.415912 56.096594 51.834150 55.273629 52.977693 52.217425 50.634878 52.269836 54.084105 55.575383 50.987203 53.526392 52.502887 50.795894 54.547584 55.552446 54.144533 53.550973 50.554439 55.146644 58.601136 52.231047 52.182706 53.970365 53.282768 52.835193 55.062765 54.194210 52.495517 53.311960 54.855820 51.534851 54.527826 51.919772 56.940195 52.260439 53.235210 49.709369 52.046172 52.049613 55.702974 49.264829 55.048406 53.665281 54.538312 55.821729 56.510520 51.622218 50.673664 56.014226 57.462998 59.461676 52.985322 54.699643 55.821597 53.774536 50.651883 53.972494 58.752693 48.618554 51.082178 52.434811 56.425546 52.500036 53.542846 54.778493 56.019855 48.018408 46.948695 52.084835 53.153649 50.803007 53.675739 55.909469 50.795541 49.404637 52.468165 48.689738 54.846639 50.914455 51.374530 53.542183 51.896441 50.323879 46.932907 53.405851 50.976166 50.925644 50.047030 53.312319 48.869277 53.546390 54.219861 48.386248 54.169046 52.071900 58.866670 55.022259 50.691029 51.425279 52.526413 50.753260 51.082294 54.344112 54.799496 56.398401 51.548055 51.175098 54.492378 52.860780 
52.538351 49.430329 45.598671 56.647239 51.263256 46.999998 48.724549 52.153634 52.399496 53.442745 51.873986 47.509203 52.519399 49.852236 50.495961 54.100509 50.269441 50.550504 52.531099 48.214838 49.872073 50.305314 55.254532 48.401972 48.463700 47.758678 53.499202 51.285984 53.611600 49.893041 51.385097 53.285479 51.771472 48.942500 46.915997 51.536705 50.302339 54.880054 52.451242 50.228210 49.262119 47.639898 50.637016 49.296665 55.440374 51.797348 50.238376 49.619079 48.319250 51.145680 52.590489 50.418781 54.269403 51.410496 48.243354 53.692194 48.633139 54.559086 51.760751 54.422778 50.909138 46.952103 51.476873 49.681497 51.938735 50.999207 48.083163 50.718554 50.330048 47.833206 47.981129 50.611220 48.988235 50.039804 49.303099 52.883564 50.042499 48.636481 54.298648 53.280815 55.091879 52.155165 51.709842 52.660073 51.203246 52.183527 48.453124 52.091809 51.428126 48.159398 50.734018 53.807245 51.650183 50.858659 49.513759 53.458084 47.946584 50.319552 53.293728 54.886410 47.910474 55.354152 53.763197 50.359940 50.479381 54.817128 51.825104 54.819503 50.035308 55.233373 55.912444 52.566966 52.318344 53.157081 52.701323 50.811650 50.721764 49.926961 50.614061 50.582598 53.235716 50.453793 51.006378 49.076100 51.438837 49.989292 49.253316 50.848564 49.564749 50.872460 51.157649 47.258149 52.394081 51.550638 54.011433 50.852047 52.460369 52.643038 49.893672 53.276790 54.549426 55.050703 50.414877 49.552928 52.894105 52.701054 50.648131 51.520170 53.207829 47.708627 50.958070 51.096813 55.191208 46.463451 52.458250 54.641648 53.389640 49.211853 45.499553 52.333931 50.212698 48.638922 49.998231 51.083668 49.714895 50.483169 49.049182 46.275980 51.156125 46.130162 48.135793 52.219298 49.634267 50.067303 46.505359 50.895048 49.721827 51.016213 49.012150 49.811342 49.370235 52.394075 53.443668 47.869391 53.110655 53.262647 54.641790 55.553112 49.059578 50.770059 50.325141 50.055254 49.242727 54.682973 51.119912 53.254230 49.577963 47.177608 53.728609 48.783735 
51.301706 50.323078 45.454622 54.662302 49.392221 48.256456 49.464698 50.470090 52.180927 52.163088 53.198814 47.378007 52.539243 49.329078 51.408482 54.066232 47.774245 49.608925 50.502804 46.667873 47.566786 49.757586 50.407652 45.674676 48.185785 49.278340 52.363736 46.888474 51.675878 50.535131 52.015925 47.473815 49.435641 49.020483 44.712412 49.880063 49.948425 52.279513 53.364855 48.233355 48.544807 47.766443 48.742366 49.281768 55.149936 51.047155 47.399359 49.922024 43.963104 49.731668 52.527189 49.147255 54.577660 48.930286 51.117293 54.028971 49.501657 55.971042 48.801240 51.594495 47.053742 44.969239 52.477099 48.744446 50.401249 47.762286 46.723566 49.720114 45.800012 48.120857 46.697267 47.026223 47.451813 50.188514 49.276039 49.618659 50.489399 47.344813 53.846608 51.869638 51.643817 48.934176 48.747778 48.983724 48.698773 49.552964 47.613172 48.943191 49.252758 47.167218 50.239660 51.706585 48.247170 47.950196 48.143837 50.890805 44.102571 49.991656 51.063151 51.550429 49.409441 50.936557 50.598054 48.170090 52.052099 53.273958 52.491605 53.974643 46.698334 51.437720 57.132259 49.487423 49.233414 52.537327 50.617936 48.575284 51.395959 46.902812 48.543561 50.983437 51.131471 50.312084 51.327716 51.370112 51.408986 50.758350 50.224702 49.206066 46.309361 48.855408 50.623114 46.490471 49.424773 50.878065 50.762243 49.430682 52.648159 47.998747 48.339835 53.877548 51.650145 52.787782 47.672573 49.447044 49.284116 51.057065 48.989441 50.295214 52.179431 46.964746 49.923120 51.707924 52.697386 45.724772 50.006617 53.219045 50.951776 44.424000 45.779981 47.966361 49.408180 47.542810 50.004381 52.031667 49.997484 46.145444 51.018163 47.542132 51.311780 44.891006 49.784938 48.776891 49.437532 49.122966 45.844327 50.605565 50.189838 49.428465 47.753261 51.025535 48.177553 49.014340 48.428650 47.666982 49.850947 49.909476 52.903049 50.895811 50.492644 48.362616 49.995443 47.535723 49.514578 51.143102 51.355917 51.345357 47.602202 47.272053 52.650750 50.097010 
52.864449 49.193949 49.468739 56.763875 52.535701 46.766025 49.906506 53.039207 54.236911 56.789856 53.901270 48.963219 52.024269 51.008882 51.752559 55.634489 51.638250 50.138529 53.608864 47.626915 51.346051 52.281862 54.665525 49.098320 50.838013 49.643749 54.986764 51.279054 55.458787 49.962210 53.396104 52.545110 52.182931 51.306299 47.300678 53.433096 52.326280 53.751388 54.995811 52.123196 49.702394 49.653677 52.911366 51.041431 58.974722 53.786681 48.167088 52.056118 48.959168 50.701827 55.196092 50.460220 56.539543 49.876106 49.840293 56.493055 48.804760 56.356245 50.951129 54.694137 51.163196 50.760599 53.436877 53.721523 53.607121 50.217753 50.144058 52.828618 51.911262 49.811739 49.764098 49.428028 51.833447 50.545361 51.929213 51.240254 54.618338 50.783034 57.082391 54.081288 55.933463 51.079902 51.204982 51.259749 53.505374 51.160177 47.874660 54.055107 54.592078 48.472904 54.568836 51.829072 48.719151 52.921806 50.847633 54.417942 48.782508 51.489984 52.083906 54.067450 52.599772 56.028311 54.427998 52.302730 51.877096 54.501754 52.487636 55.682243 50.799322 57.721917 57.905301 53.573247 50.781237 56.323438 54.851412 52.352959 53.335370 50.703700 50.387655 54.574645 56.131797 53.069971 52.262021 50.650654 53.869387 52.830990 50.281465 50.943312 46.636603 51.772852 52.559544 50.886109 53.384308 53.512606 54.401297 53.910178 54.246480 51.949070 52.816604 55.114413 56.468722 56.544671 53.448137 51.674528 52.482809 54.035075 52.958413 53.562862 55.469627 49.126155 52.569395 50.716554 57.714507 48.947170 53.359137 54.908364 53.057062 47.408973 47.619461 55.911010 52.859964 49.820754 52.647403 51.060877 52.145826 51.539730 51.608716 47.378489 52.902970 48.963908 51.012024 54.272493 50.934880 53.056614 48.811225 48.839147 51.011405 53.209962 50.051370 52.820508 51.296106 52.893607 53.777980 49.732108 54.991440 53.510943 57.490531 55.224269 53.165632 49.846760 52.389940 50.533983 52.904800 51.047914 54.479104 54.358137 50.351934 48.791505 52.973207 53.165155 
53.646960 50.159902 46.668582 55.215684 49.592032 44.825338 49.296469 53.155962 52.556827 54.342230 50.148680 46.263535 51.326873 51.767014 53.121251 52.910937 47.121249 51.277765 50.285521 47.287508 50.224057 51.534794 54.620352 47.618382 47.976462 49.869945 51.452954 49.128290 53.916597 51.594206 52.128693 50.643524 51.624799 47.971634 47.517431 50.334365 50.392659 54.823604 52.702988 49.654969 47.219503 48.821902 51.097249 50.834280 57.050661 50.919172 48.966572 50.468321 50.345724 49.202909 50.534285 49.344329 54.890826 50.328066 48.389842 52.896441 48.347092 52.348211 49.726373 52.566331 51.263420 46.674085 53.258172 50.953674 51.947282 48.364107 47.542702 48.836262 47.591110 46.412402 48.275306 49.113007 50.127055 47.806241 49.652753 51.719384 51.804069 48.632162 55.386061 52.814910 56.699542 50.544170 49.519462 52.662906 49.530342 51.133020 47.664030 50.934159 52.419262 46.694653 52.127272 50.076077 49.723133 54.139046 49.594665 52.170536 47.848571 49.385496 51.366491 55.455935 48.332328 52.874569 51.793473 49.030715 53.090630 53.304212 53.214453 53.650227 47.079201 54.754633 56.352263 51.238609 51.056661 53.114561 51.425585 50.413080 52.648598 51.466555 52.724449 52.129020 51.426898 51.114271 51.962164 51.357518 52.089345 51.288099 49.884193 49.756586 47.454120 50.627772 50.233958 46.613058 54.388681 50.908164 50.956018 52.568424 51.514748 50.009564 51.215481 51.505788 53.589369 54.278963 49.479461 51.397489 50.831182 52.973395 51.257236 51.673359 52.729851 46.974579 50.083692 51.902861 53.175326 48.423781 51.734580 55.333637 53.248245 45.522613 47.864667 53.870484 50.392724 47.350919 50.998930 50.371653 50.290475 49.960152 49.910389 47.488151 50.909055 47.892549 50.509275 50.999562 50.706964 49.456103 48.623174 51.450692 50.361596 47.450719 50.335172 52.419721 50.978760 50.897381 52.816863 46.623074 52.433745 50.067231 53.550079 53.257418 50.363259 51.794451 50.885006 49.938965 49.888309 52.034272 53.672984 49.361661 48.917104 49.463887 51.978515 50.985760 
52.330384 48.508469 43.109429 51.686083 48.701559 46.089651 47.441113 49.912089 51.367319 52.548543 51.305980 47.240099 51.621609 47.827792 49.898559 53.732158 48.686339 49.443897 48.119232 46.284564 48.608998 51.868149 53.174779 46.596394 47.528801 49.735040 50.237679 47.428241 52.641582 49.607087 47.194009 48.786631 50.104705 46.933628 48.367633 49.744035 47.442243 49.691095 48.701005 48.629281 47.037755 46.634308 49.726475 48.707406 55.379557 51.072947 47.605494 48.844111 47.388746 48.370081 50.474909 46.376206 53.593175 50.029958 48.707213 49.427849 46.660322 52.414573 50.089517 50.737246 49.509743 46.663679 49.492499 49.675795 49.712224 47.082180 43.363318 50.419079 46.064439 45.350557 46.921294 47.498514 47.272896 47.430377 50.274508 50.086364 49.606244 46.949038 51.492208 50.656838 54.890176 49.047552 45.729480 50.332033 50.744183 46.594786 46.659826 51.364556 50.173043 46.011271 49.269904 49.537077 48.199274 48.321401 46.057830 51.689375 43.798801 48.379272 49.122252 50.319276 48.882440 51.628342 50.284090 45.750975 50.657424 52.270365 52.908725 51.451117 44.787065 53.533152 56.616671 52.350936 49.396055 50.609230 48.273394 50.796523 48.787308 50.360231 48.232945 50.495981 50.030234 49.469709 52.430364 50.554094 51.278316 51.357513 46.089049 47.414934 48.375985 48.654034 49.192534 45.344309 52.703791 48.559820 49.135249 48.165201 52.766623 49.841736 47.648204 52.159976 51.440892 53.948024 48.872981 48.891563 48.418960 50.625793 49.204867 51.823066 51.812082 47.281297 48.763127 49.661157 53.158905 47.850072 50.422947 52.788902 48.841070 44.764133 46.159815 52.983411 49.403373 47.476583 48.270193 50.783999 49.249665 47.143472 46.984092 44.755334 47.562547 47.319579 46.403060 51.198431 49.127668 50.345191 45.136255 50.300060 47.551159 48.081622 46.217230 50.687568 45.819511 48.023655 51.879917 46.758373 52.867540 50.250181 54.179276 51.046164 50.687523 50.391604 48.206153 48.109469 48.115418 51.069638 50.782770 50.532199 47.175064 47.979547 52.001012 48.185306 
52.994162 51.374551 49.664478 55.167223 51.810409 49.178658 48.439974 52.746847 52.970181 52.937556 54.810477 48.393370 52.363809 49.728533 49.205693 55.137638 50.268218 52.161976 53.166834 50.156062 51.383175 54.453172 54.364030 45.660736 51.010835 50.021997 51.715940 52.325329 53.611644 49.353538 53.402488 51.808597 53.468418 50.840768 47.218647 52.055890 51.992537 54.518491 56.117417 50.815583 51.713739 51.358041 50.819816 52.568618 57.152200 53.745727 49.722502 49.908276 49.954555 50.218699 56.099039 52.400298 56.111103 52.367146 51.165599 52.991133 48.606901 55.882784 51.018079 52.234950 49.916361 49.379654 52.105876 53.270232 49.966681 48.702932 47.579525 53.208276 50.634996 50.043250 49.979673 50.224544 50.241464 51.735349 49.598658 51.188327 52.293338 48.282857 56.266229 53.893416 57.401708 51.381577 49.691340 52.620935 48.772875 49.058671 48.320229 51.410679 56.161496 47.438101 50.706964 54.693994 49.342271 53.543832 51.078888 52.216192 47.913219 52.828353 52.318760 53.408015 50.928083 52.862930 53.152814 51.461244 53.263226 56.852527 56.037844 57.562899 47.413946 53.480312 56.674579 51.267968 52.359261 54.276510 53.555026 51.079320 51.315591 51.327172 50.428671 52.291192 55.155660 51.618890 53.899646 53.546131 52.987121 53.609279 50.898601 54.130808 50.714854 50.649187 53.509244 48.115026 53.167242 52.573059 52.307324 50.667139 53.818949 52.129582 50.282192 54.865499 53.094212 57.804022 50.701376 50.147085 51.471347 54.353105 53.077590 52.485025 56.349575 50.095376 50.759507 50.035893 54.753812 48.350526 51.410775 53.900513 50.583479 46.973102 47.914495 54.364532 52.328190 48.347454 51.500259 50.903201 50.024669 50.724764 52.127949 47.157168 52.647575 48.948185 50.047627 52.780551 50.486185 51.576515 47.303039 50.885161 51.519322 51.872638 48.439894 51.691708 48.545782 52.040794 55.128392 48.477826 55.292304 53.458541 57.296992 51.650326 51.600367 51.564779 51.452146 49.590920 49.577273 52.884787 52.485871 53.771280 50.962306 50.571808 53.772521 54.204543 
51.274419 51.564596 45.076507 53.972157 51.619596 48.781354 49.878286 52.025091 51.673070 51.328819 52.274943 48.210701 51.712761 49.037568 48.197606 55.987773 51.295530 53.491156 52.269800 47.260049 49.664097 51.919620 54.236027 46.507992 48.408784 49.157730 51.230135 49.913066 53.782571 51.602983 53.187334 51.801983 50.132596 48.735312 47.394299 50.915509 52.433089 51.212506 53.024353 48.477686 50.549704 46.753447 52.035669 47.928333 54.020751 50.701046 48.057680 50.109402 49.469429 48.574165 54.327670 49.875047 56.036567 47.629062 51.493096 52.245702 48.825731 53.808227 51.132516 51.192068 48.437190 48.222823 53.707850 47.757078 50.813600 48.035193 46.979471 52.611768 51.599475 49.416053 49.023041 48.672371 52.316813 50.304808 51.612440 48.851415 50.479852 50.417387 52.166989 51.837868 55.200873 51.598569 47.976465 52.523852 50.756803 48.936197 47.421630 52.370708 51.218742 48.403555 49.362875 53.373516 48.760631 49.517128 50.902215 50.868557 47.465033 50.014463 50.236533 53.184683 50.472328 51.101686 52.551446 50.068747 49.467263 55.183171 53.788933 54.299514 48.253100 52.698631 56.125482 52.383701 51.965329 51.596109 51.184383 48.687812 55.572342 49.462639 48.804369 50.848826 52.600173 49.882049 51.626920 51.453486 54.487797 50.879179 52.291843 48.868227 48.691824 50.422549 50.227674 48.049411 53.704912 52.277891 52.148775 50.180188 52.207263 49.228018 48.615036 53.656492 50.862209 55.342710 50.815345 51.144219 50.701934 52.398896 49.260802 49.835880 53.933378 47.814565 49.633135 53.561882 53.771528 47.440762 50.218403 52.607682 52.708130 46.736847 47.775308 52.233833 51.722437 46.685680 49.830777 54.921231 53.231769 49.044413 49.761119 46.357119 49.058600 48.789932 49.283200 50.224171 52.479045 50.360343 46.351105 53.515021 50.932763 51.951741 49.786114 52.776230 47.765874 52.731870 53.002638 47.870035 49.773636 51.007624 54.754013 52.755094 52.657258 49.731163 51.334581 47.992574 52.373549 52.083882 54.642674 50.988833 48.191037 48.167351 51.984847 50.559017 
55.204741 52.806569 47.937718 58.199537 53.195139 49.848149 52.595099 53.877722 55.614162 54.615442 55.314264 48.744067 53.794896 49.803301 52.215097 58.111333 48.789726 52.497759 53.056359 48.885618 53.925320 53.874353 54.124223 48.365259 50.534119 49.312057 51.545176 52.217583 54.144416 53.149604 55.681288 53.562203 51.720736 52.141141 48.631627 52.205513 52.295517 54.191967 56.055714 52.611089 50.731596 51.548903 53.621155 50.757645 57.722093 52.250025 50.853217 53.133367 46.746630 51.980022 57.145198 51.589351 57.050566 52.875983 50.813948 56.840414 50.861701 56.118721 54.354219 53.003538 51.152932 48.540383 53.186951 53.836772 55.689100 50.373845 49.345652 52.657912 48.507351 48.707131 48.834382 50.514999 51.157280 52.318404 52.158916 51.747812 52.307152 48.403209 56.038700 53.822192 56.131236 52.821996 50.864946 50.982387 53.670743 51.692608 50.299731 53.747006 54.003196 50.126747 52.821085 54.038980 49.874954 52.588538 49.469267 53.325590 50.022647 51.907391 52.599769 56.009819 50.300939 56.321369 54.644240 51.344406 51.707086 56.316330 54.696279 55.705909 47.203652 55.983120 58.343425 51.378001 55.143819 55.060440 53.118593 51.009703 54.303696 53.110370 50.797223 51.546124 53.254828 52.021626 54.832885 55.107381 54.397837 52.339143 49.553363 51.914639 48.215147 51.377668 54.432634 48.379738 51.965297 55.100129 52.209055 52.865859 54.853202 54.011080 51.682654 54.012278 55.857401 57.303627 49.846031 51.702500 53.066993 53.454222 51.480634 53.671543 55.571306 49.172503 51.210819 52.341156 56.948275 50.965678 52.749738 56.787009 55.588215 49.587218 50.006502 53.096708 54.292788 46.947464 53.420914 53.135645 53.058646 50.353233 54.074133 47.696056 52.405271 48.644527 51.311118 52.614511 51.492867 51.851859 49.044543 50.700910 54.029169 50.498450 49.753666 53.321010 49.700771 54.835071 55.421146 47.348191 55.289447 53.295284 55.193278 53.081143 53.941567 51.771095 51.385712 50.390204 51.697549 53.671964 56.500587 53.171786 49.694622 51.223190 53.939014 52.190205 
50.488783 47.536807 44.531389 50.935762 49.020770 44.465883 47.555794 48.427608 50.086830 50.172263 48.695728 45.200838 50.718866 49.616908 46.499258 51.977593 45.187477 47.853125 48.170634 46.552315 46.772947 51.561761 50.733939 44.595552 48.130160 44.579884 49.837042 49.064461 51.750732 48.602165 48.339728 47.692101 49.372487 46.437187 43.022494 49.915498 47.968413 49.390399 51.503936 49.541089 46.061525 45.850172 49.818655 47.637872 54.652334 49.948914 47.739330 47.118280 46.135737 46.430169 49.040574 46.327604 52.229862 47.702464 49.137826 50.115645 46.800218 54.058179 46.652536 48.944225 47.653188 46.312339 49.472294 46.006309 49.751882 46.003766 43.365702 46.525020 47.356118 45.020119 45.038347 45.845961 44.768354 48.192233 45.540045 48.699022 49.036244 47.574160 50.155108 51.155740 52.836132 49.019504 48.905570 48.019741 49.113786 48.797986 46.984926 47.685760 48.507954 44.973992 50.109449 48.684972 48.151321 48.948254 46.213913 50.068095 45.628416 44.626522 46.333374 50.105500 47.133079 51.671611 49.703661 47.474256 49.001135 49.990874 49.252477 50.575481 43.972257 52.581013 54.861907 46.543196 50.148384 52.742847 47.595493 47.948386 49.563721 47.193088 47.614122 49.505699 48.670641 49.158817 48.634536 47.560452 51.646411 47.362678 48.113184 46.070610 44.940847 46.407126 49.143003 43.534115 51.272702 48.948136 49.470995 49.118835 49.527551 47.399035 47.324846 48.552804 50.328595 51.284850 49.081656 46.762402 47.555129 47.756044 45.621158 49.743940 49.708571 44.601241 47.646326 49.115298 51.777732 45.691103 49.479747 53.993475 50.359614 44.229852 44.863377 49.163485 46.850548 45.630360 47.248412 50.424475 47.520397 47.638039 47.821318 45.591129 47.115981 46.241947 49.069422 49.354132 47.876228 47.332878 44.703269 46.686950 47.605445 48.787949 45.173469 49.112060 45.661517 49.068640 48.445295 45.077152 50.536432 48.727642 48.490857 48.495282 49.121127 48.381908 48.288140 46.143020 45.608463 48.356026 51.060533 49.873771 47.891476 47.812993 50.424474 49.510934 
51.397686 51.844170 47.830519 56.702495 52.443190 48.860053 50.453521 53.867627 53.840563 52.448050 52.655505 47.370043 52.794900 50.113742 49.578201 58.460374 50.835941 53.535593 52.108186 48.888454 50.465895 52.669075 54.867647 46.067141 51.552104 50.687937 51.365352 50.938094 53.502803 49.472367 54.351387 51.069089 50.551984 51.599631 44.401248 51.239264 52.086990 52.357187 54.304648 50.718442 50.134306 49.835663 51.232770 50.007909 59.011420 54.538861 50.649344 51.817035 48.000664 48.620111 53.945270 51.896528 55.927969 49.749196 52.259138 56.085925 50.552784 57.267034 53.350957 51.153634 49.643331 47.760180 55.820901 52.051727 51.677013 50.336971 50.633937 51.112816 50.106717 49.245307 46.920345 48.943034 49.022232 53.312228 51.606045 51.682219 55.785910 50.733124 56.195079 52.268300 54.748741 52.700929 49.727900 48.171304 51.477550 49.640408 48.042141 53.022544 52.976928 47.834163 52.170214 52.482201 48.711868 49.709312 51.825498 53.492747 48.400981 52.500457 52.154628 54.262095 49.060883 51.932424 52.782895 51.853907 50.641154 56.629154 53.843971 56.218866 49.592773 52.142020 57.897312 51.300359 51.955724 55.997562 51.951395 50.691891 53.106354 48.705033 50.496417 51.472483 53.634658 52.015183 52.377490 51.537634 54.157940 52.036021 52.560297 50.464526 48.953427 51.203376 51.332966 48.046574 51.278554 56.030809 52.058943 51.207229 54.402395 50.244706 50.987415 53.995656 53.869565 55.667513 51.055525 51.980408 50.839395 53.336573 49.130199 51.592259 55.234160 49.522324 51.927144 51.737309 54.276834 49.187600 50.099153 52.768733 52.909376 48.432914 48.286547 51.630846 51.613023 46.396327 50.590642 52.719301 51.159433 49.736527 52.255961 48.493239 48.689029 48.810486 50.129804 51.531706 50.531398 52.414288 47.878544 53.269849 52.051982 50.694473 47.816960 53.010463 50.786612 52.383836 54.001083 48.706373 53.226326 49.582509 56.407358 53.697749 52.647037 50.747620 51.309104 51.216938 51.626780 54.158384 55.118298 53.113069 50.472831 52.604148 53.896287 53.127215 
52.812932 49.166388 44.503326 52.743533 49.184298 47.935768 48.730042 51.017426 52.882465 55.007102 50.811813 49.176958 52.845142 46.000004 50.215875 56.163350 51.650464 50.517339 53.063281 48.411515 49.818275 49.517053 52.441881 46.621393 48.531031 50.846147 51.688977 49.084548 52.701543 49.935748 52.285925 49.126280 50.843619 49.040201 46.635148 51.923709 48.308873 53.821615 52.869189 50.847426 49.920680 48.780133 50.566292 49.058464 58.011280 51.823567 47.621651 49.688204 46.952402 48.955640 53.432465 47.017113 54.398958 49.852707 50.539503 52.753310 46.978044 55.113787 50.910934 52.337677 50.850631 49.380467 53.407051 49.920293 52.497435 46.843267 48.093152 50.605900 47.935340 49.667263 47.569803 48.787079 48.009459 49.426296 52.202818 51.389954 53.072519 47.523713 53.677030 52.820238 53.546561 49.431671 49.598926 48.048206 49.974922 49.366871 48.953091 51.762849 51.143658 47.856643 52.165139 53.283246 48.648871 52.178409 49.281809 51.830508 47.944933 49.512706 53.570193 52.056119 48.952933 53.307144 53.959738 50.125557 50.058569 53.894881 55.044682 55.552189 47.373782 54.412401 57.220090 53.867607 50.181240 52.170817 48.953239 49.805752 51.232059 49.106413 49.814011 52.478161 52.391082 50.520685 54.120027 51.101789 51.983674 52.023509 49.724762 49.517813 48.044674 49.729611 49.938456 47.241129 51.064483 51.736721 51.664345 51.712484 52.759570 46.834269 49.270622 54.418464 52.472539 55.335059 51.520339 49.019412 49.564728 52.200318 48.551091 51.700465 54.303305 47.785143 50.521567 49.362843 55.743019 48.440056 51.246125 52.291289 50.575980 46.313748 47.122495 51.033233 51.295467 49.467000 50.188125 53.523183 50.335145 48.210423 50.765189 46.438198 49.452024 48.149208 48.858883 51.566740 48.069316 47.082502 45.197300 49.721618 51.067829 48.807430 47.743111 49.402804 47.453561 51.190210 52.376878 46.279162 54.025368 49.897851 55.264431 50.959163 52.761430 48.683880 52.046705 47.902682 48.910719 50.085863 52.600067 51.826932 48.417822 49.739817 53.893979 49.479804 
47.086769 46.601098 40.534422 49.064594 45.674081 42.212528 43.547364 46.483732 46.708265 47.215195 46.965091 42.215448 46.407893 44.456131 44.508667 50.345908 44.249909 49.044494 47.169795 43.187636 43.477596 45.914764 47.970193 42.380977 43.669202 44.799454 45.381289 46.973716 50.364081 47.450366 46.905883 45.945936 44.487374 46.158106 41.745338 45.743652 45.431524 47.630558 45.131519 44.475489 44.184266 42.912404 46.343934 42.645869 52.091420 45.844646 44.430137 45.799366 42.279162 46.705245 48.681092 44.313172 49.737526 45.914058 45.912028 47.698294 43.912281 49.953957 48.742128 47.417500 45.735942 42.408179 47.187921 45.403461 49.038727 43.773106 41.902667 46.147757 43.391928 41.075369 42.268532 42.988285 42.947820 44.403482 45.187029 46.540625 45.151103 42.531358 49.156924 46.979138 49.486009 48.224059 44.571238 44.015810 46.533354 46.840217 43.206126 45.841858 44.145270 44.504328 48.077246 48.435457 46.452191 45.989513 45.057478 46.742130 44.698966 45.746002 44.604512 50.465358 44.237708 48.536536 46.776416 46.018300 47.467189 46.838802 46.122201 48.813737 43.104066 48.766990 51.626430 45.289037 45.698316 48.378031 45.128959 44.378169 47.750226 47.094939 45.113443 44.825951 46.931577 47.889053 46.814224 45.704853 49.821860 46.172891 45.072932 44.680535 43.992026 43.439452 49.456050 40.876986 47.704531 47.418898 46.918224 46.512636 48.263030 47.699199 45.246694 47.902306 46.840312 50.005292 44.769015 46.301059 43.973057 47.486368 45.958170 46.331234 49.240928 42.379288 45.628532 49.343615 48.951493 42.378226 46.211557 47.985031 46.750894 42.029209 44.089618 48.699735 46.803904 43.313181 46.704076 49.257078 45.568192 44.206665 44.925033 41.094086 46.537663 43.631277 45.141702 44.283954 44.555486 44.342938 42.727829 44.491572 47.723997 43.273258 43.912335 46.604462 44.441706 46.630861 46.546527 41.262855 46.290334 45.675285 47.685417 45.940377 46.701285 44.632294 44.356068 44.329043 45.088216 47.262488 47.944805 46.250443 43.072251 42.860622 48.922837 44.973491 
48.694124 48.030946 43.259055 51.268893 48.309945 44.465161 48.799380 47.768042 52.019264 49.928799 49.153966 44.288175 49.537455 44.881331 49.093121 51.004675 46.183379 48.386332 46.029899 45.706978 45.186593 47.203571 48.824098 45.722206 46.606163 49.966355 48.031053 46.453180 48.986115 49.191877 50.180828 44.974924 46.866359 47.723464 44.858729 46.600713 47.587416 50.451251 48.723697 47.683865 45.816514 46.803262 48.277961 46.210471 53.249846 46.096831 45.692209 47.822293 42.281427 47.916449 50.859612 47.469192 51.403343 45.706085 45.507631 50.023768 48.925900 51.690440 46.687771 49.586873 47.714875 44.699592 48.033916 47.760061 51.406422 44.257070 44.271111 46.201910 46.101015 46.183802 44.779553 45.892935 46.737666 46.697690 47.446901 49.023716 48.661803 45.282616 48.645872 48.996658 51.030284 46.538047 45.829868 48.949662 48.761141 46.541211 47.703984 50.130047 48.001492 47.079246 47.091958 49.783038 45.612090 48.646744 47.652716 49.623523 46.316422 47.845453 46.102226 50.882694 46.428383 51.782614 48.588425 44.534357 46.982241 49.669678 48.434901 50.692652 44.163202 52.810764 54.142554 50.704464 47.783067 50.171839 49.138312 47.695575 48.218863 48.525684 45.770523 49.059562 49.254223 45.410239 47.553488 49.056355 50.199914 47.522087 46.589904 45.807844 45.479608 46.948733 49.173838 44.812618 49.059367 48.510706 47.778394 49.495330 50.982333 47.577579 45.084747 49.436472 49.795219 50.139555 45.950603 47.045700 47.273127 49.748221 47.795015 47.263173 51.110734 45.606909 46.371706 47.772364 49.885334 44.477340 47.981953 50.662027 50.169082 44.364915 43.536388 49.913039 49.466789 45.243338 46.405854 51.964352 48.433385 48.303094 46.663923 42.740204 48.922430 43.092249 46.455119 49.315359 48.124348 46.302415 43.541390 46.705389 48.422382 46.269622 45.912851 48.167501 46.145232 47.315332 50.041343 42.810696 50.561873 45.283870 48.329033 50.413156 52.528741 46.306852 48.801968 44.810049 45.108756 47.913864 51.243210 46.818549 45.142714 44.809871 49.073659 47.035565 
47.258133 47.080893 40.127146 49.611729 45.479060 42.392322 44.513758 46.947569 45.423887 47.555259 46.868993 42.294694 45.541112 45.113133 44.675908 48.024974 46.794252 46.510062 47.574472 41.989144 45.407999 44.629882 47.981770 42.287764 42.993839 45.457750 45.069141 44.330279 47.495756 44.089335 46.577249 45.109634 46.160190 44.571648 40.201789 45.478588 47.107913 47.748172 46.925513 43.961426 42.400006 43.285426 45.433576 44.407347 51.140287 44.824162 42.930451 45.459965 43.460355 45.731074 49.808545 43.533673 46.794625 42.985159 45.787956 48.772294 44.354046 49.715235 44.646364 46.969126 45.315387 43.119716 45.050271 43.922343 47.406740 43.072567 43.834198 44.720610 45.603914 43.134969 42.303684 44.205596 45.624696 45.637682 45.156953 45.275809 43.640501 42.878778 47.944287 47.858497 47.771729 47.038476 44.900233 43.601865 43.393098 44.842956 44.171713 45.905424 46.477143 43.798665 45.436930 47.941742 45.466338 45.396384 44.892133 45.904512 41.090599 45.401064 45.585766 48.480232 45.443173 48.514019 47.170342 44.724670 43.439611 47.732004 48.393420 50.416815 40.976316 46.272588 51.251852 45.556133 45.114764 48.552405 46.374540 44.883701 48.517056 45.406927 45.437412 46.624691 46.767295 45.592433 45.752919 46.502764 46.191768 47.446992 45.750114 42.596865 42.888720 44.316538 46.395046 41.013116 45.464196 43.984367 47.337222 46.185040 46.817730 45.589675 44.658742 47.336510 45.364208 50.571022 42.568909 46.560227 45.639220 45.715231 44.050540 44.086171 48.073876 42.665329 48.314105 48.811858 47.619033 42.412642 45.166814 47.481787 46.059187 42.550316 41.436888 47.191315 45.199375 43.796137 44.700068 49.138387 44.972901 41.926669 44.790811 43.848039 46.825272 43.875361 43.067857 46.587138 43.400364 45.094668 42.671285 45.700484 48.539914 44.651881 45.772109 45.911457 42.584871 47.425508 47.663300 41.516352 47.366145 45.086672 49.483140 45.090435 46.288185 44.862789 45.002049 43.860882 45.372447 44.432898 48.458046 43.782257 42.549938 42.393382 46.874732 46.840851 
52.122213 51.590033 46.602416 53.670315 51.090796 48.477584 48.087138 49.808639 50.272888 53.928246 51.347533 46.903677 51.051629 47.667977 49.245051 55.022346 48.398763 51.677650 49.346689 49.406442 51.598400 52.500932 53.195712 48.215477 50.536890 48.419332 51.791834 49.473745 53.116880 49.763879 50.933660 48.440486 52.043875 49.225229 47.063667 50.240062 49.585247 52.910825 51.649527 50.189115 47.834136 48.091122 50.016001 49.747362 58.079846 51.924748 50.895869 50.382850 46.829189 51.334141 53.849444 49.496442 54.380263 49.340582 49.231037 52.118649 47.263747 56.084454 51.819620 54.176262 49.193393 47.321548 51.969653 48.713889 48.580741 47.488135 47.095445 49.837671 48.642364 47.529592 48.718691 47.131448 49.042594 50.141370 46.859625 51.387485 49.507832 48.669491 53.278510 52.046222 54.242555 50.207726 49.445876 48.794982 53.058299 50.363047 48.322305 50.349416 51.862702 48.305798 48.313230 53.434008 48.936070 51.640177 49.091403 51.600973 46.943020 52.734613 51.317439 51.944354 50.073385 54.682702 51.519064 52.058951 51.054686 53.583364 51.181193 54.107394 50.100739 53.015745 54.478507 50.729856 51.454483 53.259934 52.168455 48.800655 52.348460 50.540225 48.788482 49.767279 51.007866 49.447887 53.309046 50.027475 51.637890 52.591709 50.808148 49.511806 48.159099 48.318303 51.777904 47.504292 51.574051 52.664423 53.334013 53.298679 52.612538 50.226613 48.634354 53.346225 48.967803 57.014022 51.935017 50.989019 50.169996 53.395043 48.581400 51.643403 53.303247 47.300833 50.213390 50.295533 55.153983 47.781339 51.592577 53.160312 51.658328 47.949896 45.971931 52.638214 50.355609 47.776067 50.463521 54.604795 51.743664 46.072676 50.174054 45.940269 50.684817 48.572909 49.844673 52.922418 48.128639 49.160407 45.149205 52.461201 49.783326 49.483307 49.394906 50.030524 46.843397 52.293300 53.202179 48.314301 55.089131 52.349997 53.905093 49.994521 50.864580 48.987558 50.032087 48.908716 50.003289 54.073788 54.630713 51.150680 49.445986 48.594649 53.864458 52.531033 
51.647365 51.673362 46.447221 54.977359 51.971998 50.524416 50.860596 52.973158 52.566658 53.090641 53.709739 48.048995 51.973520 47.673240 51.214946 54.523354 50.553394 52.687436 53.914112 44.821327 49.198963 53.349730 53.221974 47.043547 49.058300 50.417960 51.363430 50.549459 54.210194 50.791558 52.124184 51.423797 49.478802 48.691465 46.313579 50.055207 51.091465 54.078965 52.800853 51.029196 48.969751 48.610921 52.591453 48.830120 60.368443 52.160563 47.774209 53.184334 47.155368 48.640224 52.855882 49.446161 56.447448 49.351172 50.385047 52.874688 47.877042 55.781407 51.248141 51.159586 48.909643 48.069502 51.882627 49.844019 52.278181 47.786428 50.162884 50.717872 47.892754 49.332039 48.097014 50.087710 50.985168 49.489542 50.632433 51.685719 53.017156 48.941003 51.804689 54.828031 56.851574 52.346246 49.048785 51.185518 50.238910 49.507860 47.369774 52.433125 51.876189 46.292218 50.623241 54.321275 50.690661 52.568258 51.034492 52.050000 45.994164 51.107756 49.398134 54.767527 49.112696 52.835873 51.168512 49.735832 52.886206 53.749799 52.036532 55.433380 47.867950 54.436278 56.494471 53.492938 50.564495 54.754173 50.838865 50.271767 52.374820 51.788781 48.769563 50.518174 51.638306 51.174035 53.351107 52.678667 54.085609 51.178931 50.022691 50.630331 46.871863 49.517730 51.198450 47.396992 51.028288 52.286746 52.746818 51.992749 52.637670 49.867780 49.394997 56.934229 51.194300 55.709487 51.372422 50.476166 50.859134 55.172051 50.080255 52.297295 54.671278 48.097057 52.682556 50.876607 55.044455 47.798881 53.173813 54.035310 52.702627 47.282342 45.877148 54.692477 53.385859 49.391379 50.423804 51.868433 51.665592 50.191938 53.476901 44.219785 51.570851 47.924785 49.036840 53.801116 49.701127 51.180323 46.804126 53.422840 50.683467 48.846434 47.428070 50.615765 50.402314 52.537955 54.389671 47.099534 53.562230 50.697436 52.706256 53.392199 52.225761 49.495358 50.538965 48.589119 50.057110 52.674084 55.134136 52.920726 48.861012 48.274139 53.159889 50.066902 
56.590820 51.793097 47.781883 56.270124 54.366159 48.862227 50.869961 51.432469 54.059517 55.440827 51.727523 50.656985 52.837910 50.881506 50.876702 58.362173 48.742784 53.195305 52.701710 49.489148 49.954193 54.035261 55.089008 48.543078 51.711170 51.570540 54.283277 50.219822 53.638225 51.586747 52.667613 51.691333 49.912564 51.537762 47.728166 53.781327 50.462586 53.571651 54.421493 52.195565 50.617425 49.160945 52.899518 51.424678 58.668245 54.323668 50.010392 52.327806 49.530133 48.172770 55.371962 51.523813 56.382827 53.523859 50.111112 54.387278 51.552878 57.870801 52.127990 54.660986 49.970739 48.591522 52.294137 51.482044 51.574035 49.822201 48.627618 53.658419 50.138932 49.985737 50.801060 49.047750 53.134156 53.951192 52.175360 51.444083 52.537631 50.156424 54.219967 54.172495 54.366799 52.205400 49.969219 52.820074 53.041995 50.168104 49.926960 53.603262 54.234309 48.098067 50.107744 55.536810 51.633550 54.231777 51.843930 51.999895 46.671182 52.764781 50.205974 54.970411 52.195302 54.209708 53.435135 51.595987 54.508409 56.421077 54.269917 53.967053 45.446641 57.171438 57.549255 51.063036 51.850430 54.137002 53.763444 51.383995 53.226981 53.083313 51.512013 53.660584 53.927940 51.183821 53.974402 52.467710 53.908959 51.776855 50.653156 51.881413 49.598078 50.076229 55.378036 48.861044 51.945519 55.225449 51.541071 54.743613 55.181830 52.547143 50.563647 54.373574 54.447114 57.070887 50.847289 51.047249 52.901481 53.760671 50.966256 53.607488 56.065602 50.562596 52.678531 53.145503 54.382507 48.915360 52.717122 54.317381 54.031463 45.747622 47.968943 53.287678 52.364654 49.064522 52.722627 54.263488 50.796549 51.507802 52.882181 47.897784 52.476701 49.837646 49.602595 52.547675 49.369033 51.474998 49.725812 53.102433 52.085327 51.306012 49.151206 55.063007 48.074441 52.482765 52.594112 48.997798 55.408792 51.783454 56.360731 53.821604 51.984484 51.748066 50.396913 48.242997 53.401350 52.505897 55.014784 54.937477 49.023544 51.411749 53.096422 52.085347 
53.574095 51.943337 46.524433 54.609081 50.327330 47.090110 48.153777 50.754716 53.384606 53.265904 54.106964 48.332818 52.013253 50.184720 51.063962 54.075595 50.263182 52.147218 50.510841 48.414937 50.036453 52.461063 53.233986 49.486593 49.181006 47.435854 53.475952 53.090786 52.738758 51.408061 53.179490 49.260931 51.738857 50.178005 44.833120 51.504946 53.916762 51.442882 53.160846 50.576798 50.220377 46.579753 50.798881 49.449706 59.090135 53.461574 50.581520 50.852254 47.070025 51.138661 53.637377 49.274388 54.642561 50.069539 50.813466 53.144420 49.572381 53.578090 51.246006 52.090364 50.470706 49.408012 52.249329 50.175024 52.126022 48.268124 47.688393 50.194530 50.960476 46.911227 49.854429 47.141632 49.634929 48.279138 49.298458 52.724503 49.912228 47.478129 54.398139 54.509666 55.110964 51.376081 51.258776 51.968315 52.217977 52.156425 50.007637 51.043960 51.696793 48.690253 51.662548 54.172039 48.164230 49.804122 49.639527 52.191500 48.083714 49.089323 52.399814 52.674840 48.926736 54.044142 51.102826 50.708908 52.127839 55.272089 52.263974 54.592934 47.981691 53.118752 57.455483 50.469786 54.614256 54.793352 53.422627 50.736593 50.962748 48.645414 51.542365 51.098226 51.220215 51.469403 52.427443 51.048961 53.159982 50.052389 52.771165 50.078832 47.789048 47.424575 55.691884 46.668799 53.341787 50.702419 52.678371 52.444085 54.416739 51.196738 49.492071 52.761473 52.045617 56.629165 52.025741 50.674899 51.187562 54.804626 49.903403 52.020095 54.204413 48.728201 49.817070 52.401077 55.702163 47.212120 52.488027 53.657659 52.404093 46.719707 46.408877 52.573247 49.753792 47.643669 49.487133 54.128946 51.371143 48.720522 53.442078 48.036076 51.936014 45.758671 48.846419 51.438654 48.870910 50.321911 48.476724 51.506077 50.607914 49.933647 50.091629 51.358217 49.339291 52.847269 54.908301 47.454726 52.606399 50.830219 54.932981 52.271064 49.382470 51.500644 48.800157 47.506514 50.062061 51.963356 53.057302 54.030035 49.496738 48.209513 51.501444 51.409712 
51.462135 51.778252 48.293994 58.049185 53.201375 47.834951 51.259136 51.178730 52.718786 54.949288 53.418057 48.001847 55.532133 49.446527 50.797199 58.620607 52.228951 51.761762 53.228970 49.344653 50.750701 52.145677 55.656591 46.196969 50.219880 48.309058 52.388777 51.040369 54.705796 52.747095 53.753473 51.353992 53.167307 50.385557 49.489144 52.703162 52.628753 55.282689 52.431653 51.890870 48.884114 50.644006 53.922060 50.149826 60.059461 53.411996 50.824465 52.298504 49.842586 50.126083 54.508524 51.741229 55.427828 52.448135 51.293624 55.710860 49.635022 54.610781 53.738730 54.769863 50.229438 50.739904 52.654843 52.770299 53.631615 49.900865 49.662977 51.789646 51.682262 49.653035 48.166670 50.910577 50.373711 52.557910 52.563078 52.389379 51.383131 51.631096 54.844577 54.295324 57.978091 52.574739 52.140911 50.612532 51.247640 50.773871 49.538328 53.231155 55.012457 47.670859 53.626692 55.944918 51.066699 50.986635 49.936347 51.612405 48.603143 50.758160 51.935090 55.676430 52.422349 54.136031 53.747894 50.404699 48.519480 56.602035 53.399794 55.288775 49.137902 55.902220 58.821398 50.400506 52.063639 54.338557 51.891317 50.580106 54.394886 51.758954 52.687613 52.514742 52.179359 51.821582 55.654701 52.087198 54.125439 52.491864 52.471290 50.677128 52.197357 50.810673 53.127223 49.098922 51.616109 56.255102 51.782711 54.000053 55.433718 53.952626 51.337495 54.827592 55.105908 57.347202 51.608840 51.129438 50.999463 51.186169 50.557382 52.568010 55.995882 50.392911 50.638795 53.965254 54.749971 47.916104 50.551310 54.876647 53.470262 48.283821 47.588060 54.090369 52.102995 48.681960 51.255783 52.908350 51.660262 51.287192 50.977255 46.492763 51.318394 46.273699 48.597286 53.876121 51.111820 51.182679 47.514229 50.359097 49.707899 51.052481 51.221007 53.448705 49.793512 50.671102 52.727333 48.267433 54.200001 54.358230 56.248964 52.906796 51.405848 51.685604 49.552495 49.552722 50.284628 55.064122 54.694552 53.275405 50.523757 51.435432 53.592520 50.531416 
54.605051 53.524113 48.992640 55.015302 52.623987 50.750318 51.012657 52.063538 54.772583 52.081761 50.691089 48.669918 53.425224 50.543323 52.379903 57.300136 49.905521 53.394391 54.130969 47.237609 51.227408 54.303285 56.472033 49.968385 52.741345 49.252550 52.359837 52.466600 52.939023 50.991035 55.114169 51.546043 51.690748 50.788861 46.061486 52.282465 50.213440 55.066897 56.100003 52.686318 51.906036 51.825444 52.241452 51.001627 57.733636 53.142821 48.730969 51.428282 49.461959 49.201132 53.558517 50.504823 55.459403 51.321663 51.769109 54.554996 50.757642 55.014314 51.032675 52.474847 52.511379 49.797219 54.190175 50.534961 53.179779 50.715125 49.720630 53.384310 50.121910 51.265421 49.567477 49.054248 50.580206 52.584593 49.279799 51.980336 54.260696 47.501565 55.699240 53.486106 57.540828 53.740126 50.871685 52.020021 51.928111 50.161492 49.371097 50.757303 51.563616 47.158112 51.146198 53.933736 49.432078 51.135716 50.510093 53.288700 48.657698 51.577105 51.560082 54.065033 50.829964 53.824694 56.351274 52.492179 52.427822 57.269028 52.798304 54.059969 46.631493 57.056087 57.544790 55.117809 51.746802 55.357113 52.116531 51.239630 53.779372 53.723985 50.051460 53.021893 52.873983 53.143405 53.914137 51.383265 54.517547 51.534369 50.839864 50.407531 50.205722 51.255632 52.259971 49.026060 54.342216 54.826859 52.035981 53.574875 54.859856 51.028136 50.536395 55.752057 54.686622 55.093311 53.112245 52.112880 53.988364 52.216547 49.906594 53.282021 56.418733 48.357856 50.706491 53.011695 55.958321 48.395966 52.286048 53.312996 53.688584 48.348169 49.696396 52.254483 50.965358 47.286511 48.272910 53.893395 51.529984 50.517329 52.262537 47.498497 52.228880 48.168095 49.726866 51.964119 50.346809 52.151006 47.708104 50.866211 51.729260 50.865297 48.837112 54.097567 51.107145 51.793257 54.470221 47.522257 55.766742 51.545075 55.018452 52.088061 53.240264 51.425247 50.844642 48.709912 50.982981 50.702466 55.252099 53.656064 48.934045 51.361270 53.751699 51.084617 
51.916212 51.082515 47.821645 55.158662 49.628461 49.796146 50.831609 51.887481 51.088634 53.209309 54.554095 47.521366 51.745328 48.892176 51.982668 58.165833 50.912499 53.500751 56.181884 47.170040 52.017747 50.973040 54.200916 50.879115 52.643756 49.304351 52.046829 52.151621 53.757868 52.083779 52.969602 49.876890 51.519082 51.888054 47.578040 51.481494 53.165342 53.133587 54.503996 53.463132 47.906795 49.070488 51.543274 51.324933 58.681017 53.876161 49.550939 51.623637 49.261609 50.560335 54.358607 50.735792 58.305796 54.568415 50.930487 55.595362 50.848696 57.032759 52.510059 55.037272 49.444909 49.466011 54.213732 55.051871 53.288243 47.105910 47.560333 51.095295 50.879126 48.021639 46.993774 49.677945 52.257700 52.039540 51.077207 53.629525 51.666009 47.702565 53.973449 53.222961 55.254042 53.361379 47.654543 51.343802 51.423690 49.630151 47.545016 53.364343 51.426378 47.720937 51.137340 54.551160 51.421455 52.646989 50.535717 51.848826 48.110885 51.676863 50.627845 54.578536 50.867409 54.066913 52.111476 52.634804 50.560307 54.970762 54.557993 52.236799 47.387130 55.880820 55.746599 54.044515 52.730436 55.029447 52.000287 49.078799 54.754170 53.755238 52.003808 53.760239 53.375213 50.567091 54.438277 51.139532 54.797668 51.040785 51.673086 50.918448 48.716350 50.970182 53.286028 48.510550 54.651104 52.087008 53.338570 53.827741 54.411546 51.233556 53.092381 56.044976 53.611234 55.630558 51.584950 51.925115 53.201717 52.936441 48.620316 54.201676 56.272409 49.624794 50.902913 53.659888 55.601717 48.644429 51.726694 57.318263 54.392003 48.442491 47.698012 51.819302 53.806935 49.140411 51.869224 54.252739 53.009982 49.777937 52.856839 48.353998 52.235421 50.017329 49.863556 53.138093 49.949138 51.046713 48.398717 52.665467 51.978967 50.111850 49.016158 54.561631 48.654828 52.063854 52.294003 46.958827 56.116291 50.992727 57.214010 52.601844 50.956724 49.973130 50.674258 49.897136 47.896069 51.542297 55.383201 52.197561 48.576387 51.298553 54.406411 52.658603 
48.404484 47.889223 42.052674 52.280845 48.641174 43.219049 44.438620 47.926616 47.132813 49.669087 46.605425 43.255712 46.721684 44.108953 46.724903 50.807544 44.870329 45.296718 47.230851 43.450960 47.390967 47.681711 49.551584 43.495158 44.509031 43.717003 46.591373 46.104891 49.144186 46.658547 47.268473 43.869290 47.757705 46.077356 42.630239 45.799688 46.945262 50.622821 49.791629 45.514240 45.692052 44.463033 47.349385 46.701588 52.758385 47.914560 45.462301 47.292836 44.689169 45.376882 52.414193 46.531405 48.589412 47.966394 46.014572 50.263479 44.218239 49.916120 49.072387 48.069057 46.004031 43.322880 47.943675 46.175533 46.766965 45.975262 42.224130 47.411790 44.265823 45.612125 44.209737 47.196188 45.250385 46.292015 46.236370 47.016437 47.629036 44.099015 48.671975 48.460157 49.913832 44.181823 44.164010 46.022535 46.962011 45.086421 45.817255 46.559121 49.174410 43.307319 44.720700 50.742141 44.758204 46.825886 46.302891 48.251439 43.562421 47.122403 45.429464 49.317594 43.044743 49.245885 48.066320 45.063176 46.343012 48.886779 48.680203 50.121206 44.718251 48.897319 51.030916 46.273723 47.200263 49.614849 48.103021 45.330019 46.618202 45.776075 46.796297 45.875963 47.631782 45.232090 47.026757 45.920403 47.224089 46.174835 45.788440 45.309503 44.914931 46.569357 46.215879 43.382313 46.825309 47.361529 47.763899 48.228999 47.643727 47.119700 47.396442 48.237878 46.820354 52.520454 45.210048 47.436213 48.492958 48.398627 44.077105 47.204923 50.744214 42.400312 46.945653 47.126950 49.587265 43.920571 46.447759 50.143250 48.921589 42.283250 41.253840 47.054149 47.321690 44.413265 47.770904 50.413430 47.293656 44.847743 45.228700 42.498761 45.908175 44.773119 42.805169 47.834801 44.051905 44.929394 42.964597 47.451043 44.677768 45.864350 45.880127 49.221418 44.006633 48.471061 48.414711 45.075983 49.246628 47.190748 50.154044 45.196398 44.867318 44.213439 47.245664 45.531756 46.040872 47.805159 48.284155 46.034370 45.656562 45.765421 48.084450 46.667778 
49.524642 48.793238 42.453973 51.923736 49.265430 44.620599 47.399736 47.903817 49.997143 51.115985 49.246757 44.406132 49.311335 46.213016 46.974433 52.089848 48.324188 50.717387 48.578599 44.574078 44.973520 50.114447 52.126434 44.231279 47.380227 47.663914 48.240393 49.033866 51.139530 50.269818 46.726784 48.244579 45.480807 45.787222 43.586831 47.334862 49.438723 48.773936 52.164801 48.127067 44.504648 46.642184 50.476610 46.584322 55.658052 50.689432 45.925169 49.015193 43.525643 48.003774 51.425725 45.961885 52.986249 49.452692 49.225152 50.916674 47.548849 51.207141 49.668421 49.004937 46.071267 45.433121 49.309803 46.991086 47.519702 45.287629 46.241661 48.849893 47.086928 45.137186 44.631100 47.655522 45.173922 47.602103 46.095276 48.511579 49.049765 46.643274 51.595718 50.829910 51.877035 48.637050 47.567282 47.553292 48.360424 47.413601 47.392256 48.025827 51.241942 44.617658 46.582088 51.684818 45.872350 50.011250 48.461607 49.361839 46.231565 47.667128 45.671363 52.087966 46.314120 50.591194 48.399580 47.350158 47.894567 53.743681 47.903027 50.765552 44.881945 53.120285 54.376839 49.447155 50.493109 53.029217 49.098232 46.085580 49.512964 47.216318 49.690268 49.922750 48.166019 48.626951 50.806427 49.531654 49.328553 46.107679 50.876596 46.966654 47.144499 45.879795 49.360801 43.101513 48.603338 50.287744 48.803770 49.824465 47.383505 48.031732 46.465093 50.212697 50.073490 56.022410 49.221363 46.544427 49.429272 49.780639 47.384105 49.453825 50.700427 46.110988 47.994770 49.388450 51.366767 47.102845 51.024787 49.287501 50.471337 43.191608 43.005176 50.007286 49.781715 46.053867 48.512678 51.207993 47.320780 46.974731 48.253677 44.042397 47.100277 44.403871 45.551074 47.624961 47.863336 46.164674 44.433997 48.301804 48.597984 48.705528 47.343077 48.693833 45.717839 48.994085 52.283140 45.109530 48.936615 46.530582 49.581403 48.285090 50.304775 45.229811 46.933477 45.516671 46.026135 47.329794 52.526325 48.827549 45.287805 49.347510 50.810220 46.902115 
49.662348 46.269951 44.166602 50.195181 47.011228 42.885403 46.377309 45.208828 47.111656 50.206344 47.828397 44.564973 49.008761 46.212479 45.603008 49.737306 47.225415 47.547004 49.054194 44.626823 45.056506 47.611424 49.635759 45.118211 48.433926 47.437842 47.469724 46.550789 50.116449 48.370405 47.949866 47.121162 48.069587 45.901380 42.748060 48.546653 46.797656 48.833472 48.612457 46.970881 47.446569 46.253748 47.339515 47.405219 52.376366 49.489437 44.792097 47.087426 44.411746 45.744221 48.882585 47.656063 51.282692 46.123390 47.340221 48.196227 45.870973 51.403337 48.586872 48.981741 47.287906 44.444238 49.481641 49.115636 48.452306 45.494511 45.052028 46.615187 44.637279 44.723902 43.841562 45.561549 47.471195 46.641826 45.644506 47.287904 46.420971 44.311158 50.107654 49.390182 52.368254 49.031341 46.079700 48.557483 46.694249 45.686049 43.063985 48.943506 51.156655 44.666123 44.451214 49.519518 45.822738 48.230641 47.181195 47.463141 45.046145 46.566052 48.876194 51.340010 47.385549 50.816640 48.913186 46.724872 48.270020 51.035782 49.340437 53.892697 44.712521 52.238848 51.989822 47.326562 47.330617 50.267174 47.928042 45.181160 47.130529 46.573992 47.638942 44.408564 50.676613 46.948520 47.511304 49.353111 50.991277 49.603057 46.625639 46.616611 45.147191 47.498480 49.346830 42.826893 47.415335 50.010068 49.489148 48.976446 47.720227 48.218336 46.454874 49.985219 48.788821 49.958579 45.422760 48.327176 44.715936 51.837825 48.528524 47.800385 50.705691 44.688419 48.837748 49.715523 51.813830 42.737788 47.712069 50.379401 49.587308 43.342168 42.207395 49.266530 47.678526 47.988782 48.349920 48.182507 46.439805 45.485131 49.627776 42.153170 45.461947 45.284578 45.871786 48.809405 47.303370 47.053491 43.499036 47.469819 47.478896 47.412659 46.576284 45.990561 44.363536 47.689430 48.127494 43.862184 50.288660 48.466007 49.596046 48.903798 48.052648 46.857527 47.046482 46.210372 47.519062 47.838588 49.735529 51.130100 43.472288 47.428518 49.741359 47.752508 
52.738479 50.851094 46.957990 52.870813 46.967871 45.694854 46.892463 51.745516 49.963843 50.776324 51.620696 47.397086 52.104837 48.502584 49.430683 50.921649 46.330524 51.067999 50.288622 47.667995 49.140658 50.296294 51.885898 45.294731 49.133965 44.923082 49.517173 48.013769 55.413668 44.911691 51.712327 45.492493 49.229736 48.056433 44.991220 49.863535 50.746843 51.865468 52.490195 49.612336 47.247312 47.362521 51.877716 50.491850 55.837618 51.800290 48.163894 49.878671 46.424981 47.128549 53.529222 49.757340 53.883875 47.892589 49.804049 51.766225 45.995568 55.195284 53.041911 50.741973 48.366377 42.699552 53.631918 50.823189 50.599972 46.604297 46.369643 50.399246 47.995606 48.606616 48.098119 47.219992 48.278379 47.309905 49.975209 50.801370 49.375417 47.668064 51.397360 53.566956 53.594163 50.181389 46.677468 48.964673 49.066488 48.964455 46.378771 50.155985 51.301376 46.378366 48.414806 52.057884 48.289243 50.371166 49.137109 49.591832 45.125181 48.026213 49.762724 53.517155 49.066328 50.487245 49.552947 47.735806 51.925723 51.226103 53.257424 55.485242 45.315479 51.129198 53.448178 50.448763 46.531711 52.232640 48.269346 49.154002 49.890837 48.751373 48.196376 48.792691 51.571189 49.467761 49.746067 51.667895 51.971483 48.560551 47.121731 48.252553 47.607405 49.740605 51.776645 46.888655 48.377972 52.162771 48.944225 47.058670 50.948675 50.243777 47.899614 52.774889 52.490882 54.639374 49.398228 50.113473 48.380086 52.727233 49.018927 50.483818 51.119336 46.340450 45.785169 50.211795 52.613007 45.618842 48.319959 52.070904 50.096955 47.744230 46.947808 50.547333 50.220869 46.161018 52.090746 50.920474 48.364428 48.438009 50.706967 44.544220 48.211658 44.656340 47.063363 49.009240 50.351504 47.718063 46.067317 50.511946 48.522790 48.216885 47.491769 47.997513 47.562698 50.424250 49.928212 48.648486 50.369328 49.054615 52.805932 50.314456 52.127788 49.359343 48.336163 50.275179 49.172815 49.960996 52.585163 49.861272 47.910685 48.006498 52.103098 49.758945 
48.105760 46.956846 42.922453 52.894391 46.339820 42.883234 46.242681 51.009893 49.054948 50.970464 47.917685 44.064454 50.075358 46.090109 48.720417 52.425738 48.338970 48.167666 48.274742 45.506393 44.832147 47.958160 51.212641 44.475184 46.617806 45.376735 47.416138 47.822570 50.902992 47.714292 48.644354 47.170807 48.192863 45.625748 42.437013 48.308083 49.189591 50.291886 48.388089 45.402104 45.855077 44.912378 47.232953 46.934148 52.313374 49.407439 45.863139 47.583609 44.698973 45.238997 48.927855 44.450489 49.171514 46.158996 45.873076 49.549706 47.942296 51.577078 48.374149 50.470180 46.554658 44.020309 47.090662 46.337050 48.360624 45.997370 43.667868 46.656460 48.825356 45.879659 44.470882 46.657328 44.933713 45.751660 47.411153 49.352234 48.030111 43.008219 51.495036 50.197633 49.400581 49.164403 46.678480 45.373805 46.777467 47.601617 46.901021 46.303457 47.585485 44.854489 48.457342 49.624534 47.272456 47.069500 45.408759 46.342049 44.834904 46.766429 49.269172 50.623809 47.495331 51.764455 48.755247 47.845054 45.627556 50.950720 48.963232 51.998529 45.734665 52.135988 53.622030 48.096418 45.658426 49.988081 46.763863 47.710924 46.189905 47.987996 48.690814 50.150389 48.819028 46.813338 47.658596 47.462935 48.928873 48.301491 45.663465 47.924447 45.005334 47.845464 49.958490 43.317050 47.465438 48.636466 49.450671 47.507083 46.670295 47.859899 47.289479 51.104798 51.373923 52.303536 46.654387 46.833084 49.425162 48.476594 48.050561 46.774584 51.474806 46.237375 48.062773 49.199709 51.309794 47.233576 47.668866 47.593128 48.334721 43.813084 43.569655 49.271055 49.364116 44.359794 47.212846 49.176582 47.663816 44.568003 47.645442 43.314523 47.051907 44.958509 46.075598 48.561398 45.243055 48.094632 43.906391 45.664848 46.980458 47.134549 46.595553 47.225300 46.135048 48.528454 50.704696 44.089371 50.289554 46.195545 51.286314 46.324801 47.772860 45.767682 47.201036 45.636609 47.559781 47.818952 50.193522 48.410490 44.706845 43.690270 48.761729 46.287863 
50.602137 50.159730 44.769143 51.873714 47.815003 46.560954 49.701102 48.241023 50.729867 50.725825 51.526738 47.898010 50.072063 47.556500 48.097699 51.663375 50.434587 48.281387 51.038320 44.438065 46.237827 49.350310 51.296098 45.701949 48.681141 47.949977 49.957382 47.184733 53.292248 47.126267 50.056036 47.582532 48.436448 47.585567 43.973214 49.574623 48.128942 51.471482 51.578821 48.478799 47.160426 47.022770 48.512139 48.924319 54.555510 51.878906 45.154279 51.525526 46.922769 49.105282 51.647131 47.040920 51.223169 48.190672 47.373193 49.536920 47.971732 53.346614 50.577288 47.937300 49.721208 46.678288 52.048058 47.130109 49.943427 47.062459 48.288469 49.689654 46.825438 47.402742 46.604392 47.827595 48.958866 48.601747 49.158954 51.501628 49.267672 47.273347 51.522245 51.372353 52.646759 47.475215 48.125950 49.461770 51.618100 50.421975 48.455826 50.633972 50.256524 46.792945 47.461890 50.491126 47.897348 49.210836 48.714287 50.037671 46.537751 48.941334 47.459892 51.841393 47.333390 51.831864 50.825254 49.054473 49.884230 50.312137 49.906385 52.624202 45.515731 52.567233 51.764716 49.469398 48.893358 53.504201 48.200633 48.567099 48.796595 47.468227 49.663986 49.235288 50.981437 47.938022 49.963865 48.846434 50.329778 49.315212 50.121633 48.725717 47.482056 47.542895 52.117374 46.783439 47.640721 51.322120 50.446638 51.042809 49.209723 49.620098 46.813721 52.607355 50.037763 53.635287 49.922772 48.262230 48.972060 49.855279 49.249091 50.498950 52.364811 46.464228 48.887986 47.443839 52.252745 45.528221 49.400520 51.038368 51.384146 43.256510 43.354152 50.395627 49.452279 46.478569 49.419351 51.846599 47.729453 45.461197 49.254441 45.572608 48.827652 46.535037 44.625174 50.498102 45.795012 49.064915 44.411808 49.887243 45.402562 48.109591 48.106836 49.021390 47.097012 50.240301 51.199525 48.250200 49.683369 49.635570 50.295658 51.648397 47.886383 45.170566 46.683596 44.941581 48.816475 50.662866 50.038598 51.309763 45.979060 47.177112 52.606667 48.930288 
47.500334 47.989425 42.515179 49.588615 45.191875 42.494723 44.504797 48.108883 46.659233 48.843902 46.937722 43.715565 48.187811 45.267170 46.282966 48.880994 45.307367 46.928103 45.305764 42.793959 43.211738 46.259397 50.334958 43.922914 42.701890 44.108563 48.178092 44.859321 47.064348 46.128109 47.760546 44.489520 46.106306 44.787554 40.723557 46.600902 46.611396 49.061009 48.431059 45.668819 45.817811 41.448016 46.510393 46.023439 52.575786 46.118270 43.480868 46.381503 43.860051 44.348740 48.337063 45.311134 51.458958 45.510748 46.339030 49.216726 43.687022 50.292091 47.903682 45.852822 44.910534 44.814959 46.918861 45.998647 47.165345 44.622996 44.517579 45.393065 45.954819 42.084334 42.715854 46.019443 43.551963 44.166664 45.328313 47.374138 47.723013 44.673522 48.695772 48.028550 49.909561 45.413782 45.686295 46.634342 44.241631 44.296720 44.912891 46.376671 47.334177 42.122987 46.754076 49.371109 45.419617 45.382253 45.357340 45.929501 41.894793 45.847791 46.315102 48.625827 44.713718 48.641298 46.758600 46.179859 46.123091 49.714035 47.366472 49.038227 41.673807 48.700494 54.021662 45.382299 46.358327 48.299094 47.687071 45.903151 45.525174 48.914602 48.019617 46.178146 49.351308 47.994251 47.945428 47.304837 45.973037 45.227583 46.978095 47.899371 43.278320 43.462329 48.202496 43.858472 46.647014 46.227096 49.406255 47.587539 47.214214 44.114397 44.034382 50.371085 49.169244 49.679311 46.406403 43.816006 47.142379 47.997404 47.249636 46.535001 49.889998 42.597155 46.326578 47.150055 48.941052 40.798016 45.854588 48.015828 47.783792 42.339718 41.507253 47.117095 46.074292 45.042713 46.763081 48.800117 44.708272 45.475685 45.524559 41.941305 45.003459 43.658020 43.404355 45.940532 46.170158 46.570684 42.467306 45.276380 43.689967 45.806080 44.054626 46.279756 45.314463 48.940626 46.709112 42.167048 48.849155 45.725335 47.379048 47.500842 46.553330 43.504978 46.737361 43.692064 44.544989 47.566818 47.296317 47.017017 42.445083 43.089762 48.000529 46.066712 
52.184823 49.679230 46.104341 53.944770 52.193359 46.808522 49.304835 52.158713 53.385023 54.504009 52.111053 50.887385 50.604161 49.138219 50.476894 55.708483 48.871848 52.398757 51.283148 50.381443 52.700516 53.864466 53.146586 48.497258 50.991079 48.592777 51.977045 49.578010 55.894900 50.562053 52.437964 50.394238 51.499575 49.472673 46.406247 52.264718 51.673441 54.651138 54.916579 51.691185 47.242950 48.910061 51.165844 50.550196 56.372374 52.647775 49.782670 51.578901 48.862862 49.773667 55.551739 50.463858 54.283454 52.353149 49.692221 54.690375 46.642951 56.197564 49.981709 54.135735 49.129146 47.041719 53.271921 52.248877 52.149865 50.841010 47.352094 50.848339 50.862680 45.705185 49.636600 52.322151 50.997545 50.101243 49.879732 50.767485 50.658040 48.773752 56.012709 55.153711 54.671757 49.972322 46.784004 48.497776 51.961512 48.250617 47.595608 53.663699 51.367446 48.259033 50.992525 53.770896 48.074430 50.747929 50.256064 53.561252 46.871478 51.855977 51.185782 53.832158 49.860908 51.845545 50.909632 50.864453 53.816138 54.318324 52.734187 53.012081 48.575048 51.842772 56.157785 51.646123 51.174082 53.274939 50.660769 51.809132 52.632904 50.288356 50.425065 51.383845 52.687869 49.323650 53.343030 51.365113 52.230172 51.899563 49.454561 50.983671 47.428533 49.100046 51.640922 49.705172 52.413031 53.943437 51.303365 52.025175 53.859396 50.050802 53.574624 52.438036 52.121925 57.439652 50.460461 51.477817 52.010490 50.517711 49.357206 52.778051 55.976256 50.390690 48.952357 51.171348 55.961852 48.040290 50.759553 52.363589 54.319344 46.299509 46.295239 51.484241 53.116835 46.792817 49.742906 51.448727 50.709768 49.990147 50.780712 46.636735 52.383319 49.395937 51.047078 53.100749 49.063834 52.030364 48.663922 49.508789 49.543931 50.678644 50.162058 54.467233 47.763564 52.665605 54.607367 49.098157 57.070415 50.577887 57.284666 50.988682 51.763178 50.201278 52.267235 48.951707 49.921232 51.880065 55.441159 51.453398 50.747656 49.163760 51.950821 53.970388 
50.689288 48.236832 44.021689 51.097309 49.166862 46.278335 47.666053 50.906701 50.238746 51.324759 50.588797 45.760331 50.133363 47.025715 48.568011 52.235703 47.830534 49.619503 50.582300 45.578817 46.221316 51.144465 49.508490 46.223511 45.451093 45.583935 51.185712 48.167413 52.212554 48.918779 49.430323 49.713303 49.742491 47.519267 46.626123 48.705250 48.811744 50.267886 50.676462 47.409821 48.163825 46.785518 47.904793 47.551039 53.916953 47.955874 47.147696 48.420334 47.517096 49.679640 52.593305 46.537523 52.711873 48.609090 47.166471 52.703694 47.700645 56.605388 49.915349 51.425314 48.871683 45.421635 48.959727 47.252419 50.816765 48.257866 46.108177 50.242201 48.704341 46.918595 46.850078 48.294346 47.384520 48.434870 47.604117 51.005277 47.845534 47.830629 50.850040 52.692368 54.279499 49.499436 46.780706 51.558905 50.044337 49.664383 47.516783 49.181426 49.123602 46.569206 50.114478 52.140426 47.880108 49.862839 46.260004 50.526882 47.321083 47.931603 51.364720 51.335480 48.442482 53.589688 49.617943 48.341984 48.039495 50.984636 51.816471 51.549834 46.140614 52.066463 55.349725 49.159347 47.905104 49.778029 48.084426 48.920936 48.905947 50.585380 47.078267 49.676988 49.298498 49.245514 49.319148 49.411767 51.036224 51.331276 48.535583 47.674961 45.996397 47.044055 49.172878 45.675815 48.922922 49.742564 49.777165 50.764169 50.970475 47.572297 48.853350 52.166277 51.389564 52.463111 49.975350 46.581667 50.503850 51.575690 48.658378 50.503218 53.043263 44.659061 49.052658 49.521227 51.934827 45.058408 49.818635 51.229280 50.742525 45.697989 45.807089 48.616625 47.690960 45.676315 48.872800 51.614947 49.666069 45.919996 49.421740 46.141885 46.448235 45.734886 48.762363 49.593879 49.385535 49.492682 45.158411 49.736812 50.437647 46.498230 45.978890 48.458618 46.883610 49.928550 51.532153 45.485281 51.098894 49.977259 50.886531 51.673287 48.466505 48.709381 48.924311 48.290491 46.102602 50.985363 50.025774 49.251847 48.119673 45.462251 51.580929 49.955536 
50.291124 50.770959 43.891178 53.943918 51.088612 46.715810 48.827635 49.549105 52.477741 50.956619 51.654656 48.707373 51.191367 48.433676 46.493981 56.436156 49.136955 51.788914 51.012948 48.454035 50.244429 49.620028 53.202650 45.544716 52.576973 51.271745 48.234166 51.235375 51.920166 50.804183 49.574391 48.376694 50.265863 50.321780 44.137229 51.190383 52.162231 50.978956 53.819054 50.226307 47.824202 46.000256 51.207987 47.322573 56.651254 50.875950 48.061693 52.294379 45.930436 48.539901 53.819750 50.000912 56.063145 46.944255 49.713266 51.675997 47.425902 54.006307 50.688795 51.177258 49.231054 47.810392 51.623034 49.770649 52.318269 47.935987 44.466015 48.563527 49.136500 48.987433 48.101457 47.446383 47.464894 50.025459 48.692662 48.693112 50.897048 47.218224 53.765940 50.981070 54.143655 51.080805 48.693655 47.057559 50.393941 49.095361 47.514744 50.040430 49.584511 48.302975 49.201785 52.667405 50.322808 50.026336 49.212018 51.891269 46.637006 51.851558 50.735199 51.942361 49.636940 51.067165 52.189042 50.123369 50.027819 53.096422 48.863632 54.141422 46.791980 52.779730 57.847738 49.691326 51.450897 51.443487 50.036388 48.406544 53.171985 49.629743 46.313222 49.239803 52.051369 50.783993 52.813741 49.474993 52.471784 50.587277 51.468575 48.126059 46.875883 48.548331 52.063251 45.832150 50.188840 52.547620 51.893160 51.122169 52.877277 50.302816 48.882158 52.191409 51.112009 54.170080 50.062096 50.271904 48.874650 51.045803 48.694114 50.027669 53.085913 46.891043 51.025588 50.765726 54.307225 48.140507 52.565842 53.109837 51.009006 46.104022 46.515555 52.155807 50.427226 45.675122 50.049168 54.076002 49.350405 48.703914 50.074035 45.464337 49.388221 46.841617 49.214139 50.065655 49.805758 49.201380 44.863175 49.231401 50.991173 49.686353 47.418982 49.191049 47.592164 51.208677 51.591709 44.157476 51.796677 49.654644 55.314900 50.471272 53.655114 48.543805 50.241157 47.946802 48.510947 51.810443 56.013027 51.497196 49.042024 50.394036 51.576936 48.290981 
52.688492 49.468811 46.436690 53.433515 49.492800 47.494687 48.207426 51.382661 52.166192 50.136419 52.792328 46.058940 53.638382 49.361242 48.696833 54.633408 47.906142 51.182789 53.387732 47.241470 51.596279 52.331095 51.662519 46.834917 49.745018 47.710219 53.078930 50.150627 51.153061 50.908207 51.095869 49.666623 50.236501 48.031127 46.741094 48.738516 47.863820 52.644992 53.375942 51.034452 48.123721 47.144100 49.061123 47.686934 56.231078 53.379927 47.410037 48.805221 48.454291 49.628509 53.637524 50.142671 54.520480 50.372119 50.136636 52.719636 47.009781 55.122797 53.005361 52.446926 48.097274 48.918565 54.076257 48.800483 51.348692 48.439045 47.059403 51.368275 49.449120 47.179493 47.969689 48.802279 50.455549 50.327885 51.518172 49.708087 49.053871 47.938499 53.252581 51.403855 53.442645 52.032944 49.401916 50.059974 51.288041 49.846166 46.468510 52.548920 51.047888 47.690936 49.526043 51.948269 48.735916 49.185666 48.977824 53.357203 45.811843 49.916711 49.926990 53.903164 47.595989 52.274308 50.967392 50.149394 51.355582 53.569856 51.968437 51.738438 46.057147 53.432168 55.296291 51.486663 51.042226 51.827295 48.630547 47.613198 52.237567 48.703962 50.110008 51.096232 52.368944 50.433486 51.066750 50.147232 52.492718 51.193480 50.877847 50.470957 45.583788 49.590795 51.644939 46.064053 50.813605 51.841687 50.224139 49.415619 52.581992 49.812275 49.348897 54.207486 52.680331 54.464386 48.327612 49.494192 48.678569 53.768611 49.128210 51.093472 51.450802 45.787399 48.964655 50.207346 55.203777 47.690030 51.597023 50.287994 50.797848 47.391756 46.414696 49.846171 50.094900 47.847471 49.568787 51.515365 51.434845 48.172853 50.954952 46.475596 49.430968 48.694697 50.105503 50.816043 49.971128 48.721500 46.149975 50.290403 50.369846 46.970055 47.113864 53.009693 48.522068 51.075716 53.182521 46.087787 54.270948 50.507681 52.660802 52.928955 52.453273 50.062615 48.664700 48.196788 47.591399 51.128675 53.550112 52.062422 47.114265 47.717650 51.377339 52.201505 
50.127538 47.713463 44.413142 53.346105 50.793004 46.165400 48.436236 47.018783 51.120127 53.382321 50.761905 44.845117 51.146490 48.557151 51.172748 52.372789 49.350763 50.210165 47.657251 48.630882 46.964728 50.714970 50.506631 45.983022 47.815733 47.954562 49.584779 48.229137 50.036429 48.888269 50.913354 49.304113 48.161442 48.399435 44.323372 50.360709 48.277847 51.594974 53.514448 49.911166 47.973034 48.794488 50.357021 46.422523 55.881791 51.869229 47.560378 48.920675 44.481284 48.287393 52.719408 48.122778 52.784927 49.484225 49.168077 51.144402 47.150599 55.489363 49.364257 50.569005 47.796460 47.124659 50.518356 51.147660 51.583923 47.719978 46.956444 49.199563 48.474233 47.304287 45.509979 49.919059 48.501316 48.519440 47.057957 51.569841 47.973568 47.692131 53.123523 53.598918 52.888670 48.434350 49.610093 49.355080 48.990817 46.907063 46.092819 49.548565 50.559159 46.504001 49.383405 51.231040 48.281717 48.819232 49.219566 49.632649 44.448329 48.995870 50.305118 52.885710 47.362968 52.599272 49.713023 48.207789 50.497959 55.656391 52.290264 53.025729 45.319711 51.715133 56.712000 51.167510 48.546194 53.504893 47.846838 50.527084 49.029691 51.759407 47.886984 50.720496 48.889272 46.893836 49.919541 49.521702 51.084447 48.371745 48.495837 48.973648 48.090711 47.707406 51.643907 45.607515 47.758511 51.502119 52.889797 50.416343 52.959235 48.474784 48.172075 51.197879 51.113522 55.179372 49.370794 48.243288 49.779784 52.974095 47.531035 50.429604 52.847380 48.002636 49.346876 50.431213 52.592806 47.282417 50.765766 53.632480 50.645892 45.135248 41.726472 51.972392 48.466936 46.090347 48.933032 51.297350 49.547284 48.868093 50.339822 44.514860 48.542352 43.076733 49.554518 50.171638 48.279865 49.020918 45.780159 48.653646 47.944613 49.058432 47.072967 48.755234 47.969696 50.678142 51.241573 45.290350 52.897505 51.053685 51.670554 50.519856 50.702924 50.582860 48.349973 47.855296 46.898424 50.007075 53.638111 50.642370 47.999792 47.500799 50.797280 48.930939 
53.571691 50.385737 47.386363 52.772121 50.704390 48.513903 50.039292 49.823696 48.793920 53.563019 52.589445 47.103921 52.078853 49.393895 50.076326 55.115920 47.778595 49.669633 51.789801 47.469200 48.563263 51.327588 52.347556 48.947597 49.118062 46.365037 50.781776 48.715470 52.434827 47.473002 52.258232 51.199765 50.210271 48.848967 44.919360 52.482482 51.486190 50.931952 54.033040 49.246009 49.820013 47.302813 49.670562 50.132511 56.460614 51.607406 49.174997 52.450947 45.305924 48.724955 53.014922 49.561831 54.272139 50.327338 50.615755 53.122746 49.155702 56.739830 52.818685 52.399458 50.439100 46.311382 51.432741 50.389200 52.143250 48.661008 47.047011 47.912934 48.948966 45.994246 46.895647 49.225797 47.784077 50.968808 49.602141 51.407809 51.901565 48.222620 53.595839 52.581863 53.024945 50.443951 48.881097 50.764912 51.709243 51.328673 50.977108 50.907341 51.523899 46.535162 51.812750 51.939546 48.204351 49.537700 46.791262 50.588875 50.291203 49.498269 49.739577 52.123624 48.901507 53.410964 51.278458 49.106785 50.802652 52.958901 53.208103 55.066035 45.548218 53.095859 55.118497 49.041903 50.875652 53.598049 51.793422 51.111924 50.333754 49.366191 49.629608 48.538625 51.763134 50.424398 50.857733 50.225910 52.662775 50.501559 50.215309 49.641352 47.412237 48.005468 51.682462 46.348254 51.930585 52.146482 51.968788 52.177845 50.726750 50.158802 47.972569 52.585405 50.630760 54.923034 50.799476 49.465138 52.070245 52.206386 48.083087 50.322132 53.952167 47.305900 48.616553 50.346172 53.661575 46.303075 51.662059 54.653890 51.539278 45.399516 47.509046 52.316851 48.949062 46.364199 51.561994 53.940211 50.119681 48.708238 51.344909 47.578890 49.357762 48.718642 48.520367 51.039637 49.001532 49.405185 46.370795 51.021498 48.383996 50.834702 49.646827 49.761517 50.580467 53.228908 52.368914 46.292204 52.014875 51.727023 53.808985 52.953055 50.457019 49.128440 49.861241 48.446411 47.880595 51.499661 52.414019 52.198939 49.736513 48.790075 51.928343 51.881660 
52.453089 51.389587 48.008723 54.246196 48.754627 48.130844 51.937851 52.608086 54.721765 54.812369 54.005759 50.207201 51.162131 49.964814 51.381837 57.749535 49.789418 53.937737 52.599032 50.123306 47.251955 54.362077 51.885098 47.639728 52.508780 48.794205 51.740530 48.619354 56.161767 52.103622 53.328447 48.402538 53.149967 49.231258 46.618140 51.030951 50.329914 53.396576 54.053976 49.953020 51.714962 49.443713 54.528691 50.891708 59.317523 52.945512 50.160782 51.154229 48.285907 50.066958 55.443205 52.366288 57.155837 51.441996 52.261905 55.083522 48.893959 56.938713 52.245218 51.037364 52.015502 50.221930 53.261545 53.129935 51.340870 47.883963 47.112669 52.029200 53.052430 46.974346 52.077789 49.120877 51.254620 50.960276 49.240000 53.921480 52.011642 48.416084 56.268783 55.425212 56.444110 52.997358 50.574964 52.522536 51.707665 50.488192 48.840686 51.894395 52.738793 48.841284 51.547341 55.581226 49.891645 52.121057 50.777109 53.398211 48.338005 51.444629 51.247069 54.696793 52.663742 55.675275 53.490860 52.030605 53.371519 53.529687 54.771145 55.570846 46.411961 55.495347 56.413384 52.190406 53.860609 55.631559 51.263731 52.591395 53.236450 52.023762 51.207404 53.442604 52.126875 51.559409 55.516841 53.457496 54.317675 55.074492 51.732689 50.117363 49.039202 51.663039 54.350252 47.819883 51.892767 55.636095 52.307198 51.310000 53.183936 52.202260 50.834950 55.672443 56.520988 54.009576 53.788697 52.227179 51.066333 53.498929 51.801107 52.154185 54.142846 46.886349 50.935381 53.578463 53.603045 50.315597 51.364680 54.010521 52.274363 48.179600 47.537424 54.062953 53.460378 48.664508 52.540892 52.670337 52.284231 50.645968 50.237818 48.664181 50.218253 49.799054 50.141361 52.928589 52.359207 52.280108 48.778753 50.114621 51.077615 51.648838 47.733713 53.131783 50.185974 54.804540 54.170124 48.528866 54.391520 52.244669 54.443153 52.406264 54.049859 51.033001 51.982384 51.753471 50.330022 54.320106 53.306142 52.190408 51.874674 50.553225 54.694843 51.859033 
56.155827 54.712021 50.769257 58.050700 51.615304 50.192758 52.250818 52.623046 53.078216 55.969553 53.571899 50.063334 54.761630 52.450834 52.857304 56.061055 53.518783 53.314649 55.064794 49.541826 51.320022 54.858171 56.509248 50.552306 50.631861 50.890702 53.946110 53.698652 57.561075 53.074363 57.227627 51.673979 53.722027 51.110755 47.689722 51.553606 53.980412 56.384634 56.940546 53.064797 50.099846 52.567885 53.669290 53.866933 59.975639 51.531376 53.153820 51.640221 51.265344 49.873809 57.319253 53.083592 57.920034 53.456255 53.500154 56.740402 50.812508 56.772788 54.939304 53.400698 51.951026 48.058751 56.261899 51.412865 55.722744 52.067707 50.900337 52.471842 53.041823 49.041438 48.969896 51.962401 51.976279 53.258006 52.478841 53.561340 54.153986 48.786546 55.161503 55.127204 55.996525 54.151772 51.968449 55.442979 53.176639 52.412193 51.088513 57.157212 54.639204 48.561008 52.603040 56.699781 52.198067 52.519441 53.678508 54.887299 51.223833 51.715080 52.254913 55.452831 51.193491 53.862094 52.859883 51.763497 53.392076 57.813303 54.640605 58.104835 48.796812 54.372376 58.098822 53.709130 53.306602 55.515149 52.209352 53.983779 53.830867 53.868066 55.495233 53.849755 55.600331 53.997568 54.169131 54.877519 57.040150 53.027276 52.926613 51.670633 50.956925 52.626580 55.323947 49.366410 52.078401 54.446896 57.943492 53.597489 55.855115 51.267917 52.471649 57.801634 54.887282 56.695916 51.178230 51.778252 52.369444 56.017067 50.841411 54.928184 55.873980 50.247594 56.223099 53.555713 57.396834 49.042506 52.209274 56.740303 55.584019 49.373764 49.079346 55.530537 52.746350 52.291631 55.597917 54.378388 52.932369 50.939691 52.990136 47.064839 53.178330 50.395115 50.743438 53.393957 52.233495 50.689723 47.110860 54.565843 53.181806 51.284889 51.003103 52.513434 49.008607 54.428305 54.094624 51.186619 54.706276 53.169895 56.824840 54.533255 54.185195 52.828997 52.838314 52.222111 53.762350 56.331311 55.502331 55.722003 49.381595 52.035449 55.857907 52.129363 
49.286646 48.000337 45.503882 51.696669 48.587807 44.172198 46.594357 50.152138 49.060560 52.033154 51.405759 44.319101 50.827394 50.254961 49.457954 56.293991 45.988123 52.750037 49.547918 48.631660 48.212828 50.787540 52.327043 45.929053 49.869174 48.379853 49.730737 46.744016 51.386962 48.700038 48.488654 47.439198 47.858506 44.854961 44.725357 50.253116 51.363566 50.676977 53.784649 47.528580 47.404939 45.178464 48.198522 46.976433 55.518991 51.695319 44.758863 47.549789 47.465611 45.818182 51.826672 47.533869 52.082071 48.082884 48.685402 51.736516 47.347596 53.381442 50.967483 49.763527 48.885004 47.551521 51.550116 47.663741 49.249943 44.276531 44.522187 50.266644 49.768349 44.506312 47.925214 48.165075 47.383516 47.898164 49.041130 49.241334 49.029138 46.742153 50.133280 52.964954 52.946672 48.881539 47.188616 48.897567 47.052815 49.678218 44.887968 50.186009 52.363885 47.012417 49.817507 50.802666 48.753098 48.687726 48.244369 50.948979 45.992883 49.846677 49.435163 51.941218 49.036684 49.330658 48.721416 47.578789 50.228341 53.673274 51.992544 54.409380 46.775819 54.252942 55.665195 50.333896 50.092978 53.154803 48.576523 48.250401 49.655381 48.939483 49.008197 47.837895 49.567111 49.047824 49.005366 49.454491 49.783472 50.191436 47.655804 47.840556 45.497282 49.675660 51.407768 44.061812 50.360014 49.991238 50.629337 49.289127 51.238057 49.368378 49.166257 51.064352 50.522572 56.665300 48.645994 50.191395 49.132077 52.962467 48.264872 50.860368 52.267705 46.797755 46.943965 49.263475 51.339977 46.429267 50.981769 49.713903 49.765105 44.730659 46.834030 50.435410 46.476683 45.918555 49.268560 49.952356 50.805723 47.261356 49.321707 42.538747 48.967528 46.961223 49.379520 50.275007 50.119936 50.283440 44.956123 49.648557 47.585615 48.524985 46.612446 51.630962 49.382136 49.785502 53.284604 46.539369 52.490754 48.203971 55.716971 51.926509 49.520817 49.092667 47.635718 46.092497 48.094738 47.690065 52.858835 51.834234 47.236563 47.328125 50.423018 49.742088 
52.945511 52.557681 45.377965 52.694579 47.837189 48.111382 48.085688 49.468582 51.352929 52.438484 51.597588 46.586682 50.141574 48.611958 49.844328 54.711438 48.874349 51.378242 52.075143 48.517872 49.449175 50.416738 53.046581 45.052623 48.742014 47.151037 53.454369 49.249038 52.512246 48.751161 53.868681 47.825624 49.837067 51.689763 44.737174 51.229250 49.547868 54.341716 51.778078 52.802228 48.550016 47.860301 51.738629 49.787618 57.813674 50.232207 47.653552 49.734120 46.518319 50.344235 51.460590 51.036059 52.723432 52.070857 48.922064 53.149349 49.198276 54.100530 52.869622 49.464387 50.020282 48.388739 51.927217 51.113951 52.541251 50.275598 49.725166 50.026609 49.811644 46.195395 48.051388 49.409433 51.561749 47.379630 47.731706 49.911637 50.666035 47.963652 51.750725 51.079877 53.403603 47.964984 47.164787 52.022837 51.034331 49.998385 49.536811 48.431507 51.596972 47.599069 50.418603 52.281422 47.975653 51.758860 47.749112 52.302149 45.545088 48.539295 51.672305 52.323602 48.889099 52.582519 52.055409 51.073855 50.891518 51.578598 50.369557 54.145188 46.466096 53.233232 55.383286 51.539799 50.226432 53.588684 51.603802 48.057342 54.300513 51.354645 49.076525 50.109135 52.009601 46.945778 51.786955 48.870810 53.125389 49.746302 50.272913 47.611199 49.449982 48.569436 52.495468 47.519897 50.920778 50.387057 51.236852 49.963372 52.075554 52.210042 48.983608 51.195454 56.251133 53.805792 50.062703 53.555265 50.039924 49.988358 48.674996 50.912920 53.439596 46.454667 47.503380 51.336131 55.395146 46.397885 49.105702 52.490906 52.331597 46.817428 46.273288 48.834065 48.058803 48.206358 49.619377 51.662024 49.252430 50.522022 51.787903 48.117455 49.652412 46.130244 48.058163 50.761510 48.252007 47.825487 45.086861 48.611460 49.136370 49.377713 48.473831 49.667831 47.528150 49.248199 51.950532 45.882931 51.732325 50.827404 55.503557 53.481896 49.458335 48.142438 47.731260 48.278011 49.487739 51.476568 52.392597 52.000401 47.390733 49.337521 54.403612 52.453232 
49.827236 48.300725 45.499312 53.294888 48.951416 46.028790 46.752903 49.100119 51.655161 53.579484 50.115712 49.509591 49.599720 46.474556 47.985798 53.011232 46.890969 50.733022 49.425325 47.361051 46.220668 50.647536 50.156201 46.430554 49.558016 47.430576 50.017763 47.299685 52.309596 47.481846 50.666108 48.111298 50.252175 45.905248 44.970524 49.775856 50.299071 50.679919 52.634238 49.791851 47.969581 49.593851 51.839938 50.202383 55.073358 50.581996 48.361857 47.442340 45.886556 45.966455 51.612310 48.559262 53.220373 47.288070 49.458721 51.222074 45.309341 53.279937 49.638991 48.913090 46.922516 42.502799 50.536078 49.675535 50.394383 46.380777 46.768041 48.797669 49.369809 45.684092 48.574348 46.643083 46.828766 47.479741 49.523136 47.693596 49.585392 47.043217 52.229277 52.997282 53.212581 49.279848 46.441313 47.740110 48.537277 46.915726 45.899919 50.967398 50.590671 43.741711 47.582047 53.083165 46.655842 48.984318 47.420922 50.662647 45.713794 48.400470 50.983902 52.717582 49.746733 50.085761 46.811890 48.243451 50.648572 52.071466 50.336050 52.940958 45.141622 52.665585 53.097809 47.906427 47.663897 50.004468 50.702267 49.054138 51.747212 48.721880 48.634115 51.083697 50.704064 48.742307 50.870967 50.572210 52.071081 48.722402 49.217838 48.091691 45.678723 48.054491 50.295356 45.964480 49.164124 51.736295 49.808902 49.489749 51.083365 47.545530 48.502674 50.470652 51.577746 53.415839 49.116393 48.138660 48.458811 51.272908 48.098083 51.254449 51.845907 47.612034 49.158235 49.265310 52.589460 46.188547 48.703557 50.556737 51.362214 45.328014 44.808421 49.075818 49.080057 48.150582 48.537361 50.987345 48.650218 47.573567 47.762832 43.754519 48.830594 46.059541 46.926984 49.438073 51.037402 50.589203 45.705409 49.257903 47.198828 49.643326 46.244557 48.906649 48.596436 49.877651 50.641902 45.984999 53.511407 48.676997 52.638392 49.938133 50.059154 47.450689 51.153714 46.479817 50.091183 50.348805 51.766430 48.893186 49.122027 48.994789 51.545466 49.991513 
50.517745 50.295781 46.532526 52.065001 47.999555 48.064456 48.672153 52.160337 50.661163 51.557593 53.679510 48.542730 50.859298 48.857260 48.878517 56.313532 48.557131 52.253865 50.008954 49.893522 48.213695 51.939136 54.059780 46.730244 47.896329 49.969908 49.449828 50.526688 53.272289 50.415275 49.524218 50.292424 49.651875 50.563315 45.719830 50.253055 49.697505 51.181639 54.597143 52.057323 47.105964 45.838201 49.163568 49.378479 56.475626 50.822866 48.875357 50.397303 47.261482 48.728733 53.968117 49.866457 54.653573 50.661036 51.306601 52.706441 47.875245 55.719988 53.280045 51.321047 49.152278 47.459642 51.423887 50.276759 51.201262 49.104586 46.199649 50.891981 49.053914 47.616947 47.643065 45.962742 48.248756 49.879374 50.109813 51.610584 51.390053 47.159856 55.020544 54.497908 55.185062 51.179137 48.261218 48.017399 51.453700 50.185340 46.986999 50.504959 48.812784 46.859794 51.502358 53.305569 50.412715 48.724700 48.799265 49.811670 47.655653 49.541571 51.153610 50.922954 48.211292 54.469556 51.659385 51.113669 51.165705 55.141440 52.645103 53.182534 46.835254 51.435435 56.088203 50.088658 53.061356 54.860969 49.674452 50.076868 52.535279 51.611267 49.853669 50.588795 51.200888 50.902951 53.990387 52.191953 52.784292 49.501663 49.252442 48.910226 48.249367 48.082730 52.254975 45.233232 51.500604 52.365784 52.306294 52.148830 53.203878 50.466945 49.125691 52.824243 51.895821 54.482069 49.854531 49.512387 51.151940 52.047769 49.284165 50.768850 55.132406 46.988135 51.269369 51.694232 53.437105 46.704875 49.192817 54.047909 52.372712 45.504915 46.131067 50.308485 49.654149 48.626589 50.197956 53.736918 49.529249 49.741061 49.308381 45.251271 50.068047 45.772514 48.445685 49.834382 49.074198 51.760944 48.165017 49.803561 48.820117 51.066184 48.504700 51.769135 47.196676 53.043554 51.197264 46.903681 52.299566 50.224501 51.481849 50.577408 48.816759 50.940768 50.034555 48.641781 47.995435 50.836628 52.328045 50.353540 48.818726 50.331877 51.866871 51.245669 
52.725922 50.193660 45.347141 53.595387 49.654750 46.543625 46.869073 49.490201 48.896013 51.169311 48.699189 46.590376 49.151187 49.496936 48.851269 53.564725 46.554432 50.087594 50.089072 46.404893 46.060705 50.962142 51.031215 44.062518 48.094453 46.502527 48.932083 47.067543 51.199402 46.477561 50.728409 49.966860 47.492578 48.758030 45.106004 49.200048 48.962298 51.573938 51.340004 48.926377 46.968762 47.480235 49.192864 48.466654 55.577773 50.508416 48.911940 47.145737 45.858960 48.067323 51.404553 48.051102 51.770348 50.112674 47.367783 51.816104 45.058184 53.001519 51.367682 48.937650 48.541506 46.593505 50.173095 49.857068 52.074327 47.776765 46.203465 51.139456 48.725928 43.991787 46.228175 47.290417 49.741864 49.351146 46.061057 49.923109 48.018372 46.174004 51.673650 51.175868 52.796549 48.071181 47.645252 49.655256 50.500384 49.521099 44.342291 48.811864 49.700005 44.052399 49.896180 51.696537 48.283292 50.157070 48.357676 48.636676 47.873552 49.077716 47.332665 53.313489 47.035002 52.965832 49.834369 48.222433 51.602572 52.963705 51.827012 53.890016 44.114982 51.576616 55.196753 47.527840 50.556192 52.303820 46.469335 47.570089 50.135618 49.020273 47.764458 49.939230 50.425348 47.428120 50.488185 48.688712 50.398595 49.969917 49.158611 45.371420 47.233788 48.104774 48.789918 48.022748 49.927779 50.566759 51.380837 49.448381 50.438942 50.700393 47.120505 50.415832 50.667391 56.004599 47.982377 47.473960 48.383435 49.484683 47.084633 48.360351 49.925159 46.837401 47.187702 50.579499 53.795917 47.847396 48.469057 50.201052 50.119767 46.137689 45.943565 49.034266 49.796629 46.520701 52.129547 49.571634 49.205269 45.522251 48.964623 44.968623 48.531757 48.286525 45.937312 49.384887 47.413698 49.177341 46.489078 50.555040 47.988252 49.349184 46.339113 51.697693 45.824541 49.564238 52.256660 48.224194 51.515480 50.458536 53.357894 50.131555 50.940762 47.484083 47.788549 48.942451 49.026825 52.848468 51.291581 49.683995 48.422258 46.104694 52.303322 50.741215 
51.711161 50.971547 47.548541 52.035815 50.248914 47.588254 49.462041 51.033995 51.433068 52.385170 52.477718 46.557074 51.646350 50.086462 48.795096 56.171907 48.172637 51.245501 51.879974 46.413049 48.586810 53.799450 53.146359 46.243788 48.084185 51.255720 51.499342 47.871226 53.444091 49.789985 50.760189 49.237670 50.084835 48.891861 47.554926 50.921688 48.459341 52.999060 52.294897 51.315068 50.738112 47.044434 52.466098 50.284836 58.549787 52.214118 48.706052 49.516880 48.282205 47.330329 53.085907 48.297719 53.236468 50.686064 49.498939 52.923251 48.154762 53.565265 50.571079 50.104345 51.557065 48.057917 50.076732 50.603240 50.092712 47.941059 46.811630 52.096173 50.373145 46.994167 49.410121 49.074162 49.693386 52.002316 47.008170 50.645483 51.890744 45.971106 51.587372 53.777164 54.952664 50.160875 46.563127 50.422796 49.366370 48.882818 49.610571 50.436047 52.205868 48.133796 48.658787 51.162255 48.577009 51.583757 48.615288 50.120804 46.642020 51.028717 51.056704 52.418130 49.430886 54.337999 52.261824 49.086610 50.207634 52.880044 52.969037 53.980456 46.372649 54.837110 58.424979 51.720806 52.357754 54.045907 47.414232 48.216160 51.124475 51.195980 47.773608 52.396349 50.998504 50.945605 51.337119 52.551740 51.178414 51.798537 49.592249 47.370301 47.170663 49.600825 51.266325 47.478620 50.317926 51.145864 52.910357 51.734512 51.016712 50.075111 47.613621 53.406595 53.683664 56.120726 48.237671 48.453351 51.073021 51.943096 48.075281 50.225171 53.560200 48.655076 49.288458 50.012867 51.862760 47.978867 48.863991 51.923949 52.718041 43.723432 46.956920 50.116145 50.499702 46.624606 49.773186 52.520653 50.268148 47.937865 48.830529 45.380272 48.723231 49.923096 48.083482 53.174295 49.204990 46.428700 47.523648 48.726543 51.232242 48.248433 46.238199 50.766238 45.707075 48.598903 51.775088 46.602240 54.145508 49.664928 52.231991 49.975518 51.810784 50.640320 51.731111 47.237120 47.742353 50.703968 51.503209 50.013422 49.193009 49.147612 52.895536 49.987048 
46.185448 44.574342 39.793294 48.596241 44.547493 41.540318 43.464248 46.566608 45.456784 45.407898 45.617101 41.587307 47.837960 41.191966 42.123462 47.758418 45.217522 45.668852 43.463933 42.992547 42.128624 43.970948 48.577652 41.688131 43.361060 42.567630 45.013441 46.138731 46.709957 44.046464 44.651237 41.395091 44.032420 41.991490 39.829080 44.633598 44.172679 46.913337 46.360400 44.312930 43.816752 42.524476 42.776568 43.278785 49.452480 44.648492 43.313006 44.727003 45.731919 42.803889 44.822498 42.706694 47.559470 43.095724 44.300352 46.431128 43.553755 48.126924 43.925864 44.977185 43.993715 40.265936 44.650998 42.410186 45.973765 42.556926 41.199794 43.298685 44.485590 43.641926 42.195940 41.689133 42.190622 41.303675 42.813262 44.941820 43.923250 40.760087 46.942446 46.465774 48.649499 44.148028 42.732539 45.004327 43.800586 44.985755 43.475347 43.358547 45.673044 42.817372 42.313932 47.596953 43.953502 45.329881 44.854157 46.404030 41.627386 43.920340 45.079864 48.432545 43.188023 46.471233 43.737615 42.250523 42.710448 49.182538 45.839823 48.497827 39.169287 46.851484 46.988844 43.270389 44.903820 47.155724 45.287339 45.179750 46.356956 46.800404 44.294971 45.286641 46.629226 45.551643 43.846655 45.681687 46.275821 44.083012 43.871740 43.829217 44.765750 42.803519 45.197551 40.055971 44.910895 42.619426 45.140016 45.710904 47.551525 44.917807 44.834983 45.347770 45.506167 47.636149 44.933316 43.035191 43.743238 45.897884 43.749015 45.328235 47.824547 40.648492 44.611369 46.633645 46.411153 41.377452 44.430475 47.080911 46.759737 41.161184 40.940415 44.104562 43.230853 40.462918 43.939675 45.964194 43.824298 42.604861 45.096282 40.593609 43.747322 40.230576 44.029786 43.460253 44.842935 45.123298 40.563908 45.115386 44.164646 44.406100 43.003073 42.767654 42.414647 44.930789 46.324265 42.067642 47.238416 44.841725 49.152265 44.892077 43.023473 44.643372 43.596683 41.941568 40.826269 44.912473 47.029608 45.270947 41.051397 43.253100 46.401978 44.388338 
47.729499 47.911260 45.432574 49.466704 49.341103 44.581383 46.060705 49.172462 50.324420 49.643182 50.171786 46.403675 48.848753 46.283353 47.058431 51.293915 46.219152 47.971000 49.042192 45.503593 46.196827 48.095248 52.351429 42.173354 46.225821 46.903094 48.420406 48.825276 54.072321 48.432964 46.392149 49.807507 49.061382 49.377932 44.229760 46.411556 46.434148 49.755297 50.363888 48.544342 44.743757 43.300209 49.935359 45.715839 55.646750 49.391672 46.173830 47.447210 44.993258 45.817145 51.586049 48.295899 53.284044 49.054856 47.765173 50.013126 45.902495 52.078655 49.723806 49.464685 46.721564 47.670972 50.307867 48.595537 50.924378 49.037352 43.799713 47.588346 48.528542 43.556826 46.326473 47.723209 49.247211 48.352812 45.353498 47.788895 50.692875 46.929715 51.164681 49.302150 51.731062 48.978957 45.636954 50.128815 47.092775 46.175840 45.193006 47.041089 48.376153 45.668712 49.318095 48.292503 47.907466 48.867605 46.835805 50.149471 45.473357 45.796663 47.763667 51.914904 45.217365 51.334276 49.064779 47.924044 49.933705 51.169202 48.671280 49.159034 42.386804 49.794016 53.060766 47.406777 48.857796 52.199742 47.238792 44.963137 48.900323 48.800524 47.259317 47.600350 50.319891 48.520557 51.056191 49.465760 51.273232 47.670876 47.639990 45.493747 47.703523 45.376790 50.769839 44.985092 49.251450 48.613964 48.846168 47.742325 49.371728 48.872238 49.309827 51.394349 50.431315 51.738611 47.051712 47.693584 48.582783 50.747307 47.993244 47.159233 50.727061 45.172039 47.231230 49.560114 50.837574 45.727789 46.842445 52.967681 49.718614 43.447459 44.738309 48.946068 46.782828 45.880660 48.049964 46.763520 48.119665 47.894402 48.480533 45.457642 46.728602 44.451160 46.240988 48.103579 46.746653 46.848039 45.406559 45.583209 48.678591 47.913609 45.609746 46.915780 46.819166 47.995623 48.329774 44.453465 48.158598 48.227528 51.445825 48.426162 47.819148 46.563711 47.474718 48.520155 44.222652 50.446138 52.303530 50.398909 47.984474 46.093780 50.248395 48.652555 
51.607238 48.797146 44.184734 52.840194 47.260638 45.724273 47.144962 48.790525 47.920641 50.300117 47.613032 46.857982 49.862768 47.956059 46.993663 54.426491 47.070227 48.652697 49.159641 46.907209 48.532828 50.794862 51.066949 43.515598 48.649207 47.873590 50.421091 46.858424 51.691507 48.953662 50.438051 47.027052 49.605797 46.864002 45.007189 50.283055 47.601580 50.910854 47.304567 50.433307 46.791755 46.998730 48.680833 49.483796 54.886782 49.367257 48.331239 48.910442 45.223826 46.527444 49.738320 48.379141 52.250403 47.560674 48.290217 53.149421 46.122880 53.517378 47.363958 50.980875 48.263132 46.020271 52.313129 48.455511 49.831084 42.492410 43.622133 46.915275 46.807551 44.970551 44.610135 45.470690 46.931571 47.294290 48.614750 50.400581 49.392648 45.872924 51.147684 51.141017 52.706247 49.189456 47.966030 49.682559 47.615500 48.154769 46.891157 49.227787 48.193433 43.798941 48.252195 49.693744 48.274937 50.928952 47.778594 51.304588 45.677854 48.321005 47.212516 51.523469 47.149973 50.694180 51.550524 47.891104 49.720555 50.737892 51.263595 51.698130 44.890943 51.791523 53.897882 48.603193 47.452569 50.785734 48.798977 47.602907 50.383571 49.297971 47.558165 49.967546 50.150268 47.780799 48.873571 49.227081 52.071662 51.515731 48.546056 46.790034 47.296430 48.432344 49.568161 43.553717 50.826589 50.979334 48.635853 50.014370 51.863033 49.131330 50.237564 50.646673 50.506692 50.123605 48.356732 49.037097 46.193378 50.078961 48.587176 47.330652 51.173255 44.905018 47.311453 51.872968 50.860200 45.686167 47.028150 49.726532 52.003727 46.513958 48.605997 49.353634 47.088597 45.927704 48.534742 48.901515 49.272481 47.501368 50.848605 46.762699 48.161537 48.308669 47.183388 52.041441 48.291459 48.922326 45.310482 49.552051 47.574805 45.606006 47.058681 49.504093 43.551013 49.300128 47.624669 45.422347 49.597171 48.260247 53.676234 49.273667 48.814558 49.570422 48.691462 46.755103 47.070739 50.136995 50.372551 49.110259 46.828645 47.820495 51.657725 49.157132 
44.655982 47.801118 43.466254 49.543644 44.164977 43.191004 46.276090 49.511428 48.110192 47.304100 47.211134 42.954258 47.081082 46.410458 47.647041 51.090591 47.954855 48.114177 48.088448 43.458757 44.223885 46.926277 48.558505 44.451739 46.616285 46.259264 46.476102 45.686315 50.627446 48.220492 46.096659 46.166634 46.601591 45.463210 43.795067 46.216182 45.825346 47.292527 47.367209 45.371032 46.549705 44.458708 46.396858 45.742178 51.266739 49.263865 44.956075 46.268431 42.264205 45.088503 49.597725 45.209421 50.177992 46.977579 48.780349 47.294044 45.075321 50.123676 45.501987 47.160839 44.391264 46.260058 46.683012 48.046366 44.660833 46.523508 43.295066 46.768957 45.244425 44.836691 42.081991 43.513743 46.506937 48.028024 42.685529 48.711867 47.875162 41.627917 48.538260 47.684502 50.178834 48.632947 46.554997 46.905258 47.288341 44.290472 45.401357 47.062045 48.659017 42.809551 46.922644 49.028023 45.296963 47.112013 43.673455 47.689774 43.096058 44.411552 46.521981 47.240389 44.745079 49.232621 50.539549 46.016552 47.218122 48.752207 47.822764 49.584039 44.134229 48.793196 52.912670 46.732416 47.744446 49.533873 48.176739 46.904702 45.755590 46.423700 46.755902 45.762911 48.138786 46.188297 45.695122 47.226916 47.276025 48.011788 47.378840 46.362962 45.055334 46.639591 47.251274 41.650075 47.092911 47.063137 47.839922 45.814537 47.199621 47.268890 46.614648 48.748267 47.704963 50.256203 46.794724 46.535154 47.904102 48.734433 45.075415 47.539119 48.343479 41.592930 47.620698 47.959711 49.696488 43.162237 45.888389 50.818773 45.957452 41.769444 42.115820 51.209168 47.151189 43.041456 47.799702 46.772737 45.993824 45.119026 44.878911 45.192484 44.867194 45.497875 44.386887 47.866837 45.463469 46.900371 41.343761 45.354236 48.453751 44.913469 44.009749 46.916447 45.788546 45.533920 47.495458 44.820450 47.451077 48.607691 47.057182 45.440235 46.488604 45.649746 45.670488 43.639596 45.600494 48.001305 46.805076 47.602231 44.201082 47.069008 49.248176 46.389205 
54.146168 53.645666 47.855203 56.637248 54.190850 51.708742 52.736752 52.998815 52.013400 54.925613 53.825241 48.452856 55.305246 50.964518 52.640809 57.677424 52.759372 53.553830 54.262658 49.452934 50.613645 52.745451 56.654864 49.939451 53.055809 53.643774 55.099816 53.105468 54.847494 50.399224 52.445809 52.769655 52.160888 50.530568 47.181998 54.129395 52.761623 54.779350 54.671662 52.976060 51.006482 49.193427 51.923909 51.192628 61.325835 57.409545 49.058671 51.962420 50.815820 49.665560 58.495986 52.569941 55.306566 52.350515 52.285947 56.111629 50.888654 59.914585 54.146363 54.322980 52.086621 52.171310 54.892137 53.532388 54.274599 51.262286 49.889190 54.423131 50.283147 51.678068 48.961957 53.182516 51.864866 53.005045 53.980922 53.858374 52.205967 49.925564 57.758485 56.349302 56.764871 50.813108 50.096662 52.383627 54.054246 51.065356 52.557191 53.321290 54.700217 49.315598 49.420665 55.752565 51.879291 53.275043 52.575528 55.917051 51.195029 54.196928 52.472480 56.512569 51.161061 56.060291 55.329140 52.542377 54.208838 58.387779 57.169799 59.392599 47.503232 56.137715 57.654860 55.631741 50.715787 55.306846 53.589197 53.573505 54.992270 54.050646 51.730258 54.337966 54.913036 52.539593 55.714988 53.242948 54.659143 53.702333 52.988260 52.231376 50.102581 50.919300 53.076268 48.329841 52.891045 54.243965 54.750228 55.950902 53.696742 51.552885 51.929457 57.372682 53.033339 60.334087 52.584089 50.945385 52.556141 55.031478 52.580907 54.167362 55.623251 50.195071 55.926394 54.613466 56.541268 49.526094 53.478336 55.583452 54.045175 48.060575 49.087729 55.729212 54.887683 50.184829 52.028180 55.665130 53.553876 51.367359 55.809732 50.121273 51.438595 51.177135 50.358601 53.617540 52.953530 52.496712 48.135681 54.333294 52.326532 52.814748 51.026938 56.398418 50.288024 56.013149 55.010621 50.137124 57.708227 54.198780 56.627627 53.572121 55.174029 50.911421 52.317038 50.703248 51.792356 54.669050 54.702104 55.359897 50.568309 51.827779 56.416018 52.748415 
51.366155 47.061372 44.872301 50.587053 47.340039 46.153315 47.654153 49.652633 50.698384 49.794491 49.576175 46.668686 50.663928 46.781045 48.689876 53.666044 46.753472 49.158905 50.009229 45.486431 48.232480 48.333526 52.948287 44.615934 46.190331 45.385257 49.826900 47.837286 50.694396 49.111549 49.977078 51.151960 48.776932 48.849665 44.008188 49.001499 48.317661 50.818527 51.629347 48.689593 47.557843 44.598866 49.103282 47.212387 54.374572 48.965739 46.291357 48.483195 45.578879 46.134919 51.428650 47.776842 52.192287 50.578428 47.384466 52.756248 47.035637 53.278243 51.711424 53.372625 47.674800 46.013599 50.894088 48.072614 49.193246 48.757524 46.889643 49.220661 47.440333 47.010203 46.444879 48.701790 50.149683 48.466740 48.844377 50.023547 50.479126 47.517365 52.734142 53.014948 51.077248 48.569763 47.799887 48.776083 47.839867 45.839135 45.674546 48.697179 50.205497 45.244289 49.962321 50.369581 47.370175 47.568698 47.969799 49.755819 46.694809 48.108168 49.398669 51.861779 47.676174 50.452055 51.341972 50.332656 48.277990 52.754617 50.645582 50.190398 45.526835 50.291751 52.889791 49.597882 49.442899 51.923014 47.944187 47.818510 49.623637 49.663008 46.697305 50.415783 50.741443 48.221426 49.030931 48.995787 51.271088 47.504236 48.249183 48.759682 45.707371 49.335880 50.151848 44.981400 50.548018 51.005422 50.830229 49.836568 50.446149 48.868848 48.789923 54.354594 52.518722 51.637290 46.095722 46.570748 51.143319 49.889513 49.059208 49.372830 52.330146 46.690464 47.983507 49.937407 51.393705 44.363147 48.884333 53.076549 49.178077 44.590459 45.847205 49.034539 49.335853 47.908334 49.525469 49.879984 47.547561 48.405361 49.928137 44.692390 47.556854 44.698784 46.337213 48.981036 48.496661 47.648291 45.029936 47.007983 45.621889 48.411999 47.584057 49.007464 47.116286 49.673420 50.728514 47.570256 50.003430 50.265354 52.123441 48.518471 49.775617 48.150759 49.273758 47.321276 47.908180 48.925094 50.416908 51.201627 44.977201 45.018697 50.913786 48.652831 
56.137214 55.780012 48.699235 58.337841 52.323207 51.951989 52.882970 55.876983 54.377738 56.235502 54.504803 50.273071 53.851787 51.097115 54.019521 58.357721 52.794821 55.226703 55.126038 50.477254 51.203979 56.244405 56.991609 51.051026 53.555873 52.936414 54.814995 52.333352 55.895938 52.053783 56.132529 54.102718 54.920816 51.237254 48.360830 53.879860 55.384916 55.827133 57.701662 52.961288 50.708083 50.974006 54.318609 53.235682 63.039702 55.440726 52.285109 55.510806 50.061196 51.899760 56.640671 51.594129 57.521757 54.705837 53.278959 57.335630 51.668509 59.146062 53.619612 56.199703 51.839163 51.451703 54.253528 53.580830 54.051911 53.389575 50.820352 52.521840 51.454644 50.733951 49.706417 52.851591 51.114637 54.972324 53.105395 57.627336 54.299759 51.886415 57.237948 58.061729 57.362625 53.133016 53.902471 52.730693 55.026376 52.938807 51.479797 54.872158 53.530718 47.579677 55.374766 56.089734 52.722073 55.703971 53.749121 56.344719 50.826833 54.668053 52.436057 57.096176 51.947159 56.985487 57.173354 53.184794 55.260862 57.067769 57.331595 58.188982 51.128223 56.080116 61.623548 54.949081 55.666667 58.163939 52.892445 54.504482 53.977158 54.746662 52.840933 54.262471 54.210715 52.079365 54.381413 54.702890 56.012493 55.185878 53.385603 53.684069 52.140790 50.556197 57.406596 50.328547 53.685990 56.336877 56.515427 57.901059 54.171158 52.823841 53.555727 57.423632 56.366489 57.710532 54.035853 53.274061 54.912842 56.026206 53.640312 56.673242 58.573783 53.015015 55.004534 54.918680 59.839303 50.606969 53.237531 57.691476 55.390786 49.506095 50.313163 56.306787 53.979592 49.696609 53.719597 55.117985 54.031680 52.524644 56.695932 49.996836 53.961277 51.012337 51.652371 56.795602 51.703386 52.459871 49.288826 52.655747 53.983899 53.023874 51.103829 54.227708 50.995084 55.362730 56.286852 51.624086 58.449000 54.438894 57.145609 54.906164 55.351964 53.007913 52.480385 52.084301 53.744833 54.702831 56.436325 56.193515 51.669240 52.202401 55.875700 52.613175 
53.096707 49.721272 45.076802 51.880932 49.372885 47.187204 47.782223 48.547907 48.651387 51.636887 51.394561 47.405223 50.953266 46.470065 48.398728 54.597973 46.678596 49.457842 50.246988 48.059760 44.868248 50.805523 53.865892 48.052801 48.090939 47.302625 49.788782 49.648695 52.747726 45.837353 51.791840 49.165296 50.085736 48.126957 44.454912 51.020841 49.461613 50.023601 50.849392 49.140382 48.473350 46.723393 48.899721 49.364012 56.164436 51.384198 49.064715 49.116040 45.620465 50.110282 51.294654 47.028481 52.909471 49.395425 49.168629 50.015742 48.210515 54.385101 50.841809 51.377615 47.547870 47.849002 47.335341 47.941916 50.142388 48.610226 45.517175 47.454874 47.713817 47.229174 47.410388 45.490914 47.402869 48.662984 47.710189 49.551416 50.044575 46.319389 50.133134 53.436002 54.857836 50.737847 47.946656 50.159230 50.268439 48.632850 49.241805 48.973953 49.831880 44.656397 51.016244 52.200213 46.722974 50.233612 47.415175 51.612418 48.338541 47.757912 48.000565 51.460395 48.834719 52.398316 50.861704 48.464567 51.767527 53.607991 51.765222 53.764535 45.513042 52.618534 54.414641 51.269740 50.333975 51.875405 48.698632 49.390595 48.760300 49.600420 50.007839 50.184613 52.083055 48.731582 51.093646 48.156323 52.089531 49.277307 48.812591 47.739388 48.034154 47.873809 49.784425 45.796197 53.532169 50.826552 51.166660 51.273375 51.334434 47.872510 47.478195 51.528701 50.014026 54.726977 50.753412 48.431190 49.612753 52.412512 48.122409 50.391161 53.160222 48.890687 49.567718 48.094538 55.657649 46.260501 49.343542 53.464367 50.727154 46.014130 46.933441 54.453171 48.050847 46.178804 48.083782 51.943753 48.835582 49.875504 49.428054 44.771994 48.997424 46.413784 48.349785 51.451869 48.631756 47.968870 47.319552 50.500467 48.530233 49.066827 49.182135 47.992330 47.153121 50.661100 52.092906 46.827289 51.199807 51.671089 52.296568 50.142375 52.281319 47.263988 47.492603 47.904571 47.221991 50.237638 52.430855 52.320685 48.652154 48.554284 50.579669 50.773402 
51.792484 53.169528 44.540195 53.637180 49.563460 49.049379 48.813083 52.579589 53.501657 53.751732 51.715644 49.919112 53.220359 49.477730 49.433561 54.663994 48.470106 51.988694 51.050141 48.638654 51.450679 52.744714 54.076771 46.977896 51.613813 48.816963 53.839934 50.336838 53.328245 48.634965 52.700803 49.740249 49.205035 50.404543 47.151428 51.114155 51.432828 52.748327 53.313735 52.760381 49.322492 48.055229 51.788430 49.626241 56.051043 51.051665 51.010586 51.909055 45.853433 49.904386 54.367637 51.200861 53.635185 49.906006 49.385747 50.878180 49.058623 54.325056 53.471262 51.216106 48.899902 47.358634 53.793841 50.478642 52.450615 49.088536 49.636756 49.846869 49.052680 47.837693 47.092254 51.104087 49.601005 50.660696 50.792128 52.071805 50.995502 49.212035 53.039871 53.372313 53.520140 51.627789 48.867501 50.759834 54.175646 51.303849 48.778309 51.640966 52.085780 46.389691 49.555648 54.695308 51.095877 52.220651 47.641337 49.608353 49.933339 50.270107 50.419957 54.864016 51.112158 52.113763 53.468721 49.663328 51.847566 52.512394 54.066479 54.264182 47.403236 52.261593 56.776278 50.647924 50.731382 51.978995 51.033088 50.540476 50.883628 47.573313 49.332793 50.310534 52.811189 48.704296 52.693280 51.582602 53.702100 49.512044 51.979838 51.257297 46.659595 49.069143 53.015948 46.020610 50.248356 51.072245 53.499755 53.196934 52.260073 51.288266 49.311270 53.337422 51.175408 55.319943 51.722656 50.120820 49.977212 52.844386 50.100599 50.508628 52.385182 48.840404 48.681579 49.867261 53.747510 47.094493 50.476007 53.383499 52.491657 47.064030 47.653288 51.405003 50.302139 47.823631 53.595281 52.190446 51.077648 49.632193 52.351206 45.194048 50.113501 48.934769 48.274541 50.364717 48.884884 51.471853 44.594003 52.628995 51.179955 50.462349 49.951776 49.551828 47.084730 52.258271 51.814904 49.620896 51.827016 50.446462 53.441260 52.544270 50.311891 47.587859 49.589573 50.026382 51.704505 52.938962 52.912174 51.528528 47.996527 51.100883 51.557930 52.815034 
52.475990 50.549714 43.923887 53.979460 47.131585 45.712462 50.433934 51.723666 50.344885 51.505404 51.151936 47.829462 50.371238 49.331953 51.131213 55.356956 49.133378 52.169621 50.405322 49.176441 47.494234 53.331676 52.611113 45.648698 46.967042 46.804698 53.059690 47.895238 53.574124 48.121470 50.974867 49.116595 52.779605 49.738784 44.478061 50.876227 49.464902 50.471249 51.457446 48.575251 49.521053 48.145259 49.672065 49.419466 56.385614 50.915100 50.851301 50.738691 46.079548 47.577584 51.252416 48.804395 52.831766 49.967036 49.499650 53.162282 48.996900 55.470212 52.038834 50.258450 49.021444 48.209847 50.325642 48.040318 51.179211 47.094674 46.504149 49.492257 49.553880 46.734518 46.929950 48.581193 46.301796 45.076822 48.605347 51.350276 48.874332 48.326161 52.181474 52.289979 55.983286 49.483916 47.972112 50.361011 49.795910 50.734737 49.977671 50.125833 49.442129 46.331499 51.140540 53.014852 50.114041 49.354834 46.889056 52.521111 47.980698 49.415230 50.108097 53.428582 46.894296 52.987643 51.806466 49.581515 51.100779 53.792612 52.096480 53.147465 44.918575 54.050204 54.726515 49.022558 51.646088 52.704220 49.013055 50.441316 51.999566 50.928008 49.958702 50.713820 52.532518 49.945371 51.876531 50.528613 50.573973 51.819068 47.432454 49.604660 47.206046 48.147656 51.557357 45.423556 51.791576 50.165743 50.624311 50.400859 53.198862 49.159118 48.841336 51.808525 51.727454 54.980729 50.574087 49.280074 48.434379 50.059153 49.488443 50.790094 54.089473 49.108609 51.141463 51.014824 54.013145 48.798860 49.066177 51.526297 52.302683 45.250158 47.176677 53.167649 49.421007 47.560498 50.727214 53.218848 49.155363 47.664326 49.449998 46.139665 49.431657 47.303310 48.397070 48.848340 49.039579 51.169505 47.129024 51.480384 48.292883 47.977746 47.934126 50.279753 46.244916 51.808667 51.362297 47.483361 50.128466 53.745426 55.361263 51.242119 50.221219 48.783542 49.240889 48.922445 48.328790 52.849050 51.277881 50.308447 49.468592 48.856473 52.085733 50.298213 
54.128967 52.410632 46.860569 54.129592 52.142062 49.103594 50.704434 54.070715 53.229041 52.089290 52.783214 47.954638 55.018014 50.427234 49.342859 55.269285 50.106593 51.719451 52.996916 49.053741 48.605525 53.697545 57.031099 48.472856 51.590595 52.205863 51.937569 52.086530 54.092501 52.660418 53.900175 48.724715 51.646233 52.194396 47.353913 51.974520 50.686519 51.816795 51.219475 50.626282 49.508447 47.149736 51.848605 49.861774 57.598724 53.648620 49.115409 52.121846 48.539287 48.360733 54.504903 51.417234 56.859840 50.006652 51.218099 52.543927 50.734701 55.541421 52.958553 51.802844 49.905830 50.892534 51.321107 50.806471 54.340220 50.719057 49.128622 51.660983 50.655300 49.366021 49.593633 47.739653 51.539319 52.026121 50.129783 51.476586 51.990478 47.346741 53.333268 53.214335 55.792173 51.530275 47.610824 51.225647 51.540129 50.714947 50.367715 52.149317 52.936451 48.690054 49.275948 53.593755 50.742168 53.046466 50.867359 53.590713 49.218442 50.384745 51.824823 53.757411 49.472458 55.250879 52.897354 51.123878 53.489895 55.926860 54.888046 55.859794 47.089761 55.949184 56.982648 52.496239 51.801765 51.896089 53.153355 50.855129 51.713342 52.241219 50.540786 50.644042 53.324402 49.520326 52.851315 50.887597 54.986842 52.665017 50.761783 51.454504 46.147691 49.558762 50.320812 49.521082 52.517596 49.891928 50.930341 52.957516 54.637959 50.652314 49.890348 55.171162 52.466408 54.340606 51.242593 50.812548 50.130239 55.647494 52.077498 52.621897 55.354079 48.156490 51.976433 54.636628 57.198952 49.363244 51.499184 54.320038 55.107507 46.566764 49.781734 53.813330 51.257101 49.374770 51.888486 52.348821 51.736211 49.705248 53.266756 47.454516 50.450679 49.918128 50.158769 52.240805 52.068550 51.227873 47.732802 52.836917 53.984157 48.387858 51.859926 52.162243 49.361638 54.141049 52.839208 47.763753 55.044552 53.326715 55.616977 53.185903 51.942009 51.208087 53.401091 49.440663 49.436303 54.486131 54.321807 52.555157 48.319940 50.921449 52.387043 53.413649 
48.847017 51.230114 44.151254 52.720052 47.443263 45.659823 48.641950 48.011571 51.114693 51.305653 49.901995 45.629730 50.145370 48.974464 48.177475 53.468223 47.122194 50.014006 49.793714 45.880374 47.229113 49.582163 50.275230 45.229270 50.260851 48.241586 48.811454 47.662635 52.624691 49.080213 50.539216 46.253697 48.252191 45.760625 45.030784 48.849235 50.422805 50.672356 52.471109 49.198651 46.522917 47.248651 50.420201 48.439279 55.236413 50.468693 46.119802 48.584885 45.712991 48.020502 49.220979 46.484774 52.063404 47.753788 50.064521 50.307578 47.688751 51.706153 49.263523 50.008901 46.473845 45.552466 48.188642 48.640793 50.409047 47.533956 45.451365 49.795679 49.995909 44.971954 45.485539 45.404045 48.328515 48.695193 48.461242 48.908220 48.233749 46.067671 52.218959 51.015876 51.485210 48.486810 47.218874 50.237482 47.562864 47.428988 48.390974 49.884980 51.651315 45.205478 48.765665 51.506298 48.975593 48.420000 47.888866 49.169555 45.327139 48.829879 48.100563 50.643600 49.417375 50.515096 49.777064 46.380429 49.780972 51.362309 50.503623 51.985889 44.124169 51.275741 53.411775 48.792543 49.206235 51.857508 49.993628 47.293516 48.534711 49.576122 49.469767 48.922091 48.369630 46.541365 51.176689 48.927493 49.631092 50.476396 49.855624 46.547587 46.995703 46.174776 50.449844 45.452428 48.966392 50.180427 48.229367 50.449167 52.129354 48.956624 47.372086 50.882250 50.790618 54.836544 50.407214 48.287078 49.263173 50.578428 48.168002 49.574855 52.194662 45.694019 47.208741 50.785198 51.573431 46.535396 49.093199 49.712222 50.678722 45.829568 42.476846 50.735310 50.306932 45.058146 49.191212 50.715923 49.320803 46.631222 49.884851 44.615183 50.369005 46.159090 47.162128 47.932362 48.449716 49.871899 43.630601 49.645680 46.946178 47.775092 48.491990 50.179882 46.677015 50.978065 51.034097 46.458236 51.549754 47.788697 52.975616 49.730649 49.259268 47.377815 47.004778 46.616967 51.594701 48.258424 51.002816 50.716132 45.991352 47.127661 51.737971 49.631549 
54.841662 53.610857 47.856642 56.184926 52.111327 48.599182 53.556806 51.047226 55.293658 54.832846 53.822682 49.125493 51.492735 50.651874 51.801999 55.625335 48.524471 54.266028 53.350459 51.046737 48.167795 53.914568 55.665102 50.146729 50.700205 50.267547 54.060822 50.885793 55.745803 51.563728 54.300549 51.732311 49.816505 51.576620 47.214393 52.999229 53.327900 54.514653 52.268047 52.506503 52.335906 50.195048 52.911811 51.943425 58.338199 49.954291 50.788383 50.395973 48.534149 51.215488 56.383300 52.414484 56.330265 50.846296 50.771772 54.301755 51.485906 56.783426 52.731154 50.700809 49.530910 47.327485 54.080869 51.185627 52.679008 50.089484 51.098384 51.145143 51.076877 49.263229 49.633084 53.369313 48.831435 50.316109 51.887534 50.578850 53.589172 49.318710 53.738087 54.265347 55.350351 51.966647 51.991389 53.420961 51.233158 51.781755 49.597214 51.313069 51.300769 50.860189 51.490029 54.167594 49.699313 52.049753 52.800600 54.836948 49.189188 48.865115 51.026196 56.929978 46.369678 52.014179 51.773902 50.413314 51.497923 56.541744 54.605480 57.237138 47.809813 56.188086 57.526829 51.576167 51.776033 53.180893 53.380822 53.131637 53.030338 50.825186 51.032205 51.074700 54.673373 50.771709 54.882369 51.398613 54.524800 52.525766 51.644771 50.224519 49.660651 51.747250 52.821421 49.344603 52.455604 53.463747 52.340978 53.077143 53.662642 53.593764 51.888009 52.826298 51.755526 56.553750 52.664906 51.599566 49.371704 53.023555 50.152315 51.891143 53.931163 48.144096 51.794543 53.208437 55.172198 48.615572 53.183472 55.434241 54.771789 46.262020 48.406016 53.765157 49.610075 49.604549 52.094470 51.778563 53.637655 52.506968 50.856714 49.719396 49.908627 49.791790 52.807316 51.563229 53.010759 50.838793 47.778043 50.568037 50.100539 50.370227 50.268333 53.482376 51.972931 51.607320 53.349907 48.667077 52.936448 52.879209 56.114470 54.860058 52.053494 51.981375 51.833169 48.180623 51.193258 54.411234 55.306100 53.637617 50.498448 49.691929 54.558191 53.112967 
49.777225 48.220518 46.781620 51.683238 48.144675 44.089920 47.621731 48.165593 48.636263 52.738044 49.326490 44.446008 48.854303 48.392862 48.613586 52.559392 47.917782 49.313608 51.355082 44.403755 47.834196 47.656718 49.925100 46.082175 46.073416 45.568602 49.130898 49.556271 50.111963 46.560653 49.522528 48.109849 48.319499 46.561993 43.390038 49.799556 48.281806 51.389204 52.796674 50.308276 46.467768 46.975112 46.424360 47.349256 54.490959 51.348810 44.667417 49.058939 44.991177 48.456364 51.186823 48.352730 51.967501 49.626918 48.378308 52.634715 45.467504 53.469964 46.810967 49.332000 45.252701 46.892579 48.161499 50.956413 48.174741 46.363662 46.117227 48.872893 47.431836 44.936556 44.337378 47.223739 47.187741 49.285574 45.879398 48.171097 48.089211 45.417652 51.177040 50.130853 51.394438 50.663002 48.205280 48.558330 48.804881 48.802524 44.964725 50.270778 50.526912 44.787956 48.708257 49.615227 47.610131 49.488289 49.336174 48.321657 44.616894 48.458215 46.590208 49.236735 46.913552 51.346682 47.140876 46.949173 47.248399 51.712924 49.007783 52.122685 44.481917 51.749587 53.905202 47.072677 48.257290 51.978681 50.588481 48.208037 49.499378 47.517497 47.783756 48.450406 49.845063 46.379250 50.799489 49.134604 49.341085 49.121505 48.455195 46.138338 46.593190 46.719557 50.204454 45.118162 47.815457 50.669243 51.637801 48.769444 51.609550 49.096561 48.241721 49.514094 49.419218 53.107776 48.108271 47.667356 48.154956 50.980188 47.162573 48.384009 51.610779 43.873808 49.231534 48.253800 53.161357 44.643368 47.141945 51.259184 48.934096 42.801661 43.442634 49.816899 49.426264 45.386865 49.151168 49.566942 47.741877 47.793330 50.180946 45.950616 47.464212 44.888199 47.895041 51.390588 48.189303 46.554038 45.125327 45.988042 47.786715 48.174123 46.934100 49.179599 47.560126 48.499556 50.201598 43.869658 48.727169 51.010896 51.035840 49.516621 48.675598 48.118587 46.753012 47.510339 48.807789 46.847703 51.034824 50.372686 47.098550 46.136931 48.267875 50.778876 
50.551659 49.574599 46.492839 54.390765 50.123759 47.965043 48.895549 52.248116 54.331945 55.223178 51.917373 47.329063 50.997941 48.906318 51.161712 54.724133 49.192702 51.485484 49.424098 49.965919 49.300081 51.597662 53.690791 46.130483 50.691295 49.156789 51.304268 50.637735 54.245314 51.826339 53.023725 49.514517 50.224103 50.163818 47.501849 50.264945 50.880535 54.505535 54.774708 50.853417 47.634360 49.293844 52.236700 48.617209 58.759970 50.402216 48.142748 50.017461 47.176504 49.654157 54.133547 50.088739 55.492001 50.362977 49.814612 52.558944 48.982776 57.464226 50.751968 52.195710 49.923165 48.188864 52.921768 48.381789 52.822989 49.687945 48.031187 52.241764 49.602531 47.225337 47.779707 47.304281 51.070281 50.958520 48.668137 51.217185 50.144088 48.224737 53.187619 53.501693 54.888617 49.944239 48.841329 52.160038 50.746847 50.559197 46.841284 48.794062 51.779914 46.927250 51.106090 53.601333 50.179675 52.988628 51.061035 51.502184 46.903654 49.614604 51.794700 52.526157 50.486980 55.520260 54.730199 52.490744 52.362839 54.721228 52.727857 53.469902 48.442429 53.668246 55.987365 50.930418 50.747138 56.080626 52.544585 49.297847 51.759059 51.864652 50.591296 50.685100 50.527635 49.211564 52.463018 50.858313 51.566860 50.337681 50.705507 50.943727 50.038877 48.866379 52.560708 47.051506 50.521922 52.765262 52.980335 51.471146 54.362066 51.754174 51.249930 52.731650 53.538294 57.496718 53.225779 51.363967 51.607580 52.591661 48.638275 53.405620 54.970253 47.237710 51.272962 51.991923 53.862181 45.841870 50.488953 55.238881 53.541958 47.670566 46.101586 50.525244 50.141449 48.106934 50.472907 52.343233 50.376862 50.313013 50.667504 47.149735 51.165510 45.615858 49.746623 52.124115 48.592810 51.297399 46.659118 50.323685 51.587887 49.993047 49.236686 52.728618 46.502335 50.584355 51.498696 48.149585 53.785225 52.546539 54.389083 51.830037 51.676329 49.748180 50.390581 51.527531 52.318485 51.333828 52.745878 52.109868 49.029618 50.416273 54.734675 52.665681 
54.677043 51.038511 47.966579 55.114046 50.843891 48.780601 51.594761 52.374201 54.514469 56.091863 52.020152 46.664971 53.907883 48.763612 50.459745 58.961677 49.236754 54.326504 52.984161 47.439081 49.489867 52.244840 55.399175 48.273722 48.912079 48.025739 51.076375 50.804860 54.905477 50.223033 52.283276 52.542214 51.938493 51.653579 46.406233 51.399726 51.556214 52.527932 51.828985 50.286559 47.675421 47.290355 52.358493 47.944763 57.932926 52.231383 49.930883 50.421031 48.904843 48.285339 53.152103 49.769338 56.024634 51.040246 50.359995 56.005760 49.837284 56.723024 54.700774 53.847762 50.131803 47.263172 51.377675 50.742477 51.814971 51.110014 48.957256 51.436999 49.791317 48.764848 47.901654 51.232840 49.706223 49.578990 50.865923 52.246412 50.975975 50.640888 54.714142 52.804130 55.983983 51.517853 49.105566 52.078161 53.581402 51.990142 50.481772 51.818778 52.647190 49.401618 53.331854 53.484784 49.747003 52.843932 49.946759 52.338682 49.288801 50.796834 49.922084 53.573256 51.500683 55.029211 52.649691 52.009258 50.183919 54.189270 54.178636 53.412180 48.216596 53.865083 56.541382 50.503830 53.961916 54.877013 51.750065 51.054800 53.706191 51.775099 50.112368 51.605946 53.496261 49.074380 54.479656 51.075695 53.044623 52.247754 51.134851 50.417479 47.643004 48.855615 52.485959 46.639234 53.118096 53.539813 51.908043 50.829228 53.243397 52.562187 49.601271 54.240854 53.726300 57.130683 51.540491 49.490573 51.572042 52.380098 48.161972 52.543962 54.083149 48.386864 51.669418 53.075289 56.015252 49.958608 51.511051 56.335459 52.853381 47.930694 49.538805 53.026275 51.044782 47.899034 52.425487 53.497072 50.855439 50.634800 50.067297 47.193546 51.031272 47.431591 49.257757 50.673230 52.018245 51.510067 49.094275 51.786147 52.781246 50.060807 49.873473 52.625538 49.538589 52.913299 52.100386 48.706454 54.043307 51.897770 55.513891 49.545483 51.902352 51.693218 51.821034 50.555644 49.685301 52.704146 53.149395 51.779591 50.352112 49.521901 53.008220 51.978224 
55.688537 50.987561 47.732705 57.358050 52.866325 49.873055 52.054656 54.290883 54.823680 53.514476 57.216451 48.823437 54.058179 52.227336 53.850103 56.624347 50.125669 53.073796 54.522449 49.836417 53.004118 54.902835 54.075539 49.636937 50.978972 48.707887 52.112492 53.165521 55.749234 51.963634 54.367658 54.216561 53.186940 52.767014 47.870352 53.257685 51.561353 54.345136 55.964801 54.189900 52.553955 51.763453 53.581876 51.938045 59.707089 56.248472 51.769535 52.129898 51.163205 50.949894 55.234299 53.343266 55.913767 53.394348 51.559166 53.397119 49.699782 58.690877 53.871876 55.032739 52.569259 48.822266 55.883652 52.450296 55.467537 50.753333 49.503903 54.383684 51.525091 51.142633 49.317552 50.585549 53.474013 52.181377 52.191271 53.965548 53.245058 49.485733 55.138414 54.722510 57.626198 54.337605 52.929804 54.436144 53.910059 53.112821 48.636782 54.235686 52.159074 51.543932 54.137229 55.497203 52.877553 51.317248 52.395589 53.386272 51.523945 51.540777 51.705669 54.933820 53.012471 57.062468 54.709716 50.617326 54.655825 55.819954 54.261951 54.934852 48.686259 57.362395 57.731570 51.882261 54.869972 56.423141 52.145690 52.288523 53.083319 55.088016 53.511925 53.080527 53.510298 53.845058 55.729180 54.523598 54.768903 52.552315 52.893276 53.451376 51.084261 51.450917 53.459003 49.098983 54.052467 56.104111 57.344512 52.792659 55.571667 52.792910 52.570261 56.291376 57.516937 58.375436 51.204182 52.328518 53.452981 53.465592 53.125401 54.482578 55.699435 48.223081 53.931532 54.075663 56.121777 49.902260 55.344399 58.092372 54.176779 48.691259 47.928151 53.593701 55.799053 50.019302 53.216997 55.147380 51.280795 51.186602 51.404809 49.292240 51.858276 48.528127 50.829413 51.443302 50.982154 51.864083 49.990168 52.591951 49.996778 53.280723 51.189921 56.329169 50.402466 54.457896 54.048974 49.501528 54.895937 53.132130 54.218786 53.729483 54.477258 53.563774 51.792180 51.729374 51.437152 54.944778 54.343980 55.338125 49.643516 50.120327 54.782815 52.213799 
49.097859 47.963299 45.054692 51.452226 49.399221 44.826833 47.108112 48.239808 48.979016 49.124871 50.025658 44.668219 47.642799 45.813729 46.243472 49.813003 46.707717 47.101342 48.793555 44.845493 45.336125 46.938391 49.028899 43.404664 44.181551 45.993986 48.526514 47.837904 50.326218 48.471638 50.571232 47.152881 46.702585 46.876817 41.858915 46.801169 46.072411 50.579044 51.196151 44.866639 47.736788 45.339149 47.719626 43.318371 54.766955 49.101411 45.829100 48.414286 45.430168 44.895269 51.806666 46.686503 52.005248 46.622324 46.584222 46.470719 43.538808 51.776426 48.338724 47.776354 46.244694 45.570976 50.204779 46.029605 50.106851 46.860851 44.812297 48.462684 45.582275 45.870802 45.951758 45.455674 46.596303 46.171203 45.481762 47.498801 49.867535 44.301059 49.568853 51.134690 52.770523 47.478769 47.223464 46.129999 47.166517 44.890364 45.268634 47.228879 48.450898 45.077304 46.870725 49.586632 46.618225 47.301873 48.756547 48.283056 42.977864 48.017531 49.897745 50.514043 46.082747 51.445196 49.433767 49.226750 50.194788 52.408971 48.771388 51.705020 43.728344 48.186126 52.787502 48.684782 47.486708 50.926310 49.834749 46.548570 46.277704 48.512914 46.417842 46.129609 49.566984 47.535828 47.858012 49.192740 47.736658 47.574197 46.080034 48.251451 47.379938 44.597200 48.266061 43.639635 45.887505 47.762714 48.514163 49.670623 49.842232 46.810976 44.687915 50.626735 49.953612 52.718650 48.645277 48.198693 47.272453 50.773237 47.538129 48.237734 52.803825 42.437864 50.900509 48.372193 51.684421 43.684202 46.958534 52.600863 50.295086 42.475827 42.750688 48.159298 46.933906 42.615451 48.412736 49.492909 46.567913 46.219299 49.325365 41.789312 45.937567 44.126371 46.880652 46.245376 45.319690 45.844449 44.981547 46.666119 47.970353 46.848998 48.353547 48.646562 46.359578 49.689707 51.396176 43.218223 49.840107 49.660130 50.392575 49.548000 48.750901 46.854261 46.778889 43.936557 47.647609 50.962520 50.594886 50.585863 46.458811 46.364899 49.240255 49.833280 
50.503068 50.171229 45.160382 50.683215 47.650780 45.105967 49.898792 49.434125 49.410596 49.498612 48.713462 47.802371 48.557738 47.430076 48.846598 54.013830 45.447244 51.813425 48.081116 45.232074 46.916145 50.858902 50.767721 46.129186 48.237324 47.589079 49.647275 47.827190 49.088473 47.377265 47.491183 45.435938 50.591943 47.300821 42.754181 48.220394 47.574148 50.301518 52.084652 49.322957 47.193429 47.978095 50.837303 47.654113 54.262445 50.104764 45.582618 47.842707 44.440282 47.715223 52.679836 48.464368 54.547468 48.489466 48.227314 53.020248 46.255200 54.735204 50.374410 49.514472 46.964125 45.529983 50.113341 47.420203 47.676897 45.444056 46.005300 48.943800 47.747513 46.191239 46.512221 48.477813 47.687849 46.198872 46.490802 51.039299 47.763169 47.391094 51.210229 50.218241 51.698865 49.606644 48.032585 48.049734 48.756187 48.927926 46.851498 48.381288 48.892924 47.466870 46.090154 53.157717 45.765115 48.615439 47.850327 47.532005 46.922716 48.641869 48.061742 50.725395 48.025024 53.834520 48.656085 49.022936 49.047044 51.524739 48.223749 53.610820 44.899348 53.669684 56.530691 50.244112 48.209804 51.942314 48.748849 47.401775 51.350016 47.776281 47.584500 47.611453 49.483003 48.015318 51.253309 49.990017 50.683002 48.211512 48.306580 47.652417 47.072366 46.866995 51.341001 45.210446 48.877193 49.747584 50.734765 50.334884 51.767466 49.173995 48.658952 50.443129 50.328142 52.759165 49.197744 48.923633 48.195981 49.707488 48.710394 50.198346 50.938309 45.168357 48.490866 48.240970 50.989481 47.404079 48.335633 51.800003 50.096910 43.096050 45.373979 50.091989 49.345383 47.295821 50.691154 50.732643 49.249014 47.283553 48.815668 44.122643 47.835204 45.987513 46.876709 49.869870 48.895922 48.769571 42.845469 47.713074 48.567744 49.537181 45.590121 48.842789 47.273444 49.330416 49.925134 45.824456 50.658435 49.595466 51.522852 48.719524 50.646616 47.237768 48.025060 48.786844 46.070099 51.133012 53.461328 50.064387 47.594298 45.685999 48.913712 48.621333 
50.116995 48.431726 46.270696 52.819896 48.528789 47.073073 45.731522 50.116290 53.645239 47.983087 51.213126 46.803546 50.746131 47.713613 49.475911 53.825421 45.465913 50.677308 50.509545 44.305855 46.364585 50.381138 52.394504 48.513296 46.964378 46.968767 51.222216 47.698791 49.323851 47.453250 52.104222 46.827076 49.409817 47.623385 44.812666 46.591167 48.393141 50.398115 51.623092 48.692346 46.540087 46.087106 49.835832 47.884185 53.439559 50.851528 44.314858 48.060951 43.404456 47.677336 51.324460 48.011829 53.024973 50.379327 47.486626 52.251334 48.115814 52.001899 49.314748 49.690376 45.750729 48.232971 48.643803 46.771879 48.707628 48.261955 47.523270 49.147555 48.491891 45.232867 47.225252 46.459860 46.800723 49.345598 46.138044 50.072543 47.884279 46.437367 51.033403 52.004636 53.120742 49.596018 47.709926 50.359238 48.581620 48.651697 45.582577 48.935506 50.111791 46.542444 47.136019 51.906094 46.233688 47.485412 48.153612 50.759180 45.956509 49.391502 50.261109 52.102963 47.921710 52.098372 49.832097 46.163278 48.038185 51.937194 49.935782 50.704481 44.970265 53.179196 53.353132 50.007965 49.131063 51.503475 50.844594 48.548647 50.726323 50.533081 45.473558 50.181039 49.716925 47.869568 49.211185 49.981278 50.660483 46.426126 49.188937 46.742126 44.679730 49.255400 49.667186 47.919854 49.054878 49.807737 49.873775 48.799973 53.249562 48.560109 47.759465 50.971504 51.120331 53.151411 50.277076 49.312827 48.168451 48.164455 49.262632 49.781700 52.741411 44.678990 48.855912 48.809543 52.674184 47.580647 49.117248 53.052663 52.362749 45.217974 43.540188 49.419944 48.745258 44.732937 48.415977 50.159733 48.668858 46.085733 46.241433 43.864705 50.003089 46.661742 46.834220 48.133086 50.807568 49.773000 44.758435 46.319103 50.746354 48.396732 44.845473 47.794770 44.960692 48.609070 50.251106 44.500951 52.262641 50.383751 50.702465 48.505117 49.750921 46.362628 48.336453 44.863941 48.794454 49.531103 51.207347 50.234275 45.267624 46.198228 50.965003 47.877685 
51.558044 50.917940 45.163238 51.643672 49.259062 45.786141 48.936205 50.805087 49.668681 53.262626 52.760211 45.819025 51.202368 47.556065 48.856915 54.034410 49.842251 50.679485 51.871570 47.147642 48.853038 50.680881 53.074388 46.667081 51.441351 49.939929 49.328185 47.725604 54.334204 49.544288 51.677480 48.622981 51.310813 48.785725 45.864037 48.894602 50.657390 50.096620 52.517984 49.602497 45.195647 47.139341 50.197933 47.096956 58.510376 52.021743 48.278825 49.819653 48.513225 48.306312 53.475330 48.359441 57.325367 48.550528 49.358389 51.550018 48.861464 54.892670 51.102585 50.061511 47.365996 46.362789 52.827656 50.354688 50.199946 47.865999 46.441319 50.850465 48.218508 45.309349 47.717534 48.257005 47.504979 48.763330 49.661107 50.846307 49.079550 48.389863 52.287735 52.551055 54.982290 50.366266 48.377847 49.755059 50.534811 48.449572 46.633352 53.053034 53.104184 47.220142 49.574838 53.315588 48.655376 50.635781 50.500184 52.092447 47.536296 50.483410 51.297143 52.479088 49.112362 52.617724 50.536889 48.755527 50.898247 53.577852 53.574522 54.282202 46.543139 54.172769 55.710263 50.546674 50.025211 51.116303 51.324262 49.373723 51.852601 48.559941 50.370049 48.816872 50.148220 50.200347 52.974787 50.729527 52.050127 49.835992 51.504542 49.113014 47.261823 47.023851 49.292527 47.351304 50.348097 51.009208 51.747170 49.763295 52.299681 49.788821 50.638065 53.679032 53.935100 54.558372 51.132548 51.594533 49.195245 51.380228 49.845083 51.849805 54.058567 47.478174 49.300439 50.387833 54.867167 46.894748 51.815795 53.835271 50.819245 46.260730 45.493598 51.633454 51.421374 47.365671 49.596107 54.379508 51.367269 47.228968 49.860839 45.481284 47.580221 48.694487 48.508972 50.568338 50.643653 48.051936 45.318846 49.577588 50.119216 48.732538 50.168739 51.191564 47.500793 52.170533 52.095100 47.914788 53.739615 49.955383 53.234843 51.525151 52.096478 48.919943 48.647916 50.010619 50.916266 50.630557 52.379186 51.687201 46.608957 48.862060 54.418358 51.401133 
51.187374 51.012597 44.415174 52.396162 48.256307 46.611744 47.751993 50.768784 50.487813 50.257921 51.132968 46.715822 47.471089 46.338257 47.553014 52.747722 46.113488 49.661719 50.080333 44.909954 44.965248 47.998266 49.764422 44.355712 47.159288 45.045439 50.669134 47.001148 54.210373 48.704466 51.987151 47.858905 47.492059 48.547784 43.599433 49.002534 50.898868 48.617339 52.253913 49.225251 46.975261 45.627958 48.975176 48.168814 55.788593 49.848874 47.756750 48.861137 43.716901 45.239300 52.525198 48.381679 51.593009 48.707040 46.253041 50.567976 45.919433 53.673234 48.844635 49.303309 46.921704 44.788544 50.593684 48.641277 51.306139 48.494578 46.244983 48.479895 46.727497 45.948795 45.407929 47.776684 48.453977 48.611741 48.534629 47.490596 49.185780 46.351193 50.717608 52.887021 49.814264 47.687600 46.102521 51.352133 49.862717 47.791926 47.833879 49.998433 49.391051 46.945809 49.057820 51.785455 47.150015 48.412944 47.370849 49.505730 43.997979 47.432864 47.029606 52.735494 46.262836 51.449464 50.486147 48.621034 50.696494 53.642846 50.164478 51.212559 44.730245 49.626999 53.352468 48.138491 48.459929 51.050190 48.845199 47.842305 51.473334 47.999882 48.597458 49.667140 49.812367 47.496990 48.732728 50.899810 50.595300 46.975447 48.506828 46.190062 44.544895 47.314312 50.330861 47.414225 48.031648 52.230348 50.752419 49.184109 50.120357 47.639235 47.229329 51.983454 49.932356 52.828606 48.014372 48.296588 46.299300 47.659221 47.969626 48.114985 52.269280 45.663410 47.621787 49.814807 52.898243 46.509231 48.670091 52.176024 53.168055 44.989216 42.581731 49.910714 49.440646 44.983877 48.312797 48.856342 49.055485 47.515083 49.931081 45.335867 49.872414 44.709601 44.605432 49.593555 48.962629 45.595679 44.807203 48.229403 47.977499 47.246212 46.890347 50.582070 46.753080 49.525486 48.640648 44.891129 51.621891 48.213534 49.626125 48.360184 48.721683 48.972575 48.637730 46.939800 48.674490 49.080365 50.371926 50.032556 47.091565 46.653737 51.417050 50.801476 
47.573659 48.596685 42.149487 49.958879 47.446083 42.464167 47.729043 49.977487 50.050824 48.676788 49.901668 46.199983 48.627974 44.840610 44.332552 50.314084 45.351314 46.771326 46.028997 44.978728 44.569218 45.541051 49.914305 42.863700 45.253040 44.564032 47.465376 44.785005 50.611891 47.574966 46.779958 48.491660 47.704744 44.593261 43.279901 45.897491 45.883454 49.741562 49.263360 47.306277 45.778075 44.805228 47.085410 45.974242 53.181408 50.802115 45.189963 48.427990 46.887104 46.007808 50.327054 46.114330 51.460965 45.746051 46.199790 48.560961 43.260062 49.550550 48.216936 47.980858 46.440916 43.964234 48.277062 47.138115 48.701014 46.487696 42.668178 48.316384 46.483871 43.480471 44.262903 47.589130 47.294420 46.432608 44.161837 47.460027 47.717472 45.792348 47.894490 48.237392 53.503764 46.146248 47.819324 48.661399 47.155759 46.604814 44.889043 46.221979 47.781877 43.804148 47.560152 49.005899 45.495680 46.097791 43.581826 48.862431 45.879714 43.543336 48.727930 48.206742 45.358977 50.235376 48.865548 45.849388 44.315822 48.832141 48.655217 49.946969 43.616978 51.000732 52.108113 47.415273 49.753859 49.660756 47.191979 46.051657 48.676561 45.550484 46.402641 47.231233 48.097818 47.167085 46.694464 48.743661 48.244554 47.716976 45.324272 44.397061 46.780790 44.450308 46.493229 44.470294 48.430340 48.732063 48.517652 47.203997 47.967287 46.207614 45.022457 48.540257 49.785641 52.219906 47.032929 44.404184 46.667819 47.310118 45.513888 46.268995 49.699132 45.253388 45.308239 46.502519 47.318101 43.312009 46.782534 48.392050 48.251651 42.564358 42.965490 48.636296 46.552406 44.011797 44.995699 49.179725 48.371048 45.634323 45.893888 42.696323 45.888505 42.758263 43.445946 47.140617 46.490882 47.297484 43.996164 43.866066 46.512335 48.478280 45.097006 46.647360 46.668432 47.454802 49.974422 42.042119 48.682002 47.864733 49.333216 47.718577 47.486169 46.117548 46.365701 46.029221 45.296816 49.240235 50.431319 49.002803 46.158127 46.926082 47.237983 46.925238 
53.725649 51.025382 46.461205 56.147689 50.249645 47.553767 53.335445 54.221528 54.536846 53.389090 55.345037 49.987576 52.635283 51.219512 48.985875 58.339578 50.527531 50.938292 53.157238 50.121717 49.909324 53.324802 55.485544 47.116934 50.260034 51.173556 52.690095 52.467907 57.203282 54.028946 53.493319 53.843230 53.679418 50.540759 48.846644 52.420139 50.651821 54.389232 52.409657 51.376233 50.715060 48.527208 52.743571 52.064724 59.105076 53.315842 50.150762 51.940914 49.659604 49.660988 54.088040 51.351727 57.911630 51.790064 49.589216 53.354284 48.222810 56.301091 52.855895 54.762082 50.337493 49.234814 54.418446 50.708650 51.839022 50.216135 47.937573 51.186515 52.030454 51.063087 46.316390 50.152584 51.375270 51.855030 49.961771 53.662778 50.549589 48.808411 54.919719 53.541695 56.196442 51.946031 50.953148 53.288011 51.886343 51.593258 49.422999 52.435406 54.136170 47.713434 52.364610 55.048587 52.858246 53.377901 50.585311 54.373360 49.606552 49.645665 52.677779 53.324849 51.101505 53.968298 56.046032 51.787430 52.180536 55.667818 54.910831 53.807309 47.890099 55.719299 55.917776 51.737818 52.642543 53.090601 51.976735 51.664713 52.762683 52.956341 50.347066 50.007872 54.652240 51.337183 52.081271 52.680505 53.132778 52.025746 52.740193 51.017747 48.511408 51.215582 51.216590 48.403730 54.641318 53.933735 51.802741 53.907093 54.180294 52.129140 51.739278 55.903317 54.357225 55.332834 52.720402 50.618393 53.039910 53.038113 51.045434 50.529410 55.334324 48.066486 51.494075 52.476135 54.577676 50.713478 54.310543 53.806508 55.638729 46.605866 49.251662 54.976206 52.962626 50.906962 52.147646 55.361092 51.926593 48.241794 51.784640 47.800649 52.940976 48.902046 49.540103 52.351191 52.004174 51.508035 46.511254 52.050040 52.409297 51.231648 50.733586 51.332598 50.397622 52.782077 56.354572 48.961438 51.936556 53.447996 56.198259 52.433965 50.960209 51.408795 53.480850 49.706792 51.140213 53.556985 54.196894 55.355666 49.083152 50.478433 53.625665 53.028903 
52.894512 51.062885 48.170636 52.339569 49.349775 47.751619 47.848664 49.310136 51.162291 53.846262 52.050476 49.250203 51.684182 51.406083 49.458091 54.083612 51.197782 51.574927 55.594874 47.290085 50.755729 48.575327 53.983279 47.610573 52.098857 50.165885 50.988113 49.270868 53.321066 51.352768 54.329359 51.235419 51.512872 48.526339 45.712063 50.266126 51.685020 55.453989 55.442258 51.556331 50.538268 49.376585 51.251913 48.566387 57.966369 52.665417 48.728877 48.491143 50.251701 49.850899 53.724166 50.934286 55.612793 51.708050 52.871077 54.908884 48.645571 54.737162 51.870958 51.519364 49.432719 47.214248 53.055920 50.741616 52.107773 48.822169 47.982730 51.771228 51.018868 46.415248 47.920030 49.211407 49.754031 52.182861 50.578603 50.771990 49.617122 46.801955 53.912054 51.943405 55.386825 51.094719 49.692943 48.762185 50.819188 47.987198 48.430944 50.854861 50.645453 47.183466 53.323297 55.388755 48.681126 48.316472 50.677762 51.323746 46.632066 50.756004 52.448115 53.308427 49.609408 54.423410 52.161993 54.391205 51.198554 54.861703 52.960596 53.681225 47.895411 53.637143 56.261105 52.179485 50.360031 52.560190 50.082904 49.180346 53.357929 50.045539 51.368319 52.046706 52.777012 51.112870 53.445956 51.384312 51.177528 51.175914 48.426256 50.010381 48.546082 48.572744 52.007375 47.563307 52.223335 55.733661 51.202987 51.161562 54.289632 50.291619 49.757928 54.829728 54.318862 54.481662 49.823274 51.851332 50.989763 53.199350 48.350280 54.219758 54.272227 47.536491 50.467067 51.145259 58.164764 44.996780 49.978261 53.277310 52.681684 46.379842 46.525287 51.003520 49.738563 50.825475 48.215433 51.213152 51.757137 49.312884 51.765233 45.672605 49.083528 47.023791 49.535473 50.698620 50.392883 50.148097 48.827688 49.534918 50.409025 50.655888 50.763145 53.904139 49.659008 51.038002 52.234697 46.945500 53.966338 52.070434 55.086824 53.109235 51.416994 51.553791 50.878088 48.905028 50.931008 50.973001 53.856521 52.079036 48.319401 48.496683 52.850764 52.516360 
52.866215 49.286022 44.836887 51.932127 50.711939 47.752070 49.546102 49.575139 50.629552 53.879362 49.766856 46.238902 53.094917 50.583360 50.570965 55.152387 45.493642 50.137222 48.260445 47.901561 48.675718 51.259970 50.751653 46.620128 48.545229 47.802875 49.302654 49.475782 49.805153 48.338679 50.126270 49.063119 49.550284 48.918070 44.322570 47.997696 48.314236 51.229372 53.537762 48.541126 50.127998 46.902887 50.128437 48.232596 56.212109 49.584018 47.041609 49.044254 46.627963 47.248607 52.329974 48.822393 53.935773 50.261570 49.915064 52.123367 45.802177 51.967670 51.257084 49.102450 49.404250 48.101160 50.054591 51.100291 51.166164 49.692201 45.895459 50.191850 50.604908 46.644417 46.785117 49.049871 48.771810 49.218179 46.724767 49.780390 51.144800 48.816929 50.858703 52.464199 55.274919 47.966620 50.373411 51.300501 48.331943 50.314726 47.450795 47.918352 49.154046 45.043602 50.624649 51.034601 49.136900 48.077770 48.511453 50.742398 47.637743 48.255727 51.172562 52.694835 47.539661 53.231466 50.386615 46.136946 52.804099 52.828295 52.196841 52.585199 44.982881 51.818077 57.415191 47.526176 52.755824 52.993053 49.940312 48.547375 49.683928 51.340727 47.313918 49.256623 52.068293 48.743565 51.906771 50.018259 50.594322 48.602223 48.072659 47.592032 48.169439 50.030799 52.185545 45.244612 51.398017 49.997017 52.873009 50.054696 50.786263 50.503604 48.474873 50.994723 52.076867 55.799308 51.824148 49.462667 50.242588 50.676736 46.917258 50.277043 53.023589 48.108462 48.849355 49.353224 53.164377 47.191612 52.537151 53.300133 49.393690 45.071629 45.151407 50.978569 48.443278 48.749527 49.319119 51.550231 50.118469 49.990238 47.927206 44.429689 49.618500 46.564036 48.315568 51.556553 47.031176 49.045981 46.364556 48.936568 47.677093 50.108308 49.007271 50.916584 48.181412 50.406771 51.456886 44.669766 51.695943 53.056906 53.941365 50.588509 50.296837 48.788273 49.622193 48.129868 48.191054 51.191157 53.161696 50.514075 49.487132 50.115681 50.864244 49.217864 
52.467216 51.916365 45.424255 53.629940 50.529947 49.069545 50.382456 50.475395 51.115115 53.384794 52.415472 48.589221 50.591543 49.779137 51.903420 54.774408 48.845260 52.275898 50.643867 48.096779 50.240543 52.031967 52.575290 44.712420 50.077074 50.279307 52.988134 49.940514 54.706511 50.917088 51.589127 51.011848 50.515035 51.762675 46.109651 50.221237 50.790633 52.528186 52.470125 50.021449 49.054516 49.716779 53.056923 50.983020 57.291815 52.317620 51.179235 50.829811 48.439617 48.505662 52.028079 50.648379 54.194243 51.118606 52.634000 53.847457 50.659320 56.439214 52.116382 52.527856 49.573143 46.712793 52.711908 49.660554 50.104387 48.494279 49.924771 51.476802 50.008879 48.035955 48.037565 50.235828 50.339007 48.971143 48.493983 51.281447 51.544858 48.345788 54.916579 52.413730 53.345082 51.743585 50.665112 51.800281 49.535268 47.853017 49.320171 50.641554 50.241352 47.022372 48.801241 51.546456 49.611904 50.166483 48.876709 53.648534 47.095561 49.612334 53.156274 54.618375 48.876429 55.487706 53.299202 50.350860 50.916263 54.441069 52.034678 54.041801 47.465094 53.874479 56.272524 52.108270 49.973153 54.233645 51.059992 51.883904 52.761111 50.738185 50.238484 50.626877 54.904769 51.010801 50.496752 53.023631 53.056773 51.142665 49.042389 51.035932 50.497455 49.775194 50.776714 46.161366 51.674253 51.956764 52.213789 50.025893 52.082100 51.217418 49.098756 53.722813 52.526818 54.282832 51.488592 50.871999 49.425683 51.852165 49.108092 52.027445 54.960324 48.037999 52.219923 52.758059 54.398198 45.573326 51.673967 54.983638 52.939693 46.647061 46.682554 52.173986 48.888032 47.342219 50.300415 54.120396 49.045544 48.602396 51.429518 47.677667 49.100468 47.718477 50.122111 50.256052 49.023461 48.767554 47.000032 51.364948 51.117836 50.545483 50.779036 50.304665 48.638962 52.131815 53.192162 47.966739 54.377182 54.284978 54.944825 53.432294 51.820259 50.832933 49.749972 49.186669 51.061723 50.331137 54.906921 51.918276 48.078876 50.885463 54.896965 49.439767 
47.928042 46.811582 43.120418 50.118630 47.694234 43.818153 47.519637 47.774535 47.848075 50.107168 46.609906 43.750229 47.848010 46.529346 47.382263 51.710349 46.569566 47.908645 46.049474 44.405073 44.750738 49.459976 50.873871 44.424597 46.214934 48.480495 50.270622 47.755666 47.178862 49.512365 48.019362 48.584397 49.757834 44.948078 43.559973 47.924567 50.573380 50.889758 50.388572 46.962765 45.421270 45.970878 47.808633 45.131299 51.557483 46.403505 45.057942 45.553686 42.941170 47.270304 51.610564 47.109215 51.560543 47.393324 47.136940 49.957022 45.940365 51.605324 47.083878 47.442880 47.313580 45.717912 49.338086 46.147241 49.574584 44.677446 45.817525 47.642836 47.851953 41.562749 43.656405 47.250111 46.335620 48.423838 47.389666 48.443001 45.708627 45.676507 50.477536 48.718251 49.595900 47.342214 46.135857 45.933791 47.362826 46.607344 44.466669 48.263020 51.283391 43.742751 47.442846 51.644131 46.608725 46.380572 48.201446 48.183140 45.271468 47.680555 48.739809 51.624379 48.055306 50.874919 50.782909 48.676494 47.734823 50.387092 51.791186 52.187059 45.996014 50.721553 53.941061 46.147037 48.665236 47.459807 47.884482 47.920232 51.199573 47.246225 49.268442 48.650395 49.302441 45.811915 49.424127 47.854584 48.646593 47.326922 48.697799 48.965737 45.097542 47.684979 47.880613 43.239396 46.945201 48.598059 48.050481 49.607249 50.783002 46.447440 45.497281 50.695848 49.942683 51.330482 46.605549 44.370827 48.729905 48.026672 46.175641 47.521285 51.563993 45.050259 46.876672 48.172784 49.369502 41.937237 47.553606 48.442211 49.480835 42.622487 42.454037 47.824781 48.662737 46.111355 47.515173 49.202274 47.032720 44.044985 46.980078 43.453978 47.665780 46.272807 45.388223 49.350791 49.432914 47.011117 42.815196 48.102814 46.467745 46.073677 44.291829 48.216753 43.761152 49.353031 49.654135 43.187545 50.123930 49.269986 50.822851 48.735310 48.621123 45.659669 47.857859 44.554645 47.532957 49.986334 49.664602 46.398429 44.327435 45.704169 51.904035 47.508823 
50.172858 50.861068 48.405122 54.492692 48.067491 46.058044 49.172492 50.956089 48.813323 51.908754 50.279732 47.973449 50.687553 48.560092 49.210645 55.612672 48.577837 51.226928 52.335552 47.167187 50.480050 51.789556 52.665407 44.941872 48.823379 47.536835 48.764350 50.451957 52.777817 51.031268 52.510368 50.864550 49.858267 49.467864 45.119041 50.661379 48.966922 53.292141 51.912179 49.681415 48.027235 49.446347 52.537127 48.359382 55.475836 51.276432 49.034207 50.260407 47.978789 46.693223 51.888926 48.363310 54.052927 50.114655 51.350172 53.601659 47.732652 54.375382 53.578984 50.888854 47.722103 47.785423 50.781564 49.237451 50.352860 48.776170 48.978934 51.381708 47.768094 45.476123 48.094960 50.076728 50.294651 48.731894 47.888606 49.843628 49.844781 47.624338 52.227227 53.213119 52.884504 51.170113 47.177390 50.384897 47.511051 50.446380 47.626918 51.422296 49.546278 44.419594 52.161747 53.633266 48.024965 48.584720 47.287179 49.720862 48.162082 48.172225 50.274088 52.989763 49.239087 52.587291 48.944643 49.666509 50.407647 54.591001 51.172925 53.734152 46.085692 51.981634 57.093128 47.928286 50.561511 52.929595 51.341522 50.589838 50.653329 50.603890 47.974324 50.337278 50.935459 47.249979 51.241171 50.881965 52.132135 49.434270 49.081201 47.599871 49.345072 48.317856 50.289111 45.204890 51.678654 50.678821 50.347124 51.370884 52.015291 49.600501 50.264712 53.440429 52.026965 54.898807 50.658351 49.828791 51.576075 51.491693 48.232382 51.274229 54.014866 47.396447 49.942618 51.638819 53.809673 48.700713 50.096382 53.851748 51.490358 45.763563 46.924723 50.235300 49.717821 48.759161 49.849257 52.139263 47.596689 47.973468 51.955695 47.048992 50.766064 46.032182 48.159602 50.600963 47.386362 50.661452 44.767547 50.065647 49.426932 48.080352 49.083037 49.603176 48.292209 49.733607 53.206811 44.992731 54.295702 51.609345 56.458155 51.280799 49.303511 48.406944 48.741003 48.980869 49.356295 53.321262 52.273528 51.318848 48.853615 48.894431 51.914249 50.877071 
52.211294 53.068498 45.910638 52.829096 49.755053 47.946961 50.947399 53.416977 51.597719 52.758259 50.848002 48.603021 52.439719 48.855865 48.241011 56.302396 51.659362 50.077262 52.575991 47.012675 49.704337 52.472481 53.984328 48.232274 47.770055 50.492088 50.304416 50.380635 55.968489 51.862244 52.231178 51.137383 50.148826 49.982738 45.488700 51.297779 49.008997 52.170769 52.541317 50.766984 48.086140 47.096103 52.268697 51.645078 58.501769 53.000142 50.271024 50.782849 47.764390 49.578625 52.368590 50.206206 54.624872 51.793041 52.517597 53.202627 49.009473 55.785032 50.228873 50.964007 50.187596 46.009333 50.799950 50.172363 50.320908 47.099584 47.221721 50.439874 50.522498 47.880953 49.040623 49.179827 48.354852 50.515270 51.480264 50.876894 53.116560 48.141432 53.068390 55.336994 54.514798 51.994271 48.134403 51.336562 51.640277 49.826500 49.437062 51.659358 51.895718 46.891008 53.028342 53.645070 49.387281 50.388866 49.596035 52.056147 47.952165 49.461232 48.993311 52.153466 49.365316 53.585142 50.345293 48.521482 50.830059 54.877991 51.765714 53.795996 45.869060 54.395905 55.638921 51.914422 51.099265 55.862893 51.378546 50.533493 52.888712 49.743049 49.959889 53.172450 52.277543 50.261350 52.271432 51.319941 53.593251 54.604426 51.437843 47.034249 48.631482 47.393181 50.602845 46.003758 53.399797 52.661114 52.454859 51.357680 52.436504 49.341867 48.621810 52.520457 51.946491 55.973564 50.974342 51.633467 49.038733 52.278887 48.980668 51.314801 55.481638 48.134286 50.303212 51.120880 55.739309 50.161865 49.486753 51.638101 52.342254 46.192719 46.099086 52.107249 49.692389 48.731090 47.793940 52.120152 49.544519 48.326576 51.124420 48.445523 48.925479 46.430598 48.118145 52.535742 50.065736 48.305088 46.777923 51.049230 50.797111 49.878474 49.698399 49.890936 48.080521 51.462242 51.563494 47.572602 54.363151 49.763261 53.108362 50.995374 52.928521 50.947749 51.668608 49.139555 49.617040 51.647454 51.408912 52.299082 49.253369 50.594488 49.216717 50.628283 
50.715655 50.065521 47.710358 55.957718 48.695950 49.054115 49.123309 54.709677 50.773570 53.812809 52.528920 47.156419 53.291049 50.068145 49.988492 56.703217 50.514850 53.442472 53.528384 47.496660 49.544892 53.049507 53.743668 47.766369 48.825882 50.121803 52.097437 50.720082 53.755919 51.668060 51.843462 51.208502 49.751586 47.419978 47.848535 52.913900 49.055858 54.179298 51.968611 49.530975 50.011178 49.299035 49.960502 50.708586 61.282930 52.775830 49.439426 50.193334 48.736569 48.404660 54.692029 49.877871 55.637286 52.299234 50.661981 53.560518 48.295623 56.855304 53.197673 53.956469 49.825635 48.618601 53.458616 51.056237 51.092030 48.434401 47.400775 53.087098 49.939214 50.538581 46.175357 49.833556 50.762611 51.682413 51.658994 51.577627 49.704373 48.524886 54.993079 55.635706 54.156835 51.658966 49.134804 51.395442 50.291539 48.872196 46.572181 55.199700 52.453612 47.135029 53.119293 54.615920 50.593323 50.823458 49.898894 50.333921 47.300350 49.592408 51.528917 54.510591 50.609948 54.564094 52.283389 51.632007 51.148437 56.601385 54.787892 55.238995 46.637714 54.149510 58.066747 51.014333 51.659409 53.655302 51.998629 50.992295 52.286613 48.715346 50.149774 51.690267 48.742537 51.469760 52.703496 53.051522 52.832372 49.506092 52.664393 51.302927 48.816492 48.424876 50.958790 46.979270 51.763730 53.559985 52.127200 54.455706 53.921121 51.319208 50.536404 57.861055 53.184796 56.733772 51.701574 50.704964 52.582224 56.701509 50.655530 52.218921 53.649581 47.346999 49.509669 53.391589 53.041188 49.505376 51.285876 53.440849 51.329706 47.545047 46.312080 53.326025 51.869492 50.450555 51.621238 52.816741 50.797742 50.314443 54.564570 48.114006 49.840011 47.919298 48.588037 52.916351 48.151133 50.381950 47.627233 51.649587 51.186248 50.817430 48.417233 52.485637 50.474163 53.997177 54.939905 46.051394 54.827921 51.959753 55.209595 52.505542 50.032848 50.829739 50.531434 51.198087 51.296477 53.511190 52.580330 51.407951 50.303942 51.090289 51.802811 50.405241 
52.301857 51.514871 45.632843 55.534838 49.774050 47.839820 50.559870 53.094280 51.503087 53.451839 51.906082 49.171195 52.735424 49.550278 49.729043 54.070427 48.286561 52.755936 53.077665 46.209557 49.496046 50.478883 56.018986 48.592268 50.474632 49.823406 51.371547 49.193185 53.361843 49.157911 52.015907 49.513365 51.447037 48.589621 49.241278 51.578060 52.541988 52.202693 54.455225 51.147955 49.668005 46.498636 49.096880 50.940821 56.896604 52.807375 47.426013 50.313765 47.568237 50.905559 56.209140 50.465011 56.923876 50.256626 50.836050 51.680827 49.791346 55.307416 53.068623 54.227490 48.771336 49.295147 51.314857 52.203079 51.500701 50.383248 47.186942 52.375724 50.146754 48.374441 46.724391 47.986857 50.915576 52.179407 51.980999 51.188838 51.826174 48.224707 53.272247 52.134627 55.351290 50.783761 47.531604 50.019081 49.190173 50.129746 48.321327 51.331810 52.825159 48.270927 49.822403 53.114781 48.984174 50.827069 50.513691 52.195367 47.287246 52.220977 50.396685 53.004086 49.174080 54.387160 52.621508 50.255913 49.356202 54.167309 53.315362 56.446657 48.376336 55.734234 55.442173 51.333768 51.514843 54.561825 51.655411 48.377931 52.690306 50.291906 50.199940 52.337321 53.022658 51.497472 52.989177 51.509748 53.830554 52.001267 51.220642 51.792240 47.555950 50.548659 52.941334 48.192203 52.255382 53.306221 53.121036 52.055961 53.201228 49.399614 48.523231 56.057980 54.484776 56.598470 50.535453 52.611543 50.317854 53.560063 50.991829 52.630014 53.525310 45.961300 50.387476 52.280474 56.225165 47.492618 52.016979 53.054734 51.471560 46.205074 47.401999 51.611171 53.645295 49.561520 51.498416 51.831884 51.909942 47.051864 49.127890 47.267189 50.045708 49.023938 48.138675 50.809976 52.770975 50.268633 47.921206 50.922378 50.762511 50.137163 48.811947 51.304808 48.177942 52.049001 53.763710 49.466578 53.458199 48.882993 52.985776 51.092016 51.484643 48.881201 49.135793 50.321922 48.913219 50.823698 54.381338 52.298403 48.966194 49.706344 53.853341 51.220817 
54.535198 53.549673 50.016179 56.226036 52.062400 48.527450 52.685553 53.091339 53.999030 54.461622 53.098615 47.059236 53.070839 51.599876 52.405850 57.567952 51.812476 56.000663 53.249157 48.913545 50.672941 55.616921 56.054725 49.599228 49.489535 52.957496 52.116674 53.642502 57.194547 54.221283 54.303036 53.774642 52.514722 50.540650 48.991227 53.602222 52.796309 56.164896 53.470327 52.224895 50.040902 50.498322 54.951411 54.066451 60.980329 55.925327 49.009476 52.121538 53.181847 51.571178 54.979373 48.937643 56.844890 53.212471 55.179682 56.528053 49.808687 57.804686 53.788814 52.813748 52.181811 51.244153 53.836860 51.786537 54.685517 49.933893 50.822185 54.901905 51.786668 47.614203 49.892262 48.338298 52.737070 52.852451 53.931756 54.246561 52.605127 49.728066 55.184540 52.616431 58.119606 53.110115 51.272202 53.981192 53.084509 53.227061 51.683309 54.423353 53.898146 48.207980 55.242843 55.458122 51.119514 52.899842 52.810702 53.592314 48.991537 52.313389 52.413026 56.555030 52.085570 56.302412 53.031406 51.102420 52.225790 58.449870 55.296075 57.588872 49.441211 57.794194 59.837926 53.799157 55.008928 56.062784 51.564163 50.982582 53.935084 52.347661 56.068719 53.852097 54.349764 52.717684 53.679153 53.785406 55.523474 54.294784 50.638162 52.116812 51.808055 51.834710 55.325752 48.592387 55.824311 56.813242 55.698545 53.197617 56.598659 53.473578 52.518780 56.438108 55.231649 58.312397 52.693793 50.021517 52.728534 55.841055 50.907475 55.009603 56.522347 48.032398 52.442141 55.997833 55.836208 49.783794 52.921930 54.675369 52.641731 47.582198 46.935971 55.192535 54.511646 51.619974 52.038060 54.116318 52.231492 51.834651 52.604181 50.526196 51.902082 50.603764 49.785352 53.290443 52.996606 52.545668 50.401426 54.445665 55.912968 49.775077 48.280690 52.914975 50.385120 52.538693 56.546123 48.202749 56.578939 52.700521 57.079186 54.641585 55.086632 50.691859 51.475128 51.919384 49.674282 53.471136 57.869369 54.183652 51.964078 52.426562 55.776733 53.155631 
50.926822 51.195819 45.188457 52.317744 49.160643 46.353746 50.944843 51.064474 50.765022 51.163890 50.333525 46.785863 48.953584 46.702350 49.818002 53.952878 47.388743 51.160892 50.401547 48.708669 48.393122 49.679520 52.232991 44.471600 50.542664 49.277197 52.328399 47.541929 53.564047 51.097911 49.785742 47.650884 48.188946 47.768971 46.035939 48.450076 50.878924 52.930648 52.169754 50.347006 48.829405 47.024528 50.020394 48.030014 57.379357 50.926297 47.981431 48.394397 46.163659 48.049221 52.996782 49.340823 54.215705 48.531958 49.410974 51.536454 50.963375 55.742010 49.368155 51.285685 48.902733 48.566940 50.576014 49.225370 51.199487 46.473554 45.486926 47.911285 46.217386 48.888734 45.910390 48.901013 49.449547 48.112090 49.750976 50.283488 49.483967 46.286500 50.543320 50.700081 53.707269 47.512785 46.871240 49.530316 49.676567 48.367071 49.945150 48.613961 49.565681 48.131217 50.025391 50.843430 47.095472 50.288940 47.605403 52.380155 46.177393 47.258344 49.630154 51.686877 47.445661 51.577107 51.420996 49.337744 52.657017 53.052484 52.438462 53.494724 47.993792 53.175125 56.611624 50.413457 51.887210 52.803180 48.148379 49.649743 49.743758 50.414480 50.016132 50.639815 51.152896 49.978568 51.047571 50.755557 53.294177 49.725352 47.684996 48.126238 49.388747 47.335813 49.927609 45.755845 52.839544 50.553082 49.270781 50.043777 53.478474 49.060450 49.164077 53.469318 51.187733 54.008595 49.288313 49.114524 48.311372 51.773321 49.025561 51.158560 53.090670 47.284747 49.570854 52.148875 52.763420 46.063400 50.804460 53.533298 52.165743 47.127565 46.375171 51.360358 49.174109 47.282213 49.883231 50.692974 50.657514 48.768751 48.619009 46.101833 49.607579 46.160349 50.658794 49.984747 51.076546 48.835489 46.768206 49.573390 48.627069 48.002981 47.141410 52.468762 49.026903 48.758621 48.131459 45.832510 52.747515 49.473274 51.620867 49.058958 51.356135 49.200609 48.288921 47.633544 48.019657 51.553180 52.333599 50.216807 47.346532 48.590668 52.440413 50.899667 
49.701068 49.656735 42.813723 51.974582 47.283513 45.852116 49.491845 50.606403 50.771076 49.865211 50.864940 45.716696 50.831261 48.753752 46.164189 53.905585 47.291944 49.901944 49.250197 49.944127 49.328575 49.148641 51.505576 45.229133 50.065220 46.245696 50.446068 52.035974 53.251009 48.781822 50.649590 50.499593 51.539000 47.567110 44.295254 47.779897 47.215497 54.222817 49.450563 50.911097 48.041864 45.286473 50.509801 47.576298 56.216202 51.997870 48.674690 50.035058 47.061731 46.864107 51.284507 48.326026 52.986205 50.088592 47.364600 52.526973 47.428183 56.122672 50.462619 52.588534 49.779036 47.408651 50.573835 48.761628 51.816617 49.405683 46.017016 48.488904 46.898305 46.680500 44.742623 48.715002 46.823422 48.471089 46.772613 49.821395 50.757260 46.396494 52.388621 52.144447 54.501905 49.948498 49.314267 51.634435 49.982261 48.964935 46.429437 51.795962 48.076900 45.878687 50.362233 51.249612 49.335793 49.752363 48.613206 51.618246 46.921891 47.831918 50.902559 52.879717 46.913838 51.800839 51.983877 49.499823 52.191786 52.002588 50.720590 52.489424 45.513309 52.291712 54.181942 49.611230 50.143696 51.138540 47.786120 48.282828 49.664263 48.551288 46.565286 49.410985 51.546965 48.124601 51.231446 49.967776 51.399220 49.441993 50.799482 47.939529 48.003895 46.716209 50.126153 45.769158 52.133456 50.959417 52.381449 50.762403 51.902456 51.014631 50.406150 52.205457 52.997916 52.171322 52.179212 47.693986 49.793060 50.683057 49.445722 50.061638 53.075949 47.557874 50.659857 50.605059 53.332160 47.509705 48.355448 53.060168 50.515345 47.416089 45.200760 49.625428 50.993969 45.497683 47.931514 52.276178 47.977988 48.840268 50.738293 47.261652 49.662099 46.600526 47.895313 50.629480 48.287948 45.604695 45.620312 47.341867 49.143947 50.102161 46.385393 48.739134 48.678881 51.884772 53.108306 46.236928 55.022212 49.356663 50.732209 48.784815 50.445163 46.812137 49.649826 48.469653 46.096247 51.274568 51.284351 50.996256 46.982468 48.920144 50.702793 50.564772 
49.873849 48.386997 44.821236 51.132178 50.488589 45.220270 47.055122 49.361625 50.015977 49.398204 48.994210 45.188332 48.647994 48.856091 46.935255 52.906893 48.206589 50.250187 49.615446 46.512132 46.358981 50.258783 49.780343 45.748009 44.754361 47.483820 47.213955 47.631194 51.553524 48.796242 49.749826 49.811534 48.914633 45.524887 45.659438 49.949788 46.930015 50.593071 51.190392 47.499845 46.431981 46.482574 48.238015 47.529999 56.252724 49.986788 47.615533 47.305937 48.727951 48.422992 49.428515 46.378784 50.626745 46.928220 49.147001 49.465586 45.264193 53.139374 48.315381 50.900135 48.509002 45.520382 49.803160 47.027349 49.538279 46.492708 43.651178 46.773156 47.399103 47.295892 45.864039 46.574823 46.802996 45.111485 47.349081 48.668948 48.973079 46.275058 51.863293 49.671597 53.708512 49.774030 47.236555 48.579817 50.266288 48.169822 46.359246 48.017365 47.197352 45.710688 51.100438 49.858084 49.094315 49.566604 46.085920 48.294327 47.646906 49.210451 48.225101 50.977261 47.633617 51.878118 50.047263 46.103407 49.550057 52.830616 49.381409 52.702210 41.835186 51.604438 56.089147 48.125278 50.101592 51.126026 48.689271 47.247117 48.054847 48.768411 49.392307 49.559890 50.553690 48.702416 51.101066 49.576240 51.334252 51.710440 48.271391 47.592822 46.081230 46.766997 50.540998 42.155394 52.897468 49.492342 50.476059 50.035428 50.912805 47.208997 46.586835 51.799627 50.243948 52.215403 48.809269 47.475973 48.540576 50.017556 47.230719 48.617231 52.644834 43.414423 49.061112 50.018534 50.067829 47.197231 50.278825 52.204587 49.097451 43.815815 43.539000 49.744288 47.946377 46.797629 47.328374 51.431634 47.867218 48.297929 48.336056 44.717944 45.347781 45.851705 46.970458 47.823646 45.311988 46.519065 46.452263 49.591299 49.896871 47.108374 45.638576 49.675286 44.584643 50.681523 51.039028 43.712550 51.145007 47.646879 51.473394 49.070156 48.830933 47.164810 50.098404 46.760750 46.901191 50.922540 51.557629 49.541973 48.272351 47.231664 49.401586 49.365832 
45.360569 49.798205 44.381534 52.358534 48.642810 46.852766 48.357673 50.073500 49.848711 51.009431 50.358855 45.703206 47.621190 45.954486 48.081674 52.356142 46.467140 49.131949 49.214698 47.510594 46.954788 48.958351 49.592883 45.698555 47.651908 48.916503 50.387932 46.923073 51.552405 47.013853 50.627021 49.568455 46.909647 48.292369 44.738140 49.819817 49.038271 49.911974 51.093234 49.274481 46.986451 46.624373 49.802135 48.743710 54.627731 50.976336 47.221047 50.504828 44.488573 47.395468 52.371032 48.592269 51.441622 48.588668 46.674411 51.187699 45.938399 53.316004 47.397839 48.356770 46.777318 45.650329 50.737517 48.242613 51.341384 44.260596 46.944426 49.333019 47.224339 47.433999 44.909865 46.710597 47.687948 46.884114 49.019244 48.391838 49.285333 46.772115 49.466650 51.235836 52.875671 47.882887 46.164629 46.648772 49.608469 45.831073 46.351237 47.258361 47.809447 44.920628 47.462012 50.090468 47.390176 49.420143 47.709122 48.231357 43.908454 47.503451 49.925973 51.718776 46.933916 50.210608 50.835791 48.665402 50.750148 53.980472 51.080460 52.759295 46.316592 48.261951 54.522197 48.544100 47.662083 54.086721 50.127156 49.021644 51.187562 47.586940 46.365827 47.915604 50.770096 47.714408 51.131540 47.002250 52.433156 49.818434 48.082344 48.703691 46.464498 46.948801 49.269106 46.390305 49.887586 51.174156 47.774676 50.493416 51.003905 48.586929 49.842819 52.205330 49.345804 54.030989 50.640279 50.242418 48.998769 47.475325 47.167367 49.136423 50.707567 45.892810 49.486841 51.198881 52.363552 45.415396 48.277061 51.748286 50.620138 44.788681 43.937463 50.224365 49.485584 44.494793 47.038216 51.808901 47.212283 47.772399 47.662815 44.522172 48.466784 46.044090 48.158864 50.573748 46.798418 49.552012 43.943963 48.303382 47.779976 47.241088 46.547363 51.186468 46.704407 50.154895 48.622697 47.263985 51.078709 47.723621 51.668360 50.073842 50.397710 46.876696 49.346616 47.219750 50.194414 49.549800 50.197911 48.757817 46.905758 47.062405 47.776980 49.842815 
46.591517 43.164236 42.481359 48.917908 44.169475 43.169309 45.507839 45.191364 44.534632 48.001924 44.457805 42.468833 46.561984 41.854895 43.096955 48.926400 42.660759 46.095512 44.905884 41.629278 44.021510 45.986070 49.050218 42.428094 44.166915 42.105918 45.263800 46.007578 47.603297 46.610839 45.382115 46.373947 47.452282 41.500020 39.916236 45.079122 43.627567 48.198971 48.493357 44.202579 44.799042 43.352288 44.165350 44.335307 49.107575 47.053236 44.092367 43.504507 43.598008 42.621445 44.650719 41.704981 48.810498 43.734100 44.202289 48.689009 42.103183 49.096094 45.595477 48.111190 45.900318 44.067397 46.358333 43.571871 45.105616 44.572313 42.659099 44.642398 44.783181 41.351262 42.967104 44.530567 46.022431 43.927507 43.189498 43.390982 44.369307 44.086514 48.178734 48.047972 48.896138 45.499695 43.473348 45.032448 44.204200 45.444167 41.529883 46.379849 45.167293 42.912509 45.665085 47.122989 43.808607 45.478843 43.270566 48.271720 44.489874 44.681084 46.571360 49.318445 45.587557 47.858775 45.593309 45.412171 46.599542 47.587484 45.840022 48.179605 42.209799 48.648913 52.119524 45.214779 46.190299 48.123131 44.787085 45.694790 46.636257 44.852241 46.016685 46.888296 46.788221 46.959162 46.943152 44.403250 46.143104 46.982184 46.144727 44.204740 43.693739 46.216081 45.751833 39.804393 46.732574 46.196722 47.816844 45.633214 44.816484 45.450589 43.425435 49.101732 48.533987 48.360423 46.153641 43.615078 48.711315 46.086787 44.206461 45.927385 45.794684 42.488966 45.244138 45.946573 48.999783 44.351750 45.341301 46.760817 45.257826 41.414203 40.284044 45.444421 46.255662 44.284860 44.836684 46.535727 41.434248 43.098800 43.990798 41.909259 46.372195 43.973903 44.321034 45.553453 42.893985 45.663796 39.960819 45.367032 44.591086 44.292889 43.361833 47.370349 42.041466 44.855510 48.148794 42.651986 47.985360 45.000850 48.150916 46.406385 46.097459 42.837419 45.052504 45.110223 42.170246 46.836136 47.268867 46.197310 42.536192 42.360908 47.956223 45.219595 
49.054101 47.481115 43.032518 48.013447 47.857526 46.192048 47.106050 49.034968 49.801983 48.342775 50.267569 44.128696 49.640083 45.273468 45.694964 50.943263 46.459407 47.266239 46.977277 47.022012 44.772350 48.353564 49.475689 44.143656 45.712732 45.402478 47.060290 47.340973 46.188345 46.802509 49.880160 44.419055 45.764330 49.329550 43.764955 48.143176 44.794557 48.935386 49.630899 45.877685 47.424349 43.972092 47.358893 46.171541 52.395552 46.722808 44.219579 47.077395 44.397385 46.449917 48.972622 46.597239 50.598886 47.925217 45.133773 49.894362 43.875088 52.193919 47.883971 47.680817 46.714330 45.687077 47.217228 46.146763 48.709724 46.843437 44.569429 46.568039 47.440830 44.824037 46.596809 43.931682 46.405829 45.896472 44.417602 47.363957 47.520170 45.592012 50.166789 50.391005 51.471073 46.598916 47.014955 49.610817 46.352099 48.730536 44.446030 48.413475 48.633029 46.148001 46.413385 47.148983 45.602374 47.992863 45.929743 47.737637 44.644349 47.006799 47.736604 49.506418 46.291649 52.072654 48.676937 46.767993 48.951061 49.782819 49.635140 51.584853 42.375934 50.581201 52.469107 46.803032 47.725702 49.390857 47.243433 47.469426 47.861505 49.738334 45.182920 46.716411 47.936681 46.559223 47.707896 49.764738 48.507726 47.576255 44.796176 47.081921 45.836688 47.062247 50.056958 43.975462 48.405699 46.142316 47.979848 48.437953 50.179216 46.804666 45.572559 49.848416 50.361117 52.541907 48.149479 48.631143 47.658508 50.485654 46.858206 48.444300 49.528229 44.161943 46.868104 47.693587 50.754443 45.150415 48.439319 51.530129 48.148063 42.182056 42.528302 47.271661 45.768320 45.097886 47.668658 50.709346 45.816598 45.371929 47.549689 43.965008 47.445837 46.281213 46.336318 46.634181 46.166658 47.244194 44.035547 46.583578 48.355377 47.141563 44.258982 46.321050 43.422396 46.253678 48.694263 42.462682 50.598379 49.709974 49.356102 49.685837 48.339727 48.010717 46.698473 45.249621 46.726704 48.225918 51.552534 49.072927 44.308536 45.755344 51.510504 46.147560 
51.386665 47.541772 45.326889 51.109274 45.495273 43.784049 44.343853 48.244244 47.426825 49.965299 49.180933 44.983253 48.611958 47.404897 47.415120 51.682694 45.366703 48.633753 50.407406 43.493918 48.623986 49.659103 52.581608 42.872324 47.751161 44.583028 48.548678 48.080202 51.209204 46.090130 48.450308 47.401388 48.277706 44.691146 42.203789 49.446668 49.494617 51.844647 48.262492 47.041324 45.861254 45.647157 48.982284 47.622261 55.831765 50.302667 44.402124 50.446808 46.454002 47.155518 49.967300 46.283677 50.436683 48.352173 46.428653 51.226610 46.223451 52.180987 49.369332 49.579490 48.999905 47.378213 48.903646 49.001455 48.832263 44.778294 43.910657 45.362584 46.777143 42.873746 46.015897 45.967246 44.777381 45.261515 47.152703 47.274588 49.109009 44.073223 49.047576 49.415355 51.072186 47.810032 45.433635 49.711664 48.837987 47.600835 47.646599 49.563631 46.835461 44.593508 50.957292 50.836044 47.070993 47.429804 46.045858 49.493253 44.032876 48.051879 45.387758 50.819498 48.585919 52.434907 46.673400 46.995296 49.614420 50.984546 49.265630 50.303417 43.437191 51.030154 53.898995 47.513583 46.457218 51.219657 47.109558 47.679219 48.659555 47.031440 47.706579 48.408195 47.861282 46.568848 48.916284 48.172466 48.166678 46.684097 45.157932 47.238942 44.866204 45.619792 49.154989 43.487781 50.941948 49.129942 50.016295 48.460602 45.862958 49.288596 45.549057 50.050324 50.089849 49.944341 48.137573 46.434120 48.002479 48.326181 46.724598 49.356488 49.478425 44.078851 45.580031 48.607942 52.131649 46.291904 47.497861 47.420267 48.578120 44.875432 44.668807 50.479938 47.425773 41.982940 45.583939 49.197453 44.897286 46.071599 47.736486 44.876792 46.962252 47.501462 47.042245 49.530992 46.490751 48.260382 42.932731 47.919933 49.089542 47.917195 43.918530 49.600912 43.360773 48.978188 48.974086 43.264040 50.866128 46.917239 49.627462 46.887841 49.951294 45.764953 47.439331 46.415588 47.317879 49.203371 49.799876 47.089412 46.722682 45.675269 49.283232 48.459533 
51.198599 49.341576 46.486467 52.368979 49.680491 47.670362 48.656392 52.419708 51.572135 55.729575 53.186122 48.202423 51.656409 47.962470 48.732029 55.669869 48.006281 51.327572 50.283211 47.980979 47.537728 49.474317 52.086086 44.539951 48.999727 48.978112 49.510090 50.091239 54.539961 50.319750 49.138396 48.732421 49.309060 48.595513 45.721754 50.295251 48.480176 52.122118 53.863151 49.637798 48.056147 45.863957 49.867506 47.345876 57.331986 52.305292 48.284161 49.951941 47.848177 47.960796 52.160662 51.238563 54.305526 52.037613 49.682485 53.124378 44.653567 54.666586 51.818189 50.990780 50.490418 46.604106 53.730376 51.485002 51.467352 49.438855 43.892430 48.995795 48.326976 45.459395 47.907409 47.792555 49.517036 49.590961 49.906617 49.392025 53.104400 46.822870 53.863864 52.153698 53.418877 48.598837 48.168193 49.097108 50.610733 47.862684 47.567707 53.406952 52.144287 45.938133 51.593761 51.655237 47.167869 49.916017 48.654417 52.570147 45.362664 48.356198 50.963536 51.855252 48.929867 51.470459 50.248203 50.633443 54.070403 51.857815 52.562984 51.816569 46.065842 52.978896 56.523557 49.260706 50.066780 50.657019 49.464878 49.943023 51.871096 50.824230 50.751191 48.013183 52.576371 51.296333 51.672801 51.684956 51.095425 48.575508 47.337833 48.239205 49.313505 46.617002 51.255253 46.776152 48.292437 51.355828 50.403760 49.562112 51.990197 50.165382 51.014347 52.224553 53.086186 54.393539 48.094344 48.101679 49.582912 52.653800 47.555461 50.527884 54.464363 48.211380 48.147383 48.225821 53.372498 48.038954 49.139653 51.954862 49.690765 45.668171 46.337870 50.969117 48.384600 48.051226 50.465337 51.294874 51.266095 47.789253 49.693114 45.840868 48.546689 47.227941 49.229854 51.060370 50.987581 47.509035 47.467632 48.318816 48.590348 49.217095 47.697406 50.642328 49.592031 50.652745 51.550236 46.935076 51.118164 48.983490 53.043207 50.453857 50.220615 49.722070 50.534830 47.086887 48.827435 50.341571 53.888394 52.205246 48.175687 51.682321 52.612730 50.052864 
52.868121 49.312649 43.697074 53.535180 48.561765 46.288548 48.601155 49.208911 49.969414 53.458792 50.409769 47.207089 52.572146 46.461353 48.926995 53.913896 46.890976 51.339683 52.334313 44.196541 48.414690 49.100746 51.718813 47.782870 48.338206 47.532610 52.357813 47.870695 51.461340 49.315345 48.029136 48.551368 49.281359 46.367186 45.637444 47.916408 47.498084 51.399518 49.953147 50.616673 46.173566 45.861450 48.077096 48.046142 55.199269 50.575135 46.115560 49.873743 46.368504 46.785035 49.963210 46.464090 54.728210 51.329653 46.262101 49.094653 47.150320 53.889541 52.155788 50.419496 47.506904 45.294830 50.555914 48.843992 51.422619 47.025874 45.746606 49.129203 49.162771 46.045263 45.140489 48.417905 46.547772 47.696246 48.031029 50.734788 48.656844 46.481578 51.232451 50.765366 53.116613 50.895819 47.039256 51.372631 46.895538 48.449304 47.971369 49.579172 48.464281 46.356776 49.104447 50.455422 49.694309 49.674583 47.854253 51.420499 45.092038 46.335533 51.789018 52.199453 48.322788 52.273996 50.115917 46.576516 48.751111 51.696066 50.665582 52.300377 45.162988 53.441946 54.189133 50.076182 49.418535 53.414456 49.378918 49.716839 48.822549 49.508671 48.994757 49.891318 51.152103 50.361942 51.572080 48.991834 50.483904 49.917811 48.222047 48.865661 45.190896 49.553258 49.178414 44.023885 48.693837 47.705216 52.019449 48.430968 48.699755 51.723829 48.002622 52.563970 51.111145 54.742146 48.944278 48.549543 49.582893 50.571008 48.208615 50.872485 51.492534 45.934110 50.105032 47.752030 56.517660 47.400917 50.000941 50.159172 51.201491 45.779371 45.734700 47.947526 49.964971 47.383877 48.299800 49.980433 50.163424 48.716872 48.720834 46.623634 47.750032 46.804072 46.517410 49.336008 48.323558 48.016513 44.039071 49.752089 49.521096 48.155655 47.563893 49.649581 46.329293 48.920369 49.888155 46.752048 51.708711 50.015806 51.394443 49.312998 49.699201 48.425173 48.240385 47.620686 47.412119 48.724723 50.034758 49.452106 45.095932 47.870498 52.142851 49.245236 
53.103957 52.885513 47.991365 53.396546 49.836194 49.148425 49.974560 52.407298 50.899863 52.278649 51.095856 48.175456 50.566148 49.744226 50.873376 54.794958 49.875648 54.379203 53.542038 46.159038 50.880295 53.029903 52.208935 48.771622 51.166274 48.288028 51.893873 49.398561 53.180744 49.450361 52.738720 51.875088 49.823969 51.125007 47.512382 51.701257 50.619424 50.747430 53.998788 50.337112 48.882339 47.721301 51.883838 50.462408 56.783619 51.649096 48.022750 50.188687 48.639876 48.800159 51.523461 48.656460 56.260278 52.701286 49.867337 52.415364 47.826355 55.929333 49.624435 50.563832 50.785651 46.259474 51.418417 47.889908 50.416504 48.710856 49.129135 50.581242 49.790093 48.402687 49.013719 48.104895 50.287832 50.183764 49.202343 49.408620 50.101612 48.558160 54.591621 53.621989 54.026177 52.104830 48.919286 51.645953 50.927587 52.121196 48.857579 51.287450 50.347237 46.618430 50.439066 52.538791 50.118767 49.706316 48.127702 51.334291 45.654959 50.024286 50.851207 54.495228 49.718572 53.766703 51.791038 47.920079 52.384752 53.944367 52.388183 52.945571 46.815919 56.570876 57.884531 49.841342 51.140026 53.144842 50.855248 50.070025 53.486380 51.007919 49.070581 51.451065 53.838155 50.261781 51.071585 50.867082 52.167370 52.138011 48.951232 50.114661 47.118010 51.011506 52.827404 46.949670 52.346593 51.819914 52.266022 51.252138 51.640549 51.687522 49.576834 53.983376 51.245850 56.037255 50.784745 50.379471 50.948127 50.500908 49.658627 51.409236 54.304809 49.994332 50.199479 51.583159 57.023456 49.278923 53.158645 54.128892 50.645370 46.934535 46.614038 50.499169 51.245649 47.374609 49.067604 53.240602 48.159239 48.732379 51.132637 48.068022 51.574217 46.940547 49.537614 50.315268 48.346858 49.552212 45.859191 52.170649 51.430223 50.652703 47.623294 51.258362 47.150762 49.175387 51.179862 47.324068 53.807460 52.508028 53.237438 54.555673 52.747520 49.964091 50.219009 49.156333 50.759660 51.910937 52.377333 51.862515 48.550786 49.058499 55.428500 51.994067 
54.748501 49.290690 48.140605 56.209246 51.118525 49.873906 51.744258 54.987850 54.706894 56.259350 54.202643 49.993949 53.632070 50.707991 51.987626 54.812756 50.520325 52.798416 51.933899 50.787441 52.624821 53.552581 54.408037 47.445602 50.180362 50.259391 53.147470 52.256609 55.390944 52.764232 53.869911 52.594623 53.512252 51.964725 48.921927 51.617361 52.572656 55.806680 53.482782 51.405687 51.981748 48.885978 54.345525 52.246535 56.905729 55.139523 49.631539 52.001758 49.772925 50.759114 54.627706 51.939636 57.969796 52.798667 50.473548 54.847525 52.262220 56.278729 55.250383 55.021736 51.354645 49.003214 54.840688 53.846312 54.570215 50.232715 49.461321 53.063631 50.579568 50.226843 51.448794 50.567747 53.448430 52.494629 50.595518 51.450079 52.165915 48.924409 55.119524 54.202579 56.588419 52.686998 51.618444 53.873998 53.200087 53.001007 49.661914 53.752147 53.629214 48.491711 51.477751 54.539206 51.092782 52.253422 51.044305 52.606580 48.871050 49.601991 53.669649 54.839551 52.800779 57.216656 56.107642 51.914847 55.492328 55.887945 54.927580 55.634881 50.456786 56.404354 57.633082 54.250504 51.533197 54.582484 53.779554 52.303276 54.050971 52.950570 51.213011 52.244501 54.610144 51.846474 52.215504 52.575810 55.094747 52.278934 53.521081 52.872042 48.830267 50.829616 52.167391 50.806222 52.854752 53.523580 52.465632 54.810061 54.164621 53.516341 52.737470 54.206669 57.143094 55.697154 52.343176 52.651269 53.757184 55.913793 53.408614 51.902927 55.238043 50.522937 52.314434 53.612253 56.448533 49.103988 53.301697 56.856842 56.446788 49.255060 49.325552 52.030881 54.981316 48.339601 51.558167 54.107842 53.169245 51.444017 51.152363 48.078551 52.341578 47.773606 49.456193 52.136055 51.516932 51.457661 46.979722 52.370235 52.297917 53.100334 50.782997 54.883728 48.887616 55.461420 53.954557 47.183829 55.044317 55.828062 55.469208 53.355245 54.466958 51.564377 51.550273 52.130403 51.514550 53.614333 56.462034 54.373812 50.096886 48.774974 53.597877 52.487674 
53.099552 53.499268 48.898644 53.565164 51.812012 49.899931 51.148214 52.138751 52.295364 55.043942 52.083605 49.215322 53.016480 50.001436 50.491899 57.301869 50.996927 52.532483 53.560828 48.261514 48.905660 54.258296 53.057926 48.859851 50.271537 49.606676 51.967314 49.938107 54.374177 53.770740 51.203898 52.532572 51.029732 49.537837 46.904688 50.149207 50.988413 53.540403 53.802109 51.175730 51.207655 49.288377 50.917295 51.398458 58.005374 52.464589 49.699026 50.713278 48.425750 50.434830 54.942436 52.321883 56.873398 52.303252 51.574080 55.354949 48.899899 56.084093 53.847301 52.546886 49.662505 47.021600 53.050284 51.493197 51.401222 50.993536 48.526596 53.203159 48.566328 46.606924 48.250130 51.968189 49.866710 53.988657 50.565269 52.273825 50.431941 47.968185 52.444939 53.091966 56.260806 51.920980 52.132032 54.910504 51.968079 50.899482 48.623744 54.773981 51.411271 47.391836 52.315448 52.491239 50.528550 48.713853 50.009475 53.169937 49.072181 50.272763 52.325016 53.580134 48.544092 55.255080 53.203674 49.909407 51.528032 55.569008 55.234351 55.880687 47.226868 56.578432 56.818082 51.537424 54.174602 54.360855 53.122542 51.368893 50.169290 49.634685 49.684660 49.609366 52.086676 49.732132 53.134468 52.323649 53.586068 50.666386 51.917325 50.118391 50.614022 48.279036 50.382645 48.193737 51.593334 53.754505 52.564717 52.869912 55.250448 52.097526 48.703602 55.357672 51.755431 57.202073 53.468265 49.424246 51.635025 55.069324 49.058641 55.498667 54.984598 47.933773 50.416122 52.507541 54.771470 47.683488 52.304967 54.653714 54.183879 47.561103 46.907873 51.078146 50.255668 50.826081 51.445203 53.576181 52.463291 49.759144 52.231012 48.597781 50.477001 48.477641 48.524204 51.641833 50.080331 50.976913 49.358778 49.888038 51.223454 49.229883 49.728949 52.088064 49.417433 50.934315 54.806241 45.769180 54.710850 52.354608 54.500794 52.243671 51.470016 51.921045 51.279596 50.778387 51.818511 52.551659 53.341117 52.665968 47.997100 50.840664 53.182606 53.367257 
48.987266 47.886846 43.415085 50.916773 45.733801 43.311196 45.053105 50.174714 47.738797 52.066161 47.419460 43.167118 49.678540 45.489945 49.057975 52.141326 45.194556 48.651014 47.661100 46.093644 46.653876 47.810678 49.458324 44.657468 45.035215 46.405356 49.500677 47.177103 49.979911 43.625780 48.087765 44.323890 49.199523 48.044453 42.054205 46.718302 48.327516 47.874434 49.049515 47.650080 44.274168 42.740156 48.014530 46.278778 53.695274 48.120329 48.242278 46.721456 43.012269 44.955623 49.510690 46.115542 52.573040 46.858451 47.837245 50.470662 46.667007 54.043698 50.387074 49.994644 46.956443 41.274924 47.823424 47.842744 50.460266 43.735985 43.671631 46.562726 47.958639 45.320118 43.511257 44.958756 44.848523 46.555585 46.452569 48.145759 47.243369 45.258483 49.571369 49.547038 50.772393 49.437048 44.385627 47.613745 47.789434 47.059224 45.256123 47.920614 47.439195 44.443417 48.091420 50.680677 46.190754 48.268602 46.209577 48.268091 46.191140 45.660717 48.919218 50.582877 47.377165 52.307628 49.511809 46.435280 47.041825 50.148172 49.666140 50.872452 45.179078 50.617741 52.449710 49.021408 47.455503 49.527591 45.852246 46.726784 49.693099 47.773005 46.668211 47.914507 49.304821 47.178201 48.347618 46.674243 48.856413 47.848008 46.597647 46.993735 44.969011 45.853897 47.333088 45.591532 47.647806 46.262296 50.297767 48.162782 48.950310 47.005309 47.544653 49.307950 48.406632 50.243883 46.877619 47.091064 46.585407 49.173653 44.513357 48.637907 49.970668 46.198713 49.713521 47.850821 52.223822 44.349253 45.021633 49.943477 48.665165 45.354601 45.411182 48.620121 47.038073 43.573408 50.166355 49.309147 48.957928 45.550825 47.522898 44.968336 45.490671 43.934872 45.055662 47.300650 47.498294 46.868168 44.289898 49.218711 46.349365 45.808174 46.612252 44.784532 46.265912 48.221741 48.697065 45.770971 50.211026 46.768555 50.967815 47.045270 48.240810 47.703692 45.875316 47.764007 45.232304 48.477852 49.801939 47.073037 45.295465 47.082942 48.591090 47.713071 
56.821574 52.568840 46.427513 56.716442 52.368276 48.295661 51.111200 53.364643 52.687763 55.443219 54.409742 48.401249 54.728334 51.586188 50.977303 56.070711 50.840642 50.928739 51.451391 47.972002 52.479036 53.212479 56.234360 47.109573 49.934408 50.622143 52.436894 51.040576 56.520286 53.032838 53.005200 53.514778 50.578387 50.901391 46.833782 50.314484 51.232271 55.608336 54.621669 51.693540 49.722161 49.552708 52.078535 50.940014 59.174696 54.455255 51.973519 51.259919 47.715687 49.834567 55.552072 50.312592 56.311590 53.610292 52.555680 53.749351 49.311047 57.162597 54.124633 55.036795 50.650416 48.419420 51.299220 51.963951 52.254746 52.207837 48.695119 52.720551 49.343239 49.411760 48.955520 50.764789 50.176222 51.290118 50.260793 52.446517 51.753470 49.338520 53.695762 53.347243 54.903807 51.511125 51.227064 52.418139 52.956584 52.032488 48.870802 54.445514 54.615393 48.593538 54.145339 55.056052 52.077208 51.692125 50.076582 56.261135 49.135463 51.119787 51.238493 54.038029 49.973497 54.925576 53.234950 51.127405 50.246869 56.662163 52.387964 53.925382 47.270176 53.906035 57.957953 51.486679 54.144665 55.041828 52.912333 52.332761 51.504688 51.541139 51.192615 52.547785 51.566427 51.999363 53.264640 54.503718 53.287194 49.291117 52.980519 50.641736 47.989888 50.127720 52.873383 47.879159 52.059711 53.906037 54.520831 54.737593 53.312621 52.503309 49.457844 53.959398 54.134861 57.701436 51.982262 51.187086 53.893080 56.160191 49.727912 52.364424 55.121429 48.470619 50.194906 53.309964 55.787954 47.502918 53.305537 54.807476 53.256156 49.510827 47.202273 54.684658 52.118614 50.444464 53.369606 53.065033 51.353119 50.437448 54.341200 47.080317 51.846462 46.433877 52.206781 52.363736 51.074819 53.177665 48.024388 52.272330 51.576622 50.823137 50.855929 51.549332 49.668451 52.792156 55.227644 48.316727 54.652500 53.818034 53.805528 53.264279 50.144432 50.471070 51.912829 48.522062 52.871325 53.568067 53.184545 53.843492 48.320291 50.348422 54.190396 51.513572 
53.716592 52.619044 48.680656 57.450095 53.212972 49.299943 51.579266 53.657621 52.136380 55.166962 51.959599 51.150475 53.655185 50.542182 52.133464 58.084075 50.083439 56.406698 53.869680 48.503378 51.373517 53.871434 54.894828 48.199371 50.925255 50.279908 52.053525 51.725628 55.972164 53.042662 55.369379 53.134555 52.123511 52.571274 48.458029 52.209348 54.164255 55.313120 56.037298 52.919772 50.804185 49.506211 54.833998 50.958283 59.631000 53.416013 51.116852 50.914363 48.261513 49.536539 56.284837 52.115971 58.119831 50.715049 51.615893 58.150885 51.953839 57.183410 54.471788 52.981401 53.445804 48.593890 56.787919 53.363898 53.254612 51.188059 49.915318 52.770318 51.443334 47.745664 48.841443 51.198336 49.133514 52.862898 53.085792 51.549922 51.711061 50.771291 55.823938 52.305264 54.140478 50.970787 50.091747 50.884348 52.003048 55.754299 49.382748 54.808872 53.274259 49.482643 52.417262 54.461999 52.000261 52.071312 53.886224 51.738550 49.392722 54.148674 52.851988 56.207978 49.658348 54.503952 53.933656 52.616625 52.952793 57.851241 54.558708 57.305682 48.208643 55.164529 59.359792 51.514121 52.831349 54.870263 52.844675 53.155531 54.134226 51.487849 50.164040 52.793907 55.034108 50.548895 54.702148 53.519680 56.002196 52.096082 53.807647 51.596829 49.907897 51.655040 54.180073 46.610709 52.487185 55.690181 55.009957 53.886543 53.057830 51.320247 49.789064 54.678951 53.249017 55.158361 53.203600 51.842172 52.570183 54.602107 50.830107 50.767177 59.425564 49.337969 51.907831 53.651022 57.548559 50.336109 52.012619 55.060797 53.804821 49.226550 50.558102 51.638110 54.342521 48.230779 54.046398 55.161827 52.463261 51.007712 54.573099 48.681700 50.780589 50.170380 51.167691 52.245797 51.395277 52.911531 49.885196 53.024915 52.825465 52.088930 48.972185 53.062588 50.463598 56.213498 56.072691 47.768289 55.798535 51.461188 57.230565 53.875488 54.707171 52.976271 52.361250 51.558817 53.316982 52.897997 55.972111 53.251842 54.003431 50.088974 54.810352 53.223368 
53.830735 52.524666 50.050770 57.508806 54.326946 49.095313 52.624389 53.756351 56.149351 57.271233 54.707180 50.006580 55.352746 52.040461 53.427536 58.170628 52.203265 55.103293 53.541396 51.039938 52.737070 55.255150 56.418369 48.681761 52.119786 52.355459 55.391185 53.471670 56.971897 52.436644 52.770131 52.686440 52.486876 52.662017 49.532754 54.358889 54.486166 56.908725 53.920337 54.092862 53.611548 52.213873 54.443371 52.410726 61.122297 56.255625 52.874154 54.172821 51.237346 52.469882 56.749522 52.138010 56.253784 53.444929 53.092256 55.439043 50.285099 56.773553 56.663992 54.439960 53.312052 47.932279 54.917409 53.304813 54.074976 50.859937 49.603523 54.933442 53.040898 51.071928 50.974348 53.430695 52.349615 52.343133 50.442686 56.027597 54.899315 53.652788 57.707602 56.097744 57.205567 52.822880 50.229331 53.200356 54.435283 51.579607 52.331108 56.019143 53.807095 50.087201 53.635284 55.283384 51.483257 54.210033 54.088934 54.027659 52.962715 51.716727 52.700202 56.910620 52.585298 56.252865 54.797156 52.494608 53.906216 56.999741 56.754094 56.659443 50.236004 58.619392 58.479261 54.786865 54.913379 58.147804 53.861754 54.713129 53.363658 52.638417 51.822951 53.801428 55.526090 53.537817 55.024083 52.659311 55.533616 55.968124 54.778062 53.050825 50.783501 48.023438 55.404596 49.808472 53.592881 55.635862 53.048765 56.060569 57.013276 51.248808 51.820640 58.217171 53.530765 59.569325 52.194131 51.836323 54.588103 57.523907 50.608213 53.958451 56.671774 50.438285 52.797463 54.387884 57.698071 51.096663 53.194026 54.157358 54.833397 50.083142 50.722463 56.848272 56.019138 49.386348 53.076171 55.764592 55.849142 51.779069 51.154469 49.889980 52.429986 49.257024 50.512537 53.806837 52.382747 52.641529 49.349309 53.567886 52.585876 51.809012 50.998696 56.228635 52.052765 55.425231 55.592946 50.458166 56.575734 55.079088 56.457729 53.840178 55.116431 53.186087 53.425845 51.708747 52.373287 55.998175 55.711141 53.721397 52.250464 50.887126 54.343453 54.049308 
50.972536 48.379286 47.608304 52.268378 48.783696 46.159305 48.259994 48.532737 49.780965 48.963027 50.016519 46.884634 50.315293 47.843827 49.365995 53.871151 47.266296 50.675845 50.303474 46.986109 48.430901 50.632984 54.023724 47.070664 45.504542 46.941049 50.667319 48.687921 52.649176 46.475434 51.817027 47.899289 48.306736 49.917342 44.905895 49.431299 49.724313 52.752803 50.757186 49.678797 48.237627 46.568592 50.872337 49.590549 55.617135 52.043581 46.801835 49.104884 46.248797 47.727679 52.784494 47.568377 52.217616 49.504401 49.536924 53.168808 48.561973 55.041773 50.477408 49.355555 49.373412 45.721090 50.122183 48.121778 49.541256 46.067029 46.233839 49.564660 46.136458 47.232792 46.610686 48.284996 47.241631 47.307286 48.008037 51.840039 48.451477 45.962609 53.027845 51.559320 51.833535 48.479480 45.378778 46.761167 50.136633 47.887008 47.132899 48.583780 51.419183 48.465280 48.543412 52.220299 45.454825 48.598011 47.976339 48.242731 46.071240 48.294568 52.012669 51.162720 48.643959 53.226797 49.129743 47.150920 50.528939 51.924205 51.841494 53.644312 46.608145 52.982231 56.631267 50.196482 49.940756 51.901818 48.035606 50.022972 51.878005 48.460119 49.834529 50.898194 51.080465 48.657609 50.766461 49.400487 52.388691 48.546881 48.168619 48.978634 48.098297 48.231680 49.084655 46.581202 50.283742 53.208396 50.395076 49.972200 57.391174 50.174868 47.638532 54.473618 52.401687 53.839812 50.449337 49.299589 48.341045 50.865025 48.088276 50.690412 51.839944 44.775011 48.543859 49.775925 52.531056 46.829001 48.394411 52.712281 50.850898 44.554765 44.495152 49.012484 49.553907 46.821103 50.862321 52.325130 48.226421 45.079532 47.440409 46.693921 48.622277 46.831802 47.091809 49.635288 48.810090 46.790202 46.627007 48.476302 47.635485 49.904407 44.437620 50.677131 45.992545 48.192824 50.154676 44.365017 51.328336 47.802018 51.762257 48.473916 50.421250 49.099472 48.371234 47.288054 46.897665 51.996099 51.454858 51.030132 48.661870 48.611314 50.287939 49.584184 
48.312126 48.923096 44.177984 52.305822 48.855513 45.937341 47.871270 50.232036 50.915531 51.254027 49.576491 46.294840 48.899243 46.685459 49.539838 56.222693 45.974737 52.022606 49.777339 44.981485 48.789323 49.766516 50.926739 46.289513 46.793405 47.221816 51.147019 47.094167 51.245148 51.408614 51.199749 48.528162 48.180787 46.691544 46.073057 48.799326 49.764138 50.261777 51.530897 49.757464 46.511992 46.421508 48.200335 48.954921 56.181039 49.551710 49.149669 48.078388 45.372715 49.070712 51.969301 48.876784 53.738899 50.470306 47.569155 52.905645 46.588343 54.497177 50.001526 51.837228 47.134775 46.855115 51.886694 49.397539 48.696271 45.106262 45.600319 48.231542 49.256155 44.427623 42.734705 48.243743 47.961774 46.665031 50.181349 50.913736 49.558708 49.344694 53.145225 52.141698 53.311895 48.174124 48.095576 50.000901 50.297339 48.382185 46.343850 48.737776 49.977595 44.011427 48.988860 49.512340 46.646986 47.666795 49.230008 51.105194 50.136990 49.574877 46.688114 51.558141 49.462308 53.852676 52.024227 47.521346 49.804890 53.369448 49.983710 50.876077 44.475612 50.626284 54.922758 49.092676 52.225348 51.636930 50.497360 47.023264 49.083499 49.651552 49.444468 49.701022 50.740105 46.351508 50.698518 50.340969 52.460959 49.968171 48.920511 49.282182 47.157482 48.767361 50.329280 43.120317 51.525612 51.534925 52.589162 50.288680 51.036228 49.067546 47.931538 52.163224 50.294161 53.485115 52.492469 50.829697 48.234893 50.585076 48.453476 49.089220 51.806040 44.314830 49.452210 50.195644 53.178410 47.461771 51.049622 52.641405 52.392922 47.767851 44.657946 48.889287 50.332071 45.941322 49.739988 50.463400 49.864339 47.662365 49.886267 45.938958 47.870613 46.917082 47.739035 48.623443 48.579613 49.371700 45.351337 49.798610 48.366081 48.287893 46.713715 48.548892 44.941172 51.283332 53.337468 46.847436 52.990471 48.830903 52.211595 50.560164 48.926424 47.667037 48.872344 46.834684 46.994034 49.844296 51.012693 50.802611 49.038740 48.324587 49.456022 52.346382 
51.295617 50.470377 47.660352 52.473654 48.162998 47.204463 49.922129 52.462717 50.075061 52.869466 52.899286 46.553216 51.314159 49.266881 50.246892 54.856644 48.184698 50.535977 50.686597 48.755097 47.432719 53.269938 53.606275 47.348756 48.394009 48.293145 50.173295 47.466624 54.323335 51.757816 51.685721 48.381915 50.037494 52.320143 47.164278 50.585143 50.643280 54.845694 52.159318 48.216952 49.315891 45.766908 53.239846 50.459660 57.952565 52.405655 48.235135 49.895684 47.271678 49.750405 53.976100 50.286405 57.045979 52.861615 51.707269 52.001263 48.546025 55.879932 51.099729 51.620329 48.702276 47.694172 51.183221 51.695178 52.466196 48.479337 48.470787 51.585519 49.452764 45.673135 47.802433 47.005398 48.698693 50.378527 47.869203 50.823265 49.845292 47.604586 53.165937 52.219051 52.787242 49.674753 48.058584 50.642600 51.407150 52.205419 47.612593 50.737150 52.851238 46.418490 52.712669 53.344516 47.212272 50.913149 49.540917 50.726421 47.565068 49.865204 51.367238 53.691214 51.861988 53.206427 51.590622 50.183679 51.489526 55.750175 52.575461 55.471747 48.172071 54.421998 55.776297 48.954284 52.638346 53.043160 50.626604 49.918526 51.248493 52.211705 48.393317 50.196931 51.788442 48.598014 52.525004 52.241129 53.075863 48.775581 50.747330 49.476838 47.608034 51.032259 49.296207 46.687002 49.956000 54.500999 53.676104 51.861385 51.662290 49.908016 49.129451 54.903744 52.700497 54.684434 49.726429 52.959200 49.435899 53.425582 49.897657 51.983459 54.200832 45.031491 50.607158 52.205395 54.311366 47.288485 49.072593 54.617682 49.976090 44.159574 45.206644 51.842917 50.248378 50.252542 50.895481 52.684064 52.185547 47.505615 49.918282 49.462575 46.689349 47.774434 48.569234 50.879497 50.088244 49.290458 47.260131 48.979560 51.728475 49.634927 48.515303 49.532260 49.326473 50.899888 51.276551 46.604527 53.551729 51.028695 54.038301 50.972768 50.540356 50.920920 50.028573 49.967467 50.788981 53.000562 52.524247 50.986929 50.986341 49.387311 53.359870 51.596830 
55.304584 52.307655 48.562910 55.925342 53.336259 47.912416 51.631633 51.177783 53.586653 56.758338 55.818491 50.328953 51.764898 50.008797 52.903641 57.144013 50.603310 52.949512 53.989110 48.148091 48.467111 53.390086 55.733781 48.276137 52.222013 51.450442 54.300192 51.248490 56.085609 51.940151 52.783509 49.584870 52.102657 52.592095 46.004682 53.176818 54.108024 54.145764 56.091538 52.427939 51.533410 49.878416 53.614117 51.480307 59.921920 53.731104 50.911310 52.693802 49.141586 51.672372 55.802292 51.809081 56.779009 50.256447 51.116665 54.851577 49.750458 57.043895 52.101343 52.589569 50.727365 48.087255 56.258942 53.325519 51.902288 48.378036 49.154970 52.398960 50.860522 47.766303 50.939262 50.213842 50.614854 50.321189 49.227273 53.467433 51.927327 49.230980 55.603199 55.477139 55.911913 52.512918 50.870882 51.829949 52.577208 50.112420 50.162817 54.627967 53.430286 52.987934 52.781685 54.198860 51.455231 51.456785 52.158212 53.958745 48.719429 54.523133 52.972466 55.977095 50.269003 54.816417 53.603797 53.761815 54.035033 55.551693 55.656110 55.849278 48.724655 57.183867 59.334660 51.907859 51.810718 56.041673 51.749150 53.388817 54.417624 51.156400 51.203167 54.581018 54.870299 52.636874 53.661694 52.829434 54.300885 52.316696 52.308395 52.049265 48.259222 51.579083 53.208013 48.801974 53.692837 52.453457 54.295118 53.868190 54.343993 50.818303 50.011401 55.443251 53.445318 56.609256 53.754556 52.216562 51.127410 55.127077 51.733988 52.902680 56.759741 48.469345 51.086201 52.173292 56.263157 51.647926 52.228556 56.084513 52.929946 46.471778 48.165999 56.434956 54.185279 48.832794 51.422140 54.329752 51.832543 50.736764 52.096159 48.021095 51.233043 49.075902 51.938041 51.506338 53.765299 52.446412 47.756874 53.424722 53.276608 50.431923 51.260730 52.146889 50.746555 53.154592 54.788168 50.294386 52.331319 51.467762 55.773869 53.941054 53.928543 51.237397 52.120950 51.398033 52.955743 55.340228 55.410935 53.096332 48.076716 50.570669 56.027405 52.610216 
49.729399 50.162413 45.499113 54.276580 48.634892 48.109434 47.772779 52.674454 51.054635 54.014307 50.592564 46.046221 50.826264 47.226667 48.587706 53.970592 47.908664 50.406754 51.880575 48.502022 49.376894 49.739232 51.559016 48.087465 49.431663 49.588533 49.821607 49.607733 53.106158 48.486599 52.699848 49.067812 50.579893 49.029513 46.625852 48.806709 50.654151 52.644982 50.969790 50.429392 48.207061 47.451524 50.308714 49.553886 56.026576 48.718938 49.581437 49.860561 45.689665 48.724579 51.551596 48.922768 53.858555 49.991807 47.618849 52.728840 48.537797 54.935372 50.156089 53.213425 47.883417 44.630444 52.560091 50.883002 51.193812 47.568715 46.942515 48.926549 49.425517 47.905724 45.819431 48.089804 48.156707 50.381199 48.527237 49.936103 50.828533 48.500411 51.992392 51.372606 54.432744 49.664001 47.465193 49.349338 50.516741 49.211170 44.666700 50.259685 48.387704 45.170011 49.701155 52.803288 48.739438 51.346512 50.565566 48.804994 45.501773 49.081540 51.878973 53.466954 48.319346 51.820353 51.867707 49.153441 50.069615 51.238171 53.449726 54.867477 45.085025 52.554794 53.217898 51.922130 48.561480 53.802347 50.303170 51.184704 52.828041 50.173943 47.788211 49.809586 53.136197 49.651136 51.753035 49.161534 51.517162 50.572288 48.375193 51.788889 46.544739 50.047619 50.129747 46.053026 50.588156 51.284433 48.022055 52.105096 51.632183 50.900855 50.075694 53.409465 52.428057 53.022274 50.175659 50.705607 50.561126 51.995397 48.431396 51.248555 52.486612 47.499221 49.758965 50.093636 53.417118 45.510691 49.441674 51.796225 51.130064 46.610650 47.408974 51.588872 51.242094 45.467436 48.938890 52.270107 50.301936 48.233132 49.163279 44.758154 49.063514 46.880524 49.926587 50.847202 46.405179 50.208803 45.947244 50.114551 51.057543 49.381112 46.429044 49.028210 46.989026 50.682726 52.342766 47.083194 54.242379 50.585638 55.025361 51.230481 50.392246 47.886370 48.941145 48.549491 50.552970 49.515352 52.851789 48.409580 47.623459 47.196497 50.893139 51.480538 
50.901482 49.571405 44.262242 53.818946 50.703406 45.863298 48.077909 50.134156 50.430530 53.126524 51.091323 43.995393 53.454928 48.200608 48.454547 52.356200 47.251097 49.274049 51.152200 47.918317 47.799256 50.479023 52.160023 46.170580 50.069216 44.915362 49.157030 49.328041 50.742932 48.976716 50.713602 48.362338 47.893461 47.586327 44.649979 50.013553 50.030621 52.022224 51.841740 48.144997 49.153389 47.644999 50.215147 48.772962 54.309259 51.245824 47.861023 51.553161 48.000916 50.375912 50.215509 50.123917 53.057621 48.753151 47.617004 52.988842 47.393153 53.474333 51.666180 51.291926 50.211857 47.026543 53.198585 48.813135 52.275014 49.134299 45.741513 47.468094 47.954299 47.326693 46.772938 46.947404 46.191564 49.427621 49.366445 49.744637 49.952582 47.778747 51.884432 52.801317 53.315924 49.094441 48.982245 53.321756 50.528689 49.732985 47.283053 52.356361 51.773761 46.359080 49.389771 50.625629 48.262861 48.419104 49.923888 50.916162 46.189098 46.682415 46.527535 54.248627 47.911639 51.027204 50.880395 45.610640 52.028053 53.954057 51.711099 52.398190 45.444560 51.484089 54.615936 48.529481 48.957615 52.585300 49.705684 50.058179 48.004968 49.245293 48.561134 48.665577 51.911124 51.316588 50.857017 48.623054 51.443480 49.759348 48.317017 50.425201 45.395932 49.474357 48.376593 46.007329 51.580525 48.411710 50.619910 50.030132 51.524738 50.853680 48.913769 52.976594 51.416584 52.774810 50.284739 48.943485 49.889184 50.524213 48.004762 51.846729 51.242640 47.082784 49.297380 49.511598 53.431354 45.360249 51.810156 52.309824 50.473892 46.176764 45.871305 52.732716 50.931727 46.068712 48.894022 50.979541 50.140928 49.666761 48.102272 43.959218 49.707365 48.471663 48.568017 50.009845 49.109020 47.697785 47.224894 48.746716 48.566142 51.870140 47.796040 51.633034 50.587919 52.903162 52.691394 48.106489 53.675092 51.337922 52.813997 51.540310 51.256875 48.485922 47.942549 46.455293 47.557788 51.171824 51.698376 51.637769 47.256116 46.332946 49.511050 48.442840 
54.931145 50.228393 46.516281 57.440798 52.460822 50.125504 52.243327 52.604342 53.596785 56.643607 53.037258 47.069485 52.689961 51.687603 54.385282 54.934796 50.743901 53.571142 53.469324 49.551053 52.439567 53.303396 52.857680 48.076181 50.774920 50.840458 54.208175 53.720319 55.724635 51.367948 52.270316 54.296672 50.477093 51.104554 48.022818 52.297624 52.468796 55.581499 55.693126 51.690027 49.773170 51.192812 52.779571 50.739761 59.023037 53.023364 51.257144 54.085816 49.337150 52.036937 54.250270 50.958571 56.464566 53.166969 51.841376 53.658065 50.634527 58.651387 53.428604 53.414745 51.716175 49.817798 54.297647 51.518854 53.579124 47.952525 47.416958 53.752144 50.870220 49.995751 49.218020 50.553425 50.795805 49.694049 51.745328 50.904896 53.266735 50.305548 58.395919 54.376264 59.182470 52.504558 49.675552 53.490769 54.411851 52.078650 51.031840 51.144771 54.808594 49.032778 52.598849 51.990663 50.106788 54.182519 50.256257 54.235769 48.872214 50.181335 53.496225 56.249897 50.521828 56.779174 55.641432 52.315053 52.140295 57.440503 53.487720 55.929668 48.198939 55.122418 58.579842 50.437622 53.436234 55.524269 51.884822 52.820649 55.220905 52.396225 51.762861 53.573559 54.097418 53.044185 55.193405 53.893985 56.418957 52.412665 50.221807 52.404717 50.811626 51.149684 53.249654 47.425193 53.378461 52.899902 54.498104 52.141543 53.248698 55.490649 51.680906 55.213526 56.241132 58.798180 53.592568 52.877317 53.473009 52.968233 52.609417 53.081297 55.140214 49.683893 52.270166 52.425098 57.901935 48.580895 53.797337 56.288549 53.921691 49.292586 48.624793 53.835574 52.389606 50.329503 53.055903 53.010276 52.108101 51.359584 52.889456 48.806945 51.804621 48.522606 51.214939 52.557490 53.822983 51.601286 46.428216 52.724890 52.216049 52.779427 53.464255 50.102357 49.285717 54.042665 55.231767 52.511176 53.510886 54.168294 55.230980 55.939765 53.090478 51.469669 52.226711 52.307322 52.187153 53.529143 56.365291 54.432085 50.464705 50.935421 55.490790 51.426919 
55.999122 51.585169 49.880290 57.956786 52.606325 49.488823 52.858729 52.842631 54.121599 57.721679 53.673799 50.146277 54.054662 51.373496 53.102045 57.976135 51.614330 54.361003 54.009484 49.278247 51.393479 56.795404 58.164317 49.622686 50.677238 49.138641 56.119320 53.371510 55.664599 52.975376 53.400250 53.049950 52.177627 51.794013 47.101460 54.401118 54.462813 54.090620 54.951832 52.746847 50.849380 50.525179 51.935568 52.293567 60.604316 52.641332 53.001622 53.519259 48.747937 52.022576 55.345738 52.924913 58.019099 52.178268 52.943027 54.335601 49.488020 56.310090 54.658271 54.246778 52.334571 49.858712 56.398522 52.083962 53.270969 49.800627 49.320454 52.862463 52.161383 48.115283 50.620737 52.854058 50.810316 52.037425 51.407066 56.162363 54.039188 51.504079 56.195286 54.831549 57.009375 55.375430 53.331664 52.233672 54.602541 52.761000 49.963182 51.553816 55.129383 49.552086 53.269274 55.597979 50.965433 52.779423 52.764962 54.091401 49.994476 51.539130 52.304390 55.642650 51.898573 56.976235 54.465459 53.348745 53.055246 56.839228 53.326079 56.801052 49.009538 55.613581 59.173922 51.792250 55.065893 58.090418 54.395932 52.961053 53.805636 52.730968 52.639288 53.699819 55.570732 53.568372 56.325056 52.676136 54.647956 53.932789 52.875958 52.883288 50.531632 51.712701 57.494903 49.339618 52.551631 56.120331 54.126691 53.586530 54.899012 53.256126 51.909258 54.565507 56.019858 58.206229 53.836444 52.839114 52.962458 53.793887 49.546853 52.774282 56.099466 49.149686 53.173306 54.534550 58.168254 52.555323 53.293464 55.795125 55.227511 48.931294 48.463531 53.697936 53.904794 49.305049 52.436736 53.217711 53.144434 51.291906 52.171867 48.614047 51.819013 50.070558 51.503825 54.991412 51.864921 51.371463 49.468047 52.373818 52.918905 52.406748 49.373779 55.364410 49.591301 51.976340 53.162106 48.056870 54.469822 53.073691 53.643526 53.593962 54.943068 52.139669 51.972331 50.646530 52.535227 55.810166 53.320996 55.232410 53.013785 51.491272 57.138839 52.742366 
50.902643 50.550820 46.425585 52.817700 48.290221 47.277832 47.867919 51.991665 52.570472 53.687777 52.812866 49.782134 51.026067 48.021580 48.631935 55.618621 49.090077 52.290179 52.485589 49.065708 47.893612 50.075606 54.030599 48.207881 50.904072 51.149948 50.774083 50.236730 54.411324 51.199333 49.898963 50.201796 51.466286 49.671358 44.075635 52.700037 50.218566 52.072067 54.484247 49.708179 49.360869 47.162760 51.966996 50.001652 59.193984 54.171417 47.515800 50.670390 47.445968 49.616072 53.513225 50.372977 55.432665 50.000610 50.723550 53.614372 47.415394 58.975070 52.224513 51.672860 49.036846 49.826649 53.482991 49.828329 51.983959 50.511990 44.994597 50.698416 50.298479 46.865894 49.379558 49.013481 47.612188 51.123251 49.512796 51.524782 51.567932 49.859844 53.570994 53.975991 55.418092 50.826778 48.968926 50.429347 51.377787 49.622519 48.859443 51.426541 52.259030 45.913124 52.871979 54.453972 49.856737 52.156984 50.290183 52.866987 48.338836 50.208704 50.008150 52.326620 50.119543 53.564347 51.546251 51.919084 54.600229 54.032676 53.664067 55.224897 47.107021 53.535199 56.175423 51.544214 48.826835 54.548714 52.115025 52.380791 52.376281 51.485174 50.131727 50.181468 51.021520 50.819598 54.031963 52.335544 52.344534 51.222733 49.225180 50.425461 51.193169 49.001311 51.540676 45.671219 51.945936 53.518387 52.891088 51.553589 52.521976 48.527466 50.924647 52.764474 54.983404 55.431976 51.496519 50.402262 52.069377 52.853206 50.181638 52.833064 54.950039 46.298798 52.792093 51.052450 54.799819 47.356534 50.548503 52.750724 51.415188 45.781733 47.344600 52.366376 49.163234 49.137966 51.483299 54.498188 49.932712 50.167506 51.228320 47.590368 49.264263 49.068447 51.343709 51.049367 49.859936 50.025218 46.953418 50.063073 49.394919 51.192565 47.352716 49.889909 50.511314 53.254717 50.550524 47.804223 53.217992 52.771857 53.843122 52.821030 53.808220 50.524581 52.926700 51.495716 51.617892 50.399790 54.589958 53.034762 50.434137 49.897856 53.805077 53.630388 
54.638155 55.482062 51.218788 56.504794 53.223938 49.482278 54.259951 55.023421 53.713898 55.474091 54.345500 51.292000 52.735664 53.371460 54.640949 58.731443 49.594590 56.461396 55.314169 50.684433 55.270052 55.890529 54.594461 51.767011 53.961709 49.773367 55.049096 52.581398 55.886116 52.658951 57.248938 53.343678 53.786114 51.729879 46.952789 52.595856 55.104026 56.305240 57.571783 54.988984 52.505258 52.839338 53.946393 51.115468 60.956121 53.060202 52.482618 52.743640 49.760664 52.671022 58.106823 54.624473 58.208305 53.207026 53.114331 54.958861 50.892605 57.852188 52.455896 54.310241 52.712110 50.756107 55.809503 52.367668 54.800223 51.436778 50.844113 53.802675 54.126095 47.972907 51.267850 51.789504 53.628371 54.083308 53.927358 54.077210 55.053655 52.005151 56.491377 55.864250 57.649489 54.125366 51.984148 52.925118 52.993938 52.898300 52.731197 53.979391 53.954461 49.141693 53.887814 54.391608 53.380360 51.424479 51.729963 53.617511 51.556824 52.263943 54.691493 54.181197 51.683577 57.352542 54.015000 54.505604 52.713694 57.337262 55.025028 57.125091 51.201690 57.175589 59.553859 54.376285 53.839282 57.817753 54.419193 52.975716 54.338361 52.162809 54.273767 52.860611 53.046681 52.426476 55.246718 54.121219 55.542384 54.053851 52.863304 50.917373 51.787012 51.027323 54.347018 49.123389 54.183085 55.821522 54.013307 52.708781 56.064011 51.749970 50.219506 54.810675 56.453192 57.856843 52.871742 54.880572 51.817366 54.646180 52.137577 52.048800 55.041729 48.443591 52.406627 53.908035 56.569263 49.089071 54.251415 55.447061 55.148295 50.132387 50.820276 55.747282 52.030154 50.025647 51.329671 54.772714 52.565169 50.752194 53.117570 50.211043 52.159190 51.187288 51.597865 53.812575 51.920557 55.549599 48.130667 53.144417 52.666165 50.755144 51.775833 56.047435 52.773777 54.986259 56.121772 49.979789 55.150322 53.871547 56.342127 55.931601 55.536817 52.910102 53.420150 51.252274 55.220269 53.465970 57.843516 53.655713 50.503447 51.487881 55.029829 54.996285 
50.992914 51.694452 46.965868 53.438713 49.307157 46.151873 48.769340 55.832499 51.874694 50.225618 48.801688 46.165728 49.569349 48.121129 48.175080 52.616545 45.686777 50.499867 51.915546 47.408431 48.300204 51.978254 54.296196 44.403254 47.617803 49.023164 51.473254 49.242487 50.990244 48.847117 50.937996 46.371500 51.231754 49.563936 45.423690 51.285895 48.905150 51.992501 51.951267 48.959416 48.638071 45.312668 49.319288 48.449769 53.769109 53.052260 46.935697 48.893704 47.484924 48.827948 51.414453 48.896378 54.605027 52.146287 48.815995 52.667460 48.496557 52.262265 49.763846 51.465240 48.338932 49.381879 48.941555 48.497431 51.466551 48.564058 46.101442 50.075913 47.811084 47.005885 47.846561 46.500185 45.473525 49.675072 48.454387 51.777614 50.216129 47.918346 50.607255 51.234575 54.528362 48.137994 48.451166 49.922378 48.481193 50.866487 46.679871 50.413213 50.566366 45.400664 48.952767 52.138580 46.582803 51.738322 48.818291 51.088243 45.340201 50.514826 51.072073 50.812625 47.312682 52.450713 51.438535 49.775206 51.086612 53.821813 50.816446 53.105765 45.509513 52.693074 56.847235 50.312335 49.805647 54.199564 50.115058 50.167730 48.808432 48.698196 46.988839 51.195729 49.665239 50.366443 51.082045 48.981972 50.559137 49.280457 47.716827 48.518003 46.910453 47.139565 49.829465 47.537594 49.876779 49.310651 50.743922 52.009781 53.329456 47.656410 48.830027 50.488336 52.184313 54.177040 48.177424 47.550415 51.789057 51.663683 51.003341 51.363581 53.767012 48.738361 50.617652 51.265276 55.145684 49.330659 46.679864 53.846048 51.332919 45.764856 45.068156 52.018013 50.198452 46.007261 49.796250 52.506798 49.144809 48.560431 48.959917 44.649506 50.757453 47.859171 49.874488 49.086722 49.794587 49.554932 45.149348 47.594386 49.297047 47.908173 46.951824 51.987401 47.475607 51.847009 48.889036 45.566039 52.388578 51.952182 54.260339 51.048826 50.337443 49.420656 49.713717 48.107321 49.793140 50.420083 51.510595 52.353277 49.568851 47.305348 52.496430 49.482873 
53.058220 51.428931 47.229993 55.990382 50.480524 46.777968 49.747601 52.921368 52.789219 54.393829 53.643293 48.595354 52.058241 51.193148 52.382115 55.437919 49.826890 51.962289 53.834907 49.016490 48.463880 51.160839 53.675518 48.084263 49.989165 49.394148 52.236930 51.082611 54.468085 51.213022 51.817493 49.701597 49.810809 50.033156 47.296194 51.823678 50.035712 53.132979 52.913699 51.144386 48.967038 50.389635 52.468091 48.479397 60.875266 51.534579 50.755449 50.768053 49.346483 48.880699 53.678054 49.907543 55.019150 51.230232 51.787562 51.963791 50.092103 56.089488 52.527740 53.262764 50.944274 48.014381 52.763209 49.172042 52.101969 47.040772 47.773242 50.741705 51.076875 47.383486 47.576743 49.348921 50.749665 49.706619 48.818323 52.308199 50.481899 49.908837 52.879941 51.633976 55.455498 53.037295 51.437503 50.629745 52.013938 51.163644 48.585849 52.055602 51.739388 48.208762 52.488841 53.901488 50.891681 51.223586 49.847797 51.246325 48.087930 50.528727 51.282958 55.370776 48.776467 53.586760 51.491447 50.835759 50.458509 54.519111 52.499713 53.589911 47.745851 55.208973 57.437721 51.918679 51.355500 53.538162 50.249947 50.397446 52.119849 52.360701 52.352306 51.850613 52.429773 53.194903 50.661691 52.769148 52.811316 51.649066 49.477357 49.820458 49.263797 49.438453 52.413424 47.433534 52.580872 53.069010 54.543821 52.317538 52.856228 49.674401 49.258921 53.820056 52.010388 57.203458 50.371622 49.612350 49.637718 53.439946 49.798917 51.547432 55.785603 47.501321 50.536297 51.221689 53.402170 49.644027 52.296672 53.790227 52.035803 47.384562 47.127467 55.180936 51.260870 46.641003 51.846141 53.213091 51.447799 49.038001 51.894285 46.177189 48.359839 45.949091 49.851764 52.173755 49.866253 48.499406 45.124546 51.787903 52.059266 51.418269 49.962965 50.254124 49.944987 52.226809 54.544722 47.032732 52.115641 48.847803 52.774757 52.659276 51.147149 52.377593 51.613460 49.770057 51.381106 52.825583 54.618518 53.090055 48.804362 50.516187 52.180304 49.654523 
52.115563 52.016141 46.982489 54.866840 51.833003 46.373640 49.029529 53.509421 53.219658 52.297640 50.199420 47.788018 51.739913 48.542257 49.653649 55.524179 47.216941 50.456481 50.185772 47.092830 47.401768 52.835904 52.187663 48.452807 49.281944 47.801287 50.995815 46.772792 54.087671 49.708524 51.284902 47.618358 49.490273 48.332252 47.146860 52.535259 49.859041 52.953716 54.090144 49.783472 47.743047 48.806226 52.040255 50.303054 56.510719 50.226954 49.471198 48.228962 46.239553 51.569672 55.085797 50.460363 53.573204 50.905343 51.089397 55.745252 48.460927 52.788015 50.027652 50.481978 48.837132 46.649982 50.760526 51.235135 48.408566 48.542270 46.587389 51.336294 49.269915 47.435081 48.298568 49.552798 49.916397 49.668764 50.701717 50.580584 50.053340 47.069094 53.391178 51.604105 52.593242 48.786573 48.955974 49.862817 51.545478 52.275345 46.910229 50.810544 52.611211 46.318886 50.252474 52.846743 46.199739 48.275465 49.752987 50.917039 45.669934 50.598858 50.409195 51.990416 50.128022 50.613189 50.336350 50.154341 49.085002 53.893557 51.649410 54.522013 45.343093 54.708333 55.181572 50.370727 50.341011 53.709223 50.644980 49.933905 51.732770 49.716311 51.084901 50.788937 52.865002 47.486177 51.504969 50.483044 51.451798 48.651490 50.543920 48.319478 47.686127 49.505371 51.468518 49.333393 51.762219 52.283063 51.484443 49.897000 53.739138 49.168030 49.128541 52.525915 53.697813 54.316050 49.714792 49.313721 48.796956 51.699323 50.265035 49.702604 54.890591 47.859066 46.508944 51.210410 52.421695 46.828406 49.623008 52.585228 52.814333 45.530683 44.755015 50.772132 49.131442 49.851819 51.888199 51.887674 50.086734 47.461164 48.915321 47.060608 51.479066 45.765230 49.156258 51.829968 48.922370 51.428110 47.931563 48.417881 48.822903 49.878199 48.014329 52.881098 47.977688 51.422863 52.251072 48.085518 51.666048 50.252561 55.076831 49.886622 50.568691 48.434727 49.424853 47.624623 50.175759 52.051237 52.302756 52.206681 50.967352 48.662536 50.557011 49.511465 
48.450426 48.152062 44.402665 52.163241 46.722244 46.072557 48.834070 48.875597 48.712443 50.476961 49.598838 46.563241 50.801095 47.669728 48.233286 53.684852 46.849058 49.710226 49.510658 48.533181 48.351128 51.318996 51.179148 46.312954 49.143719 47.439988 49.839728 46.196940 52.455515 48.954921 50.447848 48.469773 47.284801 47.129501 43.264917 51.186293 46.929931 51.958077 51.222049 50.386431 48.046400 46.908174 50.122564 48.085287 54.874654 52.138504 48.531966 49.159493 43.648225 46.862957 50.628553 48.774066 52.506727 49.895059 49.850814 50.337929 47.391918 52.446944 49.480947 48.505306 49.942747 47.654335 49.691958 48.031720 50.365188 46.683852 47.044298 46.583770 46.176315 44.833768 47.169441 48.499446 48.031328 46.833575 48.109707 50.176506 49.499880 46.601374 50.624896 51.576815 52.010782 50.006858 48.081633 48.461372 49.470529 47.346488 46.209409 48.919862 52.581304 45.764963 47.323255 51.163529 46.543892 50.958357 43.665830 49.106020 47.243677 47.482641 50.790190 52.568072 48.607563 52.112721 50.294828 47.361506 51.196952 51.203885 51.453811 53.687421 46.775544 53.029705 53.183520 49.947658 49.731388 54.151069 49.143107 48.777271 49.654899 47.822539 47.702453 47.688621 52.543609 48.051016 50.161565 48.549230 50.963912 50.450541 48.745484 49.186564 47.277439 48.848532 48.180140 44.952553 50.114729 48.849940 49.534713 48.826319 51.906551 49.174715 49.223553 50.433793 51.735687 53.620081 50.936833 49.442795 49.408706 48.995447 48.713322 51.225044 51.279463 47.069187 49.312747 50.612435 51.438791 46.376426 49.196932 52.625209 49.649080 44.832571 43.587575 50.335504 48.292156 46.689954 49.615569 52.425018 47.806157 47.471528 48.432755 44.418535 47.176008 47.357231 49.151630 49.467968 45.752563 48.056598 44.192581 48.614234 48.687777 50.193547 45.106951 49.868426 46.341273 49.592662 50.556512 44.887771 52.453568 47.964838 50.560157 50.519319 51.279179 47.525001 47.770457 47.537352 47.888755 50.026371 49.826016 49.308859 46.097350 50.642969 48.625760 48.946791 
51.772602 54.120426 43.599130 54.353051 52.661163 50.934061 52.285537 53.673122 55.072199 53.137493 54.485858 50.337053 52.285772 51.402112 51.072530 56.838358 49.903405 53.916481 52.122763 48.434279 48.417966 53.793782 53.369710 49.248286 52.666456 51.048037 51.247807 51.769396 55.466901 53.173196 50.765049 49.831355 51.385756 51.318856 47.116155 51.390264 53.608011 53.920745 55.228721 49.724293 51.040609 48.903965 54.855590 49.972074 59.119153 53.587202 49.571672 54.290711 49.380351 52.783306 58.774199 52.381091 54.746130 52.809949 53.175748 53.794134 46.800277 57.766714 53.696307 53.528568 52.318786 49.049449 53.111183 49.826333 52.562267 50.544770 46.638696 52.298231 51.982322 50.054960 48.212525 50.115003 51.774868 51.238747 51.156270 53.638245 52.195848 50.273457 55.557454 54.279411 55.630278 52.481427 51.166876 54.983407 52.681673 52.372111 50.396907 52.255450 51.744108 49.802714 50.663596 55.412423 50.889463 53.806642 50.715790 52.084630 49.773910 51.648232 50.949248 54.773857 49.691677 55.355980 54.675009 52.874284 52.486493 55.399173 54.792583 56.240765 47.050397 56.323768 58.547280 50.345321 54.013472 56.260947 54.229396 51.372465 53.644979 52.687984 51.192007 51.426437 53.553119 50.832214 54.988155 54.382707 52.865825 50.786218 52.304493 51.698188 49.607874 49.866170 54.663972 46.713449 51.223051 52.816441 55.193418 54.041839 53.198947 51.918591 50.154729 55.279463 52.572956 59.208227 53.852420 51.678131 52.731747 54.857767 49.701071 54.472410 54.209291 48.600521 52.729884 52.566961 53.605538 47.743140 53.637221 56.069845 52.465693 46.140210 49.022651 56.522146 51.518683 49.309853 50.541904 56.252387 53.453970 50.167710 50.927939 49.465751 48.679041 49.798338 51.040677 53.644570 52.162197 52.077599 46.822145 53.718655 54.853274 51.759419 50.629500 52.796941 50.938903 53.645447 55.227152 49.970727 53.106354 54.445112 55.683412 52.738704 51.549408 50.145545 53.185125 49.148962 52.907373 54.041326 54.157286 53.017479 51.156587 52.280162 55.786416 51.843116 
49.365496 51.380196 47.091868 54.508311 48.011190 46.790792 49.423880 51.532456 49.659423 54.619879 51.173244 47.010114 51.357772 48.591381 49.399619 55.623256 49.358692 51.880067 53.255292 46.488668 47.081927 50.094524 52.349333 48.554005 49.066793 49.231185 51.382559 48.221668 53.157069 47.645499 49.113315 48.648439 48.562464 49.146099 44.912096 49.841794 50.512436 53.932065 52.253334 48.987808 46.612096 46.143753 50.598948 46.437974 55.250580 51.318321 48.128131 50.611118 48.789838 50.358083 51.862338 49.259795 54.047043 51.062299 51.282751 52.166172 48.899423 56.704005 50.864886 47.608324 47.575875 46.775137 49.244097 49.325807 51.483497 48.515615 47.313613 50.386307 48.109781 46.514291 47.361251 49.509986 47.731394 48.109741 47.224100 50.397400 49.573823 46.638593 51.853471 52.621093 53.848801 50.059028 48.345018 47.842565 48.960757 49.260798 48.873811 49.516810 50.489150 46.565206 49.902140 52.612134 48.425454 50.607636 48.028522 47.753161 46.890875 48.981786 49.340235 51.702264 49.239002 51.313372 49.835991 49.256493 49.476891 51.281528 51.174853 54.137930 47.988397 52.250216 57.490597 49.897112 51.833764 52.586993 50.165988 50.830697 53.122395 49.666258 48.135857 50.107064 53.908957 48.660601 51.864683 48.540380 52.153330 51.445164 50.147712 46.386571 47.601971 49.659468 49.363844 45.724602 50.136514 50.508024 50.972344 48.896522 50.666368 50.065814 48.977115 51.970032 51.197765 56.353013 48.852349 51.953519 49.258753 49.971473 47.389541 50.921986 52.180348 46.837433 51.338917 49.770557 55.623445 46.958790 48.285934 53.116810 50.748168 46.009759 45.929301 48.962993 50.561146 47.694925 49.327917 51.426532 50.724811 46.762309 49.083933 49.756515 47.213763 47.108060 48.818596 51.922376 49.206674 48.756242 44.649020 49.522622 50.084342 47.636655 46.925753 49.598022 47.576358 50.431945 50.809647 46.603349 52.771828 48.086425 52.387717 51.096238 50.960203 48.920070 47.063310 47.693277 49.935763 50.196171 50.883157 50.973467 48.519772 47.478363 51.665170 51.500520 
52.390634 52.699617 46.394221 54.095066 51.637054 48.734270 50.255300 53.914207 52.939994 55.934471 53.044385 48.690456 51.442114 49.677893 51.273514 53.839954 51.538240 54.558722 53.757961 50.161193 50.509808 52.808989 53.057249 49.140960 51.358182 51.024444 53.318432 50.703612 53.421184 50.374474 52.260439 52.430840 54.212755 50.449814 48.544020 53.608632 51.791691 54.076415 56.803439 51.626598 52.219544 51.085194 51.078106 52.205351 56.954610 51.235537 49.974697 52.204940 48.749572 49.976265 54.572207 53.251489 54.772209 52.580477 50.553186 53.497673 48.100524 57.903947 50.145153 52.594142 49.638890 47.688216 53.501298 51.728710 54.267008 50.692191 48.221004 52.151219 50.737978 50.197851 50.526511 50.578336 49.597326 49.328429 51.538119 50.823889 52.841142 49.427171 54.362138 55.689012 55.803011 51.105621 50.578562 51.196750 53.739819 52.053540 49.353850 51.476224 49.696265 48.253702 53.391511 52.382319 52.103343 51.710915 51.036241 52.393862 48.769009 53.185647 51.705603 54.108435 49.130967 53.090951 53.984036 52.247404 53.279580 55.732570 52.715020 55.763642 49.098230 54.801724 57.592460 50.550562 50.868311 57.050832 52.168832 51.836627 53.874903 52.519941 51.413713 51.973038 53.073835 50.954641 52.407317 52.670813 55.463385 51.970336 51.592232 50.382833 49.697214 50.204091 52.707592 46.672393 53.539789 53.778383 53.718048 52.899725 52.676491 49.628511 52.512762 55.294689 55.610846 57.109234 50.506283 51.509180 51.973052 54.437606 49.722178 52.497151 53.934613 50.404908 51.928640 48.850645 55.807365 46.734338 54.027628 55.162809 52.684881 45.803290 47.565027 51.956514 50.935531 49.947084 50.386963 54.788459 50.446023 50.493448 52.090261 48.299187 51.525170 49.234614 50.121917 52.262952 50.009501 53.169450 49.605835 52.422715 51.605537 52.447263 49.219476 52.553953 49.606617 54.290006 54.171124 50.087005 53.238333 53.115610 55.212563 53.791321 52.084853 49.001139 53.168031 49.598631 50.728831 51.328580 56.709578 52.042867 49.957422 49.941236 52.835212 53.664188 
49.423264 52.299083 45.760200 53.646762 48.963492 45.363370 49.966261 52.276532 51.625507 51.551258 53.089964 45.609777 50.877716 48.270450 47.962194 55.159932 48.936567 52.523826 50.602153 47.947000 49.252854 50.779226 54.804391 46.925613 48.274240 48.406281 50.271087 50.115576 52.309750 50.699428 52.289387 48.822751 51.588595 49.058462 46.798673 49.836950 50.195708 54.619886 54.926534 51.660504 50.188536 47.725175 49.386198 49.282451 55.455865 52.325707 47.866377 49.594793 46.203680 49.706651 53.650983 49.776082 52.813734 50.111624 49.869417 53.103354 47.854399 53.821306 52.813551 51.058008 49.560981 48.589827 50.946986 51.210895 50.544156 50.823765 46.214595 49.577756 50.421754 45.254531 46.193215 48.997990 49.212159 51.041854 49.203607 50.982878 52.040146 45.957040 50.063868 52.316925 53.672574 50.857278 49.141668 50.747051 51.880595 51.443861 47.052205 51.426219 55.272238 47.600835 50.094147 50.930756 48.845113 50.682196 47.890651 53.686401 46.967272 48.819427 50.770912 53.512734 50.845169 52.443211 49.906880 50.221529 49.255011 54.968366 51.854831 55.275835 46.729517 52.901970 56.264506 49.909908 51.289843 52.364156 50.868043 49.093045 50.335286 49.692146 49.422585 50.003320 52.826181 48.343806 51.707669 49.751967 52.516475 50.902327 51.323780 48.525112 48.259695 48.890853 50.460043 45.597955 49.005596 51.503394 52.901703 49.374221 51.026472 49.140016 48.539652 53.787151 53.469792 55.073745 49.263163 48.160908 51.093695 52.486454 47.147864 49.847299 53.638537 47.729628 49.365272 48.277850 52.860556 49.670813 51.225913 52.686727 53.001637 45.541632 44.813836 50.824136 50.194171 46.671217 50.192686 53.740700 48.395587 48.510484 49.574048 44.724787 49.380977 46.772997 47.095001 51.167814 48.778292 50.018059 45.282498 48.337921 50.426037 48.863088 47.433431 50.149455 47.424804 49.675847 53.300807 47.603025 51.929862 50.629143 53.701322 51.864287 52.837991 46.696938 49.694352 46.285093 47.659811 52.032110 52.756235 51.799903 48.537593 50.035804 52.455759 50.366304 
50.428205 48.413497 45.546956 54.664718 49.902929 46.695450 46.761008 49.494010 52.328690 52.575200 50.113448 45.525319 51.050655 48.230425 48.788016 52.189419 47.077438 51.595252 49.008848 44.695533 45.462998 51.578359 53.532292 46.494080 49.686197 47.235520 50.763334 48.663294 50.832607 48.317612 48.735931 49.432700 49.850969 47.201654 45.455475 52.046295 50.575043 50.832114 51.106028 48.101208 49.533505 48.384432 49.114856 46.115431 54.861945 49.573390 47.883519 47.352407 46.125482 45.705438 50.161042 47.780160 53.854200 49.997428 50.073008 51.744464 47.161957 51.745975 49.849009 49.206344 48.134558 45.903759 51.545876 48.458818 52.209534 48.684682 46.118223 49.143162 47.870815 45.777451 45.377095 48.980426 47.050136 48.257938 47.279442 49.978278 49.889756 48.326353 54.612126 52.448523 56.017258 48.978078 46.649358 49.019764 50.652456 47.611265 45.627943 50.798299 48.442568 46.889746 49.770904 52.157028 47.154202 50.882665 51.011922 50.770497 48.344786 48.253367 49.177387 53.122412 47.255786 51.390390 51.643861 48.602323 49.455811 51.645380 52.449139 53.848277 44.834248 51.738554 54.954096 49.716893 50.209876 52.484736 50.189282 48.671553 49.694950 48.896093 49.193787 48.859557 48.903683 48.068999 51.899107 51.314268 50.675899 49.789810 47.942372 49.184752 49.124082 46.879687 53.397919 46.952758 49.703370 50.602483 48.997758 50.271084 51.626590 46.178929 48.019737 51.543188 52.427245 52.162796 50.625145 47.415740 49.281958 50.596869 49.281882 51.836211 53.566426 47.797002 48.780967 52.365524 53.975125 47.239011 48.787600 53.444239 49.708581 45.258065 45.753490 49.911256 50.659991 45.059149 48.771252 50.904880 48.040382 45.728814 49.809112 45.318439 48.775871 46.818043 49.717855 47.314024 49.289527 49.171656 46.467919 50.575239 48.609297 48.730854 46.190688 52.219203 46.527835 49.818536 50.986490 47.709332 51.147318 49.506821 51.242644 48.847892 51.167513 48.200063 48.797072 47.797777 49.207152 51.895164 49.690338 48.355007 48.446076 49.277325 54.183389 50.159535 
49.061130 50.055037 45.094509 52.949124 50.296788 45.438263 47.321178 51.227916 50.254717 50.555364 48.925737 45.696303 49.946140 46.038278 47.558970 55.430565 49.125030 46.675214 48.552798 46.459301 45.097025 49.174977 51.588969 46.762238 45.952808 51.157428 49.628037 45.907906 51.846157 46.368386 51.314448 50.605860 50.201010 50.342981 45.231444 47.388990 47.115236 50.377480 51.058033 48.373244 46.906265 47.267294 50.427370 48.349986 56.056854 51.761747 49.631672 48.904818 46.160511 46.992809 54.478677 48.721060 53.290228 49.024718 47.732237 51.450267 48.069169 55.224371 49.945417 50.953689 46.474137 46.303082 49.699460 49.259070 50.001582 48.639341 48.016521 48.714177 48.835413 49.280905 46.473959 47.513431 47.866439 50.167715 48.441753 50.383135 50.214932 46.890303 50.664065 52.509529 52.514106 49.242767 46.534219 49.527956 48.596903 45.216734 47.891253 48.848619 48.039633 44.464469 47.129670 51.871144 45.844558 48.286214 47.784034 51.375204 45.862495 47.826677 48.630363 54.298265 47.626241 53.418623 52.591727 48.215261 49.119792 54.333716 50.927003 53.259013 46.749819 50.954288 56.360906 49.040214 47.783301 52.350910 51.032595 49.870907 50.211961 51.590282 48.628992 50.843147 51.550539 49.657291 49.011495 47.630148 52.888935 49.927819 47.824309 49.223822 47.384807 49.154080 50.038239 46.810993 49.859492 51.895780 49.787400 50.610387 51.816102 48.476151 48.857179 53.041877 50.312312 51.986645 47.733113 47.751293 48.730348 48.253659 48.082020 48.628448 54.148108 48.552506 52.162934 50.204095 50.483450 45.637933 48.041333 52.725705 52.546431 42.574768 45.279873 52.764102 49.128974 47.425632 46.375474 49.085150 49.870596 47.926612 47.026325 45.469019 46.187024 45.485902 45.910860 52.366640 49.443245 49.233128 46.018668 47.966040 48.504622 48.536692 46.119735 51.297900 47.195151 49.670471 46.792930 45.951571 53.184177 51.264381 52.142423 51.463970 47.898742 48.195918 49.256535 47.106190 47.444766 51.793546 51.573100 50.773837 47.965965 48.002485 50.251554 50.076638 
54.021016 53.994830 48.518125 55.190728 52.432083 48.179662 50.357945 52.942550 55.671517 54.973820 55.054417 50.467055 53.954369 53.698936 52.517152 59.004304 50.675165 55.435810 52.990113 50.243302 53.130150 53.836511 57.305457 49.631401 49.839172 52.388028 53.761135 52.590802 55.899510 56.266453 54.058791 52.831813 53.165489 51.436852 49.235762 53.982601 52.859454 55.451795 54.803347 54.804297 51.352441 49.680884 52.953692 52.949189 59.744860 55.043378 50.220675 50.643506 48.233935 50.988867 56.269972 51.246771 58.253486 53.629641 54.216541 56.411219 51.016435 58.147581 55.969047 54.018505 51.663619 51.603170 53.411511 56.195811 53.879586 49.441336 47.814882 54.218852 51.934919 48.807587 47.808096 50.244578 51.443989 53.320133 51.217999 54.288384 53.188780 48.446279 55.786766 56.082698 58.360531 53.634195 53.225177 51.778355 53.925203 50.850767 49.207116 52.817682 55.316490 49.074836 54.238874 53.951054 51.932342 51.008416 50.893373 52.918872 50.025635 50.794923 53.725716 53.886472 53.034285 55.735656 56.010021 51.810561 56.063033 56.717797 56.951071 58.044483 48.827144 55.063423 60.504116 54.752586 55.813572 54.192587 54.245677 53.067980 51.946207 54.978317 52.477990 52.486110 55.818749 53.172737 54.963409 54.009942 56.197454 53.262728 53.165176 51.521966 49.967854 50.351641 53.693817 49.021232 56.158708 56.288203 54.227753 52.729067 55.743669 52.583372 50.768421 56.210031 53.382614 58.931177 54.051313 52.631752 53.613541 55.685480 51.142357 54.741787 57.225081 48.696788 54.289399 53.586148 56.817968 50.793161 54.432918 55.795394 55.646968 50.453852 48.400530 56.256774 52.783027 50.004384 52.555060 54.626236 53.425895 51.254413 52.222465 48.538472 52.453037 48.358853 51.266429 53.595608 51.262823 52.710055 49.105194 52.858223 53.773559 51.962920 52.350313 53.156864 51.793649 54.513873 55.632828 48.429118 56.473743 52.153929 56.747605 52.957294 54.694237 54.252741 54.238155 51.071878 51.073264 52.230523 55.481395 55.168066 52.415052 51.437075 55.144334 54.727799 
53.994328 50.531127 46.652618 54.778338 50.632834 48.953844 51.139292 52.777981 54.439661 54.023567 54.021229 50.877328 53.008011 51.463674 50.990862 54.347329 52.546886 53.320397 54.022803 49.949309 49.980473 53.178132 54.590706 47.995959 51.594843 50.641778 52.230893 51.275531 53.554875 51.452458 52.191490 52.416273 51.464230 49.981461 46.126234 53.387833 52.327945 54.117558 52.166971 52.251380 48.331731 49.390924 51.694380 51.595519 57.886296 53.216917 49.620920 53.475178 51.568408 51.216712 55.189590 52.862687 56.506785 50.026690 52.908466 53.630891 48.870689 55.811226 50.743563 52.442088 49.992242 49.725895 53.049902 50.575790 50.445281 51.503090 48.589989 52.436124 52.629394 48.495708 50.598014 50.667741 51.960100 49.668175 49.868811 54.004614 51.060588 49.958999 53.955146 53.563071 57.206872 53.246768 52.695347 55.081856 51.920457 54.013599 51.139842 51.176630 52.092167 48.005862 50.736790 55.252341 51.433949 51.457384 51.587012 53.214186 47.738366 50.977759 51.911121 52.835019 49.074360 54.493703 53.622451 50.386943 51.683766 55.214234 54.370369 56.021399 46.590442 55.247671 57.304181 49.773440 53.462411 55.814328 55.425376 52.627313 51.700523 53.888733 51.436714 52.150259 53.844821 52.401781 53.395995 52.158483 53.307009 53.033614 53.371291 53.274733 51.276288 49.065561 53.183398 47.267123 52.424594 52.218030 55.132213 52.554144 53.524193 53.697516 52.612289 55.349554 53.947322 59.268114 54.336691 51.401107 51.088018 53.703927 51.295749 54.257105 55.131311 46.183087 51.845503 54.129902 53.253523 45.481265 54.195034 53.680368 52.732469 47.414749 46.557962 53.363911 51.132118 50.481905 50.113983 51.641390 51.276667 50.352874 52.551176 48.777043 49.975474 50.384075 48.721574 54.031499 49.076277 52.662229 48.642288 51.571316 52.242499 50.554752 49.566192 51.897892 51.066812 53.807517 55.310275 47.514142 55.759037 51.922146 57.329733 54.111460 50.579087 51.204789 52.671536 48.666998 51.386006 54.607614 55.880761 53.361220 49.553475 47.415800 51.967166 51.444664 
51.304912 49.963239 44.550593 54.390393 50.183890 48.591509 47.561977 49.604461 52.641642 52.707101 51.281890 48.153066 51.876524 48.432807 48.856447 51.814935 47.933885 50.543942 52.523810 45.706604 49.504436 50.416494 49.331602 46.460137 49.594508 48.415705 52.499189 48.643203 50.807727 49.799350 52.718243 50.352551 48.051737 48.722769 47.347396 50.912730 51.686644 52.243388 51.531541 51.381779 47.708722 47.307226 50.498604 49.295015 57.120831 48.524794 48.093529 50.963396 47.769662 51.354073 51.622058 48.715526 53.008338 50.853867 47.373605 53.687782 49.946276 53.192899 49.464075 50.030344 49.344258 47.169246 49.861663 47.482614 50.014177 46.769204 47.608988 48.627472 49.804933 46.119113 48.327120 50.225246 47.760520 47.044058 49.550381 49.098309 51.784048 47.098750 54.431271 54.178973 52.414720 50.438935 47.340552 51.470379 48.487586 48.422475 48.541019 48.929590 48.825571 47.392656 51.035723 51.536386 48.920031 49.867693 47.127215 51.051200 47.351429 49.625053 48.776428 53.631493 48.170973 54.200302 51.071456 47.121491 50.205431 53.184699 52.803890 52.430378 45.978211 55.640960 55.697303 50.961795 49.214076 51.871736 51.695696 50.464186 50.889766 50.064106 48.129099 53.664056 49.562102 49.610468 52.091580 51.861901 50.712304 52.290214 47.935002 49.544267 46.602380 50.038477 51.272036 44.346138 50.660300 49.989263 51.147892 52.168432 51.657455 51.300558 47.719907 52.582364 53.415678 54.025203 49.331017 50.398888 50.603252 51.033774 49.292653 50.642885 50.855813 45.160936 49.643775 50.601721 54.643088 46.721382 52.105269 51.898590 50.491479 44.872243 46.214126 49.618677 48.831131 46.338327 48.633455 49.634136 49.179778 50.802887 51.341892 47.922808 48.989516 48.374929 47.961628 50.746365 47.535390 48.353307 45.633437 49.410866 47.952805 49.742308 47.321972 50.945355 47.309970 51.502481 53.754200 44.616580 53.563058 50.180370 53.251096 53.733083 51.749478 49.266125 48.870176 48.856829 49.058886 50.746607 53.944663 50.780377 48.046226 46.783731 51.915460 49.725525 
52.382823 51.789709 48.048175 54.079664 50.098936 46.161888 49.320220 53.474384 54.065375 54.685377 53.754218 47.680082 51.576167 48.363123 52.713534 54.995830 51.687723 53.241202 52.527389 47.981314 49.253424 51.728335 55.508699 47.986939 49.461856 51.019770 53.911601 50.301520 56.886676 51.380571 50.045679 49.033373 51.559669 48.965008 47.489079 51.214194 49.537531 53.196315 54.250282 48.382620 49.302123 49.104698 52.452471 48.694252 58.841017 52.740960 49.415221 49.980665 48.921267 47.888205 54.048481 50.353362 56.318192 52.434506 49.757314 53.263208 48.320650 56.585139 52.645541 51.041812 50.356201 50.202053 52.670072 49.129790 52.222009 50.351526 48.592077 52.754684 50.390305 49.359316 49.911996 49.053995 49.869527 49.812755 49.422070 51.220377 51.914930 50.679097 52.982576 54.046486 55.676540 48.515972 48.020209 51.860780 52.840861 51.359211 51.678502 54.135270 53.300541 47.060548 51.678597 54.511480 49.826715 55.271725 50.296840 52.948673 49.557349 50.545958 51.231052 52.231644 49.522493 51.838548 52.046392 49.269405 50.820318 54.666062 52.577203 54.756667 49.292486 55.878337 57.211124 54.448328 51.480883 55.284062 51.336936 52.311646 50.898751 50.927977 51.244147 51.441273 52.703371 52.405287 54.395818 53.355341 52.238123 51.282636 51.259056 49.593792 50.004364 49.529730 51.789614 49.493548 51.707689 52.976864 52.093202 51.852579 52.490115 49.008429 50.420626 54.110747 53.758457 57.589354 48.245521 52.043417 53.084633 54.713299 51.330186 53.749938 55.082041 48.808365 50.991502 52.034453 56.433338 49.581611 51.656036 52.933987 51.989892 46.647072 46.803664 54.229412 51.352890 48.908577 53.852599 54.277893 51.661370 50.211510 52.680214 47.315542 51.184410 46.853180 49.430176 52.431748 50.507798 50.519278 47.759162 53.426914 50.541055 48.376540 49.436397 51.992022 51.114859 51.638685 53.111105 48.746178 53.552273 51.686579 57.470658 53.956208 51.780053 49.797301 52.280065 48.991762 51.273488 51.949039 54.125788 52.153277 49.146181 48.593948 56.629833 51.658044 
54.546333 51.503849 46.330113 56.011409 50.833940 48.342745 50.565830 51.102169 52.194623 54.351191 53.361924 50.271753 53.110994 50.820496 51.044809 55.787384 49.860491 53.371229 52.934709 49.782020 48.984333 52.166683 54.523418 46.751588 51.869783 52.657148 53.395538 49.990042 55.096447 50.984031 52.295051 49.850509 52.893066 48.673363 48.834872 51.308604 51.353048 55.469823 50.373440 52.319999 51.388790 50.395779 53.930300 50.354945 59.730602 52.551584 50.105587 50.251252 47.661546 51.599529 53.463524 51.797271 57.335201 52.068720 52.126852 54.724230 51.590113 57.280833 52.038734 52.333433 51.894903 49.877508 53.200184 52.473986 54.503426 47.077869 50.338108 49.632905 49.851207 49.579310 48.421908 47.639435 51.259772 52.970478 49.996212 51.884119 50.421343 48.763890 51.917785 52.049312 56.006482 53.561551 50.352050 50.872098 50.960098 52.052402 51.085462 53.831184 52.098370 48.861955 53.388683 53.487387 50.931266 52.415673 49.709361 54.022174 47.594895 50.008466 51.789065 53.320723 51.665642 54.470657 53.989606 50.198280 53.311814 55.228659 53.010068 56.819175 48.368655 55.040141 60.202793 52.398323 51.269236 53.678806 50.946167 53.257144 51.169719 51.522029 52.477955 50.751153 53.668232 53.591472 54.731274 52.757970 54.329613 54.407298 50.752140 50.831392 51.247377 50.956169 52.965932 48.699054 53.056317 54.135750 52.727528 53.581010 56.573384 50.878423 49.553720 55.023371 54.861604 52.362148 52.164818 51.343153 50.369338 55.174709 53.687334 52.037711 55.006333 48.204434 52.412769 51.491593 56.136208 49.136821 52.831900 53.060643 53.719768 49.119906 48.199063 55.761313 52.540180 48.921211 50.952180 52.125752 48.637748 49.834560 50.555852 46.694659 49.290252 48.129441 51.550828 54.209572 51.531488 51.372994 47.653341 53.824737 53.401400 50.293813 48.761390 50.710429 51.117346 51.874517 54.213070 48.943209 52.557618 52.387512 55.525546 55.880905 54.209709 51.173176 51.416478 50.457997 49.964531 54.672996 54.857233 52.407791 49.803172 50.820114 54.181503 49.262782 
49.190272 44.945253 41.026583 47.343476 42.871729 42.801377 45.397630 46.250966 45.967319 47.629297 47.319071 45.213332 45.119316 43.387469 45.651957 49.336726 43.067808 45.371096 45.503441 42.085215 44.542649 47.607499 50.064550 40.568143 43.880774 44.728034 46.703200 43.254445 47.427610 43.503052 46.259004 45.475930 45.603405 42.449095 40.500252 46.775400 44.786046 48.449375 48.106507 46.421253 42.252302 41.252920 46.333386 46.117287 52.024628 47.181285 44.028446 45.871437 43.142986 41.751614 46.952918 45.832935 48.318350 44.509645 45.976068 47.482821 43.920175 51.384644 44.626438 48.286089 44.067830 40.638620 46.315919 45.807549 46.232165 42.029947 42.015122 43.140152 43.432435 42.876002 42.656648 45.523958 45.275231 42.857403 46.245893 45.051541 45.717354 44.625826 46.811774 45.779167 48.176919 44.289917 43.284315 45.601302 44.613996 43.963306 44.989874 45.070289 44.652247 40.438479 44.080569 48.783849 44.393725 42.501071 41.283715 47.375317 41.370594 44.474056 44.952321 45.889039 44.247406 47.388346 45.163173 43.312818 44.414958 48.205664 45.511997 49.093233 40.746976 47.176721 49.784308 45.910016 45.120687 48.637574 43.905305 44.795887 47.085095 46.132240 43.944917 46.331853 46.203442 41.521382 47.194147 45.316733 48.515953 45.126048 44.260644 44.534258 43.206069 42.559971 45.462390 40.959057 47.135690 47.457273 46.723282 46.309161 47.214351 45.333601 45.895385 47.522076 47.427405 46.798328 43.865636 45.084614 46.057757 46.486964 43.119167 45.150060 49.007546 42.658108 45.269006 46.344467 48.374961 41.694035 46.977355 48.243880 46.457137 41.168090 40.525094 45.930613 45.139609 44.117876 43.145153 48.369071 45.053958 44.142454 45.835782 42.074595 45.343184 41.146880 44.032570 46.652852 45.313995 46.504758 41.300013 46.463439 42.847511 44.719946 43.744869 44.713269 41.613719 47.661716 46.298951 40.534630 48.379086 44.691413 48.971088 46.446431 45.877908 45.603197 44.855360 45.026544 43.407276 46.077615 46.739435 46.228102 43.921917 43.798636 45.337930 46.180662 
49.410197 50.201637 42.849948 50.500287 47.137898 44.403691 47.675468 49.128367 48.713857 49.094622 48.691442 43.193022 47.309739 44.259965 47.572307 50.495891 44.790879 48.207345 48.680397 44.365335 48.345392 46.379336 48.745099 43.686373 47.005462 46.816330 48.787443 48.562024 50.484776 46.035602 49.755411 46.702110 47.214264 46.976502 42.819855 46.266519 48.691453 49.448959 49.908451 46.443795 43.581972 44.520948 49.166341 46.410896 53.373267 48.524124 45.075910 47.208404 44.340011 45.274648 47.932331 47.785267 52.279700 47.080226 46.951287 49.864687 45.881405 52.597790 47.970597 47.610158 48.301609 44.528788 50.087124 46.636703 47.903156 45.113158 46.937825 48.704929 44.573990 44.684274 45.084163 45.066853 47.778805 48.781330 45.483294 45.446508 48.104470 45.469106 51.124554 49.194007 51.161325 49.299313 45.399468 48.695207 47.666058 46.935930 46.252462 48.257432 47.622995 43.106458 47.323684 48.394998 44.847672 48.681955 46.108989 49.000076 44.371249 44.360902 47.575374 50.637544 46.397006 51.149534 52.247965 46.602843 49.275885 52.261440 49.624004 51.711718 47.191895 49.125390 52.913101 48.643578 46.510167 48.175445 46.796297 47.263995 48.809937 45.902701 47.651785 47.379157 49.252209 47.841285 47.820485 47.525498 49.624868 46.423263 48.493429 49.576435 45.579044 47.642189 45.081561 43.839234 48.934931 49.086021 49.202559 49.894885 48.201677 49.656215 45.893511 51.009742 49.406085 48.421076 47.418088 50.109995 48.574157 49.622039 47.048660 48.475818 49.161166 45.919907 48.228434 48.382129 51.927731 43.061571 48.331499 49.371582 48.869679 45.466424 43.215544 50.049181 47.719157 43.523251 44.868724 49.601400 46.057080 46.948550 47.943860 45.631922 47.163858 44.830429 44.543764 48.192626 45.939173 48.201656 43.853667 49.903455 47.882275 46.516861 47.585952 48.591931 46.813038 50.498365 50.088607 44.492357 49.016628 48.654964 48.752534 47.749941 47.808950 44.393760 46.838245 46.771150 46.822061 46.347103 51.635648 48.096873 43.699557 46.965745 51.729417 48.081209 
54.600198 52.915246 46.599366 57.525000 52.989652 50.162684 49.226520 50.991941 53.520560 57.413820 54.857102 49.646266 55.139644 51.548124 52.449855 57.111182 50.053065 52.748011 52.400466 49.966320 52.625020 53.458717 55.885364 49.692533 51.495237 49.782144 52.948579 53.596238 55.238135 52.856333 53.076685 52.577596 53.890372 48.384949 49.855099 51.345467 51.602048 53.801509 54.583846 53.023634 49.576753 49.188454 50.428149 51.147881 59.376085 53.704371 52.219880 52.232936 49.510115 51.040817 54.988134 50.647241 57.921037 54.893516 49.793999 54.690718 51.882558 56.851475 55.719426 57.581652 51.354358 50.300148 52.234000 51.893030 54.047945 51.297077 48.779666 52.279290 52.805502 48.442986 47.474893 50.867355 51.596039 53.283522 49.536122 53.251833 52.959553 51.528117 56.971999 53.083021 57.536872 51.218914 52.041117 54.033348 51.521681 50.483814 50.397651 52.663192 51.508686 45.905538 54.097717 54.838870 51.697728 52.937485 50.163785 54.646350 48.831725 51.914136 52.551526 52.759414 50.575825 55.547799 53.890511 49.111942 50.890020 54.134814 52.049785 55.443548 50.263515 56.330810 58.314091 55.665901 53.298995 54.080033 50.384260 50.604588 52.756523 53.493304 51.476190 52.270686 53.851723 52.677958 53.943101 51.313955 53.749156 53.817467 50.332302 52.512507 50.421980 50.615981 54.757762 48.862750 53.682037 54.232506 53.387601 54.499061 55.344814 54.388349 53.087546 54.358498 54.052072 56.600034 52.226531 51.711594 56.053961 53.826277 52.689559 55.008992 53.326043 49.636918 51.968430 55.661581 57.799274 47.496172 53.932385 56.781942 53.268654 49.051474 48.012433 54.244648 50.242016 50.569535 54.207833 53.516289 53.819409 53.262901 51.876030 46.582257 51.548798 48.715510 51.189508 52.871327 51.514953 52.790066 48.543513 51.568194 51.046452 52.671870 51.382181 52.318788 48.713621 52.803502 56.705495 48.317687 54.200745 53.962281 56.671665 53.318256 53.095955 50.699241 50.048819 52.019057 49.063700 51.939816 56.429593 53.252595 50.506190 49.564272 54.461062 53.910965 
49.567835 46.781255 43.286104 52.362886 47.137502 44.479951 44.782093 48.898905 48.041331 49.517170 49.092620 42.357098 48.726075 45.020418 47.406234 54.227745 44.722877 46.155977 48.532207 45.044009 47.834121 48.042154 48.978507 43.895051 43.284551 45.108092 47.394281 48.714335 49.390419 46.521652 48.955374 46.661168 47.757701 46.958484 40.813846 46.713010 49.163402 48.466224 49.905777 45.716956 45.223297 43.148901 50.369409 46.132123 52.609946 48.052250 45.303407 47.669342 44.230767 45.107205 50.328686 46.153575 50.589334 47.667998 47.045783 50.657371 44.087617 52.385695 49.939146 48.614175 46.755837 45.306746 49.347361 46.536648 48.987296 45.636124 43.710733 47.441543 47.435266 45.785777 44.987030 46.610739 48.810278 46.371370 46.502113 46.304643 47.943628 46.037391 50.312422 50.198977 52.265122 48.077441 46.691513 48.344701 49.716725 49.128330 47.082793 49.246045 50.078507 44.269844 47.081625 49.333042 44.813758 49.249378 45.403260 46.951452 46.226685 47.844834 49.071219 50.822211 47.909975 51.707756 49.846190 47.000066 48.079419 51.151429 49.021902 51.780987 43.582587 50.796106 54.035745 47.871264 47.253901 49.111146 48.867466 47.977287 50.385155 48.709428 47.186703 48.322934 48.088757 46.177541 49.920984 46.851298 50.425906 44.698176 47.064572 47.487129 46.000621 47.139702 47.905396 46.944377 50.095130 48.909949 48.948661 48.098672 48.469822 47.252464 47.817656 51.066768 51.942471 51.066807 48.182270 48.369120 50.012013 49.305555 46.739146 48.538601 49.921275 45.883985 46.837053 47.754067 51.288020 46.228569 47.532010 50.951987 48.222656 43.667952 43.209826 50.405952 47.624856 45.116744 48.704780 51.096915 47.700928 46.421187 47.284851 44.041931 49.034378 44.940918 45.599190 48.096667 45.470623 46.615024 43.841094 48.307375 48.522715 45.309747 45.291676 46.242431 44.654814 50.127310 48.616890 42.203022 50.751508 48.328987 50.894794 49.708828 46.555471 47.668732 46.312838 46.030170 47.189044 49.070060 51.052381 48.451378 46.333802 46.565442 51.123011 45.774187 
51.952720 51.957744 47.842524 54.915518 50.421923 49.006849 50.347080 53.601578 52.646027 53.040037 51.003509 47.082795 53.759337 49.819321 49.652492 56.018199 48.814533 52.327701 51.023008 47.942209 49.887443 52.869162 56.025194 48.231302 49.444530 50.511955 52.094962 49.480825 52.771291 50.536547 52.865241 50.904352 51.182330 49.953371 48.048039 52.143844 49.187974 54.468474 52.213085 51.371941 50.386156 47.919881 50.842917 50.117599 55.806250 53.847448 49.996441 50.049391 47.886544 51.159262 54.151416 48.442763 56.663970 52.716340 49.520478 53.946329 51.632382 54.752262 52.355677 50.150850 50.210628 49.447166 50.750485 51.745646 55.216947 49.268660 48.802873 49.227799 50.344937 49.760040 45.968830 47.339513 48.779017 49.441738 50.256255 52.756288 53.817116 48.881817 52.600061 52.967204 57.085520 49.662428 47.931233 51.936231 51.114881 49.924451 49.786898 52.882416 51.905018 47.606363 50.946333 51.333518 47.585917 52.165834 49.084361 54.866069 46.092933 50.075054 51.587623 53.686579 50.186491 54.077357 53.261370 48.403226 52.589299 55.879196 51.391197 54.393927 46.487375 55.062123 57.909084 52.653951 52.381444 55.019744 52.120457 48.918389 52.342858 51.630579 48.947918 52.406925 52.372473 52.273436 54.926971 50.681112 54.067168 52.205481 51.317306 49.489764 49.065008 48.721096 51.839108 48.262524 54.125222 51.273537 51.417115 52.543818 52.492829 51.955871 50.585031 54.451229 53.837608 55.138756 50.210422 50.952278 50.811265 51.865432 50.364921 52.850101 55.117109 50.729572 50.119400 53.511136 56.134762 49.756693 50.102118 53.672531 52.502513 49.474518 48.059040 53.007458 52.387540 47.475841 49.307542 52.600107 51.045194 52.404925 49.816891 46.943495 51.063068 48.861919 50.235283 53.029003 49.674041 51.506066 47.716623 50.064083 48.927631 49.602186 46.734802 53.305756 48.607676 52.856173 51.244474 47.802673 55.356803 51.483305 53.801460 50.543751 53.100849 49.684978 50.760120 47.888376 48.188184 51.369773 53.869346 51.397060 49.484158 49.760375 52.571477 52.744095 
53.517871 50.726097 45.117437 52.725692 49.368815 47.025507 49.067203 50.087372 51.842641 54.116743 52.706840 45.816656 51.190394 48.274353 49.787633 56.180577 49.802862 50.949431 49.512389 46.268956 45.818876 50.901566 52.910829 44.863329 48.681010 50.319750 50.746287 49.768204 52.343407 51.009468 48.906797 49.540854 48.519476 49.484209 46.087493 52.911537 49.188188 50.722566 51.996580 48.834949 48.635994 47.834517 50.865181 48.429221 56.503835 50.576583 46.852742 49.229263 48.012088 47.424387 52.696814 48.593813 54.901648 49.501876 50.567043 52.112353 47.117044 55.795829 51.368122 50.961393 49.605392 46.650623 50.928474 49.771718 53.024643 46.879075 46.651479 51.258957 49.136394 49.120518 47.994970 49.232921 47.511242 48.503326 49.930597 51.295542 50.008400 46.976276 54.038236 52.026301 52.759095 50.020315 48.820469 51.003658 49.617819 50.066078 48.384585 51.336401 52.252670 48.525610 52.933161 54.008843 47.914645 50.608836 49.711263 49.327354 48.873454 50.306031 48.970514 52.202293 51.066974 53.525862 51.576021 47.661507 49.843363 54.857344 51.912357 53.429422 47.721252 54.933178 57.233609 50.461750 52.134836 51.806072 48.683344 51.377279 49.735953 50.306612 52.575921 51.458764 51.980827 52.094367 51.814263 52.943706 52.765018 50.211272 47.638241 51.034677 47.571537 49.447926 51.482945 45.944035 52.457822 50.896681 54.270480 51.691384 52.829392 48.841455 49.080301 54.499948 52.888112 54.420728 48.743108 48.100881 50.754749 50.855340 50.595890 52.663653 55.287389 47.434340 51.806760 49.807849 53.946506 47.602731 52.683365 52.559286 50.211470 44.457481 44.045529 51.989380 50.235098 50.430828 51.481220 50.868631 50.843410 49.084854 50.207582 46.635803 49.818424 45.727513 49.594374 49.397882 51.216051 48.053317 46.684942 52.038011 48.470925 50.971420 49.485475 49.415365 49.406748 50.966638 50.197497 46.058212 53.238557 49.118917 53.030006 49.071306 49.919657 49.436784 49.568833 49.471899 49.436420 51.723038 52.561163 51.587152 46.347982 48.463915 52.605021 49.835266 
50.125653 48.816993 43.283490 51.262096 47.521244 45.011820 47.288336 49.595459 50.997808 51.004924 48.584448 45.516147 49.914386 46.785020 48.291562 53.159291 46.815223 48.876306 49.175980 44.636467 47.274812 51.792630 51.444227 44.169841 47.066293 50.127496 50.130269 48.214682 52.996548 46.444513 47.763016 46.090867 47.848949 47.355311 43.879639 48.922796 46.805061 52.484928 47.800125 49.608678 46.361962 45.534975 51.518012 47.924120 56.497283 49.434646 47.510385 48.312400 44.997524 47.184635 51.737911 48.891550 51.020069 49.645427 49.250439 50.865659 46.928405 53.236362 50.094795 50.013340 47.369418 43.218744 48.564735 48.885971 48.386305 45.852560 47.658778 49.591342 47.352630 46.860466 47.976309 46.138188 48.611810 45.195313 47.495640 49.965129 48.950858 46.195121 52.110281 50.828171 50.433051 48.700687 46.284952 48.853001 48.592155 46.676855 47.463845 46.027178 48.348525 45.911314 46.916577 49.673077 47.494375 49.442712 47.714382 48.773489 43.331643 48.452539 49.314911 51.846605 48.331379 52.107679 49.602480 48.541660 48.245709 51.296819 48.193461 51.677924 44.420891 52.995711 54.502354 47.980136 45.270231 52.573074 48.266163 47.295032 50.907734 51.148684 46.600357 50.532460 51.269505 47.760086 50.087337 49.861146 49.787549 49.451942 47.828987 47.813864 45.871983 46.438469 49.759588 44.356659 49.314599 49.053705 48.932380 50.325084 48.269760 49.853353 47.756279 53.109110 50.107712 52.916255 47.788228 48.445860 49.218372 51.093706 48.646383 49.511079 50.967440 44.084988 49.786063 49.303016 52.979479 45.828143 48.930438 50.244562 51.076570 44.541046 44.433662 51.784186 50.159459 46.483385 48.404927 48.395919 46.816006 46.686445 46.076654 43.695076 46.865716 45.768867 45.834158 49.705229 47.771587 49.451747 43.698875 49.004545 49.361066 48.831159 46.733255 48.385484 46.381441 50.159128 49.916201 47.408231 50.645859 48.484413 52.680531 47.807941 49.455142 45.082269 50.506600 46.992464 47.751425 48.273940 51.572255 47.317336 45.029680 46.858367 48.905356 47.920056 
52.015535 53.312446 46.473223 53.016899 48.424242 48.790271 49.630434 51.720100 53.256601 53.677936 54.489530 48.211406 50.539746 48.805472 51.903726 54.610037 52.626794 51.427023 52.497899 50.135688 48.440746 50.319783 54.933494 47.091581 48.538267 48.816990 50.244608 49.794231 55.477075 51.934957 53.063140 50.016444 51.509211 49.832765 46.794604 51.423707 51.554368 52.438960 53.080266 49.820379 47.939498 49.130459 52.961645 50.792428 57.434231 50.923332 50.637312 50.065248 48.300451 49.417170 53.103867 50.110674 55.364679 51.086175 49.957980 52.729182 45.946218 54.425898 51.990876 52.378247 50.506885 48.103627 53.624877 50.266406 52.590734 49.336281 47.357469 50.699089 49.288807 46.734755 46.960279 49.005163 49.779811 52.112968 50.079335 52.552016 48.384592 47.634614 53.322867 52.783702 57.278600 51.131770 50.786999 52.796649 52.099366 51.032314 50.155643 53.750092 49.632073 44.929910 50.674931 54.220320 49.323046 51.482008 49.741656 50.731978 46.593851 50.634141 52.642058 53.178972 49.807072 54.143268 54.222074 50.429126 51.745135 54.762621 56.087839 53.808687 47.265536 52.903456 56.433886 53.309899 52.466902 52.933929 50.585081 53.133033 51.810836 51.242974 50.516205 50.893019 51.206052 51.194818 52.486432 52.015740 53.481735 48.272880 47.300588 48.614792 50.399140 49.308585 50.246998 48.190848 52.221601 51.687383 53.135251 52.112878 54.127103 50.280860 49.337734 54.664397 52.201674 54.659492 50.548152 49.559030 50.386775 51.831647 48.678788 53.031498 54.042270 49.308901 51.335452 52.748693 53.893130 46.073582 50.032276 55.651908 53.354046 47.423037 47.344862 52.406570 49.458432 48.527302 49.777023 54.658324 53.055917 49.656205 49.411757 46.487392 51.073518 44.761021 47.020269 50.275650 51.150834 48.444082 47.539258 49.703286 51.806664 50.986661 50.505059 49.184492 49.424345 51.061611 53.766415 47.171742 52.715835 52.127623 54.746131 53.362059 49.580249 53.579889 50.023661 50.578292 49.944316 53.761885 53.902839 52.545038 49.606930 49.746573 55.040789 52.034229 
48.643162 46.079745 43.992206 53.006091 49.478614 44.204993 48.001668 51.234836 50.033381 50.985959 50.048336 46.509491 48.343360 45.282752 46.345180 54.630072 49.430893 51.713978 50.198123 46.188064 47.704884 50.262055 50.006267 44.361076 46.639378 47.409060 48.750224 47.446760 53.082710 49.936169 50.206417 48.945826 48.274840 46.281782 45.817486 48.479920 47.837083 48.847848 49.716388 47.855573 45.569526 47.048968 48.334828 47.456121 54.570701 50.539506 48.005404 49.208247 44.566647 46.127921 50.814145 46.671543 53.362136 48.774248 48.890786 52.313293 46.315847 55.710889 48.139369 51.469448 48.293464 44.889627 50.413207 48.247398 49.325522 45.608757 46.179273 49.158517 46.723561 46.369988 45.109316 46.222222 48.444819 47.803475 48.767327 47.093539 50.451653 46.921189 53.526721 51.362664 53.197136 48.453613 47.123970 46.531566 47.225779 45.674466 46.829289 52.547375 49.612267 44.475364 48.811674 51.518360 45.156319 47.346358 49.247881 50.714683 46.717430 49.683717 49.339428 50.435940 49.567706 53.050665 51.073444 47.402271 48.631650 52.237500 48.705758 52.171742 44.573533 51.280053 53.711711 50.690997 49.193397 51.065073 48.474749 48.388936 51.050065 50.310200 47.158663 49.504437 48.857586 48.515138 49.197404 52.005107 52.315342 47.564705 48.536855 49.516917 47.114540 45.876708 47.686521 47.423469 49.054636 52.157829 48.463227 50.668655 53.067501 47.983371 49.316584 52.924626 50.999359 53.668620 48.459934 48.759584 48.872175 51.204213 47.900598 49.616123 52.006906 45.136144 49.224894 49.507349 52.994813 44.726228 50.573558 51.407244 49.383573 45.103657 45.584177 50.190290 50.360705 44.512169 50.093291 52.901195 49.583123 47.626374 47.652319 45.818592 47.635970 45.279941 47.816291 50.105394 47.785563 48.262258 44.683845 48.032065 48.992628 50.063442 45.497239 48.482953 46.312091 51.360850 54.879484 44.476365 52.471339 50.373752 51.665118 49.507602 50.513885 47.132469 50.309633 44.211558 46.650892 47.936017 52.379824 49.819727 48.024970 47.792661 49.477651 49.490821 
52.847326 51.061541 46.190331 54.579364 51.278174 48.365307 51.466722 50.815691 53.187982 52.157097 50.016721 49.244446 52.324460 49.223468 51.340095 54.270935 49.040629 52.105093 52.552069 46.909710 48.531648 50.446543 52.717403 48.125481 49.049485 49.523650 52.878840 48.387481 52.348177 51.120089 50.912162 52.315620 50.779991 48.698909 44.855359 50.433175 50.431581 53.191190 53.919841 51.800427 47.306741 49.161245 51.010318 50.456965 58.707593 52.820673 49.511499 49.878400 50.079139 47.992339 51.317656 50.277689 54.265479 51.333820 49.558082 53.436541 50.041631 54.349755 51.650867 52.154838 47.824676 47.490765 52.260517 51.870273 50.378699 49.629441 47.788241 51.175198 50.292710 47.618649 47.990662 49.579248 50.974741 48.571202 48.712640 51.250753 50.276785 48.258142 53.992837 51.566256 54.544291 51.180537 48.944522 52.854269 50.032304 48.214991 48.925728 50.754685 51.310327 47.273300 50.113269 52.205337 48.746898 50.937137 49.483683 53.738728 48.022957 49.721054 50.769217 52.800064 47.497280 52.393374 51.866385 50.136036 51.789395 53.659159 51.666570 55.593705 45.081950 51.955252 57.360912 50.166127 51.926545 53.512539 51.728911 49.024833 51.761474 51.106351 50.626489 50.968693 53.491086 49.136755 52.436652 52.226097 52.832653 51.337023 50.763824 49.031706 47.517547 50.478227 52.337178 46.956398 52.213280 53.023534 52.354663 50.574218 52.616433 50.510360 48.934116 53.706872 54.897757 55.605291 50.560493 50.021813 49.606658 52.622163 50.734762 52.343105 53.147116 47.490458 52.027871 52.197816 53.459430 48.582063 52.357088 54.012980 52.890531 47.821683 44.680085 52.334105 52.991131 50.175789 50.046075 50.194646 51.189216 49.516400 52.739581 45.982767 49.346465 47.437733 48.688313 50.209660 51.147361 49.913500 50.551916 51.067557 51.536486 49.641740 48.561570 50.440288 48.078430 52.840858 53.446249 48.592594 53.974283 49.415238 54.477121 52.485809 51.256773 50.319405 49.766932 49.966480 50.462185 52.402006 53.595393 53.471781 50.144545 50.788361 53.807434 51.136089 
54.068005 49.114718 46.532974 55.089159 51.874236 48.316882 51.221204 51.303510 53.478392 53.408582 50.816112 48.439642 50.764045 49.521180 50.280983 56.019577 50.558743 49.703372 50.381361 48.262157 49.405525 52.748413 53.983844 46.812585 49.744866 50.130881 51.123739 51.580566 54.871521 50.962766 53.737339 52.206311 50.999987 50.530012 46.076102 50.626594 50.990725 54.274089 53.763093 51.755619 47.742531 49.704228 51.033744 52.348390 59.721865 52.795708 51.095378 51.231291 49.131971 48.279073 54.055336 50.734280 55.633201 51.399874 51.515204 53.942428 49.524396 53.448116 52.320951 54.582183 49.489129 46.951629 52.850725 52.311705 51.049820 48.396926 49.227440 52.607005 50.722873 46.410868 47.879557 50.641541 51.419000 51.843362 51.161270 52.696961 52.587059 49.427291 53.935997 52.216801 56.624733 49.782037 49.821253 50.679728 51.763811 49.541317 47.177022 51.292626 51.506416 46.278256 52.049513 54.944660 49.416756 53.722321 51.135506 53.015306 49.137512 50.778547 52.985623 54.671455 49.166933 51.389561 52.765741 50.620466 52.354412 56.751315 53.274347 53.723823 45.459422 53.111628 56.588651 51.840974 53.116042 54.001775 50.537768 51.122202 52.916396 50.805647 50.796165 51.690072 52.016791 50.861993 54.135097 52.310671 53.207790 52.285867 51.339724 50.793632 49.815570 50.952530 52.117567 48.827037 52.322159 53.417987 52.434527 54.248366 53.852119 50.810003 52.314360 55.214644 53.841357 54.448145 49.495719 50.308878 52.017964 52.424794 50.161675 52.237960 54.769951 48.348108 50.681585 52.674104 52.873436 47.026122 50.647738 53.718429 52.966417 44.533175 46.392319 52.464089 52.157024 49.608697 51.546009 50.919192 50.907311 49.187951 50.755329 45.725016 51.479181 48.326682 46.672386 52.660263 50.964489 50.605355 46.869062 51.709491 51.578031 49.533230 48.808735 52.451775 48.113069 51.014421 53.806370 47.162681 54.772967 52.301264 55.969211 53.419880 51.051474 48.642698 51.412055 50.266460 48.850028 53.296284 53.112258 51.344290 51.166918 49.147180 52.169667 51.879317 
54.696924 52.871625 47.071421 53.999464 50.705265 47.536956 51.550288 53.148112 52.873814 53.354798 53.153345 49.428690 51.959471 50.803745 49.893164 54.276430 51.123637 50.595495 53.456359 47.127152 50.807754 54.616896 52.754604 46.015099 50.600870 47.884119 50.625617 50.295971 55.819963 51.108480 53.071066 49.688570 52.612356 49.030438 47.337241 50.408231 53.472520 54.377751 52.775803 50.571790 49.107080 49.345072 51.730917 51.242923 58.802869 51.158944 49.935371 50.981238 46.587422 48.482053 52.447685 49.784321 55.105195 50.506127 51.853895 55.745341 50.175754 55.828596 53.031882 52.594948 49.649688 49.140124 51.918178 52.232060 52.786857 50.615560 49.050192 52.050182 48.045125 47.783047 48.583016 49.096531 49.422650 50.838540 50.768043 51.634685 51.120598 47.250070 52.603412 50.632359 54.862880 51.119703 50.045968 50.844060 51.679621 51.346931 50.326627 53.459773 50.974994 47.997648 54.367250 53.503757 50.375573 49.556407 49.798282 53.095605 47.776059 49.963987 49.550056 51.136061 49.180946 54.745532 53.768000 50.528442 50.032331 54.727766 53.905308 54.740975 47.305028 52.852728 57.066167 51.150969 51.404408 52.465720 50.802861 50.445922 50.645020 51.729318 51.757790 49.995570 51.769082 50.920413 53.875408 52.235539 52.518331 51.435016 51.166760 50.026092 49.749743 49.244495 52.859357 47.696572 51.984631 53.267815 50.812616 52.157442 54.548289 51.371752 47.971302 53.924966 52.704306 54.720731 50.833751 51.142991 52.363585 52.722475 49.826062 52.083873 54.182972 48.926588 49.128436 53.052413 56.004037 47.891913 51.235719 55.102239 53.582914 47.414390 45.816282 51.918091 51.132892 49.253095 50.764810 52.352636 51.013336 50.062890 53.438956 48.408204 50.850085 47.320363 48.242466 52.045557 48.815276 53.590525 48.993242 51.771755 50.582633 48.588743 50.093917 53.818783 48.100615 53.082177 53.428465 45.773393 52.708851 51.815880 53.405273 51.979814 49.584318 50.846306 48.457282 49.945024 50.769602 52.569143 51.795425 52.691545 49.148846 49.264268 54.430325 51.035182 
49.762779 47.826699 44.005421 51.109783 49.572060 47.843647 45.903101 47.044009 49.393200 50.268245 50.694205 47.885529 50.536097 46.696675 47.939000 53.242936 46.708055 49.102668 50.510152 45.793378 45.662842 51.064605 49.787295 45.971131 48.129536 46.204918 48.731996 46.997212 49.420355 48.378844 49.430151 47.850758 48.725642 47.948914 42.705664 47.145004 47.609202 50.851129 50.196255 48.244429 48.286335 45.506318 49.406003 46.479554 55.258169 50.002936 47.171687 47.149871 44.942227 46.665472 52.291646 47.495074 52.857527 48.129878 45.918026 49.199978 46.229971 52.561843 50.619215 47.093718 45.965089 46.765970 49.627320 46.889104 49.332003 47.234414 44.523585 47.022291 46.923466 46.110742 45.995141 46.970478 47.052357 48.502725 45.174306 49.365176 48.366887 46.280370 50.911788 49.846676 53.664685 49.568289 46.007043 49.869179 47.904670 47.312140 46.937937 47.897300 47.155070 45.094341 49.514677 50.211707 47.034830 48.550752 48.076120 49.134282 45.076887 46.586595 45.950534 52.208485 44.723319 50.064392 47.913440 47.052490 51.993786 51.757985 50.830052 51.001694 43.502084 51.554798 54.386584 48.833745 50.329918 50.945639 48.117283 48.871414 47.692038 48.380679 47.082034 49.034106 47.232502 46.865682 52.471265 46.142294 49.204460 48.143786 48.811669 46.520094 47.205965 46.647165 48.780476 44.531642 49.919176 49.465315 49.448679 50.348632 54.013723 48.464648 49.100866 53.637650 48.467341 55.482402 51.001299 47.340197 47.930618 49.225055 46.283893 51.011267 51.700724 44.107344 49.169260 49.150166 52.529563 44.269263 52.031037 52.310519 48.288067 43.813069 44.629095 48.635906 49.943929 45.253818 49.138098 49.108376 50.578759 48.437223 47.109631 45.515965 49.008812 46.415263 46.910316 48.268546 44.865469 46.739808 46.196385 47.076773 45.427555 45.803231 44.009253 48.825072 47.592350 49.200495 50.716835 45.339563 52.457827 49.648691 52.616620 49.627584 48.299332 46.710913 46.134770 46.325079 43.989478 50.103457 50.528363 50.276183 46.346774 46.240842 51.215240 50.479199 
52.641224 50.050554 46.725601 54.670383 48.752319 48.395473 48.639451 49.295710 50.800823 52.877511 53.908678 45.772744 51.648455 49.813901 49.741279 54.216001 49.460994 51.756845 52.418495 46.324434 50.748407 50.898153 50.702486 46.802994 49.966430 47.069378 49.889801 51.121414 53.270776 50.580203 52.727888 50.902219 51.084902 49.446816 46.526033 49.691334 51.806142 51.771238 55.083685 47.968306 50.476859 47.988334 50.286253 49.047087 56.947798 53.801783 48.717084 49.283943 49.290299 47.581693 53.882420 49.838663 53.499095 50.400430 49.343591 52.613241 47.366468 53.739916 52.485949 50.118423 50.436899 46.743311 53.324333 50.696088 52.925054 49.152309 46.658502 51.982326 48.951530 48.528561 47.549412 49.616917 50.879995 48.632939 47.974577 47.531709 49.497840 47.785959 53.565821 53.675557 55.686108 49.084207 48.774977 51.007268 51.009912 47.832567 48.705316 53.414019 51.633340 46.680648 49.390232 51.423627 51.621528 47.860970 49.563060 52.373561 47.280351 49.837514 50.454290 53.105847 48.104478 51.179960 50.624008 48.586962 52.040911 52.764183 51.524352 55.583161 46.959333 54.177007 56.233631 49.742998 52.295368 52.287733 50.071173 49.753215 53.199291 51.114594 50.110400 51.017237 52.853263 50.815426 51.318757 48.954514 53.975071 52.360741 52.427061 50.056146 48.778948 49.215353 52.837544 47.582571 51.648760 51.740346 51.717955 50.308319 53.472852 52.020181 50.129674 54.160753 53.925068 55.810536 49.435878 49.261773 51.257210 52.394037 48.573476 51.965362 52.193749 48.792984 49.416177 50.799815 54.553556 48.543092 51.814733 52.500093 48.239828 47.216469 46.777218 51.612896 52.797163 47.840969 51.793195 52.343939 50.636634 48.812297 50.531555 45.002975 49.606776 48.028489 48.439243 50.705204 50.398792 48.894882 44.908795 52.057050 48.810101 48.265143 49.444819 50.670277 46.888247 52.718978 52.253143 48.761151 52.267323 52.586947 54.688616 54.168774 51.215789 50.306651 49.612540 49.518351 50.030826 51.071961 51.406306 51.844526 46.861912 49.343280 55.827776 48.623306 
54.357591 50.267020 47.441870 57.256216 51.958009 47.412187 49.132850 53.790669 53.726270 55.805754 54.318344 46.648298 53.139073 49.947279 52.183269 56.752649 51.312388 52.804428 52.121910 47.580563 50.848663 54.208377 55.943539 47.141636 49.636509 49.812221 53.927181 52.105307 54.442689 51.454075 50.061433 53.881930 52.901324 49.732529 45.706578 50.554099 50.890908 53.990121 54.762832 52.975168 49.545635 49.278969 50.542210 49.748258 59.109142 52.048568 49.586570 52.120790 48.981921 50.866263 53.038013 49.440940 54.689258 53.286988 50.047510 52.454372 49.442444 57.025294 52.052193 53.398435 50.318172 48.854328 52.997281 49.923280 55.069302 50.117255 46.945971 52.331994 50.284219 49.142761 48.966612 51.137279 50.319345 52.655602 48.307060 51.940878 51.393515 48.212909 52.622909 53.662279 55.499641 52.643173 51.331948 52.840718 52.113801 49.502989 48.286108 52.361855 53.962137 48.294968 51.263344 54.172915 51.521032 51.849223 51.152357 55.043906 48.859008 51.712686 50.353027 55.821617 50.030213 56.591705 52.143564 50.159186 52.854312 57.707274 51.793606 52.891967 48.213283 56.572797 57.513277 52.459852 50.816752 55.290579 53.331986 52.619802 52.379436 53.597784 50.935091 50.242474 53.635933 52.504018 53.110017 51.733862 53.820810 52.012823 50.776350 50.759558 48.576925 48.554154 53.134807 48.371916 52.082474 51.468412 54.497008 54.262689 54.582926 50.352831 52.764472 54.207176 54.516029 55.002853 51.777915 51.518381 53.169847 54.125135 50.357952 51.913720 54.686653 48.735163 52.376962 52.136045 56.697448 51.863820 53.133197 53.971606 55.319938 48.133635 46.893869 53.875353 53.042939 48.957119 50.267161 54.247134 51.938836 49.093561 50.793607 46.287417 49.964006 48.402884 51.007146 52.336957 52.213237 50.992591 48.486630 49.749938 52.214348 51.891643 47.687957 51.879151 49.782151 52.266895 53.531255 48.147736 55.478669 52.255646 52.219353 53.233368 52.202765 49.454193 51.101415 50.187784 51.333207 54.132789 52.950124 54.118875 49.032961 51.091452 53.863045 52.068315 
52.010015 47.448002 44.642718 53.361311 48.540191 44.646629 47.285092 48.565923 49.836527 50.635271 47.825511 46.426456 50.309185 50.387448 47.152184 54.083532 47.945326 49.475292 49.454186 45.629435 48.188227 49.858900 50.877499 46.650647 48.021433 45.885334 50.882377 50.220761 49.744009 47.841245 51.558463 48.480521 48.594590 46.916477 44.181819 49.833661 47.613251 51.434155 48.376138 50.012123 46.767653 47.595483 48.454719 48.577513 56.171265 49.074787 48.659786 46.987277 50.005519 46.306000 50.709351 48.155193 53.114624 48.744762 48.227384 50.646478 49.291264 52.547478 50.347769 51.231214 48.172346 44.845282 49.443031 49.214246 49.751932 46.272280 46.873120 51.063028 49.629059 47.629220 45.155291 43.946554 48.719844 48.006345 49.073717 49.065294 49.518005 46.774960 51.963174 49.238630 54.276141 50.343570 48.953667 50.665023 46.797584 46.378059 45.351647 49.605329 49.455053 45.477595 50.586926 51.777524 48.794247 48.284916 48.078109 51.170753 45.603035 44.439320 48.979658 52.566828 46.507930 52.324823 50.663540 47.757333 49.898402 54.149346 51.100439 52.321832 43.740925 51.335705 52.938791 49.569073 49.688443 51.508253 48.157745 45.505454 50.353446 49.126465 50.238865 50.521277 50.091696 49.967999 49.107087 50.333515 50.182694 48.339240 47.868119 49.757614 45.082779 48.499605 51.561716 45.562053 51.232161 49.881493 49.020114 50.376914 52.446494 49.328660 48.408781 50.721880 52.665984 52.802627 49.588586 49.773706 46.999332 49.750810 46.581773 50.659870 49.582635 46.342356 49.801640 50.838415 50.921251 44.182427 50.683252 50.574955 50.993120 45.017319 46.154179 49.698984 49.417033 46.743559 46.823669 49.079717 49.597353 48.914590 49.757049 44.840069 46.523122 45.357151 45.169645 49.248594 47.653380 48.515062 46.317744 50.697720 48.779480 47.256392 45.043065 51.135187 46.572626 47.689492 52.636163 44.914374 52.234086 49.813478 52.218256 49.189776 49.233151 47.975464 48.232810 46.733762 47.035611 49.801210 52.764539 50.701424 46.795121 47.911908 49.616125 49.174864 
53.935554 51.070730 48.523411 56.382465 52.265393 48.095622 51.270980 52.334504 53.827683 53.229555 53.812737 50.587148 54.128899 51.104222 52.551974 56.963179 49.708380 52.333033 53.585470 47.284545 51.649476 53.038463 54.716235 50.042781 50.992068 48.710244 53.573242 52.345518 53.892821 53.467938 53.232196 53.208297 51.031881 51.289948 50.413556 54.363325 52.004434 53.451490 54.670253 51.806805 49.982484 48.104164 53.379809 51.324727 58.483703 53.711287 50.582531 53.289841 50.248771 53.289894 52.383750 49.279886 56.012858 52.158545 52.755532 54.320999 49.411893 55.839381 53.870812 53.920386 53.936777 47.958828 55.328498 49.728323 53.003147 50.191892 48.117742 51.518341 52.037908 49.037481 47.687971 49.281592 51.540805 49.722700 52.803939 51.695899 50.946323 49.557026 56.489786 54.174809 54.752875 51.517481 50.088919 53.959527 52.641118 52.723214 49.427909 53.819316 53.638549 48.303750 54.435123 53.386345 51.712981 50.285390 51.716956 53.652956 49.507128 50.667804 50.337443 56.282597 51.858230 55.185400 53.608491 48.410852 54.635956 55.890204 53.929112 53.427726 49.328695 56.886098 57.897339 50.506162 55.041934 53.796809 52.539792 50.070956 52.163740 52.868421 52.595229 52.386092 53.316260 53.183747 52.108150 51.683998 54.402227 52.964123 50.687902 51.425764 48.575440 52.286343 52.718114 48.325874 55.365322 52.681546 53.301065 52.886588 53.570488 54.131360 50.478484 54.310116 53.777451 57.966773 50.281893 52.293950 51.903658 51.749379 49.907489 52.857466 55.813411 48.899926 50.361347 54.581451 55.377346 50.029826 54.559839 54.988802 51.852783 47.119504 48.974237 53.765463 53.481523 49.079408 51.626509 55.712045 53.494958 50.803813 51.684978 48.903926 51.917837 48.822332 49.118995 51.272644 52.910041 52.326753 49.068069 53.585520 48.512814 51.155891 52.017217 52.857510 49.969336 52.532431 53.634856 48.509524 54.042268 54.437888 54.855255 53.483527 54.072418 53.006324 52.137869 49.377588 51.323238 53.454798 53.739480 54.313700 49.314319 51.530638 53.957046 51.989127 
55.302866 50.335896 45.138373 52.618820 49.023284 48.157218 51.620216 52.331955 51.142922 54.971510 51.436646 49.442873 51.623914 48.428122 50.476894 53.662835 47.932729 49.407421 53.104447 45.999644 47.655620 51.075464 53.620773 47.086679 48.519242 47.542521 51.942979 49.776068 54.602883 50.062678 52.962954 48.582268 49.927246 47.622726 45.194691 51.723342 50.785092 53.390340 53.236920 50.875627 49.987911 45.949809 51.507920 51.459629 58.156250 52.598851 47.532163 51.352262 47.364570 51.526299 53.005462 52.734132 56.244423 48.839406 49.116564 54.786730 46.726157 55.435992 52.134363 52.322141 49.635514 47.360317 53.643762 49.863665 52.049632 47.504687 47.394385 48.514682 50.089495 48.337864 49.348638 47.085353 48.830531 48.688193 51.793933 50.630529 49.805328 48.816107 53.183534 53.691696 54.811471 48.517561 50.675093 52.763427 50.061592 50.566114 49.770749 49.688390 50.561247 46.401260 49.353832 53.648244 49.617241 51.203996 48.390011 50.860505 46.206578 50.480488 51.698423 52.181401 50.029656 55.847561 54.492680 49.714332 52.622015 54.369734 52.856535 54.422882 45.844038 53.704842 56.664839 50.071813 49.309641 53.618411 51.189560 49.696785 53.233850 50.324299 49.788039 52.379071 53.471587 51.708147 53.423664 49.395794 53.454299 53.304589 51.091314 49.694038 48.276400 49.169205 51.904246 45.718741 52.439256 51.665555 52.910209 53.083665 51.326220 51.384681 47.969023 52.650165 53.027239 54.149854 52.143364 50.536547 52.599879 51.210115 48.955357 51.604510 52.192930 48.182639 48.896055 50.813827 55.569421 47.912512 50.360888 53.423678 52.859509 47.332756 45.981634 51.718199 49.405598 50.040833 48.302225 53.640775 51.055399 48.010210 50.763393 47.451695 50.350335 48.187175 46.432797 52.238499 49.888451 48.569953 46.920845 51.759340 49.620541 50.740593 48.130820 52.147267 48.900472 54.621863 52.437464 45.595296 52.906375 50.786376 55.210603 50.286425 52.521854 50.421843 52.010445 50.525700 50.950453 51.017221 54.078761 54.143046 48.554795 46.789273 51.903737 50.315939 
50.058508 51.221533 46.094979 55.167659 49.248606 49.199252 49.380632 52.180221 52.538453 53.289262 51.727080 46.718761 51.625477 49.094972 51.801318 56.103986 48.867755 51.176206 52.242246 47.267383 49.724551 50.891587 51.436071 48.576010 48.585875 48.444704 52.794140 49.482224 54.448363 48.481921 54.413345 50.385648 49.057694 48.459574 43.209448 50.613107 50.731194 49.691562 52.897126 51.209259 47.831640 47.425404 50.359087 48.351302 56.834739 52.580811 48.201590 52.340243 44.447765 48.506692 53.532290 49.305628 54.808602 49.013530 50.830970 53.512548 48.768537 56.381770 51.738906 49.999811 47.168826 49.476445 53.518856 47.797103 51.780677 50.148689 47.800883 48.392639 49.308123 49.185001 48.150555 49.277604 49.922931 49.237992 49.530036 52.515506 52.456753 48.649753 54.152829 55.046570 53.955823 52.624323 49.987234 50.394670 51.066766 48.917539 46.879669 49.433379 49.498700 46.816390 49.356579 52.594920 48.837438 49.784807 49.643142 52.277363 47.277477 49.601664 51.864594 54.545623 48.579820 53.298461 50.568570 49.754493 52.006034 54.333312 53.369177 53.296499 46.426580 51.871139 56.542843 50.277336 52.249795 54.586409 52.849061 52.470602 50.439824 52.177924 49.492584 51.408633 51.396247 51.703209 52.415625 49.556860 55.077224 52.190207 49.732992 50.211056 47.425616 50.688864 50.970221 46.052217 50.649670 50.359497 54.182074 51.476200 53.403761 50.859637 49.853102 54.974569 52.004749 54.250175 51.098476 50.610080 50.458791 53.045320 49.108296 51.358448 53.834209 46.536985 50.964755 50.068069 54.385854 46.935144 51.406874 53.416537 53.487093 49.136546 45.365302 51.497507 49.586501 45.693368 50.545856 52.799709 49.501391 47.916678 51.864425 47.889431 51.476011 49.170340 47.728356 49.381088 49.545153 49.899918 45.010574 51.250477 50.785025 49.714164 46.337771 50.329714 48.399283 55.566519 50.749337 49.195153 54.471923 51.191030 53.088075 49.988007 51.144735 47.085038 50.485997 48.181269 50.178949 52.931980 52.512239 52.387698 46.919706 48.157672 51.205636 50.591300 
49.755988 47.051462 44.028472 54.139582 49.497732 45.422220 47.184178 48.340324 49.938878 52.688094 53.503735 45.986830 51.527875 47.766979 48.142847 53.660349 46.905672 47.887829 47.928939 47.425858 46.962195 49.535865 50.217728 45.942150 49.971381 48.597731 48.376084 46.887010 50.141573 47.111954 50.197406 46.019544 50.270509 46.781024 41.955901 50.006065 49.983995 50.113774 50.846183 46.125367 46.084451 47.506967 48.377038 48.950085 56.168128 50.685957 46.586321 50.416623 44.098182 46.247351 51.593530 47.838795 52.176892 46.030585 48.721564 52.232949 47.473969 54.148157 48.994571 48.197477 48.499960 46.208250 51.785056 49.360305 48.504952 45.865383 47.004109 48.270679 48.083437 46.813131 44.637891 47.459435 46.691665 48.397541 46.831846 48.828230 51.094157 47.843195 51.621609 51.093893 55.126679 48.528564 49.069160 46.250924 47.450239 47.344902 45.543999 51.845610 51.936155 45.424458 49.892072 51.503899 46.610281 49.803305 48.700344 50.695626 47.914916 49.153504 49.316740 51.423882 49.674963 50.760143 50.673547 49.612834 51.002982 53.907051 52.277650 53.342701 46.441234 50.826938 54.275081 49.077367 51.017513 53.347168 49.218911 48.794665 49.224692 46.330630 49.190179 46.445848 50.743776 51.115195 49.852465 51.974032 49.862879 50.001493 48.642808 51.242423 44.771677 48.150774 49.958016 47.343181 50.346704 51.183620 50.057846 49.145835 49.733611 47.915372 49.101879 50.242650 51.292775 53.865366 49.421453 49.023824 48.585514 50.364318 48.839980 51.769710 52.635457 48.328632 49.841608 49.137250 51.509418 44.321419 47.384256 52.669988 48.842275 42.675114 43.762468 50.760159 47.378987 46.411335 50.764194 51.478086 49.610762 48.491189 49.885036 44.222533 47.838133 46.249316 47.048771 50.134799 47.857542 48.774931 45.127976 48.801145 50.248853 49.212957 47.668534 51.351911 48.148308 50.793612 50.548237 46.610132 50.293636 48.949258 51.773418 50.907482 50.675186 45.723052 48.746548 47.809942 49.904363 50.753143 51.877768 48.532259 47.066445 48.568490 51.447646 48.942547 
54.385958 48.939109 43.503621 54.039904 49.269702 46.362421 49.552061 49.173688 50.687377 53.301458 51.137423 46.532494 51.437714 50.487603 48.218958 54.472659 49.643544 50.177090 51.209050 47.907561 49.929123 52.893865 53.463974 46.692268 51.101831 47.207720 51.031415 50.548826 50.824912 49.970508 52.483244 49.686016 51.208837 48.461792 44.484395 50.173808 49.764216 52.700336 53.773276 50.351776 49.636171 47.677883 52.246846 49.681723 54.942938 51.924918 47.340322 51.122314 45.095251 48.921950 52.844746 47.742634 55.252909 49.585215 51.371209 52.229609 50.669239 53.741920 52.691389 51.487317 48.765498 48.018836 52.082937 53.174145 52.669958 47.141856 48.301789 50.471849 48.493841 47.656314 47.135041 49.437437 47.384612 49.627339 48.115090 49.928155 49.602630 46.495640 51.465006 51.908321 55.600120 48.310305 50.116389 48.793076 51.332235 47.693028 46.362632 51.922655 52.313218 46.233383 49.782878 53.656727 49.476388 51.020633 47.249916 49.711450 44.852245 50.712511 52.085209 53.746516 47.401903 49.383879 52.088777 50.235357 51.698338 51.483596 53.812214 54.310223 45.695464 52.744697 54.900123 50.130718 51.616026 52.278671 51.081836 51.126869 52.255134 50.706116 48.200192 50.351055 50.552491 50.457895 53.968227 48.798662 52.667688 48.354170 52.316907 48.712263 46.964999 48.978767 51.722937 46.898635 51.456861 50.397372 49.005595 50.733400 51.577345 50.892920 48.519136 53.100324 52.426051 54.485061 51.000999 49.293039 51.935653 50.566336 48.411434 53.071617 53.448818 49.908279 48.346526 50.707488 54.543573 47.365027 49.108779 51.802352 51.911851 46.150072 46.828272 50.454424 49.572452 48.450367 51.381744 53.067605 50.630788 47.109399 51.460990 46.461291 49.490584 48.564854 49.313798 50.779545 52.714588 49.419083 45.180157 51.005373 50.313047 48.051418 48.021605 51.173275 48.198987 52.508150 51.475110 46.878498 52.226572 49.189633 53.458144 51.786829 52.005779 49.579514 47.887848 48.388308 50.689309 50.709383 50.597448 49.838299 45.964574 47.849118 53.853806 49.397452 
53.060771 52.126129 47.676373 51.622280 50.427944 47.985989 50.606715 55.803302 51.615375 53.378737 52.102199 48.178653 52.226306 48.784491 49.143085 55.538677 45.599463 48.895969 52.073819 48.052507 48.870260 53.670344 53.209471 47.985526 50.199192 45.377623 52.171001 48.584079 51.615516 50.207369 53.937975 48.080926 49.871395 49.875998 43.964714 48.814398 52.251151 52.473201 54.370264 50.070391 49.457811 45.898371 51.747165 49.972899 55.569807 51.801494 48.181213 50.932056 49.779227 48.232683 52.360589 52.091713 56.626429 51.592415 48.803674 53.411913 49.049711 54.403775 51.215788 50.575945 50.667589 47.060857 50.736576 48.770635 51.003632 48.943966 47.379532 50.289622 49.701781 48.348889 47.183174 47.203753 50.253076 51.056240 48.431577 49.791382 51.765249 46.559296 52.453395 52.070153 55.182403 52.755803 50.214199 52.139545 51.534411 52.521965 48.147837 48.561387 51.809118 46.413776 51.750348 53.942028 49.480293 48.849321 48.712220 51.797978 49.607431 48.867553 49.852070 52.795607 50.986748 55.212884 53.730652 50.266644 53.075012 54.078089 52.830075 52.706109 48.732991 52.930745 55.661847 48.893553 54.537999 54.173942 52.789662 49.642394 51.613444 49.772207 50.817063 49.372166 52.089030 50.362789 50.942995 52.058153 53.502048 49.388043 50.078234 49.955502 48.034019 49.750295 49.527020 49.082545 52.399410 51.637477 53.497702 51.125780 51.744106 50.198799 48.204033 53.200153 50.450131 55.736718 52.187663 49.455185 52.233609 50.415781 50.032890 50.615297 54.724458 47.342153 49.625603 49.602892 55.910217 44.931383 51.403284 54.844968 53.052254 47.870359 47.650698 49.065415 50.544255 48.065231 48.593533 51.262810 51.386773 48.694965 50.593430 47.365973 50.275868 47.584204 47.190809 51.614936 50.688729 50.534209 46.639215 50.832684 49.941364 52.029495 50.102539 51.347663 49.383985 53.173993 52.847319 48.264866 52.797586 50.474724 52.831984 52.184367 51.601094 49.926796 49.034152 50.673138 49.762464 51.987523 51.632690 52.333106 48.641025 47.772805 53.312563 51.995855 
51.692260 50.418658 46.373877 51.457991 49.203306 46.262215 49.821798 51.781380 53.551462 52.194770 51.461618 44.254431 51.270680 47.398325 50.974539 54.700956 50.148919 49.843122 50.458742 49.970110 51.159449 49.698310 53.246914 46.359629 48.781539 50.895892 48.909378 48.728944 53.542435 50.550035 54.256000 48.182896 50.272070 50.547665 46.550299 49.050891 49.456749 53.143144 50.783310 49.699591 50.579164 45.900147 53.624826 51.108392 57.164333 52.703494 48.303855 50.495193 47.379823 49.331096 54.072819 49.669504 53.692612 49.726239 48.327031 51.188894 47.944088 56.355395 49.873612 50.823578 49.909059 47.512448 51.452673 49.150055 52.749676 47.076539 47.774411 49.446922 48.661736 50.651091 47.943721 49.366919 50.517563 49.310794 49.504533 50.758995 51.006203 48.770328 51.202236 52.887129 54.055221 48.249119 48.502377 50.683192 51.659483 50.697847 49.358903 51.045927 49.506998 46.244636 51.380256 53.411517 48.068216 50.325850 49.768594 52.709072 49.710480 49.091415 52.312801 52.276483 50.232390 52.635585 52.980521 49.641388 50.584919 53.380538 52.353851 51.905840 45.532520 54.646122 56.115597 51.279668 51.592609 53.753930 51.627428 48.212033 51.483210 51.137568 48.281191 49.764634 50.426807 47.340853 51.652394 51.441501 53.035065 49.279255 48.887147 47.332841 47.913052 47.601007 50.888233 47.011382 50.469881 53.017766 49.693519 53.273747 52.386959 50.321614 49.578858 53.308735 52.019398 54.472405 49.551849 49.238894 51.111961 51.809059 49.346883 50.407938 54.462490 47.933559 49.121421 53.315781 54.650379 46.297036 50.528324 55.571812 51.419182 48.456075 46.081267 51.872024 50.961377 48.780303 49.668085 55.388499 50.219902 50.054950 51.639689 47.524473 50.478962 46.054010 48.962662 49.973617 48.476075 49.129357 44.623892 47.429125 49.722559 49.404449 47.112546 51.583660 48.377544 51.478901 50.695972 45.574893 54.895091 50.935087 53.588929 53.381561 50.956240 47.272937 52.148106 47.687647 49.293526 51.247404 53.116121 50.813019 47.592678 48.671779 51.788239 50.706378 
52.133230 49.400686 46.910554 53.309751 49.352279 46.732964 48.762551 49.702426 49.062411 51.928141 49.917548 47.193315 52.819632 47.422512 47.121019 54.314777 47.467744 50.049376 51.035835 45.185575 46.343278 51.314653 53.478185 44.348065 49.288777 47.868852 50.964675 47.217000 52.423814 48.589050 52.030763 50.108722 50.669755 47.704679 46.006909 50.257303 48.404662 51.076640 52.121357 49.721263 46.883466 47.566850 47.962995 50.113986 55.857437 52.132645 46.514614 48.288535 47.413942 47.342794 52.312775 50.328939 53.449464 50.309469 48.502840 51.174288 47.172258 54.978739 50.257013 50.584157 47.804908 47.196468 51.091610 48.466529 50.729565 46.566943 48.648027 50.463917 49.588291 46.573168 47.283084 48.304379 48.262688 50.158689 47.832996 50.204136 50.147414 46.878479 52.424644 53.160780 52.268085 50.581987 49.239829 50.039566 49.090882 48.599134 45.147858 50.420457 51.151209 44.445838 50.269563 50.829887 47.498930 50.077863 48.523027 51.259233 48.463003 49.420770 48.279305 52.304974 47.283456 53.234288 51.398948 49.344946 50.530304 53.243495 51.480883 52.727991 48.416439 52.740318 55.643464 50.047284 48.804687 54.046986 51.413056 48.909266 50.570898 47.365143 48.994112 50.765295 52.498875 48.778499 49.864075 50.851877 52.962671 51.552518 50.669333 49.822769 46.904896 48.224275 51.545063 47.415617 48.369454 53.424329 51.546951 51.184101 53.120927 48.347781 47.024029 51.149716 53.372660 56.511794 50.189055 50.156160 49.399458 50.229680 49.975993 50.612884 52.250567 47.447822 49.451691 49.866484 54.570987 47.433107 51.175432 48.757086 51.231776 46.038696 45.867487 50.472429 49.016959 48.089371 47.263111 49.206339 48.122372 46.078112 49.385867 46.008474 48.510044 47.154125 49.802569 50.182393 49.480998 48.433820 45.303567 49.086537 49.027663 48.269644 47.325922 51.336979 46.006809 48.483402 49.888259 46.981260 52.646737 48.865645 52.137501 51.551475 51.070680 47.600631 47.697180 49.478361 50.431718 50.813692 51.161449 52.028044 46.295302 49.980189 54.366095 50.415559 
50.897312 48.210508 44.172317 52.370266 47.065630 45.428841 49.082914 48.064228 50.022638 52.842937 52.084288 45.347417 50.041665 47.134272 49.317629 51.508859 48.349378 48.604607 48.280633 45.843016 43.929876 50.812482 51.535242 46.330651 49.051001 47.064890 52.584771 47.775318 50.980023 45.839370 49.274080 48.766009 48.674349 47.519797 44.273184 50.182316 47.376380 50.610980 51.179728 49.360026 47.086554 47.185104 47.377447 47.672207 54.569066 49.694360 46.615476 50.826794 43.633430 49.449266 49.140175 45.744853 52.388590 47.272359 49.796650 50.551189 47.404972 51.697337 46.651932 48.399198 46.269365 46.297075 48.983388 48.571052 50.060321 48.358779 45.413033 46.956989 48.999411 45.150212 44.721118 45.688108 46.525694 46.399627 47.362083 49.623331 47.778931 46.090086 51.940656 50.904442 52.975017 49.137525 47.350094 48.948949 50.521343 49.050126 46.899660 49.824867 47.021012 46.012164 49.860344 49.920300 48.519751 50.008987 48.930770 51.654616 44.477463 46.781212 48.405088 52.157710 47.250653 50.993494 49.996617 45.914573 49.872609 50.298142 49.037877 51.288053 45.362262 53.510604 56.021454 49.468954 51.284153 51.255753 47.473268 49.007757 48.669742 48.117650 49.441724 48.900110 50.334920 47.476084 51.478882 48.985405 51.795089 49.093961 49.809241 45.305863 45.776546 46.212895 53.677797 44.945118 49.274237 48.695158 50.564140 48.316815 50.403959 48.222050 48.353906 52.243647 52.292944 50.497757 47.272275 47.083086 48.755042 52.410808 47.185847 49.310908 51.434326 45.049052 47.945653 48.226095 54.839284 46.407266 47.490249 49.921897 51.014058 43.285466 45.492407 51.373823 49.106997 45.857980 47.565258 50.840048 48.154960 47.611432 48.431977 46.612127 49.953788 45.037069 47.241511 49.721206 48.849020 45.991191 44.545238 49.680091 48.087470 47.455527 45.513439 47.923651 46.399867 49.644300 48.682127 47.999228 48.843645 50.116534 50.810905 48.812890 50.597655 47.904765 48.567687 46.633846 46.382973 48.938115 50.574202 48.926022 45.924976 46.906611 50.998621 46.901083 
50.551901 48.942415 45.566451 51.630164 49.075862 45.033149 48.738976 51.892090 51.948868 50.646981 51.866818 48.434728 51.369672 50.088335 47.940805 51.897584 45.232866 49.625864 50.298155 46.318909 48.398220 50.007656 52.593250 46.888850 49.021805 46.917779 50.378501 49.510061 53.483767 48.032393 52.224873 49.011835 50.375337 47.953234 43.399076 51.247854 48.889602 53.058796 52.339937 50.069578 48.205089 47.361976 49.209223 48.305457 54.249534 51.680574 48.041754 48.846396 47.760337 48.423058 52.225024 50.542602 52.589869 49.223808 48.959623 51.203111 47.014331 52.745451 50.042248 52.189821 49.259021 47.834271 50.394279 48.832283 51.211638 48.983379 46.904417 49.024479 48.994338 46.207516 48.041757 47.502278 48.079351 50.098616 47.718235 50.943457 49.243581 48.399137 51.340654 51.724145 55.106498 51.003973 48.045246 50.601534 48.632862 49.521810 46.569784 50.028773 51.169744 47.356379 49.366358 53.892169 48.051692 49.664340 48.444917 50.227254 47.161028 48.753753 51.064718 54.285990 49.393355 52.773316 49.997759 48.715502 48.581450 52.174994 51.304400 52.832583 46.784859 52.796078 52.446449 49.916295 49.284279 51.447372 49.751820 49.446504 51.640025 47.627357 50.210662 49.779575 49.771206 50.579577 50.887501 48.822551 51.306698 47.987373 48.494462 50.455745 47.226700 48.762021 51.692529 45.329672 51.112889 51.403085 51.089528 52.972120 52.574080 49.597833 48.840112 54.332328 51.460359 53.662823 50.453508 47.065510 49.879547 50.671477 49.452602 50.779522 53.043821 46.027035 47.005744 52.559344 51.252461 44.398558 49.088696 52.351577 51.601241 45.703254 45.981236 50.740585 49.183463 47.768818 49.340424 50.240011 49.357168 48.132682 48.393412 46.850758 49.870133 45.834468 47.538467 48.586841 47.711450 50.226860 43.148469 48.775669 48.173386 49.063655 47.833113 49.375150 49.468665 51.287699 50.710606 45.670369 51.595635 48.498223 54.020995 49.844056 48.904521 49.214886 49.097593 47.366007 48.662909 51.925377 53.290643 52.339733 47.220001 48.054491 51.520407 48.419116 
50.883164 50.993506 47.453905 52.879479 49.855560 46.741253 51.466822 49.569598 51.339177 52.480581 52.296619 47.149585 50.602818 48.975505 49.972770 53.001061 47.610124 50.438962 53.715873 47.149004 48.726038 51.162530 52.132609 46.542022 48.747671 46.971242 49.167167 48.809657 52.772804 51.859807 53.825570 49.959093 50.503989 48.633772 46.251045 49.810413 49.397571 52.409098 51.693136 50.223484 49.124827 47.679511 51.928937 48.691297 55.446483 48.099322 48.741231 50.108475 47.512419 49.363583 53.191848 50.283471 54.553172 50.681111 49.121298 53.023052 49.858399 54.714242 53.038645 48.281175 48.334192 47.144962 52.680633 50.262767 52.458163 47.615384 49.120383 49.224412 50.263704 45.481186 47.430336 48.577915 49.416432 48.703157 49.987270 49.589118 50.916551 45.388763 51.211651 51.239722 52.769991 50.598543 49.185034 49.447244 48.322745 49.343112 47.957489 50.332489 49.771607 46.653796 52.009195 50.163626 49.002778 47.884888 48.937898 49.894753 46.368201 48.493403 50.118132 52.318468 49.216169 51.437660 51.542648 51.978890 51.539618 54.714103 52.966874 51.811376 44.588314 50.701907 57.155041 49.278270 50.902051 51.707366 48.385982 47.465341 50.199225 50.556111 50.612666 50.434308 52.233764 50.737202 52.828328 49.604580 51.270206 51.515794 46.225112 51.374837 46.655414 50.370658 51.645474 46.103358 51.376367 51.961824 50.940808 50.310800 51.157760 50.204599 48.159501 52.519925 53.233450 53.642414 49.617928 50.532228 50.485053 50.572954 50.049270 50.959773 50.977065 46.521026 50.592706 49.143166 54.077975 47.497208 51.079404 54.504733 52.438477 46.085579 45.184212 50.680620 49.009025 46.448532 48.818048 51.502684 49.371277 47.279355 51.007996 46.107251 50.206881 48.386493 49.225827 49.267156 48.335584 49.990171 46.511702 47.819282 47.072857 48.669900 47.678618 53.226672 49.357914 52.404526 53.403326 45.223835 51.234453 50.702850 52.575671 51.646747 49.020924 48.245739 50.095571 46.510949 47.678312 50.679506 53.202318 50.835445 48.518107 46.406312 51.733596 50.227403 
49.278574 47.244774 43.468224 51.544328 47.801530 46.992283 46.002341 47.586036 48.526719 49.942157 49.737619 44.430362 46.667532 45.321571 46.949616 52.033553 47.750269 48.567251 48.953203 46.006654 46.925752 47.254757 51.461822 43.914382 46.313333 49.252045 48.983338 46.452974 50.234211 48.090358 50.200431 47.187584 47.629519 47.216445 45.012637 48.759532 46.034870 51.038233 48.623629 46.707445 46.871134 45.479367 49.215677 46.845774 55.549754 50.583581 44.721333 47.770970 45.888770 48.256321 51.195250 46.634290 52.231815 49.326195 45.663414 50.359160 47.765203 52.131930 50.307459 46.829504 47.580526 46.611453 48.869564 46.904987 49.824246 45.432158 45.892590 45.962301 47.289666 44.320778 46.826453 46.489013 46.311417 46.652091 46.461155 47.289139 46.374436 47.052323 50.034218 48.940139 51.833558 46.034513 44.291084 47.821744 48.804549 48.042581 47.543669 47.755319 48.918666 45.144115 50.096622 51.953437 46.259663 50.140434 47.530629 48.796657 44.037418 46.856048 48.998837 51.162294 47.263850 50.687744 47.767889 46.355159 49.004142 50.056602 50.362158 50.509202 44.034369 49.968757 51.766711 49.583371 50.477192 49.816994 49.097816 48.749018 50.647944 49.344641 45.648336 49.464920 46.106831 48.119386 49.412977 47.021180 49.662451 48.733061 45.833235 44.181853 44.842873 49.322544 46.031290 44.227073 49.894312 47.713206 49.001380 49.977978 49.093006 47.653418 47.568216 50.543553 48.896157 54.548093 46.945099 48.894058 49.148609 49.064808 46.695822 50.625261 51.922359 43.277439 47.918301 49.780060 52.324660 45.808280 47.871260 51.298749 48.736003 42.881462 43.092568 48.952204 47.334262 44.508115 47.507618 52.618370 48.568436 47.992870 47.839405 45.604424 48.399380 45.473448 48.500700 48.123314 46.691405 45.605706 43.252778 49.473901 47.534569 46.732808 47.932699 47.311795 47.633026 50.213834 50.605943 43.943391 51.389614 51.047083 52.253593 50.690515 48.776163 49.052865 48.497761 46.515401 47.580515 50.111776 48.263170 46.569307 46.655526 46.772688 50.089819 47.638465 
52.468628 51.407146 44.831525 54.726375 52.525658 48.614172 47.393651 52.294291 52.248147 54.013311 51.637872 47.129545 53.738580 49.460770 49.848650 56.478546 49.638341 51.683479 51.152250 47.755699 51.374047 51.533654 52.877971 49.929133 49.828701 50.799450 52.013169 50.235322 52.847389 49.576039 51.856752 50.707828 50.500732 49.559193 46.482420 52.588618 50.988206 53.615779 55.302995 50.849721 49.211042 49.363494 49.680039 50.636521 58.315018 51.825287 47.888172 51.784121 49.563448 50.617811 54.771528 51.798489 54.553550 50.819929 49.265712 53.797999 49.564567 55.915371 51.853915 54.484948 49.685957 48.300424 54.694594 51.917780 52.160227 48.161371 47.324007 52.344033 49.891935 48.633674 50.073925 48.363642 50.267185 51.077052 51.945875 50.163162 50.637651 47.513198 53.703045 54.720452 56.154063 48.627037 49.410246 49.829813 52.606993 50.232148 48.979546 52.032627 50.913192 47.905528 52.008206 53.027649 50.428871 49.606289 49.840186 49.608518 47.816175 50.976402 52.057600 53.847256 50.038451 54.008824 51.454348 49.694236 51.575311 54.113598 54.841128 55.665114 50.341029 54.259573 58.585250 53.087570 51.646273 51.602227 50.655139 51.043694 52.413859 52.019524 48.932411 51.955363 50.228032 48.635127 50.911007 49.865000 53.455345 51.509869 49.527277 50.708485 48.959609 49.111336 49.974920 48.060716 51.631370 52.125867 52.866872 53.213206 52.906885 48.851981 48.514911 53.977583 52.076543 56.289153 51.696888 50.142826 52.053244 54.659570 49.048990 52.286542 54.315087 46.678687 50.719119 52.197106 54.384545 47.552984 51.753686 53.971545 53.918379 46.390344 47.647767 51.960489 48.205510 48.620172 50.956721 51.163286 50.501323 47.845759 51.330246 48.231043 51.089121 48.547577 49.425173 51.356976 50.256423 52.286008 45.502102 50.631948 50.016691 49.344897 49.246501 51.656890 49.237710 53.176389 54.031123 48.132947 54.940402 51.695103 56.436442 52.224221 51.627362 51.026865 51.508276 46.738626 49.554621 52.819283 55.587976 51.791515 49.635728 47.861084 50.380248 52.312171 
50.932229 49.100966 43.160934 52.481690 48.478891 46.059364 48.793936 49.166725 50.630783 49.994298 49.840628 46.061266 48.445452 44.572909 49.011407 53.693853 48.549169 51.648954 49.949001 46.238937 46.910165 50.507517 52.200177 47.382300 46.972662 48.064213 50.567997 47.927505 49.739122 49.343414 50.061822 50.266768 48.205318 47.846400 43.511087 49.712170 47.728295 50.142280 50.113279 49.241317 49.771834 46.437060 48.904353 47.006857 54.576131 50.637696 44.871962 48.745384 45.736990 48.249818 51.075387 48.503778 53.006016 48.655996 47.394447 52.098831 46.068169 56.603780 48.493636 49.995583 47.697349 48.262560 50.004631 46.399449 50.697540 45.735012 47.244664 49.589906 48.904846 47.846407 45.403226 48.478198 48.148500 46.930204 49.676195 49.061556 47.899852 49.663478 52.674843 54.199858 54.242656 49.026306 49.131712 50.072371 49.838114 47.158428 45.259082 48.692655 47.683022 45.728578 48.434286 52.005440 46.680881 51.210125 48.539383 51.248765 47.998749 48.412000 49.652599 52.791272 47.525536 51.551419 49.830048 48.463185 50.147078 54.463692 49.761109 52.368782 44.839547 53.153666 53.836663 48.513292 49.819963 52.474282 50.680530 49.396245 52.568646 51.739744 49.480171 48.996097 50.721073 48.061296 51.787187 50.121531 52.323309 50.060384 49.986294 47.759858 47.867616 47.637774 49.943725 44.226940 51.340439 52.819624 51.597108 50.059464 50.510231 49.382914 48.554129 53.536757 52.557928 53.587532 49.515054 47.069580 49.488698 50.154339 49.030217 50.185167 50.810581 47.391605 49.439226 51.031997 53.684183 47.577816 50.654723 49.735074 50.710000 47.362649 42.750911 51.247106 49.746700 48.103697 49.282054 51.025446 48.545437 46.671285 50.333546 46.998903 46.944163 47.736504 48.592280 50.996123 51.225281 48.741939 44.700284 49.536925 48.739901 49.563491 46.731876 50.893774 46.655786 52.566522 49.464412 46.393786 51.781212 47.692309 50.402591 51.048047 51.296659 46.939198 51.109373 47.300394 47.675085 48.905337 50.378426 49.647423 46.969654 47.546429 52.897384 50.026842 
59.612457 56.978097 51.405319 58.992380 55.808415 53.350454 56.906380 59.063489 57.100486 60.791093 57.912471 51.942939 56.814403 52.387281 54.658758 60.266576 55.421784 56.196924 57.539210 54.185948 53.749717 56.274505 60.195312 51.640727 54.793749 54.453928 58.218443 56.703268 60.388205 56.010633 61.158434 55.469324 56.205881 55.860604 52.389697 55.666524 56.083033 57.747560 58.047457 55.759173 55.168230 53.317444 57.410062 55.952725 62.402882 57.007869 54.793332 57.209029 53.439661 56.308880 57.922044 54.519754 62.346479 54.779957 55.228595 60.683162 55.268373 60.929735 55.215316 58.114971 55.529771 51.520362 57.121521 57.070212 58.786351 52.910188 52.792628 54.531324 54.226879 53.573236 52.767994 53.807806 54.056608 55.612927 56.599434 55.722060 56.698903 53.211844 59.958201 58.997974 61.656371 56.400149 55.373632 59.399197 55.561727 56.305339 55.248092 57.866221 57.581290 53.015676 57.320192 57.087911 55.480665 56.438588 53.686236 58.984914 53.872257 55.320848 54.110207 58.396827 56.269740 58.559084 59.449961 53.337327 55.448039 59.007039 58.095456 60.631972 50.429354 59.802109 62.729546 57.909715 56.542987 58.954314 57.438772 56.639582 57.953613 56.823326 55.223061 56.711022 56.767310 55.129640 58.105603 57.982989 60.100028 57.646594 58.253484 54.847158 53.140544 54.359112 55.924694 52.090727 59.099887 58.536123 57.097616 59.248150 58.273152 57.512969 56.371884 59.382665 59.169826 58.768281 55.924314 55.646070 56.567499 60.122676 57.167126 54.634032 59.802398 54.200362 54.568575 56.959999 61.765493 52.680462 56.085101 61.688200 59.362301 52.661428 53.547007 59.168502 56.608767 50.816458 55.267639 59.996222 54.546793 56.965293 58.678725 51.190507 57.881909 51.791420 55.060873 57.208279 56.580444 55.840110 51.553171 57.174009 56.019414 57.712231 55.522400 54.386310 53.760376 58.628503 59.160134 52.838825 57.090921 57.735590 61.082304 57.923085 56.751425 56.274749 56.436728 55.381655 53.959226 55.988760 59.373870 58.106023 52.987978 51.883248 56.730216 57.081112 
51.844522 50.903866 45.187926 55.695926 51.148062 48.227358 49.184006 51.098235 52.968218 53.417788 54.987267 49.159691 52.309382 49.621436 51.027812 55.775376 49.566937 52.300160 51.305656 47.779616 48.858465 50.696582 52.977472 47.767727 49.297758 49.232711 51.730756 47.840486 53.010119 49.738482 49.699990 49.602284 49.539050 49.244536 46.211854 49.954411 51.060441 51.836059 55.391994 48.365381 47.555447 45.776367 48.845925 49.647666 57.150683 52.106678 48.249931 51.734575 47.078460 48.899819 52.909806 47.578770 54.682428 51.251551 51.162270 54.711773 49.240335 55.022966 52.072245 51.837026 49.181642 50.064077 51.865113 51.603154 50.607839 49.108477 46.499994 50.021968 48.116256 48.269210 46.389202 49.532965 48.582213 50.390648 48.682695 51.628078 52.024164 47.886118 54.011556 54.240729 54.608121 51.203180 49.372901 49.785284 51.407171 49.084313 46.813526 51.788957 52.826940 46.790257 50.378248 51.309827 47.650843 49.945572 47.161434 52.911224 46.358998 50.664517 52.624877 51.984473 47.078178 51.744826 50.133837 49.519727 50.494127 54.415388 51.859504 53.752044 49.311067 53.595943 55.431821 52.193445 52.128534 52.470876 49.913052 49.834261 52.608891 48.242431 50.825740 49.387164 52.943050 52.629760 51.763421 51.369101 51.280940 50.885747 51.000139 51.959780 47.377021 48.010624 51.664146 48.768340 50.972413 52.682629 51.806404 50.065586 53.354719 51.564252 51.798612 54.073837 51.034423 56.861084 52.607046 50.283495 51.068739 52.210332 49.836359 53.876515 54.434451 48.807022 50.043549 52.303573 54.035436 47.785410 51.825696 53.112446 51.771543 46.502082 45.445302 53.672726 49.785570 47.632742 52.020344 52.757634 53.646103 49.612849 48.980031 48.314001 48.892713 49.077360 49.050118 51.544437 50.895800 51.105809 46.874964 49.426715 50.253765 49.795540 48.245840 51.941942 50.435562 52.177669 50.157420 48.973288 51.545783 49.838931 52.049127 50.168725 50.610094 48.720162 49.166609 47.821657 47.670637 53.045358 52.323492 50.940824 50.626376 50.563315 53.280256 50.286875 
47.329171 45.863954 42.801451 50.209928 44.940531 42.493554 44.439852 46.957251 48.366990 49.072460 48.494075 43.111018 49.535783 46.140857 46.279702 50.833133 43.814974 44.778195 45.621489 44.246077 46.780405 45.592782 47.698505 43.299704 42.279370 44.669512 46.020603 44.283718 46.065317 43.617182 48.818748 42.766647 45.252430 44.527268 42.726579 45.861125 45.314286 47.409602 47.936700 45.157587 44.078937 42.716865 45.121496 46.966740 51.121980 46.301883 43.539500 44.523775 43.881669 45.870368 47.870660 44.825678 49.119576 45.039046 46.266953 48.320541 42.952460 50.566752 47.454697 45.444102 44.988507 42.330393 47.253078 44.661529 44.542562 42.937371 41.211889 46.097485 44.328739 44.822952 43.010434 42.697573 43.602308 45.372548 45.754763 45.626363 45.880613 42.476712 50.217313 50.070094 50.213432 48.544821 48.161074 45.737189 46.083476 46.080310 43.793775 45.871928 48.106347 44.279327 47.093719 44.838750 43.786144 45.447816 44.254347 46.223477 44.419559 45.937318 46.015036 47.466327 45.382181 49.578868 48.153654 44.481280 44.788356 49.653432 48.105241 48.119020 41.905192 50.515269 51.259624 46.111035 45.929843 48.271155 46.807739 45.553485 45.982951 45.930775 46.056741 47.423302 46.987159 45.915199 46.438773 46.994972 47.318639 45.547491 44.856877 45.630345 41.687766 46.383924 48.992863 43.065442 46.894186 48.622311 48.204305 45.321324 47.382256 45.337980 45.123558 46.665215 49.157450 51.968935 45.578486 46.797509 45.344805 48.045339 44.668085 46.419704 49.377258 44.276435 44.573727 44.383540 47.623547 42.823919 45.634137 48.928794 47.719123 42.590896 44.077012 45.549311 45.280497 41.618032 44.096543 46.865937 47.016973 43.880808 44.595643 43.709761 45.229956 41.697000 44.471913 46.626032 43.669296 45.340488 41.624117 45.288215 46.897779 45.138318 44.055744 45.648975 43.015955 46.328633 48.023012 42.866891 49.405041 45.733127 45.999558 46.432931 46.011003 46.392137 46.439445 41.991893 46.895275 45.279098 49.028937 48.250840 43.870987 44.401730 48.294760 46.353740 
49.098065 47.839758 47.472919 50.066003 49.359887 45.647390 48.018354 50.181087 51.078710 49.481112 49.882215 45.435154 47.776899 48.086400 47.153621 53.353382 45.597858 51.129012 49.778163 46.512355 48.243074 50.232679 51.013951 45.413539 46.954672 45.958190 49.229023 48.705200 52.443788 48.517019 50.701156 49.788806 49.361286 48.164556 45.609952 48.976855 48.901365 52.322098 53.878073 50.216552 48.171495 46.111629 50.921054 47.302425 56.206013 51.724887 48.280650 47.958810 45.614696 47.268811 52.388091 48.753999 52.012656 51.216167 49.332198 51.328954 48.181696 54.069385 49.355082 50.920080 47.752641 46.472495 48.685366 50.580038 48.855710 48.716098 46.921961 49.299481 47.612918 45.172057 47.812370 46.992838 48.016336 50.097859 47.102656 49.761874 49.610029 46.496766 51.208841 51.240872 53.003244 48.560564 47.808185 48.465827 49.779885 47.290168 45.795311 49.104147 50.804849 44.869135 48.680225 50.379343 47.882145 49.200473 46.753889 48.769292 44.536285 50.203758 48.630212 52.691901 47.260243 50.524969 49.718315 49.649428 50.209327 53.329776 50.044880 51.269254 45.063095 51.078830 54.020539 47.790120 49.455417 52.676930 48.363639 46.252012 50.307286 49.263104 47.487476 49.403407 51.338904 46.124930 50.378930 49.183369 50.106812 49.881928 49.115920 48.191023 48.026037 46.783325 50.910688 45.736444 50.865240 51.728531 51.244231 50.646377 51.359092 49.630673 47.715545 52.215428 52.840869 53.206548 48.433022 47.595520 49.456949 50.167439 46.420155 49.334826 51.733660 45.896638 47.633819 49.650852 50.954279 46.903308 48.390794 52.590242 49.681858 46.211654 42.368833 49.035192 48.530303 45.272976 47.883462 49.732932 45.791036 46.853315 49.323754 44.578299 50.166778 46.078835 49.041443 49.720464 49.723188 48.103927 44.787864 48.135553 48.014492 47.875367 43.553040 49.269843 45.826133 49.828566 50.111296 45.924835 51.610692 50.867148 51.216838 49.340053 47.268859 47.684535 48.373298 45.544645 45.160047 48.626016 49.519814 51.504002 48.781205 49.434570 51.241956 49.466220 
47.075625 48.040764 42.045011 47.701354 42.935440 43.036804 43.404378 47.102969 46.548991 46.656004 45.141219 44.659021 45.864826 42.700259 42.932366 49.219987 43.009833 46.639647 46.887578 43.250565 44.208838 44.747603 47.786947 41.105203 43.831628 44.787881 46.807004 43.110879 46.312856 43.108417 48.090660 44.823645 45.153338 44.033462 40.986462 45.575512 46.152479 46.530548 47.355991 45.541140 42.237636 40.823981 45.039383 47.444128 48.643332 44.059739 43.644630 44.723474 41.888726 42.209636 48.408433 46.634440 48.485666 45.301342 43.900157 44.924818 42.960254 48.868509 46.739540 44.585002 41.219085 41.526951 47.118072 44.427454 45.502939 42.547635 43.752706 45.988156 44.272111 44.776849 43.330227 45.164460 44.218544 44.196163 46.573721 46.132578 43.472483 41.197526 45.287302 45.909912 46.898007 45.461554 44.344552 47.360874 43.579713 43.200006 43.143617 42.466154 46.306118 42.374189 42.492560 47.391068 44.912516 44.050173 42.188467 46.671130 42.560461 44.336547 46.777458 47.218468 43.139206 47.487716 48.260788 43.922347 45.330391 47.248759 47.246348 48.591525 41.041206 46.734049 50.706926 45.532759 43.259298 48.189095 46.289470 46.953208 44.614098 44.607625 45.932158 46.576229 48.874513 44.061773 44.369058 44.644933 49.548073 44.675971 46.188928 46.091123 42.773448 46.387348 45.662534 41.642271 46.034433 47.783217 46.356137 44.352479 46.517341 45.473998 43.468302 47.055786 47.490689 49.954158 46.452859 47.429452 45.393848 45.386849 45.357458 44.284437 47.452359 41.302645 44.691252 44.871061 49.443841 41.230651 46.642821 49.120462 46.618319 41.112250 40.131347 45.053743 44.270804 44.042635 44.334194 45.519806 44.199929 45.196985 43.078707 42.185893 43.053233 43.215586 41.450943 45.566909 44.601722 45.366559 40.934863 45.095232 44.448429 44.475751 42.912380 45.556629 42.272205 45.014272 45.288252 42.029671 47.909778 46.405462 49.022573 47.214173 45.235817 43.719765 45.493513 44.593013 44.968285 45.932605 47.387942 46.716992 42.298392 43.581139 46.403587 47.199348 
59.453923 53.768372 49.640366 59.882455 53.657738 51.275694 52.723971 55.046212 55.300942 59.410184 57.104239 52.361529 56.795115 54.864025 53.647510 60.022402 54.474227 55.868002 56.853586 50.154527 54.037507 55.219125 59.310892 51.923319 54.822680 54.123780 57.756470 54.184299 59.614545 54.653753 53.877035 54.670726 55.669107 52.781884 51.311330 58.005976 56.865067 56.987474 58.998890 54.422723 55.865411 51.016798 55.559487 54.721924 62.167156 58.606851 54.229764 53.921998 52.313651 54.319615 56.199334 53.949077 60.926146 55.134311 54.932168 58.610339 54.038465 60.905939 56.944176 57.157914 55.596867 53.195053 59.136300 56.217437 57.054353 52.089564 52.320417 55.723945 53.904013 51.099654 53.075560 54.272977 54.672437 53.424168 53.661315 54.856791 54.973709 53.179888 59.488861 58.241719 59.233088 53.433782 53.577132 55.341836 53.994182 54.170289 55.731008 59.288442 56.867735 51.589760 54.672751 58.601235 53.859170 55.045460 54.367377 57.146241 52.436928 56.398133 56.221033 58.656361 54.783445 57.831123 57.002749 54.328081 57.033620 59.198038 58.461626 62.044269 52.923485 59.068208 61.573969 55.708208 56.421467 58.654739 55.865911 54.816044 56.479020 54.486734 53.675921 56.625273 59.121566 56.643058 56.911333 59.349216 57.548637 56.630165 53.052981 55.842383 53.075127 56.107390 56.973428 51.752134 56.970039 56.711318 60.231892 56.877091 58.493024 55.758815 54.227493 59.107039 60.619329 59.703609 52.804698 53.906777 56.418931 58.813139 56.939802 56.119115 59.543283 53.466376 54.736341 57.008320 60.681723 51.298729 57.263908 57.072979 55.467421 49.779802 52.279337 56.340283 58.049537 52.038402 56.925636 56.573853 55.896791 52.957826 55.716711 49.944788 54.066811 51.835664 54.924354 57.946574 55.799351 53.114442 50.814665 56.085506 53.847395 57.755442 53.115325 56.160609 53.057370 57.033231 59.130202 52.812507 59.499008 55.869418 60.914469 58.638594 56.981511 55.054891 54.064085 54.827929 55.632124 54.706647 56.977301 58.364207 54.116603 53.530586 58.503369 56.691018 
53.216120 53.096444 47.399004 55.213776 51.218352 49.256881 51.474146 51.894892 51.945917 53.441924 52.418376 47.082205 52.728625 48.832197 50.911901 54.527310 49.987838 53.942258 52.278668 47.234450 49.523055 53.315795 54.622103 47.325215 52.179491 50.545804 52.164805 50.813078 53.589590 51.094464 55.405062 50.990211 52.067407 48.776038 48.301812 50.508311 52.498625 53.510760 55.314329 49.973746 52.211174 51.575320 49.711290 48.777466 58.780902 52.581991 49.605424 50.544735 47.356492 52.173386 55.687523 50.186168 57.547950 50.605259 52.808852 55.137287 50.592713 54.889624 52.585970 51.651426 50.963418 49.551496 52.435071 52.725412 53.268114 48.068187 48.997994 51.964423 50.322794 50.094716 48.362716 49.733740 49.550942 51.142095 51.495225 51.875186 50.754845 47.715816 53.857611 54.259291 56.691063 51.859943 53.068072 49.245350 51.152694 50.956486 48.224190 52.849857 53.077832 48.580181 51.881498 53.034859 50.183134 51.542166 51.465138 54.594790 48.310258 52.072862 52.428794 54.757032 50.124166 53.854941 54.443732 51.690868 50.115488 57.797083 53.638764 56.599684 47.297569 55.067541 57.468184 53.247063 53.528610 55.057935 52.635488 50.880603 53.675083 49.396842 49.533440 51.634329 52.674056 52.059621 54.534925 51.628488 53.713798 54.351707 50.680295 49.785062 49.163919 49.761469 53.751621 47.313136 53.463801 53.548559 53.153637 54.215032 52.798955 53.144200 50.093919 55.436286 53.767958 54.490417 50.241659 51.473969 52.096590 54.423117 50.817382 52.245221 54.525218 49.587072 50.528608 52.071530 56.169231 48.712168 51.790892 54.412236 52.263237 49.672130 45.706662 53.065130 53.741262 46.562048 49.137174 52.801887 51.436528 50.786033 52.086219 44.706512 52.105353 47.781021 51.764994 53.629341 51.154058 51.497184 47.396105 50.380868 53.326795 51.001822 50.947369 53.213378 49.900196 52.718183 56.675924 47.305032 55.422587 54.611984 53.479089 52.411292 54.870274 49.577777 50.472698 49.544955 50.956265 50.084948 53.907549 51.978712 50.805494 48.298054 52.732343 52.028653 
48.596070 47.039670 42.325172 52.647518 45.622839 44.944439 47.493512 50.715666 49.964403 50.095003 49.534230 45.097931 50.243309 46.972379 48.522026 52.323125 45.208165 49.692405 49.052607 44.195765 47.950710 50.645501 51.038964 45.823055 46.014361 43.542351 47.850877 49.228601 51.122922 46.885491 49.362937 49.117598 49.597917 49.579811 44.681062 48.273664 50.334625 49.701255 50.250456 47.985876 46.080755 45.376885 48.781837 47.584431 53.789117 47.035234 49.185418 47.678379 45.131293 46.936244 50.504738 48.110707 51.269898 48.966141 49.482916 51.056468 46.450285 51.429995 49.603185 49.543766 46.990155 43.299654 49.697248 47.581770 48.955457 45.308442 47.327805 48.273054 47.413569 46.445146 44.567602 47.991984 47.397738 44.137826 47.111204 49.837734 47.818702 45.657154 53.074266 51.197515 51.043827 51.430260 47.301215 48.284524 50.040860 48.139922 44.867802 47.922438 48.747653 46.647142 48.805603 49.037609 47.412254 48.064935 46.425664 47.966217 44.787801 46.359863 50.315178 52.469707 46.660420 54.009721 50.318257 47.282331 47.490243 52.968821 49.170770 50.149180 46.424610 50.985666 53.052965 48.140008 49.472193 49.945395 48.066237 49.048315 50.689559 46.223179 49.539514 47.946478 50.655184 47.475939 50.311672 47.845805 49.629920 48.852422 46.552539 51.773175 46.004058 48.288004 49.704662 44.960540 49.505249 48.608238 49.809002 47.753490 52.535887 47.753730 47.639456 50.786374 51.388248 51.310673 50.148050 48.591925 48.861152 48.166834 47.511377 48.599177 50.664309 45.344401 47.006942 49.139789 50.748146 45.521034 49.950054 51.045680 50.597229 46.393171 45.656427 51.399476 47.474106 43.109409 46.904751 47.408238 46.685089 45.656458 46.479294 43.701166 47.865631 45.065962 45.549851 49.889255 48.284795 49.020430 42.617859 49.960112 47.589787 48.020465 46.353335 47.676177 48.206639 51.288917 51.808626 46.581701 49.551213 48.830408 50.426937 50.067973 47.497746 49.128826 47.997626 45.921644 46.191814 51.845252 49.892745 48.971924 47.594943 46.219970 49.602105 47.748969 
51.478140 48.821802 43.672859 54.460384 48.774881 47.202647 48.363090 48.066885 50.965810 52.332615 51.939375 48.889387 50.209547 47.795064 48.214436 55.507229 48.813954 49.067042 51.997478 45.978379 49.165066 50.478308 52.323985 47.096384 50.717102 46.441655 52.273936 47.885160 51.582223 49.039970 51.302129 50.106062 48.263926 48.935810 46.312205 51.945178 50.138884 51.250468 53.690458 50.778550 45.928704 46.963788 47.644575 49.309065 56.321866 50.810484 48.526276 50.613171 46.892512 51.327036 52.033893 47.931074 52.825034 48.843061 47.156379 52.116286 47.962209 52.373013 49.588716 52.318964 47.421799 46.176062 53.169811 47.697325 47.879741 46.892137 47.601688 50.767590 47.294320 47.499138 46.722506 47.908582 48.789804 48.668269 48.488100 50.695069 49.337262 47.875401 53.566868 52.953963 54.018445 51.422898 50.849717 51.272559 49.742103 48.441494 45.957376 50.257511 51.188126 47.517057 50.223615 51.868748 49.068407 48.014979 48.611971 50.827304 45.893475 48.426293 50.000229 52.336018 47.030229 51.555236 51.559930 48.289779 49.261947 51.952886 51.868275 50.873867 47.708828 53.362298 55.356611 49.835724 51.403685 52.901603 49.825830 48.684225 52.557097 47.770378 49.303795 50.737000 51.019448 48.332221 49.823394 49.334489 51.070951 50.363032 51.622484 49.027759 45.912960 49.130715 51.341555 45.696505 50.080946 50.879900 51.504153 51.167449 54.372248 49.951326 48.741149 52.251285 52.660871 55.317234 50.629220 49.744198 47.938486 50.742608 48.366850 51.506709 52.533405 47.916162 48.846824 51.103244 51.760977 46.237394 51.791787 52.775335 51.348193 45.493395 46.331045 49.203751 49.054934 46.569835 49.254155 49.550930 48.792721 46.086525 49.253023 45.022372 49.164170 46.566701 46.578874 49.506602 49.712853 49.290411 43.004853 49.629871 49.001081 47.751857 47.397636 50.547446 47.237123 47.562915 50.076298 48.522707 49.933967 48.425183 53.452343 52.212744 49.617478 48.720863 47.055492 47.821931 48.946874 51.248973 51.178463 52.946715 45.058593 48.609092 52.904810 50.207110 
54.653661 53.736046 48.204376 55.546416 53.440708 49.773922 52.047572 55.887019 53.677354 54.813846 53.446620 50.350208 53.125403 49.920703 52.793822 56.458575 50.751683 53.626200 54.989461 48.865535 50.809215 53.353658 56.145903 49.536287 50.535515 48.641670 51.732756 51.276266 55.626979 48.375966 55.050479 51.318084 53.226812 50.040218 48.862848 52.178073 53.446795 54.132946 57.842586 53.127815 50.539069 47.843307 52.068618 51.960743 59.673049 53.853116 51.907756 51.048464 50.186595 50.003514 56.234439 54.202661 53.602603 52.328941 51.071774 54.502676 50.758272 57.926648 54.435938 53.622154 51.235390 46.928203 53.592955 50.454776 54.373812 51.146940 49.625012 50.871789 51.088308 51.521960 50.381718 51.147449 51.440333 54.186213 52.251061 54.802208 53.868707 50.514763 54.896146 57.487025 56.047331 53.622593 50.557532 51.911061 53.207586 52.588268 51.878280 53.632940 51.758258 47.229485 51.872645 55.282634 51.211229 53.447889 51.886524 50.801596 48.853751 52.774460 50.942464 54.391408 50.376439 53.928783 54.937606 51.501030 52.980921 55.187851 55.133027 55.814007 49.691850 53.962326 57.116143 52.452779 52.731097 56.271070 51.918415 52.437767 52.949614 52.281229 50.843601 52.937260 54.337715 52.302296 53.796297 51.459173 52.501174 53.653188 52.223323 52.021113 50.109468 51.007310 53.799337 51.102028 53.019341 53.422910 55.310448 53.449947 56.063393 50.959597 52.861609 56.404507 54.198322 59.399310 51.518325 51.477455 53.175016 52.142143 51.793481 51.203942 56.588572 51.322241 52.620694 51.973084 55.939530 48.048191 51.655487 57.016061 54.299740 49.078581 46.590454 53.399670 52.749272 49.273402 53.699165 54.469986 52.821236 50.376765 51.267146 48.539236 52.474971 50.140779 49.535237 54.440451 51.231329 51.297417 49.400016 54.234924 50.552375 52.692721 49.917360 55.678941 51.056934 54.895763 53.711239 49.735766 56.727237 51.748687 56.349587 53.777323 52.442205 48.819849 50.865116 52.073106 51.713829 52.013034 54.163814 53.359820 50.563340 50.768105 55.615421 52.410913 
46.742534 44.166608 38.720367 46.863839 45.336227 40.694819 42.647118 43.877420 44.821720 46.927624 45.221961 42.320291 46.291680 40.513746 41.246712 48.071067 41.377754 45.626907 46.255089 43.889389 44.197756 44.927315 47.027327 39.904061 44.484519 41.995875 44.661009 45.430167 46.345378 43.481404 44.581033 44.353894 43.566036 43.855596 40.771480 42.852756 42.503593 45.138195 47.384595 45.640180 43.077175 42.889853 44.568584 40.812204 49.056530 44.207048 43.280478 42.497416 40.750507 42.605658 45.880872 44.178236 48.961936 44.143998 42.839262 46.492947 41.050563 49.398672 45.034272 45.420932 45.334183 41.281941 45.788470 45.081348 46.583983 44.429323 40.347737 43.470717 42.013628 42.266371 41.504301 43.594644 42.846221 43.194312 41.970628 42.856896 44.646663 42.105755 48.502020 46.795573 46.564599 43.938950 42.336262 45.475227 43.992034 43.307622 42.879309 46.233555 42.559324 42.105307 42.451909 45.652617 42.876635 43.043715 43.627158 46.483475 43.261817 43.917792 43.601059 46.851184 41.312988 46.167512 43.636941 43.078051 46.475166 46.416259 45.437388 46.243804 39.145418 46.596377 49.310659 42.993479 43.656487 46.547726 43.173581 43.445544 44.625913 44.731947 42.791732 45.049919 45.773681 45.215086 47.069873 44.303440 47.149052 42.909785 43.846447 41.715666 42.811323 41.450427 43.993128 40.481833 44.852018 45.716755 44.288874 43.434377 45.657703 45.554944 43.299299 46.415214 46.074844 47.387599 43.142401 43.465049 44.024255 45.282074 43.116061 44.748256 47.000431 43.991684 42.909211 44.051979 48.153754 42.843242 44.957251 45.946368 44.506792 40.491383 42.022317 43.900359 45.531409 41.056299 42.424383 47.030495 43.987159 44.253216 43.433691 40.241977 43.570764 40.754442 43.997835 44.592794 41.910149 41.444926 42.477597 43.367195 44.168188 44.977901 42.651892 45.441028 41.669151 46.153624 46.680813 39.621790 46.231485 45.439980 47.138600 44.450518 45.665812 44.649638 43.809579 42.194390 43.020722 43.536106 47.994202 43.960973 42.221214 42.471871 44.908205 43.881193 
49.732064 47.091388 43.376376 50.743977 48.067675 43.849354 46.616239 47.119741 46.332362 51.191366 48.008437 44.289756 48.628146 45.554464 46.866448 53.075432 45.429363 46.361858 46.484026 43.938996 44.406295 49.232984 49.553783 44.054532 46.139355 44.996982 49.952384 46.195030 49.933754 45.359119 46.907567 46.525576 46.660095 47.812920 42.031733 48.560790 48.940088 47.097136 50.377808 47.397887 45.537407 43.105562 47.710060 47.115289 54.285127 49.448940 46.116199 47.776127 44.254637 45.388337 49.216882 49.451032 52.723280 45.180777 47.931809 48.886899 41.750101 50.395931 48.414528 48.046186 46.167677 42.259590 49.867226 47.557158 47.978009 45.289041 44.918405 46.602247 48.138975 45.057543 45.032921 46.326184 47.370838 45.928940 46.538665 48.368542 49.369618 45.728279 50.046142 50.610969 49.113909 45.142436 45.431354 46.864146 47.182263 44.232453 44.184131 47.715618 48.525626 44.210736 46.552106 48.178317 46.537098 46.348358 44.902675 47.202153 45.250890 48.014164 48.501734 50.208466 46.737582 50.398255 48.032490 47.367779 48.547907 51.025770 47.700444 49.859686 46.696948 50.162551 52.814776 48.148110 47.155895 47.810004 46.670892 45.689593 49.921124 43.882965 45.551759 46.795195 49.342134 47.142296 47.987109 49.951064 49.839789 48.720805 46.323359 46.520074 45.303624 45.609306 49.534672 44.264494 47.153522 47.641810 49.543789 48.351148 48.745668 45.456300 45.627615 49.326797 49.820507 51.034345 46.333980 46.867246 48.539289 49.246416 45.030702 47.538957 50.298680 46.746516 46.828308 47.208023 48.890891 45.606175 44.931606 48.321685 48.680256 41.178526 43.920002 50.135674 46.648773 45.960702 46.398218 46.956931 47.812205 44.783523 46.365903 43.613053 45.777717 44.085986 45.681573 48.965050 47.165046 46.468681 43.609025 45.597082 46.839364 48.003936 43.402899 48.833284 47.917798 48.047734 46.178614 43.480666 49.415166 48.394714 49.666788 47.795660 47.858254 46.297378 47.836108 46.769821 46.070470 49.624346 49.419031 48.691680 46.017970 45.691702 49.140104 45.715117 
55.677187 53.734864 46.655844 58.117812 52.551635 48.542390 50.615929 52.489907 51.479170 54.859223 52.656231 48.529098 52.828388 46.862797 50.908528 55.327254 50.824958 50.852267 53.304598 50.748894 50.608134 52.255860 54.766517 48.719517 49.374793 47.847788 53.655307 50.968366 54.344836 50.398788 55.245591 49.367283 50.758143 49.797972 46.677524 49.982219 49.860323 53.963142 54.933473 52.547848 49.315390 52.325891 50.049677 50.254744 57.059536 50.851866 52.204700 51.858586 47.907997 51.006471 55.946448 49.513139 58.301452 49.433825 51.734793 52.523955 49.382091 55.957920 52.339369 53.175376 51.633833 46.619486 55.290011 50.141953 53.440124 48.407024 49.115206 52.756573 50.857531 49.038121 48.091654 49.773321 50.236218 49.157702 49.111346 54.015264 50.942284 48.619876 56.431937 56.319588 56.481355 52.928576 52.612112 50.743745 50.591289 50.516206 48.281800 52.203013 54.057960 49.112451 51.607428 54.182908 48.614370 50.550654 50.911941 53.757976 47.984226 50.412847 53.419983 55.125296 48.126468 54.586686 53.870172 50.573536 52.059724 53.545679 54.364982 54.878165 47.451429 51.730681 58.195823 51.096691 53.526088 53.202639 53.092699 49.996915 53.303414 51.174704 52.355484 51.716545 52.853804 50.334202 52.765009 52.265097 55.361371 51.112908 51.956470 49.771292 49.551911 49.092305 52.422915 49.520723 51.169727 52.405292 51.531200 52.222100 55.128632 52.619061 50.424716 54.760021 51.209852 56.053719 52.366049 49.627447 50.626441 52.070742 51.022780 52.329327 55.923844 48.856990 51.121318 54.320665 54.914338 47.497912 50.625740 56.032059 56.211051 50.315389 48.309988 51.856286 52.334148 50.012303 53.314083 54.959111 50.496752 48.968156 51.672496 45.671160 52.544134 48.026197 49.798796 50.943417 49.322655 48.678253 46.727429 49.394402 50.338408 51.013439 49.905442 52.395661 47.787316 52.599347 54.267912 48.594099 54.135518 50.392276 54.336273 51.824525 52.844184 50.669842 51.592286 50.387735 49.535556 54.231933 53.965660 51.149327 49.206428 49.504562 54.285477 52.519756 
51.987762 51.007946 45.707771 52.627883 51.455350 48.514669 49.370014 50.810979 51.770135 51.656530 52.788944 46.449135 49.968174 49.475570 49.890488 52.244390 48.731898 52.028763 52.051792 46.402644 52.060892 54.241119 54.224581 46.475257 49.167826 47.349066 52.306745 50.811992 53.530856 51.022783 50.314513 51.757862 50.288379 49.108668 44.877147 51.117429 49.264597 51.883646 54.227608 50.630542 48.176087 50.287868 51.921451 50.275017 55.977357 51.114314 46.455126 50.919255 45.127136 48.168287 52.629698 49.825060 56.142952 51.594689 50.232018 52.550693 49.843972 55.746780 50.645915 52.136718 49.586699 48.243414 51.371373 49.171672 52.196319 49.393689 47.658867 51.894748 49.542123 47.128324 47.768239 49.661978 49.107599 51.812001 51.313325 49.862442 50.779803 49.063557 53.323886 53.355495 55.790610 52.487958 49.030825 50.107983 50.701582 50.257760 47.536075 49.555887 52.472864 49.658935 50.493327 54.951107 50.628637 51.694392 50.782169 53.198457 48.452169 50.269845 50.644433 54.265502 49.101503 53.541408 49.129216 50.539861 53.668946 55.177659 50.036459 54.805418 44.873860 54.797213 54.895193 51.209874 51.830822 54.820832 50.252523 49.837909 52.046746 52.081987 51.029126 50.077052 52.135732 50.565858 54.284742 52.670944 56.194827 50.997091 49.440504 48.762311 48.511663 47.525297 52.260492 46.530115 51.494542 54.178601 52.957216 52.342347 52.786087 49.655314 51.685851 56.289463 53.295146 54.505887 51.169538 51.150655 51.419635 52.544554 48.897737 52.372069 55.839483 45.514096 48.982194 51.032597 54.356030 47.286117 51.345275 52.830002 53.333377 47.511039 44.137211 50.282161 49.480867 48.287157 51.110189 52.026031 50.292276 50.092791 52.170766 45.465085 50.646149 48.421828 49.470681 51.378283 51.847158 48.549778 46.099822 50.219855 52.003516 50.029104 48.129767 51.035837 47.480496 51.285053 52.096871 47.608348 54.878469 50.501521 53.433330 53.719453 52.246888 48.164125 51.622872 49.037703 48.214033 52.964401 54.602446 53.096069 48.741654 48.954271 53.274254 51.091415 
49.250418 45.523717 45.074293 50.043940 48.183793 42.071557 48.272494 49.065972 49.296080 50.749450 50.738837 46.345306 46.510310 45.509609 48.391988 52.879251 46.459581 49.564866 48.815006 46.122684 47.521698 49.613277 49.712891 43.607802 48.091771 46.760645 49.043326 45.357631 52.723299 47.361255 49.206871 47.491751 46.888048 44.706503 44.386018 47.402359 49.686645 50.450459 52.492235 48.375191 45.276778 47.805661 48.466569 48.828309 52.896881 51.263984 46.488510 48.402107 47.694676 46.249827 51.809962 45.167397 51.645327 48.352858 48.664067 49.412782 47.314957 53.616267 47.856243 49.631947 47.277717 44.456432 49.488116 48.854032 45.343423 44.931652 43.904603 49.563370 46.871941 45.404871 45.079399 47.242728 48.314263 47.960693 47.061728 48.588616 47.113944 45.762164 51.090417 51.933431 51.941708 47.979209 45.058666 46.513029 48.310312 46.802367 44.530702 50.006188 50.496022 45.014441 49.535322 48.498979 47.169244 46.969903 47.477103 49.961374 46.063580 46.745748 47.268445 51.281378 49.328344 48.978886 48.544781 45.619086 47.846862 50.345538 49.848406 51.357288 44.562039 52.880445 53.496903 48.805181 51.335179 50.574389 46.188843 48.023096 48.136068 48.652174 48.190926 49.399793 49.196924 46.682910 48.255182 48.587689 51.873675 48.417783 47.630632 48.281625 43.874062 49.669847 49.332536 44.932718 49.190405 51.987338 49.598176 48.434780 49.264430 47.639570 46.724089 51.566967 47.729723 54.194381 47.397742 46.067018 47.779053 51.567498 46.547355 49.227229 50.671914 47.630776 45.328624 47.387188 50.194781 44.287281 47.206124 50.123188 49.529481 43.862509 44.940440 50.288669 49.827061 45.872854 47.712264 49.108144 48.538106 48.582444 48.105575 44.244821 47.091079 43.700290 47.057963 48.702425 48.824789 48.584082 43.895719 47.966744 46.714173 47.416015 46.210369 47.811701 46.250725 47.774541 50.459215 45.717821 50.546666 48.102749 51.136863 49.361717 49.893634 46.839515 49.237513 45.860962 45.967414 48.822612 48.722569 48.938476 47.470002 47.654505 50.940822 48.240988 
52.348823 48.344797 46.442352 52.897412 50.608319 46.361649 48.198240 52.915882 50.462654 53.052603 50.052964 48.433050 49.841851 48.686772 50.564066 54.062832 49.293612 51.733372 51.100595 46.080949 50.523955 55.363300 53.031861 46.142315 50.435086 46.476078 52.138504 49.869049 52.719590 49.092443 49.741285 49.044600 49.838794 50.986190 45.896059 53.298631 50.226487 52.296667 50.754409 50.468484 46.757451 46.436898 50.612864 50.426858 57.978367 51.523011 49.954643 49.874180 46.904143 49.655452 52.341464 51.290506 54.736842 51.604604 49.490317 53.226548 47.016124 54.507647 50.004837 53.063649 51.755442 46.978844 50.225807 51.071268 50.605324 46.314519 46.569613 49.663313 50.103504 48.047523 49.708920 47.758624 49.199843 49.175093 52.507717 50.591879 52.853183 46.676515 54.197401 51.655882 54.654484 52.068102 49.513791 51.082605 50.798627 50.914272 48.247557 51.457757 51.913877 45.906063 51.508284 51.805597 48.288922 49.929266 48.743380 52.903642 45.249142 49.423962 47.711703 51.786496 50.847548 53.854012 51.314923 49.935791 51.685215 53.680461 51.255885 51.382351 45.959234 53.054265 55.635315 48.156661 51.032791 53.235812 50.212232 48.576180 51.074416 50.964935 53.475379 50.837114 52.031994 49.959107 52.169244 49.878754 53.361280 50.005724 47.962940 51.796379 49.056006 47.340916 53.185949 46.436836 51.542444 52.589207 51.791779 51.159882 54.154281 51.597848 49.986802 54.028986 53.160515 54.279669 50.541619 47.737346 49.282048 50.651628 51.010594 52.903918 54.038559 49.696442 48.820316 52.260670 52.438466 45.969885 50.648186 53.729332 51.538321 47.594560 45.268158 50.798405 50.110766 48.111174 50.052629 51.492424 48.232701 47.329862 48.976086 46.239858 50.525384 48.261836 48.834978 52.598038 49.280741 48.389786 46.006790 48.809498 47.449480 49.754164 45.713303 53.007601 47.242870 51.932041 49.025143 46.849380 53.662671 50.886749 51.861041 51.400073 49.951121 49.835425 51.437843 48.581475 48.473722 51.997186 50.656912 52.891678 49.774412 48.981534 51.793857 48.962496 
48.538570 49.314696 44.590417 51.729713 48.311669 44.645448 46.812622 48.402583 50.902913 50.653180 47.940608 45.261947 48.105463 45.458479 46.910884 52.408876 47.803294 50.588808 51.549915 43.482945 44.504298 47.673569 51.471322 45.896408 47.535439 46.533826 50.775028 46.972881 49.381053 48.114540 51.201460 47.755229 47.148762 48.148445 44.251574 48.288560 49.420558 50.051367 51.254028 49.018401 45.181092 47.732144 47.333120 46.802168 53.151846 52.659877 44.594958 50.450072 45.005473 46.193427 51.028751 48.592874 51.936190 49.380747 46.653645 51.665093 47.505637 54.243821 47.585525 50.342050 46.352836 45.930553 48.795115 49.265353 49.084180 45.332850 45.564456 48.881887 45.080258 46.761373 46.127813 48.190748 45.957683 46.755546 46.360443 50.545463 47.912503 46.950516 51.555472 50.651471 51.741606 47.905096 47.565259 46.320388 47.679528 43.925915 46.209731 48.815018 50.424456 46.040102 47.085573 50.371871 47.134232 47.806763 47.109490 49.691506 45.771260 48.314802 48.047313 52.115812 46.963834 51.760623 48.390918 46.540647 47.586778 51.557440 48.352203 51.572736 45.419929 54.230754 54.729248 48.734145 47.657352 51.111841 50.310690 49.740631 49.939048 47.329150 46.551433 50.672996 48.542746 47.362919 49.044439 47.061852 52.767624 48.459913 48.199528 47.303250 46.378333 45.831661 48.666662 43.533357 49.014096 50.674393 47.493350 51.102853 50.822105 48.761928 46.285722 51.556935 50.442444 53.410282 47.808064 47.332753 50.638951 49.372663 46.045464 48.661704 49.221850 46.879801 48.547889 48.473533 52.453360 45.877412 49.097782 51.018288 49.936403 45.202944 43.598864 48.405652 48.923832 45.254754 47.518315 48.241572 46.639488 48.459783 48.527366 43.812667 47.283066 44.666781 46.280868 48.676421 49.621414 49.633972 43.037164 46.871179 49.377806 48.607785 46.302057 48.488642 45.480165 46.798351 48.816891 43.542782 51.715947 49.600146 51.406666 50.748810 49.460402 47.254037 47.491825 44.924975 45.985201 50.116553 49.806284 50.741977 45.230521 46.040312 49.491708 47.425877 
51.014830 49.681522 45.761056 54.234555 51.240811 47.079531 49.342369 52.943273 52.741155 55.218901 52.396431 47.740535 50.982602 48.787212 51.632728 52.479918 49.686388 51.619822 51.331998 47.545138 47.432821 51.647779 51.813303 46.757225 49.905008 50.060714 51.923979 49.827854 53.087291 51.222628 50.730065 50.677744 50.869330 50.323320 48.287454 52.641388 52.628546 52.484740 53.780437 50.505821 48.711513 47.362785 50.758659 49.248332 58.699358 52.594248 51.553704 50.640930 48.837051 51.621960 52.701472 49.788241 54.433335 50.205819 51.706586 52.272576 47.856643 53.117718 51.384185 53.173406 49.993615 46.451359 53.717217 51.718191 54.027703 47.790119 46.664747 50.249199 50.155216 46.100788 48.018376 48.064519 50.972534 48.711464 53.759878 52.111823 51.324205 49.606693 54.376249 52.497620 56.831111 50.927482 48.688756 51.119505 53.527548 48.891409 48.789835 52.706174 54.394339 46.677738 52.602297 52.484847 50.019873 52.414194 49.291654 53.420146 50.088437 50.994336 50.894127 53.931248 51.347669 53.458275 52.686805 50.114840 51.084541 55.269155 54.173376 54.178060 46.983887 55.908577 57.261887 49.863703 52.338154 53.227086 51.460498 49.396583 52.515624 48.611655 52.446758 51.905435 54.060573 52.538049 53.194316 51.551591 52.424516 52.973386 51.939061 52.268768 50.364994 48.255651 52.108797 46.615869 54.030983 51.540572 52.304416 50.168909 54.926323 50.757474 49.900982 54.676014 54.854899 56.214555 50.244939 50.369262 50.099655 52.434087 50.619753 51.047148 54.675996 48.223723 48.819661 52.717870 55.233954 47.042423 51.410988 52.328065 51.588396 46.894531 45.535345 52.289282 51.734244 48.790962 51.860016 52.786755 50.102346 49.761784 50.884523 45.279261 51.126441 49.032700 47.684480 50.151568 51.833158 51.731967 47.639490 51.927853 49.384317 50.441611 50.551654 51.479833 47.443627 51.237810 52.872421 51.241807 53.173174 49.604159 54.684183 54.079996 51.095114 48.996637 51.095294 48.770766 51.636294 52.777205 51.157590 51.010227 48.636298 50.733451 54.546654 50.599075 
54.408641 51.978832 47.808455 54.737569 51.362188 50.703908 51.791177 53.373529 53.560911 54.247656 55.809461 50.097781 55.669958 52.613255 50.489175 56.216586 52.069993 52.236453 53.815545 48.789832 52.760374 53.563141 55.925580 49.522625 52.860810 49.487881 53.173094 52.939932 55.833670 51.708528 53.536804 52.373091 53.413625 50.559664 47.134906 52.951570 52.335122 55.841282 55.175503 51.973047 48.037248 48.647618 52.790367 53.532114 57.166997 54.699084 49.526615 55.289311 48.420323 51.255175 54.499100 52.223804 58.010656 53.514228 52.681392 54.221289 50.016360 59.287493 52.569858 54.852042 51.566148 48.953898 55.208311 53.115350 53.557710 48.530807 50.983569 50.399723 51.615851 49.797627 48.648802 51.337943 51.833406 52.574410 50.550648 54.168205 51.786164 50.719513 57.793889 55.848139 57.084122 54.083981 52.467949 53.594261 55.311707 55.065085 49.318454 52.678921 54.935392 49.644531 53.293775 55.327874 51.490468 53.863274 51.984657 54.527565 46.840124 50.978674 49.669892 55.286722 52.377569 57.742529 51.675581 50.518378 52.238279 55.075733 52.395998 53.752224 48.622447 55.214605 53.414990 50.979823 51.627049 57.493099 53.722224 52.515300 53.158569 53.116398 50.722953 52.484552 52.896742 52.452267 52.422567 52.651789 55.081244 52.670658 50.788247 52.004546 48.338971 52.176841 53.976752 47.741076 50.133470 55.766103 53.577297 53.135668 53.309776 52.797142 52.676631 53.364932 53.780363 56.968509 55.142244 53.256474 52.917405 52.150948 52.601975 53.935686 56.502641 48.164327 53.056210 54.175806 56.302265 47.726646 55.500246 58.298356 55.915950 48.325524 46.464761 55.130307 53.023534 47.658935 50.333173 54.020893 51.964030 51.817660 52.034561 48.638145 54.081211 48.274836 51.921508 53.830547 53.857871 53.074583 49.079576 52.019536 51.661124 52.448213 53.406831 51.050199 50.520881 55.799876 54.169459 49.352010 53.538482 56.793276 54.138236 54.109369 54.102769 51.486905 51.994239 51.045749 49.557842 53.505261 56.055714 53.020838 50.785253 48.905318 53.787758 55.003244 
52.407466 49.561496 46.397074 52.004891 49.908517 46.763625 49.747860 51.055647 50.553804 50.526371 50.525862 47.477139 52.748933 48.682204 50.585606 55.112993 50.914911 51.707983 52.583858 46.852937 50.175813 51.342379 52.883866 45.148878 48.848048 49.612206 50.814867 52.063807 53.307781 51.894577 49.947462 49.210353 52.005633 47.514981 43.427118 51.405445 49.932331 52.512473 51.356158 47.366563 48.163200 47.182094 52.000384 49.319887 56.888449 52.967422 47.678167 51.211940 47.828654 46.113875 53.114444 49.349211 52.573964 50.885218 49.515307 53.517368 49.162880 55.564121 52.129347 51.802474 50.831175 49.325186 50.287823 48.673043 51.426491 48.746040 47.253784 49.718762 49.715292 47.768524 48.494810 49.369949 46.958692 49.414750 50.010316 50.446372 52.316233 47.411066 53.444086 53.522975 54.775848 51.065942 48.476537 50.957492 50.953841 50.531078 51.460435 50.627764 51.568377 47.248426 51.307048 53.102342 50.647521 49.530297 49.265613 52.046943 48.605784 48.721958 51.698012 52.091877 50.369694 55.803825 50.651750 51.154080 53.972076 54.920528 51.021380 53.205529 44.387593 52.967383 55.550661 51.020337 50.726684 52.931845 51.259741 48.588109 51.740116 51.425461 50.153577 49.926711 50.796555 48.907560 51.460318 50.938697 50.836807 50.017372 48.908410 48.772415 47.935661 49.084963 52.321387 46.896033 51.146649 50.183211 49.810122 52.139659 50.965906 50.614932 50.796538 53.665493 51.695792 54.263148 51.209789 49.268259 50.069526 50.984919 51.062421 51.496137 54.119050 49.247025 53.623519 53.905741 54.540170 47.783548 50.981324 53.360962 51.765759 44.210332 45.115780 51.450537 50.092022 48.484182 50.872865 53.077614 50.683854 49.219394 51.701813 47.100135 51.083330 49.671007 49.398214 49.501010 48.658236 49.224346 47.689274 49.570777 48.683384 49.619628 50.269529 52.352555 50.341013 53.251344 51.794161 43.928513 54.562532 52.153994 53.020218 49.915806 50.277710 49.410490 51.209966 48.321786 49.432635 50.878370 52.321687 51.463202 50.239922 50.086756 51.559699 49.899234 
51.157502 50.322434 45.423588 53.187376 49.675977 46.059541 47.996084 49.235775 49.323977 50.117280 48.757810 44.866525 50.428871 46.870986 49.808517 53.447581 47.974167 49.390161 48.885788 47.782609 47.343156 51.557280 53.170580 47.591835 47.292527 47.555968 51.318821 48.433842 52.355010 48.965655 51.265337 47.376255 48.762335 45.296412 42.532674 48.954187 48.787938 52.773279 52.279214 48.908391 47.166631 46.762301 48.231880 48.432840 56.195520 49.468571 48.445062 45.803869 46.168367 46.976270 52.925255 48.858421 52.784527 50.392075 46.765008 52.769479 46.903500 55.118098 50.264347 49.299297 47.763057 45.591230 52.094155 49.816187 49.636541 47.858670 45.491196 50.425439 48.856231 45.771710 47.208651 49.478670 47.224104 46.155810 47.512027 50.205434 48.867082 45.657911 51.081732 50.809823 54.424847 47.787558 47.591339 49.399992 49.911749 48.430829 48.448072 49.996092 48.580872 45.941896 49.753609 52.474087 47.333090 48.766902 50.210415 50.404727 48.007708 48.442536 50.396181 49.790098 47.235277 51.656789 50.112626 48.807726 51.522232 52.938134 50.942718 52.432174 45.133169 54.287493 56.871401 52.426428 49.964374 51.587289 49.021090 49.979043 49.607141 50.345356 51.520220 51.235010 50.713826 48.002781 51.512457 47.681061 49.592617 48.445482 48.054975 47.735133 47.477916 47.657105 48.993017 46.022414 51.446710 50.034574 50.108768 51.730966 49.904862 48.619455 49.513760 52.962887 53.395175 52.931682 48.699345 48.622965 50.741606 52.579669 47.099970 52.789280 51.956659 46.394108 50.006434 49.351714 51.788459 44.434270 47.830925 49.052219 50.639742 45.774227 46.588346 50.833306 49.024321 47.126441 48.021263 50.020779 49.388294 50.255483 47.358824 45.993723 49.171101 45.202187 48.157235 47.349123 44.761988 49.749984 46.731054 48.501992 47.030532 46.378615 45.745510 53.710257 47.208685 49.445611 51.283528 47.120211 51.592304 48.226637 53.872897 49.646721 50.003586 47.647735 49.336726 46.806646 47.623319 49.462978 52.364673 49.503479 46.503344 48.119246 49.551691 48.801129 
48.451545 48.129233 45.941858 50.842610 46.579912 44.569624 46.680454 49.461288 47.654246 51.055916 50.315067 45.926666 47.886003 48.590814 48.271675 51.642293 45.848309 49.022532 51.243275 46.032511 46.479761 50.964315 48.438400 45.388311 48.135845 45.406096 48.485275 47.328461 52.090570 47.489495 49.558494 49.078376 49.479581 45.489050 42.813586 50.271775 46.942758 50.414610 51.289998 46.453466 48.930275 47.035631 48.854608 47.710818 56.887000 52.251628 48.145364 46.948169 44.933221 45.162582 50.830678 48.508242 50.338734 48.087436 48.169667 51.300122 46.041925 55.725772 48.497020 49.410215 46.514121 45.290769 49.793725 49.029209 48.969389 46.438640 44.786583 48.941746 48.929719 46.325771 45.755515 47.484636 47.296914 48.022500 46.985697 47.435238 46.157510 46.791327 50.503596 50.259015 54.153107 49.614469 48.844892 49.556602 48.094147 47.107422 48.181000 49.909093 49.306751 44.238111 50.089063 51.146363 48.845254 47.637109 46.737022 48.461614 45.217010 46.646798 49.348426 51.285270 48.371433 52.665071 49.117397 48.600068 50.771301 51.796099 50.333508 53.325716 44.183381 52.392402 53.999439 46.573305 48.345062 50.696692 48.894131 48.247442 49.992188 49.060410 46.649467 47.778905 50.363223 47.622718 49.279852 48.770421 48.786732 49.419611 46.941485 48.301405 46.689207 47.778728 49.084508 44.292215 50.537279 51.458157 49.747146 47.639256 51.140821 49.731710 47.617751 51.340341 52.698757 51.925199 48.431308 49.891022 47.938766 50.828766 47.572151 48.248266 50.568468 45.439369 47.373632 49.531997 52.803953 43.709819 47.874321 50.207318 48.088708 43.820844 42.834591 49.234991 45.217065 46.773106 48.755372 48.683166 47.750166 46.803085 50.303687 44.663562 46.728305 44.236972 47.616391 48.745729 46.945079 47.380860 43.970442 47.041350 48.395242 48.102114 47.135305 48.763529 47.471293 49.527844 48.052505 45.490724 50.021212 49.302698 50.850338 51.192221 49.262809 49.126170 48.054621 49.116194 49.061324 50.220661 48.625602 49.172301 47.110606 46.197984 49.814926 48.898157 
53.849479 51.392267 46.611739 54.459417 51.385580 47.746736 50.523463 52.966536 52.158631 55.636693 52.933272 49.297803 52.507853 51.529230 53.124948 58.520095 50.984563 50.855640 51.326016 49.412728 51.332872 53.184053 55.020389 48.883580 52.675166 52.182672 55.248098 49.073771 55.750825 52.866358 53.438553 51.930785 52.499376 50.794573 48.761553 51.031802 52.831329 54.529945 54.607438 51.031449 47.571816 48.736593 52.916039 50.372296 59.824742 52.218104 51.283238 52.277904 47.542714 50.010815 55.089518 50.906165 57.840079 51.901128 51.121386 53.637484 51.522235 55.558588 52.144569 53.999384 50.455936 48.351470 52.746912 51.315225 52.037930 50.554772 49.577131 53.022911 52.278976 46.742908 49.065022 51.156115 49.388113 52.806510 51.723742 54.910843 51.370403 49.968425 55.425047 52.176437 55.695620 51.675008 48.321841 53.032095 52.279836 51.495395 49.196793 52.477974 53.705558 49.547217 53.080959 54.603302 52.748119 52.726669 51.999705 54.891379 50.383556 54.293395 52.653386 54.023598 50.745013 56.280348 54.307527 51.848871 51.775950 54.820628 54.158303 54.636237 49.466461 55.769946 57.004489 52.340846 55.397244 55.421856 51.357409 51.542077 53.335248 50.025224 51.456904 53.253230 52.792279 47.856753 53.936299 52.045272 53.838694 53.259762 55.132358 50.351294 48.893766 49.541787 53.284675 49.741221 52.610996 52.349269 54.170684 52.829506 55.899045 52.038332 51.907332 52.718560 54.206453 56.762684 51.672449 52.111516 52.016361 52.523301 51.282875 53.879660 57.336227 48.556233 51.394006 51.980919 57.275487 47.762279 54.158122 56.197246 53.506816 47.196070 49.016642 53.323214 54.390185 48.602234 52.094836 51.987085 52.841900 51.450790 51.417625 48.598228 51.687830 48.860737 48.511860 53.201645 53.325314 52.758564 48.725629 54.416835 52.334634 50.838478 50.708953 51.668387 48.842993 52.774543 53.883154 49.465828 55.389526 53.812900 56.405252 52.701015 53.740639 49.159821 51.515300 52.547987 51.722959 53.687186 54.548330 51.547605 49.567219 51.376519 54.897440 54.469290 
53.154016 52.672178 46.757972 57.284555 50.283749 47.304962 50.568139 51.940220 52.404585 53.719954 53.834487 48.218765 52.230173 49.713793 50.012986 55.203214 50.907778 52.945984 54.069631 48.089369 50.757822 52.056771 55.555744 46.900502 51.016268 49.293745 53.025094 51.568164 55.013617 49.374258 53.557599 53.525325 50.461955 49.838162 49.293664 51.455878 52.749223 52.722039 53.380837 52.200149 48.854302 51.096069 51.372344 51.319701 59.069128 50.869008 51.617991 52.415591 49.526952 49.077360 56.334517 51.834736 55.869639 51.356588 50.634080 54.291451 49.767547 56.686389 53.807605 51.984825 48.589803 47.512947 52.114246 49.826988 53.371462 50.791022 48.717606 55.228008 50.051858 49.056978 48.548368 53.291257 49.596951 49.845713 51.425825 51.630316 51.453843 49.574487 54.671454 55.514163 58.797735 51.721235 50.440791 53.066907 53.158413 50.961429 49.053963 54.108539 50.477190 46.792860 53.415368 56.399953 51.817804 51.169037 52.239867 52.744824 50.151148 48.961082 51.103554 55.134485 48.337396 55.078958 54.339398 49.958063 51.685471 54.750422 55.043503 55.580905 47.274929 53.736198 58.170506 53.304554 55.099666 53.525413 49.271224 50.194009 52.817615 51.485554 51.340698 52.506489 50.957982 50.283849 52.866078 51.753143 53.732203 52.764680 52.820131 50.679376 49.816528 48.455416 53.786472 48.797294 52.269842 53.242413 52.734150 52.248916 54.499135 53.693267 50.660068 53.220317 53.311063 58.538052 50.147111 51.071041 49.632742 53.036583 51.425244 52.812672 53.459158 48.617506 51.761774 52.660538 56.403861 48.449465 52.112964 54.356154 53.374802 50.319342 50.504771 53.241435 51.201989 46.694687 52.692710 52.760417 52.566990 49.015803 53.564119 47.551169 52.815102 48.234338 47.764796 51.537567 50.761907 49.436059 47.056570 53.900296 51.615837 49.979488 48.872701 52.542526 47.943848 53.313611 55.833567 47.935701 55.624822 53.825452 53.464989 52.009985 52.462978 51.733092 49.967321 50.230998 49.889857 53.285457 52.877286 51.561629 51.451024 49.173405 53.212502 52.366653 
51.861091 49.960881 45.782595 53.889430 49.849391 49.701547 50.316091 51.690462 53.418241 51.419738 50.371144 49.650669 50.178398 50.435256 49.306220 53.600621 51.134709 51.778261 53.002872 50.173024 52.267925 51.343593 52.480115 46.928655 51.642122 50.101662 52.527141 50.448628 54.655528 50.073522 53.922316 53.503389 50.230519 51.596762 45.091946 51.177703 52.895397 53.815805 51.121257 50.676860 48.684811 48.329544 53.483670 51.214799 55.648612 50.085068 47.136431 50.875916 47.647338 48.337780 54.938057 50.269035 56.210879 50.932757 51.432029 54.517857 50.519756 56.087613 51.138689 51.630432 50.763974 48.923418 51.468760 49.571584 54.202498 49.910676 48.642036 50.876771 51.894041 49.582700 48.115311 51.334637 49.192454 51.686968 50.454860 51.035590 51.209575 49.656999 55.250124 52.731956 55.975859 51.845335 48.918840 52.895051 50.980349 50.193114 48.510101 51.200346 51.823493 48.523428 51.967060 54.269938 51.635727 51.901903 48.884973 52.549857 48.109927 48.635044 52.592329 54.640675 50.730350 56.361556 53.138536 50.309086 51.525172 53.259692 53.310773 53.070929 47.217119 55.140687 55.446889 50.281067 52.514901 52.952025 51.572307 51.576384 53.209421 53.254270 48.094590 52.722177 53.163486 50.685443 50.407753 49.999292 54.691931 52.792415 50.944129 50.010842 48.945989 50.557771 51.583369 47.453614 53.037714 53.244237 54.523729 53.305173 53.577042 53.331706 52.382546 53.164558 53.155851 56.396520 52.573668 50.888384 51.337789 53.459238 49.962286 52.335449 54.166056 48.430523 52.963540 53.061317 55.101007 47.437586 51.050132 53.638194 53.172622 49.277468 45.669444 50.659024 50.793419 49.587515 49.803328 52.499111 50.420934 50.878244 51.150503 49.298549 51.546889 50.269140 47.869722 49.556611 50.858296 52.492991 45.833849 51.143494 52.699477 52.045015 48.082964 51.151727 49.487551 52.067097 51.463423 45.068063 55.172659 52.746489 54.949101 52.004219 53.136409 48.915747 51.023602 49.757506 49.404624 54.142112 54.794533 52.517194 48.628774 50.437852 53.436231 53.109498 
50.465272 48.780361 42.406401 51.545876 49.631089 45.923242 45.974763 49.880609 49.889125 50.331490 48.882149 43.669918 50.627523 47.211412 45.897983 52.478567 46.434348 49.997998 48.322417 45.214720 45.657241 50.549385 49.142737 41.747496 46.883349 48.135023 48.863181 46.838903 49.323977 48.465909 47.020096 46.875518 47.476760 48.769278 43.838621 48.719201 46.170196 50.769492 50.510297 47.318713 46.393574 44.842913 46.367298 45.604655 53.923769 48.262008 47.142969 48.279521 45.026634 48.151618 48.943413 46.656800 51.246773 46.421800 49.355961 51.167241 46.431348 50.865305 48.124279 49.626661 47.767273 44.436809 48.705876 46.474068 49.399927 44.393446 44.324020 48.991918 45.566104 45.792943 45.103072 45.951348 45.110296 46.529802 47.057403 47.691997 46.743224 44.408462 50.309341 49.680160 51.062050 49.327230 46.646809 47.879970 48.561738 47.834852 44.378824 48.911090 48.597687 45.074948 47.796418 48.558527 46.804203 47.927332 46.242069 47.685405 44.183284 47.669063 45.488886 51.784334 48.914486 49.765310 51.729121 47.536530 49.322114 50.813723 48.603014 51.285177 44.844071 50.680755 54.726969 48.010310 50.269374 51.022809 46.544590 47.361471 49.774474 48.324754 48.205783 48.428823 50.081476 49.680308 49.930492 50.160239 48.439439 48.598767 49.501025 48.659556 43.717578 47.773421 48.824038 43.547806 47.911660 49.461577 48.515944 48.471121 51.122242 48.748542 46.083604 49.754238 49.125508 52.443493 47.296731 45.208887 46.900749 47.917407 46.479224 48.918856 52.381705 45.577259 48.347047 48.449806 51.821174 45.901065 49.242383 51.028035 48.172957 43.936768 45.734518 48.778179 49.348934 43.343136 49.119379 50.005260 49.268918 47.664979 47.308441 43.542252 46.701214 43.173408 45.833659 46.894286 47.202478 45.843177 45.944089 48.262225 48.986270 46.675216 46.118701 48.398891 44.460229 50.307478 47.773330 44.561849 49.868444 48.575961 50.375947 47.396200 50.714457 48.772327 45.286817 46.164967 45.507357 48.748570 48.671356 48.283109 45.868559 46.454245 48.899745 47.930728 
48.948826 46.403411 41.790432 51.849761 46.069447 43.616846 46.207866 46.747862 47.266327 49.392348 48.342317 41.785178 48.572548 46.187759 46.889372 50.754334 44.510132 48.098207 46.724845 45.118613 45.492465 47.835973 48.497880 42.399589 45.816584 45.675413 47.527369 46.592342 48.387437 45.875559 48.054184 47.598579 45.788973 44.608938 44.086396 47.765565 46.497119 47.540989 49.351247 45.417061 46.985707 46.834618 48.181342 44.597036 53.177337 47.026816 44.751104 48.998033 45.006779 42.424079 47.840947 46.644097 51.592674 48.454394 47.074276 48.167547 44.801658 51.697948 46.393460 48.078366 47.191755 45.775179 47.843879 45.468247 48.230469 44.061511 43.662400 47.588582 45.121984 45.348150 43.807568 45.404852 47.555974 43.864782 46.081817 48.466638 48.149950 45.728432 47.955473 48.968455 51.190930 46.169730 45.014608 48.458544 49.400137 46.501601 44.226774 48.156221 47.907028 43.906260 47.120328 49.542919 46.508840 49.842624 46.043504 47.264787 42.341740 46.591250 46.315857 48.929302 46.147867 50.439761 48.434024 45.389637 47.225950 49.734142 48.735548 47.001003 41.978741 49.938048 52.320783 48.054033 47.925816 51.496007 47.397071 46.247251 47.540031 47.342614 46.030272 46.642238 48.274979 46.302054 47.305094 48.629880 47.779451 47.890017 42.519198 46.947375 46.001469 44.054344 50.455280 41.822454 46.573014 48.491804 46.357111 48.492211 47.725288 46.125668 45.614834 48.870623 49.535580 50.605962 47.750038 47.457523 48.168770 49.701508 46.450374 48.440970 49.088774 44.230016 46.525404 48.716569 50.379061 44.512528 47.797230 51.275018 49.352877 43.377009 42.396591 50.260963 46.069203 43.352598 44.726344 50.137711 45.788871 47.418591 50.201167 42.468422 48.555660 44.751582 47.012530 48.814472 45.695709 46.380879 43.768037 48.068687 46.284310 47.659233 45.420241 50.243682 43.149120 48.156470 50.290111 42.624109 48.948595 47.329704 47.532682 48.495630 47.050142 47.099141 45.032478 43.837851 47.313115 46.626430 49.063983 47.783069 45.062707 45.861793 47.885657 47.201293 
48.884275 49.826154 44.665653 53.628920 44.812672 44.770666 48.245087 49.074915 48.735458 49.561263 49.499673 44.743231 49.583356 48.145468 48.155426 52.795148 48.246808 50.078959 49.132535 43.941130 46.466608 49.561003 51.661271 44.548742 45.814747 46.951897 48.955790 48.121601 51.429706 47.653443 47.482106 47.405501 51.123367 45.965708 44.056339 48.751083 48.257092 50.459942 51.035375 49.589468 45.690140 46.261859 46.710441 46.304115 55.875787 50.528947 48.104723 48.844279 46.875060 46.843846 51.308885 48.967750 53.008997 48.713898 49.315288 50.778227 44.437099 53.318037 48.900504 48.972833 48.743436 44.915940 50.749124 48.300724 47.675833 45.682064 45.173100 48.149525 47.839903 44.834491 45.345332 46.228892 45.522464 46.091802 47.235531 49.629048 48.549537 44.087191 51.500255 49.500654 50.806061 49.387234 47.908925 49.196248 49.045356 48.349832 46.792069 49.831855 50.838076 44.849782 48.228533 52.817112 47.056437 48.239643 48.792567 49.844064 45.200177 46.712180 46.068641 49.372457 46.255670 52.267137 48.887372 47.470878 47.841608 52.417594 49.603447 49.469148 45.713271 50.757504 55.348161 47.652812 49.477244 51.912151 49.612916 48.701318 49.551866 45.274380 49.391184 50.000205 48.891178 48.445677 52.013374 49.296145 50.020472 48.802958 48.471277 46.470735 45.294162 45.950523 49.849787 43.848091 47.089052 48.499939 50.242549 48.623554 49.492523 46.611475 47.459237 50.269946 50.959790 51.131253 47.501893 47.173341 49.533237 49.596135 45.310445 50.070085 51.372721 43.427510 50.393611 50.817442 51.742474 46.623175 49.153511 50.811931 50.397541 44.706125 44.180853 48.652518 50.651081 47.170588 46.379439 50.242870 47.096154 46.609348 47.230057 47.197305 46.019923 45.548579 44.928439 47.644377 48.919585 47.275899 44.704039 48.384916 47.756272 46.047143 45.466279 50.911521 45.429221 48.588278 49.856764 45.902972 50.448153 48.381378 49.682749 47.471520 47.819357 49.177010 46.971897 45.701614 49.075752 50.252263 47.183672 49.121779 46.022496 48.750397 49.980595 49.423143 
50.279075 48.714110 44.129960 54.251231 50.310379 48.182728 47.932752 51.663020 51.646687 51.050505 52.935049 48.981982 50.378108 47.603881 48.575347 53.543654 50.612621 50.829589 51.724779 45.131612 50.063865 49.707387 52.866936 46.652418 50.001186 48.640271 48.714655 50.407573 53.070939 51.590317 49.547530 50.446086 48.900115 49.018851 46.204538 50.024915 50.209751 51.955799 50.155051 50.575218 47.804000 48.679337 51.201406 49.449103 55.733054 51.478656 48.710447 49.510748 46.774222 48.182623 51.901747 48.619942 55.791179 50.722699 48.736738 50.915953 46.865525 54.487027 49.734566 50.848558 48.211230 46.185620 50.314760 49.191575 50.616311 45.439979 47.218807 49.476025 48.247096 46.415726 46.250591 49.869948 49.448449 48.071649 48.432951 47.452403 50.987902 48.014606 54.467473 52.557318 57.051925 50.267253 49.067229 50.041118 50.539866 50.480588 46.389552 49.234467 49.659600 45.586445 51.295086 53.771293 49.238094 51.992484 49.313084 50.856259 48.921979 49.116899 48.622214 52.237313 46.817969 52.827415 51.622796 50.232788 50.599961 53.638108 51.751262 55.583180 45.473463 54.219868 53.556575 49.878664 50.582317 53.613106 50.648832 47.712253 50.906994 51.565610 50.240723 50.818136 50.266095 49.493352 51.816394 52.079329 53.108823 49.433683 49.529191 47.553489 47.722892 48.830316 52.201535 47.042710 50.849512 53.344933 51.405532 51.066533 50.824645 48.994565 50.502657 52.669793 51.637925 55.722919 50.151305 50.245153 49.611340 50.405674 50.541225 50.658848 52.898273 48.415467 51.142601 51.544561 54.205555 47.964207 52.857357 53.016708 51.464424 44.400772 44.975417 50.172334 51.077882 46.918883 49.219556 51.509667 50.262926 46.579797 50.462092 44.236576 49.001872 47.360649 50.006517 50.815872 47.743592 49.483185 46.841622 52.701616 51.136481 48.811526 48.618676 50.668281 47.254202 49.973397 52.513975 45.059359 53.473816 49.200616 52.220562 51.681436 49.292116 49.130048 49.491205 50.802904 48.850571 51.783751 52.795568 50.321021 48.965722 48.952009 52.841513 50.472483 
53.455670 52.776747 49.307717 56.648661 51.544791 48.868917 50.359356 52.806241 54.693308 55.078064 54.886490 49.814219 53.064335 52.533842 51.341306 54.790917 51.538108 50.238878 53.581970 48.506253 52.278002 52.196029 53.649531 48.109486 49.393769 49.671903 53.608031 51.739727 55.466371 53.438997 53.184553 52.086845 53.443333 48.273819 46.895149 52.302818 50.560455 55.434047 52.377516 50.550728 51.233538 50.162551 54.159732 51.311346 58.798117 53.252230 51.097300 53.450048 48.399135 50.348922 53.914052 52.429204 57.390993 51.361087 50.985123 54.870375 50.566016 55.068070 53.392849 52.710911 52.389980 48.913458 55.126522 49.985645 52.355112 48.741183 50.228663 51.980291 52.203462 47.575695 49.266316 48.909407 50.268448 50.299138 51.298266 53.632622 52.732086 51.707914 53.954050 51.869694 56.716823 53.550358 50.668918 54.728319 53.198111 49.969169 51.095584 54.931366 54.245896 49.723447 52.528000 53.858055 52.094278 51.824608 50.167290 51.858724 46.773531 51.694394 52.609904 54.401449 51.876842 56.523705 55.492764 51.455304 51.955904 53.013356 54.564326 55.506194 48.690968 55.799167 58.083105 53.446746 53.807274 55.040535 53.486592 53.423263 53.248445 52.481294 50.740355 51.954521 54.379584 53.230353 54.914584 53.596535 53.753512 54.086833 52.565172 50.852186 48.613331 50.886455 52.819095 49.846885 52.571806 53.590125 53.695546 53.843069 53.941961 52.547541 49.834878 55.043221 54.419109 55.450030 52.661197 52.824706 52.289672 54.492478 52.326101 54.009474 55.489525 45.832453 51.422891 53.905783 56.495805 47.247007 52.245971 56.926319 53.262948 47.913864 49.586870 54.633648 52.892060 48.780162 50.985598 55.655147 52.529469 53.341317 53.281751 48.150473 52.718638 48.814986 48.339506 52.726488 52.701608 52.492597 47.902423 52.654735 50.055261 51.608541 50.098109 51.492005 51.140525 54.609234 56.811314 46.133605 56.041304 52.923661 54.590388 54.653260 52.664649 53.189465 52.316216 49.527730 51.442816 54.034459 53.324005 52.635421 49.670385 51.606872 53.605516 54.476068 
45.645083 43.243688 42.096901 47.843977 44.015987 44.124319 42.844540 46.883985 45.323630 46.589824 45.624728 40.820245 44.156104 44.178677 43.140535 49.562191 44.196718 46.294185 46.774450 42.438705 42.717400 48.165120 47.194327 40.018153 45.814527 41.473564 46.635174 44.224585 48.005461 45.166674 46.260515 45.157964 43.902156 44.584614 40.647706 45.374301 45.061308 46.039023 44.847256 43.992807 46.002805 43.756394 45.883919 43.725766 48.163517 46.986065 43.197210 45.116837 41.129271 41.763019 46.548506 45.057765 49.479755 47.232407 45.731536 47.805298 44.595114 49.914273 47.484220 44.653414 44.859540 43.300879 46.135078 43.826642 45.659348 42.595045 43.223093 45.708756 43.630097 43.987367 43.766091 44.201640 43.562845 43.893622 44.823292 43.259736 46.481294 40.892349 46.397319 47.913734 48.708460 45.165968 44.846727 44.801556 47.326128 44.320663 42.478055 46.062023 45.247337 43.259570 46.776591 46.434253 43.459147 45.433234 41.803510 47.126284 41.014066 43.345078 46.006761 48.685212 44.543055 48.307975 46.863158 43.842572 46.990088 47.382067 46.709988 48.664410 43.044225 46.477155 50.336568 45.021073 44.953223 47.506622 44.916524 47.349558 46.948899 45.110897 43.234647 46.017827 47.687865 44.507772 45.786731 44.289356 48.345123 43.567967 43.601859 46.847910 42.642330 44.829167 45.158721 42.068439 44.843100 49.963530 45.565258 45.213743 48.381269 45.500480 43.748338 49.925420 47.119438 47.290372 44.618637 42.103524 46.973025 46.547837 45.505800 48.786969 47.445904 42.916075 47.213590 46.692550 48.219137 42.707038 46.580506 45.206928 46.857071 40.434587 39.837465 45.618435 44.666209 41.452169 43.735211 46.037209 43.159467 43.887841 44.752881 40.717247 43.776124 41.992890 46.151112 45.692664 44.588327 46.202512 40.414667 44.929695 43.876227 45.816494 40.473123 47.992287 43.720029 44.467562 45.801785 41.948544 48.148305 45.974702 46.869864 48.298290 45.435530 44.678578 45.067788 42.452086 44.640416 45.214474 45.659075 46.463150 42.373822 43.621795 47.938401 46.601619 
52.697782 50.143288 49.166324 53.065963 50.865688 48.203246 50.025998 52.185435 51.137432 54.693543 51.684010 47.636853 51.902675 47.348284 47.897997 54.247722 49.732206 51.459124 52.971051 47.961542 47.745240 54.337056 53.899273 48.716037 49.739434 48.204959 53.401577 51.241568 51.901390 51.665853 53.755716 52.113265 50.597866 50.367121 45.491403 52.049819 51.142004 52.181462 53.947328 50.141924 50.915235 46.216398 51.428784 49.543639 57.291449 52.529076 48.341131 50.715296 47.841012 48.363776 50.508604 49.030536 54.931193 51.153848 51.403739 54.490192 48.967216 55.781131 52.960883 51.861720 51.437547 48.280376 53.378932 50.703539 55.459625 47.695819 49.021652 51.049887 51.178276 46.654647 48.258076 49.312319 50.025190 50.479343 49.760134 50.354091 50.147938 47.573943 51.661196 52.192503 56.325655 50.657367 50.366589 51.134580 50.395932 49.130782 47.714642 53.124933 53.504579 47.569875 51.466147 52.486429 49.133629 49.891994 51.405697 53.686472 48.303673 50.243440 51.876404 55.383333 49.295303 55.082521 53.175399 52.368312 52.902965 54.115670 53.338174 55.108792 45.948742 53.842196 56.542799 51.707231 51.008881 54.501304 51.615212 50.826713 52.862629 52.679014 50.505428 49.851552 54.549847 50.885177 50.345611 51.039843 53.806071 51.136468 49.786155 51.253117 49.105800 50.397268 53.209355 48.306356 52.552327 52.986307 51.252378 51.430767 54.491920 52.610584 49.540329 54.941722 55.749976 54.498138 53.361257 49.181384 51.254388 52.535712 49.458595 52.462652 54.627389 51.049871 48.824629 50.609232 56.552712 48.050648 50.827268 53.834865 52.544758 48.190320 45.966171 50.987491 50.914077 47.495117 49.759926 53.289490 50.793745 49.464005 52.377832 46.233867 50.104696 47.992563 50.304848 51.030755 50.313140 51.295188 49.011026 50.030129 50.529150 51.183630 48.400609 52.638472 48.141702 51.958847 53.644476 46.105998 54.657490 50.117810 54.362891 54.192629 53.999399 51.089248 49.623488 49.700453 49.456767 49.990101 52.561630 54.811892 47.766127 50.533717 54.521273 51.954196 
50.797958 49.582857 45.102661 55.579075 50.621215 46.313835 50.245330 50.677301 55.133491 53.888666 52.797998 46.353394 53.523875 48.935946 49.482401 53.527421 49.727367 51.470746 51.044392 48.442366 48.153547 49.275921 53.243556 47.472564 50.980573 48.367178 52.159827 50.772265 54.697433 51.689532 50.548581 49.700343 52.543099 49.222409 45.544788 48.794792 48.765927 53.628830 54.764807 50.600609 48.867246 49.763238 51.154113 47.173013 56.127918 53.141929 49.054011 53.014163 48.446801 50.272323 53.421494 50.991558 53.703801 51.417689 50.434777 52.032663 49.334832 55.436533 50.496921 51.990062 49.043388 48.211829 50.384286 49.566935 54.678114 50.987244 47.481358 51.799241 49.261213 48.544561 47.653704 49.731697 48.799487 48.273911 47.612495 51.259666 49.914908 49.085249 54.366279 53.969257 55.923400 51.436389 48.443726 52.517982 51.847646 49.371136 47.708617 51.502818 52.365970 47.838101 49.638329 55.555570 51.168876 50.633968 49.791620 52.308383 48.209067 50.675753 50.904924 55.772737 49.112213 53.612864 52.053652 50.667516 49.755394 55.293514 50.207624 52.891510 47.865292 56.062822 56.075511 50.416946 51.393585 55.644099 52.826948 51.332282 51.525856 51.482792 50.821036 51.864776 50.659609 51.019776 53.010128 51.610148 53.785058 51.075945 51.821685 47.918409 48.005217 47.598425 52.856258 48.743709 49.381499 50.732951 51.950405 51.604970 52.309121 51.523959 49.436747 51.982642 54.526316 55.052037 49.901277 50.620372 50.599214 51.581897 50.557869 50.896775 55.540791 47.631581 52.700961 53.770172 54.990337 46.879036 50.383165 56.175037 51.631045 46.536076 45.609562 52.580692 51.590613 49.386758 51.021296 52.410092 50.761929 50.953344 50.538403 45.018996 49.764077 45.662770 48.191771 50.485245 52.387496 51.852587 46.970935 50.293996 51.030051 49.196033 50.186542 49.336108 48.511445 52.668316 51.789065 48.214898 52.830846 52.716503 53.077913 53.260254 50.914955 49.942875 50.013860 49.127543 49.828367 52.584113 53.374977 50.893753 47.212179 49.213298 51.540593 50.665628 
