200
51.295352 55.597491 48.632012 50.911289 44.801887 50.726188 49.247238 50.059067 49.607727 52.941626 49.203737 50.002586 53.425360 49.086611 53.228601 48.817794 47.601815 45.931107 49.811868 48.813149 49.787852 50.869130 48.294274 50.256898 52.606428 51.963769 50.773902 48.349787 47.480557 47.412214 47.022351 45.581124 49.950592 50.561976 50.999855 51.116869 49.099531 49.514665 54.391737 51.418706 51.686130 47.049072 49.099002 49.411638 47.857980 51.460497 51.989316 47.217652 51.514797 49.453338 48.528850 46.483716 54.999889 43.963339 51.313332 52.137850 50.437504 50.047904 49.549182 48.167693 48.207224 53.175612 48.167273 47.937714 51.942975 54.287510 42.690712 50.060252 50.289689 51.133546 49.397440 47.899502 42.738217 43.684672 48.023283 49.634024 47.122012 52.563735 47.456781 44.299755 47.207570 48.461850 52.995399 45.786341 50.256516 48.811877 47.138050 50.596271 53.116914 48.818750 47.332764 49.126685 50.477579 51.213141 53.273290 49.997057 47.666499 49.317448 50.945967 45.560123 50.527071 51.638490 50.357467 50.916898 50.839341 51.477540 48.348775 49.122957 47.106359 46.988894 49.412269 50.487980 48.736233 54.195423 53.852659 46.214775 50.452748 49.537954 49.590602 49.229645 53.620197 50.317960 50.220448 52.782231 51.362184 52.510919 49.089764 49.675299 52.053297 47.181057 48.324888 48.213390 53.191625 50.244527 48.158355 49.902031 53.903278 49.739787 48.244272 46.940338 48.181966 47.239349 50.877719 50.265676 52.802553 51.829036 44.768435 52.424058 49.766299 53.145629 54.329820 51.677398 51.584004 51.875850 51.537757 48.288810 47.673559 48.024398 46.472633 48.947404 51.994679 50.703803 50.019204 50.048046 47.012469 48.575084 47.044356 47.830314 48.374132 49.579776 48.035444 50.677720 46.238634 52.607649 49.624091 55.006527 49.465813 50.015856 50.144543 48.647299 55.708823 47.442895 51.758848 48.084791 51.506872 50.014889 55.176010 50.618542 47.739064 53.014615 49.961920 51.325359 50.128884 51.287672 48.644641 54.959580 46.151953 47.681494 55.901449 54.289278 
50.674135 56.068101 47.787246 50.100982 46.012271 51.840804 46.962748 50.423732 50.196733 52.836782 49.802111 48.046744 52.714735 49.871762 52.886661 46.786564 48.446163 45.873284 48.631169 47.655379 48.019344 51.357131 48.423076 49.227205 53.307996 49.320520 49.728170 48.666401 47.139536 48.014852 45.092372 47.983082 49.516179 49.385092 50.451623 47.400205 47.585299 48.465681 53.288534 48.910241 53.014307 48.870108 49.259942 47.360311 48.649479 47.438302 50.351184 48.782824 50.300801 46.484009 50.242118 45.961041 55.583222 42.551573 51.509363 52.449996 48.835256 47.541784 47.722195 47.618898 46.539055 52.637515 46.877513 48.752634 50.590089 54.142531 44.737730 48.432147 49.614975 50.698074 49.851640 48.051813 43.882068 46.023589 47.608893 50.651268 48.081026 51.944300 48.006492 47.361189 44.310073 48.289601 50.927025 43.911957 51.831963 47.632907 48.753765 52.257143 51.075866 47.959854 47.716075 45.243526 50.673886 50.395595 52.579027 51.622795 48.244519 50.653512 48.370715 46.511401 50.821261 49.438322 50.882798 51.401663 50.386824 50.090026 46.347128 47.620092 46.071886 46.644662 48.319106 50.569282 49.443719 53.996528 54.415150 45.543573 51.995543 50.613367 47.245702 47.793217 56.129305 53.671238 50.379861 53.419898 52.373227 51.314041 48.457968 49.081820 51.460567 46.611670 50.260208 48.539735 53.518807 49.320621 49.016659 49.583729 53.834036 51.957319 52.016137 46.247555 47.326703 47.995739 49.996333 47.030723 50.274208 51.733607 43.328069 51.978605 50.790126 50.456031 56.199831 52.835667 50.819145 51.511623 52.497473 47.744008 47.724895 48.333699 46.614636 49.229817 51.060380 53.863642 50.685216 46.514605 46.357159 50.102243 46.617314 46.527977 47.677849 47.581419 48.032695 52.049615 46.956119 51.459043 48.029048 55.724908 49.417814 49.154907 50.156087 50.324601 51.189925 47.815443 50.196599 47.369350 50.389112 47.104590 55.002345 50.670576 48.694215 53.287067 45.420195 51.009506 50.528606 53.139843 46.335251 56.109981 47.987937 48.428340 52.678903 52.755453 
51.064798 53.906829 48.458654 53.386860 45.837168 49.325994 47.995259 52.029574 50.209572 53.987085 50.476527 50.880383 54.108317 49.525584 52.271021 49.746404 47.645902 47.917190 47.134770 49.174291 47.234026 52.956519 46.178564 50.200750 52.798772 52.355533 52.110771 47.318068 51.152313 49.780527 49.985227 45.746402 49.111185 49.048598 50.234756 49.153165 50.715815 47.457925 51.976588 53.063803 51.296394 48.512086 49.577365 49.725523 49.083403 49.711340 52.375777 48.021790 49.682852 49.951987 50.302674 48.152926 55.391864 45.722139 51.335256 50.588541 51.453933 49.860438 48.604862 46.513211 47.688828 52.711248 47.306017 50.434019 50.933614 51.186153 46.514373 50.175134 48.874791 51.711094 49.967669 49.891822 42.366558 46.462378 50.081264 49.848952 45.443746 52.406846 46.548579 47.232541 47.396429 50.296551 49.573283 47.775315 53.076318 48.656693 49.078210 51.305084 50.774930 49.062299 50.657293 46.122111 51.408116 50.960090 49.752023 48.160772 49.074459 50.447471 48.615004 47.124506 49.648264 49.014016 50.755236 53.079436 51.586529 49.119742 44.688260 48.670224 48.199147 44.930392 50.312960 48.960159 49.369987 52.414215 52.214898 46.872302 53.360358 50.421383 46.879794 48.700653 52.168788 53.089009 48.014294 51.358961 54.218818 51.411010 49.145180 48.329609 51.383180 46.957352 52.265155 51.833130 54.730903 51.239437 48.590749 53.046096 54.805622 51.881995 53.209445 47.361644 47.825485 45.294949 51.498692 49.110677 52.938260 52.967622 44.431287 53.836080 48.728286 49.224374 53.456853 49.302743 51.191801 53.456921 52.971225 47.246021 48.301415 48.439661 45.508851 48.158061 51.707514 53.955893 50.333873 48.254735 48.544086 51.075391 47.781273 45.745228 47.988574 49.883152 49.103189 48.255463 48.854117 52.926948 48.806979 56.181748 50.083479 48.859276 48.566923 50.074961 50.750872 46.935694 51.360815 47.161510 52.284442 46.870393 55.956956 51.231540 47.642484 51.375349 50.732459 53.287990 49.610339 51.899613 49.652090 56.101380 48.809943 46.460381 52.182251 51.087246 
52.932746 55.509128 48.405964 53.203160 46.261354 50.990230 49.882092 51.507057 51.412990 51.528889 50.354340 52.081388 53.424707 50.285022 50.781841 50.282804 48.998558 45.829630 51.315780 50.297102 48.482556 50.234638 47.389800 48.432697 53.570820 52.536096 51.044060 47.729965 49.493545 47.339061 48.330021 48.588171 50.439073 49.908316 50.810388 49.934786 49.084526 47.980222 50.795444 52.385233 51.727021 48.100268 49.419896 50.889630 49.197882 48.459972 52.303643 45.923542 52.076432 49.152429 48.797276 45.395587 52.728234 45.748945 51.872082 52.331541 51.410403 46.122207 50.505279 49.021013 46.912107 51.755419 46.094112 48.893695 50.713645 52.177038 48.258180 48.700260 51.157262 52.846241 51.546845 48.774926 45.255050 45.417107 46.924813 53.565003 48.294870 51.789175 50.052777 45.227549 45.680657 49.759149 49.922020 44.569944 51.297997 49.307107 49.644581 54.920770 52.914972 47.663269 47.254941 45.781403 50.703898 52.734168 50.949712 50.651502 49.344836 51.514353 51.319584 45.160862 50.650813 49.433630 53.270389 51.925457 50.400067 50.042149 46.485555 48.819042 46.949271 46.156946 49.384944 52.505671 50.558489 51.572931 56.613807 49.089980 53.477313 52.483780 50.133125 48.571118 52.637421 51.729965 50.876449 49.689926 51.095968 50.584788 50.020520 48.187852 48.508487 48.156634 48.021001 48.735059 53.101001 50.974660 47.014111 51.616368 56.165621 51.730029 51.297274 47.866531 50.604591 49.299827 53.153418 49.880780 53.650610 51.889543 45.012125 53.850717 50.365296 49.734053 54.464135 51.351648 53.348368 52.286380 50.386605 49.019743 47.190443 48.748296 50.268145 48.683484 49.909573 53.403575 50.084665 47.930740 47.617901 48.107798 48.883415 47.612307 49.252108 51.478606 47.903947 50.742833 47.543205 53.061425 47.992926 55.927539 51.081512 49.377527 49.202714 49.820011 53.826725 48.984263 51.891735 50.526826 50.614137 48.028809 53.670754 50.829484 48.471124 52.143471 47.318109 53.163456 50.843516 56.036422 48.437473 56.936263 49.565559 46.529896 54.542193 51.298780 
48.800115 52.868142 44.441871 45.886059 42.826788 49.945469 45.075998 48.871802 48.634412 47.796885 46.768991 48.156472 47.560422 46.267149 49.834740 43.195194 46.993640 43.549385 48.214135 47.444474 46.880472 47.895418 44.490665 46.967026 49.927880 45.387756 46.906139 44.090835 46.643408 43.564130 43.832325 43.524485 44.525101 46.615981 47.487106 45.400229 43.038014 45.178163 53.112228 45.964662 47.154154 46.353028 46.513898 48.107959 48.092867 46.648248 48.660325 47.353044 48.154031 46.344099 45.535995 45.285352 50.181857 42.968744 45.290506 47.983641 48.475754 49.107658 45.947872 45.171606 44.657085 49.756750 46.197858 47.315382 48.091515 50.001679 42.174504 48.422392 44.984419 49.973455 47.817778 44.769557 40.148156 43.784312 46.657078 46.388762 44.641411 51.081231 47.072366 45.830588 44.211106 46.980316 46.798271 40.021568 49.211671 44.900153 46.878942 49.095950 49.090488 45.844714 45.111414 44.308090 47.334802 48.186718 51.208951 46.624131 45.579577 46.350484 48.042553 44.934940 47.191857 48.541734 47.328310 46.964488 48.712092 49.022358 43.585358 45.686647 44.578307 43.247691 48.595122 49.572199 49.647318 47.870172 50.665660 42.738162 46.019561 49.446686 49.145234 44.839106 50.617267 50.714288 47.283150 50.741791 47.669662 47.945892 46.157318 46.365959 48.162812 47.764357 44.745590 47.512025 48.354616 45.616368 46.505840 49.235498 49.880959 48.948415 48.550399 45.150876 45.606031 43.585296 50.022862 46.269604 50.623121 47.548506 40.227057 49.402438 47.653823 47.778014 50.423464 46.792279 49.123033 49.083718 48.053146 45.386470 44.205045 47.838286 44.614845 44.000161 47.615032 50.391436 47.630896 46.816141 44.001303 47.141227 45.992367 44.781980 45.111758 45.633490 44.299942 48.031431 45.426501 48.277313 46.452567 52.569964 46.331379 47.196316 47.083093 44.930043 51.967433 44.776981 48.408495 45.872498 45.683473 47.667218 51.378180 49.618868 44.283253 46.250568 44.545770 49.400611 45.596198 50.215859 45.753460 55.368490 44.014797 43.962113 50.648260 48.158034 
53.153521 54.352365 48.846531 53.776043 48.168105 49.536153 47.739554 53.654943 52.232863 54.511230 50.986412 50.033674 55.497375 50.760530 52.270298 48.522656 49.133075 51.261016 49.771757 52.598694 49.805428 52.967680 49.764938 52.266482 52.573428 50.839601 53.431294 48.255126 47.121626 46.113942 48.817108 47.344710 50.493895 50.745441 53.231592 51.044144 49.304180 49.760954 56.159625 50.642082 52.873088 51.167261 46.271297 51.518141 50.046424 51.584782 48.040832 50.020268 51.234147 51.169639 50.668315 48.588457 54.218814 44.162828 52.453714 52.177035 49.665747 49.863111 48.384014 51.436138 47.800708 54.801367 49.617965 49.353552 50.464446 53.204927 46.005121 52.638744 52.263890 52.067844 52.903865 45.207747 47.085432 47.403343 48.246906 50.983786 46.593132 55.707399 46.377011 48.054990 46.937661 51.146822 50.312950 46.224136 54.257655 51.259569 52.367271 53.771822 51.049330 51.078337 48.967897 48.045246 50.352473 52.457822 52.902453 51.908017 46.781617 48.903694 48.164360 48.947575 51.266163 51.498261 53.275260 52.086411 53.068551 50.448139 50.333684 47.425407 47.212859 48.252022 51.159590 51.020552 54.182767 52.944479 54.802293 46.572063 50.603727 53.995873 50.445416 53.255499 51.907393 51.843031 50.422346 52.611623 53.461812 49.930275 48.260851 49.408033 49.559540 49.381186 49.065185 50.384764 51.253875 49.404527 49.205954 50.057444 54.128803 53.402420 50.553282 48.080085 49.479148 48.858596 53.191601 48.332196 52.111922 49.694133 43.997667 53.066788 51.383769 48.961269 52.233267 51.200165 50.398461 51.846073 53.127987 50.047050 47.827510 51.220135 50.377434 46.977937 50.011145 53.289931 51.858559 47.654426 50.027802 49.786323 46.050764 45.981591 46.417626 49.198122 48.805732 48.928297 49.630782 53.578171 48.390057 55.549590 49.208311 47.558037 51.909819 50.967058 55.869172 48.269923 49.232038 52.371413 52.903902 48.582914 57.112145 50.652714 52.189618 52.760665 49.190041 52.631640 48.357230 53.619001 51.504379 57.880285 49.716855 47.623189 53.885159 53.234042 
50.209407 51.662048 47.016754 49.992244 46.568611 47.514489 46.388953 50.160766 49.427546 50.213209 49.327971 50.257701 50.914750 49.894031 49.797553 46.924304 45.957191 47.894002 46.774351 47.483861 46.899316 48.266550 47.180744 49.352493 51.771657 49.746178 51.091184 47.006946 47.405508 46.480055 45.699997 46.519674 49.349185 45.400136 49.430075 48.492787 48.786786 48.762404 50.927728 50.043604 47.559646 48.913606 48.507288 49.734503 45.878815 47.582050 48.761782 46.135060 51.171121 50.703913 49.167111 48.961360 52.780916 42.428693 50.362518 49.154546 49.785815 50.990796 47.913343 48.312521 45.648680 52.407197 47.798942 50.684098 49.068178 52.200199 42.130735 50.020935 49.815518 50.471589 48.096466 46.871008 43.544172 42.480972 47.360040 49.682073 44.848572 51.971796 48.002666 44.274406 45.594167 50.220525 51.901386 43.933664 49.511139 48.701086 50.967343 51.687820 50.185740 47.703348 46.812622 47.249164 51.766388 50.186667 50.040982 50.120489 46.411190 47.518856 45.648177 45.803787 50.824882 49.467677 51.255431 51.679256 50.001762 49.068505 46.879718 49.389345 45.454203 45.834981 49.438196 49.996119 49.128971 52.660425 51.716675 44.093527 49.784266 47.951172 47.790123 47.810528 52.082169 48.859447 50.526199 51.029909 50.057508 49.605304 48.176636 45.806141 49.220378 48.895361 48.498399 48.166782 50.952149 50.094451 48.018293 49.849828 53.286651 49.329541 50.604024 47.469562 48.582606 46.834688 51.813675 46.690903 50.378964 48.307389 45.267718 51.968261 49.602595 49.938598 52.270113 48.947172 50.804873 52.647083 53.152988 46.111746 47.256550 49.170327 45.895763 46.108390 49.350686 51.051782 49.601826 47.139617 45.292693 47.319646 45.227312 45.325072 47.939031 49.228761 45.474726 48.686852 46.125891 49.977858 49.305396 54.376280 49.976437 46.449213 49.497349 48.629286 53.508663 47.582050 48.743016 46.495331 52.890550 46.330879 55.499391 48.305941 46.925337 49.766719 48.556549 52.187818 49.238506 51.053223 47.710594 55.728940 47.479308 45.252250 52.610200 51.826535 
50.681208 52.254957 45.712724 47.296477 44.744341 49.046780 49.139925 51.277205 47.930761 49.902170 46.743214 47.544913 51.654169 45.665675 49.471400 46.602392 44.745782 45.770326 47.833741 49.180710 47.523994 46.149206 46.154230 48.002758 49.241007 48.952618 49.264693 44.171942 45.865582 45.486548 44.925795 44.053725 45.766531 46.538853 50.975243 47.313783 48.460707 48.427440 48.914841 49.071580 47.634123 49.415110 46.527253 48.795594 43.177703 46.277928 48.009925 47.671457 47.292230 46.118495 47.329743 45.409440 51.765560 41.679561 47.885062 49.648219 49.139117 47.915279 46.487823 48.218683 46.432384 47.948319 45.940964 46.240480 50.110002 51.533066 42.699524 47.930546 48.749280 48.816941 48.705394 45.988851 42.927341 44.115086 47.598762 47.012631 43.521850 49.119408 44.844752 42.705623 43.844060 46.762088 46.819229 44.517412 46.993587 47.624660 47.864063 51.194440 50.017120 46.506139 45.395708 43.675514 48.779086 50.537202 48.752989 47.460637 44.324275 46.927491 47.022887 44.594489 49.231010 45.811410 48.280173 48.873581 50.162276 46.795627 46.331268 44.722298 43.402630 44.273473 46.514995 48.020096 47.994939 49.730349 51.434029 43.126083 48.037996 46.024568 45.645244 48.765880 50.015849 50.783690 46.135281 46.442133 48.530044 48.732924 47.333668 45.738636 47.772218 45.692081 45.206443 47.502555 47.948317 47.367542 46.568782 50.200500 50.086515 48.130202 45.591351 46.762819 45.392025 45.030316 47.700565 47.541348 49.951965 47.628710 42.207786 50.561158 48.042773 48.798345 52.156051 46.404253 48.622095 50.658941 49.595623 45.393183 44.111763 46.812521 44.485069 44.981384 47.253133 49.795158 46.963939 44.504030 43.067664 46.403169 46.595767 44.285617 45.708801 48.164068 44.993011 48.103024 44.157455 49.326115 45.812265 55.103707 48.268619 45.955604 47.117848 45.594711 51.650461 44.734493 49.079574 45.854484 50.807682 47.859497 51.818694 47.994151 46.070847 49.526772 44.676921 49.776328 46.621568 50.565642 47.444145 54.588398 45.061736 44.052788 50.397069 50.664030 
53.763874 54.411938 46.909535 51.895463 48.039999 50.483574 46.113682 54.315209 51.618289 52.685770 49.612022 51.009018 51.312125 49.206258 51.868455 48.630416 46.700465 48.476128 50.636315 49.779408 50.696819 51.859657 48.079597 49.326931 54.681310 49.957496 50.306492 49.977052 48.554153 45.799487 47.559539 48.037565 47.402367 49.760868 50.586356 50.648591 46.464859 49.700818 53.585645 49.528069 50.563889 51.907394 50.162453 49.678647 48.833315 49.239582 51.649907 48.303279 51.433415 50.566836 49.359620 48.341205 55.462991 45.050621 51.312764 49.838220 49.940362 48.987709 49.842102 51.072997 50.088261 53.685958 49.746158 50.528063 51.077053 54.682771 47.125960 50.610708 47.400651 53.361937 49.559063 49.288712 42.629114 46.015527 45.846305 52.195189 48.283026 52.357583 48.313696 44.808576 46.236376 52.887387 50.234040 44.356033 52.683927 48.276174 49.207871 54.159289 52.804743 48.338122 46.949260 47.514191 49.492656 50.633717 53.215913 51.567699 50.407433 49.408040 48.987030 47.504434 51.207016 51.906607 48.852299 51.985552 52.720003 49.906690 47.226652 49.344503 46.421284 48.818146 50.734804 51.425090 53.756712 51.431285 53.739364 48.681058 52.156715 50.972830 49.764481 49.523928 53.712677 52.322587 50.014954 52.286812 51.120572 50.982551 48.800747 48.551735 48.763408 50.481465 47.521498 51.842491 53.167996 50.077427 48.803675 51.386472 53.346075 51.727034 49.899225 47.229285 49.005869 45.502368 52.784008 49.559585 55.296780 48.706107 41.561670 52.957264 50.548094 51.428892 55.106645 51.078992 51.567875 51.318972 52.455505 48.206572 48.690721 50.952442 47.859468 45.932526 48.996191 55.033719 49.796277 48.394526 47.618739 49.017017 48.082489 46.608541 47.869501 49.833382 46.122703 50.278040 50.169436 52.829423 48.818284 56.185885 50.983763 48.251421 50.954585 49.525255 57.100202 50.460622 50.661081 48.476188 51.400836 50.790662 52.807118 49.887551 46.398615 52.613593 49.329409 55.945154 47.500169 53.593847 47.770184 56.025050 47.583277 47.638958 52.941494 51.864972 
48.801378 53.408667 46.688431 50.560959 46.284170 48.903113 46.368941 52.146290 50.399923 54.874861 47.353247 50.895407 52.132390 48.287323 50.833945 48.771874 46.176579 47.790406 49.355540 48.934102 47.757824 49.053939 45.739389 49.301059 51.525460 49.205207 50.483812 48.979302 48.143804 48.231840 47.031631 45.086881 49.457955 47.020178 48.617722 48.047543 46.578180 45.764245 51.414356 50.311407 50.185163 49.020850 47.801306 50.199786 45.467347 48.933441 50.488820 48.513270 49.275551 49.654031 46.493502 46.424209 52.617741 43.103893 49.621389 51.300578 47.446846 47.065286 47.271072 48.471444 46.368008 51.584486 47.831317 49.287940 48.398709 50.734378 42.503188 50.605329 50.413258 50.958735 48.202117 48.212318 42.614571 45.876618 49.095586 49.624326 46.675047 50.024799 46.215371 45.117580 47.503447 47.942107 50.280287 47.249133 49.498884 48.770824 48.289659 51.760947 50.440034 49.687980 46.749156 45.601502 48.494049 49.421971 50.651486 49.739030 44.994754 50.684897 48.165121 47.839250 51.128811 49.779152 49.753610 48.247883 48.297914 48.653514 46.895045 46.287213 44.322811 46.194317 49.915452 48.920876 51.762768 49.313115 52.153792 47.049776 50.936025 47.211480 48.653092 50.105931 50.801523 49.932210 49.059575 51.203592 51.933181 48.235402 47.809127 47.548708 48.749361 48.319404 45.400754 49.512596 51.430497 47.064265 46.801433 49.941731 53.071004 51.060120 48.588192 46.634660 47.720313 44.757782 52.015083 48.688285 50.708754 49.154017 43.119561 52.903070 49.250625 50.227607 52.944952 47.255787 47.321089 47.809905 52.157586 49.465159 46.757866 47.453577 47.683440 44.661052 48.974730 50.398462 49.968674 47.307943 48.185526 46.228666 47.862568 49.309757 47.445656 49.215747 46.600820 48.558698 46.912245 53.173459 46.313493 54.354147 49.631681 48.200293 48.080452 48.079404 53.263269 46.312693 48.936015 49.624181 50.660444 48.758224 52.804607 50.497577 48.917036 51.497696 47.762820 52.417894 46.949385 52.984422 47.162298 54.300321 47.118390 46.406423 55.298613 51.741708 
52.759340 56.389935 51.856053 52.915166 48.863404 51.787929 51.211684 53.566180 53.502618 54.894324 50.811332 54.811388 53.761403 50.425322 54.938859 52.563666 51.065802 49.593112 52.751306 53.306543 52.998572 51.184705 49.217758 50.839377 56.069166 50.159849 53.359074 50.866564 49.108859 51.145661 49.088706 47.952294 52.504766 52.457673 52.302716 53.589806 50.158754 51.492635 55.423606 51.535210 53.344397 50.100831 48.249688 52.019661 48.661111 52.561857 52.854333 52.822569 51.845738 54.162482 49.843153 49.913092 58.168227 46.308063 52.821398 52.472588 51.881210 49.971585 51.056137 49.571816 46.518741 55.021938 49.644851 52.159678 53.606101 55.657842 47.076915 54.021951 53.912114 54.120072 50.380397 50.151778 45.998010 47.601866 49.632683 52.762953 48.950214 52.579935 49.631837 47.167791 46.386312 50.145868 53.057552 46.938236 53.341441 52.887213 53.467589 54.475796 56.326814 52.714882 50.406479 48.612887 53.212618 53.662952 52.797384 50.903142 49.583926 53.109059 52.346349 49.000110 54.261913 50.404586 50.843851 54.427456 52.473322 53.621280 48.842146 50.671759 49.710299 48.807829 49.198686 53.497588 55.527883 54.969977 55.339859 46.467038 54.186718 51.873919 52.896092 53.122422 54.456102 53.204742 52.492327 52.181246 51.772523 52.405092 49.491676 49.454395 51.095173 52.945711 49.025187 50.540193 54.840028 50.652836 50.686093 53.360264 57.801486 55.451922 50.964802 51.341528 50.629953 49.053713 52.887427 52.776661 55.865547 50.342039 45.596540 54.083363 51.380714 51.111133 57.135196 52.658011 55.710412 55.813827 52.201620 49.660284 50.056549 49.437569 49.235355 49.895613 50.442658 55.899326 52.872391 48.806516 51.062346 50.456411 51.738493 48.791361 49.790894 48.195352 49.330483 50.990055 48.330020 55.741680 50.070270 56.894685 53.171749 50.200119 54.254507 51.501361 55.398348 48.073858 54.793891 50.400026 54.141831 49.629909 56.557168 51.427954 51.416921 55.437087 49.936572 55.236882 52.068379 56.018915 50.270136 59.023176 50.890275 49.430263 55.674072 54.414777 
46.765400 53.076509 46.208991 51.063417 45.070260 48.718564 43.887912 50.761967 50.770724 51.198857 46.534771 49.656109 54.488202 48.981450 49.221971 47.358068 47.100860 45.219209 49.916581 48.607282 48.164088 48.402077 46.823130 48.887345 50.806253 48.812785 49.385185 46.224500 47.343797 46.846743 46.594506 45.038513 48.297033 45.794351 49.310388 46.145917 46.146021 48.200303 50.891162 49.110383 50.573153 48.695691 44.404809 47.265534 47.616831 46.708976 47.389327 45.040699 46.894956 48.568656 47.189720 46.571243 52.575998 45.390563 50.569187 50.975459 49.463554 49.661274 46.874009 47.689360 45.153539 51.410702 45.653799 48.605054 50.389215 50.393647 42.046499 48.859933 48.329159 51.103455 50.341524 46.570161 43.050594 45.963260 48.633998 49.577802 45.339751 51.957385 46.399961 44.554773 44.595860 47.397424 48.293653 43.147471 48.941370 48.441215 48.455290 49.890890 48.037390 49.117030 47.433295 45.048626 52.247761 49.781697 48.321769 47.692177 45.205529 47.439543 50.010656 44.868848 47.973300 50.121738 49.596613 50.521502 50.165550 48.630710 44.859010 47.745735 44.758156 43.434299 50.490630 48.045591 49.412919 50.921174 53.146708 43.550006 50.149975 48.549122 46.944689 49.957374 52.402595 51.824315 49.727231 49.821311 50.887378 47.148933 46.920564 46.771019 45.917509 47.710748 47.403260 47.268205 50.716107 47.812851 46.162869 49.070304 53.421018 49.977057 49.234772 46.153422 48.859679 46.319335 50.146079 47.445983 50.905509 48.233662 43.961054 52.300509 46.945114 48.538426 52.111933 49.168264 49.530296 49.450775 50.199333 47.131642 45.360651 47.300019 48.137579 46.010412 46.560377 49.803209 48.858080 45.652610 45.577662 48.445698 46.089635 45.937264 45.317238 47.764807 45.683222 48.426005 44.531769 52.839778 47.502574 52.626730 48.318071 46.834875 46.737451 48.095875 52.841014 43.777633 48.820747 48.216950 50.796067 49.705525 54.486407 47.810413 48.636847 50.621118 46.592514 50.238577 47.879357 51.319051 46.564277 54.061782 48.079463 47.090883 53.218800 49.569373 
52.729414 54.630985 47.858234 52.183984 47.105649 48.376766 48.694360 54.921042 51.810688 55.361148 48.641715 50.563493 54.596147 49.838528 54.563383 48.179732 48.800899 47.042276 51.433594 51.867510 50.712997 51.305837 47.776683 49.999049 54.462001 50.463353 50.314356 49.134435 51.376360 49.809536 48.442751 46.034522 46.560865 47.488790 52.003564 51.244337 47.382921 50.189897 53.973384 52.248907 52.066918 47.852659 47.852908 47.968851 49.676343 50.027517 53.020594 49.011801 52.605516 49.685390 49.492656 48.250364 55.173377 45.881885 51.846688 52.781777 52.535267 49.559579 47.612195 49.737025 48.127275 52.835917 50.178328 49.504004 50.171553 52.264391 45.559589 51.814514 49.918572 51.562629 48.196663 49.477197 42.853867 46.947567 49.815080 50.100770 48.117206 52.274156 50.293758 48.001923 47.960194 49.336579 49.955781 44.459588 52.188527 47.847243 50.319563 50.661285 51.868960 49.596211 47.671321 47.086477 51.747653 48.931052 52.063553 53.258515 48.563768 50.431452 50.209512 46.693304 51.235168 51.841908 49.775214 50.756562 51.638521 49.333793 47.470431 48.305418 47.201690 48.116675 50.568600 51.499156 51.629869 53.326846 53.318651 47.171093 51.200354 51.861685 52.152434 49.887394 55.167363 52.023336 52.326647 52.047435 50.155411 50.724808 50.133705 47.915144 50.694907 48.945045 48.395898 46.993334 53.227506 49.485665 48.442235 53.168278 56.589208 51.955964 50.613762 47.936895 47.658108 47.201169 50.225157 49.957690 52.638099 49.231742 46.112283 54.557481 49.059021 53.598749 54.044891 51.887697 54.245335 53.167591 53.603921 47.673246 49.748366 50.375575 45.764742 48.595544 51.924136 53.052289 53.209828 50.420988 46.879713 47.200027 49.200379 47.494450 48.352757 45.712556 48.396669 50.972108 48.012399 56.910298 50.003681 56.176773 49.332640 50.529853 48.136969 50.744012 53.512837 48.479554 51.962425 48.812508 52.439801 48.067186 54.690056 49.840647 48.988378 52.625840 47.183497 51.832908 49.657624 54.400034 46.487320 57.739285 46.025097 48.211930 53.786207 53.627617 
54.766014 56.501110 49.188780 53.054930 49.534854 51.360462 49.329356 53.634660 52.335722 53.505669 52.347365 52.142165 55.186004 49.087920 53.098021 49.876645 49.472166 47.616934 52.199763 51.987105 48.435133 51.254310 50.691687 52.269937 53.482058 54.096032 52.162291 50.153692 48.197098 47.395231 48.544477 49.110197 49.280037 50.366518 52.204122 49.652439 51.010162 48.908063 54.186699 52.783840 51.476591 51.862552 49.641204 53.496992 49.310274 51.251179 52.678095 51.329937 52.976028 51.901572 50.245369 46.620857 57.247160 44.679957 52.025463 52.687045 52.721567 50.920743 48.650833 49.030515 48.668772 54.931948 49.620794 50.472424 53.217167 53.927476 46.125169 53.474257 50.315524 53.023314 49.958986 51.624035 43.867954 46.751978 48.168709 51.085735 49.244296 54.109815 50.414246 46.026027 48.406044 51.226348 52.566885 47.278559 52.187116 51.305836 49.166236 54.907618 54.987690 51.097975 49.892880 49.445383 52.625172 52.110314 52.660492 53.975321 49.736732 51.994394 49.852994 48.179297 54.136578 51.762836 54.005889 53.276042 51.010549 49.205162 50.071876 51.153978 49.976077 49.617182 51.573812 52.843543 52.700013 52.315978 54.307473 49.373802 52.529580 51.735549 53.814267 50.538676 55.194311 53.286054 50.712817 52.727268 55.103248 52.325280 52.833171 49.983814 50.746956 51.218652 49.576976 49.199817 51.447383 50.195229 51.583362 53.499056 56.960036 51.606860 51.885401 50.300156 50.893561 48.997113 53.284982 50.003717 54.693708 51.314531 45.608776 55.466701 50.399557 54.373242 54.554098 54.000533 55.015357 53.071560 55.499800 49.029988 47.852009 51.208648 49.456480 49.582664 51.775618 53.855596 53.759919 49.546241 49.354235 50.969011 47.942616 48.574680 46.973270 50.736200 49.227126 51.115898 48.529379 55.039722 50.651331 56.579289 51.732722 50.704874 51.251668 52.666767 54.959122 50.691081 53.256550 49.279192 52.516358 50.128150 56.331195 51.206271 49.252021 54.994403 47.787461 53.378294 50.843784 55.379526 48.893386 58.278241 48.265296 48.552396 55.645408 56.473015 
53.811615 54.572465 50.289184 52.156024 50.229630 50.181353 48.701401 52.123842 52.018934 52.602236 51.437959 49.920350 50.885863 51.068866 52.610047 48.487068 47.449247 50.133611 50.888905 49.285125 48.576461 53.348703 48.186151 49.801723 52.932692 50.737408 49.953571 50.278333 47.733344 47.290068 47.793374 45.692634 49.839113 50.614610 54.169635 50.026092 48.801251 50.072730 54.828751 48.613964 50.441228 50.157716 48.220235 50.797592 49.303695 52.638131 53.562233 48.682633 53.621947 51.068286 47.269991 48.059792 53.243014 45.983351 52.582762 51.519233 51.609772 51.343803 48.164915 47.360603 47.973645 53.336764 48.177020 48.140831 53.160112 53.714547 45.198813 50.488000 51.487120 52.789931 52.184282 49.130985 45.353160 45.472729 48.861960 52.566141 49.049133 54.478693 49.529096 47.414990 47.311272 51.283743 51.381623 43.862845 52.384990 51.228753 50.619088 54.224380 55.204903 47.302719 49.089062 47.982158 52.275744 48.926516 53.058932 50.689476 48.167802 48.743851 50.465207 48.214679 51.115852 54.144350 52.737280 51.192308 51.217864 49.456441 45.973118 49.452781 46.886302 46.851461 50.764577 48.415381 51.579317 54.363252 52.905937 47.098937 53.550675 52.141305 49.222687 48.143316 53.336377 51.139954 52.190497 51.994908 52.278088 52.559613 47.753383 48.407241 47.492658 48.592698 48.870780 48.695735 53.505447 49.952875 49.117115 50.823187 54.866845 50.505300 50.438762 49.247000 48.757044 46.757798 53.289729 48.375143 53.381775 50.160108 43.655741 50.904976 47.243311 52.840797 53.554599 52.246216 53.620427 52.935831 50.256842 48.121433 49.435517 48.803444 48.748436 47.541845 50.998727 53.000077 51.147093 48.379671 50.660625 48.718476 47.037494 47.021981 48.882233 47.941574 48.184782 49.931725 47.182328 54.901453 51.091130 55.902940 52.277212 50.242769 50.653757 48.442134 54.536727 48.826137 48.828076 50.935371 51.879561 50.857560 57.072081 51.512241 49.010740 54.782821 50.148673 54.071943 49.406286 54.153174 49.639567 57.428698 46.850418 50.043576 53.171778 52.120185 
52.616688 55.295367 48.305704 53.063774 49.499515 53.071947 49.504706 54.162651 51.464001 54.126434 51.533121 55.644240 53.695695 51.597215 51.693439 49.899931 51.104319 47.726182 51.403062 51.995597 51.229858 53.813652 49.733302 52.356792 53.681456 52.512352 51.157834 48.589944 48.560976 48.127617 49.308555 49.061745 52.173160 51.428127 51.551392 51.202244 50.015286 48.226585 54.014067 51.771151 52.546182 48.961639 50.265412 52.849287 50.062183 50.693950 49.518047 51.402482 54.100119 53.511696 48.409328 50.509667 56.085459 46.115239 53.827316 52.894565 51.484140 49.581506 48.628855 51.012071 47.937910 54.571670 48.702247 51.221058 51.728797 54.102826 45.230303 52.555515 51.690682 52.576540 50.656169 51.340491 46.582916 46.495562 49.393924 49.347612 49.313889 51.220371 48.005173 49.122460 49.565973 51.893473 52.477494 46.829315 54.204844 50.011460 51.319586 52.152203 53.284325 50.670808 49.852368 48.905321 54.787952 52.461269 52.139208 51.352327 48.330255 50.628032 51.884654 50.436756 51.781000 51.153689 52.593304 52.054662 51.237610 50.140949 49.713741 49.492546 48.092714 45.975327 48.873046 51.237653 51.183176 53.393107 54.481198 46.820795 52.645797 50.777948 50.074901 49.777607 54.420659 52.650236 50.901719 50.849893 51.885300 52.122038 52.265255 51.193455 50.866755 51.745726 49.288251 48.951338 53.443505 52.184422 47.794846 53.845653 54.728151 52.582585 51.247585 51.327556 51.522812 51.061306 53.375675 50.353698 54.170689 52.650861 47.505630 53.966661 52.908606 53.344143 55.917895 50.686839 52.585699 52.802330 53.473840 47.767382 48.229371 48.802569 49.259748 50.230777 52.452454 53.494366 50.976795 52.006195 49.084753 50.262158 51.561592 48.891527 48.774842 49.577288 49.776353 49.536683 47.238576 55.080600 50.972927 57.391672 53.377223 49.380609 50.627440 51.924860 54.100488 49.424605 52.033761 50.723600 54.623238 50.091670 57.623119 50.719120 48.676471 50.856798 49.307676 53.286882 51.046997 56.294818 50.646113 57.135579 48.559396 47.976763 56.216762 52.683397 
52.539143 53.609095 47.564333 49.883279 45.232244 48.518284 44.640225 49.301839 49.367502 53.642157 48.782429 48.875664 49.710906 50.413115 50.642546 46.324616 47.198787 44.437510 49.684426 50.182135 48.050042 50.908928 44.881938 48.523380 49.796857 49.156928 51.455389 47.389286 47.836062 47.175032 46.479676 43.918681 48.826853 48.902792 51.493869 46.783474 47.434278 47.389958 51.981922 49.972053 50.364157 46.562402 49.959010 49.734926 47.160424 49.147122 51.890091 47.148472 49.354979 48.390896 47.576601 45.468788 52.363185 43.667257 50.391603 49.284930 50.052831 49.661886 47.171851 45.042966 46.237981 49.914299 46.064313 49.545843 48.469235 53.384501 43.389773 49.728455 48.609347 48.792661 49.586992 47.445236 42.558363 44.292733 46.687246 48.648452 45.895686 50.769641 46.794413 46.682505 47.718559 49.182132 49.229554 42.720711 50.962137 47.182375 50.019674 52.463210 50.033875 46.228484 45.482924 43.945580 49.692805 48.352469 51.168030 49.154921 48.451834 48.008844 50.292071 46.914839 50.674672 50.835871 49.478509 47.599311 50.200020 48.989295 45.013076 45.572033 43.637057 44.600869 49.338704 49.727732 49.935046 51.675903 50.235987 46.451016 50.473274 50.536936 47.069861 47.121037 53.497880 52.431276 47.555502 47.966208 49.759986 48.354815 48.194123 47.718450 47.754478 48.597417 47.673901 46.845208 50.847538 49.864948 45.200610 48.499526 52.499696 49.511109 49.713046 46.770278 48.035747 45.434426 52.904463 48.349425 51.192184 48.560379 42.566633 50.993280 47.806215 51.551000 51.697409 50.551466 51.122368 50.581195 50.647324 46.641250 42.507464 45.867058 45.466441 47.127997 47.324661 49.156719 50.497948 46.627352 46.385867 47.709123 45.827995 46.113285 46.127689 46.799949 44.948351 48.111641 44.467495 50.854014 49.003777 53.237714 48.830685 47.045250 48.168358 47.723369 54.363617 46.882081 47.578865 49.653582 50.063264 48.586126 53.758125 46.815060 47.802409 50.497455 44.478713 48.909675 48.275825 52.607810 47.562093 54.157550 47.811695 48.237404 51.649679 50.071162 
50.690648 52.626002 45.502235 49.596407 45.336394 48.349617 45.086492 50.974585 51.701550 53.679069 48.136868 52.097716 52.235387 46.879952 51.552267 47.451877 46.573060 49.055354 49.053128 48.366748 48.247591 49.640504 47.164955 49.690798 53.285233 51.965272 50.374877 47.688659 48.227197 47.660362 48.385431 47.343348 49.755606 46.628829 49.423767 47.507036 46.820603 48.483405 52.347983 52.577943 49.834480 46.169009 48.246869 50.591239 44.580206 49.069347 50.100090 47.975972 48.135237 48.300395 48.559999 47.968541 53.749524 41.072752 51.748396 50.614538 51.005818 49.106221 48.294054 49.839971 45.945468 51.986085 49.126944 49.480591 49.651557 52.410670 44.385860 49.689820 49.189049 50.931381 48.815754 47.025278 43.633963 44.546492 48.873165 50.337679 47.126129 52.514434 46.793233 45.868369 47.346187 49.151448 49.922988 46.576707 50.339424 49.681754 50.625221 51.108312 49.820977 48.178880 46.947192 46.348685 51.448032 50.478839 50.032379 49.361233 45.624506 48.795121 46.849881 46.742835 49.899807 47.814787 51.122020 52.138989 53.529191 48.037374 47.759644 47.637355 46.273730 45.914116 49.632716 50.199708 52.276183 50.476169 52.249402 47.705282 49.460627 49.320710 48.313432 49.243425 49.469105 49.734437 49.198136 50.249547 49.722976 49.828370 48.851610 48.074678 50.596741 48.309728 47.664702 49.195331 52.718658 51.725647 49.866640 49.857032 51.401040 51.340775 51.492033 47.201659 47.533081 45.430868 50.368096 47.219775 51.310466 51.676167 42.820079 50.210485 48.965300 45.993466 53.576495 47.877083 51.374744 51.655064 54.033844 48.097118 47.732403 48.010198 47.059167 49.440403 50.057183 52.876864 48.099000 49.899473 48.363762 45.598549 47.878215 44.796441 46.324614 47.503082 48.032591 50.351757 47.293139 51.233958 45.754493 52.878280 49.243711 47.082455 47.891733 49.414505 53.416915 47.168775 49.024675 46.473427 51.417605 46.680851 53.090661 48.298867 48.909834 49.825562 47.383350 50.782037 48.027262 51.767059 50.865698 56.679517 48.284933 47.157753 53.503955 50.803772 
54.785899 57.226803 50.905464 53.319750 48.965105 54.671106 50.530554 55.104857 53.744701 55.941151 53.361662 53.798317 55.944350 52.528088 54.903678 53.678838 52.336621 50.741908 52.096278 50.767816 52.015237 53.400002 49.194269 50.689713 55.857644 54.211612 52.953409 51.042031 51.308807 51.884196 52.758177 49.832441 52.693693 54.065433 54.598588 52.214742 51.931273 50.675689 54.151894 55.802317 55.582229 50.991050 52.383724 54.461851 50.489486 53.943147 54.145408 52.328772 53.443912 51.671742 50.691705 49.042757 57.347630 48.989966 54.841303 52.241748 51.311487 51.420953 55.079337 50.803659 50.028636 56.930583 50.420379 51.027163 54.159523 54.221738 48.279581 52.775313 52.835391 55.294944 52.883488 51.745616 47.079489 48.557171 50.922991 55.060707 50.665263 56.800446 53.433429 48.629926 49.930573 51.305105 53.182429 48.854232 54.475598 51.065922 52.862304 55.562313 55.666961 50.409299 51.155370 49.664273 54.335576 53.748850 52.718439 51.468670 48.302032 52.666404 53.181202 51.924062 52.649799 52.790664 54.547468 54.980659 52.051430 52.010966 49.482226 52.606925 49.269471 49.919673 52.976334 53.117334 52.784199 53.786641 55.738886 49.152849 54.951182 52.879363 54.312878 51.629042 54.677152 54.551544 52.177043 52.770121 54.113095 53.618855 50.417446 54.024118 53.478853 50.079315 49.651347 52.239964 55.763288 52.561500 51.263209 54.178565 59.076309 53.705177 54.825438 49.413250 51.085681 49.616966 55.119420 51.523668 55.620504 52.501400 45.837394 54.838387 53.569817 52.056541 56.757012 51.435820 52.518477 56.370632 54.492880 51.519127 51.178897 51.725216 51.090486 50.776560 53.415327 54.959069 50.361966 50.102938 51.545330 53.399274 51.828526 49.191963 51.190925 53.917955 52.802386 52.234706 51.505638 55.806911 48.814670 58.773191 53.661028 50.597525 51.409308 52.870789 54.520370 48.780709 54.521265 51.104033 54.266047 51.592588 57.794256 53.930091 49.107871 55.382015 52.347878 55.401903 52.862397 58.847540 52.109236 60.495960 48.973693 48.909508 56.119808 56.160272 
52.924588 56.347516 48.138600 52.641858 48.097294 52.375126 51.755124 54.792196 52.868392 55.583129 51.243671 52.647042 56.941139 50.025223 55.392398 50.608989 48.214045 48.971113 51.877553 50.736039 53.356508 51.904582 49.581393 53.478009 54.853053 52.064369 53.986282 50.135751 50.377990 51.659939 50.088575 48.862589 53.631334 51.159693 54.731532 51.273268 50.749966 50.763542 55.626243 52.413973 54.173188 48.742879 49.629198 53.466235 47.693544 52.422729 55.472915 51.510766 50.096200 49.696141 51.011329 48.500374 57.767728 45.281928 53.752226 56.048355 51.220611 47.424604 52.087858 51.190540 47.698016 54.316918 49.532660 50.024104 52.966143 57.704201 46.084334 50.901381 52.073423 51.494582 54.187185 50.259261 44.960843 48.251905 51.075292 51.108767 46.463405 55.389566 49.391864 47.990852 48.795124 50.171919 49.724813 46.798682 53.685258 52.052566 54.369834 54.573108 51.735745 51.150457 51.331089 50.108703 52.834061 53.547003 53.951201 51.089544 50.990879 52.653401 55.385943 48.996036 52.949076 50.723447 52.996135 53.967295 53.972893 53.105786 50.002230 48.632868 49.298335 50.063497 51.674859 52.286797 53.979821 54.239122 55.095618 48.624078 52.866110 52.621782 52.404005 50.195373 54.488407 53.201699 48.565076 55.077991 52.804758 54.240835 50.232356 50.984052 51.365389 49.933003 51.535955 52.205457 51.668841 54.220109 50.634140 52.896180 56.921917 53.455928 55.068294 52.094153 49.981278 49.534016 54.575285 51.232283 54.476519 53.196857 45.844491 54.064754 52.939681 52.150962 57.589688 53.132681 55.465712 53.755615 54.493698 52.590018 50.625874 48.639325 50.277754 51.537803 49.596469 54.425875 52.570433 50.734166 49.899222 50.066464 49.952270 49.775312 51.518303 51.193173 50.797760 54.681212 48.278538 54.210516 50.072758 58.133434 51.957672 49.075585 51.638792 51.926625 55.587934 50.649931 51.830988 48.790746 50.972468 51.187951 58.128773 49.941141 51.998479 55.216164 50.138952 55.781555 51.631552 54.823969 51.774018 59.803898 50.003802 50.123292 57.693289 53.707874 
52.113141 54.558708 49.563175 52.219234 47.881098 49.912442 47.251030 52.705037 50.313728 54.485869 50.869334 50.082342 52.707548 49.854922 52.672492 46.725961 48.388660 46.563793 49.164662 51.126741 49.122091 49.822300 46.954389 48.680341 53.987582 52.434605 51.233463 47.912215 50.029360 49.683889 48.839850 48.932205 47.669054 49.611871 48.951925 50.287497 48.509074 50.000797 54.260188 50.728271 51.414338 46.099631 48.757030 50.142750 48.910805 51.128114 50.876311 50.475977 50.835945 50.414136 50.036836 47.658511 55.576887 46.297036 50.938196 51.130129 49.310937 49.961797 47.320762 47.545766 47.524066 51.118713 48.295791 50.910626 52.482354 54.734626 44.871306 50.565699 51.604934 51.718311 48.972569 51.149958 44.909708 45.400208 48.440878 50.946803 47.346176 51.944583 45.998611 46.446126 47.784495 47.777588 50.441424 47.447679 50.412078 48.840628 49.897426 52.270140 52.004663 50.933549 48.530188 45.986643 51.846388 51.850612 51.670034 52.612547 48.096049 50.946336 49.262602 45.384130 50.551411 50.247323 50.183884 50.935685 52.260118 53.423899 47.761055 49.002862 47.477113 43.571730 50.592230 51.766574 51.099963 51.973637 54.339325 45.302984 50.499656 50.541527 50.952394 50.035743 54.166195 53.783848 49.916608 50.901086 52.512988 52.893174 49.612813 48.157474 49.395854 51.714117 49.495494 48.599211 53.999730 49.060863 50.094378 52.740752 54.486140 53.207720 52.421871 49.811120 48.559182 46.759333 51.752230 48.568585 51.484190 51.293817 44.613660 56.207958 51.403054 50.165070 54.667486 51.153088 52.711376 53.079073 53.572456 48.565440 48.240430 50.664423 46.938333 48.386637 49.662231 55.159685 49.110111 48.365619 48.744930 51.631520 47.727402 46.899591 48.855292 47.939575 49.144209 48.999003 48.739386 55.320480 48.488582 54.995622 51.844032 51.166597 48.135065 52.112633 53.735462 46.806873 50.633664 47.997481 52.148012 49.582870 57.756083 48.793966 48.270825 52.228315 47.748079 53.839113 49.835647 54.982826 47.717637 56.952618 48.327486 47.738830 54.500191 53.606851 
52.291754 58.128476 48.501148 51.918081 46.678871 49.013773 49.007004 54.218616 52.142737 54.761728 50.469087 54.296331 53.636346 48.154167 53.138992 49.813703 49.498919 49.523257 52.846166 50.377952 49.203179 52.187596 49.817844 49.565430 53.599625 52.103530 52.600062 50.350875 48.969665 50.559818 48.551883 48.158021 51.611709 51.586159 51.533056 50.148741 49.284948 49.656732 52.149701 52.242747 52.638773 49.883384 48.815595 49.712209 50.787263 52.302843 52.922952 50.469251 50.755102 51.392778 48.273038 48.856950 53.020460 45.477103 53.150730 53.320876 51.535236 48.050493 49.523662 49.075017 47.677895 54.782722 48.068621 51.137587 50.608231 55.438012 45.704599 51.536998 51.273698 53.425563 49.390785 51.344790 43.145556 47.649223 49.584004 51.295797 48.143646 54.193263 49.586721 45.452925 48.331375 50.692686 52.679018 47.191561 54.214480 51.049676 50.028100 55.002752 52.073064 51.439883 50.833732 47.904151 52.097368 54.780669 51.137243 50.943217 49.859410 51.659313 50.521649 46.039970 53.032577 51.060353 53.288772 52.713292 53.678903 53.101908 47.162135 50.435812 46.201852 47.211113 52.472241 51.520710 53.875097 50.156056 54.067295 49.363962 54.657496 53.032901 48.310841 51.745422 51.845449 52.629867 50.746599 52.178662 54.250006 50.931089 50.090530 50.264972 51.087170 51.155552 49.268647 49.727181 52.382968 50.282398 50.289761 51.877150 56.032756 52.255819 53.511331 46.822947 50.906787 48.361772 53.542944 51.266253 54.267834 51.460396 43.688031 54.451203 51.379596 50.878983 55.249486 49.652917 53.509608 53.485122 52.342472 50.532401 46.483945 48.443906 49.454365 48.060984 50.621303 51.946359 51.704414 49.115580 48.113834 47.929670 49.010913 49.690284 48.706659 48.251883 49.066688 51.216375 48.629327 54.278819 47.547387 54.805209 52.944053 51.932842 50.737336 51.847320 53.455215 49.249472 51.682796 50.549654 52.263344 49.477075 55.713359 50.191690 49.837622 53.591479 48.971455 51.999244 48.984844 52.798014 48.564889 58.639806 49.663833 47.893450 53.791057 52.319212 
53.576557 57.979089 48.747588 50.655170 49.006424 47.489501 46.522312 52.213665 50.921106 55.280926 51.453573 51.396225 52.871813 50.621083 52.223391 48.194861 48.975881 46.641957 51.278468 51.111873 52.205169 53.114600 47.613830 50.889644 53.500585 52.670875 52.856328 48.004384 48.490056 47.947492 48.007504 45.608485 49.756094 49.087094 51.613397 49.139045 47.648985 48.919917 51.297560 52.830806 50.377835 50.664614 48.409643 50.908492 48.689913 49.638740 52.121232 49.186859 51.613597 50.316407 50.168358 48.755387 55.918843 47.340482 55.871831 52.154317 53.923903 49.769276 49.363183 48.181192 46.996241 53.810786 47.707751 52.020788 51.985445 53.407449 45.480233 51.423743 48.690144 50.251298 49.745860 49.502846 44.129192 45.654757 50.820750 51.268192 47.875682 52.309129 47.771397 47.279615 47.324059 49.772131 50.057074 46.949406 50.960457 50.094551 52.675726 54.324818 52.923597 51.157492 48.379592 47.906403 51.060637 50.433382 51.978133 51.804348 47.707165 51.650062 50.558246 45.072525 52.566268 51.824874 52.217440 53.361694 50.879049 50.605943 45.928522 50.070366 49.188844 46.604776 49.683770 51.862813 52.593495 53.551746 54.017894 44.686524 52.004594 51.832215 50.846179 49.110967 53.941338 52.681904 51.015788 50.289607 52.265363 52.413064 49.470177 51.926635 51.351033 48.926853 50.153016 51.113386 52.241585 49.221133 52.226847 54.724309 56.878016 53.165369 51.965932 48.674033 50.913631 45.911882 53.541605 49.098063 53.186652 52.151299 47.200568 52.160586 49.608723 53.426189 56.797142 49.034820 51.850303 52.594421 55.071184 49.632797 47.400975 50.753029 49.268638 48.286602 49.547080 52.764406 51.294222 48.303708 48.322557 49.215631 44.782678 46.423994 48.467841 47.542365 48.698366 49.498108 49.055581 53.717010 49.457607 57.485107 48.068048 48.605425 49.433385 52.352781 53.877306 48.389417 50.451315 48.542503 53.331598 50.562201 55.110905 48.381492 50.491192 53.843817 46.102681 50.829786 50.950466 55.182176 51.120245 57.700995 46.336423 47.405802 54.948591 53.159423 
53.043386 55.263335 49.145833 51.913283 46.412088 52.709567 49.434747 54.849780 53.254476 52.481111 51.520664 52.363552 53.798029 47.121602 53.071887 48.803256 49.805846 49.499549 49.762447 48.314301 49.046695 51.466369 49.880718 51.584890 53.217195 51.238367 52.736802 48.276839 49.525519 50.348119 50.450492 47.893155 52.015264 49.861162 52.220763 50.332215 51.595126 49.608417 54.276138 51.921296 51.816442 52.045370 47.690363 52.616083 49.958353 49.724403 52.824665 46.961470 52.036652 52.380623 48.681522 49.194642 57.139135 46.840337 53.660266 52.518207 51.390608 50.295809 49.003948 51.089461 48.202608 55.565672 50.717964 52.619212 51.654801 55.373874 46.473055 51.830906 51.326281 53.865716 52.008512 49.039090 46.031253 47.716818 50.597333 51.854548 48.220392 52.700819 50.028599 46.967989 47.094769 53.696413 51.142374 46.966129 52.285624 49.542938 46.949510 52.267399 54.583008 49.550833 49.177276 49.974057 52.124293 50.673148 53.519301 53.702322 46.618457 50.548819 50.713353 47.473647 50.173900 50.673465 51.063097 53.800971 55.213124 51.565771 46.312898 48.742313 49.271075 47.605176 51.774451 50.234019 52.985061 54.089911 54.037539 46.446236 52.787418 51.598054 51.408693 48.645212 56.134653 52.509172 52.157715 52.950334 53.720901 52.613897 51.399551 47.236621 49.907402 52.172001 48.684537 50.866479 52.944765 51.341329 49.881133 52.614781 56.206573 53.460306 52.546142 49.734592 49.490791 47.420903 52.414693 49.721788 53.917357 51.207677 45.905906 54.724943 49.341854 51.320907 54.459705 51.220588 53.911800 53.792854 53.353430 49.222932 46.702123 49.037673 47.104212 50.258872 51.926327 53.289451 52.303794 49.869655 48.368316 49.843265 50.012277 48.040198 49.689793 49.340169 48.905744 49.133123 50.384867 56.272659 50.916975 56.312713 52.404697 50.503036 48.310523 51.088728 55.477470 48.147796 51.831971 49.379373 50.875653 51.421172 56.181780 51.265965 50.581302 53.707453 50.049257 53.427193 51.121894 53.277425 49.303120 58.924214 48.158284 49.301231 54.491232 53.810475 
55.190908 56.114867 49.326527 54.943743 47.074116 54.007394 48.156018 55.429894 52.868383 56.683257 49.527595 55.964420 55.169297 52.382144 53.334275 51.908090 51.463554 49.381357 49.440937 51.886603 52.444987 52.695233 47.784740 53.132325 55.590369 54.589056 53.777727 49.728027 49.906620 47.826708 50.645319 49.350999 50.006015 51.419456 53.904022 50.183399 50.674504 49.858963 58.442526 51.778164 51.921638 51.936918 52.455159 51.714348 49.811585 54.329322 52.040839 49.215287 52.570106 53.439471 49.911750 49.751433 56.412606 47.117510 55.282359 56.706601 52.252125 50.654217 50.446473 50.714117 47.313771 54.481069 48.723197 54.753629 54.305287 57.129788 47.226653 52.126269 52.358824 53.314511 49.500904 49.505578 46.288072 47.981491 50.059304 52.554697 49.776522 53.572935 49.395488 47.152341 48.425075 50.149888 50.813728 48.659214 54.829631 52.214052 54.477951 53.605511 54.204213 50.561437 52.836486 49.008483 54.928567 52.304252 55.962439 53.973545 48.004307 49.535846 51.216913 48.042719 52.742113 52.472421 52.660116 52.347478 53.551839 53.586807 48.532121 49.591100 46.895411 48.025193 52.217394 53.078595 54.474836 57.075715 52.784660 50.947338 51.600488 52.076452 52.180816 50.136994 54.531989 52.883500 52.833752 51.159977 51.147250 53.425245 51.528479 49.805441 51.661279 53.929989 49.918453 50.909880 52.969880 53.129876 51.524723 53.202362 55.695090 54.571132 53.423462 51.491902 51.755049 51.104960 53.240813 50.900234 52.865668 52.697379 47.549315 55.455432 51.303148 53.310944 57.204265 49.909677 54.039995 54.615846 54.061590 51.241373 49.878607 50.739959 47.687951 50.794856 51.435996 56.079493 53.157965 51.369750 47.524997 50.242524 49.942078 48.309302 49.389613 47.436216 48.891334 50.836794 48.938749 53.788108 50.602870 58.876471 51.874863 50.799901 52.397589 53.560127 58.227002 48.178406 52.119189 51.219554 51.808954 49.557624 58.401464 51.201151 49.916072 55.021177 50.637281 54.788833 52.008051 55.884212 51.550219 60.783370 48.278231 48.790099 56.282141 53.212374 
50.904904 53.022227 47.896128 51.248545 45.490144 48.767208 46.964293 51.686416 49.393187 52.889243 49.503796 49.667013 52.409218 48.306728 52.763558 47.646610 46.287116 47.176615 47.967145 47.804642 48.015446 49.220519 47.507633 49.772298 51.948144 50.573950 52.134105 46.628881 48.431815 48.818672 46.814584 43.625798 49.221202 48.582332 51.384090 48.561313 48.838412 47.896012 52.226082 51.270026 51.725256 48.049250 48.758820 48.642320 47.036132 49.317006 50.099944 49.257751 48.232119 48.273828 48.978604 48.816447 56.009695 44.436641 50.781795 50.628449 49.373894 46.960385 47.669999 47.856355 45.865830 52.301128 45.646591 49.687037 50.939417 52.370815 44.541320 52.915612 50.143766 49.628783 50.733055 46.689591 43.206256 46.394416 47.891868 49.228333 46.971448 50.297902 48.976077 45.288177 46.949269 47.880903 48.972919 45.930681 51.722635 48.574429 49.734140 51.225237 52.106277 46.691222 46.043646 45.917807 50.413195 49.863263 51.430820 49.040498 47.403374 48.648967 50.334452 45.198813 49.470769 49.944971 50.537923 49.743500 49.656340 48.427357 47.370705 47.647542 45.779049 45.511360 48.193215 48.798089 50.666506 52.066417 50.591550 45.544162 49.959999 49.869913 48.849366 48.404728 52.118761 50.610793 47.985986 48.593089 49.537861 49.357797 47.108906 46.679387 48.402543 49.848027 47.251587 47.484762 52.933443 48.936892 47.362253 50.034652 56.295477 51.909591 49.442786 48.913161 49.380716 47.292094 50.936590 47.765765 52.179650 49.618915 46.228081 53.456119 48.819317 50.889448 52.735459 50.474035 50.406275 51.284767 49.612751 48.736227 46.072919 46.715810 46.566332 46.894204 47.543857 52.689983 48.050813 48.114768 45.556566 47.797275 48.492250 45.078924 46.268888 48.119139 47.141692 49.694344 46.650504 54.509966 47.048959 55.627743 47.762612 46.633901 47.454542 48.943711 51.721034 45.852198 52.047061 47.902233 49.177321 48.737612 53.667763 48.806261 48.764681 50.363221 49.011996 51.188505 48.466937 51.312128 46.164028 56.357568 45.919053 49.050569 53.237260 49.334510 
53.621218 57.134796 49.071112 54.119030 48.192302 52.068289 49.856807 51.943806 53.028224 54.197934 51.812688 54.371451 54.554023 48.999319 54.687675 50.667097 46.038386 51.529989 50.068568 49.250664 48.884048 50.495601 48.408541 51.162657 55.531056 52.436239 52.524496 49.960153 50.754180 48.581159 49.560284 49.139468 50.513061 52.666040 52.236038 50.856071 49.512404 46.100156 55.315469 52.473789 53.260616 49.706720 48.639763 50.662183 48.496058 50.935441 50.669711 48.456604 51.003643 50.093357 51.903354 50.349385 57.266486 46.971086 53.375495 53.230846 50.925469 51.504039 49.048338 50.234740 46.990102 55.126868 48.732436 52.837570 54.179651 54.559059 46.885635 52.833654 51.360671 53.016004 53.493421 51.683697 45.457589 46.681658 48.975826 54.050435 48.089558 54.811168 50.546784 46.959765 50.615307 51.830077 52.565272 46.208832 52.837279 50.170800 50.367286 54.611548 53.759723 50.042597 48.901498 49.784726 53.737373 51.971258 53.174987 50.544989 47.433422 50.916029 50.332071 49.701132 54.336633 51.470723 52.857783 51.920051 52.629704 51.368693 49.723537 48.968344 45.809128 48.444230 53.061730 52.098660 51.156232 53.605320 56.433661 49.257730 52.386408 50.246455 52.827807 49.847276 56.411103 52.787471 51.410444 51.942841 52.219721 52.908679 49.891072 48.410237 50.246042 49.992145 49.161366 49.877344 54.894262 51.395548 50.768481 50.488025 55.740549 55.122253 52.812378 49.680369 49.738454 47.120187 52.627872 52.503812 53.510268 52.213486 47.858191 53.844171 50.616277 52.523255 54.484683 52.257761 52.772865 52.230358 55.067822 51.769197 49.442612 50.435522 47.876998 49.265422 52.315346 54.361423 52.651655 51.806601 49.168604 50.309387 49.226310 48.846928 48.236316 49.104344 50.254134 52.930548 47.809488 54.742946 50.354130 56.604927 51.821156 49.059296 50.528023 51.234079 54.379280 45.640179 52.955246 49.941133 51.578360 50.688730 56.347022 53.328565 50.932684 53.718387 49.879791 53.178125 49.978827 54.078759 47.841891 57.248638 46.952895 50.427416 53.949111 53.910764 
55.287632 55.987248 50.662466 56.628903 47.766949 52.606519 50.190609 55.140910 54.234042 56.482255 53.546364 52.685227 56.904854 50.165679 56.297667 51.406039 50.966898 49.239563 51.626377 53.230938 53.563622 52.487696 50.862204 51.342785 53.624183 52.397289 52.786144 51.213001 52.136021 51.713057 48.005355 47.066596 49.767712 48.402537 55.606965 51.368965 50.001361 50.755245 55.462916 53.979293 52.960164 51.758299 50.747718 51.911241 51.214943 51.215219 54.602387 49.618406 52.627978 52.683227 51.195324 49.891017 56.463538 45.888075 54.133576 55.314317 52.882794 50.954750 50.577519 51.747046 48.415594 52.266871 50.726598 53.048375 53.531915 57.418189 47.038671 52.838228 53.917912 52.700650 50.660668 49.440543 45.571260 47.873036 52.139950 52.347180 49.522082 55.774634 50.882324 48.092615 50.115914 53.176907 52.166047 46.787463 55.691069 51.721298 53.547968 53.016905 57.272069 50.507824 49.798968 49.316715 51.718211 52.476840 54.364076 52.815916 52.046258 51.593974 53.743633 47.127854 54.944265 52.432687 54.985893 54.233986 52.075773 52.919257 48.500930 49.705692 49.343410 51.261637 51.732835 53.389287 51.926971 55.235187 54.481613 50.077725 55.350076 51.379060 53.513112 50.366321 55.301953 56.728490 54.011244 53.136000 54.055273 52.416616 51.097905 48.599033 50.337494 53.846769 50.541814 51.211137 55.567912 53.173730 48.799742 53.770236 57.954766 54.436688 53.160892 50.985943 51.206558 48.203027 54.083844 53.430546 54.307020 49.648963 48.458351 55.270214 50.583822 54.599693 54.178491 53.100109 54.950489 52.831793 52.652997 48.682027 50.821637 49.650273 49.386625 48.912039 52.890739 55.919448 54.355946 50.615469 51.103019 48.557527 48.693333 50.923078 50.655938 52.575208 48.862440 51.500595 50.039446 57.141287 51.549224 57.424728 52.245532 50.991669 52.607006 52.898045 56.547746 50.792264 52.159881 52.716815 53.307733 50.367370 57.409316 51.819888 51.421247 54.338954 50.984010 54.567449 51.945830 55.812313 49.173148 58.715646 50.725262 50.690087 57.486767 54.913729 
50.112789 52.416445 46.878289 49.978860 46.220638 49.293674 46.189441 52.127710 50.537350 53.153943 48.477145 50.507403 50.276150 49.765780 50.420848 48.779681 47.547563 48.083941 48.107508 49.545020 48.200355 50.998688 46.837740 49.183461 52.998387 50.406676 50.396048 46.966704 47.222945 47.203927 46.086138 44.513360 48.972173 49.235608 48.912254 49.083512 46.035349 45.988026 51.509916 49.289554 52.877988 50.117758 49.025340 50.659699 49.038520 49.090537 50.986060 45.852916 50.497374 49.168263 47.592268 48.086707 54.223899 43.815856 51.257421 50.226927 51.307693 47.898744 47.646013 47.172575 46.956655 50.848385 47.044341 49.752148 50.175650 53.895110 44.958686 50.107210 48.620510 51.570915 49.677509 48.421992 44.402784 43.645702 48.725959 50.491243 45.243004 51.909073 47.273207 43.351451 47.063875 47.593359 50.543158 44.337170 49.149107 48.377277 49.750777 51.993080 52.616567 47.793339 47.832911 47.767759 49.411140 49.449260 51.225780 51.397803 45.874675 50.470613 49.300405 44.732342 51.597841 47.796449 50.795987 50.290621 48.571499 50.576986 46.567175 48.695230 48.151056 44.196986 48.042541 51.135392 50.955905 52.008870 50.849658 45.468616 51.095097 49.249542 50.470318 46.890556 53.468917 50.009824 48.908630 52.066789 50.932625 50.868640 45.573853 48.683383 47.848713 49.492303 48.234247 48.598091 51.936655 48.952087 47.160477 50.993504 54.156268 51.539518 50.781669 46.772118 48.290820 47.065062 50.935378 48.320541 51.982655 51.090217 44.178166 52.215703 49.660447 52.034979 51.633120 49.628677 50.798494 51.959891 50.601947 48.156596 48.235555 47.526729 45.848459 45.350140 49.839873 52.636014 50.041541 47.817614 47.837583 48.905835 47.496049 48.234952 48.222519 48.358570 46.768826 49.218190 48.969933 53.780663 47.797861 56.143309 49.268461 48.235679 46.731093 48.133812 52.350831 46.544332 52.135460 46.981999 49.451675 47.937967 52.757013 49.433671 48.296907 50.645359 47.644491 52.335751 49.060899 53.806480 45.496983 56.171594 46.318420 45.617726 53.776809 50.851641 
52.917812 54.312439 44.777732 50.064021 48.063647 48.662357 46.741426 54.454101 50.008639 54.293144 49.472001 51.304656 51.580781 49.253926 52.912032 47.693861 47.820168 46.719113 51.955290 49.290258 48.368412 47.855521 45.430510 48.560287 52.487083 51.637350 51.501851 47.879204 49.680005 48.362136 47.227234 45.765068 46.827418 48.159983 49.068729 49.213048 45.955193 46.334238 52.863110 50.380666 53.361122 49.602488 48.500658 48.788847 48.601843 48.498190 49.691455 48.288977 51.206922 50.539430 50.604556 48.242243 53.193235 44.524592 52.159106 49.684974 52.059716 50.089347 47.451416 48.070096 46.480795 53.437220 48.523539 49.451555 50.925496 51.414462 44.264882 51.028159 49.572755 52.128069 49.192773 48.416331 43.264432 43.543447 46.356021 49.850314 48.205096 51.292478 46.572755 44.765799 46.453176 48.979784 50.124640 45.201118 49.613613 49.508588 48.940016 52.434053 51.923310 50.075196 46.335820 46.788286 51.433531 49.428365 51.717860 48.724386 46.664788 47.678104 48.766909 44.837523 51.854085 49.677646 49.320624 49.831094 51.536554 47.050762 47.801276 47.950868 45.493855 44.903448 48.651921 48.464604 50.081652 51.675891 52.664463 47.493454 49.332099 53.025349 49.648721 48.533885 54.325667 53.499741 49.659720 49.746489 51.662666 50.601570 47.524424 46.298430 49.310619 48.447576 48.458088 49.405296 50.790666 47.861423 50.937182 51.428164 53.600389 51.261424 48.923044 49.072378 48.991524 45.463546 52.242133 48.696691 52.728998 51.380667 44.113491 49.654599 51.013069 50.335022 53.512551 51.286855 50.744748 48.523354 51.655854 47.791987 45.660380 48.313011 46.878327 46.180980 48.105365 53.355476 48.045604 48.861818 46.597542 48.289865 47.130481 48.235097 47.796334 48.402181 46.680952 48.895281 49.339809 55.201494 50.187424 55.741149 50.920620 48.272475 47.930051 47.598869 53.598415 47.561571 51.466538 48.683672 50.656342 49.818301 53.067221 49.978217 48.842077 51.290690 47.466599 49.190862 46.703157 52.040431 47.161965 54.197279 45.299795 46.089841 50.568006 49.841529 
48.989845 52.860304 45.766800 51.627112 45.644573 47.846859 44.628013 52.954720 48.571560 50.091278 48.217702 50.850864 52.237800 47.211124 48.638362 46.300118 44.417381 46.296442 51.127807 49.369189 47.966879 50.195818 47.872514 47.622893 48.602652 49.482731 50.148411 46.773134 49.543384 45.889141 47.737525 46.378461 46.352750 47.005315 49.582378 49.139889 48.042009 48.583882 50.899042 50.392678 47.157587 47.967512 47.708893 47.837352 48.445459 47.581364 48.562474 47.761983 49.438882 49.307774 47.172738 46.435106 51.650761 45.281308 51.356902 52.780858 49.836865 49.772328 47.051742 49.339486 46.565071 52.068682 48.199896 48.272932 50.615892 51.703585 43.262500 50.208367 48.241279 49.691880 48.601222 47.968384 43.505314 43.995387 47.166706 50.442380 46.720335 52.072974 46.710282 43.593269 47.493098 49.215154 47.671399 46.008562 50.114811 48.385685 49.871396 50.699008 51.385240 48.689785 47.834208 45.984163 50.235185 49.287041 52.049895 49.317661 46.617254 48.486814 48.525741 46.826112 51.097028 49.704230 50.855470 49.717615 48.462915 49.700246 45.238904 48.876636 44.764221 45.051261 48.897837 49.640592 50.165644 49.845821 52.180406 44.960884 51.141882 48.304537 46.651594 47.230636 50.419237 50.481709 50.025605 49.587782 49.793650 47.736237 46.466809 47.235840 48.596536 48.698690 47.296221 47.607120 50.822719 48.404974 47.014230 48.940040 53.734336 49.724855 48.192562 46.505746 48.934546 48.035017 49.724980 49.378592 52.614145 48.340801 41.800146 52.021757 46.043503 47.945626 53.048095 47.439905 50.494044 49.563857 50.138835 48.607595 45.935545 47.703233 46.557412 46.445749 49.456379 50.831809 51.068959 48.700717 46.928232 46.256068 48.675438 47.066199 47.389001 49.710288 44.836811 48.345446 47.159346 52.775381 47.907385 53.795477 49.844513 46.877052 48.747359 48.187255 51.877703 46.285692 50.179504 50.643189 49.954444 47.932631 53.504298 47.112575 46.549123 51.865949 46.057009 51.351768 47.078187 51.416247 49.001302 55.542465 45.048043 46.511482 53.282528 50.554934 
52.989717 54.199004 48.662680 53.495644 46.794241 49.188843 51.612780 52.433191 50.051089 50.947270 50.158460 50.461198 52.939026 48.572998 49.340508 47.322004 48.230644 48.241920 51.415606 51.333598 49.465484 49.923948 48.038759 52.750805 51.973099 51.459085 52.148022 47.967071 50.787273 46.994569 48.537741 46.177040 51.038320 49.127180 51.140960 52.483939 47.270613 46.345287 53.221468 50.138612 52.399484 48.668258 46.893142 50.771385 47.907351 48.953509 50.523422 49.063411 49.390176 51.341006 48.913893 46.821658 54.094836 43.502307 51.973734 50.179568 49.571682 48.850977 45.105630 48.434773 46.256773 52.150070 49.624453 52.680552 52.258662 52.328326 43.214710 53.288600 48.559796 51.683156 50.271647 46.138440 42.970560 46.538653 47.363056 50.358486 45.040158 50.552942 47.173391 45.978410 45.520844 49.084732 52.086018 43.947527 49.167666 49.066718 47.344620 52.381846 51.115691 47.603692 48.838723 45.676581 50.839276 51.161348 50.918923 53.389014 48.789672 50.618090 49.439634 47.827440 50.526729 48.227459 53.382965 51.138486 51.300258 49.434991 49.277796 48.762429 45.936930 47.167881 49.626523 48.592192 53.228308 49.178137 54.242582 46.507221 49.942421 50.336762 49.588940 49.644218 53.142469 51.722551 48.032996 50.427211 52.966308 50.284088 48.611808 49.587472 49.243204 48.116676 50.277082 47.131862 51.721786 48.120740 47.265387 49.417051 53.198897 52.970074 52.531365 48.500608 47.367183 44.319089 50.191528 49.777135 52.906607 49.178195 43.724695 53.405075 49.129713 49.918239 52.984424 50.248504 52.874563 52.145801 52.172658 48.696299 46.386946 49.778754 49.006643 46.481779 50.039839 53.573208 51.044182 49.664020 50.308180 50.944831 47.015294 46.037336 45.538238 49.352996 46.122676 50.490535 46.300400 54.242787 49.695646 56.237185 48.314617 48.186249 48.330619 48.560807 54.271600 46.135274 50.682619 48.285609 50.346484 47.686133 53.131328 51.138454 47.805378 53.270345 48.052304 52.091385 50.376636 52.915852 48.486775 54.830552 48.867781 46.918030 55.423704 51.346358 
50.303778 53.637368 47.519325 50.938296 44.721861 47.008432 48.163190 48.564788 48.211981 52.352538 50.284543 48.150795 50.518113 47.680416 49.637272 46.704248 44.784946 47.370251 48.847350 47.767183 46.518794 48.498261 45.519598 48.915358 50.465490 51.645109 48.263104 47.971887 46.899777 47.539042 44.164589 45.534025 48.149825 47.592385 50.100092 48.742662 47.515094 46.006432 52.548660 49.072042 49.960138 47.311105 45.702986 48.770709 49.157266 48.817369 50.541236 47.644808 49.716739 47.087787 49.009402 47.626958 53.179434 42.846042 49.599242 48.725738 50.707785 46.456452 46.864760 47.495341 45.082870 53.339218 46.954318 49.142609 50.222400 51.538340 43.291383 49.391200 48.911046 47.271371 48.672522 47.793281 43.940419 45.142940 48.840176 48.514158 46.534705 48.324223 47.808114 44.893723 46.004958 48.447584 50.223596 45.014652 48.882948 50.476712 48.343062 51.164914 51.127846 47.973760 46.796939 46.760084 48.740671 49.375946 49.599482 45.679464 45.724340 48.776618 50.568914 43.144434 53.093513 49.355188 47.838096 48.186019 48.847752 48.857705 48.529551 46.915346 42.448254 43.119367 49.515888 49.764172 48.962690 50.312428 50.744524 45.570944 51.087550 50.722016 47.839177 48.091852 52.672598 49.228851 49.265042 48.962883 50.953880 51.660549 47.610778 45.529794 48.498513 47.263786 46.617945 48.619508 50.789679 46.504445 49.125886 52.489169 53.734881 47.686587 50.858730 47.582319 48.729197 46.217388 50.839068 47.685905 49.335518 48.894875 42.117784 50.022380 49.795192 48.102675 51.140782 48.736351 51.782978 51.368063 51.341535 46.471603 45.271427 46.436341 46.024347 44.088308 50.116655 51.061858 48.548376 47.987036 47.283893 48.220014 45.714200 44.265938 47.478867 50.489299 44.204276 50.391222 47.749037 51.438846 45.738291 52.677364 50.524863 49.681028 48.412512 47.751919 51.706244 44.710476 51.254975 46.383823 51.425732 50.173650 51.998634 50.036837 49.750235 51.410671 47.102506 49.166890 47.889096 52.117626 47.671794 55.178943 44.860453 45.530931 52.690521 48.932154 
48.778633 48.971268 44.880150 47.128483 44.853484 47.792134 43.112140 51.961153 46.833113 50.772880 46.715268 46.270921 50.178843 47.778638 48.745837 45.918334 46.944335 43.866713 49.194048 47.468886 46.809234 47.974429 45.252971 46.640346 49.747147 48.238134 49.355189 47.135702 46.773527 46.920851 46.579253 43.110556 46.943155 44.554424 47.500397 46.134462 44.647531 45.327204 48.334289 48.714221 49.835998 45.102581 45.498247 47.656571 46.445570 45.095705 51.011951 44.936934 48.617425 47.143014 44.306021 45.423763 50.252689 43.084852 48.945071 48.726627 48.278003 46.301739 43.381798 45.761732 43.869810 50.454789 45.609714 48.174227 46.088969 48.383908 42.605971 46.956278 48.808594 47.180704 48.948052 45.456978 39.773157 43.493739 48.728859 46.147190 42.322986 48.302984 45.240652 43.857311 45.263640 44.621893 47.515586 43.874515 48.521471 46.090650 48.756948 49.839546 47.939337 48.679594 44.325669 43.942416 48.807261 48.465095 48.982071 47.560121 43.827004 46.733331 49.052744 44.828733 48.656869 47.141374 51.288315 47.473956 46.274394 47.274715 43.513950 45.354906 45.357721 42.400429 47.142691 47.057685 48.394737 51.599975 50.786904 44.177527 47.756258 46.739261 47.474754 47.072208 51.373924 49.028912 46.649354 50.559575 49.770137 48.313391 44.481757 46.018882 47.707552 45.893638 44.777979 45.781186 50.141276 48.412578 45.248115 50.102999 51.170088 48.625616 48.499781 45.875027 46.801230 45.249315 47.788455 44.986650 52.242942 46.835381 44.203054 48.882881 49.586291 51.168383 50.485237 49.018542 48.914613 49.601153 48.224631 47.089787 44.672798 45.796943 46.156304 44.450992 47.370476 48.983575 48.154456 46.321061 46.008147 46.513204 44.784444 45.253023 45.691467 48.047506 43.913719 47.716363 45.171087 50.220660 44.223423 52.740561 45.187153 46.280300 45.423218 46.089006 50.983105 44.212462 47.214581 48.620755 47.321516 46.373697 51.837700 46.475972 46.146920 48.043327 46.748021 48.564161 47.140546 50.574700 44.871069 52.776544 45.846452 44.338157 52.855597 49.296994 
52.195252 53.892145 47.151885 48.718627 45.417659 50.580498 48.036285 51.637159 48.253173 51.088772 47.916286 49.603861 50.051771 48.751181 50.281361 44.283867 48.691312 44.610457 48.918216 46.541417 46.888751 48.020900 45.096163 46.067222 50.655145 48.996767 48.643411 45.694613 46.790746 45.972123 43.757803 44.088441 45.509486 45.841968 48.772238 46.572823 46.579714 45.820526 51.712818 50.185789 49.193897 47.338783 45.804792 49.684294 47.648301 46.053266 48.771591 45.504862 50.114728 47.805372 46.228611 44.830950 52.490087 44.211979 48.397508 48.392581 47.532457 48.827993 45.688151 45.751782 45.236158 50.825687 46.493798 48.947533 48.465485 50.467356 41.808381 49.376198 47.244023 51.620614 47.609157 48.000731 42.864253 41.899496 46.659671 48.911872 45.913443 48.489824 47.114004 45.054390 47.220093 46.583105 48.491099 42.726470 49.850204 47.695176 45.254532 50.098366 51.805245 47.352102 45.651572 46.274649 50.443390 49.647201 50.982164 46.805218 45.055844 47.522448 47.963685 46.201252 50.591280 49.130418 48.437560 47.269732 49.925240 49.912147 44.261567 45.680701 44.549693 45.047652 49.608721 48.900762 49.705650 49.158824 49.345495 44.746028 48.250927 49.356616 45.430558 45.090557 50.723164 50.361923 49.081443 46.875653 48.255818 47.291190 48.089920 45.738092 46.596973 47.655066 45.448688 46.154323 49.156426 47.213866 46.959386 52.319662 52.974223 48.983213 49.126870 46.254682 48.543044 45.340663 52.016230 45.084156 51.164796 47.372685 43.173408 51.450912 47.771616 47.056304 52.285577 48.871214 50.698146 49.690557 51.133251 47.014471 46.337603 45.148123 44.706324 45.052232 48.656454 51.939017 47.810921 46.773247 47.290356 43.994749 47.376965 45.764273 46.230740 47.700997 44.723043 47.123351 45.717797 50.189793 46.538740 52.252203 48.163699 47.841940 47.172813 46.275051 53.950376 46.053447 49.056107 49.063068 50.671709 47.397719 55.577317 45.654793 46.581979 50.823298 46.391985 48.310156 46.953331 50.983896 46.419423 53.613471 46.014811 46.101456 53.607127 49.203530 
52.177640 54.906088 46.348463 51.721319 45.424473 51.161789 47.767691 51.575547 49.924082 52.514360 48.170290 48.753932 52.340457 45.606055 49.937767 45.797324 48.793334 45.570143 48.682606 50.878665 49.057476 49.559692 47.341391 49.707964 53.919613 50.277521 51.271688 48.246152 48.561999 46.385705 46.546519 45.938995 50.143017 49.603819 50.208887 51.539143 47.567962 47.812604 52.092377 50.965227 50.514788 47.240958 46.002147 49.295465 48.444792 49.569653 49.787419 47.383690 49.633236 50.393045 47.051755 46.930817 52.739185 44.694983 50.018994 52.975993 49.829448 48.081247 49.275665 48.303656 45.524524 50.174553 48.864764 52.408030 50.010033 52.992330 45.136331 48.866782 47.112961 50.093003 50.271559 48.194653 45.023464 45.634182 48.640828 50.531427 44.877877 50.849998 46.627504 43.976035 46.132784 49.299691 48.400143 44.739128 50.896101 49.662598 47.025889 52.596371 50.767617 47.027640 47.125967 46.860168 49.550172 49.566559 51.366150 48.617778 49.057745 48.807788 50.259551 45.558880 51.805481 50.935224 50.495613 51.513139 47.915677 51.295755 46.843155 49.335218 46.091750 46.241286 48.870911 51.889108 50.905134 51.715049 53.053697 48.863238 52.240417 51.710494 53.172816 47.950733 55.112620 50.613138 48.278341 51.950703 50.913409 50.514740 50.917736 45.186796 49.447102 48.854257 45.742749 48.800023 53.548114 48.547810 47.509033 50.966776 53.668944 51.600582 51.729655 46.727681 47.729438 44.986812 50.876079 49.184046 52.332983 49.868692 44.738382 51.531344 49.508718 50.365067 51.978520 48.366984 50.948499 51.223508 50.977647 48.745253 43.860081 48.917390 47.166558 43.829100 49.855255 52.673135 50.630313 49.842264 47.885009 50.164503 48.572112 47.620941 47.779540 46.032111 48.716584 49.335721 46.831554 52.308686 46.567594 53.676994 51.644158 47.809878 47.766683 49.271549 53.176619 46.552792 50.739883 48.837384 51.372670 48.861189 54.593518 49.790643 46.339230 52.538436 47.767293 50.305442 48.097858 53.216405 46.637129 56.691785 47.627288 47.176789 53.790516 52.653267 
53.548069 53.006901 47.142613 52.197208 46.066008 49.383189 45.067990 51.800303 48.504282 52.649339 48.909701 48.623075 55.728458 47.430582 51.635301 45.749110 49.618401 47.064112 49.032228 47.823199 47.659909 50.718631 48.299879 48.962250 51.771715 50.455117 51.751318 49.943181 48.965988 48.242930 47.172553 45.788263 48.829257 48.235328 50.868286 47.843512 45.893980 47.048208 52.493314 52.362435 54.970990 47.950490 46.992625 50.773564 47.809854 48.066496 51.734990 49.587484 47.697393 50.015086 48.386916 48.744991 54.177607 44.045628 48.906784 50.864935 49.498871 47.457084 48.608795 47.863372 46.537177 54.130539 46.513417 50.398093 50.214888 53.773377 45.733500 49.322155 49.919501 52.394124 49.333869 47.115918 41.148842 46.837684 48.339964 50.542996 46.524609 50.075024 45.901066 45.457096 48.519973 46.741551 48.414503 46.391535 49.949407 47.464771 49.646104 50.781022 51.243740 47.783179 46.360303 46.827800 50.664788 51.625938 49.619914 49.617684 47.391825 49.141659 49.201152 47.698018 51.419578 48.241724 50.404703 51.450671 51.297007 50.567702 48.212629 47.686675 47.100033 44.201671 50.826302 50.208431 52.170354 52.443370 53.598165 44.428910 49.638758 51.719297 50.178539 48.510821 53.451773 51.380722 47.114452 51.185227 52.716596 51.111069 49.785907 48.821066 48.915528 48.455097 48.459416 50.096676 50.947927 49.268370 48.914133 49.376909 53.345329 52.421418 49.799132 48.598363 47.288915 46.217575 51.349229 50.666440 53.153424 49.569140 44.169231 51.801418 51.760992 50.510628 50.793382 50.802599 51.484296 50.482081 52.939075 48.173291 46.420242 48.035357 45.429642 47.292748 50.673224 51.427737 49.537643 49.382953 48.810529 48.621278 46.111585 47.381807 46.355939 50.153010 47.965203 48.195687 47.318276 52.834329 47.935954 53.848843 48.566514 46.918895 48.550341 47.983169 54.360374 46.764033 51.382175 47.134024 50.365911 49.518833 54.289311 50.669832 47.351223 52.756632 47.414852 50.845003 47.875973 53.776100 46.095527 54.740676 46.739169 48.927649 53.886791 51.716379 
54.178894 57.104343 50.991211 54.656904 49.731610 52.711980 51.539803 54.744930 55.498180 55.896926 52.623950 56.752788 55.219608 50.967079 54.899433 50.931644 50.287203 51.475263 52.705854 50.666398 52.181978 51.949139 52.253822 53.399786 57.406703 54.211159 55.468782 51.870924 50.179745 49.149017 51.234697 51.042232 52.891697 51.636275 53.552919 53.933760 52.536218 51.110633 55.892568 54.281701 54.380540 52.707500 51.779197 54.865804 53.318645 52.217800 54.295833 50.415260 52.173516 51.321828 51.447877 50.772842 58.360478 48.204774 55.749595 54.153807 54.137260 50.514826 51.673634 51.270139 47.768341 55.868606 49.775593 54.431394 55.085861 56.438719 45.807245 53.418671 52.558041 53.729471 53.169409 50.554092 45.647835 47.791397 50.661939 54.101870 49.487901 55.264971 51.294935 48.943943 48.355523 51.800287 53.216453 47.001352 55.548239 52.921012 53.732494 55.848745 55.898595 49.680257 52.485964 48.538984 54.077423 55.580028 54.029853 53.874369 50.235322 53.910504 51.856936 51.811823 52.530598 52.571700 55.107950 53.656166 52.891693 52.995743 50.735070 50.274475 50.578510 50.218292 50.669863 53.690879 51.388896 54.160586 57.004250 49.937272 53.391665 51.560446 51.599036 51.181797 56.993238 52.990353 52.376377 56.081154 55.372137 52.603192 51.571520 50.458459 53.337860 51.658412 50.786388 52.059341 54.883327 52.873793 50.094676 53.299012 59.039844 54.990326 54.908276 51.374832 52.022541 48.736077 55.588614 52.301380 55.957556 53.372461 47.885947 55.208014 54.855093 53.634159 56.006411 53.490597 54.585836 53.934429 55.816964 53.651825 50.104688 51.157062 52.351609 50.671168 52.864903 56.075377 55.627769 51.513623 50.951894 52.101170 50.154909 47.547134 51.829239 51.068645 50.480643 54.930418 50.788535 53.883227 51.996208 58.866278 53.903673 49.504187 51.927684 53.563524 55.900389 50.877489 55.291734 52.039300 53.821967 51.727767 56.557397 50.840433 51.078837 56.136192 51.520678 54.316063 53.643115 56.870194 52.139126 59.242154 51.395367 49.677658 58.621481 53.474792 
52.685256 55.544833 50.167431 52.870087 48.275322 50.756333 48.297245 54.368147 52.174867 53.316049 50.024086 51.668325 54.248925 51.953471 52.926625 48.238051 48.813328 47.714011 51.594776 49.675128 49.436843 51.111221 46.903278 48.900824 50.359520 51.727482 51.306995 50.071840 48.698024 49.195720 50.503217 45.469540 49.783644 49.834239 52.955001 50.696196 47.587179 50.157206 51.677187 52.751482 54.070509 50.350950 48.867602 51.635513 49.438463 49.972089 49.746812 49.225374 50.583144 51.869342 48.434599 47.641785 54.965611 44.334525 52.508309 49.952405 53.475085 50.643568 50.105139 49.880520 48.804569 51.460275 50.299666 49.494207 50.672460 54.161165 44.459678 51.648204 49.127261 54.425147 49.680861 48.065059 43.903538 47.401387 48.509483 50.187298 50.312321 50.820799 49.703652 46.509330 47.551447 51.413681 52.740745 44.451809 52.180296 48.912851 49.165378 53.702884 53.840608 49.466771 47.300561 48.926953 50.404212 50.188864 50.782671 51.658630 47.922881 49.822455 49.929682 48.563160 51.269226 50.277078 52.191449 53.733760 52.556847 50.279890 45.557462 50.151984 47.785559 48.375168 50.299406 52.075983 52.641965 50.994424 54.154773 47.491935 51.808196 51.594259 48.273071 50.129983 52.431179 51.766711 51.110472 52.986153 54.378961 49.865562 48.222124 50.697958 51.996816 47.642627 48.654049 51.490153 52.453345 48.821216 50.099097 50.894226 55.245577 52.679981 50.619906 47.381263 50.450828 44.630043 52.005817 50.008861 52.850315 52.158380 44.317040 54.773892 49.444395 52.420414 54.010308 51.121966 52.299499 52.271351 52.493069 48.848925 48.849566 49.941397 48.839476 49.282439 50.602659 53.255226 51.895075 47.973753 51.198586 48.437186 50.038784 49.603570 47.363550 51.521080 47.903164 48.939632 48.419166 53.621801 48.847831 55.653096 50.213002 49.348321 49.112209 50.149656 53.850027 49.726178 52.721990 50.763678 53.463295 47.514527 54.278092 49.546433 47.194037 53.879627 50.354833 51.543017 48.153323 56.018150 48.136374 56.707442 49.472864 46.947691 53.743754 52.697271 
51.786329 55.328613 48.338962 52.986331 47.976104 48.511201 49.410990 52.861308 51.010720 51.545277 51.531815 52.088098 53.874822 48.946839 52.444982 49.513818 46.010366 48.355673 49.707710 49.531296 48.651464 50.820610 46.360962 52.375241 52.521039 52.210235 52.758942 48.634880 48.480806 49.795657 49.379411 46.253338 49.562226 50.672498 53.147243 49.135127 49.630279 49.076102 53.142840 52.722205 52.058288 49.463879 50.123770 51.227156 47.838405 50.385565 52.630659 47.618919 50.435980 50.711559 48.810654 48.813043 53.687525 45.301872 52.026494 52.165475 51.239771 51.124301 48.127971 48.887287 47.970166 53.476383 50.662021 51.029701 50.935629 53.902568 44.765697 52.067626 51.840835 51.899004 49.542971 49.772115 45.198956 46.896924 48.964846 49.429585 43.255066 52.439184 48.499037 46.950460 49.011011 50.631509 50.498611 46.253228 52.588210 50.738644 51.893678 51.314307 52.350572 50.046366 48.368459 47.067642 52.944417 53.355144 52.980340 51.412287 47.319821 48.804223 50.484149 48.562583 50.660363 50.804819 52.304206 53.848945 52.367076 49.509327 48.235404 50.745109 47.510417 48.130902 50.701513 52.197424 51.241772 53.337372 52.799854 48.007646 53.837409 51.366608 47.955728 50.886531 52.320625 51.002152 50.950616 53.388753 53.943073 48.061783 48.953766 50.131095 51.083059 49.111697 50.218695 50.726721 53.207797 50.233389 48.819068 50.282370 52.550835 53.158290 51.123096 48.331409 51.449672 47.307867 52.463204 47.945743 54.352187 50.216099 45.376359 52.531332 50.595541 49.834980 54.104064 51.907978 52.702173 53.590686 53.146692 50.130887 48.963143 48.762632 50.364820 49.563945 51.184742 51.604648 50.430141 48.415631 49.138274 49.668756 48.187980 45.045937 46.046652 50.299316 48.450008 51.045274 47.439290 52.555813 48.951080 55.012432 51.090638 49.189890 49.150259 49.583871 54.185022 48.023392 51.647248 50.696739 51.845855 48.414011 56.748199 50.025576 47.952329 51.926591 50.291055 52.730139 48.434252 52.244050 51.372415 57.552223 47.177230 48.213122 54.108996 52.173996 
49.332034 50.669709 46.147351 51.513838 45.030151 47.901572 45.484104 51.484374 48.794071 52.168088 49.582042 49.456033 53.045969 48.020204 48.804888 46.470219 46.563293 44.565519 48.340723 50.215758 44.973356 48.685593 46.222352 50.637451 51.420916 50.380020 48.400476 47.606874 49.036168 45.680850 46.995990 45.711313 47.808342 49.041243 48.902987 48.351208 46.567865 46.232044 48.918042 48.334239 49.030069 48.741565 47.621489 48.201362 46.346544 46.760388 48.878645 46.277134 47.907901 50.343991 47.295412 44.210379 53.428428 43.074625 48.913202 47.736706 46.887269 45.130035 45.045294 47.658046 45.555443 50.000064 45.844817 49.628257 48.524721 50.391610 41.829470 49.949589 48.437432 49.987383 47.994964 47.189449 41.995200 45.442618 46.263311 47.891148 45.741085 49.255272 47.030755 44.495506 46.387385 48.141853 48.270037 45.596219 51.079953 48.555631 49.355020 50.482964 49.085238 49.786144 44.540801 45.770106 48.440587 47.712200 48.511367 49.889637 45.349236 49.548017 48.527436 45.210575 49.016630 48.037276 49.665864 49.103025 46.964486 48.630376 45.292533 46.084890 46.558894 46.138535 48.407810 48.182414 50.107492 49.036128 52.739202 48.129406 48.358712 47.687494 50.288346 49.365073 53.165958 50.459224 46.710441 47.582640 50.692792 47.697942 47.625260 46.335405 46.069446 45.879618 46.125657 48.007660 51.822695 48.520878 46.380800 47.693444 52.459775 50.043316 48.241141 46.949475 47.212862 45.341220 50.040926 47.127376 51.760000 48.395013 43.196399 51.384288 47.776831 50.172146 52.586321 48.216150 51.805483 48.189056 50.754022 46.964761 45.618937 48.567984 46.536203 46.536090 48.601419 50.972487 48.606409 49.112469 46.826068 49.306865 46.648630 45.850839 43.603885 48.552079 47.041991 45.880165 45.679858 53.426570 46.487669 53.084922 47.573315 48.178783 47.959492 48.059292 52.367803 45.759843 49.902629 47.719469 50.381092 45.471215 53.072598 46.007368 47.592137 51.002320 44.932715 51.378222 47.814644 51.435995 45.528845 53.409331 47.439893 44.781239 52.117685 49.858190 
51.442749 53.874271 45.777121 51.016902 46.506515 49.193115 47.576961 52.980413 49.558758 50.885980 47.506828 50.761954 53.555357 48.759856 51.196982 48.068156 47.581334 46.731419 48.566570 49.838812 49.002249 51.007455 45.467889 51.904239 52.313004 51.046198 51.066795 47.224461 49.108812 45.507982 49.069664 45.782263 47.479605 47.513972 50.125055 50.900826 45.154580 48.222998 52.322324 49.296545 52.644493 47.608868 48.747890 48.347140 46.800617 48.514724 49.298357 48.594006 49.795722 49.430629 46.874427 44.390927 52.167159 44.667450 51.214624 51.750930 48.660219 48.440665 48.165172 47.237176 47.151569 51.746082 49.143801 49.894064 49.093893 49.819961 44.058452 50.895453 46.753274 50.723025 50.348559 45.837750 45.671982 46.122066 46.473568 50.600440 45.533199 51.738809 45.828744 44.385352 46.745264 46.854939 50.327582 45.779908 49.988825 49.215400 47.667172 49.352073 49.326863 49.002128 46.169420 44.964896 50.089842 51.942152 49.752247 53.294575 45.800296 48.259491 48.832898 46.667723 48.874358 51.203346 50.704046 51.075452 47.927873 50.452573 47.296585 48.548567 44.708713 47.195539 50.104279 49.532343 52.526438 50.359847 52.483905 47.670449 49.936455 52.030406 48.937641 48.669981 50.136320 50.911237 49.873088 49.294858 50.120688 48.977220 48.296594 48.105836 48.008314 48.491089 45.001793 49.230466 51.998654 48.869570 47.789044 49.976167 53.106444 51.122831 52.992177 47.210570 48.359600 45.427042 52.715987 46.831238 49.124132 50.746684 41.538333 54.721827 49.088820 49.986172 52.539271 48.241905 49.973985 51.487134 51.226264 49.288254 47.113147 45.876166 46.459337 46.234544 46.626213 51.603559 48.100765 48.458736 47.084087 46.205837 48.907653 46.252805 45.905418 49.178102 47.099926 49.040241 47.619643 52.910514 48.729012 55.011466 50.195449 46.975288 45.569938 49.247945 52.961114 46.654509 49.022974 49.406830 50.561525 48.780362 54.897698 48.796616 47.481486 49.433053 45.745078 52.632328 45.629830 54.020103 47.514355 56.404422 48.781775 46.393005 51.510235 52.351067 
51.624614 56.548858 46.674993 51.063660 45.058257 48.942687 46.978472 50.867700 50.072097 51.124707 48.176760 48.310218 52.816453 49.756875 51.843263 48.494715 48.122832 46.491118 50.823122 49.796547 48.797912 49.350806 45.996335 48.613795 52.477213 49.788269 50.318392 47.938785 46.525940 47.377577 46.886461 45.508916 48.183981 50.041395 48.016546 49.723917 46.694110 47.584461 54.024507 49.042248 52.199340 48.188413 48.602329 49.407991 49.011848 49.553175 52.335504 47.069205 51.172225 50.057895 47.567434 47.163887 54.744562 45.541128 50.836855 49.389026 50.091241 48.057555 49.149366 47.638391 46.163778 51.121801 45.999260 50.263959 51.836818 53.667761 44.433336 51.578666 50.349929 52.230074 49.681841 48.405017 43.769670 44.092064 48.152220 51.146462 45.585798 50.347683 50.826068 46.172512 45.634117 49.229020 49.491560 43.272914 49.857465 48.368796 51.228934 53.216831 52.671136 45.651687 46.484868 46.927497 50.584776 50.738097 51.737873 49.112531 48.317937 49.873917 52.098871 46.491971 51.247494 51.792293 50.130983 50.096821 49.085332 50.945196 47.666022 49.166834 45.608988 44.851244 51.260699 51.744601 50.393725 52.893698 51.836142 45.807338 51.475145 51.245604 50.092250 47.570174 53.537369 50.728750 49.421071 48.849351 50.895966 50.319311 46.706716 47.219427 46.415734 50.432003 48.228030 50.119865 51.984756 48.983456 48.407268 49.850287 54.996076 49.660696 50.911821 46.952357 49.198874 47.111358 52.525509 47.885695 55.955519 50.824486 43.480565 51.608345 48.473525 50.186883 52.615989 51.350472 51.525279 53.162126 52.507737 46.991653 45.975142 47.186818 47.968063 46.798753 48.381844 52.202996 51.392533 47.643480 49.113514 48.028323 47.133099 47.629716 49.405649 47.400871 45.482872 48.831858 46.460922 52.116576 49.167128 54.839033 49.996037 47.881747 51.170735 49.760297 54.424021 47.390200 52.665181 49.313579 51.160569 48.413885 55.377341 48.323528 46.520002 52.726423 48.770876 51.032101 50.541033 53.777506 47.543897 56.662573 45.724929 48.580975 52.231592 51.662032 
49.213517 53.401495 47.088871 49.139225 45.028934 48.683609 46.346422 49.597139 49.348033 51.692092 47.033361 50.784868 50.196552 47.712783 51.095845 47.516057 45.240807 43.502782 47.437418 48.891182 47.286488 46.655223 45.833906 48.676485 52.723283 50.122811 49.807694 46.804055 47.442738 46.516102 46.049771 45.327777 47.485723 46.405688 48.108139 47.289473 46.560002 47.880481 51.772478 47.182745 47.627031 47.272424 47.764484 48.782324 46.470888 50.744004 49.823217 47.992054 46.560202 48.771106 49.684967 46.693707 55.524702 45.598043 50.815637 49.360251 48.877780 48.093407 47.134446 47.247617 44.487969 50.402518 46.568829 47.626612 50.506929 52.496326 41.075105 48.539228 48.785565 48.216886 46.526411 47.839227 40.999734 45.299253 48.049332 48.964142 46.469404 50.967173 44.942950 44.596408 44.373289 48.698442 50.438405 43.750778 49.179857 48.120094 50.401003 52.290870 49.843344 47.292560 46.542904 46.196128 50.868001 49.167762 50.104489 47.037338 44.976775 50.817845 49.610737 46.092899 49.646583 48.912436 48.448942 50.487360 49.554124 48.318392 44.341277 47.545059 46.589770 43.588884 49.245357 49.737295 49.547700 51.752598 54.386930 45.167788 50.296634 46.390588 48.387301 46.724862 52.190372 50.541005 49.289859 49.764137 48.620090 49.723575 48.031153 46.000144 47.048277 47.906347 47.047331 48.059599 49.137131 48.038351 46.777408 49.557144 50.023862 48.932405 48.762421 49.314955 46.013207 45.125672 48.294965 48.207435 51.118025 49.951195 43.445606 51.639541 49.205980 50.585330 54.450373 50.137702 50.970698 48.909336 51.964808 46.752974 46.233634 48.201247 46.086408 47.094745 47.465866 50.285007 48.134128 47.973080 45.457242 49.178584 46.014832 45.104912 46.933786 44.539830 46.127830 49.783975 45.066132 51.795456 47.385785 54.045882 50.513435 47.839401 48.224035 47.335350 52.124969 45.290839 49.752993 45.929738 50.977398 47.898273 52.464920 48.950636 48.094499 50.335935 44.662808 49.628411 50.350986 49.525755 48.262513 53.845878 46.243218 47.134661 53.153261 51.907806 
50.783771 55.269467 46.328769 49.434035 46.224148 47.536446 46.494936 52.030438 50.239335 52.858314 48.752802 49.669926 53.271198 49.781068 51.482549 46.319854 48.181374 47.070078 50.567999 50.012769 49.303201 49.852950 45.686218 48.255142 51.991845 50.727562 53.445464 46.397914 46.346888 48.781110 47.332946 45.131905 50.151911 50.727893 50.484649 49.355426 47.440799 44.681056 52.136053 50.974693 51.537123 47.369363 49.624109 50.052110 48.523128 49.585376 50.869883 48.338991 50.094888 50.871481 49.267784 47.954271 55.927863 42.938528 50.859528 49.721626 51.354545 49.124075 49.986135 48.461177 46.880205 54.348964 47.218042 50.375385 51.202700 52.681945 45.957765 49.545434 49.584131 49.452171 52.419513 47.956997 42.502842 45.972173 48.123201 50.453413 47.356878 50.531906 46.770718 45.525398 46.791639 49.373721 48.283590 44.358901 51.791112 49.170589 51.761349 54.179699 53.969092 49.545176 45.469617 46.644514 51.781444 50.119395 52.288134 47.876008 45.656001 47.731069 52.142419 47.544956 50.742121 50.376240 50.826664 51.496401 48.024838 52.390283 46.827606 47.748745 46.064318 43.388123 49.054292 51.940468 49.789666 53.382169 52.796192 46.402713 51.717490 49.318357 51.701308 48.100338 55.249183 53.800237 47.684738 50.259278 50.430451 49.962681 49.531819 47.549831 50.326014 48.047079 48.405325 49.082733 51.593303 48.002249 49.844924 48.355116 55.610238 51.827184 49.424158 50.022925 49.093580 45.804510 52.058212 48.032741 52.749391 50.641103 44.679208 53.008783 50.945424 51.298820 52.937630 49.452234 48.237040 52.489108 52.878943 49.303225 45.214513 49.249999 48.000680 47.033331 47.060828 49.478569 48.949942 48.625092 47.924516 49.327219 47.715030 48.024719 46.699712 49.253280 47.035931 49.714781 46.869332 51.318925 48.152271 55.064680 47.084978 48.791778 48.479655 47.773825 52.953773 46.990365 52.179171 48.644494 48.912671 50.508517 51.763094 49.453831 47.694376 51.684330 47.006467 47.208750 50.616684 53.750960 49.776434 55.276263 45.827810 47.793222 53.603327 49.907307 
55.885446 59.039990 51.645554 57.573374 49.895463 54.385704 52.103926 56.883522 55.976576 59.236591 55.041811 56.367214 56.987109 52.700788 56.307021 55.449277 50.153986 51.832151 54.557023 51.622631 52.124194 57.616443 50.591986 54.873695 58.237237 53.556172 54.014762 53.470481 54.631013 52.201744 52.248884 49.450914 53.854474 52.367153 54.052448 53.808045 53.319058 51.342075 57.089608 54.447726 56.260079 52.626130 50.759403 56.118708 53.561089 55.512259 56.812864 55.282781 53.801262 55.270251 52.977184 52.956238 60.665809 50.050838 57.117547 55.628739 53.095574 52.312171 53.468634 52.354894 50.461165 57.687358 51.879701 54.411170 55.540522 58.392010 50.509196 55.304375 53.875359 54.676448 54.837299 52.628001 48.434841 49.193346 55.529640 55.089082 50.922892 55.609170 55.322678 51.603325 51.423958 56.578061 53.153824 48.076879 57.618145 53.391279 54.607219 56.848658 56.180634 55.414924 51.574223 50.024792 56.326306 55.336862 55.889384 53.736629 52.528685 53.267886 55.261208 53.013495 55.330261 54.367605 55.962660 55.471951 56.144363 56.056615 48.021058 52.947416 50.060515 49.649498 55.385952 54.089415 57.393078 55.355507 56.532055 50.315220 56.851321 56.100378 54.322210 52.958936 58.507679 59.334572 55.522158 54.230419 56.681520 56.509641 53.708012 53.094828 53.311068 55.004664 52.605030 55.091175 55.478736 56.066106 52.887338 54.558121 59.513387 55.017974 55.036212 51.131589 50.744426 51.131366 54.695470 51.856815 56.438078 54.321439 47.817670 56.521588 54.352989 54.970828 58.715484 55.608998 57.423388 56.848732 56.490301 52.861007 51.388711 52.552955 51.194290 50.033367 54.008377 56.136999 54.519404 53.695315 54.865040 52.298726 52.631753 53.252303 53.500309 51.107907 51.590395 53.695120 50.045823 59.675159 53.789215 57.788821 55.298633 52.147030 54.831668 53.615731 56.978594 54.097840 55.764610 53.450774 54.837169 53.607702 58.825724 55.355512 51.436211 55.925641 53.350717 57.935248 54.493945 58.036616 52.102746 62.504549 52.085591 51.872706 59.384243 57.541795 
52.044292 51.413687 46.264145 49.692525 43.681702 46.751295 46.123387 50.460840 47.721774 50.639900 46.981865 49.993957 51.935166 48.999574 51.188788 45.836381 44.980136 44.901372 47.704428 47.374145 47.054316 46.962884 42.657694 48.063406 48.852611 49.317950 49.719347 47.344081 45.689915 46.169923 46.864879 44.875209 47.525278 46.327319 48.886767 46.758316 47.514884 47.178103 52.634421 50.588216 48.397833 44.553795 47.462976 47.914533 45.685388 47.478728 50.495475 48.669537 47.525021 47.219074 47.947314 45.513346 51.280704 42.432608 50.829584 49.674906 46.994074 47.385954 46.316546 45.990016 44.364515 49.334728 46.880242 49.219340 48.600246 53.325617 42.271290 49.752563 47.903134 48.372485 49.095117 45.834016 42.050877 46.082340 45.440980 47.076985 44.164028 48.191005 46.512028 45.737840 46.770368 48.472866 49.502570 43.573514 51.032064 47.433783 49.682911 50.244457 47.662379 48.002225 43.201989 41.654899 49.394518 49.310620 50.866532 48.237433 44.921670 47.871293 46.604209 46.389961 47.758553 51.525356 50.061133 48.097634 49.652319 46.800710 45.498736 47.047919 42.615412 44.277202 47.603356 47.254045 49.348557 50.235064 51.161794 46.845860 52.024233 47.225525 47.902800 45.370659 50.780531 51.381824 48.072933 49.001200 49.118870 48.647498 48.262093 47.562602 48.960157 47.182911 46.565717 47.011598 49.449380 48.671467 46.604812 46.260242 50.425899 47.708135 50.917037 46.891322 49.134342 45.116310 50.652543 45.577223 50.789462 49.525886 41.115557 50.867377 47.939353 50.161876 52.959236 48.066072 52.100915 50.811932 51.184110 48.728407 45.164214 47.575233 45.785813 46.053353 44.937162 50.598618 49.207450 46.269142 45.640764 47.095009 46.777578 44.219264 44.579598 46.154322 44.226482 48.478351 44.390545 51.355747 46.940430 52.142114 46.814411 46.689097 44.973913 46.137120 51.413039 48.440499 48.728491 48.407533 49.350804 45.043540 52.840883 48.186730 43.999224 51.560389 43.277325 51.252300 47.531504 51.671889 47.668572 54.631105 44.364977 46.814406 54.169967 50.617462 
54.384207 56.208959 51.206674 54.301998 49.102196 53.060172 50.178034 55.665217 52.815357 56.858873 49.683886 55.778305 56.874915 51.798992 56.650005 52.200558 52.416592 49.256008 53.146605 50.975044 53.722989 52.215581 50.689894 52.724499 53.028792 54.206591 54.227155 50.259383 51.379443 51.493161 49.668954 47.749919 52.305273 51.913355 53.022856 52.084482 49.791131 49.608966 54.833075 53.531489 54.145459 52.269766 51.226833 53.297146 50.334270 53.705234 52.445200 51.228532 53.386529 51.968857 51.853121 50.650609 58.475357 47.568130 58.184556 54.713160 53.737749 48.922851 50.143681 51.713412 47.744237 55.391788 49.552637 54.172200 55.092804 55.890660 47.367702 53.363869 51.626158 55.835156 51.575751 52.207480 44.951373 47.746483 51.711073 54.004138 53.667600 54.772574 50.253766 47.185170 49.105619 51.353576 52.190989 46.769514 55.979159 49.984975 52.581498 57.638495 55.460568 53.660741 51.871755 49.061957 54.235304 52.310378 54.281393 53.244879 48.823587 53.424968 53.068030 50.424798 53.314022 50.995557 55.638923 54.678765 54.409521 51.874183 50.249230 49.174786 48.618494 48.817401 49.513761 54.092014 53.432753 55.665361 57.589587 48.902994 54.638219 52.276216 53.352013 49.172789 57.351323 53.975109 53.725056 52.821611 54.439965 53.755867 50.322121 51.985708 52.565001 51.728388 53.138370 49.521687 53.202901 52.289935 51.565760 52.385046 56.963557 53.844582 53.660339 51.537466 51.651345 49.984057 54.278188 51.740879 54.369484 53.917043 48.707688 53.802377 52.370555 56.320321 57.496949 52.914058 54.707044 52.619139 54.503016 50.578438 49.906980 51.486238 49.418772 50.654446 51.571247 53.909335 56.058522 51.892053 51.722827 49.642440 49.465162 51.251333 50.464015 50.366504 50.412487 53.041437 51.346127 58.007132 50.642340 56.239357 51.806793 52.253920 52.118353 53.602215 57.003251 48.942721 53.126977 50.249759 53.145477 52.184355 57.125357 54.695800 49.161050 55.336903 50.028155 55.332030 53.536503 57.776007 49.117183 57.787271 50.107246 50.411552 57.643067 53.887161 
54.840279 56.647508 49.892987 53.762717 49.641107 50.357867 50.682602 55.589525 53.878733 54.078628 51.239600 51.454506 56.357966 51.349338 55.427536 50.179061 50.268050 49.823564 50.550609 51.004389 50.094548 52.196710 49.424607 50.796871 55.007122 54.884580 53.908392 50.029332 49.808396 48.589244 48.539633 49.590475 51.932940 50.646736 56.417123 51.588169 50.998480 48.848184 55.554256 55.451128 54.356678 49.920075 48.796400 53.060805 50.774076 50.325781 54.617065 50.109986 54.178196 50.758700 52.088635 48.742125 58.272246 46.489960 54.096545 54.581126 53.251724 50.083065 48.126660 50.452551 49.072109 55.591527 50.434902 52.851706 52.273962 53.774305 46.285685 52.296877 52.805680 53.423078 53.558627 47.596850 44.574587 47.461312 49.687721 52.606435 48.065774 53.779046 48.180505 47.349332 47.229674 52.437422 51.618046 47.527138 52.311805 51.842819 51.397782 56.251551 55.664680 51.921817 48.717769 48.142919 53.338037 53.058304 56.464010 53.667966 48.291108 51.864254 51.446559 48.801281 54.153697 51.722483 56.001071 51.663710 53.511197 53.742568 50.006317 49.748690 47.728700 48.838937 50.970387 51.518673 51.467438 54.381554 55.691168 47.483620 52.718519 55.648257 51.534177 50.621785 57.722285 53.723656 53.067834 54.216371 55.057249 52.872830 51.410307 49.573923 51.998243 50.340405 49.360909 50.826864 55.941204 52.124850 52.040918 52.755941 57.778369 53.392185 52.324328 51.431239 50.352129 46.980851 52.724565 50.983804 52.615851 52.916989 46.833402 53.660989 50.648948 54.278976 54.714631 53.650660 53.968840 54.864541 58.585034 50.270566 50.404055 50.568375 50.903633 49.194324 53.126506 55.366005 52.939872 50.367317 50.411264 48.796343 49.711188 49.531681 48.992520 51.795472 49.712992 51.903219 48.591589 56.502147 49.643392 58.211256 50.786166 50.693160 49.874249 50.353332 55.362731 48.959685 51.754548 53.371589 53.703474 51.626095 56.556605 52.975335 50.905919 55.658989 51.490107 53.091854 52.123793 55.023432 47.709903 57.061377 48.472145 50.150147 57.103131 55.358399 
50.827674 50.103134 45.558626 48.702918 43.850189 50.487738 47.108969 51.915112 49.019869 50.781592 47.789205 46.956078 51.424930 46.037209 49.726724 45.755618 43.978790 45.395708 48.959881 48.535827 47.219698 49.410523 45.355061 48.313456 51.428242 47.975613 48.599944 45.237508 45.304071 48.606390 45.433319 45.065970 49.062515 45.977498 49.934662 49.316094 47.736552 47.887950 49.358771 48.170572 50.283950 48.386699 44.782366 47.714504 47.511937 46.163412 47.049079 45.299124 48.105869 48.488642 45.705742 44.541880 49.640682 42.166323 50.312092 47.272896 48.506873 46.661382 46.646478 46.777149 44.011502 50.431495 46.876627 45.726557 48.521632 51.852446 44.400562 47.412727 45.889240 49.550783 50.321909 47.355312 43.163415 44.101184 44.537499 47.653561 45.620964 48.603337 45.007604 42.805821 46.526372 47.082318 49.190417 42.267885 49.529458 46.958530 46.023390 50.640180 48.740830 45.569418 45.751213 45.129173 48.625409 48.318801 50.043849 48.549471 44.462653 47.848427 46.699305 43.947262 50.823546 48.823842 48.741744 50.209087 50.075782 47.535097 46.149668 48.343229 44.942412 44.140105 47.566905 47.392985 49.899628 48.939752 50.267304 44.169832 51.916807 49.761730 48.377363 47.292984 51.920727 49.083603 46.083366 49.192190 50.096269 46.694402 46.103783 47.178544 47.171431 48.135161 47.604882 47.152270 51.634556 46.995940 46.796170 47.497832 51.121129 51.415011 48.194877 46.023319 45.349096 45.390482 47.731964 47.117235 49.675585 49.815626 42.299832 49.410740 47.496608 48.669662 50.242908 48.757057 51.193719 51.468245 49.791028 48.136631 45.340799 48.628114 44.499326 43.868943 46.823402 51.480945 47.909329 45.966529 45.841933 48.477952 46.801969 46.749197 44.445912 49.239299 45.308402 47.647816 45.671502 49.548776 46.116324 54.487126 49.062881 46.714914 47.406009 47.213431 50.966520 47.715664 48.385559 46.629505 50.245686 46.542221 54.351856 46.454125 46.689134 49.902522 45.955155 50.825113 46.362544 51.428128 46.670787 56.033881 46.512486 46.412746 51.480851 51.050731 
50.377852 55.507278 47.924569 50.979097 45.777064 51.753612 46.703976 52.995387 50.594089 50.826453 50.388365 50.146266 52.915480 49.773772 51.406003 46.969188 49.387231 46.728591 49.362880 49.177669 48.995717 51.879773 46.084715 49.816876 53.497545 51.209829 51.526550 48.558614 47.955059 49.847976 48.529311 47.782281 49.354158 50.451005 52.999185 50.033454 49.921592 48.809839 55.138102 51.386702 52.074323 47.747081 48.279827 50.892278 48.459981 49.547577 51.582446 47.218699 51.705263 49.006214 49.824834 44.917779 54.611730 46.122021 51.649909 50.981312 50.935946 50.068910 48.621545 49.574334 46.274087 52.969080 47.676280 48.637707 51.987084 53.347291 45.808756 50.404392 49.785762 50.500142 52.295838 48.639439 42.768070 46.237378 46.816571 51.898538 47.146183 50.448489 47.822380 47.010767 46.347235 49.535070 50.803338 44.149210 51.648266 48.627776 49.953746 53.242871 52.352613 49.837186 48.040735 47.155592 52.028642 52.510440 53.387622 49.933471 48.863322 50.118310 50.242853 48.157858 50.288553 51.151025 51.017100 51.367459 50.158881 52.272193 47.807258 48.568545 46.913276 45.319191 48.427120 51.238426 49.076745 51.416978 52.074363 46.560897 51.056613 51.116623 49.292825 46.758212 53.040846 49.996879 49.377992 53.864699 51.643140 51.601197 49.654501 49.256461 51.779150 50.259494 48.421317 50.407923 53.822235 49.878798 47.961393 50.057297 55.394743 51.067878 53.202483 48.448584 49.428403 46.617682 52.509815 48.240520 52.987499 51.797580 44.840044 52.512940 50.742818 49.892352 53.825127 52.071050 51.302829 51.989369 53.514034 51.072482 47.595591 48.480830 47.538601 51.257008 49.018661 53.669280 50.438316 47.472969 47.704428 48.945717 49.936419 45.371341 49.423818 50.630866 48.957736 50.749268 47.951017 50.220376 47.870697 56.043124 51.824775 49.661997 49.724600 47.428559 54.609268 49.685189 50.603898 49.313692 50.960777 49.079932 55.923736 48.366716 46.817974 51.854094 49.017317 52.560267 49.891555 54.362173 50.409849 55.081793 48.753893 45.931860 55.156022 52.631102 
52.748789 56.336459 49.234294 52.994732 47.102129 50.164261 49.274968 54.508416 53.360874 55.123995 50.801289 51.612099 53.975410 50.395307 53.607919 48.574726 47.992928 47.387601 50.509733 51.245546 48.711009 49.913969 49.663865 52.054783 53.708352 52.585369 52.027001 48.374266 50.081282 49.524110 50.573750 49.398234 50.605369 51.309946 51.538596 51.291466 49.705532 48.539501 52.694334 51.788351 51.447297 48.726670 48.712367 52.201133 48.077662 49.708498 53.744888 50.962677 51.175534 50.967231 50.514965 47.053039 55.862097 46.272818 52.150556 52.722227 51.473542 50.465706 49.401247 50.460958 47.373286 52.818500 47.862769 50.143057 50.201069 56.553709 43.581302 50.065336 52.765556 49.879797 51.028712 48.823514 46.171770 46.595370 52.264131 53.219882 46.903184 51.452976 49.919206 47.384405 50.506068 49.813287 53.269272 46.663323 50.698513 50.870196 50.976219 51.973290 53.935443 50.899878 51.786349 48.792614 54.092942 54.230657 50.335807 51.152791 48.578985 49.865082 50.272574 48.011768 52.879768 50.363420 52.324421 51.660260 50.773162 51.708103 47.208616 49.189344 49.827864 47.126084 49.362440 52.332641 50.479030 53.739226 55.843444 46.528492 53.408496 49.910133 50.122332 50.418855 53.176606 52.809619 51.616445 52.130277 52.160568 51.736037 49.440888 49.813611 50.466569 50.839551 50.813872 48.925901 52.402540 51.821902 50.011127 54.824302 56.142786 52.217669 53.142724 50.109138 49.563883 48.255677 53.630983 49.657775 52.109578 51.527195 46.350834 52.142881 51.490114 51.639042 54.138974 53.082574 54.839581 51.538453 53.178379 50.975431 48.124960 50.313860 48.697740 48.476852 50.820031 52.399361 50.998995 48.999859 49.422991 49.461657 49.683922 47.371500 49.484633 49.802661 49.503969 49.661788 50.855111 54.105035 49.188535 56.134110 52.709669 49.877299 49.805344 52.117505 54.042380 49.929713 53.927308 50.194728 52.688800 50.954729 58.911466 49.461493 49.506568 53.668284 48.478167 54.337518 50.117353 54.230184 49.472814 57.582720 49.329196 48.182014 54.516235 53.898135 
53.048572 57.767420 49.834530 53.503203 47.770816 52.605332 49.630485 53.709368 55.292296 55.456067 51.621771 52.790853 54.500804 51.925802 55.313441 50.040826 50.373223 49.714836 52.352272 51.600248 51.268188 52.977416 50.955073 51.973971 55.065282 51.327259 56.654478 52.731924 50.433528 48.818103 49.697473 49.931319 52.318429 54.949940 53.752964 51.013426 50.351704 50.203899 55.645743 53.208989 54.898554 51.510783 50.236933 53.903793 49.750124 51.367354 53.313701 49.768386 53.369847 52.127931 50.350916 50.050531 57.954998 44.606907 53.379925 54.811811 54.684614 53.074106 49.498466 52.375925 49.846466 56.414631 48.692416 53.578049 55.955750 56.122848 48.423249 51.929410 53.488535 54.808803 53.271099 51.506592 45.952112 46.604815 53.023159 54.959730 50.203074 55.794655 51.619432 46.819988 48.158684 55.034534 52.232991 45.539115 54.266957 51.734600 51.879834 56.327666 55.864070 52.476162 51.095983 49.829892 51.533743 54.982097 56.739499 53.905683 50.386112 52.347083 51.945213 48.314976 52.959906 52.144163 53.573807 54.357123 56.122320 55.022571 48.119756 49.054774 50.924790 49.039885 52.002266 50.651713 55.505497 54.241868 56.362369 50.665982 52.825624 54.386845 53.309790 53.992281 57.215629 54.654609 52.472865 55.117398 53.767994 54.406861 51.185521 49.556108 51.134989 53.572672 51.378868 51.349592 55.624905 52.706342 51.729632 52.604180 57.457806 53.980291 52.946290 49.919850 52.562182 49.544071 55.389853 50.577192 55.259808 52.370368 45.546099 56.323276 52.185942 51.786768 55.726289 54.085620 55.710598 54.070519 55.311117 49.486576 51.096514 48.869571 50.975838 51.104676 51.762305 56.318972 51.835014 51.149566 52.148158 51.132805 50.477421 50.252527 52.997906 51.348001 50.730395 50.828900 51.401883 56.542349 50.166504 56.245192 52.493524 52.302479 51.981402 52.674272 57.538535 51.357139 51.286665 51.731374 51.286279 51.221420 56.903710 53.527667 53.078275 54.310105 52.500563 53.006655 50.873938 55.283462 49.758995 58.921745 51.026125 49.792165 58.101428 54.738529 
47.836260 52.044295 45.512026 48.662238 44.025084 45.143237 46.326308 50.686314 46.689721 50.395809 46.346448 46.661576 50.517586 46.382957 49.383066 44.888638 46.432990 45.091466 46.237379 46.454034 46.711713 48.153559 44.025455 47.299753 47.510688 48.297775 48.201803 46.030251 45.849438 44.956437 45.426773 44.213614 46.217509 45.842572 48.979796 47.882355 46.716962 45.341240 49.685542 49.046460 48.703234 46.199868 43.832900 47.265872 44.943174 46.705073 47.873266 46.195547 47.804406 48.861405 45.854070 43.386763 52.679279 43.810906 51.492132 48.232173 47.375915 45.667903 44.947296 46.081299 45.690382 48.593037 46.083404 47.972822 48.902082 50.576801 40.840040 48.780690 48.108485 47.948473 45.629150 47.220127 43.044062 41.265719 46.616837 47.546737 45.500299 46.983567 44.079785 43.999517 41.768596 46.955550 47.985394 41.361120 49.494787 47.421494 47.500252 50.690715 49.001730 48.583720 45.549095 43.821553 49.959282 47.226088 47.193736 47.804277 43.380460 47.458081 46.633281 44.620572 46.106628 46.874943 48.419345 48.144679 47.029323 48.905481 43.382793 43.589429 42.925991 43.718490 46.225983 49.525346 48.642191 50.567372 50.241940 44.754789 49.351354 48.822129 45.856768 47.184137 50.910782 49.960443 47.922717 46.914172 49.094049 48.264272 46.215758 45.156205 47.055984 45.999063 45.418168 45.454633 47.648081 46.847523 47.298892 47.863610 50.966547 50.481815 48.551499 45.053107 46.444959 44.590058 46.048467 44.557769 49.248471 48.003136 41.328577 50.605578 47.689135 47.543411 51.588816 45.007193 48.433190 47.357626 52.944872 45.790962 45.406362 44.723488 44.439341 45.706380 47.737123 51.390415 47.245663 47.479110 45.175757 46.599321 44.161809 45.435806 45.411760 48.213572 46.365044 46.637152 44.866688 48.639191 45.249339 51.789443 47.017325 46.678752 48.348602 46.781563 49.994743 43.121265 47.625946 47.542821 49.312622 46.834797 54.119158 49.117158 45.708941 50.778798 44.355352 46.727874 47.971065 53.023621 44.784347 52.407206 45.669830 44.658778 51.290579 49.667293 
56.064419 59.536475 51.822838 56.354814 48.842861 54.275599 50.995316 54.072528 55.740026 58.381744 55.326855 53.941066 56.820486 52.143861 57.249617 52.419841 52.739206 52.136328 53.739368 55.095663 52.349877 55.471489 51.012953 54.504671 56.431063 54.366625 55.345211 49.401400 52.825917 53.068219 51.146051 49.963973 55.162907 53.612620 56.610388 52.715043 52.421702 51.081074 52.803762 55.626427 55.438104 54.574240 53.270301 53.174027 53.783198 54.485946 55.316697 52.357756 54.364735 56.478928 52.804069 51.496767 60.817277 47.636801 55.724128 53.982847 55.187710 54.404830 51.659058 54.534190 50.705218 55.892552 53.078935 52.699570 53.212211 57.692970 49.528474 55.265066 53.747480 56.202827 54.301833 53.303581 48.429397 48.998825 52.315711 54.581017 52.172587 55.546143 53.533080 50.298880 52.400360 55.910691 56.361506 47.046567 57.436817 53.931746 54.778221 56.796790 57.747913 51.761907 51.960398 53.724182 56.783587 54.420795 56.827363 54.786794 53.879213 53.739297 55.378766 50.935911 55.736818 55.775963 55.960261 55.901391 52.723668 56.590048 49.694933 51.272686 48.298325 48.463659 54.387672 56.815363 53.604189 58.763079 58.346795 50.193211 57.955111 53.420546 54.662546 53.197823 57.223091 57.132409 51.757286 55.551569 55.427380 56.161921 52.625323 52.319461 52.466568 55.051655 52.668266 53.258677 55.634642 54.350456 51.850079 56.320201 58.166741 56.454767 54.986054 51.580983 55.719026 52.216371 56.155230 53.233696 57.114209 54.573808 48.475859 58.311367 53.630292 55.980991 56.519852 54.353484 55.387419 57.741455 54.584167 52.772845 50.488129 53.495706 50.263107 49.873000 53.111531 58.891181 53.243944 53.082706 53.274715 54.274390 51.383982 50.035431 52.412788 55.343454 52.055332 52.994697 52.072779 57.752076 52.575308 59.521159 55.226160 53.641705 54.368561 51.923560 58.443661 50.211938 55.875196 54.458165 56.555451 53.775397 60.016028 53.478653 52.125694 58.031869 53.557283 55.043505 54.234100 57.267073 52.802254 62.370594 52.616925 50.524801 57.764037 56.025679 
47.853448 51.228437 45.551721 48.370186 44.577219 45.545810 44.870785 50.631235 48.617744 48.808624 47.933633 46.675571 47.978225 48.273973 45.617335 45.516501 43.838828 43.098568 45.238844 46.639758 43.883685 48.013936 44.265699 46.004891 50.622381 47.681126 45.608806 46.889551 44.781909 43.626785 44.921021 44.246330 46.176990 46.031771 47.810729 48.109284 44.263065 44.828220 50.038802 46.808714 48.327135 44.367715 43.371021 46.835566 44.939401 44.652001 45.960687 46.143421 47.383064 46.389084 44.408863 44.833883 51.612102 40.369493 46.360067 47.462185 49.534885 46.525930 42.837378 43.980802 43.971006 47.834289 44.401035 45.494074 48.463138 49.789882 40.166284 45.692915 44.441157 46.031438 48.117238 43.122014 41.650956 43.488502 44.611145 45.497750 41.835983 48.747266 44.042890 43.102990 44.883256 47.540262 46.997970 41.487520 46.811270 45.681679 45.974440 48.863845 47.665032 43.097442 46.728757 45.076782 47.281849 46.606647 48.164807 46.323007 44.759734 45.950370 45.749744 42.093623 48.488274 47.168300 47.379277 47.604521 48.425706 44.875188 43.369295 46.256388 42.587067 44.050706 46.078916 47.864382 48.469957 49.705283 48.040265 41.423477 49.004694 45.348080 45.806609 45.890135 50.998836 47.652151 43.718785 46.927990 49.698285 48.328544 45.367341 46.366039 46.791098 44.562967 43.623687 42.172646 50.089376 47.955111 47.720512 49.384502 50.222474 46.805853 47.184614 44.977075 46.575009 42.270266 47.825682 44.860776 47.988742 46.269104 39.694245 47.774752 46.307286 47.600084 48.689821 47.993260 48.618623 49.340881 48.941009 46.520544 45.534591 44.503779 44.714759 43.039232 48.642787 49.210154 47.174346 45.780096 43.209261 44.778346 44.283704 43.366420 41.890344 45.445961 42.064122 46.551432 44.048507 50.932402 44.699899 53.320639 44.641070 44.136644 44.601903 45.028471 49.802721 44.385681 49.181603 45.608943 50.118784 44.621150 51.371306 45.280816 44.286823 48.722913 44.862030 48.571065 46.413036 49.817635 44.613554 54.254571 42.641992 43.805128 51.012362 50.374731 
48.789141 53.973612 47.335030 49.575034 47.062998 51.386657 46.945760 52.586482 50.691055 52.780471 50.796064 49.853210 50.579000 48.018347 50.657909 47.980017 45.751770 44.754072 50.020650 49.840887 48.885088 50.610293 47.027958 48.825115 51.113452 48.505982 50.413720 48.988287 49.698154 44.786565 48.982284 48.173945 49.614640 49.641445 47.983541 49.160715 46.925988 48.269498 51.146775 51.802079 50.568153 49.255804 47.562502 50.245183 48.308838 49.041557 49.889151 49.024677 49.838967 50.002500 46.887177 46.520202 54.402358 44.613678 52.000767 51.020316 49.649971 51.089911 46.405906 48.898844 46.627350 52.721408 45.883221 50.644657 52.046857 52.594062 44.047419 50.136432 47.978263 49.711260 51.508632 48.211040 43.978776 42.520862 47.849262 50.471335 46.947938 52.990594 45.846422 45.464530 49.003853 50.405819 49.926404 45.508453 50.711639 50.508814 47.740574 53.640009 49.937553 49.685091 47.420240 46.923759 49.376070 48.730421 51.267362 50.385764 45.720102 49.602677 49.093688 46.040222 52.798097 50.643270 50.733473 49.945949 52.093313 51.321939 45.673725 47.951261 43.011886 44.890661 50.502611 47.173900 51.152865 51.184428 52.125314 45.075035 52.283329 48.596248 48.416270 48.754443 52.168838 51.656781 49.665013 48.655962 51.937122 51.903285 47.863837 48.149661 47.876731 46.668868 47.647486 46.021646 50.055011 48.681728 47.833248 52.002077 53.707426 51.310242 49.076434 46.481271 49.464780 45.416462 49.669286 47.328168 50.768432 51.256074 44.952211 53.339089 48.254254 48.845634 52.631627 50.530550 50.842629 51.142389 54.011878 47.134012 46.270680 47.344543 45.195794 47.446531 50.779843 50.325863 51.259219 49.414631 47.335636 49.552057 47.672104 48.267016 47.566935 47.924259 46.301620 48.664105 50.115145 54.281631 50.077325 52.817023 49.569140 48.185739 47.295124 46.767222 52.282046 44.759346 48.564556 49.166659 51.918057 49.731475 54.484194 49.724526 48.578132 54.245115 49.501299 50.820680 47.362364 51.294580 45.683733 55.844706 48.035159 48.701747 53.017867 50.299226 
51.549582 55.533923 50.667967 55.731444 47.274533 53.950293 49.998504 54.279366 51.282144 54.031038 51.861314 51.926720 52.372140 50.039325 53.030544 47.566942 47.906170 50.963203 49.909683 50.492451 50.452911 50.979140 48.664400 51.887220 53.475925 51.675046 51.395053 49.456958 51.202366 47.827509 48.896062 47.576162 51.176726 52.409169 51.192712 51.773802 48.270583 49.157682 56.556570 50.997572 50.875993 49.600742 49.081661 52.900779 48.586909 51.065980 51.011327 49.791073 52.297664 52.491820 50.366651 48.661356 57.549581 45.165596 55.092302 49.749045 52.297779 50.446668 49.641749 50.136519 48.154937 54.593483 49.207241 52.535311 53.296686 54.923867 46.536842 52.237091 52.284748 52.042065 51.135204 51.642737 46.588145 45.262610 51.189114 52.480564 49.359085 54.226642 49.616258 45.479970 47.911453 53.462582 52.379704 44.209509 53.578217 49.857613 49.708182 54.487298 54.219060 51.036550 49.969698 50.073829 56.411702 51.003583 53.757848 52.179778 44.433620 50.904319 51.280074 49.351165 52.786427 51.831835 54.284155 53.139744 51.981565 51.172920 46.395980 48.431236 48.891080 47.804279 51.365011 52.352682 53.536232 51.984366 55.769236 48.496026 52.357270 51.184924 50.014016 49.418829 56.115866 54.630559 52.565350 51.998389 50.509019 55.138920 49.010691 48.894766 50.731564 51.155758 50.455764 50.064945 53.099796 49.369392 49.468465 52.014654 54.077615 52.548185 51.561397 48.029682 49.619540 48.598652 52.811106 51.342578 52.305965 48.992402 43.990010 53.180448 49.279859 52.223996 55.400949 51.386950 55.548989 52.315983 52.557707 49.188603 47.991707 50.072200 49.807578 48.377091 52.120882 53.922075 54.194161 49.490436 50.094473 53.081278 48.822545 50.557364 50.879645 49.478984 48.957521 50.339190 48.435500 58.465480 50.137824 53.948950 50.365843 50.816829 50.270703 50.525686 54.652792 49.690073 52.246419 49.969845 52.438345 51.893255 55.390513 52.206594 48.221095 53.146174 50.743854 53.403539 49.908939 54.987199 50.039078 55.793908 48.418207 50.174548 56.137485 53.572303 
54.090631 56.747061 50.612286 55.671426 49.361615 52.230740 50.358110 54.106117 54.125606 55.964911 50.781926 55.381294 56.858195 53.652513 54.793916 50.953172 51.057481 50.696495 53.795481 52.577342 54.148370 52.974629 51.879236 52.484800 54.919209 53.577465 56.331997 49.559797 50.084846 49.621559 49.821984 48.605761 51.452378 52.679941 52.306323 51.399874 52.053601 51.197454 55.437082 53.328083 52.388956 49.346677 49.220175 54.688582 51.483580 52.181654 55.622489 51.800079 52.038886 50.491423 50.630555 50.327456 57.307196 46.827584 53.301242 54.172747 53.696959 52.223445 51.247384 50.389200 48.986783 57.976258 49.298146 54.133372 55.573016 56.134628 48.515745 56.350290 51.201352 54.489570 52.783855 53.009719 44.823408 48.286320 52.467722 53.997774 47.882133 55.127455 48.333978 48.837314 50.089063 50.610667 53.042201 47.085663 53.369622 52.784096 52.788984 55.601478 55.036205 53.505090 49.976515 47.855827 54.410884 54.979412 53.757283 50.826860 50.902083 53.168872 53.440330 48.132716 54.208060 54.876942 53.358575 53.063522 52.446047 52.407254 50.707013 50.932295 50.697197 48.584524 51.785516 53.919872 53.575981 53.369318 56.878905 48.890204 54.236452 52.559926 51.992248 51.974827 55.076745 51.542456 53.179703 53.609546 53.031903 53.031576 50.468726 51.314342 51.716629 49.708680 50.682461 52.516273 54.319085 53.872383 51.464648 53.535535 57.280546 54.623063 54.509590 49.875223 50.330253 49.580835 55.544993 51.803592 56.366649 51.538798 45.776361 56.498552 54.331690 53.627556 56.248075 51.993557 55.986783 54.818435 55.662134 50.547791 49.548901 49.541996 50.606371 50.662359 52.453783 54.755569 54.277588 51.914180 52.462244 51.583686 51.448046 51.163403 52.926495 52.113638 51.872942 54.126798 51.024170 56.213600 50.675584 56.297072 52.396844 51.009020 50.702655 50.077215 56.190360 49.157756 53.164902 49.804148 54.776831 52.949220 57.597147 51.749165 51.219562 55.050107 48.240606 55.416044 51.943048 55.294679 48.923541 58.590180 50.725107 50.403221 56.590067 53.198057 
48.686391 54.745652 45.141513 50.495703 47.271088 49.372613 44.842564 50.460565 49.734800 55.323054 47.881500 48.327167 53.550614 47.590022 49.133079 46.602412 43.719080 43.732819 46.869028 46.577877 49.633442 51.533525 46.432405 49.626128 51.261456 47.058675 50.371542 47.420889 46.965484 48.742866 47.818377 45.167773 48.879361 45.948434 49.257111 45.763068 45.513691 48.243972 50.618680 49.700861 50.765637 47.493344 48.550459 49.657586 47.775304 46.150321 50.412203 46.157661 49.052180 48.871951 47.602833 43.846491 55.429728 42.723987 49.286017 51.202268 47.490693 48.633008 46.428212 49.249560 44.733642 50.363811 45.605554 50.129725 49.439957 52.290209 44.100603 50.507603 48.576262 49.822167 48.647070 48.403261 44.473111 44.305885 47.178730 50.331493 49.033631 50.269771 45.722462 43.858484 47.140750 49.963039 50.570669 45.351135 50.778185 47.635761 49.616315 53.331859 50.335782 46.801380 45.696802 45.505569 48.404722 49.377480 50.560566 49.620581 47.195717 49.029165 46.625273 45.091684 49.597104 48.416640 50.277745 49.932704 48.097008 48.202356 45.290243 47.529986 46.376266 46.915899 49.169101 49.597114 49.363666 49.384799 51.951975 46.123830 51.965229 49.665832 48.014009 46.464867 51.550646 51.498148 47.935137 51.622720 51.075701 49.575113 48.141444 47.893384 48.662406 48.240058 46.781470 48.632378 52.637893 48.946281 47.717757 50.352771 53.008602 51.918438 48.066245 44.627044 47.403999 46.531397 50.568409 46.213306 50.722210 51.288827 43.336537 51.973950 49.309208 48.905274 53.401325 48.552143 51.554300 49.627773 50.472747 46.553443 47.234172 46.322146 45.012083 45.434806 49.138094 52.230836 49.356658 48.327139 47.942273 47.258821 45.879695 46.459308 48.816908 47.814342 47.490637 49.967849 48.352719 53.025476 47.723347 54.454407 48.763762 49.144223 45.675745 48.171190 51.606745 48.110319 50.471592 45.823115 50.407186 48.723806 54.689037 48.249299 45.850332 52.216854 48.415474 51.956835 46.958510 52.679243 45.659892 55.005697 47.626054 46.620918 53.273650 50.541314 
49.294216 52.845820 45.042188 49.027661 42.994663 49.773947 44.796556 51.627521 50.073736 51.061746 47.395964 47.702731 51.198991 49.318995 49.364292 42.581714 44.259787 46.669260 48.056789 47.939627 45.613970 47.406966 46.419691 47.322466 49.289157 48.529674 48.474201 46.422280 47.122720 44.669534 43.799427 44.913655 46.288278 46.766539 48.974091 47.304495 46.066471 46.556319 50.458637 49.105028 49.020950 46.561187 47.166463 48.507785 46.753972 45.950823 50.232312 46.563414 48.590618 46.315444 45.676363 45.495829 50.806584 43.978416 47.092040 48.334630 50.293469 48.360690 45.075904 46.055070 44.840208 49.088282 47.316922 46.878667 48.896412 52.205300 43.917531 46.558120 48.305085 48.243345 47.234687 46.921652 40.626396 42.968566 48.036694 48.579665 45.617591 48.286266 45.293079 43.709389 46.597651 47.578730 47.755350 44.956129 48.072630 47.005818 47.144121 50.739845 49.896117 47.354044 46.913092 44.647101 51.901544 48.186991 48.577693 46.934780 43.778703 47.424047 46.831078 44.419771 46.651077 49.100576 50.447871 49.515521 47.800154 47.031472 44.886960 45.591498 44.614713 43.812177 46.093620 50.727618 49.320818 49.939449 52.143667 42.688229 50.343552 46.232548 45.374729 47.760982 51.263154 49.615175 47.926669 50.596838 47.952639 48.929207 45.192895 48.026009 47.300759 45.519860 46.784163 47.713140 51.184306 48.174121 47.431349 50.409115 52.247971 47.721634 48.098279 45.984547 48.094173 45.332337 49.971139 47.135380 48.660302 49.716163 41.152323 50.421017 48.516337 47.395066 49.573609 48.929948 50.812847 49.740356 50.424161 45.996009 46.555214 46.954439 45.096407 46.354470 50.061790 50.177342 47.550363 47.153140 46.362075 44.963255 44.100091 45.132180 48.261259 49.502599 46.368222 48.546290 46.734449 48.907391 46.068364 51.237453 47.472830 48.216363 46.428253 46.237545 51.799452 45.438027 49.128386 46.448247 50.050353 47.401399 51.546429 47.775656 46.471584 50.760049 46.411918 50.976319 46.682476 52.076407 47.262527 54.020776 47.735942 46.546791 52.696930 50.858390 
52.259129 53.946342 47.955092 50.714891 46.922886 49.800852 47.499013 51.931999 51.972086 51.791444 47.455066 50.079148 51.795822 48.085059 49.929551 47.398239 47.430265 47.690607 51.347314 47.230813 49.607267 50.094318 48.617993 49.600786 53.758257 50.230039 51.538940 48.245451 49.324455 49.659971 47.161280 47.929972 50.287880 49.068029 50.979238 50.189793 47.300637 47.982257 52.508553 48.286888 50.710929 45.056914 46.897191 49.879354 49.322302 49.656662 48.923350 48.202464 50.703979 49.023577 47.216625 46.347197 53.893172 46.301636 51.073972 51.238555 49.287613 48.416107 47.511577 50.423922 46.297080 52.968202 47.941973 49.038989 50.428274 53.290769 46.698503 50.071453 48.245369 50.936731 50.293964 48.569852 43.203761 46.090695 48.800885 52.726350 46.025428 53.605731 47.045445 46.315023 46.744661 49.362715 51.761916 43.538689 49.676748 48.663780 46.923889 52.459175 50.214407 49.139640 47.784135 47.064800 51.211624 51.750372 51.517806 49.552792 47.453096 50.573467 49.785745 46.180112 50.910086 50.527339 52.298742 51.998764 51.962732 48.656263 48.383645 48.550083 45.791679 44.014617 50.691328 48.356430 52.114747 50.721249 54.914561 48.027754 51.480083 52.041368 49.052797 48.951065 53.370175 50.684786 48.420047 52.617714 49.785576 50.266901 48.821674 47.191466 49.778630 50.078992 49.217582 48.636975 52.558678 51.633069 45.927418 49.529641 52.917446 52.211744 52.555662 48.753213 48.399482 48.540093 50.763976 47.946178 53.765067 49.761930 42.725082 51.688966 50.551305 48.662838 53.188144 50.843250 53.043986 51.306280 52.661856 49.468241 47.034086 49.341728 47.992603 46.652343 49.038273 52.199072 49.250428 49.081422 48.905599 50.061561 48.831419 45.242996 48.371657 47.824230 49.265622 50.120045 47.759441 54.102145 47.072578 53.325871 51.659902 47.889121 47.783287 47.677381 55.589883 47.385137 49.112336 47.631207 52.762742 48.996577 55.675886 50.131776 47.929506 50.154689 46.568490 51.199096 49.817555 51.120920 48.582124 57.742354 49.313574 45.940559 55.282203 51.211112 
53.471955 53.172773 50.034776 53.144239 47.095679 52.070937 52.657454 55.165168 48.638696 53.110455 47.953123 52.561420 53.828353 50.612929 50.563123 49.360512 50.826221 46.514128 51.628738 50.469037 50.691440 49.009638 47.196834 50.865786 53.891816 52.441608 51.898063 48.154899 50.022689 47.573396 49.027405 47.695146 49.868383 48.729249 51.395315 52.600153 48.915355 49.413056 54.836136 51.133135 53.233382 50.260705 48.261174 51.041021 50.607146 53.057509 51.766004 50.668462 51.445965 51.509851 48.066644 48.168502 54.504131 47.430308 52.184491 51.261327 50.243261 49.808735 47.901369 49.709665 46.728260 52.075492 48.039193 51.960720 52.217844 54.189286 45.462486 51.711379 52.086902 51.029664 51.593745 50.970481 43.087619 44.177640 49.564485 52.286299 47.700322 51.629498 47.332171 47.048374 46.626038 48.456051 51.573126 43.799036 51.133332 51.613298 49.853511 54.793319 52.665188 51.333404 51.241025 47.851319 53.624077 50.993084 53.242079 50.720212 46.863331 50.050126 49.850891 47.765909 51.135332 50.689201 54.668036 51.141828 51.398927 49.821568 48.034381 48.487785 45.774816 46.652613 51.221380 51.891506 47.837718 54.272381 54.049297 47.669579 52.491865 50.928880 51.898535 49.322825 54.074354 53.355234 50.484467 52.465611 50.895753 52.023286 50.723413 46.815025 49.209551 50.205142 48.698141 47.721385 49.904342 48.820161 48.303440 52.240259 54.155644 51.596467 50.294314 48.627071 47.932043 48.028230 51.370687 50.021390 54.556796 49.720255 47.255791 55.036522 51.127271 51.591714 53.189591 51.554909 53.979784 52.226502 52.361258 50.387692 46.649982 50.035860 47.308162 47.250200 49.737138 55.050987 50.818673 50.704706 49.860371 50.182903 48.420140 47.794455 48.405071 49.839320 46.519775 47.835191 50.608727 55.263819 49.659496 55.570484 52.287463 50.229409 51.321963 49.040592 53.419667 46.759391 53.030270 49.610409 50.636517 50.146561 56.249950 50.969467 48.418742 51.602866 50.484999 53.038567 52.765202 51.290586 49.021251 56.825848 48.566301 49.303153 56.453508 53.174631 
52.539497 55.063304 48.758281 52.601458 48.270134 52.633611 48.140476 53.310968 51.398252 50.882742 48.993575 47.751549 55.942679 48.662937 50.448275 45.747302 48.920867 47.797198 49.990669 49.833221 50.001836 49.642932 48.421272 51.102517 52.110478 51.233270 52.917292 49.195225 48.763019 48.253620 46.635182 47.352036 50.147846 49.870023 48.649650 49.156547 50.984307 49.612578 52.041343 52.956681 52.959011 47.778570 49.222226 50.748753 50.818673 49.124251 51.289664 48.942384 52.146095 49.495243 50.824779 47.788648 54.625330 44.966403 51.444041 51.446505 51.243909 50.450075 47.056941 49.528216 48.077964 53.076950 47.595208 52.043711 53.890302 53.158452 42.859153 52.089268 48.828172 52.307433 50.791150 50.694583 43.714092 43.216107 49.003691 51.645013 47.723858 51.952534 46.347100 47.106960 47.486068 49.629035 52.314889 46.173954 51.199060 48.527623 48.479320 54.186962 52.219465 50.939860 49.824602 47.889119 51.061531 50.571896 54.056906 52.619716 49.804453 51.250189 49.140651 46.335897 48.726892 52.159742 53.060212 52.819772 53.664091 52.006766 45.668445 48.454611 47.551695 46.895115 51.566470 52.573304 51.536335 50.885660 56.823478 46.612861 51.498298 51.899483 51.055280 48.420773 52.825896 50.466265 49.316643 53.589606 54.209214 50.294480 47.552292 49.263109 50.064354 49.284490 48.628487 50.030644 51.731875 50.773790 50.097408 52.636919 56.998364 51.554063 50.300477 48.144444 49.443570 46.430627 51.983774 47.035190 52.707323 50.779407 45.038006 52.164399 53.173184 51.151630 56.571896 50.790892 51.087283 52.988029 53.445079 50.831718 47.708264 47.652470 47.918646 48.539415 49.365837 55.335055 49.537008 50.689073 49.160278 50.944575 47.237709 48.196893 48.501109 48.101554 48.187575 49.418077 51.495260 53.541766 48.393720 52.721462 52.197373 47.512327 49.500867 50.453785 54.406349 51.643485 50.177379 49.262074 50.807508 48.282487 55.808272 50.009497 50.166053 55.440423 51.130252 53.162649 51.467625 53.723442 48.988925 57.585836 47.404241 45.809545 56.409760 52.953346 
51.288196 54.209714 47.193535 49.603168 44.263400 49.210396 48.687341 51.363643 50.577961 50.534827 47.613778 49.041214 53.343386 49.206192 50.282938 49.451403 46.655888 49.504553 48.588792 48.587090 47.874901 48.980500 47.291858 47.837114 50.429924 50.926637 50.324128 47.092717 47.289268 45.741125 48.220601 45.750073 49.043512 47.601362 49.672652 49.832735 48.646825 49.187955 53.132902 48.650233 51.003126 48.190464 46.329409 50.147567 47.587045 46.460584 48.820073 46.536907 47.597566 48.169598 48.605283 46.925671 53.104073 44.280983 50.422741 49.646417 50.425900 48.027221 46.712117 48.195673 43.877379 54.032383 47.622269 49.626096 48.221879 50.724155 45.007876 48.760386 48.777032 51.701871 52.863263 46.026917 44.282375 45.923812 44.904319 50.733810 46.758014 51.188640 46.754941 44.481079 44.443685 47.791711 48.969261 44.180118 49.178074 48.185172 46.803941 51.516483 51.333235 47.341052 47.586796 42.983271 49.583583 51.049611 48.178194 48.555039 47.355880 50.495777 49.766436 46.593594 48.930533 49.064039 50.674661 53.109364 50.589475 47.258909 47.613564 49.772692 45.790131 44.964779 49.727159 49.887442 48.893164 49.017303 53.049428 47.033992 50.733496 50.412607 49.734498 47.925491 50.793344 51.311022 48.180177 51.292188 50.000718 49.065402 47.059225 45.721672 48.247697 48.355986 47.273222 49.328923 51.721739 49.334947 45.505195 49.010859 53.669522 51.505323 51.357472 48.797626 46.226087 46.140920 52.374834 48.353914 51.130555 48.677769 43.208306 53.228930 48.008955 48.416437 53.494398 51.540359 52.700251 51.718376 51.472138 47.309553 47.658328 47.806983 48.071933 48.540078 48.117555 54.364844 49.305184 45.564337 47.014079 49.324550 47.207169 45.385191 45.450953 49.913882 45.390245 49.276070 46.609335 50.775542 47.988641 53.951274 47.767809 47.349867 48.753585 50.280042 50.732492 45.680324 49.710349 48.109986 48.401686 46.004976 52.400363 50.505142 47.866745 50.000024 47.916512 52.347046 48.161212 52.187658 45.541213 55.386519 47.902704 46.306089 52.369446 50.783058 
53.659403 55.148174 48.194466 51.930382 47.753930 49.840626 48.065780 53.135165 50.624912 52.341441 49.607330 50.257663 53.463681 50.806775 53.143285 47.877938 48.028039 48.498016 50.931272 51.359949 51.494732 50.487411 46.238537 50.849701 52.603093 51.959646 51.500193 46.967486 48.017382 46.421265 46.441170 43.580278 47.356221 49.230126 50.462481 50.560810 49.617775 48.543004 53.794349 50.292900 52.761864 51.586854 49.619628 50.106741 50.308808 49.876455 52.779272 51.040222 50.678642 49.959858 49.166584 48.777570 55.549678 46.023674 54.216245 51.105036 52.480708 49.369982 49.498127 47.719237 47.230007 52.543007 50.241258 51.536735 52.065695 54.373039 45.232111 52.059338 50.612232 48.060010 48.521742 49.290051 42.775219 45.713611 49.681445 50.545854 46.546157 51.867597 50.629413 49.188337 44.909005 50.874140 49.282651 44.860872 51.758238 50.637440 50.591697 51.901322 53.644139 51.403086 49.721079 45.734251 51.708233 50.408620 53.409902 52.685723 48.886463 49.966374 52.254292 46.142786 51.090383 53.045707 54.135887 51.200175 50.761702 48.732775 46.583258 48.194149 47.375763 48.716692 48.919004 53.388274 51.856537 54.708158 53.395057 47.672318 51.263654 51.451222 50.312797 48.358119 54.206838 51.693808 51.750894 50.730496 51.028492 51.284013 48.130684 47.794493 50.494364 48.811440 49.736641 50.969096 51.380903 50.173789 50.126008 51.338120 55.019966 48.378215 50.519115 47.115267 50.694435 46.438073 54.575850 50.413947 55.167878 49.841740 43.634405 51.321439 50.478936 50.298390 53.611123 51.404599 55.150548 51.753019 53.863231 47.493189 46.960185 49.315164 47.154275 49.291525 49.301897 52.615990 51.063690 49.476861 48.350138 49.871633 47.005518 48.583602 47.616418 49.793949 46.574112 49.510925 47.647668 54.975356 47.971024 55.985476 49.372785 50.275744 52.389877 51.346116 55.221639 49.197397 51.626796 49.011003 51.796168 50.338937 53.823316 49.332863 48.731595 51.838845 45.342245 50.097051 51.321055 51.661635 48.640166 54.126468 48.513420 46.834167 52.862050 52.087999 
54.634954 59.513226 50.456173 54.677074 50.761121 50.705389 51.226500 55.391147 50.779632 55.849420 50.352657 53.545744 56.880259 52.388046 54.823293 51.509684 51.272426 49.614567 52.288240 52.324428 50.894980 52.893071 48.938446 53.161011 54.895392 53.898809 54.162644 51.912538 49.442873 50.402749 51.551494 47.135827 52.614784 51.782371 52.605189 54.144877 51.545488 51.636703 57.004810 54.069420 55.322468 51.555406 49.926058 53.146689 51.108590 52.728917 52.403339 50.942825 52.285013 54.630611 51.844488 48.535687 57.882217 47.831062 53.721371 53.677802 52.114358 52.301191 50.830211 51.306489 50.202754 56.689359 49.092463 51.956062 56.046103 56.236217 47.311855 52.808821 54.063932 54.418781 51.640941 51.488673 46.765126 47.023467 50.874527 52.792245 51.114095 53.368310 51.624496 50.643217 46.707296 52.148095 52.776981 47.285011 54.318461 51.452177 53.555048 56.571649 55.452296 50.451915 50.281307 48.851664 54.620724 52.884670 53.861755 52.834932 51.624211 51.509811 52.286021 50.251154 53.246082 52.602090 53.058420 54.061811 50.361312 51.529567 49.351029 53.005017 50.330518 49.729305 52.997619 57.259039 53.895442 54.104265 55.562915 49.660586 55.146312 53.245268 53.231561 52.195122 56.217681 56.398955 53.252060 54.777433 55.981102 52.716032 51.392805 49.993218 51.835035 52.929533 50.106115 52.942427 54.900140 51.595785 52.732933 54.638122 58.811710 52.653029 52.122133 50.818081 50.863414 49.378413 55.618931 52.420103 56.568704 51.911209 46.348605 54.209750 53.314852 55.462429 56.019062 50.904372 53.166140 53.821898 53.825782 50.433507 48.362409 51.078074 48.817447 50.490676 53.406900 55.521649 53.629619 50.719221 50.678953 52.226855 49.167502 49.055809 50.589512 50.872792 51.191729 52.625654 49.562624 54.382242 50.490691 57.453554 52.824818 50.083767 52.173720 53.949705 55.642483 48.793935 55.521144 51.782007 53.178553 51.449049 57.591896 53.398878 48.416327 57.123933 50.345509 52.832572 53.298777 58.465792 50.455478 57.317838 50.182115 50.239512 57.526053 56.086772 
52.266024 53.101409 49.514581 53.589300 47.645895 50.588669 46.604765 52.636620 48.000173 54.261518 48.942984 51.812933 52.351227 49.709838 53.786324 49.200905 48.467938 48.079900 50.701301 49.052869 51.798438 51.626540 47.322491 51.067937 52.746129 52.647384 52.888889 48.253023 49.214963 50.746699 48.850523 46.415298 49.196547 49.258906 52.119495 49.734214 49.301830 48.487387 53.807566 50.844546 52.235687 49.311219 49.899836 50.997362 48.793528 51.536021 54.494424 49.016134 50.500284 49.830079 48.325554 46.203226 53.642992 46.390851 52.694539 52.558041 51.324501 47.590005 49.504415 49.579766 46.515380 51.496098 46.979067 47.674585 50.349621 54.620211 47.422967 48.845710 50.068825 50.514939 49.159268 50.760995 43.213192 48.923584 48.339916 51.017247 44.401513 53.667027 46.097874 46.079479 48.019639 49.918911 46.892989 43.886545 52.261319 48.700582 50.346919 52.864188 50.975711 51.138343 49.555423 44.884036 51.234460 52.517072 54.251199 48.921355 49.073046 46.654582 51.851320 48.075736 50.422881 51.439232 51.987764 51.691621 50.857390 50.834749 46.269863 46.052544 47.406133 45.401672 49.567877 49.557489 53.258998 51.783516 53.301256 49.460818 52.799825 50.775040 51.454985 50.191145 52.944207 51.317824 48.960480 52.333982 51.402207 52.429635 48.507339 49.251239 50.820549 47.384166 50.385555 50.612971 52.667686 47.942527 49.090948 50.915177 55.416077 50.665270 51.889322 48.206806 49.815461 47.325945 50.396324 48.169413 52.936681 49.819052 44.052014 54.080181 50.345235 52.396944 55.197080 49.602682 52.964885 53.393846 52.182413 49.225302 44.646919 49.388404 47.662668 47.263122 47.929444 53.252555 52.541913 49.332941 47.844492 49.203225 49.616547 46.335212 46.909859 47.621156 49.499697 49.442258 48.638366 54.863440 49.343681 57.150420 50.115451 51.726490 49.830699 48.859567 55.269818 47.241227 48.982868 48.509815 49.275780 49.739103 55.475680 50.180234 47.172737 51.377275 47.980647 51.060414 51.960944 53.146935 48.161802 57.292181 47.253087 46.680779 52.710453 52.267204 
51.948060 54.123093 48.527958 50.692156 48.103698 51.726330 48.937029 51.537725 50.407537 53.627739 48.362219 50.851181 52.156395 48.645009 50.603964 47.583147 47.064111 47.459067 47.944231 48.400616 48.141209 48.851486 46.841265 49.052147 53.118163 51.025913 49.157397 48.244222 47.787935 47.425943 46.868415 44.671272 47.692130 49.836683 50.854394 50.487384 47.773202 47.003250 54.408486 49.523468 50.723521 49.865245 48.928869 49.973843 47.095026 49.016071 50.493941 47.360234 51.043265 49.471803 48.604134 49.114344 53.391947 48.024475 52.056649 51.250862 51.207130 50.143068 46.846776 49.622917 44.844850 51.348442 47.694009 50.142674 51.313594 53.643658 43.919722 50.531906 49.461634 50.612463 49.734951 45.951506 44.530837 45.915111 47.775570 50.518805 45.979578 49.876417 48.951357 48.335617 46.199226 48.755920 49.016933 45.701407 50.329970 47.886865 47.373066 51.635111 51.414584 47.609640 49.368109 47.047809 51.465073 48.972509 51.102021 50.866703 46.391277 50.203796 50.500330 48.195801 49.192006 51.026137 53.375749 51.862434 53.128738 49.696563 47.515938 49.320075 46.722855 44.948234 48.387854 52.055117 50.983686 52.261556 51.840124 47.950813 49.099446 51.786515 49.163845 48.734373 53.809516 51.319016 51.528565 51.638292 50.865015 51.337922 48.234335 49.940992 49.438255 47.503224 49.076014 48.784153 52.324241 49.765065 47.985778 48.053433 53.390298 51.831569 49.716319 46.688441 48.164866 44.229629 51.010576 48.603560 51.365674 51.570645 45.545841 49.382926 50.089115 50.334220 53.290669 52.293187 51.320471 49.327017 51.615333 50.986362 46.823553 49.776675 46.391756 47.686840 49.136037 51.875670 50.632726 49.408853 48.873191 48.485771 47.344117 46.167987 47.841412 48.516907 46.246801 49.106414 46.268924 52.506679 47.254482 54.966558 48.399016 47.871412 50.567416 47.530513 53.593548 46.426893 51.235486 50.036828 51.191419 50.580726 54.111906 51.613875 46.609961 50.500559 48.548248 51.639332 48.337240 53.917450 48.821301 53.359630 45.619430 47.799355 52.656163 51.339035 
48.520701 52.927172 48.782062 48.739726 45.835014 48.222401 47.186692 52.278126 52.037006 52.846106 48.968023 48.848213 51.594090 50.826496 50.694874 49.817391 47.247945 45.523906 48.298775 51.532028 49.859684 51.371801 48.633388 48.666261 51.241524 49.468428 52.572298 47.169608 47.680947 46.480494 46.946391 47.580805 49.349775 48.875852 48.795773 49.680485 49.028162 47.981987 50.793914 49.412423 47.989510 49.419815 46.303161 50.928974 45.706280 48.116412 49.142934 49.468473 49.063951 50.342545 48.727870 45.043242 52.655652 43.946426 50.850224 48.672735 48.213815 49.415180 45.281240 50.322759 44.843491 53.325854 46.528444 47.246092 50.512156 51.839857 46.713619 48.725395 48.696860 51.164073 49.075058 46.469523 42.582023 43.747547 47.065969 50.864605 47.344413 52.185979 46.127368 45.666930 46.701989 49.267237 50.125909 45.094124 48.348682 49.043842 49.934666 52.727641 48.926833 49.235921 45.760681 46.555347 48.920130 49.893074 49.456460 50.440159 46.485381 50.543165 47.036830 46.902379 51.252291 51.484785 49.567037 50.453080 50.632710 47.679812 45.119299 48.299789 45.893743 46.272317 48.449914 48.711193 50.531288 50.267170 53.465065 47.007554 50.720742 49.448271 49.454866 50.239632 51.009222 50.428645 48.884442 50.424610 49.077866 50.799848 47.565831 47.033053 49.085151 47.382010 49.149284 47.097430 52.110546 48.816534 47.133273 50.184815 52.337632 50.844239 50.393737 47.316262 48.691025 43.753325 49.997379 46.164757 49.502244 47.234356 43.586638 52.584209 48.468365 49.506783 52.683088 49.561669 52.240508 50.459995 52.647638 48.848384 47.461856 48.371281 46.898095 48.944322 50.141032 52.553674 49.582323 47.788588 47.867208 47.610110 47.250646 45.063932 45.793833 49.706810 47.343244 50.378611 46.574335 50.979154 46.624030 55.368539 48.477264 50.627000 46.991304 48.880106 52.839492 47.204383 46.734617 49.377884 50.890001 46.552463 54.816754 50.120774 46.608767 51.260448 47.586576 50.158484 49.521662 54.162017 44.929117 55.672170 48.532869 46.554930 53.304171 50.955076 
47.229456 50.337746 41.022909 48.347118 42.933426 44.823916 41.829002 47.744020 47.268267 46.598395 46.080704 46.655892 51.111667 44.141563 47.338760 45.715800 43.769330 42.469307 44.891049 44.662327 42.928046 47.816964 43.173750 45.106693 48.932686 45.973464 47.991143 47.212061 44.404991 44.253846 44.237880 43.722479 44.779475 45.180059 46.902995 46.701385 44.200668 43.940036 47.444604 46.437805 46.933445 44.063466 43.202225 46.120461 43.738777 46.077963 47.853171 42.745092 47.097287 46.877736 43.860122 42.632138 50.395631 39.810402 46.363795 46.729025 45.396946 45.781605 45.161186 45.474080 44.578136 50.050930 42.520203 47.618852 45.829956 48.630290 41.618183 47.400845 45.513103 47.551010 47.783980 45.832558 40.086478 40.071233 45.753751 45.222758 44.411086 48.929736 43.712755 40.318754 44.199628 46.760602 46.394399 41.747012 46.697564 44.255134 46.206051 48.094916 47.344929 45.932017 42.698272 41.475502 45.921278 48.822664 46.723828 46.334132 43.443936 45.697150 44.091518 41.323957 46.546995 46.040335 46.932620 47.212753 46.580529 46.482045 45.170884 43.670704 45.262417 41.605625 47.127688 45.061713 47.574966 46.316274 48.330571 44.123005 47.789401 45.066847 46.762780 44.358902 48.075339 47.601478 44.564477 47.131248 48.983171 47.398463 45.159086 43.761423 45.639875 49.121234 43.636581 46.121936 48.518074 45.620332 45.441943 46.393388 49.999169 47.672705 47.104742 43.117454 44.433060 43.005175 48.122690 44.000266 48.042738 45.929951 42.549016 49.089116 45.795439 47.517327 47.363395 45.643845 47.226489 50.011754 46.911143 44.964192 44.310943 45.670302 43.075539 44.950100 45.595936 47.727683 48.939710 44.522468 42.920793 44.545930 43.051588 43.204718 45.742828 43.804905 43.004855 44.093230 44.541940 48.593638 46.333159 49.082409 45.832067 44.333429 42.993348 47.491922 49.709246 46.353275 46.973722 43.468853 47.167871 44.087902 50.379828 46.517059 43.543021 48.504960 44.294181 49.506314 43.132778 48.542087 43.500236 50.541069 43.539476 42.167979 48.431236 48.769402 
50.478365 54.042292 47.789548 50.402587 46.535702 49.243522 47.794129 51.378188 48.862090 54.871007 49.697427 51.538930 53.778318 49.516340 51.813993 47.823831 47.209117 45.963157 49.703573 49.000422 48.801350 50.746121 48.483423 48.330891 52.842114 51.525779 51.703903 48.417806 46.765201 47.095264 47.286939 45.565422 50.413625 48.785596 48.601749 50.424513 48.370649 48.113467 53.157869 49.266332 51.077331 47.953661 47.626594 48.361176 47.573930 48.851892 52.056094 48.649927 48.324200 50.474038 47.094541 48.321924 52.031180 43.178979 49.984296 52.678476 51.898735 49.308185 48.939346 47.835108 45.351656 52.996391 49.907392 50.836920 50.935929 53.218336 44.915419 50.787159 48.462159 52.660179 49.285301 46.516440 43.828498 45.690014 45.773078 50.455603 45.080356 51.101929 46.221853 45.652382 47.244038 48.570129 50.598434 43.714755 52.625554 49.701097 48.598051 49.105102 50.871399 46.676148 49.840960 46.683007 51.365719 51.500856 51.912965 49.005838 48.474697 47.745750 49.795527 46.806665 49.532291 50.169199 50.275299 50.834160 50.670874 48.284538 45.806061 48.287344 47.202578 46.555319 48.545322 47.143894 52.236202 52.207438 52.120656 44.605392 51.792497 50.308740 49.479797 48.939870 52.840729 50.945069 52.004900 51.095045 52.097547 49.817789 46.170976 46.859608 49.788728 47.914045 49.006348 49.570164 53.408416 48.488434 48.345240 49.748400 52.864322 51.546145 50.987558 49.490135 48.015612 46.817933 51.420824 47.301544 52.242317 48.609890 43.211960 51.966933 49.334730 50.583974 53.187222 48.826610 53.747664 51.514080 53.237347 48.522369 47.492329 47.223081 45.975099 45.862926 47.760922 51.816046 50.664348 47.936113 47.881004 48.130540 48.106347 47.643661 48.844131 47.373216 46.338818 48.923171 45.590488 52.331424 49.128666 54.379027 50.104220 49.496215 49.443917 47.808508 53.441768 48.643930 50.484803 46.549480 50.490080 50.262202 54.480021 50.048675 48.287208 51.732152 46.609044 50.954103 46.937717 51.241340 47.309376 55.539585 46.929531 47.984005 53.798266 52.654477 
51.857162 56.003468 48.628237 50.697810 46.474878 51.728837 48.166475 56.216982 51.181946 51.488289 48.942000 50.163685 52.187317 49.862479 50.665722 48.274492 48.532048 46.197558 48.055261 48.288076 46.709563 51.978157 48.192932 50.383338 53.566197 50.745262 53.334901 50.494511 49.050373 47.700157 48.865179 47.735608 48.491879 49.379716 52.261519 50.167972 49.210994 49.007190 52.962012 51.390793 52.847410 50.452445 47.760935 50.578931 49.814192 50.788766 51.767620 46.780768 50.267250 50.326992 47.948607 45.794480 53.366250 45.703863 50.720404 51.313976 51.116040 49.197087 48.578689 50.370625 48.655510 54.864067 49.419615 51.901972 51.354463 52.406384 45.929136 50.301436 48.856398 52.091226 50.831881 49.489172 44.852938 46.551663 48.177303 51.149238 47.259063 51.003791 49.042420 47.270851 46.432262 49.671595 49.222843 45.555551 51.708920 50.003621 48.204719 53.310132 52.830834 49.175113 48.747541 46.161673 51.715684 52.228617 50.347539 49.418962 47.334195 50.132085 50.213018 47.818865 50.944732 49.746957 50.629364 51.116659 51.865161 47.389893 47.023882 48.110912 46.463465 47.731472 51.947285 51.030043 52.449730 51.617658 54.069750 49.940917 50.316228 53.169823 46.572725 50.196823 53.567985 52.522378 51.530291 52.439835 51.805665 50.207446 49.931599 46.442194 51.277536 49.023297 46.857414 51.865968 52.103727 49.087870 49.541286 51.701784 54.621455 50.477796 50.423592 49.154258 49.202194 45.837648 52.615666 47.424994 52.008533 50.848854 45.420521 51.901694 51.413356 50.725303 53.484357 51.891803 52.021728 51.378057 54.947926 47.973931 47.551674 48.435516 47.244489 47.430099 51.435492 53.187762 50.331376 47.605181 48.164626 48.924210 49.250437 46.883284 49.099039 49.329287 48.279821 49.471009 49.382268 51.718387 48.384114 53.760402 52.054457 50.274723 50.048760 50.295434 53.136122 49.613363 52.466640 50.329544 52.542007 48.264069 54.188874 50.526442 46.703373 51.117550 49.360684 53.437075 48.872222 53.737703 48.037549 56.371865 49.348920 47.635257 53.664036 52.156671 
48.004978 52.783793 47.119743 50.997717 42.708922 46.432980 46.162679 48.718161 45.702926 48.467028 46.172993 45.512786 51.794970 46.171478 49.462253 46.871028 45.621927 44.721862 46.822892 47.483789 47.359458 47.666212 45.646556 46.017953 47.904790 48.692589 48.641679 48.035133 47.964353 45.814764 45.691610 42.352736 45.995609 46.058910 47.814543 48.604924 45.705595 44.823907 50.129281 49.083107 49.160478 44.763853 45.416806 48.870524 45.751829 48.866710 49.856400 47.362905 47.466975 47.725115 46.442007 43.878409 51.496559 41.031034 48.763508 49.048418 48.265575 46.019319 47.714473 46.553416 44.385049 47.980216 45.537996 48.187633 48.319932 51.449533 41.881407 49.964672 47.658802 46.821208 48.560619 45.979704 43.328422 40.693492 47.304648 47.442810 45.093223 49.916640 45.218427 42.067078 45.030203 46.682672 48.610666 42.738982 48.562185 47.377766 49.143411 51.875511 51.187785 45.936538 47.492389 44.378582 46.485910 50.976220 47.987159 47.887470 44.096203 47.991403 49.084899 44.466836 49.206989 48.606283 48.441519 49.000391 46.431342 49.525147 46.510804 42.905525 49.075682 43.725807 46.233015 49.110613 48.154039 48.962434 52.441759 45.522417 49.382653 47.312225 47.811000 45.954010 49.235427 47.707987 47.166368 50.503424 48.127676 49.151511 44.460469 45.218439 46.248212 46.966618 45.717837 45.343813 50.041239 46.707444 46.080928 49.605520 51.350795 48.200490 48.907734 47.024658 44.487011 43.568299 49.328216 44.016369 50.538929 48.292044 42.013335 50.416845 47.408778 48.171422 50.732328 45.519138 50.212595 50.002686 49.118397 44.894656 43.956009 46.340390 46.316152 45.300451 47.101875 49.422849 48.073728 45.114482 46.543662 47.939119 45.704056 46.735031 46.860488 48.655966 45.613193 48.672721 46.125652 49.005200 44.630906 49.388630 48.160008 46.795416 45.217992 48.063444 50.208629 45.250534 48.134087 44.344121 48.144423 46.832175 53.990858 49.609146 48.438909 50.046429 45.199618 49.073016 47.432842 51.374215 46.515797 51.906618 45.917407 45.337601 50.097056 47.889600 
54.172181 54.155139 51.710617 53.775776 49.529443 49.514899 49.687610 53.707707 52.996947 54.761605 51.307479 52.216766 55.098602 50.933864 54.582900 49.892198 48.684998 49.032645 52.028218 50.367702 50.340088 50.565892 47.672555 50.548291 54.620590 53.851805 55.304588 50.158155 50.876459 50.515876 49.157323 48.176525 52.689284 51.734139 51.967674 50.846870 49.107665 50.943360 52.915384 53.090607 53.341803 48.478093 50.409858 53.149558 50.935277 49.662667 53.952384 50.776652 52.340041 51.526282 49.387351 48.484011 56.560905 46.804681 53.788134 51.865343 53.313987 49.566949 49.935332 50.197979 46.694140 54.614474 50.438147 50.398350 52.076128 55.912186 46.252689 54.367129 50.821674 53.680590 51.781578 51.203525 46.335437 45.992418 49.353195 53.419281 49.292963 54.950543 47.758599 47.272566 49.171321 50.585250 52.613269 45.018025 50.549808 49.504966 50.377765 53.846260 53.376161 50.120039 49.752457 49.003287 52.612284 52.447568 55.024822 51.704918 50.414941 52.101746 52.859803 48.318883 51.842449 51.551081 52.958495 53.173673 52.657247 52.768033 50.165909 48.617235 48.283931 48.153507 53.682354 53.218444 52.596492 50.857799 55.026357 48.536874 53.838693 52.053537 52.667854 50.450205 54.854534 51.846843 50.681238 52.473540 54.250246 52.466692 50.875826 51.296374 49.329672 50.651598 52.687769 50.709326 52.190115 50.001050 52.249533 54.547367 55.450689 54.619821 51.004685 51.117044 49.475393 47.620529 53.382279 49.925778 54.236410 51.245254 45.355590 55.015308 52.903709 53.166147 55.063625 51.325002 54.674520 55.058106 54.962428 51.308675 49.861698 50.479315 48.755447 50.941926 49.017283 54.997017 52.684981 50.502398 51.385136 49.804101 49.785309 49.817226 50.073094 52.221169 48.260142 52.291723 50.797884 55.585594 49.009211 57.159918 52.353370 51.026808 50.682582 51.273362 58.009954 48.120344 50.452008 48.854355 53.002713 51.004798 57.046751 49.409027 50.318727 54.777627 49.528417 53.501139 51.012997 54.085351 48.128756 57.791597 49.376941 48.080593 55.746282 53.391750 
51.191048 55.358261 48.830500 51.232407 46.764151 47.763683 47.684008 51.147391 50.878310 52.988349 50.247778 50.342539 51.558156 49.025150 51.101395 47.576771 47.658933 45.412182 46.597279 48.863173 48.345519 49.786874 46.919653 48.513870 51.156644 51.931716 53.634870 47.505381 47.869922 49.903495 47.234561 45.662662 49.123126 47.457174 52.145927 47.899876 48.128793 48.769014 53.977246 51.120281 50.427276 46.861811 47.617352 50.175077 49.592329 49.846440 53.288512 47.290926 51.101987 50.087315 47.968213 45.221857 54.495656 45.917866 50.532298 53.017408 51.861721 47.691131 48.358179 47.108723 46.611189 50.085135 47.525297 49.135653 52.369768 53.777914 45.003001 51.410410 50.715095 49.094699 50.115237 48.311577 45.172697 44.541964 50.989066 48.601770 45.332162 51.978192 47.355542 46.322399 44.858457 49.823226 48.256016 43.807103 49.431105 49.530144 50.823269 50.813938 52.037758 46.383147 50.249818 43.988728 50.643516 51.551054 51.207957 48.649748 47.584024 49.602166 50.324818 47.058793 48.646985 49.313228 52.383596 50.732679 48.937001 50.529383 46.297814 46.031282 48.065029 48.092867 49.994293 49.117909 50.252305 51.606446 51.096216 45.587516 51.711576 47.968097 47.275586 45.673136 50.260446 49.535217 47.890773 49.663988 51.205022 50.688356 49.109204 47.245938 49.288721 50.681230 47.823566 47.856837 52.626628 49.250427 47.937243 51.336066 55.148106 51.417910 51.511184 48.437920 49.807397 45.012043 52.299847 47.634903 52.544112 50.063769 41.459230 53.035478 48.550104 50.644037 52.623536 49.117503 51.478519 53.024496 51.529683 48.213229 47.763768 44.748035 47.363363 48.770709 48.728363 52.826028 51.206801 46.706612 46.934855 47.902957 46.826154 44.694338 48.489040 47.639056 47.027542 50.717857 46.613541 53.415452 47.562458 54.198932 50.203638 49.751992 48.631829 50.566966 51.826641 48.839238 50.213119 47.367291 51.066547 46.326228 54.814601 49.768231 45.539697 51.047077 48.607750 50.936301 49.726117 51.909382 48.405116 54.884536 46.407564 47.457211 53.362241 52.384425 
49.926868 54.704948 45.500744 48.503375 42.603190 46.928655 43.423090 47.987420 49.429948 50.726871 47.611161 45.052485 50.022155 46.768073 48.233323 43.287995 45.103579 43.836571 47.703774 48.500614 46.292679 49.047887 42.778045 47.587846 49.099335 47.301154 47.481798 46.852056 45.633264 45.960878 45.814988 42.447492 48.737339 46.694059 47.962896 46.901670 45.317259 45.558514 51.696215 49.071402 50.026610 45.572584 45.254149 50.331757 44.956445 48.004448 46.773854 44.641546 47.020850 47.300235 46.583078 43.597130 51.730247 39.791177 48.992379 49.782645 48.454016 46.920584 45.891720 44.087013 45.648861 50.560093 46.420293 46.622563 47.882886 50.368424 42.350424 45.760461 45.946360 46.142927 47.413946 44.251932 42.599129 42.373065 46.368914 45.948263 45.897416 49.340225 45.101207 43.248155 47.434512 46.275355 48.751680 41.386293 48.042900 48.146533 47.336696 49.968237 48.989221 44.228554 45.438357 47.330206 46.356912 49.265387 47.556397 49.506755 45.400323 46.069651 45.374016 43.244721 47.940845 48.032458 47.317955 49.063043 48.857385 48.421976 43.859046 45.598013 46.181698 42.423279 47.788389 47.572732 50.457437 48.604619 48.525750 42.993793 49.751840 47.863564 46.699098 47.018885 52.123022 52.025262 46.889115 49.040606 49.591883 50.156400 45.161905 48.449816 49.099552 45.521029 45.796228 46.149140 48.045693 46.444956 48.712990 48.222415 50.855330 48.674391 50.167630 45.320402 44.350399 44.474915 49.328401 44.026458 48.687626 45.982980 39.377493 48.858173 48.037699 47.426277 50.113644 47.971767 50.880001 47.693685 49.157946 45.383288 44.853653 44.339382 45.207303 45.537640 46.353702 50.748818 47.244162 47.836553 47.292110 48.765563 45.015255 44.925993 45.621954 45.570960 44.014753 45.758001 45.940396 49.710653 46.007022 51.231421 45.833174 44.576870 44.708130 47.146928 52.095119 46.399451 47.235018 45.002455 46.988226 47.680462 52.040148 47.578683 47.517449 51.048193 44.374089 47.869430 43.541093 51.434350 44.634628 54.239916 44.526931 43.895519 50.600284 47.828900 
51.740029 56.446882 48.796510 52.468620 47.982200 50.272644 49.114798 55.085945 52.045874 53.519314 50.275446 51.138400 54.315897 53.162261 53.650835 49.788001 50.529428 46.420706 51.427518 50.309218 50.029524 51.279896 49.803306 48.156772 53.648289 51.114289 53.065399 50.476469 49.605282 50.308116 50.169720 46.745630 49.758900 49.061979 52.414006 53.212628 49.501068 49.110854 53.232405 52.090415 53.053424 49.320837 47.693299 51.674667 49.988575 50.401168 52.976507 49.933493 50.386566 53.725388 50.058730 45.969910 54.131258 46.569858 52.365445 51.868374 51.395034 50.108402 50.450939 51.662425 48.917235 53.459987 49.461912 51.300007 53.007097 54.530788 43.485460 51.610111 51.137745 52.025544 53.126768 50.009015 44.515314 47.304174 49.646897 51.141060 48.173298 53.312308 50.003962 48.059308 48.390271 53.472595 50.336192 44.948151 53.955994 50.019150 52.495410 52.099865 53.367972 52.234442 49.257221 47.596607 50.906138 53.363509 50.314307 50.161878 47.627950 50.729575 53.062085 49.749243 50.817485 53.869190 52.447769 52.618188 51.326633 51.066354 48.265705 50.665893 50.680132 45.440348 49.807909 49.468325 52.764425 52.770772 54.609711 48.607425 55.366693 51.499744 52.350394 49.353260 54.206699 55.222763 49.643227 52.959968 54.379510 50.333294 48.392133 49.758396 52.054241 50.482729 48.825646 50.134976 53.112380 50.359833 50.237371 50.997306 55.387725 52.363341 53.826844 51.135427 50.741544 47.749495 54.003361 47.015618 54.488384 51.651574 41.466638 55.867691 50.804554 51.178801 54.982634 53.088801 53.676673 53.277928 52.109149 49.773151 47.318044 50.716548 50.041236 49.582368 50.335692 53.289709 53.254967 45.765099 49.409853 50.594849 47.724106 48.624055 49.245798 51.433303 48.776693 48.861213 49.445646 55.838530 49.746656 57.664500 51.434391 50.314372 49.516048 49.963418 53.095265 49.008704 50.876622 49.583105 53.558745 50.482945 56.739856 50.342978 49.305208 51.560586 49.113587 53.138832 49.651188 56.016895 49.821274 57.255558 48.386985 49.270466 56.183777 53.458299 
49.758433 56.232697 48.574824 50.633489 48.372743 50.369006 46.815065 52.392579 49.959439 54.031202 48.258343 48.648708 53.763533 49.749696 51.970851 48.084998 48.760892 47.166686 49.164668 49.971279 49.353327 49.717313 46.964488 49.216094 52.022944 49.262672 50.974798 47.335624 48.327299 48.996020 47.518638 45.105585 48.671251 46.269258 50.281425 49.684992 48.171321 47.858853 51.531258 48.877845 52.360718 48.634146 48.959094 48.628861 49.706632 48.375388 48.998114 49.010878 50.541796 50.851789 47.000064 45.361336 53.796703 42.505229 52.482789 50.993593 50.168626 47.634456 48.971580 49.260791 47.874320 50.470221 46.118960 48.019566 48.705022 53.029816 45.113059 51.441924 50.164757 53.032023 50.540589 48.245332 46.482081 44.827024 46.598004 51.224278 47.629303 51.563720 45.565091 44.929367 44.658082 50.020174 51.137040 43.424505 49.602257 49.842276 50.936503 51.297855 53.480135 47.706516 47.781060 47.661573 51.262051 50.301653 52.821202 48.308819 47.332223 49.559948 50.779708 46.378011 50.810788 51.601379 50.336453 52.026724 49.595064 49.793042 46.417293 47.599714 47.336248 45.867231 50.026490 53.036737 50.698406 52.602209 53.515831 45.312824 49.915699 50.403999 49.186318 49.605198 53.845578 52.390406 49.220311 49.834487 52.198437 49.113758 48.333090 46.953901 47.577806 50.478149 46.760190 50.153906 52.687810 47.474677 48.513660 51.360079 55.455026 51.294281 48.370308 47.363130 48.604609 45.131698 52.159045 47.892872 51.735442 51.834529 44.541046 53.139907 49.696246 50.212767 53.916750 48.591731 48.380006 49.606930 49.209630 48.108757 46.823657 46.822480 48.279667 47.007733 48.834782 51.988401 48.489934 46.404024 47.328093 47.440307 48.099701 50.050223 46.129696 51.652087 49.305158 49.955345 48.005679 51.769746 46.304644 56.504045 50.585227 48.416737 50.786138 50.557047 52.388631 43.208078 51.205019 48.206539 50.189295 49.005998 55.620742 49.312788 48.189568 51.986033 47.805150 49.485533 50.010101 53.284908 48.118845 56.075974 47.767637 47.117774 54.003911 49.790104 
52.863836 54.109397 48.464394 50.374759 47.446104 52.356475 47.787050 53.654852 52.441553 52.353159 48.177829 48.748219 53.559003 48.768068 52.768234 49.429217 48.467991 47.341558 50.454497 48.505665 51.123337 52.043881 46.210401 51.613572 53.941180 52.201147 51.864195 49.406506 47.479698 47.439733 48.194328 45.706809 48.109762 50.303583 50.923882 49.400754 49.138333 50.383290 54.778572 52.150018 52.794952 49.602975 47.444737 51.496598 48.795899 48.681940 52.104885 47.341139 50.885036 48.009846 49.024105 45.787539 55.692540 45.963125 53.271821 52.805668 51.253059 48.320367 49.709102 49.938267 48.788927 54.158919 46.677274 48.316816 53.902560 54.042272 46.061696 49.564780 49.058620 51.464992 53.024822 47.027453 45.850221 45.826671 47.295755 52.971562 48.065932 55.288951 47.799945 45.922755 49.691971 49.959698 48.653286 44.580251 52.176723 49.901827 48.558716 52.585624 52.914511 48.895104 48.012512 48.532172 48.866742 52.780565 53.228398 50.692466 48.100920 49.564485 50.577007 47.122525 50.924080 51.028470 52.082718 50.527973 52.680917 50.153372 46.811005 49.589296 48.891537 47.289189 50.379306 52.250271 52.973264 52.295166 53.518130 49.556853 50.152395 52.494897 50.411902 49.830097 52.020705 52.223967 50.480428 51.898423 51.371627 52.571849 48.147260 48.813921 48.828455 48.065838 48.777489 53.553461 53.470076 48.550434 51.041297 51.264807 53.939612 50.907559 51.655969 49.966597 49.854760 46.377286 53.240150 47.875847 52.448471 53.431659 44.292316 49.991614 50.931096 50.794372 53.506170 51.952057 52.024619 50.736538 53.028381 50.450514 48.384226 47.900497 47.747778 48.242124 50.937371 53.941899 50.934334 49.029497 47.384440 47.096816 49.483829 48.545914 48.703491 50.181470 49.692870 51.922225 48.678034 52.793113 49.266839 57.604349 49.315918 49.642436 50.766164 51.018161 53.165311 47.465569 49.603633 50.171147 51.591497 51.897571 55.646711 50.340537 48.792760 52.124712 49.103182 52.407413 46.777628 54.701602 48.066344 57.235848 47.018343 48.194653 54.799740 54.405632 
50.261279 50.829514 45.767489 47.579627 43.805075 49.845346 45.314075 50.431351 46.109218 52.856682 47.953892 48.621306 49.340684 46.264008 49.010229 44.917402 45.114147 46.261481 44.049400 45.762018 46.821552 47.130291 42.753290 48.018120 48.094017 46.700148 45.353446 45.745910 46.820518 47.310462 45.082013 42.640181 47.002240 45.745489 48.626257 46.303565 45.405765 46.559535 53.010673 47.086542 49.069084 46.566266 46.742194 46.951392 48.516410 46.933516 47.673116 46.703639 49.045475 46.719460 47.391231 44.424671 52.499639 42.192390 51.227932 48.745250 46.997547 45.196355 46.478062 42.956039 42.242754 47.833088 42.218866 46.054841 48.756602 53.674691 42.359367 46.375454 47.223353 49.833458 48.029224 45.711053 41.769015 43.871298 45.127988 50.369161 45.468250 48.053422 44.229409 41.917858 43.080536 47.197607 48.479887 44.938115 46.969930 48.110959 47.594450 50.542582 49.448926 46.070044 47.019294 45.032228 49.065507 50.092902 51.031104 49.138814 44.063594 46.671544 47.171142 44.920675 48.860409 48.398474 48.898780 50.041925 47.493946 46.862224 43.931788 44.623412 43.770457 42.104014 45.959576 49.300802 47.568962 50.848703 49.567011 44.751596 49.566145 47.683122 46.803895 45.042490 49.357540 48.350056 47.533634 48.088516 48.434588 48.278149 45.390331 46.439662 47.613015 48.098595 45.358951 47.484383 47.586517 46.225551 47.662128 48.732883 52.109978 48.990593 47.172966 44.187236 46.631648 44.415557 49.746245 44.902841 48.037002 48.836080 40.502304 50.495385 48.100684 48.595315 51.305681 47.941785 48.754632 49.365178 47.301679 46.062710 43.150115 46.015545 45.735379 43.058432 45.253652 50.427038 48.825743 44.370337 44.809756 45.191967 44.501516 45.556386 46.258461 46.181855 44.400319 48.400478 45.173761 50.464621 46.988401 53.266405 47.575406 44.876738 49.206176 47.800888 51.107183 45.789523 46.449364 45.510888 46.961514 44.893393 52.214449 46.300982 45.199874 48.879199 44.975566 49.635400 44.197066 49.905344 48.244635 53.702610 45.479400 46.110385 51.989313 49.264059 
52.690384 53.847602 49.633209 51.255486 46.902092 48.512166 47.526607 51.062797 49.207394 52.308255 49.714600 49.926649 52.599821 49.048990 52.539818 46.413108 48.615771 47.769283 50.435900 47.904177 46.252036 48.788200 48.003778 48.968574 52.171093 50.545862 50.853245 49.436371 45.838692 46.821645 46.225634 45.772948 49.698579 50.527293 50.992103 49.770909 47.484784 48.462341 52.727176 49.288648 50.614271 46.887470 47.848718 50.496506 49.306990 50.380159 49.861778 48.547341 52.584874 49.701092 47.437045 48.181962 54.227701 44.398622 50.884799 49.721764 52.473792 50.602003 46.172992 48.010349 45.357619 52.335048 47.730956 49.672980 51.899773 53.345948 44.076450 51.181974 50.605827 51.001393 51.031930 48.424555 44.684197 44.523071 48.226726 50.903986 47.469237 53.458288 48.035338 45.868069 45.988986 49.591633 51.972275 43.058823 49.886186 49.781942 48.884130 52.494125 53.732691 48.340915 47.043344 47.060928 51.381774 51.066953 51.565450 50.735977 45.092647 49.151006 48.845868 46.307213 50.966366 50.163255 52.219577 52.468184 49.092803 49.395595 46.274224 49.668351 46.684292 44.468948 48.388469 51.052145 47.701728 52.160441 52.017469 46.271714 51.918907 51.522830 49.976190 50.649237 52.394171 51.014745 50.397236 51.397545 51.611979 51.289360 47.809329 46.497322 49.331796 50.229792 47.633169 49.121817 52.995828 49.365632 47.243974 52.457730 51.953819 50.166333 50.415920 47.716436 48.070815 47.494169 49.809491 47.244173 52.251430 49.158247 43.049872 52.232333 49.956848 50.334377 52.920765 50.619559 52.077981 52.566715 53.391050 47.131263 47.010658 48.894115 47.035151 47.405084 50.167200 52.818054 49.093187 48.985099 49.515833 49.666594 47.092271 46.917425 48.102908 48.032642 47.623718 50.767974 47.344816 53.154273 49.128527 54.782173 48.049522 49.981747 50.821609 47.901290 55.457830 46.029660 49.288018 47.548150 50.683510 47.924095 52.957049 51.936493 47.456517 52.125916 46.580660 52.638040 49.703016 49.956782 48.669347 56.077256 47.901701 47.262947 52.480679 54.011039 
54.372901 55.001723 48.086438 52.970668 49.026381 52.406331 47.576342 53.132155 53.602712 54.706984 51.050730 50.540846 54.893174 49.312531 54.205856 49.596637 50.106403 49.919733 51.038326 52.789184 51.647033 51.331975 48.568651 51.209641 53.412385 51.791889 53.009942 48.511545 49.044713 49.350439 50.085480 47.328684 52.831700 52.770637 53.098575 49.909099 51.210891 50.475026 54.575015 52.847173 54.379451 50.625433 47.903438 52.745926 50.313472 51.972878 49.882303 50.460800 50.311013 52.371087 49.552581 49.163771 55.371480 45.070040 50.166734 55.293062 53.929919 52.036562 48.930938 49.394650 47.588509 54.408678 50.882822 50.062109 52.728149 55.481516 47.559057 49.513649 50.831589 50.187880 52.256798 49.742909 44.685985 47.887533 49.794317 51.694214 47.842013 53.715142 50.620136 47.950813 48.255022 52.125747 52.152433 46.528313 51.840832 52.127785 53.898285 52.957577 53.786657 48.663673 48.475661 49.451312 51.285158 53.395183 55.974029 53.882648 49.287365 51.657439 52.170502 50.309846 53.781873 53.690624 52.090143 53.046326 52.167580 51.692314 47.475665 48.680036 49.773901 47.991786 51.368212 52.649871 53.047013 54.963953 54.142676 46.982885 54.193209 51.764956 52.066731 50.851836 54.722738 50.701009 50.870376 53.683743 53.654698 50.878711 50.679351 48.467101 49.699352 52.102544 48.469169 51.273311 53.089983 53.435921 48.123902 53.301454 57.747174 53.252267 50.801977 50.070564 49.996082 49.274969 54.883940 51.359686 54.274440 49.092111 45.240879 53.850883 52.630782 53.610403 55.273409 52.007341 54.713533 53.476450 51.356063 50.609480 46.185163 50.334822 48.981027 48.771250 48.362007 53.618917 53.527655 49.929060 49.011805 49.381576 49.543067 49.007840 48.279264 50.488645 46.410048 51.913564 47.536807 53.832013 49.788952 57.164228 53.487063 46.304806 49.603789 51.514921 56.029972 50.080506 51.849294 51.117278 52.833997 51.937232 55.949079 50.293866 51.325632 55.476991 48.715450 53.492844 50.664373 54.158910 51.940264 57.001329 50.472902 47.786813 57.392535 54.193856 
50.738824 57.211319 48.266444 52.807200 46.815366 48.969724 49.977715 54.800882 52.706271 53.810287 50.786028 51.745114 54.996724 50.074338 52.181818 50.131563 49.919940 48.990748 52.428112 51.641016 50.327921 51.944310 49.400168 51.529330 54.192995 52.801923 54.080750 51.128141 53.331711 49.679071 49.747109 46.373206 50.604716 50.388680 52.963758 54.088270 49.828828 49.919445 54.939580 50.378206 55.641394 52.056939 50.788531 50.554374 50.932266 50.036233 52.848855 49.500068 51.161098 52.575901 51.033909 52.173821 56.301781 47.253051 51.029968 51.597038 51.286023 52.688627 48.849849 49.480625 49.179811 56.275147 50.211530 52.918705 53.042121 55.053860 45.353305 50.911381 50.891080 53.919033 51.021737 50.130402 44.606090 45.951688 50.171026 51.475457 48.289939 54.007962 50.980177 45.745831 50.450029 52.339748 52.255088 48.302268 52.634266 51.662903 50.737975 54.062422 55.203053 50.089404 50.268072 48.751921 53.502441 55.191968 51.340079 50.986731 50.785833 49.313110 50.850474 47.617850 51.511414 51.954170 51.010892 51.294975 52.842039 50.480503 50.680323 51.067569 46.925053 46.227728 52.427482 51.285584 54.167831 53.499252 54.168581 48.319562 52.629733 52.301935 50.483873 49.799778 53.569401 55.365904 50.067363 52.706158 52.459554 52.680326 51.040237 48.894838 50.659115 50.066501 48.757147 49.502940 52.379005 51.724507 50.174464 51.459236 57.362961 51.291195 52.990951 51.077452 49.766394 50.617060 56.286752 50.012462 54.779208 51.105408 43.772930 55.049651 52.844266 53.947287 54.404706 52.156223 52.361902 55.151389 53.555888 48.706129 49.461252 49.651183 47.271920 48.975884 51.235748 54.722239 50.907644 50.829760 48.232521 49.088314 48.978695 47.748794 48.018366 50.725963 47.954984 49.253739 53.599753 55.809180 52.742385 58.758943 54.257188 49.439915 50.210329 49.907021 55.478431 47.230511 53.767202 51.218381 51.881148 50.023890 57.803038 51.065213 49.711353 52.084460 51.066892 53.476647 50.261744 52.160195 51.043740 57.794307 48.674937 50.585599 55.308062 53.636003 
49.811906 55.445298 46.644145 52.554039 47.714384 49.068783 50.215787 51.705783 49.909403 53.055341 49.054118 50.934224 53.945907 47.793650 52.440578 47.774268 47.738520 48.114433 49.841505 48.363207 46.953640 48.907290 48.442288 50.335670 53.337592 50.186704 52.666981 46.660310 47.433507 49.301008 49.533127 44.939895 48.810160 50.799843 50.153356 49.124840 50.895800 48.368064 53.253945 50.547622 52.444627 47.962556 48.240899 51.648988 49.943123 51.885898 51.739565 48.324910 49.523918 48.592469 48.605064 47.864560 54.232116 45.721865 53.808991 51.273990 49.222565 48.858846 47.486650 49.100104 46.039053 54.019591 47.367558 50.249894 51.689568 53.029054 43.765557 49.436996 52.228635 53.854418 50.744780 48.961266 43.383671 45.105971 49.040985 49.551885 47.202453 50.934843 48.242513 46.181652 44.913214 50.320924 48.210742 44.713173 49.045763 48.365070 51.396262 52.200398 53.177939 50.097872 49.542903 47.362630 52.974175 52.717435 51.656229 50.286272 46.151344 49.702660 49.533184 47.137450 49.727333 51.060870 50.941001 49.462258 50.856086 50.376399 47.784756 48.128535 46.702146 45.543607 50.108168 51.533145 48.496995 52.188941 54.414556 45.773881 50.572125 51.250545 50.011895 49.943883 55.398303 50.128642 50.794789 52.395867 52.308628 50.679811 47.133866 47.171016 48.545852 47.526733 49.572384 48.691214 50.630876 48.717610 50.301925 49.600088 54.265273 50.120349 48.589950 47.855524 48.436534 47.872493 52.223541 48.913937 53.301335 50.851672 45.623631 51.016797 50.933553 50.100790 54.437279 52.106405 51.598452 51.825098 53.702674 49.824896 46.922518 48.826259 46.195279 48.307365 50.112026 51.142638 50.371201 49.712532 47.219665 50.283985 47.639034 48.938309 48.264237 47.937117 48.839799 52.093041 46.734948 53.442800 47.697039 54.925170 51.181780 51.196116 49.865505 49.550710 52.981426 45.569711 52.087453 49.011723 48.815608 49.120323 54.618696 50.040530 48.179022 52.227385 47.841997 52.429988 50.820781 53.696780 47.441120 54.637141 45.558737 47.512207 52.667929 52.568971 
51.608774 55.894396 48.107561 50.948757 49.462848 51.697450 49.924452 52.896924 49.922413 52.433688 49.868991 47.765048 54.750766 48.980224 51.419235 49.169835 50.164234 47.747524 51.302249 50.477672 51.439463 50.849025 49.131218 48.282193 51.752300 50.407319 50.742420 48.855974 48.982892 49.046195 48.937484 47.877046 49.612502 48.695209 50.025889 51.462271 50.219731 48.024588 51.372714 49.907276 52.239189 47.126590 46.729081 51.330276 49.078120 48.741839 50.430746 52.474571 51.051478 50.975582 49.513935 46.137377 55.748976 45.269217 53.465726 51.926784 49.984658 50.553937 47.719781 47.139495 45.488281 54.730257 45.920824 50.783836 52.194543 53.692591 43.638483 51.683192 50.045802 53.388237 50.744069 50.775088 43.863382 46.509834 48.695361 51.357028 47.954498 51.443650 48.570969 45.360317 46.745968 47.328469 49.198411 45.214765 50.605052 48.802809 49.879626 52.661745 54.504052 49.851187 46.750733 47.421982 51.427833 52.647914 51.388650 50.366617 45.974382 49.105477 51.103679 46.137102 51.261112 50.882205 50.348488 50.972862 51.845977 50.649666 47.677115 47.984956 48.265133 45.553188 50.365703 51.090083 51.024705 53.663648 54.364244 46.840398 51.570848 49.715711 51.088164 49.162309 54.849404 51.375873 48.371620 50.474753 53.366227 53.984600 48.298174 49.927886 50.448836 49.132084 46.816313 48.378971 51.233805 49.913916 50.080667 49.886929 54.684637 52.327090 50.239754 46.801937 47.724833 46.960341 50.929740 49.421909 51.672646 51.256867 43.406168 51.034919 51.556049 52.155556 54.622277 50.047765 51.174678 52.786987 53.008352 48.454684 46.340372 48.438029 48.817425 47.531009 50.290263 51.531291 50.990502 49.837723 48.984326 49.449147 47.475986 49.998260 49.063511 49.463670 47.760281 51.223625 48.438696 54.267985 47.801954 56.293297 48.976219 48.988827 48.593934 50.162876 54.065982 48.458020 52.780444 47.105581 51.112343 50.581299 55.672743 50.618535 49.478722 53.940571 44.845417 51.228208 52.776863 56.186810 47.067739 55.373116 46.466834 47.910746 55.016178 52.197627 
49.624122 52.254173 47.402185 49.399222 44.924996 46.651231 47.091402 51.636987 49.031222 50.432711 48.376092 47.042824 53.505218 49.123778 48.094534 44.256546 46.040907 44.638813 48.285860 47.011304 47.978173 49.131547 46.239918 46.088820 50.412278 49.246631 49.872161 46.478844 46.899555 46.211395 44.253273 43.850354 47.642757 44.855668 48.215046 48.104536 44.923894 47.747670 53.370571 48.153957 48.466056 46.471351 47.172494 48.105565 45.914618 46.768397 48.857577 48.868281 46.002239 49.032266 47.968117 45.543040 52.708139 41.734097 50.089822 49.223513 49.547977 47.235889 46.501165 46.207611 44.761759 50.647437 45.722675 47.467899 48.283279 51.113148 43.114151 48.405283 48.626605 50.768308 48.723118 45.909224 41.854309 43.771074 47.754779 47.794824 45.284598 50.862560 44.077673 42.036130 43.794217 47.588669 49.947994 43.082996 50.802906 45.875776 49.596113 50.875704 48.199864 48.252092 47.995466 44.194674 50.161391 48.144902 50.403439 47.525189 44.420689 47.431392 46.202122 43.139383 50.428189 47.723530 48.250685 49.804023 49.649512 46.652584 44.330392 44.335203 44.515736 43.922078 48.249024 46.673829 48.844520 50.573842 54.087528 45.008580 49.817563 48.163404 47.574549 45.858589 49.692593 51.787510 48.150565 49.620069 49.670115 48.697110 44.587138 47.231305 48.376943 46.950304 46.484571 45.978381 49.581218 47.395896 47.537285 49.904032 51.285490 50.187446 51.352148 47.486450 45.708888 43.880966 50.048701 42.873638 50.184787 47.317060 39.915184 49.516900 49.482275 47.627786 53.567637 47.783598 49.214930 50.935077 48.944811 47.805849 47.378018 46.168724 45.375296 45.716509 46.056285 51.363649 46.918164 45.017143 46.685074 48.091523 44.031014 44.110097 45.641338 46.188224 45.934103 46.970562 46.758109 50.008514 47.041690 50.631814 48.909371 47.449101 46.191455 48.775102 51.320620 46.390901 48.078394 46.320179 48.527485 46.688294 53.491915 48.542371 46.617640 50.518438 47.555610 47.373157 46.882486 51.586139 47.360263 55.761089 46.903701 45.305955 52.742947 50.875734 
58.159281 58.544902 51.572101 59.042178 50.201308 55.444651 53.882564 56.417189 55.828748 57.017097 55.504694 56.776661 57.777604 54.221075 57.755479 53.283210 53.151813 53.073458 56.176960 53.889748 54.949871 55.960289 51.115237 55.910405 59.885229 58.747663 56.062654 52.784770 52.410975 50.964171 51.785029 50.373214 55.228529 53.691890 55.785368 54.959425 52.823670 53.831909 57.776485 57.850290 55.310340 53.250988 52.214360 55.647765 52.979082 52.494915 57.094480 53.493328 56.400116 55.484300 54.975690 51.923524 60.312967 49.068185 56.760847 55.157684 56.141277 53.761111 53.234576 52.932237 48.702511 57.607001 52.005046 55.904942 58.161929 56.622912 49.853792 57.199192 53.650199 57.841006 54.366567 52.291358 49.049047 50.932213 52.814092 55.592414 51.469398 56.712321 54.273273 50.680244 51.435282 55.225536 54.661392 48.064555 57.587085 53.062645 54.290828 56.541077 58.140170 54.294376 52.587718 53.806389 56.887431 55.614092 57.911947 55.779935 51.986117 53.387347 54.088370 51.649014 55.666258 56.731146 56.332661 55.177615 55.167720 55.929399 52.347138 54.534030 49.222979 51.071688 53.395398 56.233339 57.235069 58.058689 58.563511 53.671110 57.467384 55.828841 55.791974 53.648893 59.229713 56.176839 55.946013 55.212297 55.153997 56.724597 54.872977 52.169293 53.245161 54.422564 53.332370 53.722148 57.873841 55.679447 54.815117 54.258378 59.588354 56.549633 55.002788 52.588241 54.131393 50.357161 56.932886 53.067819 58.073290 55.654536 49.501873 56.285366 54.948275 55.907991 59.202241 53.558068 56.591185 58.187963 57.339201 54.023637 52.655038 53.999092 51.453274 49.902473 55.231411 57.832295 55.665057 54.469573 52.337775 54.919218 53.131092 51.917715 53.327664 53.228387 52.446463 55.353945 51.500713 60.272377 54.430864 61.553212 54.649391 54.145647 53.739084 54.490073 59.466860 52.764409 55.109122 52.887399 57.303768 53.850207 59.967927 56.543418 53.314897 57.300659 51.688763 56.436125 53.418441 59.357211 52.611766 63.711352 51.863085 51.777955 59.104987 56.689875 
52.218614 53.221098 46.620208 50.246295 42.500502 48.363446 47.699480 51.273236 51.123887 50.520731 47.863061 49.202106 52.695849 47.501463 50.442710 46.230647 47.230408 45.973194 47.318343 46.245459 46.460396 47.477864 44.324182 50.256544 49.210551 46.862272 49.010675 47.308065 48.633405 47.371309 47.967270 44.355387 48.800531 49.114841 50.612073 48.185418 47.283321 46.626496 53.727059 50.565928 50.668890 47.094801 47.027821 48.268032 46.636887 50.912637 50.690366 48.388013 49.363717 48.093228 44.567655 44.937284 51.752627 43.988528 48.798781 51.366941 48.445389 48.225362 48.116517 45.400140 46.348247 47.545886 47.067474 48.137299 49.503063 52.057584 43.713748 48.557002 48.083849 49.636593 47.984117 49.089009 44.128165 45.109662 48.032864 47.990501 44.556910 52.424750 46.707677 44.805726 45.463805 49.658939 50.049208 40.504512 49.287850 47.606961 50.964682 51.159698 50.716769 46.781708 49.118958 46.017527 51.312744 48.561322 50.797409 48.024905 46.142617 48.164466 50.170300 45.499542 49.706278 48.942466 50.156146 51.044553 50.431542 48.911883 43.993010 45.367380 43.181957 45.864369 48.883607 51.158000 49.615270 50.444191 52.920270 44.497672 52.152347 49.073373 49.004784 47.049015 52.081675 49.670976 48.750579 49.811332 49.259994 48.962008 46.485788 46.641913 47.818627 48.129769 46.450012 46.138857 49.074391 48.473317 45.274495 50.666451 52.008370 48.828619 50.787416 44.559476 46.422373 45.075516 48.984068 47.777575 51.513083 47.103855 43.646716 51.518076 48.284309 48.153588 52.023672 49.418795 52.543214 51.031282 47.527114 46.694930 44.132574 48.737780 45.248840 45.729563 48.059187 50.798706 49.400550 46.257726 45.714034 47.760830 46.003713 45.417517 45.963818 47.271809 47.163180 49.185238 46.267342 51.464333 45.893828 51.540497 50.588150 47.420609 48.015193 48.414325 52.222920 44.951587 49.946932 48.804300 48.207051 46.424460 51.952753 48.962034 46.308843 49.879600 48.313540 50.383333 49.797863 51.592304 46.982782 56.161469 47.376133 44.977335 52.466725 50.273159 
55.126665 56.406534 51.455485 54.489228 49.064168 53.298991 51.517919 55.991167 54.923827 55.831255 52.111410 54.535617 57.223243 51.515563 55.029564 52.637921 51.230904 50.370360 51.001159 51.062215 52.611590 52.976086 49.400193 51.720631 54.641807 49.887030 51.739926 51.967497 52.164052 51.829558 49.537893 49.399864 50.536428 51.563146 54.552906 51.918840 50.443690 50.956556 57.180734 53.551622 55.142912 51.943665 49.495373 50.396867 50.039546 52.671019 51.948923 50.858249 54.169541 51.078624 49.973073 50.663217 57.523952 48.791835 54.524102 55.191723 52.425661 52.109036 50.823688 49.585741 50.034720 54.014441 51.316242 54.075658 51.694020 56.784658 47.317774 55.170560 52.070649 55.013683 52.999343 52.091285 49.058669 50.263889 52.406550 53.486615 48.820128 54.045260 49.475415 49.550459 48.725232 52.048005 53.957596 47.088044 53.037870 49.849321 51.549642 52.791264 54.710486 49.432793 51.304566 48.980998 53.438369 52.561345 54.627471 52.277419 49.889860 53.835759 53.872157 50.186502 52.959796 53.343566 55.465188 53.558117 53.415356 53.738732 49.257430 50.073664 49.418789 49.862311 54.384239 55.403539 55.205711 55.826210 56.095111 48.517615 55.185515 53.360391 53.163431 50.557023 54.090287 54.986382 54.305337 51.006152 51.748839 50.886537 53.612674 50.437078 53.229586 51.374676 51.250050 51.378493 53.631038 53.856667 49.086607 53.475498 55.466528 54.480045 53.914255 51.596298 52.323074 50.558903 54.003841 51.592726 54.960633 52.864116 47.044445 56.149321 52.080498 51.111678 57.275365 53.615122 54.545304 55.683403 52.889620 50.909694 50.702337 49.181942 47.876325 49.692262 49.342064 57.440899 53.163939 50.961578 50.911347 50.489432 52.278939 52.572496 50.770550 53.678999 51.180728 51.609221 48.083997 55.839300 50.328627 58.281041 52.971353 49.835128 51.977299 53.308443 55.831574 49.467081 54.315534 51.797741 54.214344 51.595940 58.089768 51.625786 51.283419 53.526559 49.448832 57.156573 52.355941 55.320323 50.555411 59.067464 49.527446 49.016884 55.883362 55.329260 
50.549658 53.656768 45.592387 51.422456 44.562062 50.231343 47.842229 49.555153 50.067090 51.863946 48.985930 50.487273 53.794858 48.303157 51.317055 49.291733 48.748513 47.429637 52.435251 47.553315 50.634292 47.583421 47.507702 48.161285 51.116522 51.815577 49.159927 48.939286 47.038407 49.187666 47.588111 45.097804 49.352248 46.368285 52.506679 47.705612 49.698762 47.548910 50.851440 51.388634 50.125261 47.781249 45.603830 49.028919 49.625926 48.632719 50.210440 47.230329 50.711437 48.968579 47.972409 45.632097 52.138130 44.129943 51.519873 49.097308 50.874778 46.395627 49.612245 47.716209 44.834147 51.178294 44.499546 51.176256 51.097519 52.335647 44.407063 52.632394 49.729404 52.816664 52.650367 51.266550 42.375351 45.794632 46.264446 51.293094 47.393525 50.672080 49.113860 42.493307 46.094850 49.956075 47.577836 44.207033 53.276591 47.719686 49.632778 52.790845 50.867001 50.412623 47.689056 47.184418 48.569294 48.196174 51.450710 48.875814 46.335128 48.918453 50.535248 45.779202 49.377180 48.558354 51.605368 52.981631 50.172001 49.914543 46.633538 48.669565 44.893787 45.614218 49.918888 49.657010 49.102168 50.344903 54.474490 46.811562 51.183217 50.197734 52.181209 48.765582 51.347819 50.661524 49.282331 49.911205 49.972136 48.748002 48.806136 46.808956 47.351297 48.606589 46.910398 49.160035 50.769620 48.114071 49.405901 49.992323 54.728749 51.741862 52.024846 46.241543 49.744774 47.674137 49.999755 49.383875 52.424498 49.394773 44.676977 54.382116 47.460995 49.243702 53.584101 48.178149 51.945040 51.058576 52.507786 48.502915 45.775156 47.815250 48.063588 46.302470 49.022621 51.246497 50.581472 45.870403 46.873725 49.402318 49.696004 46.374423 48.002673 47.581903 47.966795 48.636514 46.866655 53.302207 47.765827 55.287081 49.872886 48.970965 48.655273 49.044562 51.994902 45.819545 50.502985 46.760258 49.483724 48.931925 53.836128 50.942545 49.661737 53.154254 46.510613 52.051882 49.151513 54.785259 48.428932 56.425601 47.285119 45.436272 54.078093 49.571952 
52.711152 56.016686 49.217318 53.010281 49.222248 53.154378 50.986831 56.481154 52.334329 56.541132 52.232619 54.692134 55.120841 48.928809 55.366623 50.245291 48.650965 49.096316 51.206727 51.904488 50.205021 51.749491 49.070909 49.508136 55.769195 52.672039 51.716066 49.723584 50.848723 48.561598 48.384415 52.209229 49.719793 50.347481 51.259286 52.100407 50.409205 49.230469 54.124095 51.839810 50.180172 50.358678 50.417863 49.880839 49.216792 52.663975 51.284928 50.399401 51.925716 51.871311 49.429330 48.298487 57.264198 45.205169 54.252359 54.948360 52.965126 51.697720 49.453705 50.381346 47.735888 56.790770 48.853136 50.935475 54.000969 56.624489 45.466664 49.762333 49.813758 56.682935 52.227576 51.393792 45.008889 47.470113 49.612009 54.654228 50.944073 54.606035 50.834076 46.194672 48.387043 51.943451 51.020627 48.456371 53.424165 50.485086 47.098221 54.104770 53.200075 50.412497 53.464326 50.461500 52.746908 53.361143 52.986607 52.874688 48.778023 52.959504 50.165817 46.311380 51.537947 50.499536 52.974855 53.666148 55.363325 51.330342 47.449632 50.258211 47.951845 49.048417 51.935182 50.911490 52.717378 53.567695 53.393174 51.570739 54.055987 52.504764 50.977574 50.998780 54.523859 53.681161 52.701020 50.192453 53.319020 52.446407 49.413241 49.070291 50.810173 51.437201 49.872323 51.392293 55.562608 50.352218 50.056337 51.978110 55.294245 52.851666 51.903989 49.222844 48.329631 47.606508 53.253003 50.301295 52.562227 51.665740 45.167301 54.556159 49.080922 51.125731 55.532928 50.465505 54.052694 53.015118 55.132499 49.616579 48.895652 49.304192 47.887399 49.526014 50.067915 53.643807 52.141876 50.737873 48.518691 48.205353 49.031731 50.726228 49.511117 49.605563 48.582802 51.556071 50.965934 53.191723 51.641053 56.753747 50.990566 51.314296 50.897978 51.064753 54.443183 50.101034 50.175964 48.756377 52.141073 50.711926 55.427635 50.552974 51.401276 52.392942 49.930080 55.052010 49.118129 52.906201 49.622335 59.020649 48.059679 51.389045 56.655861 54.032459 
55.168097 56.984559 52.396245 54.241488 48.463152 54.612138 51.819571 57.142490 55.572184 56.997141 54.779950 54.982065 57.828129 53.796127 55.741833 51.381729 50.625361 48.434220 53.365151 56.315174 51.381443 55.727855 48.594087 51.639630 55.579410 55.016054 54.753742 51.947640 52.684603 51.944472 50.982037 48.526824 49.746528 53.633737 55.913681 53.204293 53.220194 52.995401 58.522649 55.068742 54.500527 54.326194 52.060034 52.194531 51.554183 54.124649 55.310794 51.442089 55.395059 53.011028 51.724920 49.328951 55.718764 50.258753 54.290862 56.416362 53.476125 53.140137 51.699736 52.375689 50.560479 54.715678 53.325108 53.433950 53.695202 56.648816 51.893613 53.868472 52.128255 57.612965 54.851090 52.226462 47.889647 50.190673 49.838543 53.850869 49.843105 54.673782 52.082971 48.749414 50.865720 53.310220 53.572307 47.632397 55.381564 52.829717 53.347254 56.624154 55.619604 51.955452 51.794008 50.201734 55.989147 53.896890 56.966226 51.888536 54.511342 52.372253 54.794303 48.989950 54.533398 55.503149 54.044566 54.171013 55.239400 54.287720 49.713374 51.769422 47.921891 50.003389 55.513864 54.855367 54.692935 57.524966 54.607210 52.171340 56.012398 53.999194 55.466484 53.365648 57.831010 55.127958 52.081990 54.378538 53.818801 55.271920 54.524561 50.962166 54.798952 52.333886 50.161587 52.906637 56.480155 54.141045 52.716427 55.023256 55.784350 55.860353 53.256500 49.849938 52.266351 50.071902 56.514041 51.919981 57.048450 52.158118 46.457500 57.109292 53.733871 55.462905 53.718442 52.597742 55.828037 57.126639 54.843286 53.359598 51.227157 53.668211 49.252705 50.409288 53.445052 58.918100 53.717687 53.234771 50.721970 54.087165 50.500156 51.033781 49.964105 53.600187 51.737244 54.690793 51.205765 57.712173 51.597043 58.544630 53.996772 53.983787 52.526360 51.035593 58.476465 48.991737 53.684016 52.401418 54.842935 52.042516 57.822192 54.745476 50.955703 56.271028 53.656076 56.559451 53.305517 57.293340 51.609483 60.342054 49.653013 52.795628 58.665736 57.452360 
52.349479 51.851166 44.304414 50.305623 44.249413 48.621369 45.519108 49.577605 50.146064 51.424668 46.775967 48.298134 50.945312 46.634268 50.420078 46.319433 46.881101 46.002961 47.757754 48.639667 47.375883 49.179458 44.517568 48.236026 50.946130 50.468187 51.024379 46.421488 47.299184 45.965408 45.955989 43.774211 46.181783 46.460914 48.563708 47.229098 46.523902 46.160344 49.460254 47.839465 49.520439 46.831915 48.510566 50.119844 45.272917 48.894660 50.791252 46.910073 48.892116 49.986534 45.207234 46.783523 53.949474 43.652335 49.520649 48.928650 49.549960 47.009767 46.953795 46.208047 45.067163 50.677511 46.778047 47.021789 47.520883 51.550857 44.815339 50.617117 46.492438 49.869204 47.309955 47.185966 42.829756 43.138294 47.615602 48.220595 46.137761 49.988494 44.330980 44.091812 46.382763 49.249804 47.946631 44.491190 49.261437 46.614317 48.324695 49.135090 49.954502 46.468624 46.291757 46.288605 47.353698 47.887934 50.339315 47.588532 47.095934 48.412091 47.670525 45.338797 48.713107 48.429711 48.013198 48.410046 49.628286 48.200493 45.080314 46.408940 45.942519 46.212338 47.621101 47.759598 51.865119 49.490135 49.638533 44.921480 51.076881 49.074800 49.473957 45.147759 51.732451 51.226971 48.891367 49.366988 48.744140 47.622526 49.305892 45.799984 46.833946 47.901165 47.900947 50.109607 51.505812 47.160009 46.478747 50.818428 51.352428 49.986044 48.149673 47.334846 46.117544 43.181520 49.575445 46.743730 51.159901 49.651871 42.862594 52.250916 47.931341 48.358007 48.782950 46.519803 49.054880 49.358519 49.852335 45.481342 44.881689 47.026825 43.937563 44.885361 47.381930 50.638500 50.125873 47.002486 44.816648 47.111781 46.293203 45.497093 45.815193 45.617479 46.455422 44.998928 48.100994 50.195427 49.148152 51.915843 50.663215 48.464852 47.248355 49.586079 51.481041 46.009214 47.766990 45.949021 50.069870 46.881146 52.856353 50.393150 46.194693 49.966181 45.583157 49.022523 47.070732 51.562280 45.249784 56.146397 47.815899 42.892277 49.935922 48.930108 
54.632589 57.284786 51.397895 54.523068 50.151490 52.510386 51.202518 54.656551 55.295786 56.258475 52.745014 51.911278 56.421609 52.000572 54.762072 50.605061 49.651681 51.593118 52.723298 52.631938 51.118978 53.958145 49.731074 53.223259 54.086980 54.957650 56.028749 52.210222 51.520067 49.246390 50.519710 47.958646 52.807723 52.035613 52.505026 52.932542 50.872642 50.819026 56.387687 54.000704 55.621985 52.001248 50.967949 53.267476 50.822998 50.199627 51.889883 50.206519 52.413536 54.252392 52.756287 51.393597 56.502126 45.417742 54.550009 53.616316 54.804420 52.522041 51.415455 51.110820 50.745725 54.396607 53.117668 52.422593 54.443310 54.485301 46.272873 52.487834 51.718032 53.490110 52.804035 51.085429 46.752519 48.642482 52.176266 52.321661 50.953879 54.437052 50.652712 46.489721 50.450113 51.253425 52.575375 47.905695 54.293756 51.608256 53.555465 55.158751 54.391110 51.597210 51.382068 49.458222 53.396776 54.548179 53.416812 53.973338 48.052374 52.371055 52.437453 50.407245 52.501258 54.006444 52.405298 54.881063 53.999969 50.396838 48.420917 50.590294 49.190188 48.898248 53.145010 53.616337 55.507054 54.677560 55.232587 49.982097 53.285925 50.679884 51.404922 51.703531 54.120367 53.893726 52.901322 53.519966 52.816435 51.446997 50.175456 50.475349 53.037450 51.654065 52.824528 52.916459 54.899553 51.158521 50.388286 51.813250 57.453305 54.096526 54.579470 51.946969 52.011889 50.914404 54.926975 52.373184 53.948838 52.950791 47.963608 55.551139 51.671788 53.512975 56.917322 52.535424 54.444386 53.640816 54.465924 51.699976 51.333127 51.327586 52.809969 50.361456 53.954613 55.498278 52.122136 54.038353 51.426197 51.301483 49.921027 50.778491 48.488865 52.103525 51.111822 53.020698 49.067343 54.526391 51.325167 59.089306 54.314689 50.966812 52.026020 53.837083 55.654269 50.762501 52.964898 52.077022 52.768516 51.810199 58.398815 51.510886 53.333774 55.565189 51.740145 53.869309 50.446910 59.580345 49.857138 59.728458 49.847787 51.688962 57.839234 56.002449 
52.904284 54.595791 47.600302 53.039169 45.095012 52.142856 48.029005 52.715631 51.913436 53.258054 49.877819 48.260691 53.627387 48.438504 51.880459 47.505235 46.919403 48.118386 51.468555 48.801972 49.765857 50.923723 48.206581 49.816433 52.654894 52.503929 50.828731 49.557867 47.384023 48.725935 47.485517 46.355528 48.931265 48.865517 52.091256 48.958260 49.712610 47.901917 52.727937 50.627295 52.053202 49.283829 47.809732 50.107530 49.463227 48.569730 50.436453 50.043033 50.063814 49.911779 48.244491 44.931949 54.247710 45.219389 52.395991 51.610063 51.852280 51.100550 48.003038 48.294916 45.964000 52.612444 46.653318 48.973255 51.123570 54.652438 46.326952 50.346568 46.745718 52.163816 49.689947 48.186855 45.285034 44.721750 47.431732 50.505331 48.597054 51.127905 48.457051 46.276952 47.052816 50.667358 50.792603 44.090641 51.436467 47.412572 49.323200 51.562140 51.902589 47.960863 49.815036 50.817515 50.919618 49.332943 52.383583 50.316516 46.610785 51.788894 51.112773 47.198285 49.521450 51.669835 51.413389 53.107606 51.555631 50.655253 45.381129 48.127352 46.847146 45.646926 50.117030 51.309863 52.772347 51.461978 51.956344 45.977206 52.060048 49.538062 49.342470 48.474772 52.710115 50.846556 50.804987 52.497011 50.211930 50.770720 47.751572 48.445387 49.908561 47.795797 49.476540 50.250833 52.399392 47.561541 48.191294 50.090296 55.673609 50.563577 51.140992 48.368164 50.253865 46.649591 49.527526 48.011569 51.949348 50.210425 44.145745 52.995148 49.845965 49.962319 54.850175 50.226624 52.743342 52.382519 52.211900 49.757530 45.904750 48.394976 47.380461 48.698014 49.120357 53.414634 50.097528 49.078740 47.400977 48.686679 47.807253 46.897656 47.397888 49.203849 48.730632 51.506473 47.309302 50.398575 46.988255 54.084907 50.403988 48.898444 50.147132 49.675966 53.062609 48.400405 49.444697 47.443989 51.116050 49.252565 55.209710 48.663658 48.434126 53.628339 47.487945 52.439332 49.365137 55.269839 47.760601 57.357274 47.890379 47.605269 53.272766 51.261208 
52.155580 55.936541 50.208649 51.940209 46.388264 47.550509 48.926872 53.242509 50.783767 52.880966 49.510950 48.594294 52.837760 49.203956 51.904755 48.191905 45.160647 46.370582 48.975060 51.309687 50.291565 51.580165 47.031317 49.246773 53.069463 50.853839 51.083982 47.974700 49.676982 47.343794 47.893379 46.308600 49.995518 48.401273 50.956086 50.290245 47.906354 49.694715 51.714904 53.484627 51.362455 45.885824 47.086093 51.910518 47.854915 49.183568 51.980511 48.169175 49.053071 50.883525 49.432127 46.998902 53.187901 45.205476 49.682624 53.022043 47.958484 51.503641 48.669814 49.054624 43.296390 50.377561 49.246102 49.663324 52.170737 53.203414 45.402653 48.742622 50.356751 51.958444 51.624126 47.819770 45.064006 44.048041 48.298293 48.801861 49.302816 52.868546 50.206380 47.838708 46.887394 50.820567 51.472020 46.005618 51.907105 51.602913 48.438849 51.843053 52.063760 49.308855 48.654433 47.478614 50.568369 49.551113 48.783980 48.902107 48.889301 49.262348 49.460733 45.863786 50.151927 51.552908 51.124116 50.748973 49.393853 48.699456 47.198323 47.578234 47.167481 45.547087 49.990328 47.997647 51.286469 50.297785 54.172164 46.808315 51.811841 50.436893 50.347103 45.159871 50.967926 52.863810 47.791758 51.902734 50.528597 49.949803 48.383788 46.117556 49.531591 49.553446 49.651395 49.857277 54.145512 48.996231 49.907282 51.586073 54.936468 52.787225 51.717768 50.120677 47.562188 45.529922 54.850020 47.660278 51.196831 49.080029 44.343454 53.490845 50.224092 51.344423 51.662912 49.227523 52.088234 51.211423 51.299650 47.214335 47.219359 48.509890 47.988976 48.435413 50.719956 53.053221 48.371114 50.910507 46.524950 50.522334 47.023416 46.984412 47.919446 48.728798 47.762950 49.930350 47.923355 55.110023 49.199607 54.825668 52.157568 49.205904 47.781785 50.750643 52.299568 48.664359 48.700509 47.648457 53.020971 48.625320 55.461937 51.775757 48.392540 49.542699 48.555075 51.792281 49.819863 53.124416 47.267894 55.827003 47.284417 48.192118 53.691722 54.022000 
48.855710 52.897999 45.892754 49.282208 46.612137 47.179827 42.785173 47.663312 47.399317 52.477987 46.583619 47.552357 48.781729 49.017046 48.063258 47.336765 45.358560 44.634311 47.834712 47.929150 47.133084 46.820202 46.167422 45.829748 51.054738 45.953531 48.448268 48.148210 46.502920 45.548110 44.604151 42.291119 46.694380 45.429280 47.988278 46.204690 44.891931 46.590758 48.868404 46.277470 48.817734 44.659298 44.103420 47.463312 44.227063 49.067296 46.848191 45.748666 48.589665 48.750431 44.073599 46.154685 51.115333 44.957452 47.956186 47.884404 48.479440 46.373449 45.686945 44.738648 41.843555 50.422936 42.882602 46.537489 50.820535 50.909252 42.210058 48.925433 47.784258 49.739729 46.603724 45.451252 43.068966 41.826294 46.198493 47.888203 43.545922 49.795047 45.272872 44.960695 43.996155 48.352146 45.559437 41.983899 46.695497 46.642450 49.202738 47.476255 48.098307 46.044388 44.411640 45.741412 48.492962 48.192838 48.567325 45.925353 45.980581 47.606708 48.843094 45.083245 48.152970 50.367308 48.008844 48.917032 50.213412 48.132059 43.677950 47.851929 44.743326 42.907834 48.266926 48.053013 51.774171 48.468148 49.398148 44.222826 47.086956 48.645342 47.794556 48.159893 50.553032 48.515670 47.647695 48.957309 49.333511 47.042950 45.067948 44.845079 45.355857 47.186035 45.548635 47.644672 49.147822 47.117908 47.718739 48.090017 51.864223 47.700266 45.326922 45.429652 46.746562 43.518855 49.310425 45.693782 50.362282 45.886319 42.824455 48.440232 47.755325 47.734239 52.106450 49.000830 48.874645 49.029421 47.551902 44.412826 45.666345 46.335100 43.538357 45.020619 45.455312 50.773102 45.720706 45.744924 45.971605 46.526903 42.509151 43.323210 44.540821 44.117078 43.542026 46.098097 44.230635 50.504189 46.387053 52.948653 46.610048 44.602049 48.873412 45.755182 52.180462 44.281591 48.516901 45.516022 47.182219 46.370768 51.436943 45.819586 46.581789 49.087173 44.672153 49.764729 45.383871 50.713005 45.956726 52.555951 43.605670 45.163668 51.500992 48.478928 
53.215192 54.644229 48.904658 50.601902 47.335423 50.033612 48.985137 54.218135 48.648299 51.650843 47.781387 52.241803 51.866748 47.853265 50.028324 47.656907 48.302181 46.692116 47.605882 47.970805 47.679442 50.711346 45.967816 50.405198 54.067528 49.945349 51.310820 47.911665 48.994092 49.133530 47.281366 46.922799 49.153728 48.714333 51.767830 51.615228 48.417343 46.517365 54.120105 51.375507 50.907724 47.529850 48.692402 49.534982 47.936477 49.748558 51.132094 49.700033 48.136698 51.304150 48.067200 47.935733 55.277371 43.491873 51.729518 48.895019 50.713989 47.465643 47.018313 50.164566 47.470455 51.846444 47.583208 48.973112 50.370784 55.066068 45.219820 50.247343 51.984965 50.998784 50.708252 48.336271 42.911214 47.605399 47.995866 50.639872 47.327574 51.012898 47.699957 46.173537 47.385858 50.705688 48.179424 45.348489 51.483307 47.469140 48.498709 54.222925 49.979311 49.690545 49.374015 47.459265 52.190560 51.386265 51.819242 50.861710 44.606622 48.631927 48.065666 48.491755 51.154752 49.002726 51.005198 52.144293 50.282584 49.472524 47.961053 46.042629 44.364018 46.266023 50.934731 52.160991 50.561192 51.875503 51.813521 45.537748 51.376445 50.201604 50.289202 49.816651 54.106010 51.380569 49.553055 51.000912 51.777507 50.690200 49.627279 48.556714 52.093892 47.991745 50.796646 48.014288 52.190438 49.034036 48.214340 49.682805 53.174114 51.607712 48.166533 47.410883 45.829133 46.231774 48.665842 50.380949 54.455171 50.974511 44.784644 51.587894 51.591662 49.952975 52.512759 49.366183 52.647231 51.406711 53.425372 49.475777 46.819985 50.808437 45.315163 46.087311 50.822512 51.920261 50.667265 49.387324 46.645226 49.322714 47.317291 46.330149 47.988114 49.493051 46.420879 50.238207 46.670466 51.263069 46.770438 53.710198 50.286025 49.708584 48.436406 48.760328 54.948501 48.604100 51.900691 48.652628 51.984657 48.982029 53.487086 51.222116 48.078407 50.997784 47.865466 49.639553 49.922441 51.861593 48.602284 56.413009 47.463353 47.323377 55.519073 54.057457 
50.329550 54.131436 49.251521 49.357663 43.285468 47.467307 45.281600 49.641014 49.183011 51.527845 47.810844 48.862107 50.929628 48.510538 49.663684 48.141041 44.970000 44.727043 47.903295 50.588670 49.435985 49.167837 44.162345 49.348558 52.467634 50.811161 46.779599 47.137567 48.828711 46.337748 45.180547 45.787159 47.564811 47.181047 49.267759 47.868273 45.633367 45.700990 52.236037 50.726266 46.828159 44.954720 47.521515 48.166984 48.777649 47.421818 50.317190 47.553436 49.027106 49.257217 46.812734 46.641098 53.593382 44.674413 50.549442 50.861311 51.633203 47.561082 46.975775 47.912161 44.929345 50.186125 47.359568 49.272915 51.066655 51.235290 42.219201 48.414102 47.785915 48.248694 48.217615 46.870873 41.990199 45.024528 48.217491 49.346270 46.918525 49.993774 48.474928 45.791474 44.564620 47.385435 49.503820 44.800516 50.718861 47.944033 48.894059 52.712093 50.143534 49.069315 48.803234 47.462664 48.155836 47.342566 49.973025 49.441305 45.673076 48.568182 49.339429 45.020219 50.966511 48.213904 50.502671 48.607173 48.719617 49.057692 44.741570 47.195066 44.550093 45.059145 48.269755 49.549576 49.224760 52.123352 52.716706 45.792557 49.919777 49.886914 48.093649 47.056800 51.605078 49.929826 47.984932 48.835814 48.855486 49.709558 46.953647 48.348007 47.621847 48.148213 45.783445 48.418990 51.344612 48.401893 47.347620 49.978724 51.356138 49.685652 48.436594 46.748898 47.216446 45.310805 50.671498 47.591407 51.462777 50.984705 43.299581 49.479203 47.360541 50.541175 54.074213 49.611725 50.281937 49.917292 51.829656 46.086214 47.289867 49.111849 48.060249 47.087214 49.252746 49.843546 47.826232 47.237727 46.343013 49.340662 47.367311 43.459865 46.694423 45.778403 46.046587 50.710954 46.142008 52.896562 45.152414 54.008540 49.575923 47.306229 48.010791 48.249552 52.976277 45.541460 48.873481 49.354482 49.218573 47.200364 53.916544 48.841263 47.053223 49.834449 46.091515 50.731832 50.098444 52.153710 48.937824 54.896145 44.201906 47.598375 53.560152 50.487429 
49.465543 52.571196 45.149558 49.302921 45.146192 47.678325 46.101375 47.547791 46.385942 51.360927 48.961208 48.970428 52.054034 48.056743 48.327423 46.281325 46.811016 44.104101 46.922024 46.187031 46.398873 48.407011 44.762953 47.125735 51.714984 48.374416 50.181663 46.805896 47.714148 45.395194 44.129987 45.579509 47.470499 47.036132 47.864066 45.888820 46.344953 46.026908 51.389282 51.034243 50.184013 47.323682 47.477135 47.144364 47.048792 46.745658 47.447890 47.411638 46.557596 47.530355 48.041042 46.458827 53.942706 42.482178 48.332267 48.932464 49.955245 48.662029 46.717701 45.664222 44.617464 48.104045 47.089358 47.450966 50.699607 49.426919 41.247262 48.503748 50.027751 48.753409 48.508415 47.916128 40.422021 43.237301 45.095061 48.672977 43.081894 50.904436 45.869371 43.933459 43.397661 48.610350 47.949865 45.406053 51.511985 48.254496 50.124423 49.203332 49.555278 45.035340 46.094719 44.327200 50.433254 49.334131 48.001269 46.827110 45.252800 48.120458 45.760065 43.488520 47.805799 47.762618 47.267420 49.763736 48.234111 44.293147 45.569336 45.278196 44.474561 46.516307 46.654841 47.354139 48.841144 52.794982 51.474122 43.849778 49.882975 48.552477 44.827989 47.283600 50.296539 50.091543 46.906756 47.486726 49.264121 48.762401 45.052459 45.606619 45.799469 44.937560 47.815519 46.401675 51.959339 48.735384 45.351215 49.743474 51.482495 48.072269 48.805296 44.729777 47.621518 45.794574 51.332309 46.524279 52.115696 48.197216 43.066880 49.266656 47.952373 45.138577 50.375290 49.628611 50.969146 48.806913 50.530741 46.618235 48.581350 46.201611 46.127162 45.826188 48.453699 50.467319 47.014784 46.374976 45.016743 47.429419 45.404978 44.282709 46.178745 48.436431 46.957774 47.575404 44.579939 51.699518 48.037059 55.714654 48.051236 47.701403 47.683426 47.563955 51.224628 44.850355 49.776930 45.464608 49.040597 47.061194 53.842879 47.479594 46.274705 49.289255 47.287003 49.311889 47.922907 50.227060 47.879125 52.729115 45.394066 48.598404 51.904723 48.655644 
50.388448 52.994737 47.999761 52.000959 46.286517 50.802162 46.204488 51.114354 51.829832 55.053767 51.329545 51.001316 53.791737 50.498451 52.488170 48.948541 49.237215 48.981812 50.286052 50.716789 49.562195 49.799101 48.696782 49.125671 52.883218 50.638571 52.861254 49.287778 48.125777 49.016546 48.744471 46.726427 50.745908 51.555020 51.465694 48.353795 51.068188 48.072751 50.330652 50.445742 54.262212 50.992113 49.554607 51.535785 47.359071 51.130660 50.541774 45.832432 49.353151 49.409457 49.026413 47.968121 53.376543 44.982715 51.382764 52.399863 50.507261 48.349960 46.768452 49.123643 46.055771 51.430367 48.096470 49.944135 51.938642 52.880889 47.449746 50.765720 51.329566 52.629282 50.279060 51.320114 45.476992 45.352158 49.371957 53.004288 47.595312 52.582062 47.690875 46.207434 48.741556 49.648733 51.327150 48.367099 52.529515 50.925369 50.901064 50.718624 52.257303 48.954515 45.907065 47.831022 50.598821 51.756996 52.712015 51.619369 47.695191 51.202537 48.795818 47.416867 52.793000 52.404368 50.212452 52.509725 50.634474 51.078586 46.962302 47.315606 47.380532 47.552043 48.929045 51.052417 52.034288 51.972747 54.342325 47.022683 53.698142 48.745350 49.598377 49.587650 52.748109 54.637842 50.825841 50.043154 51.035436 49.016981 48.895415 49.540712 49.924208 49.933429 48.701625 47.134227 55.031284 50.727843 47.933034 51.858805 55.102116 53.319338 51.505493 49.713966 50.872563 47.705634 50.972986 49.798450 54.002041 51.358512 45.296499 55.172317 51.054020 51.590262 53.173126 50.064828 50.854644 52.521226 53.628186 48.600370 47.660893 51.223838 47.431538 48.336357 51.068242 51.643840 52.499247 48.803154 48.232388 50.291733 47.920647 48.425861 47.744430 50.523241 47.439068 51.280981 48.422421 54.609275 49.865137 55.382084 51.349832 47.663784 49.810957 51.120867 53.478964 47.056177 52.350814 49.315831 52.501238 51.059302 54.590270 49.933560 47.968600 53.999695 47.661958 52.712404 49.042330 55.057610 50.003162 57.284571 50.995584 47.323933 53.796905 53.576571 
49.893193 52.154147 47.199129 50.264704 43.425781 46.220608 45.251092 52.388230 48.869655 51.355309 47.446033 46.068031 52.121006 48.762526 49.738647 48.057781 43.575708 44.052341 48.510744 47.156196 48.227912 49.446310 44.514001 47.828475 49.284968 48.796821 48.083505 46.342930 50.953358 46.426304 46.837324 44.638418 45.698964 46.111368 46.333798 47.376056 44.957782 47.885252 51.808306 47.851943 49.454693 47.752658 48.139235 47.925007 46.533850 44.164946 49.613281 45.094784 48.918446 48.477527 44.538847 45.866609 51.731203 43.413835 50.665689 51.534442 49.175067 47.053590 47.751525 46.997621 45.053556 49.603844 45.867924 47.453197 49.752761 51.927851 41.209669 47.356766 46.986592 48.977057 49.409345 45.154113 43.366385 45.070369 47.509960 49.629203 45.490873 50.371605 45.072782 44.196841 44.054637 48.215352 49.945686 44.153668 48.241810 46.324181 46.713831 50.582072 49.129728 46.967830 46.004575 44.090546 46.700304 49.576735 51.954668 49.317199 47.870219 49.713525 50.517424 44.171236 49.609264 49.101689 50.008513 51.485512 49.696809 48.455670 44.655232 45.606278 45.574505 45.857368 48.448715 48.579064 51.835684 50.126477 51.059113 45.445795 48.246761 47.594538 46.203900 47.031747 50.784925 51.013219 47.656771 49.701109 49.177251 47.141653 46.394127 45.776051 48.592343 46.399366 47.641361 50.529508 51.059284 49.357502 47.391150 47.844305 52.030375 47.364734 48.953179 45.349323 46.672649 45.153367 50.883254 45.365137 50.352897 49.109685 42.034273 52.476441 47.664029 48.942997 53.876543 49.043422 49.351669 47.755589 49.447571 45.268343 47.410150 47.182052 45.711869 45.996946 46.141866 51.477492 48.050886 46.794231 43.557794 46.064130 44.962464 45.950837 45.361102 50.637143 44.595774 48.554834 46.673306 50.154604 44.950285 53.544685 45.799672 47.796496 47.536327 48.562002 50.712248 44.968939 48.561510 48.987863 49.735585 47.651736 51.613494 47.600812 46.316450 49.461754 45.842529 50.454529 47.768240 50.332213 46.028185 53.089061 46.101566 45.285285 55.448925 50.165514 
51.780585 54.384262 49.013115 54.232751 48.652245 51.220071 47.093325 55.962307 52.494904 54.579773 52.369564 54.110227 52.131416 53.199957 52.435843 49.486163 50.077397 46.335270 50.700843 51.801020 49.907599 52.564931 48.934930 51.564597 56.546598 50.314424 53.449109 48.751308 50.662360 49.665937 52.802153 51.324692 51.365100 50.078599 50.313841 49.464858 50.680184 49.346538 52.450383 52.653355 54.882665 49.891627 50.568346 51.169575 49.786878 52.230997 53.421459 50.711260 51.040428 52.243553 49.200316 49.213920 56.057551 46.119968 52.831876 52.900237 52.279368 51.510587 48.774677 51.667659 46.184792 54.167772 48.535652 50.738826 51.946011 53.829013 45.668837 51.316771 53.364657 53.966865 52.155921 50.065958 43.036320 46.166699 49.996203 51.256943 46.758222 54.412007 49.061172 48.271028 48.941759 51.606699 52.692761 47.423214 50.423364 51.660910 50.700682 51.873028 50.962850 51.146782 50.529032 50.862065 52.402154 51.014122 53.426553 51.849954 50.111025 51.213896 49.402245 50.004686 51.098667 51.225625 53.223006 51.389775 51.630581 51.202980 47.613967 50.653621 47.385093 49.570945 51.309283 49.304911 51.092861 52.273148 54.821597 46.690095 52.590022 50.095619 52.677306 49.054018 53.531191 53.224118 50.575511 52.801263 53.396753 51.216018 49.902129 50.667746 51.227452 49.480387 49.895545 48.906883 55.412630 51.480511 51.018652 51.142567 57.452969 51.984098 50.305776 50.628822 50.945148 46.917013 53.898080 49.979923 53.850051 51.389052 47.425090 56.978200 51.610263 51.669243 55.339780 51.243736 52.018448 52.153265 53.784504 51.060640 48.236144 49.704454 48.039196 50.999808 51.594843 53.948964 51.416111 50.187379 48.773445 51.941910 50.125269 48.402948 48.610715 50.047374 50.235552 51.972090 50.394654 55.193673 51.302082 56.763186 52.720205 47.833225 48.674376 50.643158 53.549291 48.361724 51.501858 50.999943 52.993409 49.014294 56.859578 48.341002 48.919200 53.680651 50.693861 52.826369 50.786879 52.112158 48.597597 58.061546 49.333737 47.686728 57.268072 55.677103 
50.802600 50.004030 43.785001 46.140824 44.276055 47.378304 43.659288 49.698079 47.772862 50.038654 45.709710 46.226973 49.228050 45.329540 49.266012 45.085101 45.738650 45.727359 47.096155 46.109412 46.167255 45.999535 44.282740 44.596446 48.134471 48.144025 48.999534 43.629891 44.187914 45.289659 44.001596 43.724700 46.377944 43.405612 47.985788 45.420850 46.597359 46.273034 48.386642 46.785746 47.892998 43.406306 43.130803 47.978742 47.639455 44.829265 46.929364 44.043123 46.182783 47.842275 44.953895 44.159053 49.000353 43.368514 47.758647 47.344493 46.422574 45.445586 43.454085 45.913273 42.957232 50.254698 45.811190 44.785406 47.020764 49.206170 40.387813 47.238351 48.027952 50.037762 47.782877 44.226478 42.225480 40.626229 42.680616 46.649467 43.858879 47.506472 44.353532 42.349675 42.437203 47.268623 46.614073 42.722769 47.555163 45.688470 46.575460 46.706743 47.615216 45.231549 44.263050 44.251241 48.850673 47.838490 50.165911 46.387669 42.767071 46.069198 47.888863 45.632641 45.748739 47.573219 47.558630 49.396120 47.577224 47.171800 43.564585 46.111193 43.925669 42.470324 47.487329 46.195966 48.493395 47.887370 48.915719 43.064400 47.773628 47.638286 46.962860 44.726685 48.415709 47.127969 46.393733 47.186430 47.348767 45.660473 44.277586 45.628066 43.416860 49.565018 44.691527 43.857217 47.165774 46.070715 44.628135 48.062772 50.992728 49.124653 47.516507 46.084375 47.457823 45.935972 48.336232 45.388102 51.027215 47.972821 40.255718 46.425592 47.251620 47.484440 48.944838 48.155940 48.982187 49.131127 45.924181 46.908153 45.081629 44.929801 44.887269 43.198317 43.894048 48.902761 46.910696 42.080872 44.110779 44.999931 45.780339 42.063670 46.170083 45.434523 44.488551 46.900785 43.278168 50.432386 44.225812 50.643924 46.747143 46.190364 44.884205 47.341981 49.959105 46.140723 46.385516 45.585193 48.433311 48.047270 53.028757 46.779465 44.305701 49.899480 44.612239 46.229033 44.029990 49.245819 47.479438 52.430305 44.036110 43.247957 51.008727 48.927887 
53.221024 57.228187 48.980660 54.596665 49.335709 51.876647 50.093787 56.616195 51.233096 55.002302 50.198633 53.660534 55.103397 51.655890 52.898377 50.083342 50.602207 49.394650 51.924955 52.283958 50.789460 53.964895 47.926059 51.328712 56.810322 53.797319 53.193709 49.384995 48.567664 49.007617 49.403936 47.903666 48.935349 48.973397 50.346426 51.592069 49.078955 48.995379 54.398439 51.067869 52.066573 49.729804 51.624642 51.733330 51.482210 53.442193 51.532062 51.274582 51.896441 51.928193 50.334763 49.539651 59.591873 44.820447 53.577121 52.919362 52.740173 51.617251 49.753250 50.089456 49.522039 56.288129 48.236111 53.112355 53.218271 55.801013 45.687946 53.420123 52.288546 54.070149 53.310698 51.418310 43.525791 46.280353 49.025207 51.393833 48.440204 53.900351 49.842907 45.645869 48.390088 52.126646 50.065750 45.925211 53.719445 49.505700 53.155749 54.565217 52.424699 50.108118 52.738444 47.845735 55.001620 51.112868 54.608670 52.905412 47.951944 50.234843 50.981447 48.517130 51.836217 49.876798 51.934489 52.244949 49.285043 51.579203 48.476621 49.947727 46.472802 47.580350 50.942239 53.098380 51.753519 51.977829 53.695967 48.794798 53.420132 49.803891 53.735613 50.920913 53.726193 52.919793 50.178586 51.865995 52.500217 52.288415 48.505792 50.567772 50.347564 51.189500 50.177706 51.170337 54.131750 51.565344 50.201323 52.053858 55.334784 50.047507 52.156620 49.544220 50.515843 49.089677 55.046084 49.532508 53.842558 50.072722 44.488567 54.924294 51.738821 49.599227 55.015799 49.049206 51.343715 52.871994 51.979672 50.683949 50.480860 49.331319 47.073629 49.153902 50.876750 55.417116 51.629101 50.203769 49.310919 51.821051 49.288755 49.659840 48.064756 48.550938 49.359878 51.968601 50.778591 55.607679 49.156100 56.978596 49.579789 52.396684 49.140175 48.594148 53.277161 47.191015 51.002010 48.529881 52.743557 51.424347 55.644664 51.345344 49.364098 52.768842 48.891966 52.567563 52.075015 53.429158 49.884876 57.530561 48.903979 46.740038 56.629495 52.322232 
54.383685 56.712786 53.461562 54.588925 50.289879 53.770510 51.223380 57.781550 54.395974 56.849968 53.038041 53.880034 56.016908 53.566818 55.163720 53.131465 48.038147 49.957267 53.523429 53.844936 52.040853 53.831186 50.984923 53.972855 57.160830 54.162267 54.439676 51.227290 52.147562 50.202455 50.425770 50.872926 52.979659 53.281191 54.879288 53.138804 50.972351 50.482630 55.583646 53.824085 54.486279 50.469722 52.060692 54.425440 51.879169 53.068493 53.846231 51.800838 52.667443 54.587754 50.928810 51.657721 57.005851 46.371821 53.515663 55.999920 54.803015 50.764316 52.098230 53.466007 50.090710 54.587886 51.986132 50.773087 52.987501 57.397101 47.169312 53.525346 52.133379 53.340940 54.408529 50.053496 45.131334 49.758485 51.320600 53.857659 48.192425 54.550633 50.203261 47.589407 50.945833 52.935767 54.279151 48.065888 54.401023 53.515753 52.375046 57.386156 53.687090 52.724261 50.393456 50.924521 53.398013 53.194588 54.456874 53.582426 51.975007 54.809604 55.712059 49.591473 54.042667 51.889497 53.492027 55.649947 55.054023 51.510424 51.884016 51.988349 48.106330 50.949554 53.046293 54.629411 56.257468 54.738950 56.546166 50.517626 56.459349 51.213760 52.844815 54.934499 56.067287 55.040287 52.747321 54.560808 55.158888 52.911663 50.725342 53.475262 52.827817 50.705241 51.364855 53.326147 55.158675 52.734460 51.374046 55.674286 58.335654 56.879078 54.456247 49.982481 51.492353 49.842921 54.395184 50.103680 57.937366 55.006437 47.051141 56.185610 54.613667 54.445254 56.711045 54.555126 55.763298 55.023370 54.640307 54.246588 51.280319 52.984148 51.572763 50.133449 53.359174 53.856080 53.258968 51.334640 52.322209 54.459871 52.600204 49.026245 50.716708 52.140419 51.745235 54.448838 53.099853 55.671452 50.333451 59.310056 52.387813 53.272641 51.497216 50.604919 56.378722 49.471735 54.171809 50.624048 55.668694 51.507293 59.341323 53.382279 49.731809 56.697544 51.793361 53.185182 51.914055 55.019714 51.319200 59.295244 52.573699 50.603724 56.852795 54.590378 
52.995868 53.850992 45.637742 51.421052 44.198253 48.245920 47.883629 52.908527 51.563524 51.323213 49.202620 50.445384 52.534524 48.510798 51.022339 47.144488 49.407601 48.213116 49.929454 45.580850 47.902572 51.892423 45.779575 49.445002 53.384659 51.609826 49.802585 48.349217 49.222557 48.296292 48.197502 46.124487 48.096933 49.370035 49.229082 49.751207 47.305991 46.458396 53.089818 51.418670 51.324506 47.517296 47.286857 51.063830 49.176914 48.346368 51.392766 45.696648 49.937766 49.920532 47.311277 45.373452 55.326517 46.164162 50.686033 49.351631 51.113565 46.729635 47.574892 48.692328 46.957389 52.215673 47.120158 51.883881 51.818062 50.056129 42.983352 49.770025 49.439095 51.374456 51.127845 49.135801 44.536818 43.640514 47.387840 50.646090 47.241650 52.320855 47.437545 43.505686 45.535771 48.733168 48.381474 45.460588 50.918425 47.859755 47.732837 52.326540 52.031966 49.661960 47.404665 45.148095 50.404147 52.428881 50.523678 49.721399 46.494067 49.961343 48.730578 42.940506 50.642460 50.444761 49.660150 50.344064 52.025706 52.001029 46.496909 48.131080 45.422788 46.249264 50.388750 49.896483 51.527778 50.253068 52.083033 46.184071 51.982437 51.331482 49.286570 49.350775 54.854793 51.205975 48.556441 50.174789 51.832207 50.119123 47.390926 45.441451 48.907742 48.402994 46.037014 48.075885 52.984900 49.535324 49.398225 50.051805 53.591141 49.399823 49.892798 45.709645 47.051509 47.772459 50.833615 46.271789 54.145506 49.248249 45.247114 50.297297 50.891522 50.623715 52.730056 49.637156 51.724036 51.600159 53.858828 48.025899 47.513021 48.658744 45.689524 46.177354 50.137889 50.878575 49.940807 48.717926 47.664996 47.422948 47.931725 46.168458 47.620686 46.833775 47.066303 49.368467 47.989871 53.949234 47.795545 52.447971 49.971340 48.812678 49.779766 49.062959 55.434784 45.815032 52.954722 46.752483 50.160597 48.495224 52.101039 50.318912 48.404915 50.351953 47.639318 52.193423 50.000392 54.058758 46.690210 56.961190 45.000847 47.148957 53.710366 52.382335 
51.480140 55.579349 48.129946 53.035898 47.267585 52.876437 50.326848 54.590447 53.223042 54.677082 50.759268 52.426013 56.130746 50.737832 51.042590 49.119626 49.352196 48.701130 51.681517 52.381272 50.762749 51.836668 47.524822 51.201773 53.432201 50.646234 52.949805 50.347539 50.113102 49.941808 50.310911 48.170893 51.425269 52.900809 54.194728 51.010014 51.612982 50.755994 55.428218 50.536204 53.395680 49.296132 50.932350 53.827218 50.927396 51.162683 55.554148 48.487184 53.040763 48.557438 50.438514 49.659274 55.846583 45.977328 54.329893 53.856652 50.950416 52.397254 51.081820 50.172053 46.749537 55.566031 48.449853 53.800968 52.927159 54.970511 45.926520 51.056120 52.327400 55.206784 52.669061 52.668501 45.945343 47.958402 50.224320 54.692759 48.991289 54.181501 49.993456 46.281135 48.195451 51.133414 53.320371 46.651254 51.690708 51.780299 53.560194 54.374751 55.983444 50.801986 51.094386 48.151133 53.548629 53.526727 55.456623 52.803396 48.937320 52.386119 53.495826 49.930239 52.254148 51.087255 54.079996 51.982923 51.436592 51.412313 46.218051 47.915812 47.342273 48.119598 52.732645 53.115627 50.784595 54.322471 53.629373 48.829476 53.788072 51.871245 52.873803 51.082048 55.911686 53.051896 52.780555 53.292660 53.174240 53.500193 50.360344 49.225212 49.156158 51.217819 49.801170 53.358624 53.000216 50.694424 48.886388 54.156844 56.296314 52.608310 52.858364 49.903788 49.155169 49.759620 53.910330 50.034311 54.681244 50.414574 43.553419 54.694646 52.566812 51.771336 55.578397 51.728508 54.602967 54.787037 55.376379 49.981672 51.297030 49.067813 50.486729 48.564829 51.256365 54.816359 52.365395 50.046353 51.696837 51.756815 51.311509 50.862458 53.328590 51.888160 48.284547 51.103300 49.367268 54.245813 50.163424 56.396726 54.492119 50.472901 52.428429 50.649299 56.641567 48.041951 52.155635 51.926432 52.871442 50.224314 57.879989 52.460091 50.446598 54.279979 50.458158 54.947740 51.019748 55.127229 50.691321 58.721606 51.128509 48.693350 57.237757 55.190834 
52.049728 53.686913 48.247429 51.832147 47.823499 49.414438 48.326644 54.168395 50.917933 53.449031 50.011307 51.091837 52.062287 49.003431 50.603672 47.954637 49.103059 46.904098 49.208838 48.390949 48.316220 50.584698 49.712304 49.727683 52.112108 50.664055 50.054021 49.481555 49.511790 46.894990 47.278117 49.083437 48.016691 49.309726 49.708174 48.081654 48.088076 50.051672 53.281560 50.891433 50.791481 48.445013 49.538161 51.636178 49.851685 48.779310 51.481146 50.829556 51.609521 51.231550 49.792617 47.461062 55.352969 44.861863 53.687641 52.019269 51.249175 48.540991 47.774254 49.718179 49.685627 53.008630 48.173497 49.153833 51.659152 54.223140 45.255425 51.728478 51.848303 54.019573 50.097126 48.835852 44.211687 44.485792 47.585472 50.213749 46.681269 53.056956 50.025948 45.587730 46.068203 51.392824 49.609667 43.342198 53.219408 50.686347 50.233833 52.415954 53.157949 50.932424 47.589510 46.811523 51.846877 51.288839 51.355252 52.117934 46.317744 49.123731 48.785086 45.576573 51.953488 49.463936 51.679751 53.227681 50.799396 51.893305 46.934617 48.901695 48.617583 45.414264 50.117972 50.862263 52.501917 50.224641 52.096618 49.314095 53.340599 51.217986 48.508037 49.664056 55.229901 51.974364 50.183233 52.190313 52.909329 52.618691 47.310457 48.658209 49.029786 51.439571 48.419689 48.361417 51.937988 50.355205 49.604846 52.043929 54.409676 52.746646 51.216141 46.999848 49.582911 47.697785 52.267766 45.432431 54.440729 50.729902 43.341030 53.759501 49.633704 52.883167 54.835273 51.620685 52.658827 51.718751 51.118768 48.564183 49.132090 48.408148 51.132324 47.076076 51.173313 54.082310 48.062359 50.389883 49.124209 50.615322 48.732917 46.107881 47.901824 50.353359 47.657391 50.958651 48.194822 54.817641 48.508661 54.333404 49.854093 49.127563 50.063945 49.167706 55.640221 49.406131 50.284950 49.318683 50.897272 48.976222 55.800884 49.117762 46.221768 52.256826 46.738669 52.798046 52.104018 55.328822 46.836893 57.060645 47.264937 46.832035 54.984826 51.179789 
54.821435 57.526028 49.888527 56.874482 48.818786 53.206296 52.506150 55.909827 55.844405 57.659681 51.799846 53.759812 59.516567 52.930130 52.348205 50.896320 52.020120 49.791593 53.778881 57.087027 50.831878 55.051354 51.332508 53.210871 55.451168 55.023027 56.668415 52.435237 51.970144 49.758275 53.290944 48.475722 52.291351 51.305985 54.018138 52.867589 54.642489 52.155246 57.054871 54.394183 56.076987 53.632884 51.689653 52.855036 50.503060 52.073561 54.393255 50.547191 53.762734 53.486795 51.512572 50.645825 56.238920 47.010564 53.230721 55.465390 54.007355 52.808823 50.883008 53.496822 50.263221 56.472835 49.869627 52.987343 53.638698 56.598658 49.389783 54.012551 54.139997 57.709322 56.662252 52.327837 48.182456 51.502787 50.279097 53.948001 48.330197 55.594868 50.702314 49.015606 51.411676 54.146945 53.757508 49.098774 56.662073 53.268880 51.077970 56.220801 55.588725 50.255232 53.215047 49.420374 52.615069 55.873027 54.506006 52.439794 50.312556 52.638984 52.254510 49.714032 52.986143 52.308223 54.956408 55.697296 55.822661 52.514931 50.749650 50.160180 51.592800 49.521577 54.771187 53.116887 55.936341 54.126993 56.588172 52.112794 56.245979 52.335669 53.969578 54.521321 56.708693 55.315803 52.658986 53.944313 56.282909 54.542882 52.558316 50.362710 51.909411 51.108322 50.802291 54.288473 57.415414 51.487650 48.880789 52.457912 56.448211 55.675780 54.053860 49.659887 51.087079 49.315659 55.854619 52.076607 57.756780 53.106802 47.532789 57.191495 52.436102 53.985186 56.146279 52.409842 56.014633 56.200526 54.442169 51.620730 50.607779 52.196355 51.549070 49.946546 53.052086 55.595205 56.598716 50.886512 51.441363 53.737424 51.301376 52.229087 48.942153 53.841343 50.863752 51.117675 50.803811 54.928769 54.225961 58.935910 52.320769 52.664662 52.914732 52.318145 57.869747 49.405471 52.485049 52.211120 54.001072 50.562309 58.514304 53.726677 51.802574 55.680678 50.554892 57.208246 53.478340 56.666789 52.546114 60.643260 51.939528 50.878481 57.783238 55.877271 
52.207667 54.636019 47.008091 52.591038 47.518641 50.298492 47.654199 52.675437 51.718507 53.305921 51.491662 51.046762 53.225327 50.805812 54.202178 51.356719 50.323803 47.399611 50.838511 50.664988 48.285089 50.945603 50.830802 48.936349 53.100526 50.975795 51.707935 48.424087 51.433698 46.413391 49.306561 47.429178 48.790801 50.414035 52.733899 50.635122 48.945058 49.160938 52.886941 52.167689 53.100371 49.683642 48.496502 52.986732 48.678490 50.180748 54.058337 49.538757 50.615254 49.605963 50.595031 47.966016 54.578357 44.724098 51.777650 52.093813 52.521419 52.846399 47.894064 49.474894 48.045568 51.753657 47.184110 52.149971 53.661909 54.783051 45.231953 49.722199 50.211994 51.436095 52.024631 49.036225 46.330356 44.803016 50.479316 51.135633 49.993795 53.940996 48.854967 45.047963 49.362991 50.220840 49.031629 44.812630 51.075889 49.779737 53.344933 53.200944 54.102266 50.858788 48.286355 48.735811 50.973854 54.237855 52.367526 50.133463 47.907643 50.657225 51.568992 47.487495 53.331957 52.543223 52.424726 51.008096 51.791086 52.193209 46.890884 48.639063 48.140730 45.483369 49.213084 51.619566 51.272535 54.720125 55.086869 47.587663 51.054454 51.193284 51.568260 49.305980 54.078734 53.412530 50.782344 50.340909 52.054663 53.223898 47.290421 49.000132 49.833319 50.479046 48.135416 49.171938 53.926696 52.899753 50.486597 51.466237 54.184546 50.160613 51.570240 48.929564 51.282925 50.279574 53.252646 49.777256 52.786206 51.655411 46.024790 53.578293 50.700189 53.156227 55.520441 53.594068 53.277926 53.141560 51.926629 50.227280 46.557770 48.297096 48.623860 48.029863 50.760961 54.555668 51.463381 50.438940 49.242969 50.692083 46.909848 48.761025 49.285014 52.862478 47.981388 51.952296 47.505198 54.403889 50.548511 56.993036 52.671589 48.311085 49.120373 49.576808 56.074235 50.059317 50.898981 50.975282 50.625919 49.862942 52.617400 51.813943 49.531123 51.747170 47.483594 52.067009 50.684902 55.493809 48.188341 56.560301 47.258230 48.519062 57.161642 53.375523 
52.662788 54.662706 50.552096 52.803931 47.694672 54.289828 48.027642 55.029340 51.120767 53.947824 49.886615 51.347341 53.827616 50.278690 53.021924 49.949418 49.864760 47.343773 50.248141 51.364322 49.301354 52.341674 47.153608 51.019551 52.565085 52.766433 53.115861 50.341799 50.933462 48.178386 49.249322 47.018740 49.165274 51.897081 50.268403 53.223217 49.155039 50.822297 53.053840 53.006153 51.610107 48.822831 49.370694 52.071721 47.862378 50.635752 51.648308 49.017829 50.781875 52.260292 50.581555 47.763777 55.762315 45.345815 53.478285 52.560828 52.642381 49.721250 50.231582 50.968288 48.830271 54.764512 48.391139 50.947972 52.419831 54.003289 45.436531 53.046692 49.412131 53.501457 51.638379 50.947149 45.429127 45.536856 46.715484 53.073209 49.015995 52.744341 49.698134 46.441606 48.332283 48.959653 50.246200 45.023565 53.532286 50.244502 51.891322 54.483343 54.422528 52.532155 50.429262 49.443845 51.556606 50.910767 54.104988 50.780621 47.503751 47.967079 51.323220 47.823086 49.122531 50.743980 52.962407 53.888923 50.595801 52.838690 47.430573 50.363940 49.481986 46.224890 51.164879 54.237907 53.950705 54.489092 53.731308 47.982907 51.914797 51.796669 51.360074 53.224867 54.325311 51.499457 50.663540 51.847486 53.806921 53.195257 51.664708 50.147933 50.978364 49.850918 50.361428 51.106242 53.927432 50.851911 49.087039 52.063107 54.877860 52.723644 50.544697 49.677951 49.658066 48.942461 52.411665 50.295321 53.433029 52.765844 48.279178 54.437196 51.380546 52.442152 54.437790 50.320846 51.996841 51.127021 53.375345 50.404340 48.412316 51.537963 49.936982 50.870503 52.265634 54.410229 52.712591 50.805393 49.043864 51.490997 50.196544 49.252793 48.667803 49.555096 51.676656 49.302852 48.770312 53.397359 50.275462 56.127392 50.474128 50.069098 52.127384 50.134102 55.618089 47.990781 52.168690 49.409982 52.078499 50.196630 56.810157 50.295184 50.752347 54.338837 52.467251 54.399314 51.694936 56.411609 48.648075 57.862913 47.806886 46.923527 57.257647 53.247414 
52.765568 53.880286 50.442827 52.616521 48.466932 50.645806 51.078225 54.458087 53.047679 55.784258 50.783658 52.266189 52.921147 50.202698 53.052565 50.243265 47.650786 48.502594 50.398748 48.947184 51.320279 49.871551 48.071502 50.945333 54.362194 52.881322 54.869799 49.567673 50.712117 48.842454 47.966749 48.638738 52.109197 50.490416 52.095628 50.687656 50.111579 50.298849 55.892048 50.713527 51.809941 49.375501 49.962473 52.773003 50.811134 50.969089 53.052301 50.959721 50.397571 49.608952 50.160267 49.407922 56.618053 48.047467 54.951502 54.683946 50.489081 51.136462 48.757637 49.071010 48.965219 54.488801 50.738325 53.516304 53.783141 55.010502 45.190253 51.830241 50.659134 52.764603 51.247700 49.952600 43.920221 47.268767 50.615226 51.656336 49.006101 53.193836 47.953182 45.660523 48.243195 50.288894 50.769385 45.416570 53.764223 51.943437 51.188670 54.703296 53.507822 52.475495 49.017855 44.826931 53.583493 50.812782 53.658036 50.939324 47.598357 51.403361 52.987455 47.820224 52.832569 52.539889 52.876608 52.320242 52.757368 52.499418 50.092546 47.996304 46.134418 45.724380 52.390005 51.667792 53.730915 52.426010 54.033300 48.218416 51.545211 52.640231 51.943503 49.662213 55.446392 53.058881 51.220769 53.456794 53.600453 55.219518 48.183512 48.306796 52.162602 50.829058 49.864156 50.456113 51.470240 50.792366 51.886692 51.887402 55.102188 53.946243 53.160832 50.922237 50.380371 47.279192 51.655846 50.220201 53.972792 53.149018 44.353085 54.984253 53.750547 52.509035 57.021545 49.783736 54.320158 53.630013 54.698333 49.519136 47.987948 50.137634 49.058149 49.661403 50.158351 54.701837 50.408753 49.370776 47.952662 51.708360 47.902263 48.000508 48.302380 49.523621 48.547616 54.376541 49.260775 54.820605 48.285661 57.386778 51.949447 50.692751 48.581720 49.647448 54.780102 47.234552 51.368769 50.659157 52.154713 51.149127 55.442772 50.074175 49.484096 52.567475 49.463019 55.190619 50.477396 56.272313 49.357101 56.447540 48.219184 47.200310 55.919175 52.432440 
49.722119 52.323807 45.344397 49.086728 43.595278 49.009120 46.669551 50.546374 48.998741 52.130633 47.876766 47.573756 52.436499 47.025663 50.192677 45.495587 46.538499 45.118349 47.836998 47.873161 46.723223 48.212994 44.570526 49.778637 50.127066 49.345084 47.585048 44.330536 48.805090 46.330513 47.098194 42.250341 46.327543 45.678896 47.852434 48.073761 47.458207 46.324382 51.970830 47.276604 50.711605 46.663430 47.643341 48.581037 47.359815 47.343495 50.005434 46.290583 47.728325 46.189444 46.375444 47.858005 52.065569 42.779485 51.006490 47.967496 48.246183 46.941538 45.992015 45.729021 45.460056 51.357453 46.402274 49.309130 50.912235 50.931230 41.004490 49.273923 47.989863 48.302581 46.872382 48.784243 41.160925 44.928029 48.435578 46.534170 45.267635 49.116723 47.135553 44.479900 45.758818 48.010377 48.047468 43.176515 49.625870 46.935422 48.306728 47.768281 50.856173 48.527507 46.574339 46.016454 48.884188 48.257421 49.431037 47.526472 45.196025 47.780721 49.338758 44.192535 49.307292 48.281919 50.013571 50.574952 48.918247 48.649499 44.447004 46.548392 45.752381 45.134135 49.377677 50.217092 48.968382 50.090758 51.967381 42.040993 49.120282 47.825509 50.218023 47.642406 51.857994 51.717955 46.084132 48.763675 49.754825 49.659306 47.841138 46.085473 48.377640 47.452087 47.349950 46.886923 48.509591 46.219485 48.692848 48.734033 53.113359 48.521900 50.447682 44.568457 47.872498 44.543585 49.302614 47.873762 51.825246 48.222558 42.880445 52.092204 48.159214 48.538830 52.446725 46.880295 49.879428 51.025925 49.377020 45.926204 44.266089 44.838582 44.967701 45.705740 48.645184 50.476305 48.075926 47.761353 44.096133 49.120458 46.068194 45.810517 44.121638 45.632840 46.439777 47.498277 45.807368 52.734576 46.297011 53.315648 47.285246 46.643994 47.425281 49.279423 49.819309 44.255232 51.758046 47.378936 48.096974 47.522458 52.347703 47.594043 46.123949 49.469508 47.744979 49.194226 49.502394 52.283932 45.979531 55.070449 43.509231 45.526945 52.403346 51.143009 
55.592722 56.087158 50.119898 54.097832 48.899031 54.937715 49.720045 56.340352 53.697608 56.414081 51.404076 52.024541 55.313292 50.929435 56.132408 51.333700 51.311542 47.892083 53.731260 52.284477 50.739531 51.798141 48.277143 51.884578 55.465979 53.644059 55.137022 49.604539 52.933567 50.923220 51.469709 48.862280 51.338583 51.700633 54.910405 51.968106 52.028901 49.827721 56.679523 53.295893 54.262448 50.192139 51.971747 51.664415 50.562582 53.135577 53.699116 52.620757 53.383180 53.849950 49.588182 49.655521 55.253397 48.674049 54.026434 53.882657 54.244437 50.636864 51.169724 49.058864 50.912151 55.208878 49.546397 49.867182 54.717468 53.441212 47.384806 54.704685 52.090549 53.436023 50.931041 50.598657 43.787311 47.781149 51.537509 54.058616 49.403590 56.106303 50.115597 49.157808 49.881228 50.358714 49.987696 46.360628 56.331496 52.708741 52.527890 54.768321 53.830487 53.729393 50.184113 49.794184 54.220467 54.270919 54.389103 52.159530 47.882645 50.223137 52.628135 47.952719 51.540496 52.090034 54.095848 52.968756 54.801475 51.215070 49.085412 51.455033 49.505592 48.156595 52.684427 51.929476 53.845571 53.783028 54.380276 48.301685 50.675830 52.667692 50.213992 54.154637 56.527722 55.553851 53.185310 51.786187 55.108315 53.597387 51.624271 51.855618 51.064087 49.669500 50.165274 49.626266 55.359159 49.835240 51.338094 52.228589 58.797260 53.594898 54.397279 50.434613 49.656816 49.787542 53.669244 51.031202 54.718391 54.685159 45.958627 54.417230 52.973674 54.377062 54.347455 52.959680 53.273649 53.286265 54.736144 49.832495 51.018417 51.712052 51.366603 51.225249 51.697969 53.917236 52.356133 51.076908 50.527710 51.629680 51.358574 48.956122 50.677343 49.450576 51.820533 50.612222 50.947311 58.193272 50.972472 58.987793 53.198652 53.492140 53.404734 51.010845 56.773446 47.894657 53.517338 50.013395 54.315192 51.597470 59.225785 53.288192 50.196581 53.771625 48.947265 53.659505 52.024930 57.164246 52.185214 58.218525 50.117398 49.853252 56.876279 55.949112 
54.440972 58.949896 50.963346 55.305002 52.449297 52.599234 50.283612 56.819939 52.425836 56.300680 53.781881 49.816444 55.718753 52.746979 54.118584 51.691307 51.112347 48.612361 53.002125 53.013065 51.419749 55.048837 47.263291 51.665982 56.261048 54.140318 53.524905 51.884059 54.197792 51.804597 50.094591 47.540357 52.254681 52.630799 51.047939 53.171761 50.152223 52.003485 57.560072 51.766852 55.028257 50.629087 50.179728 51.838192 52.829396 51.335016 54.142156 53.045470 53.099396 54.555275 51.947217 47.118581 59.241359 48.728969 54.819380 55.018631 53.783209 52.143144 49.995802 49.594477 51.286623 56.943778 50.855901 52.160663 54.793621 56.994654 46.247618 55.020775 53.216580 53.220253 51.389552 50.616816 48.627461 49.409538 49.462327 52.832133 50.517610 56.882732 50.059795 49.519212 51.782163 51.500884 53.730971 48.521939 54.860348 50.660610 54.273126 53.309576 53.709471 52.344083 51.046070 48.175862 54.099272 54.314691 54.656220 53.263306 52.557374 52.561047 52.022362 48.937916 56.127891 53.783678 54.903004 54.725881 52.882214 53.858629 48.699609 52.577730 51.089030 49.279071 54.904934 53.265195 54.464875 52.323716 55.318770 49.347945 53.817140 52.660240 52.528860 52.031710 57.071568 56.013108 50.430838 53.472426 55.275686 54.696844 50.557934 52.519706 54.097362 50.580631 50.198148 52.174677 56.406123 51.671596 51.806991 52.900705 58.800999 53.032690 54.708108 48.654820 49.446019 50.912890 55.129660 49.065512 55.295399 51.599640 44.884900 56.099347 52.801531 52.941956 59.373524 54.041725 53.828854 55.727397 53.766954 51.965947 50.549542 50.607567 49.390523 50.660581 53.096292 54.857198 52.872826 53.525210 50.767452 52.101532 51.822089 49.320008 51.166250 53.087419 48.700163 52.409535 49.846033 54.981907 51.159501 59.729896 53.221327 50.268138 55.268455 52.631016 56.381204 49.841549 55.995595 54.121647 53.222786 51.913974 57.828523 52.579616 49.349372 55.720948 50.666393 54.704406 51.427005 56.044671 51.089692 58.163079 48.341608 50.538483 58.395474 56.223150 
49.728593 52.177178 45.960313 50.017540 43.745398 45.285845 44.185743 51.274567 49.869070 48.780254 46.291612 47.870522 49.754277 46.774445 47.959727 48.129462 45.445239 44.136892 46.951589 45.142044 45.695851 47.768468 44.359483 47.219643 47.542418 48.113620 47.678785 46.193935 47.258761 44.940844 44.741421 43.065201 47.668172 45.017045 48.645433 46.513597 44.314105 46.734307 48.767620 50.177574 49.187034 46.369459 44.617729 49.116904 47.270901 45.059169 49.460257 45.072735 47.012380 49.059799 44.997074 45.467249 50.139891 43.434705 48.745383 49.365133 50.950533 47.196401 44.742092 46.192439 44.204871 49.171210 44.371577 48.126266 48.173511 49.783057 42.875596 47.980209 47.576524 49.017855 48.415536 47.093101 42.833368 44.619252 47.900372 45.995115 44.410753 49.542257 44.712378 44.365418 46.188436 48.005438 48.118726 44.220300 48.263581 48.623644 47.495761 51.884202 48.891194 49.250241 43.938055 43.376564 47.943856 47.430936 49.946092 48.228120 45.702728 48.550769 46.433621 42.866277 47.521407 49.109693 49.749062 48.288352 48.532314 46.915810 42.493036 47.317348 43.759869 42.434774 46.071256 49.003051 49.074477 46.738316 50.197918 44.843939 48.848805 49.439972 45.312730 46.778273 50.128238 49.473995 48.661666 49.144762 49.542358 48.401113 46.963905 46.398247 48.710666 47.039679 44.109133 46.901240 49.616368 49.154398 46.825548 49.233703 51.331006 47.918903 50.049531 45.876441 46.244424 45.278132 50.691839 44.120157 49.712492 48.101173 40.846190 49.326167 47.467990 47.155173 51.932577 48.076226 51.536050 48.471310 49.729285 45.853131 47.630451 46.136276 44.261923 46.904331 47.844264 50.979994 47.995874 45.441848 46.435225 46.969406 44.991139 44.457510 46.367897 49.294558 46.847993 47.606985 47.258059 50.444395 46.643018 51.915410 46.533182 45.163961 48.022173 45.995628 51.382734 46.321568 46.317663 48.535416 47.842003 46.938284 51.367114 47.973888 44.469489 50.875708 44.589139 49.658572 45.533424 50.129616 44.993878 53.071476 46.273346 43.462601 52.460568 50.189757 
53.303573 55.859031 48.721588 52.115581 47.425207 48.584713 48.354346 53.000904 51.113757 52.749956 49.699472 50.854169 53.499550 49.005809 52.078569 47.846659 47.856185 48.860471 52.266777 50.567377 49.911674 51.210651 47.437396 50.723609 55.172651 53.034445 52.829237 49.526417 50.224241 49.282904 46.541969 46.977767 50.429547 50.012828 51.107823 50.172781 49.347148 47.725352 53.048602 52.396318 51.209785 47.561588 48.370220 50.145314 47.584095 48.851571 53.675419 48.197869 49.687959 51.755363 49.667115 47.714120 53.975121 45.477786 52.212137 51.874864 50.618902 49.269557 48.023046 49.750206 47.514420 52.118713 47.644359 48.320336 51.854434 51.437015 45.548680 51.067280 50.757550 52.855599 51.298671 49.095228 42.948149 45.170438 49.107898 50.834482 47.953388 52.825265 48.156981 48.124728 48.555002 51.876458 50.369531 44.943368 51.988180 49.300814 49.434085 53.802259 51.521550 50.437680 48.387984 47.331721 51.484258 48.409082 49.983418 52.466726 48.879905 47.474292 49.851912 48.978122 51.883348 50.123926 53.967227 53.776123 50.108323 51.095219 47.099849 49.145228 45.582329 46.984418 50.909347 51.329887 51.431488 52.472207 54.565257 49.347273 50.491356 51.536956 50.656370 49.616248 52.711796 50.874484 48.251719 52.634430 52.858360 50.298176 51.167188 49.257988 49.008583 50.623134 50.500454 49.157881 51.954039 50.654388 49.263115 53.691455 55.339759 53.095397 52.505223 48.131633 48.837060 47.210983 52.627301 48.123715 52.344201 49.708072 44.491826 52.202827 50.152989 51.982128 52.964672 51.235302 52.603723 53.698760 52.349116 50.129514 49.520761 49.913857 48.206187 49.489635 51.304526 53.116651 50.841919 48.466368 48.818977 49.939606 48.472489 45.524123 49.340601 50.378182 49.367164 51.753033 50.141635 54.010617 48.206668 55.037528 51.074064 48.948265 49.357639 51.690715 56.518384 48.634147 48.897902 50.133531 52.979174 49.657634 55.094711 51.393581 47.534396 52.911425 51.220786 50.387252 49.326686 52.310734 48.573569 56.830218 50.662326 47.215962 53.883699 52.679899 
50.607031 51.150817 46.214816 50.156954 44.481426 46.954762 46.122066 51.881935 46.604428 48.922563 47.999812 49.126768 49.942294 42.989725 49.314552 44.387703 43.665576 44.976636 47.355865 47.892295 43.497094 48.007710 44.321794 46.647793 49.873952 48.243476 50.980511 45.224092 44.812113 46.257061 46.838535 44.126016 45.246820 46.106902 48.739929 48.273816 46.165867 46.282691 51.520937 47.843606 47.214871 47.167661 45.735011 47.510898 46.916369 47.789806 49.569981 45.922110 44.881794 47.874988 46.763953 45.126673 49.331209 41.961076 48.824719 49.224729 49.746840 47.968294 45.555450 47.805326 44.535481 48.418224 47.328861 47.967913 50.268817 51.637112 43.808247 47.399562 46.821133 48.434708 49.198921 48.307787 42.919152 43.746146 44.848755 46.360614 45.503480 48.673592 45.278184 42.814500 45.457563 46.088406 45.905482 41.902511 50.601926 49.614846 47.098919 49.882766 51.108952 48.733732 48.177760 44.812111 47.273394 49.036711 48.361076 49.674028 44.388193 46.789070 44.162288 43.406685 47.250499 48.714899 49.768817 49.728599 46.814340 47.341467 46.087046 47.016484 45.275657 42.061673 46.817766 48.208688 46.739145 47.719530 50.037970 46.412337 49.494130 47.457623 48.189238 46.059644 51.791149 49.881127 46.979891 49.095722 46.869728 49.228920 47.365962 44.839283 47.920053 47.665540 46.877880 44.887637 49.622196 45.385009 47.316240 47.324107 50.768984 49.437983 47.251743 47.706438 46.322422 44.752648 48.785827 47.058107 50.584469 46.795134 43.501467 50.061829 46.230124 49.188565 47.392248 46.857607 52.654363 48.376607 50.750006 48.956934 44.083041 45.631596 44.952586 46.461773 47.593848 50.044571 48.983057 46.745117 44.985936 48.751595 47.108448 44.765155 43.912595 47.012865 45.573700 47.916047 47.154091 49.286524 47.583096 52.091226 49.144161 47.542349 47.737565 44.711383 49.945622 46.358305 49.375012 46.343019 47.425070 45.310974 50.888336 48.229838 46.739483 47.385203 45.162198 51.007788 47.038351 51.408366 44.740744 55.363408 44.261000 45.149218 51.595029 48.898726 
50.945446 54.208688 49.027397 53.197329 45.035553 48.009021 46.253681 51.427125 49.012077 53.448793 49.122357 50.296656 54.757281 47.458525 52.211142 48.152506 47.048826 47.870989 48.700224 50.441223 50.013101 49.835316 47.031037 49.351845 51.652583 49.464326 52.567866 47.448323 50.374886 48.002271 48.776005 45.161846 48.004737 49.146537 49.909293 46.690236 47.921329 47.606125 53.526579 53.255315 50.700782 46.918432 48.719126 49.639846 47.488857 49.516006 50.821274 47.980570 48.756506 48.113867 48.596383 49.279071 53.434147 44.021561 50.992577 52.875663 50.833201 50.501523 48.046079 47.044746 46.432843 51.674334 48.199438 51.428809 52.693586 52.478528 45.967681 49.767570 48.397820 50.366616 46.930443 47.351497 44.545790 46.438391 49.522580 50.236911 44.395930 52.346866 46.869123 46.518913 47.256941 48.172054 49.678659 43.506987 54.203850 48.462624 50.885026 51.228532 51.902026 49.101910 45.905903 47.451658 48.999921 51.557930 53.564760 49.635304 49.200773 49.823944 47.949498 48.087823 50.286123 50.231138 49.594533 48.581610 49.176621 50.160456 46.193712 45.689577 46.775853 45.801342 49.697399 49.134580 50.866274 51.068443 52.411637 47.146716 50.426410 49.035368 47.335720 48.113274 52.678190 51.580577 49.801144 49.553425 50.125621 50.361006 48.820712 47.981001 48.380523 49.390380 46.887976 47.071074 51.780699 50.699489 48.475241 49.604643 55.305614 53.068686 50.908609 49.117755 46.981905 46.980056 54.009504 47.780898 53.506014 48.859298 43.432006 52.063892 49.079961 51.241355 55.772031 48.039845 52.591082 51.560464 51.429014 47.943012 47.892438 45.699153 46.209872 46.666530 47.276821 51.907033 47.578418 49.204254 47.795814 47.613974 48.895921 48.393907 48.356074 48.214263 47.183657 49.669813 47.122240 52.066639 48.978956 56.077797 50.669614 46.042908 48.427668 48.018561 53.425116 47.405742 49.812965 49.246926 48.948945 49.772091 54.767776 47.994924 47.447214 54.073411 46.709361 52.230064 46.652147 53.998124 48.401816 53.696162 46.570352 48.278223 55.434532 50.396791 
53.827431 58.155131 52.806214 55.109798 50.654213 52.627959 50.330818 54.300720 55.005243 57.930820 53.840457 55.924057 56.536693 52.578677 54.695750 52.537663 51.539792 50.235771 53.056256 51.866173 53.878080 54.510185 51.579883 51.107219 54.324458 56.209436 56.046407 50.986071 53.050448 51.562816 51.040330 50.337881 51.854760 52.214769 55.251810 51.512271 47.636238 50.910704 56.138186 52.721352 54.063952 51.852901 54.313120 53.051499 53.557741 53.629957 52.851166 52.091981 54.261129 54.276633 51.363492 50.071813 60.437990 49.246268 54.853212 53.668357 54.139978 53.096515 50.537081 52.444672 49.259431 56.220935 50.284573 54.094117 55.007340 56.161394 49.153003 53.771868 53.983827 56.182700 52.875704 50.786141 47.492246 50.235056 52.077143 53.786205 51.627345 57.526589 50.735488 50.027010 48.746310 53.338129 54.485648 47.797685 57.125857 50.720235 54.026619 56.145288 55.391048 51.535855 50.714212 48.428418 52.491569 52.863940 55.922369 54.106842 51.198563 53.692550 52.386637 50.190882 55.681244 52.677041 56.559025 55.162759 53.917269 54.292951 49.018494 51.726888 48.346233 51.609626 54.560028 53.232771 53.263883 55.293133 55.272682 49.850567 55.347150 54.674869 53.326859 52.405577 55.598027 55.660853 52.626687 55.381579 56.754999 54.037932 53.264819 50.648758 52.479298 53.331934 51.487424 52.415304 56.649983 53.094891 48.529927 54.653936 56.813193 56.768237 55.032886 49.706514 53.045292 49.433335 55.007072 52.502442 58.296556 53.766333 47.589779 58.421009 51.459490 53.851272 56.055442 52.802251 54.099231 55.267382 54.943851 51.864536 52.200713 53.007980 50.308491 50.990143 54.116015 54.428140 54.160561 50.438512 51.868161 53.333282 49.783615 48.302095 49.423980 52.525175 49.716136 52.352571 51.063292 55.783351 53.291148 58.953462 53.449948 54.720888 54.820359 51.847020 56.625187 48.595368 54.789759 54.086436 52.430397 52.433575 58.678914 53.874821 49.184148 54.658226 51.376784 56.621584 53.959903 57.198803 52.455457 60.662855 50.739409 52.087258 58.330122 54.933883 
51.041425 51.392161 46.623486 51.625366 46.763357 49.832701 46.874358 51.098574 50.226871 49.244803 49.722205 47.501339 50.294095 47.327605 50.161802 46.503944 45.439773 46.779274 46.416764 47.408893 45.290026 49.794133 45.413344 48.313404 53.298279 49.824381 51.301646 48.671314 47.385798 43.859621 46.491607 47.314057 49.809783 49.299779 50.000978 48.758482 46.269555 46.633043 50.307098 49.258125 51.314731 49.217285 46.284936 47.682109 46.292015 47.958837 48.174841 45.573185 48.855477 49.431474 47.241485 47.436327 53.240856 41.775369 50.533106 50.763579 49.123660 47.410334 44.258275 47.750807 45.561997 51.079721 48.226330 49.903347 50.518579 51.611929 42.499142 48.776366 48.766721 48.896432 49.939921 46.728431 42.369163 44.333511 47.490701 49.843937 46.417263 50.980589 45.896784 43.908650 46.120340 47.529418 49.684873 45.190704 51.123758 47.543867 47.628931 51.623035 50.933067 45.709816 48.114218 45.273642 49.802579 49.121106 50.425127 48.522544 48.060411 46.581245 47.265937 43.901349 49.601395 49.513224 51.565361 50.348327 49.262289 49.849161 46.728191 45.307483 47.109115 45.157477 48.871086 47.023548 51.235624 50.329146 52.678132 45.821150 49.367799 48.914275 48.852620 48.405560 52.236355 49.936989 47.484765 48.488802 51.090639 50.836631 46.646963 46.542035 46.321938 48.497208 47.558071 46.875501 52.669835 46.715307 48.605366 49.979928 50.964265 50.708494 50.306260 48.269041 47.915434 45.510629 48.690926 44.951484 51.330048 49.137862 44.279138 51.300508 48.623285 50.346281 52.805277 49.331750 51.228608 50.050138 50.557792 45.814007 48.131131 48.108522 47.151325 45.959310 50.701702 51.205495 48.273427 48.296437 44.170370 49.090657 46.093023 46.445751 45.709250 46.974105 44.270357 48.446644 43.287524 51.872971 47.261449 54.868498 49.543502 45.981931 49.418799 48.860281 52.872461 44.892794 50.379082 48.501761 51.232164 48.572468 55.085914 49.039981 46.997170 50.076993 48.537375 52.259684 47.456525 53.617754 45.922070 54.877620 45.231716 47.579615 53.318227 53.660358 
49.676158 53.647950 49.028308 52.300248 44.005794 50.062190 46.530207 53.305885 48.364867 53.814767 50.556783 48.945529 54.934134 47.398273 53.040941 49.470115 49.197112 44.703370 50.850223 51.657679 50.351532 49.828726 47.978348 51.708439 54.044074 51.370839 49.864081 48.210525 50.659510 48.636466 49.291590 48.777134 50.190802 50.613936 50.691119 49.780385 46.484546 46.391702 51.997826 51.395221 50.497286 48.343302 48.023571 49.646702 47.690132 51.553400 52.455375 51.063975 50.089714 50.570097 48.140654 46.803048 56.244808 45.313946 52.501393 51.867944 51.500082 48.431670 48.968016 49.194679 47.010992 53.557318 46.502081 51.677301 51.881902 54.676601 43.081659 50.966621 49.044549 49.102775 50.644315 47.753986 44.800535 48.081468 49.453008 51.540742 48.123162 54.223188 47.656191 45.413460 49.517336 50.610143 49.147320 45.319421 52.981302 49.357184 48.593538 52.948617 48.983987 49.151859 49.677805 49.543503 49.178312 51.895903 52.268714 50.668892 48.476812 51.875506 51.351865 48.751749 52.569267 52.559943 52.410009 53.666699 50.358122 51.368450 45.948726 49.777522 50.262576 47.304233 48.950310 49.843042 50.627070 51.486671 54.347212 47.629991 51.364021 49.097846 51.420946 49.748659 53.127145 53.552014 48.854259 52.838927 51.622073 51.104122 49.505411 47.836689 48.362612 50.714368 49.283843 49.438985 55.815709 49.734035 47.099148 50.458115 54.958772 49.991256 50.361699 47.119748 49.363267 44.889745 51.305984 48.205920 53.730188 50.733791 44.282069 53.158530 49.281171 53.495776 53.699136 50.113992 52.147822 49.668840 53.401579 48.797519 43.906336 48.445606 49.781990 46.703406 49.540228 50.891781 50.165136 50.823641 48.611048 50.802503 50.486956 46.739782 46.522757 49.722766 47.270538 50.726031 48.313860 53.291878 48.536513 55.200667 51.581822 47.124766 50.651084 49.008645 53.636534 48.415755 51.396309 49.012549 51.814476 50.941435 54.068371 51.870080 48.410328 52.208134 47.121936 52.944043 49.995567 52.580311 48.648202 56.479020 48.598037 46.730531 56.954335 53.716754 
51.044907 55.704478 49.552716 50.323433 46.146221 49.041649 49.029236 53.783031 53.566899 55.984180 52.019287 51.879922 51.939401 50.647095 53.011142 51.797533 49.616319 48.374549 50.119743 49.750113 49.970604 53.034194 47.617092 49.021711 54.564312 54.085984 53.899460 48.888959 50.596632 50.791367 51.320071 48.051939 49.903050 51.234537 52.401712 48.507978 50.436738 49.506974 53.836127 54.274196 52.616872 50.098722 50.856347 51.914750 49.695748 51.041498 54.533762 49.552020 50.590947 50.622691 51.284805 49.691597 55.206499 44.238877 52.271952 49.901146 53.163359 53.731817 49.261450 50.561728 47.896605 52.156727 46.047595 51.823790 53.135226 54.513513 47.099771 50.950543 53.451235 53.099784 53.272942 49.384617 46.252726 47.503698 49.765364 50.858204 47.613254 52.825011 50.083968 49.886389 49.023316 53.519804 51.135114 45.873423 53.967623 49.540944 51.077864 53.443135 54.986114 50.340355 48.462888 48.117986 50.016248 51.315796 53.174890 51.925947 48.061405 51.924118 50.293512 49.687701 51.761243 49.905927 53.765979 51.427366 51.987984 52.492233 48.443259 48.832169 48.204650 47.234747 51.248847 51.539250 49.838735 54.059782 53.389214 48.180846 52.709267 50.853616 50.808044 50.073986 53.710933 54.459885 50.725731 51.692399 52.290639 52.873696 51.804601 48.587567 51.325437 49.937865 51.554424 51.039142 54.739212 50.185362 50.294587 51.937924 54.583499 51.122609 53.222646 50.429978 51.393004 46.029677 53.664126 49.088164 55.055208 51.474746 47.495419 54.915232 50.624177 53.277974 55.935415 51.260434 53.339442 54.692803 53.872824 49.878543 47.009311 49.020392 48.826799 49.513888 52.409170 53.676653 51.649126 48.822083 46.105269 51.542695 50.242275 49.398421 50.590134 48.423190 48.239449 50.889656 47.225636 54.672606 51.458076 55.951834 51.065050 51.626623 49.672746 50.521438 53.748086 46.974122 52.572293 49.927889 54.114463 50.342100 54.165465 52.293715 48.874060 53.375503 50.720133 53.949691 51.323680 53.552157 49.849781 58.219142 48.281116 48.665332 55.678382 53.695722 
51.136233 53.841541 47.170698 51.382583 44.358735 47.555899 44.568468 51.788815 48.167724 51.679648 48.574897 49.247356 53.821016 49.260349 50.968707 44.895666 46.918362 45.424406 46.904951 47.877373 47.335869 47.899558 44.828054 47.642514 51.017111 47.630312 49.588305 49.888133 46.917893 50.010512 47.998177 46.130128 49.975168 47.858679 51.598214 47.801412 47.170017 45.005994 52.387506 51.407328 50.024985 48.452527 47.093494 46.714249 45.344914 47.619402 49.036271 46.503945 49.720001 49.107130 48.900146 46.369642 52.466186 45.729851 48.642013 51.694422 49.635862 47.813393 46.297464 46.095866 45.059770 51.652963 46.180168 49.203274 50.422530 51.780005 42.497612 49.717025 48.614151 49.001420 48.669129 47.601289 42.299455 47.180289 47.870559 50.087917 46.709047 48.600821 45.986331 46.424008 45.563967 48.790304 51.201158 46.108120 51.197119 46.378264 49.204310 52.152508 48.669039 45.839464 46.135257 47.460680 50.219236 51.714790 50.565796 50.343168 47.319996 48.156887 48.143919 44.705591 48.228142 48.342101 49.605270 48.362854 49.963350 47.564117 45.522810 46.622538 45.586934 45.738601 48.106109 48.318060 50.815140 50.863889 50.103203 44.081766 51.867263 48.122595 48.416083 45.613144 50.746193 52.012064 50.440418 48.848802 52.529560 47.753463 49.349785 47.628055 48.838866 46.987952 48.008926 47.127198 52.676526 47.906542 49.518661 50.113289 53.898374 48.568977 48.966042 49.621775 46.454583 46.367710 51.169700 46.272762 51.457090 48.071922 42.555155 51.713301 49.686356 50.771613 53.036628 48.872694 50.161259 51.802539 51.677470 48.468610 47.508724 47.840018 45.470623 46.658206 45.104763 52.373070 49.465751 46.563981 45.739447 46.148042 47.009829 44.674973 46.639208 46.362534 44.223162 46.573944 46.203620 52.606007 45.684440 53.393230 50.005908 48.873586 46.762121 47.377731 54.910274 46.936189 48.541993 47.050302 50.730282 46.520911 54.522648 48.514529 46.149756 50.572479 47.068971 52.656856 47.436811 50.830456 47.749972 56.295602 46.467450 48.243012 54.067604 51.488257 
53.712070 57.463937 48.045545 52.058747 46.678721 49.196626 48.778351 50.451751 48.993489 51.382858 49.313737 47.886893 54.029154 47.395658 52.320541 46.674211 48.311497 47.251972 50.202447 49.049324 49.001476 48.537698 47.998967 50.224593 53.163358 52.937503 50.085075 49.007027 48.316354 47.660470 46.518258 44.768832 46.932748 46.943987 48.988676 49.154595 46.655408 47.928682 53.662454 50.399479 49.833882 49.622436 48.302446 50.700891 45.953886 48.016749 51.056405 49.866806 48.456875 49.153989 50.307318 44.568687 56.223639 43.704545 51.178057 50.529136 50.632874 48.149922 47.859733 49.253390 48.220185 51.740583 48.328971 50.345661 51.057789 54.683400 44.077107 52.951885 50.758960 51.002622 47.847513 49.976132 45.006121 43.717285 48.320557 50.218963 48.822963 50.581388 51.526356 44.552844 46.027306 50.604932 52.288739 44.356798 50.211517 48.170089 50.418756 52.619244 52.540616 49.978800 46.623858 47.747767 51.362027 51.823449 51.609837 52.613553 47.494904 50.253674 47.708771 45.637345 52.699779 50.768937 52.349818 51.663981 49.606515 50.439771 47.621932 49.628849 48.096043 45.218489 49.723436 51.635739 50.840024 51.846921 55.207602 47.853644 50.105737 53.058541 51.037886 47.445133 54.491715 52.513859 50.390008 52.000859 50.661961 51.095481 50.042579 47.476984 49.680851 49.718649 48.484632 48.877519 49.808493 48.074865 48.438234 50.808786 52.256104 51.118730 48.581234 46.903615 47.682027 46.618221 51.319464 48.192717 53.331052 48.735471 42.309376 52.388578 50.156960 51.026058 54.893578 50.288782 52.503262 52.773276 54.692818 47.831088 46.062491 50.627327 48.588012 47.711388 49.774213 52.733188 49.520052 48.195246 48.152190 48.717655 47.541189 47.561368 47.171069 49.291155 46.586312 51.193444 46.303460 53.078905 47.717171 54.417754 48.918571 48.020795 50.429689 50.197672 53.179109 48.375559 52.104472 46.563766 52.014385 50.347235 53.422713 49.297142 47.208571 50.663509 48.243489 52.578458 51.290133 54.816483 48.790220 55.766853 47.941633 47.198262 56.042171 53.203186 
54.182454 57.408425 49.920651 54.670658 50.280374 53.017148 50.999055 55.580609 52.156492 53.973404 53.845949 53.277850 54.745667 50.572251 55.204806 50.675345 50.188951 48.054503 52.130741 53.280736 49.838626 55.369942 51.544300 54.098562 54.498179 51.839841 52.737079 51.543338 51.533859 49.217422 52.045186 49.274049 49.931895 53.134895 51.611210 52.413300 49.266912 51.548769 55.244953 53.552198 51.581393 53.054181 50.100680 51.588365 51.390948 50.769026 55.459127 53.757216 52.744739 53.001638 50.982392 49.340491 58.016542 46.766926 54.319088 52.985438 53.503308 53.404881 49.419612 52.256900 51.056228 56.113325 48.556392 54.357634 55.713526 56.463969 45.481160 54.175167 51.754473 53.578059 51.515225 51.307397 47.240481 46.283416 50.172304 53.304677 50.852418 56.175668 51.079439 48.593687 49.606000 53.371101 53.622533 46.819309 55.983551 51.130250 51.774771 53.402543 54.619438 52.412206 50.939258 49.235737 53.415938 54.830243 54.934542 53.765539 51.897025 52.927129 53.421217 47.703788 53.329069 53.499783 54.500889 53.283429 55.856631 53.528473 48.848014 51.086193 50.867607 50.755882 52.551784 51.405021 56.472285 53.435239 57.069236 49.849806 53.767343 52.800516 51.957675 53.697237 55.703971 53.214955 53.383758 54.325938 53.728053 53.047578 50.014680 49.987506 51.814970 50.923528 51.273097 51.992557 55.263891 52.623689 50.377265 52.183703 56.985033 53.474162 52.181330 49.436659 52.528493 50.126636 55.051909 50.945018 55.725919 51.880733 45.435295 55.086919 52.080712 50.920989 56.356008 52.191791 56.037489 54.142137 53.457742 51.470719 50.155225 51.981694 50.427382 49.103689 52.333270 57.351568 53.511261 53.085015 49.768466 52.147475 50.191260 51.359893 50.866604 51.301748 51.416534 53.076806 51.001983 55.843065 52.594711 56.851870 52.638680 53.005693 52.337160 51.625761 54.637795 51.367340 54.265318 52.482357 55.753534 53.017813 58.398471 52.510200 50.826812 54.363244 51.547950 56.273298 51.227955 57.590527 48.888962 59.142738 50.449866 51.633803 57.848568 54.809065 
53.990608 58.892617 49.380446 53.209557 49.612850 53.142149 48.249274 55.207450 54.096079 55.414012 51.269084 55.739642 53.911279 51.875362 54.731230 51.889427 52.402781 49.632807 52.298777 52.797722 51.950521 53.528658 49.338612 52.657043 56.455662 54.621604 55.398820 50.882366 50.223747 51.219428 51.947088 46.781547 53.743827 53.770866 54.566558 53.555989 50.209025 52.464730 54.843057 53.648693 55.774569 51.507280 50.865055 54.666852 51.958712 52.220119 55.176402 49.424792 53.757008 52.788460 52.060681 49.482103 57.191162 48.906254 55.061792 54.327427 53.570781 51.174459 51.625259 52.132516 48.934715 55.799700 52.207535 54.767326 54.754140 57.354004 47.801602 54.291450 51.600693 54.564560 52.737331 51.818500 46.776712 48.608946 50.990702 54.378742 51.506140 54.455307 47.945423 47.475730 50.214877 50.553235 51.849465 47.600953 53.397762 51.999569 52.080869 55.561602 55.226937 52.531788 51.715687 48.289425 54.648557 56.578963 57.721398 54.374435 53.253305 52.739428 52.798423 48.777631 53.758748 53.155294 54.880828 55.857200 52.118658 55.499920 49.901419 51.792121 50.340266 46.573730 49.782723 53.401054 56.445223 53.192015 56.854583 49.137164 54.322998 53.695157 53.904193 50.669163 54.832118 54.525775 51.207894 54.533618 54.955233 54.009876 52.929840 52.495276 53.386868 54.623571 52.107638 53.051703 55.506794 51.363559 52.739117 55.516746 59.362835 55.563616 55.377798 52.189618 54.405637 49.014659 55.006008 53.303852 55.741254 53.739385 46.590099 56.745323 55.535521 54.376081 57.204981 51.066924 53.353411 57.381127 54.853441 53.565685 47.886012 50.360391 51.032138 50.352928 51.445463 55.675620 54.307133 50.535387 51.598604 50.649796 50.979324 48.149608 50.650574 51.407392 51.304858 51.945374 51.575064 55.547662 52.339958 59.306632 54.024050 50.756869 51.539423 49.884357 56.809533 51.632032 53.787396 52.662975 54.659575 52.104598 56.916706 53.323926 50.331308 55.664688 52.435789 56.669185 52.827731 56.385503 50.432494 60.814023 51.079281 48.678501 57.996010 55.951373 
49.507153 53.135810 45.072909 49.537545 45.346759 47.400537 44.490236 50.082779 47.952402 48.644436 48.184971 47.771654 50.841286 47.832801 49.956603 45.326998 45.933725 44.556993 49.125361 46.903006 47.592232 47.558713 45.039740 46.998872 51.222326 49.080115 50.647095 46.584496 46.878671 45.582260 45.439267 43.649520 46.254323 47.310122 49.491443 46.424609 47.330045 46.731973 50.897975 52.136635 50.379638 47.002015 48.409667 49.733785 44.875392 45.655110 50.052942 48.247915 47.835461 49.365696 48.739279 44.187730 50.596465 42.246963 49.577244 50.688218 48.493453 47.744581 48.923831 46.183140 44.419133 50.105869 44.369752 46.935223 49.801278 50.612153 41.376591 49.831546 48.372534 49.903581 50.484550 45.704682 40.597158 43.971087 45.149674 49.872074 45.735908 50.001592 46.016709 44.100701 44.200153 46.271962 47.801072 44.482370 49.341806 45.914502 48.671674 49.540745 50.260552 47.376332 45.365824 45.661370 48.467516 49.798510 49.408743 49.239746 46.686330 45.710151 47.011366 44.298956 49.160445 47.744380 50.172061 49.307785 47.936673 48.454042 44.596362 48.654124 43.453001 45.078069 47.545180 48.724967 48.313559 49.406260 52.664958 45.441327 48.452302 47.230037 47.051979 48.583576 50.181777 48.579208 48.687321 48.019264 48.707786 49.027853 47.798024 47.903961 47.554252 44.916288 45.835123 48.451235 50.402997 45.919926 49.037166 50.629465 52.809214 48.462665 50.624813 44.865595 47.898825 44.942628 50.457557 45.279164 49.472471 49.021737 41.642145 50.125640 48.424639 48.355950 51.804514 48.976916 48.672901 50.160790 50.842099 48.777105 44.446224 45.747278 46.010601 45.941607 47.288985 51.357093 47.749828 46.308282 44.346400 46.215484 46.574768 44.283856 46.352965 47.805704 45.808223 47.521199 44.894438 50.497743 45.249284 53.494112 48.031379 46.518257 46.372005 48.553697 53.277035 44.303647 50.102968 46.945220 50.172918 46.984828 52.615890 48.841569 43.973878 49.860413 47.444417 47.836702 48.633151 53.062018 46.924318 54.197540 45.637768 46.537761 51.936328 50.018261 
48.235330 49.977989 43.015444 47.102970 41.630936 45.479545 44.196522 46.676281 46.263815 46.901545 43.363805 46.001990 47.505658 43.719018 49.036380 43.920387 42.474603 41.283725 46.362246 43.609271 44.044810 45.608296 43.467453 45.314564 47.029792 45.411951 47.735394 44.627114 41.710955 43.572420 44.505221 40.317352 45.537974 46.941331 47.238657 44.172484 43.702468 41.717737 46.374494 47.271814 46.797555 46.602815 44.568049 46.842124 42.246835 44.899395 46.703096 44.091555 45.118721 44.150298 44.203721 43.140049 49.528426 39.709383 46.693425 47.006209 47.389100 43.819084 43.204994 44.897832 44.569481 47.844019 45.002413 47.139222 48.595607 49.563410 38.656841 46.229811 45.627516 45.400500 45.350531 45.749388 40.228643 43.082209 45.224910 46.614990 43.063694 48.137789 43.928651 41.156029 43.909836 43.422165 45.706061 42.802589 47.501187 48.581832 45.827904 47.275700 48.732572 45.659844 40.433170 43.394493 46.191752 46.386933 46.883351 46.071976 44.136696 48.117339 45.864256 39.458394 46.371575 44.938178 45.214415 48.430614 45.013965 45.076534 42.156755 44.127550 43.208373 43.663964 45.236088 45.580093 47.094297 47.549560 49.269028 40.491874 47.505447 42.483353 45.451126 43.772581 47.293655 48.868845 47.781451 45.585126 45.933158 47.024660 46.924626 44.861395 48.095546 45.586145 44.585596 45.733331 46.006436 45.592751 44.194029 48.385618 48.005739 46.168857 45.276562 44.892999 46.330416 44.446687 48.360733 44.207109 48.070280 44.347931 42.394917 48.844057 45.393475 48.710161 47.721487 45.511690 48.626414 45.240728 48.946355 45.395955 43.524559 44.631730 43.063790 45.720117 45.631906 47.380665 48.047571 43.163923 44.052582 44.742337 44.443568 42.636674 43.105744 43.804391 44.909067 45.844605 43.983934 49.783202 45.262222 50.890740 45.602066 42.116275 46.058437 44.767416 49.450268 43.769892 48.770530 43.241360 44.530983 43.312326 49.759232 44.501770 43.142867 49.291938 42.621322 46.860759 44.583731 49.660852 42.072836 51.409621 41.772175 43.925780 49.359572 49.912369 
55.112356 56.434836 50.761938 54.119922 48.094050 53.278253 51.319670 56.043603 55.117968 58.585573 51.766325 53.308112 56.712489 50.942555 54.618097 52.763899 51.964277 51.717497 52.528972 51.378500 51.880579 54.454583 50.787943 53.622953 54.511325 53.204542 52.667560 49.115318 51.946237 51.397958 51.528294 49.397103 51.644854 51.596642 54.219605 52.806723 49.947157 50.749753 54.963204 52.767661 54.601923 52.868773 51.157843 52.793851 50.567053 52.547598 54.320649 49.769289 54.370841 52.178812 50.306912 48.605909 57.295762 46.430759 57.450105 54.328694 54.433665 50.067462 51.666353 52.465565 51.997411 56.417040 49.448897 52.659618 55.317637 55.685209 45.121168 52.030404 53.252435 53.429590 53.290168 51.383759 47.582217 49.760533 52.667963 53.162920 49.035251 54.724874 51.530037 47.308444 48.225547 51.419114 51.872705 46.874155 55.474319 52.277253 51.886630 53.701248 54.521828 52.855349 51.051546 48.666746 53.753845 56.646130 54.734218 54.240230 48.933509 53.690032 53.678237 47.741074 54.039584 53.232225 54.759712 55.217841 54.166439 53.562005 49.400120 51.515199 50.960627 49.821405 52.133090 52.231412 54.485688 54.898068 54.668199 51.911566 53.964246 52.730502 50.178658 52.493688 54.344468 55.512588 52.008449 53.353796 56.211509 53.090893 50.880533 52.754171 52.920389 51.815207 49.694232 51.888953 57.099228 55.287459 50.785202 53.244090 57.237693 55.150257 54.550168 49.625677 51.151405 50.410103 55.000648 50.992333 56.001209 54.379104 44.469427 56.159910 53.628380 55.408584 57.983284 55.087167 53.379069 55.427022 53.642653 52.238998 48.712851 50.185548 51.476112 49.930208 53.264584 53.445323 51.944627 50.770193 52.713818 52.916545 48.721804 50.672415 50.016398 51.640549 50.593072 53.050333 49.758446 56.799259 51.887413 57.523656 50.372495 50.970891 51.095607 50.332596 55.784929 52.613708 53.939408 52.560879 52.818857 53.145521 57.111696 53.065793 53.784461 55.321064 50.227175 57.759431 52.536120 56.498588 51.208522 59.246598 49.557581 51.245238 58.272376 56.637174 
51.042394 52.816458 46.231432 49.154810 45.314702 49.966257 49.193494 51.868681 50.407134 53.167074 47.516672 50.275198 53.572632 49.238157 52.157058 46.673855 48.150825 46.180932 49.292576 48.899674 49.417674 48.215057 47.472244 49.269329 52.809054 50.647894 53.574263 44.613179 46.639845 45.404468 48.658341 47.196497 48.651395 49.212900 48.341599 48.625269 47.930974 48.609891 51.924747 52.371207 51.063655 49.421974 47.987745 48.960583 48.643918 50.119491 49.380081 49.083284 47.843768 49.388549 47.011025 46.262152 55.849080 42.042925 51.834227 50.749166 50.149492 47.461618 48.193778 48.499573 46.753267 50.989244 47.829274 51.477038 50.868527 52.836597 43.583260 49.308850 49.367474 51.936823 51.724160 45.075948 44.412970 44.313774 48.599261 48.223663 47.334652 51.093129 47.561970 46.221955 44.640086 50.633429 50.676554 43.950875 53.164101 45.671653 48.926360 51.941577 50.587810 47.594737 48.431321 44.791641 50.614838 49.092693 52.906401 50.999054 48.098371 47.568310 49.893473 44.391830 50.447197 49.697831 49.867346 49.273268 50.777965 50.140205 45.912279 47.151567 44.413306 47.928418 49.131844 48.269064 48.547718 52.226743 52.887864 46.853448 50.521734 49.831126 48.839944 47.323289 52.756023 51.124474 46.828015 51.463066 50.326055 48.535237 47.771598 47.010649 50.643951 46.465170 50.483996 47.737569 49.783432 50.647867 47.932199 50.196751 53.774161 50.543913 51.402554 47.997407 49.184563 46.915479 52.076404 48.710909 52.138504 49.812135 44.294449 53.118972 49.565254 49.961402 53.875262 49.691181 49.967415 52.215309 51.285687 50.345454 46.076339 49.808355 47.081120 46.832824 47.170586 51.733503 49.462446 48.779701 45.989258 48.709315 46.020743 48.423944 46.352971 50.225030 46.567670 51.777581 46.556450 51.350759 49.184819 55.601361 47.504543 49.439617 49.456725 48.789997 52.103150 46.959342 48.901129 48.537696 48.669616 50.554669 54.214948 48.187914 48.314307 51.535282 47.661317 50.939656 49.038213 51.615956 47.655610 55.699119 46.781135 47.014499 55.643216 51.578990 
51.066212 55.339093 48.595791 52.602373 48.656232 49.601694 49.032902 52.754952 50.624042 52.480839 51.381986 49.181954 54.196809 48.191342 52.428993 49.247234 46.754500 47.258294 50.947132 49.928064 49.180179 53.162180 47.156340 49.743615 52.676798 50.818337 51.897697 47.754300 49.492665 48.522900 50.084113 48.372819 49.557046 48.409615 50.996573 51.736462 48.083250 50.199466 51.488701 51.111988 51.751329 48.338977 47.522664 50.686128 49.825647 49.388237 51.037133 50.371245 49.917154 49.237230 49.804814 47.825688 54.769934 44.072943 53.400188 52.268166 52.158762 50.326470 45.001680 50.371792 47.408323 53.377638 46.953356 50.916945 51.349437 52.367279 43.731500 52.569993 50.328324 52.371197 50.818446 48.289138 44.526066 46.888596 46.874044 50.856387 48.691096 53.686697 48.129196 44.708927 46.645709 51.723228 50.633715 45.322959 51.059526 48.339076 50.000932 53.769844 51.771300 48.159068 47.508731 45.614500 50.643560 52.894180 52.026799 51.137222 48.455659 51.726475 49.804210 46.798635 51.440348 50.250236 52.458790 51.980365 52.424233 48.995892 48.715295 48.499952 48.325984 49.177461 51.152144 51.001934 51.641768 49.891324 53.461941 47.169049 52.393943 49.205623 51.506716 50.123159 53.738513 52.108313 50.726588 51.835525 54.950795 52.144463 46.259691 48.566562 47.585638 49.417736 47.864931 48.323271 53.608094 49.658340 47.827098 51.462197 54.823349 51.046497 51.236112 47.826371 47.416435 46.623204 51.620884 48.032923 53.805135 51.383322 43.529071 55.360811 49.026015 49.312541 53.109575 50.494718 53.344060 51.869165 52.927812 47.650832 50.051646 49.719715 48.897509 47.986343 49.948735 54.094339 52.185244 49.025329 49.067633 49.384136 48.809450 48.767841 49.485433 49.158507 46.939406 50.254100 47.310582 51.623839 48.525209 56.323285 50.392535 48.859750 49.816753 52.400808 52.861119 47.380496 50.818288 47.091375 51.280553 49.003826 55.179629 50.014749 48.641780 53.068517 46.439239 53.092860 47.931828 55.083552 48.970381 56.199306 49.403938 47.400993 55.164652 53.979009 
52.456451 55.579611 47.848734 49.589890 46.457778 52.211806 46.728618 52.687530 52.283538 52.823420 50.844228 50.365981 54.319002 49.293606 53.755963 50.789358 49.825456 47.152070 49.085714 50.817985 49.018728 50.721036 47.441369 50.217709 53.871104 52.453466 50.412547 49.054679 50.316693 50.588323 50.429973 46.641543 48.164415 47.042416 52.032686 49.149486 48.771466 50.361843 51.787826 51.449265 52.593999 49.784561 49.606282 50.865628 48.724561 49.332829 52.111270 49.602507 49.882118 50.527257 48.589191 47.348327 54.527696 44.611934 49.999984 53.325055 50.785866 51.332129 49.404599 51.166367 48.327598 53.461624 48.135975 48.192459 50.503349 51.824681 46.295389 50.035851 50.542125 51.538919 52.977290 48.923602 44.548265 45.525810 49.464674 51.238163 47.665231 53.297491 50.708479 45.862716 48.672530 49.324954 50.928151 47.141623 50.464152 50.075341 51.873897 53.658868 51.654468 49.393045 48.841522 47.989461 50.509351 53.111286 52.631440 51.632529 47.593559 50.699635 50.743915 47.708066 52.010426 50.562177 50.917526 50.836076 53.385497 51.658361 48.072139 49.489269 47.848861 47.159978 51.612351 50.854221 51.693440 53.055166 54.641673 47.391420 51.415830 51.451555 51.918928 49.221236 51.907390 52.994226 50.083030 51.750814 52.590554 51.766397 49.549467 50.731731 49.015657 51.066497 46.283466 50.421132 52.768927 50.303134 50.832083 51.422130 55.044188 53.662474 51.579627 49.498692 50.114179 49.799943 51.969472 48.144826 53.837031 53.023869 44.928451 52.882056 50.593138 51.720021 54.097210 51.501031 51.330406 53.693926 52.938474 50.097886 49.401772 51.236654 48.001020 48.722973 49.384643 54.389132 49.433070 47.102101 49.415490 49.388714 50.366439 47.580714 48.994400 48.786006 48.762935 51.167285 50.983260 54.662090 46.544368 55.939958 50.322705 48.108545 47.694162 50.009917 54.319696 47.762257 52.544519 50.156709 52.819842 50.417330 57.616001 51.163340 49.153864 52.205026 47.586241 51.924592 49.053331 53.964054 51.288292 58.288885 47.244134 46.317659 55.190970 53.555337 
52.163769 52.117579 44.688399 50.398729 44.787506 47.223134 47.713209 51.491073 47.510197 52.369582 49.332842 50.681124 51.236386 47.064723 49.498990 44.590402 47.780244 46.652113 47.972216 48.973260 46.863411 49.496445 46.868077 48.505801 52.125990 48.824578 49.632601 46.832405 46.654044 45.847110 45.984958 46.034195 48.843271 46.580472 51.162560 47.177331 46.765793 47.794666 50.906256 50.803798 50.569889 47.548443 46.296886 47.919547 47.804061 48.918524 48.145975 46.747273 48.934028 49.010266 47.910598 46.249255 53.285200 43.287670 50.696271 51.070715 48.817850 47.491302 46.873970 48.601298 45.896554 50.547882 46.249512 51.054450 49.833820 51.553085 43.998756 47.030076 49.434905 50.765592 48.604284 46.169218 41.947875 43.385397 49.586825 47.872206 47.656497 48.770040 48.555047 46.088727 44.824631 50.232938 50.662750 45.317190 51.974892 45.793317 48.675202 50.935523 49.011341 47.575538 46.717528 48.854802 48.079259 47.968137 48.471003 50.469493 47.567276 48.577134 45.781958 43.539891 50.002328 46.856977 50.082611 49.812605 49.778619 50.021909 45.005444 47.447590 44.844326 45.140684 48.812512 48.069015 48.611352 49.539736 49.396616 45.919101 52.844335 50.880225 47.842546 47.208133 50.907637 50.891386 48.824852 50.687769 49.057355 47.993431 47.545652 46.843760 49.126850 48.528058 47.781999 47.005446 51.149496 48.082829 47.017346 49.314353 53.677457 49.755671 49.845103 46.562036 48.065847 46.584262 49.878066 47.268622 50.843977 49.764343 43.420313 50.623779 48.366176 48.261098 52.792122 48.001823 49.471367 52.092419 50.853361 48.476314 46.234203 47.664577 45.182769 46.247234 48.884461 50.760023 47.763749 48.815086 46.337744 46.762907 46.177445 46.078783 46.887510 48.761145 45.449634 47.922045 47.900953 50.498603 47.593526 54.424718 50.255633 46.191592 48.167647 48.549290 51.508851 47.684043 49.077136 48.553800 50.885451 48.581484 53.561207 48.214058 48.843276 48.262125 47.015735 53.245087 46.751822 52.532068 46.681075 56.005088 45.928354 46.624403 52.632910 51.196882 
51.397520 54.808744 48.238154 49.617679 46.704253 49.816771 47.928169 50.469815 52.047221 52.193391 48.550914 50.308467 52.204890 50.084412 51.874434 48.715437 50.222909 49.831683 52.152150 51.108267 51.457392 50.125810 48.459875 50.944624 52.598846 51.615483 53.407501 48.867107 47.357629 48.257659 47.208889 46.895734 51.317232 50.125207 51.061489 49.735219 49.032197 49.386918 51.565348 50.277372 51.153891 50.312226 46.611847 50.666845 47.231428 51.348186 53.121568 48.474483 51.119999 49.838397 49.186256 46.993112 55.074985 45.129500 52.480292 51.417510 50.843665 49.702267 47.142476 49.799251 46.762998 54.616057 48.509818 50.303272 51.612990 54.156819 45.358842 50.394462 50.817085 52.362337 50.387980 49.845532 44.859408 44.933628 48.367982 52.052685 46.766278 53.521754 48.211243 45.033811 45.954075 50.616275 50.304506 43.749298 51.658848 48.758526 50.848568 52.531321 52.140301 49.436713 49.303301 47.887362 52.579293 50.527995 52.099964 51.435703 47.403442 50.031722 51.952860 46.487189 50.453531 51.530734 52.274076 53.338812 52.826230 51.326628 47.008761 49.549562 45.414892 46.150482 52.400812 52.563817 52.568946 52.923602 54.801829 47.127018 53.809799 51.016800 49.787660 48.996913 52.099821 50.049946 52.368027 51.957320 49.586335 52.059513 47.652275 49.481279 49.357103 49.758431 50.422922 50.506097 52.043919 50.384071 50.062633 53.207306 52.935262 51.797721 51.856864 48.136459 49.638557 48.003489 49.814333 50.853109 53.089040 50.227929 44.977456 52.275820 51.859291 50.862931 53.233456 51.609954 51.806004 54.374609 52.642335 49.735657 46.001566 50.165888 48.331487 47.986990 49.951318 52.601376 51.387105 46.944786 50.363823 50.293956 47.171583 48.881167 49.907953 49.310013 47.776765 50.999374 48.828753 52.807790 50.006009 55.264632 52.337386 50.933094 48.131646 51.105525 54.827176 46.851351 48.716184 48.011493 50.065682 52.332725 55.315511 52.467814 49.555641 53.172259 47.818512 52.152354 50.588973 55.285918 48.954672 58.587553 49.473199 46.426951 54.072970 52.270207 
48.284114 52.095888 45.578645 48.973614 44.827006 46.537956 45.049010 50.495926 48.262416 49.476022 46.184924 47.831819 49.047707 46.728820 48.362845 47.648167 44.292882 44.643212 48.061508 47.974679 45.194003 48.366484 44.885367 45.366842 49.085901 48.631189 47.865975 45.678590 45.525943 47.599619 44.236034 45.187261 45.685050 45.290206 48.319783 46.791253 45.533788 43.500454 48.430998 48.353300 47.378747 44.569829 46.256664 45.818645 45.826872 48.094599 48.617070 45.665032 48.280675 49.144884 45.954232 43.780668 50.932863 42.552381 47.587995 49.473661 49.556307 45.578735 43.520995 46.096269 44.189324 48.827980 44.811350 45.073309 48.948455 49.507117 41.616252 47.863128 48.008388 49.348405 48.185691 48.313374 40.931875 43.455163 43.903292 48.270927 45.339114 49.328139 44.455132 42.833391 45.273634 48.717367 46.982995 44.471066 47.127747 45.673372 46.468410 49.585283 48.983069 44.744240 46.507493 43.842064 48.817438 47.223859 48.187394 48.112416 45.565501 48.021360 48.642749 42.742193 47.936678 47.476994 47.288014 49.955336 45.546213 47.708915 44.256828 44.659733 44.006217 44.156358 47.383355 48.947740 47.339863 49.355495 50.416278 44.129023 50.677406 45.536151 48.130870 46.794200 50.129899 48.527208 46.942329 45.279975 49.278167 47.665075 45.654467 47.050814 48.427980 45.637311 45.634437 45.868349 52.054339 47.033926 44.713533 46.590189 50.637420 47.111976 46.123506 44.429424 45.967367 44.828147 48.062573 45.057362 49.989515 48.041777 40.961685 51.008889 47.097194 48.794787 51.657053 47.115543 49.218282 48.506191 48.689422 46.672314 44.581246 46.445558 44.216312 44.143504 46.643328 49.159892 49.362588 47.679908 42.215159 46.405116 46.002596 46.153707 46.213277 46.028377 44.958504 47.063773 43.987083 52.719981 44.338622 53.271558 47.805893 47.339038 46.960578 46.824609 52.136331 45.157477 47.902206 45.591435 49.336224 45.960304 49.788511 47.150602 44.557608 49.037660 43.818790 48.990880 47.116778 49.959935 43.410231 54.164137 44.373046 44.151366 49.893507 49.310049 
52.685620 56.318704 48.766449 53.445921 47.365861 51.860393 47.735949 54.035911 52.259803 52.676090 50.217506 52.034479 56.008905 48.631329 50.527055 48.895121 50.313124 47.433166 50.676789 52.040773 49.699094 51.772271 48.639283 49.046842 53.665492 51.614953 53.463363 49.035428 48.843230 48.501902 50.599906 46.920943 51.188238 51.169046 53.475445 52.204949 50.052303 51.659785 52.013268 51.583043 53.450749 50.760389 47.374656 50.891573 49.234588 50.108689 51.326784 48.799331 50.699431 50.406939 50.267685 50.205744 54.665054 45.721764 53.963072 51.024197 52.490651 51.909220 49.541450 50.566829 46.792041 53.741716 48.551727 50.977418 52.506065 56.689882 47.231781 50.907544 52.029988 52.454039 52.191001 50.344011 44.891910 47.322499 49.345846 50.543141 47.066412 53.099678 48.990779 46.922151 49.517105 50.476221 50.028087 46.698853 51.725781 49.785095 50.964788 52.627322 53.645899 49.894710 48.290034 48.221866 53.141781 52.170651 52.644759 50.490722 47.754368 50.948324 50.215133 46.292927 51.270599 51.925949 53.276428 54.070507 52.391126 49.301825 47.310833 48.916646 47.938980 45.604023 50.262002 51.281448 52.323786 53.618063 54.489100 46.457516 52.300564 49.852337 50.056608 49.761043 54.853582 53.261394 48.940835 50.952395 53.498428 53.034896 49.554131 48.940176 49.317622 48.732805 47.975530 50.714751 54.400517 50.572932 48.663057 50.125368 57.436230 52.750904 50.399837 49.975592 51.807110 48.075733 52.505711 53.001491 54.042504 49.884562 44.621130 54.083744 51.951767 50.837556 53.891732 51.836850 54.848652 53.418267 49.546046 50.749866 47.745783 50.572673 47.792655 49.659513 51.726161 53.652353 51.412094 48.870139 49.453115 49.709989 48.543671 47.732960 49.044512 50.750499 47.882434 48.975801 47.462530 53.905962 51.074183 56.877998 49.550460 50.505453 48.518800 49.007958 55.080516 50.659835 52.406672 51.668532 53.965948 50.725877 55.255600 50.712452 49.588986 53.618043 48.014025 52.908730 50.416774 54.089170 46.723962 57.718784 49.917984 47.691842 54.059184 52.826209 
54.783570 57.221050 48.477112 55.255335 46.105663 51.541997 48.196372 53.151561 51.855585 56.104913 51.275833 52.957479 52.496817 52.974212 54.347818 50.851352 50.046332 49.062539 51.502279 51.365839 51.726419 52.991497 50.020343 53.300274 55.978909 51.168481 53.593642 51.963249 50.868348 48.104631 49.550805 46.953928 49.822541 53.816304 51.766025 50.263013 50.402296 49.205389 57.957628 53.828521 52.599944 51.001531 52.541446 52.819194 48.237593 51.822135 52.229879 51.629113 50.413355 50.654849 51.712527 50.781250 57.180177 44.055805 52.684572 53.425652 53.675784 53.299156 49.076553 50.264417 48.634084 55.467444 48.452692 53.641613 55.320839 55.185866 46.132972 51.563237 51.377122 52.590319 49.636573 50.930462 43.423678 46.326746 52.997943 52.434469 49.985025 53.997516 51.129478 49.034088 48.043973 53.346706 52.949528 46.635810 54.402573 52.058209 51.762308 52.425975 54.435684 50.546956 47.995165 50.692508 52.503595 53.352117 54.168057 52.421507 50.611017 53.126202 50.964183 48.681818 53.624318 53.899282 51.346680 52.156287 52.473549 51.952306 48.636552 51.062577 47.747571 47.360964 51.605257 51.891944 51.118156 55.849087 55.056835 48.165895 52.869660 53.436005 50.835949 50.919185 56.153575 55.430056 50.784558 53.919199 51.765044 54.175658 50.834079 48.928688 52.156538 50.799691 52.787413 50.071069 55.449965 52.011167 50.807939 54.290652 54.987364 52.151728 52.710585 49.677578 50.751077 49.044629 54.883732 52.633961 53.066435 51.113767 45.458113 54.716713 51.411249 50.535905 55.845109 52.961154 54.326887 52.156154 53.620912 47.677096 49.642066 48.885023 46.149403 49.918799 51.188301 55.315923 52.297178 51.547345 50.510835 50.761017 50.021137 47.924081 50.065741 50.024049 48.912377 53.033156 49.189311 55.226941 51.356784 58.847019 51.957383 52.451957 53.402118 51.177289 56.456617 47.416700 54.707599 50.208271 53.105325 50.202774 55.861471 53.822944 48.752585 53.681686 52.286478 54.516099 51.901864 55.865449 50.199811 57.287124 48.347014 50.727225 56.264373 53.727955 
48.781265 51.953638 41.809212 47.497296 41.541091 45.625209 42.244902 46.420820 46.721347 46.157639 46.505759 46.012384 49.137760 45.479546 46.103172 42.910567 43.612123 43.787089 47.030856 45.973522 45.324142 45.307160 43.022312 44.861406 47.032885 47.621256 47.769986 45.862831 43.702374 42.945697 43.589693 41.913703 43.702533 45.049813 46.656838 44.869392 45.881690 43.652301 48.711159 46.772536 46.463542 43.620240 43.507260 44.353091 43.849701 44.236997 46.771202 45.466286 45.641915 46.872131 43.960610 41.562826 48.798914 41.250463 44.652974 47.297596 46.651358 46.264059 44.599038 43.921103 42.085237 48.308196 44.076339 43.453110 48.540015 47.155599 40.978276 45.953115 46.110800 47.253440 45.914710 44.944667 40.675534 41.844872 44.231836 46.102912 40.631454 46.963923 41.466707 42.576556 40.979842 44.953731 46.858523 41.208975 46.174875 46.647343 45.535033 46.337751 48.090743 46.782049 45.133186 42.619295 47.247289 48.520620 47.947153 45.245650 43.363584 42.545096 43.632963 43.325278 44.321089 46.104975 46.203528 45.752488 45.945944 45.292819 42.626105 43.889491 41.267457 41.263712 43.228273 44.635286 47.460749 46.161916 49.502550 40.215107 46.678701 44.534195 44.069681 44.385965 47.315524 46.103777 46.228716 45.340625 46.598992 46.921835 44.481733 41.135164 44.640890 44.624289 42.954422 45.740048 46.810277 43.778486 43.855222 46.115072 50.514357 44.794090 45.882352 44.790498 44.334640 41.592269 47.135070 43.874063 46.195740 45.525217 39.557547 48.912961 45.494240 45.765606 49.366091 45.223192 46.883423 47.819233 48.256422 42.841329 42.593609 43.601954 42.866821 45.260291 45.496293 47.002456 46.772151 41.007345 43.035713 42.577628 42.893043 40.211236 44.151677 42.312498 43.417326 43.838931 43.126435 48.178615 45.293967 49.338560 46.642807 44.607947 44.209810 44.347460 50.190573 42.361797 44.427807 44.206284 47.242154 42.207543 49.634309 44.850087 44.445351 48.618564 44.640931 46.979577 44.934974 48.003808 46.440677 51.854776 43.877845 43.272455 48.631499 47.889371 
53.391809 54.770427 47.793220 52.164364 48.417037 49.916161 48.377435 54.919588 50.928024 53.407266 48.942937 51.413938 55.117632 48.095920 50.203770 49.303258 48.446660 50.263725 50.027114 49.479121 49.690203 52.003742 48.104981 50.247311 53.630226 51.121756 51.431510 48.132521 48.764076 48.241816 49.208987 46.880015 50.892540 49.313164 50.402675 51.238078 48.165100 48.975394 51.489845 50.518247 52.134263 48.233727 48.397528 50.416619 49.384852 49.122632 50.583014 48.835827 50.467408 50.884346 47.352558 48.651182 54.859975 45.571547 51.819005 51.235028 50.575221 49.467979 49.267983 49.174989 46.423661 54.079403 48.733526 50.660336 52.604292 53.316270 45.040163 49.458430 51.095317 51.828533 50.107280 50.402733 44.891253 47.336014 49.716284 51.180501 48.809104 52.223601 48.771366 45.231876 47.577749 48.220862 50.226115 46.079777 50.911308 50.242729 49.054936 52.025216 52.070687 49.752146 48.763742 46.372639 53.208189 50.106014 49.917032 48.029922 47.918641 49.889190 48.638725 46.829370 48.526557 49.177454 52.954102 52.648928 48.359359 48.350627 46.292975 48.753153 46.225509 47.929061 49.933380 51.072334 51.256829 50.898442 53.038108 47.148845 51.813546 49.346952 51.568739 49.625604 51.882425 51.050646 48.481038 49.109319 52.660656 51.548610 48.286027 48.741710 48.238924 50.875959 46.170357 50.713244 52.657229 49.667687 47.489579 50.746097 55.541818 51.796903 49.241307 48.894117 47.927253 48.165265 51.923652 50.318194 53.201223 48.253375 43.884152 52.003100 51.834828 50.237112 55.295937 48.683735 52.042542 52.558486 48.924760 48.711656 49.039726 49.892518 47.283270 46.850968 50.720465 52.689708 48.300906 50.193415 49.400972 48.583377 46.649838 48.115509 47.820534 50.105540 48.170203 49.378387 48.798097 52.305892 50.067393 57.396449 48.811113 48.198297 49.558333 50.133437 52.160232 47.672169 52.893009 49.687289 51.201694 49.851152 53.768339 49.542536 47.011478 53.208483 49.003238 52.495588 49.083298 53.115098 48.147929 56.530906 48.183221 48.533743 54.099941 54.457634 
50.604675 55.978067 48.890243 52.481398 46.308156 49.505520 48.073321 49.710764 48.748977 51.903083 49.011059 49.536732 54.940538 47.199847 52.313176 49.018757 46.527539 44.574700 49.266357 49.839246 49.200551 46.198396 46.781877 48.174102 50.508249 49.415385 51.341459 46.636751 48.224584 46.857875 49.613313 44.862046 50.865695 48.807559 49.484224 50.297854 48.460853 47.624491 52.948790 50.991272 52.617390 47.050106 47.357598 48.256622 48.286545 49.117367 49.041066 48.304299 49.078993 50.039571 48.280867 47.337384 53.879968 45.679872 49.015224 51.258960 46.982204 49.104557 48.289211 46.652620 46.504347 51.316029 47.717525 47.865388 50.996801 53.988841 43.033933 50.581276 49.390315 49.327578 47.733780 48.769976 43.033245 45.058935 46.770280 49.843544 45.937997 50.825145 48.181507 46.263888 45.952116 49.036491 51.293284 43.162092 50.431845 48.887638 48.622149 53.252097 51.523849 48.335777 47.847500 45.341475 50.486269 50.774969 51.460745 48.032530 48.517587 49.425103 51.767846 48.091628 48.187332 49.755974 49.970964 51.050936 50.647391 46.977232 47.476672 47.935770 48.912118 44.321482 48.996715 50.241256 49.361751 50.259671 54.036592 44.294338 50.224243 47.655419 48.997803 48.579926 51.784446 51.271586 49.453173 50.497121 51.177894 50.773739 48.450905 48.427165 48.007573 48.979906 47.376380 48.988796 48.615407 48.726197 45.037060 48.757022 54.410636 51.298503 48.203093 46.974389 47.305101 46.610131 51.104908 51.079237 53.907776 50.125935 41.862284 53.567715 50.656952 49.568449 53.490327 51.417694 52.757374 51.727089 50.103252 46.974941 46.026568 48.772103 48.570138 49.138433 47.475106 51.131878 49.985836 45.688769 46.451608 49.587412 46.384561 45.895490 44.590191 49.613072 46.892279 49.005014 45.961406 52.451088 48.015919 55.619605 48.958437 48.673956 50.082660 49.242672 51.181991 46.276303 51.954301 47.387617 49.373924 48.143841 53.948448 49.573733 47.074942 52.241134 48.263945 50.904092 49.513975 51.496864 47.873852 52.075805 47.790685 46.013691 53.349936 52.561957 
53.261472 55.743007 50.026765 51.274726 46.914886 53.511365 49.170925 54.485182 52.673426 55.004252 53.319925 52.359364 54.739913 49.605623 52.722684 49.632441 47.124504 47.808815 52.884312 51.403663 49.843166 53.422228 48.410937 52.448616 55.024015 51.128230 52.768903 49.139017 49.612487 50.272466 49.241942 49.313241 52.687858 51.469762 52.341113 51.430678 50.185865 50.602547 53.761914 51.183748 51.821233 49.391279 49.109571 51.018018 49.367465 51.112235 53.717203 48.601081 50.788808 51.033853 50.388185 48.865956 57.518580 43.732386 53.225849 51.254988 52.839365 50.214458 50.258928 50.734284 48.368000 54.035501 47.824275 50.730630 52.795409 53.874246 46.089077 51.159847 51.370998 54.011579 53.587789 50.424426 46.020478 48.033197 50.187130 54.385976 51.648339 53.462381 47.761297 45.523328 49.248519 50.919025 53.392858 46.354861 50.985839 50.167144 51.605106 53.712997 53.883481 48.933821 47.873545 48.076715 52.280932 52.014760 54.683037 51.222743 47.965381 51.044942 52.394400 46.662668 53.693818 51.353881 50.466715 52.825538 50.844333 52.726733 47.389902 49.049520 49.079699 47.756892 50.856047 50.477058 52.629999 54.453580 55.007096 48.972417 52.914409 50.535264 51.412484 50.453851 53.488415 52.578085 50.009382 52.706263 51.032643 53.004320 50.485712 49.739854 49.515398 51.788403 49.989347 52.416304 54.596019 52.298697 48.481564 54.591448 55.057838 53.121118 52.139592 50.072175 50.315582 48.932967 53.101194 49.316689 53.616351 52.369661 44.282518 56.215996 52.065984 52.684977 55.701899 52.366290 55.129131 52.691779 52.090604 52.848907 50.198394 50.323165 49.190959 49.442331 51.533462 56.579630 51.218270 50.736448 49.597068 51.178023 51.512952 49.908572 52.164073 51.621284 48.549749 50.708063 49.123790 55.638810 51.308384 57.439036 52.258304 51.307746 51.000058 49.006044 54.609308 50.466325 53.310422 49.712184 51.895826 52.082891 58.007431 50.882430 52.128503 53.766684 50.738517 54.638709 50.610955 54.511447 48.149719 59.382060 50.565260 49.111550 56.534076 54.078617 
53.379403 55.683387 48.940910 54.252186 47.789387 52.921472 50.131591 55.653066 53.208977 53.780213 51.512558 52.802466 56.897173 51.372521 53.962234 50.882956 50.349553 49.439612 50.742180 52.735821 53.034975 51.922998 47.725622 53.983585 54.781834 54.371722 51.143983 49.669279 50.735524 49.729036 49.398282 49.105380 53.654978 50.146976 54.323844 53.057968 48.928255 50.948127 56.255746 53.440803 54.160891 52.183258 49.668913 52.000726 51.218745 52.719136 50.819884 51.088372 54.902207 51.522244 51.449784 48.947343 57.950147 46.718785 53.966801 53.544379 52.140971 51.559842 50.423783 50.680959 49.202861 57.406675 50.067556 53.641819 54.011663 55.526920 46.937348 51.720300 50.842558 51.357085 54.132265 50.805392 47.043840 48.734018 51.396985 52.924460 50.456709 54.478606 50.864212 48.053065 49.209401 49.566663 53.140059 46.859919 52.918766 52.288116 52.804054 56.294564 54.093692 51.593898 51.796183 50.610417 53.060747 53.966503 52.804851 52.178368 49.118377 51.353178 52.326861 49.223772 53.159361 52.944725 54.147003 53.790027 54.321614 51.477072 50.697992 50.473744 47.641362 48.632704 52.701603 53.112631 55.217260 55.492913 54.897348 48.584457 53.642522 54.401427 51.476338 52.687937 54.513923 52.391939 52.355621 52.867074 52.794929 55.886355 51.236475 51.038760 52.110706 50.329585 49.288469 52.912909 53.108725 52.429809 51.114466 51.897716 55.663475 53.299921 53.732723 50.737907 50.216092 50.625214 54.483950 51.641537 56.676436 52.946148 44.546632 53.413501 52.726169 51.071579 56.015847 51.726981 54.489640 53.471787 54.659119 49.401320 49.290012 49.464262 50.782166 49.573124 50.098801 55.632646 51.444042 50.196132 49.025037 52.729906 49.469088 48.304328 49.132018 52.954137 48.744814 52.527377 50.304552 54.728730 50.321421 59.149585 52.685307 49.260261 53.121830 50.394109 55.354509 49.739341 51.532151 50.401582 55.474801 52.198892 58.880877 52.704371 51.601191 52.526878 49.125160 56.238170 49.906011 56.411162 53.801692 59.164696 47.384130 48.280264 56.403803 53.328889 
51.604715 55.631185 49.744715 52.866600 47.475197 50.262116 48.346682 53.435425 54.508193 52.594262 51.268037 53.474529 53.722185 50.094403 53.749487 49.012907 45.948490 49.289329 51.590765 52.631268 49.702991 51.890387 46.912326 52.683366 51.508865 50.503569 49.740945 48.722455 49.772104 48.972660 47.879921 47.845685 50.013611 51.321302 50.430274 50.346156 49.386582 49.198892 54.178432 51.144965 51.679363 49.164779 49.951051 49.190615 50.048785 48.274773 51.148271 51.866671 51.454545 50.856825 51.581697 48.286313 56.786686 44.564271 49.803764 49.766245 53.372994 50.188630 48.201372 51.416196 49.621957 53.429561 49.370433 49.177141 50.560393 53.341059 44.483205 52.613875 51.466751 52.447194 50.229086 49.260169 44.163100 48.043468 49.649524 51.404375 46.144070 50.985450 47.971494 48.942957 48.169650 50.810314 54.035776 46.458391 51.340549 52.063026 49.942783 51.787280 52.309959 51.302182 48.958080 47.945823 53.672127 51.949629 53.450189 50.575039 48.771987 51.278605 52.119957 48.269676 52.851917 51.626974 52.143503 50.379564 52.395670 51.668892 47.247869 48.195520 45.743618 48.241205 52.395304 52.523705 53.595566 52.091476 54.222213 47.564758 52.978159 50.308416 51.825727 51.629076 53.930767 53.133993 51.312042 52.066001 52.909922 50.759780 48.905690 50.810685 50.351519 48.772571 48.099780 49.447142 52.888045 52.018587 50.178184 52.543771 53.242443 52.874452 51.464819 48.066807 49.497179 48.098156 51.939489 47.983557 54.298356 52.731391 42.279394 54.521370 50.748197 50.302908 56.086517 51.231309 52.439862 53.288837 52.882481 50.250828 47.550702 51.743402 46.566522 47.660475 50.690958 52.129480 49.686600 49.214494 49.550027 52.855797 49.161208 47.977975 46.055338 52.002115 48.900319 51.347354 49.268564 54.683609 48.620581 55.249299 49.964009 49.488783 49.493758 47.589330 54.499542 48.250333 54.144212 51.856002 51.337264 51.525562 57.080269 49.988469 48.928449 54.759791 47.944102 53.076068 47.205319 51.946740 49.448110 58.282082 46.933469 47.981278 54.450932 52.349840 
47.838172 51.973681 44.086195 48.205390 44.493157 44.973103 44.835509 52.416355 45.228882 47.045671 44.615740 47.374080 49.338670 44.804764 48.677405 46.803444 43.788547 44.456480 46.901792 46.414713 45.302877 48.248881 43.403865 45.518469 46.506107 47.700348 48.129394 42.711031 45.298576 44.190878 45.423923 42.078207 46.280022 45.875782 46.253083 46.945219 44.045106 45.611178 48.667174 50.155874 47.595514 44.822360 44.985816 47.345595 45.029631 46.787380 47.368252 45.545099 43.544653 46.035651 45.210925 43.105620 52.130019 42.138673 48.126791 46.891409 46.550764 45.502581 44.276105 45.863734 44.191779 49.308377 43.402214 46.117439 48.272815 48.647165 42.657192 47.884912 47.159493 47.044141 47.876954 44.720826 41.745836 40.537626 44.377032 46.551040 45.182545 47.913389 44.409646 44.191105 44.712041 47.215509 48.644699 41.564598 50.095976 46.040429 46.983119 49.489450 49.938077 45.097364 41.881894 44.592729 45.418655 45.158123 50.796366 46.417524 43.519050 46.368380 46.548148 46.887569 47.600801 46.140443 50.340418 48.818714 44.808029 47.485304 43.327086 46.893158 45.659673 43.862317 46.647488 47.843487 46.672756 47.329280 49.905316 43.433643 48.215867 46.930472 46.633717 44.794928 49.800312 46.369430 45.571219 48.300625 48.424435 45.298819 45.209041 45.990186 44.325626 44.215989 44.172888 47.645940 50.985658 47.196517 45.477385 46.063378 50.385844 48.053935 46.375317 45.030582 45.413859 41.536838 49.468922 43.491976 48.226822 47.775405 40.226813 47.557362 46.553556 46.576669 52.073947 45.760138 46.241395 46.875634 49.220158 46.080307 44.316622 43.759163 42.379360 44.115954 44.958106 50.832616 46.818785 47.171356 44.555836 44.537224 44.998291 45.661060 44.699279 47.766320 45.952828 46.086371 44.511154 49.071981 43.482539 49.317291 45.722621 44.086320 46.847465 46.801097 48.081003 43.189058 46.976824 46.859673 47.654875 45.804072 49.023843 45.733442 44.541529 50.735596 44.525476 48.522513 46.650999 49.298275 45.195394 49.986317 44.108253 43.407974 52.628884 48.178397 
55.451464 56.785333 47.677831 54.436853 47.593761 51.881050 51.012300 54.394453 53.098157 55.684676 50.733482 51.974130 55.256693 49.842860 54.298842 49.609868 48.049933 49.888951 53.562069 52.521643 47.469727 52.811614 49.523096 48.851158 55.220421 51.764444 52.822655 50.162570 50.720129 50.014318 49.371902 48.338664 52.515258 49.863442 51.784817 52.687199 51.030557 48.438914 52.547858 51.450029 54.374105 49.869156 48.968748 52.456838 49.008725 49.610561 53.676471 47.624952 52.700556 50.963694 50.578793 49.977333 54.146028 47.411789 52.631000 52.627041 51.953853 52.964194 48.990903 49.958688 48.524890 55.079641 48.576062 53.055392 53.346171 54.773203 45.363685 52.370467 51.550735 53.551017 51.869226 52.278080 45.412619 46.446908 50.097905 52.266886 49.976289 51.972383 49.898079 47.719883 49.197072 50.742152 53.261557 45.671819 50.793607 49.650866 51.302614 54.902581 54.505852 51.420481 47.111162 48.425559 53.189443 53.493324 54.528917 51.844149 47.644461 53.297871 50.590378 47.454352 54.376111 51.682174 52.209729 52.089799 52.285211 51.448436 48.216662 49.867557 48.785723 46.615432 50.714465 49.832543 51.774134 51.293793 53.753717 47.745704 53.106799 51.382205 52.596896 52.049841 55.964670 52.142584 52.374212 53.914127 53.654661 52.056641 50.991087 49.847730 52.106778 52.828856 49.670631 49.771336 53.041751 50.390051 49.983084 52.271368 55.792622 52.458356 51.479094 50.323670 49.050902 49.499780 54.236639 49.007810 54.964780 50.489491 46.433942 53.660384 49.630877 52.373665 55.248358 51.664781 53.699980 54.760105 53.550266 51.050540 49.287577 51.630405 47.164595 49.538379 52.239336 56.180259 51.763285 49.967326 50.767023 52.377644 48.432349 48.783566 49.076373 50.064302 47.493501 50.656540 47.803643 55.832316 49.928762 54.927520 51.829354 50.786979 50.233737 48.796944 55.717014 49.648562 51.609326 49.197496 51.447283 51.846148 57.642995 50.951434 49.462366 55.105124 48.061786 54.828859 51.136960 53.443378 48.618069 57.108871 49.036067 49.851817 58.457437 53.778963 
51.412023 54.293071 46.954555 49.747052 44.247403 51.494306 47.053962 52.904834 53.889585 54.741018 51.314826 48.181841 53.622641 48.840479 52.163658 46.296472 48.082024 48.361765 49.379925 49.082346 47.314244 48.051639 46.089274 48.531127 53.179838 51.707198 52.603306 48.092539 49.796774 48.479581 48.007715 46.429265 48.123611 48.608788 50.534839 50.123146 50.354551 47.294142 52.302016 48.964058 53.312047 48.066398 48.559041 50.047041 48.074438 48.855988 50.317497 48.372531 48.837641 49.726266 48.894734 47.514245 55.025755 42.570212 50.467161 49.229501 51.795498 48.394264 48.508932 46.395497 48.286961 53.970856 46.596350 49.803926 52.610086 50.947986 45.270912 51.930185 48.736646 52.714152 50.545949 49.151025 42.967580 45.395517 47.272658 51.386108 48.644094 50.945984 47.644954 44.479336 49.455888 50.312249 49.671365 46.361360 52.745541 47.927315 49.094280 52.949714 53.939008 47.192901 47.712707 47.714955 50.495111 51.478999 51.665104 48.892778 44.673262 48.448423 48.272455 45.662041 50.535280 49.725230 48.472964 50.504906 51.216722 50.237657 48.377150 48.667881 48.167294 46.498580 48.845290 48.122233 51.054818 50.683935 52.218853 46.389910 49.816614 49.838371 51.868920 48.856409 54.204611 51.410086 48.068794 50.102304 50.935790 50.100750 48.053569 50.502681 48.562933 50.201996 48.469696 49.399898 53.588029 48.720735 49.481990 49.564732 54.639312 52.915031 50.618605 49.422515 47.868044 46.522957 50.613038 46.726358 50.895993 52.237806 44.555643 52.836433 48.415688 50.479595 52.028723 51.144651 51.953330 52.815166 53.613205 48.348528 50.641118 49.505425 48.178168 47.181528 49.837709 52.992714 50.229658 48.310585 47.535093 49.816685 48.925245 48.136848 47.537898 49.263809 48.707584 48.685632 48.764803 52.524564 48.388963 54.307697 50.658390 48.206653 49.623832 49.243952 53.064003 46.176304 53.185220 47.279702 51.080959 48.645072 55.812489 49.383265 49.475421 52.787689 49.230814 51.973651 47.428901 52.696974 48.948032 57.847474 46.360352 47.112931 54.648132 51.178972 
50.629185 54.325898 47.151350 49.664605 45.648400 49.284507 47.658557 48.836942 50.270019 51.864087 48.549468 52.254688 52.915531 47.899789 52.921507 48.578898 46.679657 47.428898 47.008372 47.962366 48.701311 48.397660 44.982008 49.350424 51.145429 50.318107 49.971659 47.170788 46.930912 47.355169 46.774372 45.523886 47.295857 48.053519 51.179721 46.925919 49.079992 46.432189 52.040318 50.973597 47.402320 50.507342 47.634797 49.593839 46.796237 50.227091 51.201762 48.869822 49.790640 49.245917 49.601538 48.488287 52.195781 44.349103 51.485177 50.765773 49.911351 50.149128 47.979182 47.764031 46.053653 52.890128 47.697069 48.762249 51.795037 52.740327 45.096489 49.141534 48.943375 50.815721 47.020709 49.330066 42.318835 44.850482 46.972493 50.249710 46.845019 52.514533 48.535788 46.129415 45.625257 50.440384 47.174082 44.572751 50.198275 48.285771 49.427519 50.646002 52.833285 46.991550 48.239092 47.755211 52.378927 50.127679 52.802059 50.097811 48.018295 47.296654 50.293677 48.048173 49.476346 49.948932 50.569906 51.769891 50.707946 48.512312 47.329556 48.421994 47.290666 45.428517 48.251515 52.330675 49.451325 52.854968 52.140665 47.433652 50.780762 51.606587 50.423661 46.744501 51.546173 51.932578 51.471357 50.709039 48.629418 50.051134 48.340140 46.988707 49.331950 48.394420 47.211712 48.169444 49.395879 50.717012 48.682348 49.998342 52.578356 49.278162 47.276590 48.177718 47.984024 45.817140 51.455607 48.875832 51.561519 48.696913 43.024806 52.726075 48.394365 48.734338 53.489082 50.586171 51.652592 50.997338 49.902179 47.543142 45.634376 47.788809 47.169166 47.446874 48.348954 52.982258 48.400802 47.819263 46.121150 47.557794 48.280425 45.970553 45.533813 47.165788 48.861450 51.545690 45.819992 53.404791 47.629728 54.949919 51.349006 48.354374 48.229495 48.427385 53.946480 45.609633 49.331492 48.178977 47.219434 48.094055 54.130823 49.988867 46.542152 48.995397 48.556913 51.989789 49.852719 52.279636 47.343174 57.048839 45.028275 48.536384 52.494535 49.619592 
45.958688 50.602230 46.807394 48.438643 44.222914 46.846566 43.778399 52.901776 48.619124 50.958464 46.948762 47.493327 50.924059 45.787582 49.031355 47.360044 45.051149 46.121421 49.032003 45.735488 46.396792 48.200213 44.349475 48.820999 48.689389 46.906907 47.433538 46.313482 48.089343 46.530715 46.841980 45.334093 43.902859 45.677730 48.013066 46.113479 45.711638 44.453198 49.866285 46.496229 47.160150 48.159178 46.128557 47.525066 45.791271 48.475123 49.054680 46.483564 47.541758 47.985493 45.610780 44.061564 52.198783 42.597157 48.960700 47.434390 47.235171 46.359579 45.118283 47.590622 46.178215 50.751510 44.300060 46.614330 47.411929 50.110482 43.739756 47.245823 48.189310 47.294575 47.257936 46.875705 42.288229 44.796041 47.253454 49.975632 44.180411 50.811363 46.154197 43.326871 45.043903 46.897896 47.636443 43.834943 49.706623 46.157897 47.481137 50.739720 49.057092 47.265107 45.722468 44.745639 46.857541 48.790420 48.040909 48.064379 42.791596 48.739366 47.694224 46.375771 50.545679 46.770574 48.280413 49.426442 48.644076 46.566053 43.609505 44.496808 46.402451 41.201688 47.719762 47.252645 48.954383 48.663077 50.157299 44.577594 47.295580 47.709950 46.309801 47.745533 47.796573 49.521385 48.762739 49.021068 49.902099 47.869150 45.470656 45.613501 47.664046 45.256688 46.024183 48.171663 50.917105 47.014075 45.175841 47.410607 52.246375 48.875555 49.498548 45.648830 45.542533 44.611916 47.294719 46.122753 51.500238 47.745886 42.112591 50.208875 46.761560 47.785952 50.731328 47.242748 48.178239 49.600074 49.324738 44.024981 44.034276 46.448504 45.403095 43.874002 45.571821 48.346231 46.995595 44.419454 46.843927 45.191472 45.692599 44.327497 44.861841 46.926980 46.988855 46.281266 48.220257 48.778593 45.827495 51.303587 47.075270 46.898825 47.270014 45.943601 50.592664 45.327161 47.445560 46.991547 48.043136 46.606585 50.724019 46.687192 46.750886 49.069083 45.231656 50.190345 47.482417 49.777384 47.023975 54.399273 45.598260 45.099448 50.420744 49.111161 
51.726516 54.797829 48.517071 51.623717 45.177775 49.414877 48.729195 54.180446 50.621073 53.587985 49.210076 52.091636 52.211290 49.678418 52.430977 48.726885 48.704460 46.370567 48.545390 50.079633 48.472185 50.620836 46.916476 50.329937 50.139535 52.144546 52.262764 48.728411 49.509257 47.488741 49.599775 46.215070 48.508497 47.997251 53.094441 50.229722 47.389357 50.148942 53.970230 50.206139 52.516205 49.165220 46.716592 50.066705 46.081163 50.131891 51.994275 48.997259 50.403827 51.941213 48.051060 45.817156 52.817939 44.299401 52.976025 52.910272 50.161422 49.414682 47.866646 48.500492 45.849747 51.647840 47.519367 49.824265 50.317558 53.824599 44.633233 51.107710 49.870224 52.449928 48.780934 44.301224 43.082095 46.968879 48.115012 49.727455 45.917985 50.370593 49.359608 45.930774 47.127597 49.774130 50.604280 45.269687 51.393356 49.065350 50.032959 50.199070 52.225764 47.555895 48.752666 47.690372 50.007956 51.647898 51.793171 51.995603 47.586005 48.371587 51.261518 48.306627 51.735749 49.985863 52.509536 50.980945 52.332963 49.953602 47.866186 48.990954 48.008104 48.109022 49.967498 48.823436 52.402927 53.943492 50.540052 47.772481 50.261106 50.212493 48.021376 47.253714 51.231617 51.813479 49.986274 50.150157 49.137862 50.451974 49.349507 48.946927 50.528946 49.646306 47.166931 48.079384 51.833247 51.328885 49.408826 48.531540 55.140961 51.371098 50.638767 47.808827 49.458871 45.713441 52.545098 48.913677 53.308063 50.779810 43.952478 53.810348 48.819525 50.740845 52.457350 50.261751 52.866349 53.106034 50.174068 48.146891 47.127263 48.454249 48.576266 48.020316 50.355560 51.031777 49.685297 48.265800 47.276999 47.965062 49.451918 47.146755 48.147908 49.058946 47.744845 48.948552 46.114912 52.748307 48.569797 55.262743 48.582683 47.866617 50.138435 50.209597 53.023067 47.408042 51.968560 50.635085 50.850935 49.217226 55.499096 49.986935 46.653589 53.040618 46.686435 52.262584 47.757939 52.767644 46.599393 55.638655 47.275011 46.208997 55.828280 51.445929 
51.936423 54.955663 47.171326 53.849399 46.663837 48.285076 49.456744 53.671208 50.318998 51.476628 50.083427 50.979261 54.926127 50.433076 53.301223 48.010226 49.669676 47.384042 50.695640 49.324103 48.478336 50.196896 50.632772 49.715288 51.512670 51.623137 52.758156 47.723778 49.543551 48.155591 50.356958 47.513626 52.773681 50.219893 52.946934 51.695216 50.636480 50.810244 53.058939 53.301637 52.187495 49.044481 48.543605 53.400273 48.180647 51.397972 51.238761 48.124614 50.270423 50.689482 48.644407 46.496877 54.640539 43.960951 50.518611 52.641839 50.047179 50.782163 48.923682 48.148356 47.710597 54.331719 48.527227 49.812887 50.436630 54.295202 44.454254 50.485681 51.564887 53.538143 51.418912 49.538075 43.060950 46.581612 51.197496 51.703510 48.283469 51.850960 48.567219 45.551164 49.190814 47.604199 51.088670 44.683812 52.753921 51.012848 51.778425 53.334647 54.315452 51.074289 48.936417 48.183054 50.890130 51.219167 52.687009 49.668607 47.883814 50.206076 49.550702 45.241449 50.465146 51.273567 51.875260 53.194370 49.567145 52.815647 48.076832 49.931584 47.080166 47.118086 53.196843 52.658050 53.013313 53.787487 54.935268 45.198122 52.864200 50.560537 51.447042 51.040962 54.267987 52.655740 48.588960 50.326452 53.444461 50.385501 50.074871 49.677368 48.855080 49.613474 47.403907 49.143846 51.708028 49.692286 50.152672 50.708117 56.406875 51.640576 52.522071 50.084108 50.287048 48.540603 53.353588 48.842149 53.270085 50.666664 46.344552 54.028455 51.134818 51.033780 56.559331 50.478440 54.286394 51.346549 51.566353 48.217662 47.981889 48.555934 48.498328 49.058664 51.528700 51.872821 50.048614 49.623879 49.670398 49.659219 46.508764 48.173539 48.621965 52.302146 48.068347 48.033605 47.845452 53.122279 49.595139 55.168683 49.469090 49.752338 48.548887 49.657800 53.571729 47.928401 52.361656 49.638697 51.480922 47.808761 56.013940 50.021565 50.088929 53.534816 49.069925 52.498132 51.015354 53.995445 49.570076 55.353058 47.448195 47.932317 56.470238 53.647803 
50.744984 53.923866 49.717341 51.312609 44.939363 47.679200 47.159753 48.725588 49.527322 52.796872 49.642040 50.733753 53.278616 47.238226 50.653238 47.147306 48.335538 46.674242 49.063004 49.948103 48.446448 48.866831 47.165820 47.736911 52.501891 48.703444 50.574688 49.032105 47.159450 46.238365 47.084761 45.628593 48.268111 48.657997 49.991311 48.242406 47.650500 46.705919 52.241686 51.850624 51.891778 47.859527 45.949759 49.687888 47.330244 49.393982 49.958661 48.155353 49.195926 50.290529 49.855442 47.199940 52.775200 44.456962 51.526047 51.116897 49.345620 47.377536 48.415672 48.343689 44.797552 50.263193 47.351310 48.294083 51.630200 53.012224 44.449679 50.337749 47.447433 49.952718 48.303893 48.130912 42.858426 43.257004 46.867923 48.558436 44.964801 50.808683 48.773533 45.449428 46.397849 50.261233 49.681751 44.513931 49.072213 46.652770 48.944911 49.347976 51.152774 48.800456 46.840995 47.090102 48.183050 50.643843 51.384438 49.611888 46.971761 49.957588 50.516439 45.374981 50.078815 50.443422 48.421316 49.895139 50.240728 50.044211 48.544199 45.218396 46.296732 41.558379 50.096170 47.788647 49.466925 50.690082 52.575982 46.667234 51.286823 49.065679 50.173524 46.633353 51.850042 50.030637 50.094805 50.587149 50.831708 51.174558 47.723116 48.237514 48.884271 50.544068 46.517592 47.148039 51.358626 47.321519 47.442790 49.953272 54.490378 52.241342 49.327693 46.122371 47.661365 45.062665 50.949124 49.167451 50.643861 50.701312 41.152970 53.915675 48.935868 50.243564 51.442251 49.766893 51.025099 53.353962 51.490296 49.372564 45.748539 47.265358 46.901939 47.200451 46.473938 51.076577 48.693132 48.261338 46.669392 47.541265 47.286784 47.002973 45.357281 48.039950 47.783406 49.944572 46.772429 52.167906 48.332909 54.494891 51.068152 47.462868 47.053024 47.653965 53.206406 48.572680 50.234715 47.332494 49.870531 48.052560 53.424682 49.070069 48.301468 51.709745 48.099818 52.108493 48.919723 53.067404 46.589997 55.121729 47.333910 47.423102 52.533448 51.715985 
54.023668 55.670170 50.003730 51.961903 45.197537 49.011803 49.974768 53.686329 50.239101 54.530106 51.021363 51.566925 54.543262 48.150377 52.380947 47.551962 48.414699 46.995212 49.356002 48.734135 48.846755 50.294955 47.497922 50.991772 52.148697 53.124545 52.776096 48.102165 47.865142 49.374596 50.028551 46.033465 49.205030 48.664286 52.250149 50.370029 50.328966 50.338673 54.363488 51.734551 52.102295 51.345357 49.775664 50.485134 49.365405 51.189444 52.931159 48.928056 50.829925 49.401106 49.492153 49.300953 55.290992 46.372810 53.807059 50.845175 50.533527 48.632231 49.373110 49.089917 48.655888 51.872675 48.749220 51.383528 52.462173 55.705722 44.271390 51.132544 51.192093 54.469089 50.673637 50.000878 44.611823 44.164233 48.743274 52.034712 44.446225 51.816562 50.143565 45.108123 46.565583 51.825443 51.428156 46.290754 50.431229 52.381270 50.293587 53.330476 52.855254 47.963405 48.484361 49.579484 50.531649 51.818919 52.207018 51.627823 46.506345 52.477660 50.409629 48.057537 51.822241 51.860347 52.007454 52.062952 53.490589 53.997095 46.418072 48.886908 47.906478 45.413781 51.725409 52.521677 51.161353 51.305216 52.018030 50.357820 52.713803 52.414566 50.162690 49.939761 54.276827 54.513630 49.835968 51.927058 52.936791 52.258218 50.231833 47.870305 47.892654 48.500906 49.481778 50.920101 52.073604 51.918001 48.874987 51.409489 54.876109 51.674155 52.087828 48.856639 50.737063 43.559200 52.610707 47.754607 53.688717 53.364550 43.368124 54.986710 52.261148 51.110948 55.136000 50.285192 52.805335 52.799255 55.478903 49.929528 47.782541 48.217278 49.546234 48.129256 48.826703 54.528643 49.673181 49.519680 49.555799 49.638607 47.753296 49.018249 47.243956 50.629324 47.893277 50.865532 48.435983 52.730956 50.341762 55.967026 52.083002 50.672377 50.059879 50.007268 52.764759 48.820860 51.845766 50.145546 52.609784 49.523132 54.336879 49.909944 49.374787 51.591903 49.960741 52.321946 50.150853 54.081229 49.070512 56.009355 46.752317 46.662715 54.027371 52.850346 
54.985325 55.369998 50.991656 52.626128 46.477514 49.537401 48.359284 51.341478 52.102910 51.667620 49.331589 54.353799 54.483008 49.626985 51.594500 48.942484 49.958564 49.322252 50.042717 48.708811 50.520222 50.675013 48.844954 50.979971 53.459248 52.329821 49.037363 49.643459 48.463448 49.061809 48.232994 45.905280 51.617383 48.670908 52.578748 49.695503 49.980548 49.768263 52.991078 53.736930 49.038092 50.807361 49.496270 51.931953 51.009753 50.812461 50.164739 50.427029 50.848422 51.328786 49.365383 49.525138 55.860265 46.065515 52.800064 51.241228 53.391751 48.264408 49.332442 48.462530 47.059082 55.222072 47.880433 50.013089 52.532538 53.509679 44.965108 50.331748 49.776827 52.208780 48.614431 51.387575 44.106458 45.447561 50.913328 52.421201 48.485534 52.799379 50.492031 48.724596 47.917090 50.723326 52.230845 45.232288 51.876057 51.621197 51.275020 51.870817 53.586141 49.652790 50.099860 48.698580 52.443806 50.658296 51.979527 50.742802 49.355853 51.660249 51.436006 48.576107 51.414157 52.497411 53.300513 52.045816 52.375774 51.677982 46.315102 48.069505 48.033172 45.887951 52.672774 54.677304 51.539720 52.683174 55.247138 45.627824 54.149944 52.103125 51.385375 49.756223 52.678086 51.771834 51.133707 52.558734 52.155122 50.563728 50.790890 48.174382 49.444497 50.943864 47.559806 50.963448 50.363888 51.475685 47.894573 53.309608 54.800979 50.372145 53.974215 50.215671 49.926847 48.112199 53.407486 49.356896 52.156733 50.209876 42.589432 55.132747 52.294059 50.431509 56.364937 50.004613 54.816409 51.883242 54.027106 47.845298 47.810079 49.569928 47.852579 48.599480 48.986124 53.406825 51.287098 49.409758 49.111821 47.628126 48.407140 48.159861 48.026798 49.681417 47.267990 51.516366 48.250147 53.838480 48.483901 55.843201 51.032742 48.139734 51.557411 52.499114 55.184787 48.400571 54.037659 51.028586 54.055433 48.997167 54.362634 50.785866 49.267590 52.615578 48.241763 52.989109 49.723924 54.013014 51.085435 57.369257 47.794722 47.478862 55.385043 51.213813 
54.570874 59.005298 51.862366 54.709083 52.086094 53.517866 50.554018 56.843896 57.063826 57.523389 54.536366 53.123453 57.262648 51.205123 55.694880 50.644175 51.301843 51.290562 51.933854 53.089659 50.313849 55.161864 51.674497 53.798929 56.459024 53.891106 56.792625 51.638013 50.970837 51.222346 52.942538 47.823217 52.712701 53.850193 55.374489 52.524085 51.126963 51.795064 55.359994 54.457402 55.179599 52.383962 53.056278 55.785783 50.790556 53.682541 54.475051 52.565708 54.221550 55.301315 50.712106 51.982432 58.741977 48.174378 53.509325 54.599957 54.488680 53.491315 50.149765 50.474095 50.632727 56.054792 54.389495 53.232341 53.395089 57.459703 45.527546 54.662519 54.852725 55.285214 53.033119 51.849244 47.657258 49.742553 53.172214 51.898226 50.839292 57.463674 50.967456 49.441500 50.378113 52.028338 53.913030 51.076159 54.683214 54.225806 53.711139 55.524840 55.544776 51.407292 50.203234 51.404912 54.782562 55.373152 55.592849 54.428342 51.721440 53.686063 52.712930 48.853204 52.782337 56.257343 53.921416 54.234191 54.394317 52.658555 49.315486 52.239733 51.374365 51.877923 54.835644 54.737432 55.094109 56.120833 54.947541 48.447901 54.502713 53.083464 52.478223 53.310122 56.000054 55.671116 52.995085 55.983381 56.119287 53.839761 54.362870 52.095291 54.012946 52.976436 52.310455 52.768912 56.981591 55.445369 50.266094 57.610902 56.002887 55.551555 53.504005 50.717829 52.773714 50.449890 57.760788 53.205570 56.786175 53.307340 48.141876 55.478213 55.971141 57.130693 55.080697 52.660578 55.491103 54.333667 56.913681 53.466496 49.889812 51.703571 51.051367 51.411696 55.174118 53.127416 54.655727 53.209360 51.732716 52.868007 48.815887 50.279997 49.910319 53.109212 50.615106 53.851965 49.590167 55.720627 52.363506 58.696848 53.919770 52.481446 50.963835 54.564322 57.809498 50.481291 58.040069 51.330187 55.587989 53.564974 58.324263 53.837574 52.027687 54.974436 51.365274 54.369817 52.636536 57.212700 51.323768 58.972077 49.978742 50.448907 58.711176 57.678241 
51.586158 53.610717 49.255901 52.058109 46.624494 49.665569 45.475722 50.974730 51.564890 51.286234 49.457865 51.703688 50.900955 46.782061 50.095778 49.068904 48.666580 47.287317 48.905267 46.201954 48.291161 51.290763 47.475946 51.112119 53.425458 50.761716 49.713689 49.166650 47.476914 48.427299 45.986291 46.883700 49.083746 51.855967 48.496820 49.357906 46.327937 47.572193 52.511401 48.703106 50.177840 44.023447 47.709402 51.613275 49.692275 49.333437 52.134022 48.685887 50.345942 50.423701 47.315254 46.874725 56.386678 45.642016 50.425333 49.329249 52.207490 47.950636 45.728052 47.793595 46.097201 51.425334 45.750528 47.287273 51.094745 53.562021 45.226034 51.754356 50.298431 47.396245 47.794918 47.968843 43.992453 44.907156 49.210359 49.611356 45.969823 52.425491 48.117957 45.430027 46.667440 48.140737 49.728794 45.098837 48.288913 48.244538 49.530479 50.983323 50.028678 50.185050 47.019679 46.078997 51.136583 48.986750 52.063943 52.423733 46.083359 51.297949 50.037259 47.503554 49.891309 48.566465 52.133074 50.927661 49.752541 51.009242 45.093633 47.539326 45.696263 47.994662 50.231530 53.317744 48.640903 49.573765 52.856985 45.675091 49.869313 48.839160 51.513467 48.665645 52.936054 50.428789 48.979382 51.795245 51.745888 52.567416 49.525983 48.014302 48.759085 51.561329 47.389206 46.178806 53.254844 51.731223 47.254092 52.086307 55.422825 49.116995 51.704539 46.669573 47.042292 47.097493 48.564909 50.220834 51.827118 49.200788 44.031534 51.961536 48.105865 49.177410 51.751195 50.238260 53.124501 49.821885 50.592438 49.693633 48.696439 47.681611 46.268439 48.700163 51.616399 51.142358 49.366113 50.784128 48.660898 48.197751 49.692687 44.106687 47.105263 45.978204 48.806833 50.944077 48.190481 54.056578 47.591549 52.945333 49.572828 47.905340 47.691129 49.623424 52.736490 48.329849 51.749602 48.757971 49.441995 48.226902 53.998016 49.554319 46.155822 53.080977 46.591686 48.944676 50.069169 51.455007 47.799882 57.842156 48.063147 45.608815 53.868323 54.194453 
52.084895 53.636410 48.646557 53.624397 45.412682 48.994007 48.153819 52.527048 50.256507 53.547095 49.505152 50.667642 55.332103 51.061876 51.782373 48.062790 45.485275 47.306899 50.109318 51.516425 49.488524 51.638090 49.812866 50.863969 52.466379 50.966123 51.187200 49.003516 49.551622 49.030129 50.137856 47.209165 50.664134 48.719230 52.919994 50.880283 50.199286 47.299945 53.592505 51.416929 50.474024 48.611024 49.737434 51.929176 47.668456 47.630117 50.407965 47.474032 51.636666 48.335297 48.346627 48.554900 53.523955 44.242425 51.568073 51.692659 49.104831 48.729756 51.060196 50.993711 46.568894 54.052430 48.375236 50.843567 51.368931 53.609026 45.921847 49.830451 51.274203 51.275267 51.972068 48.745355 43.967715 47.062603 50.541155 50.689241 48.361783 52.015314 47.596519 46.937744 49.174393 49.483163 51.293625 45.180678 52.262751 50.836383 49.146712 51.010483 52.101815 48.385395 47.274553 46.563587 51.715234 51.382366 51.536869 49.380061 49.340571 48.411716 50.425172 46.271626 50.658333 50.682498 52.199499 49.738073 51.244343 48.518973 49.718171 49.219788 46.611491 46.104885 51.092977 49.119129 52.564608 51.548608 53.645502 48.300663 50.859771 51.379349 50.370766 50.710379 54.576748 53.048533 51.120003 51.782796 50.861563 50.797764 49.559799 46.752946 49.258379 50.267581 48.781188 50.431370 53.257003 50.545055 48.438113 52.284838 54.630056 52.723531 51.788995 48.173628 46.767224 49.678551 52.025178 49.444281 54.042195 48.785165 43.634407 53.516088 52.102162 51.772164 54.021356 49.598385 54.406898 52.284244 52.736431 48.306720 47.282459 47.840660 49.095640 47.701422 49.354926 51.186752 50.458618 46.921950 49.060977 49.512203 47.942789 47.738671 48.267161 50.049607 49.553096 48.002159 49.100681 52.050135 49.460109 56.178555 51.451743 47.756398 49.414281 50.121961 54.102788 46.990757 50.804399 49.352311 51.807322 48.549127 57.037207 51.267462 47.425186 52.693863 49.529818 52.650588 49.174560 54.080533 48.118106 57.435430 49.016967 49.762782 55.723154 51.904516 
51.893054 54.482615 51.589352 53.200130 46.384952 50.842461 48.018721 53.817814 53.188385 55.740620 53.103128 51.602757 54.137491 50.693530 54.410278 50.566481 49.490638 47.490197 53.032157 52.163253 53.142362 50.029496 49.060049 50.712713 51.698316 51.898609 50.909410 49.318821 51.783326 49.580175 50.461586 47.703866 50.481377 48.551935 51.709872 50.766453 49.657174 50.144980 53.820189 50.715307 51.680219 49.809592 47.914134 52.019239 50.554164 48.699744 52.642960 49.000707 51.416626 50.321188 50.215145 49.837636 54.322089 47.177818 53.203300 50.939812 52.225902 52.332303 49.068420 49.829620 48.040125 54.837682 47.271996 50.633781 53.330177 51.340140 46.492885 51.234886 51.924684 54.223233 50.673991 49.610474 43.230403 46.749658 49.565893 52.068087 49.548119 53.959629 48.600033 46.737252 46.897743 51.359024 52.272133 43.266691 53.283838 49.858928 49.301094 53.347402 53.485598 50.004187 47.972331 47.067242 51.821619 52.345076 54.591082 50.462022 46.281435 52.929508 51.484539 48.264806 52.256826 51.655342 54.586042 51.840426 54.125968 51.700650 48.305462 49.388194 50.318615 47.330664 53.069196 51.741881 51.667202 52.384862 53.840219 47.833594 50.512073 50.799194 49.558921 50.526252 54.255838 55.468080 52.908224 51.585921 53.831458 52.044359 48.602146 48.943159 49.623785 52.385694 48.346986 49.968761 54.533064 49.883531 48.787083 50.514689 54.461081 53.159775 54.653775 49.075085 47.663673 49.280654 51.895257 52.134391 56.245833 51.666618 46.000423 55.722422 51.015040 52.038959 54.437494 52.920222 53.394062 52.800917 52.887610 49.302331 47.471155 47.008219 51.535199 49.510416 50.908877 53.504923 51.751400 48.196234 51.681811 49.459331 50.331945 50.690143 48.930746 49.157179 47.637380 50.753439 48.319077 54.109671 49.793368 56.313487 51.318863 50.162559 49.926002 49.883284 54.491695 46.716517 54.296874 49.715819 52.010679 51.686098 55.173071 53.176731 49.071098 53.661747 49.943283 52.945289 51.919996 54.412523 48.594743 57.918821 48.092479 50.198257 56.122795 53.842402 
52.868324 55.524170 48.601477 50.581190 48.822399 49.087572 46.852400 55.848714 52.986763 52.594437 52.033763 50.027039 52.825885 50.608195 51.931287 49.529367 49.380299 47.101233 52.036415 50.155492 49.394894 52.499121 49.955068 48.621388 53.296426 52.051000 53.088643 49.417499 48.061351 48.497929 49.543078 46.173504 50.260119 47.894948 52.220472 49.920508 48.784816 49.555372 51.982963 50.051790 51.384358 50.274294 47.138193 49.742467 50.490121 49.467774 51.994876 49.136235 50.096660 51.885978 48.508332 48.858179 51.608959 44.505023 53.745460 49.920895 51.850990 49.085630 47.820826 51.689108 47.972215 54.005541 50.243087 50.532817 51.799467 52.910104 46.560229 52.019748 49.690122 53.085391 51.362067 49.728872 44.569158 47.739427 49.178648 50.104370 47.967310 53.328617 48.104633 48.399347 48.143985 50.728991 50.167263 47.076528 52.910477 49.228863 49.767141 52.185732 52.976689 50.727485 48.448041 46.541332 52.448240 49.279756 53.889298 48.463330 48.886876 48.632340 51.461767 46.100159 51.264526 52.026000 53.605963 51.988994 50.892506 50.623475 47.412018 48.939517 49.174913 45.041751 51.789563 49.087561 53.193784 52.064658 53.917762 47.758987 51.343488 52.573942 51.811627 49.354078 52.429505 51.208177 49.369791 51.295961 53.212309 51.133782 50.129734 48.620825 51.647283 51.272883 49.034384 49.841620 53.643177 48.819344 50.127181 52.066547 54.264569 52.878022 54.220692 49.059491 50.614722 48.722475 51.814408 47.522608 55.588128 52.056814 43.447012 52.733636 52.421756 50.143049 55.283828 49.546321 52.139224 54.940617 53.706639 49.684342 48.944984 50.668977 48.855672 48.119322 50.033086 54.217178 48.233174 48.550207 49.279245 52.247713 48.234252 47.805634 48.076037 49.754199 49.804396 51.095749 49.007686 53.567916 48.704358 56.699174 49.724883 50.350706 48.979368 51.006962 54.553000 50.178214 52.399759 52.008641 51.438749 49.844214 55.345709 49.839881 48.937202 53.383394 49.684554 53.416988 50.645328 52.771160 50.317978 58.621559 47.989731 47.536534 56.300707 55.463874 
51.274572 55.438463 47.272315 54.050130 45.547958 50.057649 47.668012 52.292573 52.401708 54.140176 50.282774 52.348088 56.250121 48.502042 52.178236 51.509846 47.980442 47.889055 52.320298 51.613794 50.828368 51.864083 47.672054 51.706450 54.833590 53.450492 51.863746 48.494992 48.075742 48.280493 49.786384 47.335135 52.184168 52.430978 51.341367 48.171543 50.117792 47.982664 53.229324 53.904314 53.142526 49.997276 49.569981 52.424868 49.846139 52.166478 52.310721 49.176043 51.640071 50.698380 49.109143 48.263240 56.827095 46.403246 52.665760 52.964546 50.290643 50.210083 50.912871 48.905446 44.889638 53.941572 47.547413 52.022117 52.825100 53.035978 47.120821 52.556866 49.355522 54.072803 51.742620 49.353828 44.930031 47.571149 48.527870 53.032503 49.899168 52.027926 48.770302 45.625692 48.114237 49.685124 52.194549 47.418278 51.850744 49.973199 51.490014 54.442857 55.391567 48.825544 49.564473 47.866143 50.869161 51.011709 54.781036 50.290751 51.596613 51.894567 52.973785 49.583643 53.195958 50.424925 51.300616 50.220751 52.193145 52.163256 48.233579 50.686538 48.667552 48.846974 51.147055 51.934202 53.686767 50.751590 55.106121 48.677775 54.887193 51.141421 52.110765 48.782342 52.684677 50.989915 50.194021 52.571485 54.723077 51.644516 50.463648 49.994720 49.005486 51.227892 49.078108 52.429430 53.455247 51.289862 50.292532 52.638552 56.426515 53.094361 51.224583 48.872625 50.197700 47.652496 53.964152 49.095650 54.047870 53.347509 42.492458 53.946477 50.800117 51.849420 56.005820 49.278897 50.899497 54.112724 53.191257 49.607187 47.455947 49.510854 50.134942 48.476024 49.832425 53.685222 52.095865 50.216951 48.798446 50.487840 48.177284 50.754021 49.012405 50.445675 49.653706 51.692375 49.132421 53.005038 48.214919 55.957020 51.941750 46.659560 51.745002 52.851763 54.498586 47.628291 52.379958 50.365113 51.315573 50.591410 56.215642 51.863936 49.311106 55.216303 50.114735 53.114728 49.075916 54.622547 51.901712 55.435543 47.993442 47.071920 56.119608 51.797754 
47.142667 49.740818 46.580016 48.603801 42.448096 46.232432 44.086223 47.934785 46.354708 49.994310 47.357071 48.143202 48.946854 46.471693 48.155113 47.879737 43.976044 44.264481 44.752783 47.129132 45.991050 47.165994 43.380897 47.046425 48.129167 47.654060 46.864853 45.821344 46.651059 43.293900 43.520217 44.851385 46.786630 46.689774 48.557201 44.124136 45.380761 43.224136 50.939673 48.186762 46.400498 45.938566 45.689699 47.092462 44.853378 47.241191 48.501535 45.924711 45.264084 47.011516 46.363550 44.780193 52.929319 41.793838 48.170254 48.205367 48.903598 44.155045 43.578439 43.957940 42.772047 50.234879 43.950431 46.480591 49.877794 48.163904 41.198859 47.062838 47.554766 46.286355 46.617838 44.010987 40.281138 41.885408 44.498991 49.559863 43.950237 49.124987 44.792765 42.988269 41.937331 45.823308 47.888258 43.257190 47.358391 47.338915 48.901532 49.494592 47.835991 47.604318 45.453708 42.934004 46.776437 46.855539 47.676962 50.162123 43.788732 48.009903 46.364830 43.833736 47.868600 43.868912 47.533799 48.190916 47.503807 45.180593 43.609855 43.777781 43.762043 43.629785 44.272095 45.976382 48.590032 49.769502 48.935445 43.129193 47.047624 47.528584 44.373712 46.176465 48.857390 46.709092 47.388793 49.204436 49.743786 48.607080 45.163223 44.967810 44.895128 45.220178 43.919519 45.668414 49.170338 46.604308 43.602364 46.754087 50.496957 48.179922 47.494534 45.225239 43.391497 42.890571 48.776350 45.149593 49.282555 46.435884 40.670769 48.925066 46.392001 48.593282 51.129816 49.058258 49.407259 48.910718 49.016033 45.011564 45.705842 45.057712 45.440829 45.104371 46.005857 49.205533 45.874262 44.706736 44.413568 44.945424 44.113716 41.989211 44.617194 46.379191 43.557799 46.908623 44.558201 49.774530 43.827952 51.006781 46.864862 46.726857 48.858714 44.854732 50.062616 44.120076 45.176386 46.637912 46.296399 45.443262 50.986594 45.078295 44.242355 48.683285 44.642029 49.334558 47.146538 49.838007 45.905511 50.530051 45.336707 44.317495 50.635591 47.205064 
54.258974 58.461650 50.030236 53.324899 48.832575 50.494285 51.223115 54.981072 50.135714 55.924391 51.970471 53.013781 55.997840 51.692079 57.003004 50.771478 50.251310 49.962628 51.313919 52.264295 51.829696 51.483315 48.555781 50.946952 55.060531 52.327094 53.904197 50.624283 49.770005 47.900112 51.239121 48.492746 50.846787 51.064662 52.672536 53.266192 49.056945 52.092315 56.311504 53.819651 54.822030 52.677777 51.431529 51.426624 50.514329 51.780183 54.151697 50.023357 52.458772 51.988294 50.823375 51.069473 57.164647 45.820203 53.314852 53.012853 53.928342 50.185916 51.699009 50.254550 49.544470 55.699805 50.268808 51.520952 52.060225 56.235342 47.141197 51.344290 53.597278 54.355467 52.680033 49.356458 47.311069 47.600773 49.318995 53.766224 48.161817 54.184850 48.839953 47.213108 47.956486 52.246619 53.075893 46.114978 52.396452 50.539227 53.510087 53.483607 54.121060 49.585990 50.443139 49.528129 52.611108 53.553978 55.099307 50.760342 49.720110 51.413888 52.011611 49.727151 53.145570 50.756014 51.979512 53.199694 54.855613 51.178930 49.963971 50.727950 49.704792 48.953524 51.800598 51.864971 53.821035 54.582208 57.195167 49.237444 53.861783 53.586617 50.345496 53.108437 55.236917 54.659913 51.599217 53.871682 52.974501 52.116010 51.834602 49.897025 50.948986 46.818191 50.851084 54.343494 53.159025 50.902174 50.942242 53.637021 56.064772 53.746903 51.564808 50.805029 52.251923 48.907013 54.697362 50.867137 56.455712 52.043847 44.478651 54.623763 52.044423 49.647605 56.512018 53.114631 52.856324 53.639269 53.921601 50.005769 49.577051 51.793656 49.414361 48.248019 51.732965 56.621485 51.781031 50.103229 49.144947 50.513337 48.856443 50.517916 49.522186 51.220396 49.099411 53.412030 51.760532 56.089908 52.062882 59.637214 51.785748 51.280121 52.391329 49.263565 54.929946 48.123707 54.778798 53.097299 54.090284 52.979486 57.320945 50.778726 51.222252 54.116048 49.958147 54.375013 51.197048 53.659521 51.057609 57.886227 48.355038 50.180531 56.046506 54.060083 
51.083171 51.652241 45.554973 50.075216 44.611863 46.566105 46.403388 50.976824 49.746842 52.146512 47.499143 47.871875 51.201219 47.466721 49.858628 46.249744 45.782209 44.649699 48.288030 48.919068 48.941376 48.152264 44.865045 48.308115 50.683256 47.540913 51.073596 45.758523 46.971127 46.975117 45.818022 44.640426 47.706679 47.692499 48.567865 48.433624 45.375688 46.270249 50.993551 49.409961 50.895266 48.914991 46.778932 48.148478 46.535717 46.285599 49.126747 46.557124 47.576149 51.631458 47.777627 47.143225 53.661701 42.488259 50.680073 50.151772 47.712351 45.871057 47.748641 48.081873 44.740314 48.603378 48.230125 47.992750 49.868699 52.603242 44.581458 47.684755 48.097641 47.869844 48.526859 46.288277 41.724472 42.600967 47.227493 47.212576 43.684973 50.042657 46.095543 46.366228 45.733390 48.905366 48.748054 43.633917 49.508182 48.026833 49.377618 48.892635 50.861148 48.648459 47.396863 46.542923 48.859054 47.778127 49.810450 48.743177 49.728790 47.826994 48.418063 45.177229 51.425250 49.973690 48.916310 50.899845 48.453661 50.682640 45.676205 48.794580 45.246337 45.046045 46.396517 51.202718 49.731880 51.727386 50.257047 46.073448 51.428891 49.318009 48.443417 47.240550 54.215163 52.093253 47.713603 49.744071 50.077226 48.585891 47.836192 47.250011 48.441982 46.357243 49.779920 48.514631 50.852967 48.201327 48.597642 50.444599 53.230586 49.579960 49.693640 44.854811 48.386514 43.927357 50.728721 46.628387 52.612844 49.146208 41.381967 49.257580 49.348149 49.266873 53.239032 49.779824 51.083377 49.785905 51.000742 47.382053 45.078684 47.780548 45.151997 46.892256 49.222228 50.019926 46.836791 47.193256 45.248497 49.082124 44.401052 44.942506 44.872943 49.148939 45.952472 48.582830 46.362228 51.269311 46.548604 54.211969 47.745905 46.071829 50.358206 49.010560 52.784206 45.697659 48.545603 48.178119 50.466374 46.259663 53.536236 47.506248 46.731789 50.220717 45.444112 48.281505 48.238761 52.006517 46.251931 55.476177 46.687420 46.598749 53.407772 51.039752 
50.040197 52.891769 46.423261 50.982185 43.774257 48.158094 48.645435 50.767022 49.448712 51.772036 47.131993 46.308637 52.383642 46.366163 49.712283 47.844366 48.208567 45.407119 48.527767 45.992683 47.069614 47.798648 45.440487 48.158004 50.113207 49.868173 51.810336 47.028565 47.180586 46.663300 47.528304 45.001527 47.746186 46.369390 47.517619 47.877292 44.203890 44.760230 49.250911 47.435665 51.624321 45.959090 46.064274 46.149186 46.741683 48.183292 48.523647 48.349072 48.248738 52.225482 46.880138 47.131831 52.591837 44.770533 47.671100 49.815146 47.600644 48.167299 46.029990 45.880548 45.516915 51.798447 46.348635 48.452371 48.297362 49.583684 42.652174 49.657984 45.699965 48.478828 47.828162 47.145794 44.615415 43.886539 48.412371 49.575265 46.146039 50.070952 45.145583 45.028203 44.042728 47.884329 50.654953 42.915899 49.627564 47.448179 48.189033 51.654041 49.926302 47.963955 45.650871 43.797235 49.442502 47.968834 48.427727 47.458454 46.571924 49.860211 48.983152 44.897486 47.629066 47.877042 49.529909 50.033129 48.077275 49.527564 43.907381 47.082216 45.590680 43.821109 47.880478 49.359845 48.712013 49.330943 51.368716 45.702854 50.473536 48.620304 47.318428 45.591294 49.617037 51.758657 50.075214 48.206930 47.888550 49.006526 47.556679 46.514095 49.570350 49.541899 44.174627 47.563078 49.641617 46.538172 43.308864 48.954773 50.303796 48.485424 51.528258 46.318234 46.280716 46.138812 50.625208 46.576897 49.479473 47.481691 42.922125 51.486025 49.732051 50.169878 51.520765 48.569016 49.190459 49.652632 50.189224 46.860361 44.775787 44.738807 46.520009 46.890309 46.661827 51.644635 47.143192 47.304777 46.906264 47.194017 46.105421 45.753423 45.942394 47.290431 46.124879 47.588641 47.957554 51.052595 45.804846 50.955084 50.142518 45.784254 48.839282 47.723607 49.468647 44.650984 50.071177 46.957636 49.282770 46.781907 51.591038 48.713130 46.993236 48.195154 45.685927 50.126256 49.170776 51.739429 44.284523 54.328038 48.320089 44.678250 51.591115 51.614946 
49.325441 53.388897 44.606354 49.217305 44.462494 47.989050 44.458416 51.064859 50.150124 51.772558 48.054907 48.512804 50.756210 47.985824 48.148401 44.633468 48.286604 45.508653 49.326539 47.692849 49.891520 50.781869 47.545017 49.570856 48.869335 48.316141 50.889617 45.690788 46.215826 46.976637 48.410235 45.171652 46.205888 47.156556 50.041941 46.482785 45.206021 45.529911 52.553177 49.105307 50.460979 47.250757 47.941695 48.397177 46.569779 48.680444 48.461748 47.753637 49.033269 48.046313 45.958827 47.629212 52.882098 41.501962 49.094035 46.596748 49.190523 48.669842 46.815944 48.320497 46.706622 50.165620 46.819524 50.037911 50.308806 51.707492 43.359712 48.626680 48.422201 50.487960 49.359050 48.061443 43.485266 42.982852 49.584798 48.956677 46.300837 51.266473 44.974377 43.731961 47.492623 47.709572 49.606951 43.317807 50.045661 47.723643 49.255134 51.478163 49.214891 45.833613 45.086981 45.103780 49.168751 49.135048 51.539790 46.211820 47.597627 47.283503 47.609627 45.229090 48.999886 49.206290 50.731639 48.312207 48.575192 48.773718 45.808251 47.185796 43.874547 43.840320 49.105200 48.130631 50.001435 49.877595 50.775482 44.323486 49.934413 48.974769 49.225354 44.836469 49.852396 51.949500 47.032495 49.811382 51.166654 48.203625 47.139762 46.649771 49.084817 45.665258 49.898589 47.674217 50.778406 46.425773 47.553694 49.509776 50.410933 48.847103 51.315167 47.005416 50.426183 46.117817 51.281556 46.408958 52.234355 49.452728 44.565143 51.037420 49.777551 47.709350 53.658044 48.645135 51.093666 51.173369 51.109213 47.261176 45.433328 46.480822 46.430050 45.236462 50.228999 51.318465 47.945437 49.182574 47.107078 48.391219 45.624323 45.226078 45.727219 48.116690 46.174435 48.973522 47.664102 50.508669 47.437695 52.547409 49.140520 48.330494 46.636440 46.083438 52.121415 46.023065 50.371347 49.265501 49.680574 48.285559 54.010543 48.192577 46.312163 49.948215 48.529017 49.942559 46.832173 52.219936 46.105251 55.903948 45.127576 47.613924 53.612110 49.709570 
52.066720 51.852200 49.429309 52.669212 46.538291 48.570044 45.525317 52.683052 49.680365 51.242144 50.715920 50.221358 53.808725 49.097210 53.012480 48.157752 50.432583 46.969412 50.056198 47.736103 49.563656 48.264395 49.365418 47.115703 51.437223 50.050211 51.575245 49.181957 48.319022 46.232362 48.551018 46.683600 45.514332 47.325178 52.530562 47.479254 47.959039 49.023106 51.547009 51.976896 51.389324 49.164218 47.806505 49.731952 48.346704 49.781165 49.148936 46.758620 49.125143 48.711746 47.977147 47.100862 54.216624 44.660125 50.483458 52.124473 52.083721 49.327938 48.086004 48.566476 46.607175 53.148033 47.862500 51.210506 51.163726 51.824279 43.665233 49.686203 51.682887 52.484158 50.688879 48.111850 43.203457 45.984819 46.914589 52.563193 45.016271 52.412558 47.364239 44.175146 44.633838 49.200859 50.066528 47.921680 50.452563 48.208141 48.622422 52.169741 53.260485 47.323404 46.634666 48.174282 49.237757 50.682317 50.616130 49.086001 47.296969 51.323456 50.445816 45.335529 49.127131 50.056781 53.058232 52.484868 50.683242 49.434422 45.815908 47.924676 48.808875 45.885863 50.826190 51.014143 51.163753 52.372994 52.849294 47.763184 50.379464 49.984092 52.034457 48.658364 51.602629 51.754036 50.638749 50.373656 51.693423 52.527322 48.833326 47.286164 49.958411 49.507588 48.602602 48.733653 53.286228 50.183472 48.771348 52.244159 53.888323 51.202943 50.949023 48.369638 50.464137 45.701465 50.108804 49.461851 54.281772 50.715362 44.712530 53.688612 50.394471 50.521826 52.462613 50.239685 50.148996 51.098208 53.749767 46.694772 48.907314 47.740389 47.193366 47.706063 48.391999 53.275344 50.247296 47.375104 47.208958 49.143183 45.683009 47.612026 47.371007 50.464795 48.302440 47.771011 46.087444 52.066520 49.157233 55.310846 47.938531 48.777518 47.446831 50.349167 53.108845 46.424426 50.159304 47.790203 51.601435 47.486930 53.501755 51.010820 47.635439 52.197536 47.398850 52.414745 49.439168 52.718811 48.916176 54.260490 46.149757 44.571136 54.942490 52.831033 
50.528517 54.119689 47.807216 51.452835 46.651217 49.872975 47.697345 51.673860 50.908072 51.320741 51.381045 49.441440 54.294969 46.922879 51.787902 47.495843 47.500059 48.333549 51.303214 48.925202 49.061088 52.215453 46.168352 49.675057 51.474688 52.309164 49.506524 48.311873 50.157051 47.855032 46.455968 45.471466 47.626660 48.269246 51.499483 50.970331 46.990041 46.967496 54.489479 51.764426 48.612966 47.947125 49.180968 50.872459 48.464615 49.357600 52.444784 52.202888 51.482737 50.037135 49.642305 47.600946 54.158674 46.541428 52.094647 50.735341 50.002620 47.410725 49.252162 48.960756 46.013758 51.794719 48.023865 49.389282 50.895671 54.310190 42.935534 52.178861 49.720190 49.694511 50.286964 49.626359 44.801448 43.976220 49.087158 48.488783 47.256047 52.063134 47.958843 46.631599 45.371776 47.397426 49.338548 47.749532 50.192981 49.243079 50.380710 52.414823 51.496154 50.408394 49.308189 45.992016 50.759603 52.179250 54.000165 50.532129 48.536095 48.142762 50.382992 46.201322 52.026718 50.995394 53.182564 50.221020 50.279818 49.544084 47.080612 48.528656 45.667415 45.789721 48.177047 49.572702 51.445554 50.977963 51.878203 46.336738 50.655133 50.021078 50.582449 49.579705 53.384662 52.854560 50.806239 49.092469 51.530923 51.027103 48.441729 49.813232 48.527944 51.207181 49.251998 47.339821 52.263484 50.057631 46.617523 51.914978 54.545886 49.688169 49.110058 47.332291 47.937405 47.532298 50.850632 47.138493 51.580780 51.212508 45.044762 49.237354 49.346944 52.233184 55.710478 50.440799 53.256707 54.702249 52.139649 48.974391 47.201235 50.775599 49.453898 47.022885 49.361261 50.867858 51.761781 48.518792 47.759277 48.938130 47.597314 44.112801 48.744399 49.592371 46.988426 50.070174 46.597040 53.854380 48.243435 53.384987 51.377534 48.958064 47.775380 49.008025 54.885121 49.401581 51.841832 48.585811 53.025004 50.059646 52.172112 52.479323 47.716111 52.702346 49.399971 51.618415 49.681693 52.428429 49.884918 56.716644 47.549232 48.595612 54.109391 51.318375 
52.171112 52.590355 47.263495 50.887682 45.569203 51.131311 47.185703 52.299746 52.542693 51.413736 50.287236 50.196700 50.128095 47.616423 51.910114 49.804735 48.882267 45.491545 50.864960 49.446897 48.583461 49.020042 45.742794 49.055951 52.343126 51.419002 49.314918 48.410448 49.290027 47.921815 46.947750 46.837636 47.781419 47.102155 50.379412 48.333583 48.507491 48.124596 50.426007 50.593672 51.385432 49.456769 47.384697 50.522012 48.954814 48.096354 51.598207 51.242909 48.950308 48.386745 48.505290 46.807021 54.496410 47.466812 52.652745 50.190389 53.577061 48.113155 46.471487 48.125157 45.912468 52.142854 46.009840 50.012893 50.346551 51.453642 44.611652 51.631280 47.651828 50.691280 49.239898 48.974833 42.779738 45.517495 47.813875 49.554813 44.776795 51.870746 48.386981 43.707918 46.621470 48.681105 48.861793 44.401413 51.073473 47.886694 49.136473 52.286487 52.158495 50.002992 47.520624 46.989218 49.204954 50.894751 52.612929 50.107533 45.588651 51.851306 49.025842 46.504392 49.699286 48.291869 52.416428 50.754306 53.890795 48.720813 44.481297 49.962894 45.613248 47.380003 47.585953 49.457987 51.930477 52.140874 52.204315 45.370116 51.305640 49.057628 50.892266 47.846705 52.260215 50.251788 48.234089 51.217246 53.308147 50.629412 47.700172 49.828813 50.095054 49.170208 47.458571 50.847406 50.470928 49.674909 48.639617 50.644266 53.780521 50.848080 50.126089 47.190715 49.769194 46.991708 49.432777 47.867271 52.544362 53.143764 46.764026 50.724469 49.158725 50.870677 55.459042 51.776655 51.207866 51.538054 52.366950 51.051128 47.271797 49.375087 47.640211 47.091818 49.235128 54.126099 50.205417 48.759964 47.070570 48.883198 48.896824 46.593706 46.430956 48.632293 47.209960 48.947574 49.063280 52.114028 48.346002 55.185478 49.350888 46.876342 49.309017 49.043230 53.307177 48.072585 51.151459 48.510218 49.853854 48.235467 52.585482 49.816761 48.466738 52.870422 47.462312 52.073303 48.791607 52.306600 48.181839 58.113260 46.089579 44.755252 55.745210 52.267779 
52.648076 57.236445 47.617009 52.384242 49.122014 49.738121 45.674628 53.347594 51.219037 50.800441 50.425568 49.187531 53.554281 49.293052 50.431425 47.132632 46.989289 46.722914 48.123418 50.794636 47.839474 52.289459 47.347086 48.052552 52.498555 50.364798 49.133938 49.205863 47.574570 46.932988 44.510024 47.179834 49.141400 46.258393 50.897585 50.266203 47.014203 48.840735 55.180200 51.525559 49.973863 47.737247 45.751967 51.085494 50.412725 47.568383 50.152871 49.289653 50.524408 49.129349 50.744631 47.360863 55.759653 45.736885 50.356106 51.888912 50.833164 51.840673 46.969784 48.663671 47.384872 53.435478 47.961305 51.278000 51.952816 53.548623 46.340665 49.556982 49.820127 50.482606 50.935484 46.219518 45.595170 47.190884 48.602850 51.482335 50.371208 50.390049 49.427740 47.536060 47.677723 50.933135 50.816632 43.476690 52.416256 49.074364 49.706298 54.336356 51.858167 49.333394 48.084048 48.454438 50.153222 50.989125 52.767617 51.068512 47.220590 50.039866 49.022574 45.985482 52.738485 51.196111 52.516900 52.047048 50.057678 51.449563 48.275724 48.516025 48.321485 44.580983 49.993234 51.010731 49.155480 54.462981 51.627774 45.202211 52.310119 51.636319 50.997701 47.423123 55.471482 51.363335 50.039654 53.218268 52.329176 52.512942 50.276336 47.552125 49.682947 50.205597 46.093135 49.158403 52.827999 47.856898 49.701097 51.127212 54.928178 51.394072 53.414626 48.780434 48.021799 46.965004 51.746208 45.428182 51.734265 50.101866 44.393285 51.957194 50.141046 50.103589 52.729337 51.360936 51.114250 52.950922 50.856990 48.391932 47.771553 47.746683 47.870217 45.668273 51.048010 54.948108 50.152006 49.102023 46.937747 47.673509 47.517012 45.785819 49.087208 48.198269 47.521383 49.085250 47.437051 50.720970 48.177763 54.670627 49.630006 51.240720 48.177761 48.450368 53.911021 48.063834 50.072366 48.524550 52.449676 50.951918 55.270125 52.068570 49.536981 51.719419 47.877945 53.907551 49.461329 54.003304 47.631718 58.565735 47.900700 49.250212 55.269433 50.093308 
51.707225 54.220409 47.577700 51.819574 48.700730 51.089089 47.890882 53.986020 51.690448 53.390399 50.435914 49.474124 53.931768 50.112854 52.111856 47.648669 47.616105 44.495504 49.942388 49.952622 48.409625 52.595602 47.459774 50.849039 53.807198 50.012416 51.588004 47.611657 47.681850 49.491781 50.592730 47.657994 49.202234 49.735256 51.674598 50.242767 49.682258 49.795022 54.120484 49.912003 52.303839 51.434273 48.846422 49.302823 51.487470 50.513360 53.030876 50.903409 50.816767 50.986563 48.148467 48.552490 57.275913 44.299482 53.396685 52.563939 51.330036 49.031275 48.508748 49.571521 48.029748 56.179865 49.063491 50.788317 51.476451 54.078384 43.900291 50.444931 51.457048 53.094653 51.986864 48.569489 43.318502 47.686832 49.347354 50.445749 49.392440 52.268634 49.190190 45.059215 47.257709 50.846505 50.272210 46.779432 52.769972 49.717876 50.911969 52.991419 54.289391 48.622423 48.824967 48.254891 52.236164 50.821778 53.877240 51.741514 49.419905 51.553793 52.137283 44.795756 53.448952 52.127921 51.807590 53.563976 50.014685 50.837648 47.853398 50.566576 49.272130 46.503762 51.446115 51.656268 50.446246 55.375987 54.061205 44.767795 53.737493 48.941891 50.818845 48.684581 52.958003 53.204477 50.014048 51.638057 54.065852 51.172408 47.157235 49.158781 50.269319 50.885340 49.123401 48.844602 53.113535 50.794779 49.637453 52.075920 55.844083 51.157090 49.783124 48.732389 49.971594 48.236913 52.735835 47.959581 55.039852 51.646228 45.387830 53.781985 50.671177 52.784269 55.098542 53.017194 53.702320 55.368581 52.431325 50.982647 49.350511 48.979594 47.096917 47.532580 51.086582 52.544654 51.784683 48.279198 47.339080 52.060223 50.791222 48.659754 49.087077 50.301607 47.441618 52.449917 47.730363 54.251683 47.528014 56.885946 49.653584 49.790097 50.305480 49.832827 54.772844 48.543470 54.266238 50.718739 51.603126 51.457182 55.661910 52.499292 50.182731 53.156881 49.550304 52.876122 49.772180 53.400532 46.438227 58.293688 45.691158 49.489031 54.857744 55.302110 
54.237617 57.089940 49.136649 55.495186 49.312518 52.147190 47.988722 54.598342 51.205936 56.418537 52.970771 52.542081 56.777505 51.461426 53.266130 48.319116 50.904335 49.265131 53.110843 51.404685 52.573781 53.095458 48.347520 52.205366 54.885238 54.607673 51.455905 49.627630 50.510315 50.714192 50.991051 50.134233 51.052334 51.718534 52.699938 51.687255 51.420837 51.144329 55.765068 53.031820 53.901554 50.021993 50.747464 51.661543 50.757296 53.902661 55.523996 49.040010 52.151189 52.840154 51.673729 48.986259 59.271707 46.859092 53.543310 51.717759 53.092780 51.889857 50.941977 48.777106 47.852316 55.074755 48.766148 52.352303 53.352883 55.558612 44.561744 52.355094 53.197474 52.746668 50.877051 50.928995 45.571292 48.470516 51.896383 52.779919 49.055843 53.167709 49.719484 47.508384 51.443753 51.939024 51.488490 46.575254 54.681784 52.533794 52.612486 55.692784 53.492945 51.231758 49.301595 49.179281 53.745598 52.701822 53.010262 50.615562 50.495818 50.077272 51.473578 50.429712 50.858163 52.722779 54.074709 55.344480 51.171860 53.481968 48.532624 52.435732 48.456442 48.837649 51.878835 53.410018 53.074980 53.804805 55.678093 49.416381 53.485673 54.389278 53.838653 49.541754 53.445380 53.826639 52.080674 54.579734 54.645873 51.136191 51.044187 51.739480 50.019943 51.310673 48.780261 52.036382 55.691642 51.492665 52.150755 52.735462 58.117620 52.890877 52.179618 49.500745 50.630223 46.634265 53.679714 50.413899 55.213164 50.707829 46.457364 54.848081 51.497684 53.347007 56.810457 51.825033 54.990017 54.551179 55.301155 51.686625 48.473216 48.815084 51.256597 50.199539 52.621877 56.638661 51.912201 51.367152 51.285006 52.125106 50.902278 48.551723 49.350324 49.948996 49.787272 51.908267 50.813737 56.593747 50.975614 55.793508 52.405231 50.009435 51.303949 52.002113 54.150274 51.056969 53.814091 51.828937 54.585292 50.212198 57.262354 50.953985 51.339241 54.463409 50.269549 54.347528 51.440482 54.225852 51.741491 58.401767 49.108461 48.946227 55.451038 55.819772 
52.058195 55.940700 49.086562 51.352447 47.863351 52.859470 49.014148 55.028509 52.727644 54.761825 50.995130 50.950317 54.986567 50.468840 53.563758 51.883758 51.033870 46.248171 51.374376 50.416406 49.371322 50.835402 47.535339 51.747656 51.479310 51.733729 53.143897 49.777100 50.589921 48.765555 50.970747 48.693245 50.230229 51.541394 51.547988 50.231820 50.101088 52.086417 54.011206 53.681061 53.679132 50.179220 49.346535 51.430722 49.770969 51.275077 54.980586 51.676457 51.280264 52.220033 52.400977 48.276523 56.211105 46.810262 51.705095 52.942113 49.200784 51.995483 47.701768 50.613304 47.947321 55.206415 48.722326 51.595212 53.664003 54.822893 43.624417 52.865197 51.076860 54.562978 50.866209 48.942785 44.342730 48.880081 48.929042 51.652559 48.589621 54.661810 50.384548 45.960211 51.364217 47.280711 51.564612 49.719127 53.948342 51.902613 52.537968 53.465382 53.212291 51.322068 48.560739 47.846718 53.272235 54.449191 53.286975 49.203013 47.799031 49.142341 53.102858 49.590133 51.861243 52.348670 51.169684 52.139463 52.328376 51.329547 47.883958 50.415290 48.083807 47.004987 53.228633 51.478197 53.006084 54.883930 54.695800 48.544806 51.551839 48.837218 50.395445 48.552250 52.229360 53.479511 51.337345 50.497046 52.190151 52.186018 48.475518 50.131273 52.371650 49.597094 47.907103 51.749647 52.651517 51.087544 51.397698 53.521073 55.318076 51.842036 52.131344 49.828660 50.773227 50.637538 54.782821 49.943772 53.990191 52.076408 45.814214 53.382873 53.241379 52.901784 54.899125 52.426108 53.497606 52.516087 51.752964 50.366073 46.670634 48.891753 50.884213 49.134831 51.489436 55.052794 52.340040 49.661841 48.398443 50.913937 49.591169 49.159554 49.876531 51.484551 49.730245 51.162397 48.754530 54.333724 51.753387 56.612521 51.419100 48.611230 50.940900 50.782201 56.907876 48.532432 51.355576 50.820887 51.890325 50.949182 56.877176 49.511902 49.886569 54.438240 49.700023 53.973307 50.011005 54.672428 48.744540 57.619270 48.358277 49.332337 56.740810 54.671029 
52.758957 54.465810 46.197039 51.714345 46.554899 49.928403 49.076319 53.020358 48.184980 54.075543 49.151245 50.182545 54.370987 50.669336 50.549638 48.656936 46.505682 47.556782 49.802717 50.247620 46.608702 51.560637 46.412572 51.372844 51.593238 49.577031 51.095637 49.891830 49.251596 46.987388 47.971488 45.880027 49.291279 51.272359 50.007033 49.456135 47.302382 47.693339 53.245454 52.226684 52.831402 47.938032 48.281256 50.048711 49.676627 47.116331 49.894326 49.087707 50.156587 51.453438 48.559043 47.793402 55.906708 45.641512 50.131418 53.311401 51.067469 50.665472 48.490159 47.974178 46.798616 53.972371 50.601322 51.795986 51.090102 53.213682 44.136266 50.595834 48.925696 50.632827 51.349983 47.144158 46.236930 47.065852 48.565479 51.012557 46.497235 51.664605 48.341844 46.609734 46.613370 48.630772 50.651731 46.882899 51.474358 50.675531 49.948717 50.384384 48.953506 49.900007 48.609139 48.068397 51.705959 50.135936 51.863974 51.062679 48.802176 48.674722 50.735915 49.091978 50.700344 51.695283 50.300348 53.301062 49.287777 49.817200 46.857074 48.660717 45.355494 46.463917 50.393991 51.489516 51.107903 55.358206 55.059930 46.162594 51.693971 51.274867 50.732857 49.399707 55.422647 52.244702 48.190411 52.854603 52.390350 49.717471 50.601789 48.443573 50.999825 47.812020 47.790761 49.285923 52.009791 51.988434 50.319275 52.357271 54.286903 50.440032 51.674294 47.278229 51.248049 47.792663 53.380822 50.198683 51.688827 51.190758 44.464895 51.885635 50.246184 52.220917 52.694094 49.636105 50.829226 51.339514 51.881575 49.620148 45.643000 47.207285 48.109062 45.660647 50.265831 53.087490 49.027954 52.244869 47.452871 50.337541 47.462625 47.896379 47.940725 51.520535 48.950329 50.122200 49.065149 54.567249 48.402669 55.609212 50.290758 46.375257 48.807725 50.490270 54.372929 46.463747 51.376476 52.043195 50.878285 49.139563 54.617076 49.823251 50.770744 51.320037 46.458957 50.554420 48.089956 51.970447 48.309546 58.003612 47.979694 47.974562 55.140984 52.403599 
51.190605 54.339795 47.096790 50.416055 47.076740 46.953374 43.762812 50.480167 48.776345 53.344761 49.453873 50.984304 52.468619 49.183948 49.211825 47.217987 45.131612 46.599126 48.626005 48.511086 47.560366 50.448436 47.547047 49.851005 51.651928 50.378075 50.222594 46.950417 47.333045 45.468477 48.970239 46.629521 46.598356 47.826443 50.167541 47.222735 47.266480 45.666831 52.613869 50.000724 49.532107 49.003978 47.873289 49.835673 47.894401 50.738209 50.745058 50.580408 50.018804 50.205181 48.584680 48.665319 53.420669 44.136908 51.628397 49.668483 50.622221 50.056103 46.452983 48.484295 45.853118 51.746625 48.330033 47.893936 49.959117 54.277483 41.900776 51.103928 48.378595 50.691197 49.855372 45.472328 42.454200 44.994030 48.084254 48.085569 45.865474 51.278968 46.452975 46.725618 45.296659 49.087786 48.550124 44.177041 49.524073 46.809961 51.327959 49.778329 50.962293 48.939021 47.578083 46.275534 49.300258 49.001936 53.634597 49.346293 47.942088 48.023458 48.562192 44.511999 49.645177 50.148066 52.133400 50.231266 48.973464 48.438642 46.505103 46.847353 44.860025 46.163915 49.955773 50.695703 50.647163 52.560292 51.514986 44.084979 49.319931 47.023852 49.654293 47.652157 50.103597 49.483258 49.127024 50.891976 51.334523 48.061129 46.653127 47.064155 49.204856 50.723037 47.004581 48.054142 51.388125 47.778485 48.844757 51.778400 52.355971 48.939076 49.734571 46.703530 49.757966 46.105004 52.020478 46.148458 52.237847 50.301066 45.507118 50.903293 49.402473 50.413588 52.854666 49.534857 51.245269 52.321499 51.138620 51.824299 46.213156 48.802478 45.771195 47.033946 47.771915 51.290251 48.152969 48.393759 45.722014 49.356431 47.020154 45.791690 45.406485 47.494134 45.981215 49.026534 46.467889 50.585216 47.608928 53.768597 49.680214 48.463492 48.396218 49.245018 53.119104 47.178325 51.122344 47.685376 48.625853 48.941778 53.490377 49.588551 46.888366 51.110058 48.111127 49.671339 49.010222 51.209830 46.894904 55.212159 45.209868 46.782211 53.136856 52.684674 
51.786952 53.909570 47.237857 51.218415 46.274925 51.424282 46.090008 52.490380 50.733962 52.936497 50.126009 50.083362 53.208849 50.064929 50.691249 47.951419 48.257615 47.304485 49.050253 49.164688 49.275926 49.632870 47.594684 49.257658 52.190601 51.980940 51.926843 49.121176 48.756095 47.247769 46.660638 47.218349 47.789708 49.118316 50.121971 48.390030 49.655575 47.265338 52.828628 49.898752 52.323997 49.126661 50.531090 50.873029 48.194612 47.758857 49.254403 49.288587 50.438516 51.732209 48.278089 46.254319 55.654203 44.731660 50.130250 49.181845 50.089895 50.269530 48.240086 47.172479 47.518830 53.687815 48.906873 47.371534 48.664941 53.389450 46.017202 49.427545 49.073122 51.107736 48.887818 47.106190 44.788388 44.760222 47.083648 50.550162 46.156075 51.152819 48.476809 44.473313 47.717147 50.396184 51.276192 45.848707 52.864673 47.015303 49.447114 49.734608 52.648334 48.676461 48.409287 44.987514 51.325272 52.577055 54.452524 51.022639 45.900039 45.661001 48.055468 45.979146 50.789462 49.914913 50.061599 50.577172 50.666038 48.995999 47.335377 48.763440 47.912738 44.950293 48.299690 49.888284 53.693708 51.092858 53.928679 44.740614 50.039602 50.396932 49.396437 48.681210 50.935645 50.922019 47.657399 52.245750 52.094783 48.579336 47.005154 48.714143 50.604202 49.901426 47.979779 49.824934 53.470252 50.232027 48.089141 48.947019 53.615647 49.748748 51.534893 49.018585 49.926978 49.152645 52.944844 48.008424 49.461703 49.639272 42.614276 51.644337 49.027453 49.547330 52.259903 49.814450 51.629568 51.890285 51.273667 48.839191 46.979388 49.555267 46.203125 46.906962 49.791954 52.094503 50.787714 47.653581 46.159990 47.153481 47.192160 46.511454 46.373033 50.564046 47.012552 48.031979 48.361829 53.564133 47.291172 53.543863 49.224819 48.254863 48.901954 48.809834 54.486552 47.290732 50.909229 49.721737 52.215351 47.920598 56.011532 47.473007 48.634198 51.632556 48.804892 50.587691 49.239071 51.324793 49.733510 57.236607 47.567777 46.767665 54.784965 55.074209 
51.359257 52.570196 46.768370 51.933438 46.133970 48.130263 46.538201 51.717175 52.561237 53.181389 48.881536 49.982768 51.080173 49.122150 49.143377 48.151616 49.535986 48.635397 48.971470 49.066404 50.697432 51.587697 47.606453 49.767257 53.639362 50.074319 52.369748 48.971741 48.666041 44.992552 47.137617 45.015537 49.353457 49.436858 51.864394 48.814990 46.723326 48.119517 52.211210 50.308198 50.912125 47.103812 47.806675 50.297660 48.157340 50.018178 49.433969 50.282343 46.623748 48.547680 48.062025 45.500920 54.861017 43.455092 51.911858 50.151166 49.335504 50.532466 47.717282 46.420954 46.114640 50.887094 43.873965 49.935127 52.114435 52.096509 42.314521 47.456427 49.436651 51.017827 48.020182 45.679736 42.769203 45.345445 48.019859 50.516815 48.656618 50.884079 47.579013 46.798873 45.710659 50.497511 49.858525 44.483155 51.138203 47.516856 51.700715 51.952943 52.702407 47.875179 47.621411 46.291993 48.633041 49.289669 47.701266 50.562201 46.817921 50.975166 49.624181 46.090025 48.873339 49.630237 50.591555 50.016695 47.944433 49.263027 46.448204 45.291777 44.998669 44.495657 49.051907 48.440142 52.202485 51.421359 51.331107 46.361954 49.938423 50.829943 49.063648 48.028825 51.220472 50.476017 48.386181 48.917393 50.412288 52.036689 45.908295 48.486204 46.750164 48.612030 50.151820 48.822449 50.092690 49.396771 46.409621 51.244648 53.312876 52.237779 50.068078 46.933056 45.839479 45.339152 49.960958 47.572999 51.548320 49.334982 41.897038 50.528321 51.673317 49.928295 55.386955 48.332200 50.558684 52.406841 49.136735 47.552257 46.859466 45.805304 45.592201 46.023135 48.517338 50.986040 49.076755 48.771024 44.464056 48.839039 46.830562 47.289126 48.307119 47.717739 45.907625 49.376321 44.315981 50.903164 48.542179 56.731458 50.463982 47.406376 47.720223 49.935715 52.909346 45.511972 49.966784 47.828464 52.644069 48.232839 51.684836 49.632219 48.484348 51.274902 47.182108 53.268213 47.910598 55.118527 48.091837 54.667087 47.521187 45.154123 52.943527 50.271386 
49.139003 51.666020 44.404285 49.583660 43.615100 47.371428 47.639907 52.374879 48.736333 50.056603 48.216915 49.582926 50.582856 48.306255 49.291916 47.763876 46.258790 44.516175 47.295369 47.538323 45.519430 50.533610 44.257997 47.680040 49.610091 49.119957 50.730631 45.233212 43.959165 47.232703 47.595793 43.004156 47.509816 47.058916 50.162068 47.217579 47.714237 46.271172 50.894971 47.712644 49.505321 47.986375 46.134177 48.973910 46.060151 49.382381 49.949670 45.617630 46.996163 48.185717 45.367030 44.264023 52.476640 42.149828 49.453659 48.912600 47.676081 46.316642 46.657620 43.781437 44.332259 50.799497 44.612845 47.118953 49.975070 52.199390 43.149908 49.698629 48.584483 52.184084 50.228262 46.266140 42.762390 44.465502 45.783580 46.127437 44.556570 50.624834 46.252753 45.194004 45.256725 46.663395 47.767059 40.416037 48.528820 47.370355 49.099277 48.357894 50.716802 45.659186 46.303418 44.641751 49.113503 48.740718 50.645734 48.752980 45.839261 47.591704 48.403085 44.863265 46.967878 45.487157 49.718048 48.276043 46.672621 47.823487 43.484480 47.403435 45.143351 45.972014 48.284153 48.962150 48.225606 50.582968 48.903346 45.169597 49.541380 47.083146 47.412408 45.342818 51.951891 50.341546 48.462872 46.882733 49.908110 48.026558 47.161713 46.754519 46.851058 49.292617 47.639777 48.147049 47.750146 48.166092 45.142714 49.721442 52.039374 49.970130 46.992159 45.898742 46.273422 43.384790 50.821679 45.967128 49.576481 47.677301 43.074533 50.596641 47.599303 50.084440 50.739521 47.531674 49.412687 50.671211 47.549331 46.551600 45.944816 43.988423 46.018983 46.638409 47.233967 49.593093 50.115258 43.560501 45.255805 46.519149 44.215599 45.048049 45.360850 47.542906 45.074264 47.148286 45.491333 49.663107 49.045656 53.318536 47.547886 46.366343 45.645436 49.600649 48.372330 47.256020 48.022886 47.754781 47.423897 44.110264 52.251085 46.599092 46.572763 50.111598 47.147107 49.465568 47.237041 50.218898 45.886464 53.884018 48.388378 44.836104 52.781801 48.791108 
50.573089 51.305478 48.363310 50.416788 45.704079 48.092646 45.737955 47.693750 47.863880 47.685782 48.884732 48.796967 49.361032 46.789564 49.697452 45.507503 44.559199 46.205313 46.652909 45.957795 46.598765 47.818094 44.562502 46.837695 51.660452 49.101832 50.053241 47.244808 47.027457 45.265266 44.130504 43.401680 47.403197 48.855284 49.683842 47.220544 47.357050 46.007675 50.194348 49.092035 48.769062 44.222702 44.796368 47.230247 45.763648 44.533514 48.560222 48.153993 47.577931 45.625110 47.270315 45.767528 51.614148 44.538052 49.680727 48.485623 47.138038 45.797352 45.628390 46.566333 43.417814 49.790397 45.621881 46.897433 50.226122 52.501869 44.061382 49.313557 48.039652 47.273726 48.023115 47.112243 43.044275 44.599011 44.646550 49.279193 45.764068 49.055321 46.069510 44.998238 45.471012 46.801985 48.206536 44.198797 49.553588 46.723094 46.448382 49.371204 48.152505 48.037814 46.335033 45.567585 48.326235 48.220859 50.429752 47.021364 47.673327 46.002384 48.108830 44.536642 49.189158 48.224277 49.146585 49.947319 48.347176 47.120158 45.790466 44.422306 43.137568 43.856699 48.768914 47.572915 47.192888 48.482119 53.045160 43.438365 49.226688 47.656785 47.048448 46.071024 51.893105 49.071192 47.039701 48.758930 48.794569 49.688645 46.646939 43.405538 46.196027 46.710272 45.276797 45.666626 50.921572 45.585545 46.561793 49.124646 52.105017 49.871228 47.491332 47.491114 46.121590 43.569751 47.669908 47.673911 48.525424 45.354998 41.356896 50.541415 48.064556 47.927445 50.818019 47.314433 51.601762 51.753953 49.137847 46.089493 44.586675 47.615242 44.197374 45.568537 47.898531 49.857084 48.801232 46.154315 45.072793 45.947641 47.605750 42.348002 45.991342 46.475403 45.481647 49.134586 44.853818 50.040422 44.442021 51.791824 49.478103 45.487836 46.532563 45.853055 52.196649 42.991820 48.572854 45.596447 50.808079 47.697240 51.296549 48.455508 44.592634 49.563339 45.076954 50.621206 49.284019 50.494718 46.223580 54.118106 46.728273 46.751560 50.919971 48.819118 
51.256653 54.834080 48.862397 52.703734 46.856770 51.709448 49.437715 54.536582 51.761576 54.340146 50.887636 50.384194 53.652184 49.693585 51.321323 48.972090 47.806499 48.139614 51.057309 51.547365 47.723196 52.785688 50.455165 51.416955 53.022225 53.069181 51.606659 49.767249 48.196529 49.445704 50.210564 50.832805 50.477242 49.060689 51.637498 52.155456 49.443610 49.014833 54.705901 50.338240 51.595771 49.830566 48.125176 49.403172 49.065595 49.992868 51.014526 48.908852 51.661313 50.123492 49.594097 47.192082 55.498310 45.855545 51.990477 51.402471 50.623965 49.485906 47.128283 50.774635 46.550497 54.509559 48.543788 49.669436 51.892337 53.104586 45.189867 50.226282 50.168564 51.580858 49.604135 48.664992 43.421786 47.129036 47.972994 51.260752 49.549924 50.984396 47.958506 47.007060 46.748238 49.252404 53.258427 45.843550 51.883060 49.688724 50.573086 52.666849 52.362774 47.949497 50.869469 48.479640 54.276310 51.106682 51.468774 50.498734 48.177239 50.340373 49.880174 48.940544 52.126859 50.573189 53.065348 52.004424 50.671411 49.327984 47.352387 50.189270 47.779932 46.193593 50.286771 51.308639 51.939441 53.948001 53.878262 47.646415 51.158595 49.883972 48.098954 50.784599 53.613236 52.359764 49.385296 50.311343 53.099420 51.950091 48.388043 50.193768 49.984610 50.012960 49.480834 50.090752 53.660636 50.284036 49.231304 52.075167 56.602514 51.128302 51.291058 49.571577 50.474488 47.112902 51.969825 49.402600 53.123892 50.003955 45.361376 51.348307 52.163733 52.092126 57.048467 51.938452 52.095488 52.105473 52.063123 50.865256 46.517765 48.381968 50.236756 50.320534 51.653814 54.009051 49.584799 50.138199 49.778859 50.953784 47.326452 45.454653 48.300079 50.483238 47.402041 50.205246 47.381697 52.667197 49.685157 56.120742 52.415049 47.658761 52.046169 51.097786 54.801544 48.365034 51.133197 49.916460 51.574579 48.202798 54.551976 50.031067 49.917373 52.600625 50.343903 53.158292 52.652752 54.371681 50.425621 56.433005 47.070164 48.391830 56.799509 52.866975 
51.032828 52.234028 48.556650 51.593825 45.991568 49.370560 49.484081 51.204555 49.843603 54.147124 48.523778 49.999742 50.216370 48.873696 50.617614 50.166589 47.340993 48.674398 48.146940 48.245853 47.898984 51.251148 49.098548 48.909340 52.849197 50.643471 49.812885 48.101341 50.282704 48.003472 47.311028 47.163577 49.677651 49.426726 50.218096 49.163449 45.338524 47.865912 49.886076 50.275975 49.306779 46.520583 47.572829 50.868234 47.620286 45.902762 50.361870 48.964968 48.610474 50.088805 45.647826 46.011546 53.775717 43.518791 49.505747 53.080318 50.164071 50.103921 46.927476 47.548937 45.649352 53.146019 46.683465 50.039227 53.489303 50.915712 43.391554 47.580672 49.908295 49.365423 48.040612 46.987033 44.715404 45.645135 50.055839 49.613658 45.566150 51.837682 47.685022 43.479250 46.803042 49.702147 49.577296 45.678141 50.740250 47.904938 47.682868 51.121595 50.912581 48.664689 47.519346 43.939163 50.396144 50.592807 50.503885 49.206291 46.642644 52.516111 48.769646 45.980616 50.807663 48.959972 50.832581 51.630467 53.016480 48.251888 45.960902 47.291907 47.814159 47.569258 49.782542 47.188172 53.030958 50.453192 52.064111 47.732203 50.698574 49.256921 47.587457 48.131920 51.346713 49.489351 49.508426 49.240396 52.320574 49.767888 47.897419 47.427648 48.534103 48.473799 48.310712 47.595607 52.758171 50.349176 49.457607 50.989903 52.716050 50.811652 50.065476 46.751888 47.893094 47.201174 50.977011 46.646429 52.452951 49.103720 43.374882 50.886757 48.407208 48.666072 54.982548 49.443693 50.622858 51.851042 51.780795 46.631732 47.080487 46.092095 46.219951 46.331372 52.680015 50.600674 48.578997 47.962206 47.649583 48.182329 46.839288 45.513046 47.261874 46.106976 47.626645 49.302856 46.206223 53.394971 47.034442 54.626900 49.986014 46.905444 47.499041 50.133072 54.848364 47.174472 49.911636 48.500157 50.240495 48.725360 54.949156 49.612134 48.220882 51.973226 46.701858 51.644048 46.504247 52.204902 47.341912 56.791337 46.725722 48.083834 55.676784 53.471866 
54.089277 54.821081 48.997224 51.173984 46.263986 51.781405 48.686501 50.738988 51.997525 54.723405 47.947676 50.427596 53.591070 51.662260 55.012271 50.625138 48.832683 50.583110 49.701262 49.662117 50.408681 51.745001 45.472184 51.542063 53.963531 53.520517 51.586229 50.028058 50.077879 46.120289 47.696588 46.845103 48.987697 51.248233 48.606695 51.180130 46.562773 46.210864 54.322464 51.232950 52.246950 48.238831 50.762551 49.675234 48.596651 51.121920 50.768860 52.113599 51.310880 51.473939 49.617413 49.288622 56.221700 46.814537 53.579590 51.254470 49.983946 49.172142 48.905138 47.978885 47.602452 53.659878 50.254775 51.343416 50.874205 54.530989 42.452321 52.559953 50.099577 49.899994 49.734375 50.264361 45.948073 45.284239 49.660745 51.324418 48.657942 53.320717 48.608827 46.468783 46.768069 47.819905 53.089149 47.543485 52.606405 51.292522 51.440730 51.627173 50.813010 51.485462 49.459792 46.098463 53.299342 52.326091 51.897567 51.454869 48.684507 49.929441 51.759041 47.837875 52.144639 53.154663 51.439603 53.309060 49.326423 52.511594 45.925069 48.052626 48.266037 46.960354 50.686336 52.654148 52.404998 53.248066 54.991732 46.818868 51.774794 49.313189 52.149967 48.791099 53.075725 51.980215 51.958782 52.733113 51.813636 51.608668 48.130596 48.177048 52.552277 51.654388 50.112194 47.835701 51.456927 49.191355 47.945622 55.267993 53.944748 52.440139 53.265780 48.813566 48.472263 49.407827 51.694373 49.436887 52.054306 51.083383 46.598454 54.469286 50.214036 53.012839 53.370686 50.431316 53.273863 54.418134 52.366884 47.807620 47.759997 51.859112 48.193914 50.022313 49.956456 53.155589 52.812395 50.155875 48.076892 50.637660 47.731648 47.060582 48.489503 47.318807 49.063172 50.587612 48.980220 54.078646 48.284385 53.986206 50.772536 49.601075 49.384746 51.996014 54.956567 46.799228 52.535347 48.454929 53.582310 50.602769 56.385236 52.033349 49.756356 53.520525 48.501200 52.335489 51.013535 54.403684 48.907351 57.776417 50.108421 48.454657 54.207831 52.680754 
48.449868 49.837055 45.347035 48.133427 42.727745 45.851066 45.016317 50.416217 48.277012 49.441162 44.081725 48.559224 51.252295 46.740573 47.271486 45.643467 46.282470 42.382364 47.648921 46.502965 48.342763 46.516724 43.828942 46.332950 50.286029 49.048782 47.646817 45.154148 47.861027 44.184894 46.399758 44.018256 47.980265 45.864114 47.569532 48.634811 46.721402 46.668028 49.683836 49.100248 48.236491 45.464285 45.930627 47.835550 43.918123 46.312968 48.278058 48.045537 45.761828 46.223942 47.323595 46.021972 52.424031 43.117736 50.319473 49.389408 47.760146 46.940208 46.405734 46.817874 42.991042 49.895090 45.025342 48.963834 48.849941 50.406971 41.367121 46.557432 48.330083 48.257133 47.799227 46.198297 39.242287 45.089135 44.366859 49.418841 44.909404 48.710452 47.475180 42.975631 44.263092 46.416266 46.148749 44.094179 49.532219 45.212285 48.056350 49.074875 49.438995 46.251423 46.714330 42.544852 49.503709 47.649029 46.762700 47.465725 44.603443 46.396708 47.054185 45.325825 46.552054 45.611314 49.110753 51.342689 47.510512 45.279693 44.823672 45.281891 44.825011 43.069582 46.068341 48.171880 48.147489 50.557399 51.679816 45.002345 47.656654 45.525511 47.861276 48.208787 51.799815 48.388933 46.680231 48.889535 48.086959 49.741354 46.539887 44.947113 44.266943 47.168806 45.176331 48.007137 49.479365 49.102610 45.113571 47.149779 51.043584 48.403269 49.179430 47.039371 43.494167 45.261266 47.512717 45.490899 50.690823 47.863435 41.206783 50.392673 49.088669 47.109126 51.057373 48.328121 50.457176 48.763922 49.663606 46.178527 46.660647 46.177590 45.901784 46.247957 46.176504 50.483572 46.724039 44.742516 46.199824 46.762978 46.524025 44.120017 47.690413 47.194078 45.891524 47.188200 42.827291 49.546656 45.964758 51.861274 48.172988 45.087301 46.310340 48.584815 52.004089 44.168119 48.131074 45.172026 49.644917 46.662207 50.702416 47.679680 45.390199 49.221372 44.774143 50.032305 49.685879 52.115399 47.825293 52.590636 45.154069 43.551398 52.544575 51.027420 
50.603093 50.274282 48.079279 51.024678 44.860502 50.738555 46.256557 51.404298 49.069176 50.155836 47.948796 47.020278 50.414376 49.033838 50.692512 50.225316 46.681996 47.189786 46.749326 48.908126 48.391522 50.518598 45.008291 49.298199 49.873351 49.247801 49.504527 47.177833 49.065905 46.860422 46.149872 44.624038 48.494408 47.092469 48.817207 49.101314 48.916139 47.600697 50.928739 50.866709 48.862327 47.914127 47.378772 47.633994 47.528630 47.155599 49.783343 47.576639 47.702764 47.955036 49.663188 44.640280 52.894251 45.055634 51.413811 50.094952 49.060877 48.116925 46.026140 46.766318 47.225081 50.463372 47.326412 47.292187 48.610762 51.542367 42.944943 48.444706 47.693890 49.199073 48.561072 47.485965 42.365171 45.621277 46.161223 49.008250 44.343932 50.497311 47.001325 43.328713 45.763155 46.568425 49.253020 44.715211 50.082013 48.703191 48.530645 48.667426 50.982901 49.792542 45.701756 43.291846 48.146017 50.006582 49.459415 49.142940 45.590273 47.530051 49.106770 45.936577 47.621662 49.584709 49.505722 49.017107 50.651298 47.792352 44.875436 47.903196 46.040951 45.087299 49.014529 49.546460 51.405859 51.548646 53.974741 46.625275 49.733390 47.893028 47.009897 46.452850 52.426026 50.396254 46.390585 49.062822 51.405355 49.222651 44.550948 46.844569 48.919944 45.582756 47.272496 48.225262 51.515935 50.747747 47.699074 49.667914 51.985021 50.781749 49.901590 49.959014 46.364449 45.922254 50.401382 47.933394 49.568413 49.437155 40.720994 51.190868 47.792193 50.676427 53.338283 48.976506 50.355612 49.088042 48.314567 46.880921 45.281541 48.023294 45.916757 46.868732 49.087232 51.665778 48.719285 46.384366 45.782652 49.419172 47.073411 46.441612 47.760916 50.030877 45.288547 48.391005 45.837619 50.713316 46.836802 55.259872 48.533959 46.243213 47.514160 47.968689 52.396435 45.789559 49.166027 47.968066 50.509640 47.284201 54.475378 47.958191 48.440674 50.142829 46.272197 51.649854 47.850645 53.410943 47.535469 54.580739 46.615940 45.124690 53.587261 51.856912 
48.728210 51.785195 45.656148 48.515895 42.036919 47.173328 44.965960 51.098429 46.797880 49.924431 46.390815 50.253296 52.249177 44.698078 49.124211 45.724950 45.644315 45.838196 46.894767 46.580842 46.422920 48.936713 47.701919 48.660240 52.188953 49.426400 50.551755 46.587435 45.090673 45.397962 48.503778 46.050254 45.576286 49.333877 49.948840 49.083112 43.844477 45.386335 51.658921 49.031874 47.483791 47.641722 45.645784 47.724586 44.831608 49.258666 49.616590 45.466575 46.988191 45.166594 43.125399 45.944513 52.713409 43.002247 49.214314 50.107831 48.684842 50.142512 46.578251 46.308782 43.365817 51.454478 44.458394 50.809613 49.281520 51.344656 45.605973 48.426329 48.430437 48.808748 47.643974 45.542680 42.799021 44.332202 47.490278 48.206975 45.399987 51.520558 43.363110 41.821353 44.651523 45.775364 47.299956 42.631538 49.867597 47.462463 48.862876 50.655766 50.318270 46.542631 44.837688 47.138929 49.642472 49.243203 51.402713 46.481147 46.294134 49.450348 46.823101 45.379017 49.567790 48.432017 50.048556 49.755211 46.080576 49.920937 45.075454 47.090439 44.556816 44.687490 48.472434 49.786716 48.078793 50.279980 51.475575 43.388281 47.842721 49.914630 48.550622 47.275355 50.384483 48.890083 49.350910 50.548046 49.699018 47.631273 48.331838 44.119877 47.967138 49.371542 45.718329 44.016494 50.720233 48.468429 47.268548 52.382361 51.307940 50.323485 46.393092 46.457083 47.417086 42.434149 47.346123 46.862802 51.512142 44.248447 44.107434 50.749942 47.683305 48.693498 50.153437 45.566469 49.483644 49.225632 51.193167 47.998280 44.139726 45.228850 44.198101 46.346763 49.075300 50.743086 47.881553 46.949511 45.597463 46.576710 46.684198 43.833772 45.367464 45.096068 46.528092 47.369209 46.528867 49.910099 44.387963 52.058303 50.746172 45.586973 46.355445 48.254531 52.023479 43.028470 51.709564 46.590814 48.749508 46.848773 52.054901 48.939445 46.416873 49.179750 46.071218 48.216121 46.872208 50.850795 47.166588 54.061389 45.698746 45.725069 53.883486 50.352529 
54.006044 55.455043 48.556453 53.000231 48.433207 51.459102 49.104480 55.081423 53.372337 56.153016 51.904059 53.049017 55.686450 51.677987 54.507932 50.580678 50.199561 49.891086 54.013269 50.962223 51.026826 52.261531 50.545332 52.829685 52.104628 51.977023 55.603171 50.962888 49.625896 50.204948 50.380432 49.434547 52.707569 51.748442 54.275964 51.211233 50.166015 49.516704 54.075904 51.285233 51.951257 55.204963 51.646904 54.333179 51.825877 50.473849 54.882581 50.405527 53.191952 54.285328 51.653121 49.988389 57.804056 48.809510 55.800274 53.348383 51.921794 52.133589 49.442086 50.900413 48.485445 57.321367 48.730557 55.125261 53.782208 56.404044 46.239295 54.169307 51.712467 54.111807 51.559235 52.709528 45.921431 46.925407 50.975884 53.475544 51.386353 53.718028 50.584900 47.629908 49.640328 53.177974 53.760135 47.429160 53.052392 51.428380 53.265997 55.801402 54.172223 53.548228 48.859276 47.585854 54.736866 54.254319 54.665648 54.904343 49.890095 51.379161 53.560679 48.990514 54.754672 53.614689 52.953693 55.068116 53.214133 53.273494 49.318844 51.420342 50.211918 47.577699 52.469234 50.973555 55.418616 54.523698 54.738585 47.732691 54.090603 53.814262 52.725300 50.389480 57.344624 55.710664 54.649181 53.096616 56.604089 53.280391 52.313665 52.564825 51.706948 53.592805 53.035420 53.630194 52.966095 51.586619 50.057124 52.046974 56.428537 54.956493 52.047480 50.136553 51.514662 50.245425 53.112270 51.573105 53.787824 54.919941 45.127991 56.949561 53.238049 56.001815 55.277751 53.492941 53.507551 55.819598 56.089287 50.802819 46.902682 52.239157 52.038450 48.984705 50.052193 53.944351 56.215103 51.518944 48.239336 51.759786 47.472139 50.061714 50.641969 51.052627 50.506080 51.269806 51.071333 55.725957 53.331725 57.190577 53.795949 51.470009 51.859803 52.576126 58.397587 52.723462 52.411318 53.182690 53.551267 50.259702 57.086381 50.600485 50.647272 53.899379 49.271639 54.984242 52.109484 56.333716 48.578969 59.451570 52.039516 50.028431 53.501706 54.302146 
49.565665 51.884942 45.060314 48.532732 44.853349 47.539800 44.950554 49.983749 45.950996 48.277840 45.872195 49.478741 49.040804 46.803867 47.840585 45.837739 45.041018 43.707063 46.031994 45.990702 45.326445 47.913020 45.816066 46.058080 48.748963 47.110461 48.030063 47.095681 43.985941 43.488580 45.628121 45.960339 46.435915 46.464968 50.084614 45.924227 46.944170 44.656916 48.890630 47.743910 46.444380 47.294563 43.696033 46.540259 46.940736 46.839725 46.013565 45.581574 46.545443 48.379176 44.735953 43.098762 51.006269 42.718788 49.338973 50.939352 48.689733 45.945844 44.612189 47.032760 42.278029 50.768504 44.962521 47.568880 48.938972 52.170848 42.301935 47.487776 45.594122 48.934265 47.686890 44.937053 43.492899 41.180974 46.748735 48.554965 46.332957 47.863432 45.077765 43.149216 44.260326 45.354248 48.096413 44.538737 48.882312 48.333658 49.498792 48.008079 48.743130 45.979895 46.815075 46.604569 49.881835 46.378707 48.022054 47.128069 46.081350 46.889482 45.923854 43.540204 47.560094 46.982241 48.704023 49.330030 46.062134 47.635765 44.683171 45.073146 44.437399 42.602695 46.737072 47.878563 47.559391 50.056611 50.773681 42.779786 47.944460 46.352862 46.546610 45.314540 50.954553 50.073795 45.946855 47.320632 49.640951 48.012829 46.958985 46.896563 47.863757 46.623906 43.326061 45.039213 50.044082 46.619421 48.341250 48.489825 51.397253 47.562945 47.457428 48.334245 48.768109 44.905930 48.633832 45.740491 47.529552 49.704464 43.457699 49.144176 47.863389 48.717906 50.974822 46.195915 49.476639 49.204077 50.020930 45.358630 46.198130 45.330845 44.149895 47.192671 47.595552 49.457372 47.408004 47.090449 44.617716 45.840038 43.993491 44.002575 46.280571 47.271098 45.084477 49.271541 45.542950 49.663129 44.760453 52.210506 48.234974 45.587657 48.142213 47.144123 50.501052 45.576544 47.991407 47.839238 49.505408 44.851710 52.041469 47.867066 45.732337 49.495051 43.792078 49.211360 46.732656 51.726636 45.926028 52.660671 44.864046 45.733070 50.808914 49.247141 
53.071945 54.473877 48.433909 53.160913 47.287507 49.393983 50.153272 55.121602 52.445077 55.397384 48.779741 53.221428 54.312538 50.947890 51.691846 50.272944 51.909101 48.234712 52.246929 49.626562 50.093934 52.746551 48.834049 52.730092 54.772088 51.035146 54.047868 49.924835 50.377504 50.384977 51.125804 47.215255 50.673339 51.016411 53.143649 50.208039 48.892414 51.036360 55.397680 53.965769 54.775329 50.226765 50.624721 51.370504 51.938618 52.670584 52.229024 51.410884 51.136986 52.612208 48.762967 49.548351 56.565535 45.787369 53.734358 55.320559 53.112719 51.211285 50.210710 50.190032 48.048899 53.505812 49.248813 51.289857 52.524331 55.106681 47.028235 52.658897 49.966839 53.689864 54.620971 48.684473 45.520480 48.418369 49.257528 51.961037 47.118308 54.813459 49.544606 47.358727 49.195341 51.244052 52.860708 47.385078 53.012830 51.475190 53.956507 55.652091 52.746703 49.161153 50.589886 47.513630 52.383752 51.179880 54.043426 52.395886 51.491929 52.440549 51.855987 47.247521 53.622590 50.383268 53.239632 53.871372 53.514271 52.467271 49.494623 48.796395 46.925156 47.782864 52.597196 49.277464 53.065340 53.089970 53.704556 47.772426 52.470911 51.693040 51.142038 49.346995 53.348470 53.538737 50.538424 53.855969 54.189766 53.885000 50.192123 50.755101 51.709625 51.211355 50.762375 49.569212 53.942077 52.269456 49.567292 52.849056 55.134920 52.095335 53.703198 49.181195 50.773699 50.258529 52.831067 49.595948 57.877683 51.754069 45.776905 54.986610 50.209429 54.250992 55.518350 49.925462 53.489698 53.021958 52.799672 51.769656 49.077624 50.283241 48.781616 49.159220 49.463546 53.596496 52.098905 51.109917 48.944062 50.079693 51.854877 47.432434 47.035219 51.296748 50.108493 51.975018 49.174802 54.129881 51.080819 57.922893 53.696365 48.703310 51.536816 51.572682 56.987800 47.870081 52.306044 52.354841 51.418342 50.345150 56.985049 52.724201 49.119634 51.624483 48.605687 50.839880 51.374993 52.819511 49.136142 58.998254 48.324247 48.029371 54.533442 52.152318 
52.898066 55.098170 47.926383 51.039415 46.883246 49.270183 48.827075 53.560222 50.784217 52.604877 49.419977 51.536346 54.529311 49.000641 53.187821 49.281089 50.623540 46.850523 50.800859 50.490499 49.703732 51.997704 46.915714 50.522442 54.223876 52.206141 53.058137 50.016075 48.518294 48.804357 48.829479 46.931749 50.027299 51.287167 51.202198 51.200223 50.813308 49.656649 51.175380 53.108432 52.167439 50.627961 47.472030 51.507217 49.031194 50.642630 53.549169 48.470211 50.124903 51.723966 48.121465 45.034204 58.089500 46.064533 52.043307 51.192750 51.582459 48.623263 50.422658 50.662940 47.917015 54.563926 48.585369 50.112498 50.647675 54.553352 45.583391 51.104089 51.279421 53.351013 52.128552 49.566373 44.752059 47.655057 48.153414 52.391478 47.182242 53.852872 47.005917 46.633693 47.175276 49.338189 50.007494 47.322261 52.686278 49.235811 51.356025 53.284356 52.357846 50.623927 49.098167 48.164102 51.111820 52.804897 53.178788 50.576419 49.037255 50.385914 52.600388 47.829280 50.672063 51.019099 50.886556 53.728409 50.008944 51.715769 47.791371 48.152428 49.498625 45.281528 50.466142 52.356779 52.388286 53.643867 54.992370 47.710966 54.743620 53.079986 52.370514 51.015025 52.714647 53.723982 50.753238 51.794546 52.822741 49.722189 49.025691 47.711957 50.000028 50.431740 48.446615 51.468794 53.535879 51.336855 47.888152 53.538939 55.264346 50.229257 51.547613 49.615815 51.491730 46.601814 51.223437 47.799783 53.147646 50.825723 44.467092 54.729468 51.567825 51.090425 53.557141 49.259602 52.798006 54.007573 54.911820 49.134024 45.784672 49.644228 47.772622 48.217064 49.476738 51.504502 52.256732 46.434133 48.055428 48.878837 49.003731 47.625433 49.477727 49.695048 49.586090 49.726667 49.792891 53.522686 49.282949 55.466888 51.870506 47.739089 47.721823 50.082126 55.267582 49.593178 52.221008 51.154825 52.705623 51.111637 56.057562 50.349941 51.315915 51.009268 47.232729 52.174877 51.855534 53.623311 50.403399 57.851265 48.108148 47.748574 54.028916 53.607937 
48.451012 53.078596 47.175620 52.045364 48.060106 48.464679 46.226555 50.813269 47.196535 52.462260 49.548801 49.812369 53.707706 47.632355 50.224936 50.210120 47.536042 47.213964 48.055163 49.074680 49.661229 49.634851 47.165964 49.228338 50.633404 49.168384 50.867802 46.510271 48.399993 47.534938 47.019043 45.778953 48.484570 47.155780 50.366174 49.114017 47.262657 47.894929 52.316341 47.981131 52.112901 46.388498 46.777523 49.096287 48.665072 49.203482 50.362523 47.606435 50.029597 50.755005 46.678154 47.545445 55.650744 43.098349 50.381691 51.578187 47.508145 48.313409 46.821930 48.831233 43.826609 50.640773 47.668888 48.868667 50.746206 52.507630 43.228166 51.370940 51.470130 52.192196 50.661812 47.976080 43.639404 44.533509 48.494701 50.116000 46.201675 51.616604 47.032867 43.131804 45.577623 46.513885 50.295869 47.901430 49.416164 49.083258 49.424151 51.336327 52.174001 47.897464 48.434158 45.150593 50.899520 48.825832 51.482691 50.097727 46.347458 47.905838 51.315702 45.476734 51.220048 48.051763 48.937907 49.965504 48.645358 48.966322 46.920962 45.839235 45.062796 45.273080 49.609873 48.860579 49.670982 53.333586 52.382668 46.049325 48.208222 49.242561 49.233754 47.015148 51.316880 50.387553 50.290308 49.156532 50.790604 51.311110 47.140369 45.930215 46.246767 49.518327 46.981708 48.423468 51.547269 48.627730 47.352258 50.241750 53.731660 51.470280 49.005153 47.192307 47.184100 47.817927 49.999130 46.835905 51.618225 49.470391 43.331394 52.003390 49.596686 51.317753 51.655268 48.491780 49.511466 50.870526 51.050590 47.664391 47.418910 47.335109 46.586627 47.066875 49.527044 50.037524 49.240987 46.244664 47.419246 46.839506 47.742639 47.057419 47.674833 50.391028 46.590928 48.996028 47.664844 51.382159 48.610210 55.382166 49.153554 47.304222 48.424037 48.576198 51.597844 45.196071 50.530982 48.931511 48.336913 49.061303 56.181958 50.439775 47.321587 51.849971 48.169408 49.428219 48.947605 51.778131 46.799099 55.193592 46.267093 47.657479 53.333153 52.266088 
54.635210 55.856888 51.652028 53.903901 48.204089 50.683324 49.463919 55.207524 54.309706 53.041596 51.690358 51.915286 53.235633 49.000772 54.736790 50.374801 49.022165 48.509116 53.512035 51.885506 47.673838 51.425606 49.667785 51.294734 54.712789 51.928951 52.261049 51.330669 50.878155 49.260782 51.030481 51.850764 53.134221 50.567635 49.621812 50.771756 51.150807 49.113373 54.154225 53.475708 53.574649 51.277016 48.381679 50.914389 49.165212 49.758621 54.441946 48.775363 53.845874 52.905629 51.112876 49.750108 56.653678 49.588351 54.327113 53.334407 52.070258 50.444966 49.067772 50.993690 47.835953 53.512434 48.369060 51.189655 52.533844 54.603870 44.749316 50.730766 50.760627 53.241284 50.718414 50.893317 43.886357 46.942601 52.235872 53.543091 48.717398 53.792110 49.219874 48.209275 51.085131 50.685189 54.272425 47.602216 51.397061 50.517017 50.536065 54.806309 54.184052 50.999105 49.025611 49.177092 54.680169 52.616127 51.573616 51.570194 49.305156 51.855702 52.231420 47.356903 53.414938 51.840062 55.329424 54.330596 54.440728 53.078921 47.965588 49.195478 51.648922 45.976202 51.553062 51.190718 54.447180 55.328126 56.870353 47.430231 51.932481 50.299170 51.202391 50.032031 55.545443 53.359916 51.936218 52.042387 52.558819 53.398947 49.693599 50.432505 51.724095 52.439571 50.732013 49.893740 55.202555 51.582066 49.637138 52.117982 57.319783 51.967779 53.625671 51.189918 50.448996 49.085620 53.729298 50.239018 54.623240 54.827025 47.953513 53.553526 52.640521 54.386727 57.131892 54.082732 54.428366 54.292887 53.916183 50.098912 48.753092 49.648299 48.601339 50.878081 50.377679 53.131158 52.430072 50.558188 50.069393 52.541493 49.433277 48.523306 49.434222 52.947048 50.739228 50.575532 50.210325 54.797191 49.981481 57.121614 52.068645 49.072247 50.127276 51.475903 56.763832 50.372563 54.264858 51.691345 53.623479 51.768646 55.682546 53.370217 51.864289 52.865556 51.500653 55.331219 53.675219 55.481007 47.016728 57.281041 48.439552 49.616190 55.013463 55.569348 
50.206215 51.810181 45.785669 47.976626 42.777210 47.217544 46.256651 50.562525 46.779635 51.848037 45.066860 48.519607 49.505762 47.646055 49.180076 46.230260 45.005207 46.844809 46.013347 47.955902 45.001843 48.001225 44.871097 49.906404 51.391138 50.222965 47.412741 44.442012 45.595685 44.060120 45.741038 43.441965 47.479461 45.717806 48.548128 47.261921 47.843293 45.924485 51.389421 49.041324 48.415385 47.344771 46.396474 48.423920 47.154838 48.474447 50.341028 46.862655 48.174135 46.860662 44.923360 46.383992 52.757086 40.842629 48.732162 49.640617 49.163983 45.425036 46.719010 44.685050 44.747263 50.678381 45.868736 46.781490 48.091397 52.397493 41.539404 47.941046 46.732084 47.691692 48.135323 45.626583 41.030928 43.276346 47.482041 47.356978 44.206823 48.777501 45.572442 43.454296 44.153908 47.385817 47.008752 42.392961 49.328820 47.240025 45.959139 48.692072 49.414790 47.434511 47.924870 47.305141 49.890981 46.940073 51.648165 48.613969 46.050751 47.756776 48.370898 46.262083 47.078216 47.755731 49.028367 51.333906 48.578790 46.765934 44.929615 46.873141 45.566665 42.867089 47.688151 48.814901 52.054205 49.891897 50.304006 42.979817 48.562637 46.079741 46.392346 47.074536 50.069060 48.762484 47.694196 48.642718 48.363146 47.549156 46.935624 46.798631 47.345696 47.198635 46.528363 46.964416 47.449413 45.793369 47.906356 49.662264 52.661044 47.770785 46.347380 46.030437 47.788835 43.939645 49.156350 46.858230 50.411633 49.246585 41.602679 49.582211 47.060784 49.880100 52.183116 47.765588 49.607942 51.695911 48.545862 46.156115 44.016793 46.207724 45.324196 45.342826 48.385400 49.650656 49.148556 47.662048 46.816691 48.285224 45.387999 45.570201 44.045810 44.244889 46.635412 49.753446 43.884670 51.338151 44.835090 52.811504 46.072267 46.832703 47.660808 47.440635 51.350118 45.057484 48.323416 46.914783 48.064027 48.865572 51.778240 46.189295 45.524059 49.054829 46.165054 49.487164 48.431855 50.632297 48.425853 53.276584 44.428293 45.251031 53.275308 50.848006 
54.066855 54.055853 51.525544 53.436741 47.722466 50.792284 48.627064 53.380473 52.789945 54.925104 51.684094 54.668989 52.371717 51.701667 54.208122 49.561768 53.673972 49.282728 50.977765 49.534946 50.254324 53.504477 49.282474 51.528714 54.654214 51.908748 55.431021 50.969767 48.835256 49.615375 50.854962 49.650790 51.076775 52.469047 52.630334 50.753871 49.176743 48.679285 55.619890 54.225696 53.458377 48.518466 49.424927 53.231039 48.938922 53.957426 52.675619 50.949584 52.995830 51.906051 51.201982 47.616841 54.771668 47.433347 52.710134 53.787531 52.087150 50.905373 49.331574 49.678022 49.169410 51.403384 47.485226 53.362815 52.724322 53.913137 46.377018 53.434553 52.422848 52.826401 51.978568 51.422809 47.320675 46.307576 50.636423 53.880926 48.155388 53.970320 48.810426 48.261559 48.504023 49.271200 52.018157 48.254320 53.582680 53.107915 50.753574 53.705908 54.226347 51.071346 50.094156 47.629918 51.704301 53.726066 51.511940 52.649318 48.031135 53.233488 50.161287 47.949377 53.169066 52.310656 53.547870 51.653099 50.917120 54.537313 48.955965 50.111497 49.368391 48.625006 51.154970 52.492156 53.432203 52.798655 53.427154 48.735061 53.416651 52.345853 52.471747 49.406741 54.176685 53.848417 52.644165 52.653839 52.033017 52.544572 51.369211 49.892268 53.099057 52.480615 49.279134 48.614832 56.264741 50.505906 49.743396 53.193901 57.985996 54.868697 53.283030 51.290038 50.477188 50.042293 53.574798 49.102296 56.541704 51.768074 48.699539 56.196359 52.715913 53.309899 53.316774 51.245665 54.505139 53.383150 53.703727 51.028761 48.247598 53.216353 48.326357 49.272436 51.730042 56.662259 52.722991 50.720016 51.699726 52.246838 50.559782 48.024828 50.124484 50.073523 50.635091 49.375249 51.335624 54.856817 50.556945 56.812130 51.604316 48.245477 51.295829 52.349715 55.036991 49.068817 54.870906 50.307711 52.288828 49.811136 57.753724 51.027760 49.957040 51.397631 49.530825 53.750051 51.495406 56.635598 49.065708 58.845603 49.666066 47.557720 56.468340 53.008535 
47.418220 50.505172 46.647240 46.219821 42.984138 47.392644 44.865912 48.214118 48.123951 48.472868 47.306466 48.448664 48.134975 44.514682 49.918057 45.934833 47.053412 43.191428 47.874990 45.256944 45.612283 47.070104 46.070409 46.902869 50.750701 45.464853 49.914122 42.679386 45.243818 43.670882 44.918422 43.844241 45.622045 46.821364 48.654340 46.608083 45.488935 45.391720 49.759970 47.987846 48.021715 46.379444 46.007814 45.823791 45.546983 48.069166 47.968173 44.948424 47.886186 46.439665 45.038409 45.528081 49.460936 42.207768 51.146152 47.157633 47.795654 46.661332 45.954457 46.309925 44.593702 49.710357 44.952834 47.519872 47.295206 48.463860 41.188058 48.165813 47.456479 49.340870 48.012435 45.723154 39.935431 42.583956 45.434551 49.918959 43.050838 50.509662 45.177798 43.347333 43.964559 49.242174 47.134447 42.179865 48.129522 45.323796 45.010862 50.041313 50.125554 45.611422 43.073268 42.816715 47.702723 48.222217 48.203060 47.237929 43.984957 47.143975 46.480202 41.601604 49.136386 47.902915 47.894493 47.329539 47.311231 46.849037 42.386591 44.895782 40.797589 42.194202 46.838262 46.900200 45.494201 48.628536 49.800343 44.937636 46.845243 49.758048 47.527398 46.237757 49.451709 49.576690 46.535249 46.879245 48.665668 49.023359 44.470703 43.788196 47.926214 44.803223 44.275835 46.151825 49.203910 46.522354 45.280964 49.040448 50.962975 48.497061 48.017949 42.904744 45.962655 44.359532 48.401534 46.308454 51.960157 47.309022 41.795329 49.913311 47.683884 46.259186 50.878807 46.581294 49.024295 47.755026 48.615149 45.019124 43.326522 45.903051 41.059170 43.966523 44.290219 50.063784 46.188904 45.532266 44.858840 45.551266 44.822953 43.117603 45.810827 46.543416 46.079562 45.452043 45.082968 48.171765 46.371491 52.688946 48.133687 47.317268 46.805615 45.194122 51.503576 42.990090 47.295751 46.427601 45.024050 45.525600 48.041702 47.546909 45.120430 48.727683 43.788464 49.639083 46.221060 47.964221 43.947537 52.964110 44.664162 43.390249 50.120212 50.007467 
52.823216 53.859553 44.157659 51.148663 45.258830 51.290781 48.649732 52.321490 50.401426 52.915629 47.789034 52.096771 51.373168 48.271391 50.853920 48.433394 48.707379 48.421892 48.695761 47.106620 48.506612 48.571782 48.385557 49.390552 52.791404 47.899124 51.312628 47.416839 46.787537 45.833716 46.529441 46.788692 49.331316 48.044193 49.430853 49.160893 48.188367 47.360247 54.196225 47.358912 50.918131 49.261502 46.154761 49.532412 44.936537 49.356603 49.360617 45.805348 49.010166 49.980929 47.630054 45.620923 54.548567 43.839831 52.483164 50.565495 49.086518 48.929863 48.149006 48.231029 46.905807 51.127337 48.224249 50.698816 49.456710 52.327634 45.527116 49.613276 47.766533 52.457697 49.463065 47.050465 44.220532 43.975941 46.643597 50.901437 46.122396 50.336015 48.689613 42.562903 44.782309 51.198252 49.319692 41.919878 50.468853 46.952651 48.900989 52.198577 52.308660 47.231179 47.027443 48.200201 50.876029 49.897892 49.089877 49.954313 42.467185 49.496268 48.371101 48.643050 49.555359 47.264341 49.631423 50.926378 50.316849 47.952138 47.555783 48.165054 44.977588 46.101752 48.403222 48.852997 49.710044 52.456938 52.553441 48.307423 50.774754 47.961863 48.733508 46.520932 53.205628 49.662038 49.440335 49.844119 47.385029 51.062263 47.123609 46.008766 47.244380 50.228090 47.617751 50.780493 50.351440 49.919791 47.371882 48.651776 51.972183 51.154519 50.546339 45.853925 47.475848 47.447124 50.805951 48.976526 52.516362 48.405749 44.831943 50.462509 45.158783 47.877932 52.031995 49.876248 52.257788 50.633173 50.109337 48.084688 48.234933 48.482163 46.925777 45.492433 48.924140 55.157213 48.184044 47.281057 47.735967 47.496383 48.081326 45.587980 49.358195 47.289686 45.297833 50.358277 48.016856 52.737962 49.592925 54.669685 48.156050 46.854135 48.027735 48.618918 53.173778 48.304083 48.080125 46.328931 48.507633 47.864943 51.768557 48.290976 46.684028 52.151048 48.094913 51.856007 49.092436 51.900551 47.460977 55.072461 48.263957 45.860942 53.543543 51.168114 
52.160854 58.313155 50.026333 53.661379 48.168694 50.534409 49.136600 52.823953 50.486333 54.871453 51.274422 53.500312 55.232186 49.799797 51.228478 50.832972 48.006980 48.669767 50.888920 51.200883 50.092707 52.856092 48.473732 50.485053 53.095477 52.211128 51.054009 49.512875 51.468262 51.756862 49.738979 48.561853 50.791523 50.178811 52.599928 51.264041 49.303440 50.194415 57.394859 52.341975 51.389006 51.012488 49.300171 50.769642 50.515568 53.002360 51.133147 49.266844 54.198967 51.491229 49.497631 51.623872 56.823568 48.199593 55.015092 53.325785 52.536241 51.885926 48.547161 53.188375 47.596382 55.866609 51.721999 52.488737 53.022925 54.829135 45.098010 53.136314 51.177910 54.930779 51.684054 50.842187 45.295871 48.809631 50.445158 51.484126 48.860411 52.556987 49.407943 48.464579 47.089529 50.784822 52.169773 46.233415 52.129429 51.315330 51.668342 53.207290 53.071803 51.818345 51.968476 47.615631 54.463601 52.408106 54.072571 52.047353 48.528722 51.613762 51.006169 49.853149 52.329429 54.257428 53.968686 53.765061 52.751726 52.072224 47.727000 50.809762 46.559500 46.584737 51.652832 54.628490 53.534327 54.812985 56.398432 47.843286 51.549421 51.185977 50.492447 51.556356 54.996053 51.960663 52.512654 53.403669 54.501423 51.956697 50.326874 48.677104 51.540142 50.980417 47.697887 51.853971 53.495238 51.198646 49.838937 52.243588 56.113293 53.370748 50.325747 49.385331 52.867139 47.514355 52.286914 49.105495 53.262210 50.386929 45.524703 54.481133 50.570791 51.913074 56.333064 51.131333 53.468071 51.974847 54.338254 49.752244 49.470414 51.837513 48.658414 49.954542 51.734829 54.778033 52.004388 48.960242 49.867191 50.820339 49.399935 48.092408 49.934591 50.623336 48.856248 50.881010 47.929133 53.723335 49.699608 56.412015 50.363257 49.998932 52.971393 50.148463 56.486378 48.275987 50.761112 50.880211 52.075525 48.751473 56.265637 51.846099 50.830619 52.787673 49.979065 54.134160 50.716879 56.039165 50.396952 57.424469 48.050677 48.824679 55.110780 54.437121 
51.678102 55.509137 47.450374 52.069188 46.755918 48.451616 48.734766 51.379482 52.641966 52.259096 49.005938 48.965096 53.648419 48.397871 50.994186 47.586916 46.088631 46.931395 51.027045 50.429774 48.930118 49.295309 47.196181 48.475383 51.753225 49.900184 49.023277 48.259986 49.318414 48.259589 48.266584 46.549017 48.514775 48.883067 50.701442 51.602230 47.525479 48.482633 53.920537 50.413409 51.774369 47.549004 47.379215 48.652198 48.208560 46.824068 52.018747 47.719317 49.745336 49.627794 48.237870 48.767263 53.986205 45.398775 48.250259 50.959786 50.545600 50.458244 47.945035 48.011042 45.845764 49.955272 47.647127 51.250280 50.242741 52.621858 44.882356 48.725984 49.877519 52.277996 50.086006 48.463589 43.174736 47.311187 45.090584 49.563179 45.782124 50.266987 49.831492 45.811636 48.195525 52.021382 51.349096 44.403269 51.505728 46.957557 48.631492 52.872677 52.267128 47.996767 48.870288 45.074240 50.290516 49.157041 51.067871 50.392254 49.799271 49.038752 51.526943 46.870411 52.205263 50.396428 50.860223 51.497383 51.135163 49.894869 46.584124 48.088785 46.188402 46.079736 50.573047 50.411689 49.988360 53.671260 53.791142 44.945329 51.968535 52.824415 49.298766 48.753002 55.142061 50.556392 50.244543 51.143940 50.993147 51.100101 48.386625 49.737288 49.223432 46.268781 49.618178 49.400721 50.020130 49.776499 48.570932 50.233703 52.436310 51.254520 51.250158 46.554955 46.390531 46.118603 52.142330 48.293036 52.453928 47.672128 41.562723 51.079623 49.740111 48.556144 53.036749 52.084418 53.151614 52.551174 51.947662 49.332495 45.709638 49.209678 46.446587 46.498911 50.149763 51.408131 51.661877 47.489675 46.876535 50.161798 48.574500 48.153803 47.890688 49.626243 45.057287 48.035727 46.225733 52.977728 49.279909 54.247702 48.986624 48.071196 49.724853 48.469204 54.066562 44.977094 50.504547 49.916094 52.999039 49.581166 54.635156 49.955661 47.419486 52.063382 47.641733 51.404290 49.798504 52.303955 46.745484 55.150232 48.496354 48.156428 53.972978 51.236610 
54.172888 57.590228 49.606778 52.548840 50.344412 51.266839 50.950486 55.670511 52.745702 54.204878 52.559372 52.862006 56.025217 50.451999 52.942382 49.698448 49.560019 50.332601 51.561795 51.356260 49.350508 53.891481 50.376507 50.323323 53.272773 53.930424 54.966948 46.942557 49.350709 48.279589 49.822743 49.780831 52.208502 51.966784 53.558307 53.844435 49.988516 49.324417 54.465506 52.951692 53.214832 50.035889 50.135207 53.698985 51.716618 52.301383 52.079693 51.378004 50.830122 50.226616 51.043670 49.111613 56.751540 47.467228 51.874593 52.241288 51.242914 51.250559 49.631943 50.108680 49.560223 56.182900 49.949944 52.704737 54.966904 53.476986 46.987869 52.285980 52.412926 52.250408 51.037668 50.620353 45.341236 47.776410 52.036172 51.305360 49.256882 54.365599 49.999614 48.720460 48.632884 50.205761 51.600844 46.224512 52.760893 52.326280 55.295624 54.874853 54.921365 51.582225 49.088132 46.890201 53.795585 53.159352 54.499413 50.352597 48.389922 52.827116 51.167143 49.461332 53.497861 51.461704 53.467813 50.610087 50.862849 51.109573 50.857547 50.070024 48.436896 50.424306 53.465153 54.200038 50.693010 54.948193 55.792092 46.596765 52.436328 52.707242 51.821117 53.460304 55.820901 53.422977 49.132558 53.381565 55.356603 52.292969 50.818811 48.258985 51.650227 52.797338 47.766776 50.458413 52.450611 52.142784 49.011007 53.909314 56.808410 53.407973 53.965400 51.265257 50.542589 49.323394 54.399683 51.021987 55.888563 52.524359 46.196335 55.106787 52.195113 50.861820 56.654739 50.633979 53.278475 54.594987 57.004063 49.740946 51.370929 49.989621 50.771636 50.083348 52.932303 57.063883 51.315256 49.537072 50.687598 50.483494 47.507746 48.465877 48.384811 50.159691 49.454786 50.964049 49.217233 53.631482 48.632543 59.011990 50.593896 49.040765 52.207398 53.098262 54.249508 48.132211 56.954459 51.012041 52.594586 51.015593 55.619370 50.454731 50.405711 53.756683 51.362805 54.877133 50.333074 55.690377 51.750905 57.988706 49.273397 50.437751 57.298775 55.644755 
47.770273 49.699164 44.296039 47.570829 41.619391 47.820518 43.498027 49.247855 44.621536 48.999327 45.345945 46.120443 49.447647 45.678488 45.680938 43.433921 43.741132 41.255213 46.074571 45.730058 47.676081 46.918307 44.008161 46.064460 48.452228 44.930913 46.189721 44.447383 44.682497 44.174677 43.610910 43.828953 46.943070 44.835815 47.281169 46.086095 44.336684 45.117882 48.878760 46.090534 48.522766 43.901108 46.085012 45.100089 45.325911 44.775119 46.921539 47.706006 47.337096 45.920955 46.520042 45.454387 50.858466 43.276255 46.988848 47.169993 46.698824 45.580955 46.352239 46.093168 43.670350 48.845124 45.360025 45.327377 47.427725 50.839477 42.135335 45.180544 43.023839 46.345546 44.002261 44.237891 39.817326 42.779067 45.238256 48.483608 43.857144 47.973213 45.761589 42.640571 41.485694 47.056279 44.968892 42.114445 46.915924 44.038012 45.679639 48.673773 47.283845 45.743321 46.225097 43.668268 47.661185 48.445109 49.037149 48.429108 43.071920 43.342478 45.758022 42.939229 46.980420 44.767752 47.408195 45.391438 47.269040 45.096057 42.227613 43.988791 41.779232 42.176224 43.725953 47.316618 49.395873 48.740851 48.540730 42.548358 49.550247 47.213665 44.393494 44.972930 48.235143 49.736180 45.532656 46.227992 45.180940 47.821887 43.471567 45.546946 47.126376 45.323179 46.222314 45.082456 48.594833 45.485696 45.900284 48.097079 49.598290 44.674842 47.164084 43.782785 44.139968 44.502765 46.685343 43.669054 48.664419 48.767557 39.307342 48.275699 45.350449 46.656194 51.061720 45.029419 48.098330 50.028996 48.830262 44.360842 41.242168 44.733046 43.540439 43.261420 45.686056 48.236671 45.191706 45.036566 44.074150 43.971858 45.902687 44.042084 45.358190 45.105971 40.071459 45.534087 44.171240 49.162441 44.626470 51.404860 45.748662 42.880392 45.907049 44.717646 51.334957 44.843803 46.647834 43.533193 47.332247 45.584808 51.137632 44.246648 43.468876 45.714079 44.948993 48.750213 46.004930 47.966879 44.757460 54.791474 44.588044 44.276265 49.585544 49.820164 
