200
48.995801 53.192493 49.500571 51.058358 47.482586 48.067873 51.964075 49.676793 53.706239 47.130801 49.506097 47.318479 48.022201 46.280522 50.055649 51.726814 47.586376 48.288341 46.694035 45.612146 49.501201 52.801213 47.654510 45.439929 53.687537 53.349335 51.511488 52.627046 56.527360 48.694161 47.108431 48.592179 47.841149 49.518077 47.707493 50.949288 52.993663 52.606274 52.657237 46.612926 49.282745 49.699033 45.800785 50.500526 45.199367 49.154360 49.051136 49.833420 46.120199 52.074104 51.004551 47.537565 50.511677 48.481075 50.094693 46.479428 48.495396 45.146324 50.093840 47.169545 53.977682 49.067231 46.305272 50.728205 47.678480 49.930669 48.081077 52.671672 54.480299 47.999022 49.957393 48.424089 46.269138 50.220777 48.075207 51.877250 47.071858 50.948969 53.488671 49.234393 51.312554 50.990708 47.699892 47.377132 51.571422 46.050730 46.857834 55.958597 52.610263 54.130681 51.181263 47.791615 49.842103 48.689284 50.841364 49.864155 48.922179 48.873121 48.502827 49.099471 49.812291 47.557441 48.461501 48.472071 47.805107 47.863912 50.865561 47.557488 50.916997 47.498079 49.588595 48.591183 47.185431 46.957169 51.590375 48.090057 53.261079 50.262211 52.204710 54.445404 48.061933 53.244988 49.951086 49.920784 47.886073 50.816066 50.053221 49.183186 51.774409 46.861537 46.792287 49.198863 47.778595 50.883190 49.698372 54.938683 48.169537 51.415307 49.242703 45.698819 51.635820 47.159886 54.721359 52.909127 48.894567 53.253076 50.341347 53.266925 50.844371 49.277573 48.004534 46.467886 51.257843 55.737225 47.027411 51.771097 52.294712 51.770573 47.814456 49.376075 46.229556 52.989075 48.250626 47.290026 52.262628 50.343999 46.603646 52.683405 51.005273 48.310921 48.226719 49.868377 51.229783 50.872806 51.764696 48.064709 48.949800 46.921507 49.447195 51.936082 46.280367 47.267946 52.132995 50.264858 52.243916 46.133299 48.784610 46.851164 48.794974 51.303463 53.146540 46.717946 53.672661 49.523255 47.148920 53.449889 48.035899 53.483851 49.359610 46.285687 
46.257912 46.204586 45.713297 44.533206 45.227122 44.358699 47.686965 47.126347 49.669418 42.773961 47.839380 45.634882 45.089602 44.489558 45.504273 46.361424 46.123054 46.957324 43.274153 45.847978 45.559700 47.103740 45.879651 42.812179 48.167403 49.761383 45.474796 48.362683 53.797234 45.799691 45.113910 45.618325 44.895964 44.107953 45.834485 45.863139 50.052234 46.553204 48.246027 42.826444 47.628102 46.540793 42.612151 46.433036 44.039069 46.041952 45.970905 45.336777 42.549031 46.861425 46.357730 45.957149 47.724988 44.837710 44.641631 44.426637 44.718487 39.917666 46.316116 45.106897 51.229220 44.273998 43.140312 48.022001 41.577400 45.781936 46.739457 48.789694 49.322978 45.374357 48.308999 43.851009 45.815167 46.134902 45.642172 51.165603 44.491251 43.847449 49.257472 46.267760 45.041050 48.057135 44.118781 41.720113 49.480841 44.837613 43.731457 49.267576 45.301121 49.787844 49.928090 44.464639 45.211409 48.192789 45.179902 46.597740 45.606772 46.453821 43.820520 44.535982 47.113615 44.029440 45.772402 48.149210 44.178459 44.746010 44.324389 46.322949 49.804805 44.504786 46.699908 43.835921 45.997859 44.042306 47.878965 46.302278 45.999502 44.248937 46.112454 50.535494 47.820020 47.957420 43.589607 48.275289 44.431796 46.596628 45.152685 44.884926 50.170132 45.048390 44.702615 46.633828 44.087485 50.318182 43.941182 50.063959 43.840666 48.543150 44.966327 41.784112 50.874690 44.185089 50.142494 48.649170 46.652248 48.516080 45.511109 47.049299 47.532054 47.426095 45.523505 42.997786 47.379489 51.049835 43.798498 47.545260 46.776786 48.981632 46.360742 46.135734 42.460450 47.406203 46.055943 45.655644 46.827603 46.442936 43.338690 49.857590 50.603144 42.424012 45.632790 46.773505 47.811441 46.554487 45.582306 46.096551 46.551011 42.555752 45.214091 44.865759 42.286410 45.074565 49.483530 46.370448 48.748557 44.204981 45.884532 43.333301 48.016250 47.457183 46.122543 44.385531 50.075462 46.086665 42.272668 48.418880 42.390750 49.395542 45.271219 44.406110 
46.043852 49.547534 48.523696 46.746253 45.894037 48.002702 49.606547 49.407385 49.455680 46.741524 50.607517 44.803089 45.497603 47.046266 49.311004 46.485078 46.394402 44.542930 47.800586 48.026217 48.196582 49.652081 49.231827 44.299617 50.331537 53.287611 47.024307 48.940835 53.485689 46.956026 46.846888 47.306957 46.352574 49.225258 48.228321 48.809823 50.744257 50.147851 51.393925 46.725260 50.493672 49.838865 43.188779 48.508703 47.184906 48.776987 46.309943 47.716095 45.631047 47.836120 48.408263 46.812923 50.278712 46.019471 47.308784 44.287739 49.305509 43.516326 49.479916 45.918475 54.252111 48.025541 43.033215 50.265895 41.946999 48.190779 49.119469 50.984671 49.597512 43.634638 48.005926 47.997034 46.646188 49.753303 47.508777 53.513232 45.851230 48.101166 51.171552 50.066491 46.376370 48.159497 47.888894 45.391317 51.109125 45.739513 47.423778 52.313942 50.677156 50.705610 51.188213 46.075947 47.960294 51.230744 49.168597 48.728194 47.759026 47.436390 49.457778 48.606844 47.435623 46.226545 45.334468 48.461624 47.668921 46.388421 49.181962 48.880255 49.396321 47.435286 50.299777 47.238094 43.574970 48.097797 51.601164 49.209528 48.030108 51.042718 47.873007 53.020986 48.010122 51.749683 50.017108 50.103714 46.557347 47.622073 48.733867 49.489567 51.154248 48.428892 41.672168 48.680012 47.065407 51.401872 47.369892 51.791253 49.799507 50.116590 48.627976 42.924096 49.322129 48.485125 50.036525 55.371687 47.889744 50.555794 47.778513 50.586586 49.723780 47.487118 46.860736 47.737861 50.786555 54.294219 45.423603 47.374833 48.535392 50.482534 48.610880 49.598623 43.342454 51.797648 51.272156 47.591766 48.276417 50.246089 46.542075 54.124601 49.712177 47.904104 46.908793 47.750492 52.180118 47.441340 47.452341 45.736478 50.536951 45.098629 48.732230 49.824140 46.259853 48.137572 49.557211 50.636426 49.149788 44.560228 45.957298 47.512937 46.529447 51.170268 49.415564 45.436382 51.844172 48.151468 47.113240 51.656447 43.915375 49.969969 47.633042 44.898402 
45.624827 49.888784 49.403194 49.140440 46.392701 49.539456 50.752622 51.098160 51.306359 48.723681 48.582447 46.319806 47.931792 47.266474 49.929798 49.701743 47.891063 45.592826 48.801641 49.761747 48.168530 49.043530 49.024949 46.810264 50.039501 53.573668 50.271544 47.541510 57.477022 46.427015 49.729744 48.890767 45.622971 48.447888 47.673110 47.220345 54.891749 52.238782 51.848358 45.495014 50.296587 53.356131 43.680626 52.405636 49.104444 48.844894 49.570670 51.163661 47.919222 47.473341 50.506409 47.863842 50.102600 47.144687 48.851072 46.171511 48.633532 44.693262 47.027697 48.280065 53.721550 49.533326 45.658071 49.831764 44.071923 45.861024 47.999139 52.565693 51.167375 46.001600 51.665058 49.411509 45.165916 49.055872 48.751538 55.397040 47.670692 48.729081 51.476249 50.905725 50.151297 47.851808 50.605331 44.800189 51.054241 44.832020 46.758517 52.276794 48.588288 53.042453 49.512701 44.809728 51.572564 51.682693 49.414213 48.868925 48.621941 49.938319 48.549183 49.285805 46.627392 42.787532 46.908710 46.689776 47.373323 45.109404 48.490945 50.272671 52.895597 48.146519 48.429365 48.126546 48.367801 50.077212 54.279120 48.050588 50.601402 49.298202 47.797056 52.011589 47.223280 50.149085 47.195728 49.908012 48.574017 47.533829 49.162878 48.757532 51.300469 49.047002 47.061975 50.801333 48.717528 51.566456 49.834493 53.242253 48.987866 51.200555 49.750745 43.311137 51.932979 49.621127 50.098298 53.478418 50.103174 49.951035 49.743744 50.943589 47.448370 47.506488 48.126735 46.565751 51.051091 52.305178 44.785714 50.260376 49.932785 50.502146 46.792406 48.645134 44.319333 53.082944 48.270128 46.619688 50.790140 49.022448 46.649076 53.341756 50.482000 48.801817 47.486936 50.096172 49.390749 48.577231 46.578784 48.126400 48.858766 45.682638 49.335043 49.715796 47.387165 48.706533 52.444975 50.108076 50.133081 43.809760 48.029344 48.784234 48.658524 48.357644 49.681916 46.652041 52.470518 48.724941 44.589706 50.929086 47.117121 50.380105 49.768588 43.955799 
46.084853 50.239668 48.939145 49.758788 47.353306 47.928544 51.291524 52.083973 51.438226 49.016733 51.128012 49.079620 46.398804 45.403185 48.842419 51.609073 48.572448 49.539790 47.697163 47.964503 46.591088 51.780625 50.694122 45.818535 53.138030 52.026738 47.778967 50.037060 54.554173 46.728895 45.637712 47.773328 46.465517 48.767711 49.791128 50.671940 54.421886 53.117969 50.242743 47.163656 50.319844 50.202996 45.778369 49.468294 47.663783 51.435964 48.876054 49.232600 46.204353 49.783121 48.565306 47.858773 50.317347 44.893269 50.079224 48.882880 50.471750 41.627187 48.302625 46.148395 56.879718 48.687311 46.325447 49.013630 46.433377 49.232446 50.919313 53.338240 51.795937 45.864273 49.003382 46.031892 46.049837 50.422911 49.009929 51.396780 47.385769 48.199122 52.457206 48.107734 49.236901 49.908637 49.519941 46.105223 52.075597 46.117272 44.565935 52.754142 51.407945 52.533814 51.834078 46.819312 50.381628 52.280730 49.416847 48.977228 50.149097 45.997806 49.858908 46.380847 49.783704 43.893922 49.683054 48.225661 47.341900 47.480749 50.204567 47.775307 51.158266 46.330022 47.968392 46.790358 46.866253 49.079877 53.044866 50.926086 48.327785 49.187930 49.480612 53.633273 46.983670 48.161209 50.650365 48.131168 50.006584 50.757063 51.603166 50.006044 51.340286 48.505489 46.234342 49.014122 47.497102 52.593057 48.657115 51.559463 47.651592 51.189932 48.900981 44.410911 52.601371 48.238863 53.413093 52.496549 49.892989 48.774915 50.504929 51.993330 49.479097 50.574432 50.046161 47.171879 50.068302 56.018149 46.245236 51.708511 49.935306 52.133714 47.189168 48.740784 43.372656 53.899296 48.810236 46.830817 51.887524 50.435268 48.757642 52.328530 52.176302 47.428553 47.923553 48.735397 52.682834 48.876876 47.275331 49.800847 50.360817 47.855717 48.291932 50.320369 45.130377 50.342773 50.937388 51.680650 50.156205 44.893626 49.577222 48.327570 50.766926 50.302032 51.156740 46.927031 51.383932 47.864279 45.138221 50.797431 46.207508 51.332446 49.033678 44.255983 
49.058834 50.824299 52.856781 52.153176 49.972189 51.375802 51.550159 51.111114 52.987934 49.486891 51.132803 50.013234 47.938812 50.302424 52.408420 52.025384 50.880129 50.333002 50.105524 51.212220 49.129857 53.280750 51.058155 46.019949 53.734621 52.565084 49.624743 53.278196 58.140003 49.993373 47.344287 50.765101 48.682932 51.076968 49.676227 52.487074 54.246296 53.237187 53.686653 49.013255 52.247875 54.086864 48.008569 53.520954 50.444548 53.314639 51.853796 51.646928 49.663724 51.459477 50.606507 51.319529 53.162993 49.225926 50.108162 47.514114 51.916604 44.701264 51.386734 48.057213 56.807257 50.580739 47.397728 53.099878 45.422265 49.215514 52.822910 55.807475 52.679647 47.651377 53.801888 51.524696 48.452716 52.361204 48.846655 55.367043 49.776968 51.389501 51.984548 51.619986 53.200854 52.483580 52.059508 47.427681 55.449482 48.491657 46.517601 56.268256 52.093473 52.769192 51.483798 51.573536 51.459482 54.248679 50.981792 52.636800 50.712921 51.638456 50.326918 49.631671 51.005096 48.188425 50.676389 51.218452 49.633253 48.999735 51.011486 52.628462 53.012094 48.694438 51.155622 49.518463 48.840433 51.369648 54.125168 51.800824 51.290349 50.665457 53.029560 56.698880 49.491769 53.745736 49.085772 53.011001 49.482345 50.942267 52.162241 50.899656 54.412460 51.132824 47.472217 53.869136 49.699024 55.642156 48.367973 55.875758 53.073318 52.810175 50.889753 45.181504 53.229141 50.547346 55.856411 55.283353 50.187599 51.041002 52.139902 55.613813 52.084234 49.094307 51.930898 50.806081 51.935093 57.118667 46.158409 54.383992 52.809757 51.504888 50.977966 50.936083 46.881422 56.128948 49.762468 50.247451 52.695025 51.974021 48.890472 56.112129 53.055447 49.349206 50.153357 48.466962 53.636907 50.406300 48.804660 49.320957 52.748296 47.212163 52.286482 50.834973 49.857873 51.237728 53.349556 54.706481 51.419650 45.315147 49.277416 48.659688 50.959403 52.472162 53.717588 51.522719 53.708822 51.150333 46.633366 52.095955 48.596181 53.053694 52.666618 48.678880 
45.705493 48.737092 46.977208 47.819402 45.478662 45.246021 48.012960 49.342059 50.613469 43.280337 47.869081 46.628149 44.770130 42.076728 46.165767 46.932030 46.899686 48.238267 45.246767 44.668488 46.511433 50.448169 48.545171 42.395297 51.283224 50.207343 44.590396 47.626825 52.849676 46.832972 43.172351 46.023204 44.895945 46.633136 47.338407 46.855465 51.709422 48.987300 50.017646 43.336727 48.909120 48.110658 45.676631 48.422646 44.856261 47.588500 48.278341 46.430397 46.124582 44.515005 45.827161 46.109491 48.300109 44.509767 46.716549 46.394446 46.738185 39.900066 46.320111 44.270488 49.404359 45.150082 41.674787 47.487753 42.782599 47.065409 46.882296 49.283100 48.741447 45.332869 48.609440 46.490785 43.846036 49.075170 43.502146 49.036120 45.350150 46.691839 49.755641 46.201867 47.849072 47.815769 46.502394 43.365488 51.209737 44.715909 43.403339 47.196496 49.789543 50.167939 48.489685 46.619589 47.987598 50.139776 44.499111 47.340071 46.689294 44.972887 47.706818 44.213673 44.757698 44.915766 45.117509 47.926492 44.499066 45.790523 47.145651 46.438863 49.280822 43.972298 46.236707 45.695105 45.958680 44.877059 49.263660 46.640360 48.453537 47.250678 47.219743 51.503203 44.836381 46.910637 44.851060 45.452793 47.251553 45.055867 47.946703 47.812619 48.717576 46.766058 45.965758 46.578308 45.173055 51.538413 45.292169 49.889567 45.849658 49.356036 48.340546 41.675567 47.843652 45.350807 49.600297 51.082152 47.641458 48.450567 48.872144 48.070240 50.457724 47.096365 45.236921 44.438677 47.135096 51.440038 45.162105 48.323470 47.280042 49.201636 47.075936 49.538704 41.240852 50.712587 46.646444 45.797851 47.653078 49.730570 46.159888 52.400099 49.057287 44.220830 46.568700 43.902136 48.654635 45.284943 45.646925 45.841167 48.181819 43.860157 48.580818 47.314434 44.346844 46.805313 49.256074 49.226812 49.806470 43.443963 46.961885 45.999593 47.724013 49.091207 49.938273 46.953497 48.614042 47.316601 43.630310 49.946444 43.150351 48.744953 46.297976 43.513146 
48.328163 53.165379 51.169713 52.233273 49.506531 50.734986 51.065588 53.348476 56.011030 51.337961 52.981708 51.609776 50.660962 49.110030 53.214212 53.798868 49.039512 49.996841 49.824474 52.293433 50.226139 54.189855 51.251616 47.490661 55.961773 56.171419 51.810151 53.919360 58.675551 52.298659 49.346938 50.365104 48.874866 49.868886 51.554934 50.172256 54.466753 55.164177 54.669367 47.965521 53.989821 52.932718 46.036037 51.987528 49.360636 52.701561 51.172368 49.651799 51.117392 49.257427 52.143631 49.839549 52.269670 50.093803 52.437180 48.636986 51.967409 44.203797 52.169614 49.587154 56.929908 50.830291 46.776447 53.173676 47.362390 48.711168 52.466415 54.936317 53.825780 50.545428 51.262863 52.513112 49.558073 52.771246 50.814774 55.731840 50.631506 50.084075 53.553719 52.144089 51.335228 52.572029 53.069041 48.079210 54.314487 50.068394 47.882179 57.260310 53.612380 55.313981 52.381354 48.217467 51.370847 55.034353 51.246146 52.871606 49.579376 51.460858 49.231803 50.046023 52.369451 45.849747 47.762503 51.813974 48.211152 48.182591 52.312008 51.735389 56.588020 50.731496 52.404469 50.467571 49.977494 50.701324 52.794805 50.361272 51.235318 52.451830 50.398411 56.258837 49.311839 53.872380 49.817332 52.123959 52.163398 52.859846 52.492238 50.134347 53.670841 51.137212 46.822343 52.271114 51.027333 53.726469 50.166107 56.152548 52.576350 50.736678 50.768719 48.216515 57.295459 50.061598 53.498405 57.442653 51.578785 50.250060 51.690667 53.558671 52.036341 50.629873 51.703757 50.589815 52.088084 56.923318 49.265241 53.595972 52.454357 53.703253 49.176508 51.515328 46.079806 53.622330 52.326593 49.632001 52.553313 51.660522 51.035184 55.789718 55.493673 51.196670 49.709648 53.906107 55.598270 51.760093 48.044459 51.181877 51.092452 48.911604 51.865522 51.886048 50.944468 51.111912 55.039934 51.492500 52.020796 46.988972 49.450906 50.393642 49.718047 52.292365 53.917953 49.338681 55.469952 50.654130 47.795706 53.297249 49.583994 52.750268 50.812352 47.767040 
42.916268 45.698076 45.995732 46.912232 43.027849 43.430312 45.973320 46.587324 49.093050 44.599273 45.382104 45.588486 43.086176 43.268485 42.697264 44.973502 43.536735 43.812108 44.216471 45.512021 45.220896 45.705397 44.093678 41.627083 49.366945 49.972325 43.906674 46.759804 51.231486 43.349531 44.046715 44.983363 44.895362 44.441159 41.836827 46.480665 46.906323 47.930297 47.166838 41.932322 47.617674 45.592419 42.850536 46.953734 42.351163 47.775273 43.700504 46.253417 42.433302 45.270536 45.441944 43.867589 47.391226 43.398927 44.159952 42.932141 45.409111 39.773339 47.597689 44.063102 50.288525 43.256226 40.178823 45.307479 43.451821 44.160570 42.691526 45.059316 49.003227 43.530240 46.543807 43.346059 42.489737 46.313045 45.753041 47.653982 43.906625 43.779285 48.778324 46.808941 44.446103 46.944418 45.115922 41.566128 49.754054 40.840774 44.879525 49.724964 46.897111 51.302114 48.732506 42.209622 43.905478 47.509699 42.862088 45.017922 46.648538 43.319676 44.691548 43.546317 44.241580 42.816698 44.070961 45.835597 41.741730 44.463470 46.640238 45.021681 47.118504 42.606678 45.456756 43.353333 44.099775 46.344298 48.830796 44.116389 45.536827 43.462510 46.576014 47.499586 45.880837 46.821256 44.163443 46.576397 44.786563 46.102212 44.547525 45.856032 47.603861 43.781739 42.343247 44.541311 44.578553 46.339331 44.377995 50.203420 45.120013 47.068930 44.260596 42.574646 49.294312 41.942093 48.330496 48.684053 45.119405 47.771241 46.008194 46.799822 46.302302 45.796959 45.152198 44.210384 49.117151 48.984768 41.737194 47.093649 46.907329 45.677355 44.862237 46.130695 41.203228 47.904036 43.378311 45.541712 45.739336 45.624694 43.259652 49.724506 50.121058 44.546827 44.691118 47.522515 47.105141 45.838159 44.578146 44.971326 45.134188 42.307236 47.154380 46.309109 43.009101 45.299757 47.877185 46.747364 47.813155 41.337834 42.771316 44.858615 45.931065 44.933612 47.654898 41.974786 48.722303 44.489414 42.395526 48.506365 42.323177 47.250138 45.885885 39.680621 
51.387187 55.671537 54.465339 53.932136 51.544045 54.005687 56.630542 52.963771 57.606706 49.957041 52.431936 51.267660 52.483358 52.468347 51.819230 53.484729 52.114628 50.014766 51.934685 52.622423 53.390787 55.178232 53.023113 48.566636 54.095397 58.476884 52.794365 55.447578 59.131906 51.797696 51.233265 54.447416 50.800928 52.052688 51.795016 53.794688 59.585211 55.568465 56.689866 50.285308 52.449866 55.631682 52.867977 54.658427 52.032090 54.727597 51.876450 55.393426 50.621209 54.675236 52.004372 51.505080 55.495396 50.705428 52.335844 52.417428 53.204955 48.658063 54.001029 50.610236 58.508550 52.936615 49.595396 53.196768 50.199005 53.424934 50.503897 56.297825 54.455811 51.513388 54.785580 52.607662 50.930024 55.778262 50.491209 56.721140 51.546240 53.439467 57.943308 54.462293 54.078824 54.952656 54.089389 51.305913 57.201131 51.738029 51.999866 57.669343 54.969783 57.314214 57.360983 52.762531 55.417909 57.140702 51.563952 54.241251 52.858916 52.876412 52.285873 52.540867 51.204086 49.296200 52.762296 53.061112 51.439363 52.710047 52.596819 55.010689 57.036272 49.250681 54.860729 54.377261 52.820010 53.162342 57.221198 54.648226 53.360988 51.646353 52.816933 56.933638 52.240849 55.773427 53.519188 54.406942 52.058001 53.464063 52.609634 56.809364 57.002424 53.004322 50.147451 55.594118 50.529287 56.754919 53.091499 58.079213 51.348295 56.921939 53.369126 50.482528 55.596029 52.145991 57.115477 57.939874 55.041937 56.633217 54.423212 54.676669 55.162041 50.127448 53.663290 50.163687 52.873147 58.038227 48.262270 53.477335 55.764365 53.823298 51.828376 53.418282 49.632531 57.426757 52.330957 52.152716 56.212669 52.736638 51.681198 57.020035 56.186193 52.505847 50.695094 52.647473 56.658499 52.846374 53.112607 53.410569 53.401638 48.922879 52.879840 56.219841 50.845839 51.980326 56.374202 56.366405 54.802730 48.844689 52.216461 52.870598 53.027814 52.953091 55.989975 53.150447 55.736308 53.649095 49.143611 56.375846 49.885825 57.316068 52.675960 49.845240 
42.904834 49.806873 48.797531 50.041395 45.825338 48.434517 49.805924 49.700999 51.200888 47.278280 48.218067 46.066552 46.936429 45.620131 48.004305 51.549827 44.907312 45.705626 48.482395 48.966598 46.164386 50.933533 47.329140 44.817676 52.513571 52.267915 46.643095 51.041119 54.470316 47.499055 46.072309 47.558105 46.540199 47.776589 47.872459 47.213431 51.029251 53.932344 51.474739 45.745922 48.686561 50.689518 44.703028 49.495154 46.736402 50.042553 46.174520 50.237672 47.033480 49.847999 48.533576 47.503106 48.094448 45.038456 47.032974 44.205752 47.418626 41.233804 48.872169 46.476346 51.811956 47.081159 45.738202 49.559689 44.357974 46.487514 47.877528 50.001221 48.744270 45.597155 48.870450 47.675122 44.799840 50.750656 43.777589 51.058501 47.596374 48.182477 52.139183 51.326337 49.068864 49.471751 47.488827 43.646714 52.053350 45.401168 45.260684 53.934822 50.443218 52.681450 47.487816 45.931386 49.249137 49.947565 48.751255 47.525944 46.958891 45.866369 47.744087 47.761478 49.145845 42.947752 47.781161 48.240303 47.955709 47.035210 49.014257 47.282006 50.254929 46.898771 48.775979 47.976778 45.269953 43.967729 50.241558 48.599901 46.512258 51.053408 51.139722 50.814858 47.782345 49.854895 47.053294 48.477209 46.466953 48.828282 50.574945 47.370812 49.512384 49.352328 45.251844 48.656147 47.759445 51.680733 47.112512 52.735589 48.918720 49.133986 50.456453 44.599586 50.869155 46.919058 49.102250 52.896137 48.565354 50.765181 49.358972 51.404539 49.648846 47.091304 48.337602 45.625023 47.832863 52.017664 46.387706 53.352002 50.249253 49.551394 46.180338 46.946810 44.435169 50.397415 50.724915 48.416488 50.895840 48.277592 45.286327 51.261278 50.368813 46.730520 48.292671 46.717229 50.797386 49.230007 46.746970 47.428935 49.856301 45.245248 48.962151 49.423635 47.242342 48.045259 50.144730 50.181193 50.009684 43.688565 46.207526 48.619654 48.580001 49.518597 51.427440 46.960710 51.504694 48.674328 49.502733 50.966860 46.917548 48.270757 48.696562 44.814528 
50.763910 51.794592 52.653333 52.906555 51.288579 50.829508 54.370220 52.055810 54.123962 48.657015 51.336020 49.196957 48.908928 49.530721 51.665314 53.082230 50.568158 49.603267 50.389877 50.765920 52.911111 51.563950 50.960055 48.233452 55.682410 56.971917 52.258417 54.681053 58.834159 50.750462 48.939522 51.684938 48.978487 49.374344 51.575103 50.032592 54.792081 55.737397 55.240130 49.133801 55.028224 55.195213 47.165560 51.738370 51.588466 50.680500 49.541989 52.335735 48.313044 51.158474 50.044784 50.117505 53.496903 50.240188 49.929646 47.448842 51.505774 45.780479 52.057879 51.284955 57.253288 52.115008 49.378303 53.920410 47.491829 51.267409 52.918799 54.369875 53.470749 48.043828 54.095624 50.965786 49.472703 53.195299 50.521223 54.441913 50.512719 51.967287 54.521077 53.187835 53.253636 54.036796 52.126274 48.417329 56.881741 49.324624 48.184785 58.089626 52.655591 54.320593 55.561180 50.463563 52.117416 53.931497 52.080521 52.824534 51.528663 50.583950 48.733309 50.232941 51.739631 46.436334 49.869485 51.758630 49.471249 50.028863 52.019697 50.910807 55.642036 49.152189 54.643021 52.038117 52.220642 51.773271 53.274314 51.561665 49.163532 53.418765 53.099095 55.129072 51.088031 52.692823 51.122466 53.777260 48.899377 50.374662 52.439483 53.395079 55.233225 51.334313 48.415317 53.116710 49.680748 56.800306 51.958073 57.056566 52.208648 55.335906 50.972741 47.570174 55.464554 49.081153 56.816264 56.612500 50.355335 55.420816 52.482051 52.909463 52.131685 50.031161 51.516412 50.894936 52.273782 56.713920 49.566953 53.092523 55.150222 54.146117 52.342059 52.410340 47.306291 55.619418 50.008371 49.232114 53.684849 53.850142 49.440432 55.896295 54.961596 52.020659 52.201303 52.662249 54.109290 49.745460 50.641679 51.210520 50.154056 49.746596 51.832524 52.509690 48.904346 50.594712 53.245531 53.150098 55.236124 47.429460 49.978043 51.849816 51.327727 52.201585 55.317236 47.688063 54.427884 52.673783 51.213104 54.992627 47.168134 53.545782 54.121059 48.943593 
41.319207 45.422847 46.993932 44.408283 41.260309 42.070998 47.015267 44.527902 45.177732 42.132167 44.497257 41.275816 41.905299 41.976755 45.894100 45.071374 43.673273 43.007442 44.278331 43.582971 42.245174 45.597561 44.732024 40.657852 47.076050 48.317436 42.303408 45.390886 48.814084 43.038737 41.715693 44.008211 41.137751 44.602057 44.757516 45.132747 47.183347 45.656901 48.554283 43.248043 46.270811 46.595631 41.595520 43.646660 42.902666 45.453061 44.268614 45.517651 41.774762 44.961717 44.408946 42.732652 45.700558 43.169432 43.432308 42.537090 44.633483 39.604242 45.179644 42.180896 49.805124 42.980348 38.949769 45.430694 40.809569 43.058242 45.619381 45.818888 47.123159 41.996358 44.363336 43.685090 43.125025 45.337257 43.139317 47.203732 41.853412 44.450441 47.388170 45.356083 45.575871 45.855190 43.833388 41.200646 47.109578 43.033735 42.736921 49.191044 46.641709 46.276791 46.891548 42.183933 45.358970 47.364668 44.533756 45.158566 45.035185 43.461772 45.766185 42.827249 44.260524 40.831121 42.895723 41.875547 42.208183 41.557066 45.626938 43.237804 45.806251 43.024445 46.195302 43.804377 42.751815 44.503145 47.567618 43.622302 43.672457 43.120929 46.660890 49.923742 43.084632 48.995209 44.498169 45.490116 43.026310 43.128806 47.123949 46.951149 45.828603 46.676637 42.001600 44.737962 41.454406 48.866494 43.298592 46.152772 44.557920 44.810833 45.480727 40.121203 47.499990 43.953383 48.442332 47.409347 46.600958 46.561083 43.889524 45.265311 44.680432 43.737654 42.386762 42.916526 45.763114 48.569343 40.870634 46.118552 44.402823 45.624619 43.903190 44.579990 41.145815 51.187755 45.787729 43.039984 45.529623 45.343410 42.460082 47.989488 47.034055 41.560733 42.431999 45.403198 47.612684 42.852009 43.119605 43.497196 43.948158 41.900635 43.234796 46.346012 42.427225 45.008855 47.048522 49.029976 45.886034 40.444870 41.310848 42.577287 44.609195 46.543637 49.459997 42.785947 46.949239 43.124969 42.436040 47.275888 40.787745 48.573002 43.471535 41.040059 
44.863696 47.549344 45.603039 46.085746 45.076103 46.469584 50.027441 46.532438 49.149825 43.937910 49.184569 43.684314 46.054542 45.625650 44.921574 47.534218 44.107608 44.692784 45.100025 46.520994 46.605830 47.401145 46.572944 43.678031 49.646889 49.413460 45.009294 48.778498 54.285858 44.350561 45.242766 46.811132 43.731680 45.686802 46.211181 43.117391 49.683098 48.645067 49.121322 43.869278 46.017077 47.877664 41.524486 48.278801 45.607369 49.229519 45.442291 47.097195 45.943584 47.964530 47.365898 45.406086 45.374708 43.716484 47.811481 45.781638 45.161268 40.198042 46.041579 43.377531 51.789854 47.913666 42.294704 45.679423 42.521568 44.257348 45.866926 48.889615 50.182687 45.479239 47.314727 45.885225 45.398995 46.656583 45.947772 49.451201 44.504829 46.715913 50.181589 47.214613 46.590140 48.703625 47.657211 43.556111 50.169043 42.775648 44.247859 50.663421 48.042981 50.707084 47.810951 44.529295 47.333764 50.278987 46.606964 46.107490 42.148422 44.983872 45.317260 45.460879 45.323787 42.634507 44.573489 43.584123 46.214912 45.159683 47.167289 47.461616 48.879413 45.280060 44.891691 44.792226 44.030021 45.515132 50.043189 44.384519 44.838433 46.124830 46.839057 49.495491 44.307728 47.379654 47.069203 45.828622 46.760098 48.935438 47.365909 47.097688 48.076336 47.285439 43.354456 48.260592 45.682023 47.795695 45.296749 51.041040 44.281029 50.739481 45.419051 45.107000 49.680215 44.604678 46.397263 49.109660 47.635632 48.218565 47.189215 47.397543 45.497933 45.091822 46.372086 44.625265 46.570606 51.558055 42.122340 48.008418 48.551896 47.045327 45.626128 45.695733 42.714328 47.734499 45.684276 46.316368 48.654103 47.801555 43.908644 50.565006 49.521096 47.844288 44.671420 49.123333 49.076177 44.956603 45.059721 45.442853 45.559539 44.776635 46.605003 44.128572 44.953947 46.578375 47.910647 48.841532 48.422240 42.591640 46.331440 45.976786 46.883015 47.679234 46.965797 43.555913 50.059633 47.995955 42.997524 48.619747 42.968370 48.336368 44.323534 42.350822 
50.975072 55.000820 54.193702 52.865501 50.451086 50.653745 53.421484 54.701035 55.323801 50.676251 53.752220 52.695157 50.168634 49.581453 52.155576 52.703459 52.513628 52.294727 50.598195 49.736562 48.971809 57.335850 52.900044 47.027886 56.403620 56.082872 50.557926 54.919753 59.269653 53.311890 50.389765 52.681943 49.018473 52.453874 52.410543 51.241161 55.261848 55.948536 57.533829 48.520126 55.844467 56.000450 50.276178 52.648654 50.304733 53.289701 53.860341 54.909568 49.426385 53.329138 51.342533 50.877280 54.990661 50.891143 50.549344 49.588479 52.992769 46.710850 52.046020 50.622530 56.788101 52.585403 47.804087 55.107338 47.960379 51.380136 54.018521 54.126451 55.361495 49.879340 55.784859 51.269180 50.541612 55.048104 49.161093 56.409905 50.441882 53.461346 56.585909 52.947621 54.925065 53.476458 53.197610 48.952253 54.488849 48.592153 49.913043 56.856949 54.728498 56.135663 52.450796 50.563532 53.536786 55.757059 52.367151 54.405847 52.445767 51.321740 53.437754 52.286531 53.831084 47.531539 53.071092 56.391422 50.623657 50.517028 53.291202 51.785146 57.112441 52.352737 55.153926 51.702679 52.002005 50.993701 54.900709 51.870209 50.662840 53.623418 56.023319 55.547886 52.082332 52.173948 50.491944 55.581166 50.258620 49.992886 55.027270 52.030756 54.008924 51.306124 50.233779 52.396951 50.974874 58.241515 50.132654 55.353611 52.944911 53.779823 54.110301 47.457676 54.750068 53.002081 55.638240 56.968965 54.975245 54.786219 53.703689 54.826708 53.044470 51.098237 50.959375 50.670663 54.009828 57.698751 50.768087 53.043843 53.831285 53.847207 53.245712 54.649249 46.222207 55.013645 54.370599 48.861979 54.263459 54.352961 51.724584 58.477851 56.538019 51.875484 52.758426 52.272692 53.434591 54.861464 50.559374 51.923343 55.241329 48.569117 53.365137 53.979960 50.506744 53.434710 55.057954 55.857802 55.113735 48.923542 54.482662 49.874816 51.920227 53.610396 57.686968 51.599846 54.452909 52.069176 50.159283 54.135681 47.636087 54.842032 50.639574 49.253951 
49.890263 51.821386 53.697734 53.602698 49.012123 49.450862 53.910398 52.730742 54.750186 48.003116 52.488659 51.044814 48.178184 49.471307 52.219303 52.491469 50.862738 49.505744 48.554426 49.007379 48.663238 54.037008 51.114646 47.549991 54.119819 55.213428 50.301950 52.669408 56.654103 51.662059 48.746073 50.834638 47.617154 50.525575 51.200336 50.470216 54.738668 55.540537 55.453431 47.154393 53.408251 52.451733 47.277125 52.593939 48.510068 51.523442 51.496055 50.581900 46.944554 48.837450 52.312029 48.899373 55.183583 50.452850 50.752898 49.873109 50.898626 44.272140 50.266778 50.249946 56.726772 49.876471 47.531558 53.511432 46.830308 51.570368 53.302249 54.413196 54.561612 47.969663 52.116105 48.395875 49.316221 52.976175 50.411442 58.088895 50.260474 50.991286 55.146451 53.036186 51.809678 51.149780 51.457391 48.949892 53.475617 48.117170 47.161118 55.416520 52.068417 53.467609 51.692282 48.616576 50.329062 54.693294 49.455753 53.531344 51.867997 48.546346 51.662153 52.402939 50.671535 48.515013 48.171859 51.644591 52.224198 48.947622 52.039209 51.788356 52.959686 47.667858 54.846149 49.116166 48.809352 51.187375 55.296245 51.773419 52.938340 51.994510 51.342467 55.703126 48.933052 51.616245 47.932386 51.664805 50.295252 52.403477 53.002067 50.452008 54.084703 50.324186 48.925765 51.832481 50.733452 55.712427 48.910011 53.714373 50.353474 52.391712 51.942067 46.273547 53.761868 48.998328 53.906849 56.524942 53.143664 54.593385 52.554756 53.066537 52.321297 50.703864 50.337888 51.779841 52.576110 56.217301 49.511754 51.344952 51.244288 52.575679 49.470250 53.048837 47.277765 54.900240 51.145920 49.581481 54.085865 50.823792 49.331793 56.564845 52.240753 49.822853 50.809729 52.302184 53.033267 51.548776 51.278515 50.358314 49.670096 47.254360 53.184183 53.586713 48.597464 51.847167 54.183938 54.065689 53.638071 46.931810 48.749435 49.444628 50.077616 52.292014 54.316620 48.927531 53.830594 51.643951 47.679772 53.404844 45.623509 53.865198 51.380765 47.404011 
50.952147 54.406567 53.498712 53.414871 49.088664 50.905309 53.832022 54.654036 54.467493 49.213413 53.984565 51.205708 47.813867 50.276406 52.979605 53.493464 48.552537 50.207823 51.713385 52.957495 52.589247 56.003061 51.823177 49.619733 53.385415 57.269907 50.275633 54.198488 58.301778 52.446968 49.738006 52.780508 48.756622 51.252393 51.314978 52.185360 57.317094 56.810299 54.735984 47.558572 52.919584 55.463823 49.140019 52.942374 50.741209 51.689211 52.591146 53.850190 50.839313 54.327751 54.335820 49.600534 55.380061 52.014227 53.528697 50.933701 50.918507 45.302441 51.576602 51.457459 58.676487 51.033216 47.976380 55.998808 48.373473 51.295461 53.597346 55.145821 54.905152 50.865533 54.379534 49.781204 50.570488 53.595728 51.647729 55.658035 51.649817 53.961950 56.023130 52.972639 54.202391 52.414448 52.415476 48.969766 55.126445 50.336795 51.240258 57.975777 54.098208 56.228405 54.063305 51.018321 53.831789 56.798552 53.897231 51.939502 51.479733 48.081683 55.186397 52.028607 52.683176 50.032085 49.953708 49.540787 51.292791 49.049203 52.929381 51.185817 53.537931 49.312307 53.728178 51.937931 49.500445 52.298251 53.400072 53.818518 51.636969 51.080203 54.227892 55.616045 50.018535 54.585913 53.770861 53.667798 51.407313 52.188812 52.928602 55.514973 55.430698 51.290499 51.160973 52.647414 50.022262 56.858402 50.868868 57.988079 53.163733 56.506898 53.009723 48.636922 56.983076 52.869124 53.847023 56.527478 52.577236 55.570864 54.216515 55.861174 51.868593 50.181811 51.790797 53.164149 52.625778 56.548392 47.630858 53.098508 55.159035 54.638663 51.578909 56.198735 45.111819 55.642262 53.630504 50.171243 53.911669 53.682856 49.978938 57.504155 54.802059 50.918279 51.121348 52.740961 54.456070 54.312588 52.472252 50.811568 52.923838 48.913925 52.478452 53.231513 50.881174 51.970819 55.491373 56.150475 56.051373 47.835420 51.691950 50.462951 51.775678 54.293113 58.035357 49.024093 55.107691 52.317148 49.195382 55.313743 49.678030 54.906165 52.934649 47.875129 
46.902309 46.808128 45.775283 46.232001 44.223277 46.835644 49.787140 47.788346 50.205927 43.472775 47.139801 43.658180 45.449873 44.716367 47.587040 45.948394 47.306284 45.208401 44.040238 47.081350 46.441509 51.699505 47.579279 43.464933 50.796831 49.899097 45.980964 48.425863 52.721731 43.562371 46.347203 47.703986 46.490898 47.425169 49.017795 46.740282 50.649424 49.295094 51.729925 43.708417 50.319158 47.291579 44.799801 47.588690 48.270671 47.313206 48.087701 45.749599 43.622024 45.754263 47.899772 46.295792 49.301206 45.957410 48.237032 46.578559 46.415743 41.372581 45.167904 47.491660 50.796846 47.771262 43.321170 50.049089 43.623386 46.360418 46.579627 51.435057 47.854750 46.451564 47.742035 47.960325 45.291351 49.196439 45.463823 53.770962 46.160867 47.109750 50.229672 49.727083 47.632886 48.957416 49.464408 41.540982 49.955468 42.430462 45.057958 50.647430 48.068433 50.544980 48.597437 44.790562 47.812113 50.161004 46.186460 46.584699 47.400690 47.508538 46.293566 46.866502 43.907652 45.252372 43.950500 47.404273 46.248939 44.841313 48.626834 49.224778 47.285179 46.340238 45.574266 45.657815 45.857714 46.231768 52.071448 49.230364 49.339214 46.199757 46.351075 51.362412 45.946618 49.107104 47.447108 47.494142 47.481179 47.412867 48.826983 48.048907 50.588779 46.807400 45.364797 50.640761 45.564618 48.803162 44.932044 51.638051 46.373012 50.235994 47.517781 41.464104 47.640652 45.729615 50.308507 52.045342 48.693279 48.780877 49.519905 49.740855 46.687569 44.531281 47.186869 44.238802 47.818863 50.334123 44.941915 49.271873 48.311771 50.374809 46.012801 48.813257 42.847342 51.276064 47.039445 48.097251 46.895055 45.466709 46.621135 50.598273 48.167709 46.928143 45.070086 47.806665 51.284837 46.056721 44.586757 43.886344 47.151532 43.540362 45.346512 47.339242 44.147095 46.285330 49.566511 48.080440 47.793520 43.197487 46.954548 46.548851 44.707936 48.281861 48.539205 44.789742 50.526905 45.396478 43.591720 49.987335 44.083791 48.830736 47.916554 42.991226 
46.843271 50.779640 50.021771 48.691385 48.434560 49.004055 51.086599 51.473393 52.990550 46.785775 50.256791 47.948327 47.004991 44.535902 49.352042 49.517337 48.993735 45.968503 49.469045 47.956036 47.479291 54.505088 50.461035 44.570202 50.982259 52.483832 49.328495 49.413170 54.775591 49.487150 46.645319 48.850036 45.404578 50.555302 48.941498 49.715234 54.268050 51.630596 53.361253 44.965751 51.912275 51.958946 44.500257 50.164769 47.795262 51.710948 49.245752 50.708522 48.585955 49.164937 50.362647 47.142710 53.944433 48.593771 50.176791 46.433992 48.797957 44.783812 50.073595 48.183062 55.386250 48.726574 44.461934 49.278417 44.986165 50.271838 51.402142 52.289245 50.549398 48.060356 51.062426 49.403040 50.491115 50.101721 49.066542 51.124359 50.477610 48.614308 51.981052 50.862390 50.381469 50.382501 50.309933 45.717805 50.410675 46.277222 47.673030 55.834888 50.788578 53.625680 51.018927 49.144763 50.038263 51.040193 50.346657 47.300531 46.687090 48.467004 49.475328 47.475733 46.702173 47.547864 43.943492 50.193816 49.737420 47.746779 50.519565 52.858968 51.458656 45.897987 52.764189 50.129553 45.916218 47.885125 53.526766 48.936942 50.113608 47.815649 46.744896 54.613032 48.040852 50.532076 49.500652 51.459519 49.287521 48.782349 49.436831 49.858389 52.435486 49.130719 45.975708 50.172960 48.632026 51.863179 48.168541 53.266087 49.819670 50.323666 50.664536 42.925942 52.863719 49.341500 51.440872 53.587566 51.587504 51.331421 51.228059 51.939767 50.398649 46.483702 47.950097 48.639138 52.227649 54.147994 44.877277 49.609993 52.004757 48.460036 46.842509 50.448262 45.206878 52.796624 51.629042 48.870559 48.427659 51.305793 47.117801 56.352208 51.378872 46.711223 46.574276 50.083400 51.259058 50.260401 46.366263 49.658315 49.514925 47.953045 49.526280 48.929618 47.335033 52.732773 52.888015 53.027616 50.906451 44.011981 46.396081 48.455941 48.429222 50.129781 51.811845 46.934023 51.379727 49.553360 46.416276 52.100164 47.707515 50.498639 50.863117 45.914808 
48.114655 52.193446 51.103314 52.652344 48.416767 49.707914 52.670656 52.518082 54.002144 49.723960 51.073183 50.840647 49.786862 48.118155 49.221126 51.917323 50.926280 52.140870 50.818355 50.786038 49.756971 52.587012 49.543452 46.646418 56.671942 53.654044 48.090859 49.096131 56.447427 49.087341 50.646874 50.086658 47.887552 48.633570 48.179138 52.828406 55.044807 52.383544 52.821441 49.723892 53.478216 52.696367 48.165283 51.283401 50.067998 49.240461 50.766852 49.234854 49.061779 48.613814 51.120161 49.755744 49.054773 48.454591 50.110111 49.971228 52.252385 42.729764 50.308016 47.836388 54.068566 51.177794 43.910728 52.001932 47.026418 49.861115 50.516698 53.163064 54.719008 50.555834 53.302373 49.366996 50.163991 51.915902 47.878797 55.818015 51.132255 50.413664 54.179070 51.619441 51.192895 52.133502 51.877059 48.525398 54.333203 49.538285 46.317098 54.738281 51.176622 53.660155 50.694048 49.125241 52.015428 53.681653 50.807999 51.828186 52.192272 49.555266 48.513353 49.332339 51.727366 45.643928 49.503714 49.625252 47.680435 47.447833 50.733204 50.392667 54.004714 49.022057 50.558685 47.649941 50.291503 49.558362 52.606430 50.650539 49.937094 49.053871 51.415518 52.188413 48.307384 53.224406 49.487117 52.263463 48.700889 51.810328 51.497791 50.760637 53.438707 51.162258 47.480491 51.988873 48.002651 55.308484 49.313999 55.789946 50.366296 51.099625 50.857938 46.831218 54.377301 50.356157 53.573632 54.337062 49.249331 53.140398 51.656852 54.509575 49.538604 50.096324 51.404920 51.033083 49.811943 54.108901 44.971184 53.234044 52.597609 51.261077 48.489328 52.757150 47.358880 56.820753 49.276048 48.071019 52.970187 51.554013 47.700923 55.029003 53.325488 48.249261 50.926154 52.584657 52.647578 48.687591 49.760172 50.904257 50.067672 47.596622 51.208908 51.261563 48.218785 50.970057 53.995487 50.838870 53.540510 46.599548 51.240527 49.191979 50.114875 51.829456 52.136339 48.580794 53.835831 51.892812 47.479384 52.713855 45.269705 53.513626 52.325194 44.614467 
46.968101 50.216589 50.157629 50.380108 47.323520 46.891415 50.759151 49.775539 52.531918 45.841746 48.365986 49.980807 47.427944 45.685641 47.175701 49.613355 49.062261 48.633772 46.675152 48.954917 47.641599 50.440966 48.798948 46.113471 50.228216 53.190509 49.934616 51.231270 53.197419 49.418798 46.960882 48.590159 45.716247 49.203536 48.152912 46.396565 52.569904 51.479493 52.875825 44.257375 50.662242 51.855845 46.189988 48.844708 45.855345 47.523498 49.296336 47.720311 46.141908 48.016672 47.916416 46.759065 49.064624 48.378745 48.557639 47.174815 47.975475 43.526613 47.287847 47.350180 53.780604 47.285564 44.817221 50.743948 46.909876 50.925880 49.304114 52.153065 52.372686 47.977547 49.294532 46.723232 47.771219 51.603774 47.850123 50.125103 48.609015 48.135513 54.205995 49.703933 50.019406 51.448146 49.763224 45.577513 50.718864 46.955302 44.196891 52.916984 53.457734 51.469104 50.092394 48.586144 48.954606 52.640896 48.023259 49.962605 47.042611 44.616076 47.086810 46.336904 49.271124 46.445778 45.529750 46.385427 45.648117 48.467729 49.379532 45.390487 52.304877 46.114810 49.975687 47.147224 47.729727 47.902264 50.703440 48.386253 49.258354 47.620352 49.413369 52.878316 46.321314 49.297551 49.480605 50.135354 46.834173 48.482562 51.406515 50.887674 51.687160 48.347143 47.024609 48.311249 46.508704 51.633243 48.058798 55.039356 47.938145 50.701573 48.385024 45.497203 49.083314 46.950927 50.945048 51.585072 47.717843 49.953610 50.414387 51.409256 50.390820 45.615639 46.649243 48.056621 49.904301 52.882196 46.277391 50.474598 50.711834 49.412246 49.770029 49.969922 42.000954 52.891124 48.369807 47.236519 51.117585 47.588457 48.308496 53.388061 49.001261 47.291157 46.976367 48.901623 50.840233 48.157243 47.701035 48.273475 49.709129 46.672434 48.284743 48.620768 46.521398 46.812285 51.443946 48.789838 53.071507 45.905138 48.428640 46.877296 48.401735 50.465799 52.198908 45.751990 51.405880 48.803420 45.571782 52.111197 46.037378 53.455833 48.391981 43.475964 
51.024382 54.083324 54.089214 53.768949 49.951603 50.827369 54.026122 53.192653 55.415928 49.903407 52.143673 49.366404 50.434423 48.576603 49.201460 53.654763 50.662019 52.517827 51.034103 54.208726 51.459176 55.841216 52.887856 46.279720 53.772887 56.480192 50.519222 53.943486 59.618487 51.356367 47.607374 53.123303 48.262050 50.416709 50.152757 52.291611 55.089128 52.520186 55.969119 46.214116 51.830730 55.620091 46.825195 54.472957 49.589972 54.245626 51.620864 52.471218 52.309479 53.891511 54.200449 50.382296 53.261105 51.123753 51.267592 47.478231 51.485459 48.645094 51.376360 50.983806 57.037475 50.608501 47.768126 55.612562 46.985756 52.116656 52.364939 53.160740 55.744525 49.493587 51.931989 49.865816 50.015567 54.488243 51.889732 55.679054 51.284827 52.198564 56.162915 54.384048 53.392642 53.082854 51.101215 47.826629 55.269867 48.385257 48.529863 57.333958 54.242395 55.640803 53.288384 50.780080 53.601788 53.493644 54.952709 50.360856 49.325376 51.631666 52.427619 48.900772 49.665704 50.080425 50.692358 50.100405 51.022890 49.602164 52.872331 50.413580 54.578314 51.517162 53.792878 52.346157 51.837241 50.016874 55.743357 52.781493 52.205060 51.225280 55.571475 54.252721 50.893240 54.579438 52.414484 54.127986 50.448022 51.060935 53.674900 52.420887 53.894246 52.674899 50.647760 51.702020 50.437597 56.557782 49.679225 60.231153 51.848049 55.588612 52.417944 47.404320 55.742092 51.774900 53.694966 57.020118 52.406103 55.923724 52.875303 56.244298 51.231039 52.145737 51.668953 51.619626 53.196748 56.407485 47.682508 52.783172 54.435628 56.126531 50.735568 52.103036 47.441579 57.628668 55.016063 51.160768 53.472043 53.743144 48.031396 57.027365 53.785549 51.477824 49.761624 51.788026 54.232392 52.768354 50.431271 51.684690 51.903076 48.532554 50.831929 54.559541 51.886050 53.174514 54.377498 55.548188 55.986537 47.952871 50.534698 49.160026 53.276045 55.260692 54.817539 47.991368 53.420976 52.866088 52.003559 56.714974 49.435326 57.581440 53.816623 49.962512 
50.895252 51.086151 49.791423 51.976440 46.815403 48.505963 50.625059 50.368980 53.718645 46.314701 48.447003 48.733154 48.992598 49.035221 49.658229 48.714157 49.826547 48.335207 48.484615 50.301895 47.971547 51.092046 49.134177 46.456316 51.248657 55.805424 49.716745 49.805918 55.589843 50.185317 45.363762 50.061361 46.645857 50.955192 48.803296 50.693924 52.019922 52.123052 52.529387 47.581142 50.170234 53.686798 45.473280 50.430246 47.569047 51.634419 48.397901 49.469271 48.956556 49.188168 49.006799 46.032850 49.894073 46.975324 49.997706 47.410036 47.968258 45.286096 49.972250 49.561605 55.691921 46.702750 45.672145 51.178999 44.630858 49.155954 51.042623 52.051971 52.770556 48.335695 50.410193 47.997297 47.308513 51.644069 48.472688 55.658199 47.708640 48.316036 54.899298 51.051474 50.829247 49.798426 51.311325 45.438327 54.067133 45.686272 44.548465 53.542524 53.629653 53.408181 51.227606 47.716748 48.729869 55.872817 47.241701 51.202300 47.645226 46.365516 49.263057 49.333583 47.961556 47.488711 45.876939 49.030464 47.490759 50.448505 49.100380 47.236476 50.730544 47.208127 51.166346 48.409057 47.225853 48.907979 51.882481 50.771663 49.408490 49.688629 50.972129 54.854867 48.186747 51.347348 49.179063 50.662030 49.170123 50.568560 52.418003 49.110817 50.243505 48.014763 46.160390 50.362077 50.090286 52.478457 48.446666 54.455865 49.860320 50.819383 48.953447 45.278426 50.633921 47.501768 52.512126 53.896518 50.568771 53.751091 49.234979 52.500832 48.994222 47.947557 48.391533 49.262639 51.924397 52.900191 48.470062 49.731036 52.240866 55.168916 51.158655 50.365468 45.128526 52.265283 51.942495 49.346918 51.142957 48.527372 46.051764 54.337589 50.861931 51.794095 48.325925 48.646017 52.526355 51.492274 48.589268 49.419217 49.102735 48.034585 51.647896 50.958168 47.963869 49.019256 52.757600 50.541178 55.048371 47.073144 48.460871 46.322268 48.516765 50.696441 51.824080 48.081378 53.378064 49.212895 47.902917 54.029692 46.762638 52.629580 49.532111 46.676930 
47.781146 50.841260 48.153926 50.332868 47.020103 48.831236 51.003877 50.207043 53.164551 45.579950 49.389255 49.290661 49.742478 46.818328 50.031697 49.658692 47.486108 50.337149 47.766555 47.278092 45.206546 54.378725 48.667929 44.671371 51.479477 54.807596 47.654286 49.160040 54.441390 47.836784 45.176437 46.780830 47.451236 48.132738 48.225509 48.647846 52.123839 50.008005 52.050253 45.072806 47.919731 50.480708 46.295044 50.102431 47.263523 49.304882 48.670673 47.693782 47.829727 48.924965 49.879661 49.184873 49.197501 47.301755 48.299129 47.812643 49.400390 40.937100 49.033128 45.310164 54.569266 46.557439 43.708355 49.458319 46.136483 49.137885 51.610457 52.402198 52.877124 46.234739 50.009111 46.257808 48.674108 52.266333 48.977425 50.579151 46.747127 46.794378 51.871585 49.469165 50.489864 48.195217 48.621624 46.477003 50.149308 46.738334 45.204965 54.033976 49.659686 53.181704 52.318085 47.552548 50.047324 51.471871 48.437665 49.126317 49.542761 48.264669 48.827461 46.881416 48.342852 44.546207 47.527411 48.869489 46.595708 49.123412 48.156987 47.959184 52.626030 44.590066 48.843560 48.844527 47.840962 47.064852 52.055008 47.611665 50.240296 49.225872 49.913645 51.030605 46.568077 49.130240 46.373540 50.208086 46.980470 48.592904 49.125312 48.896983 51.888631 48.008513 45.851709 48.913216 47.540551 52.817134 46.555586 53.318464 51.621812 51.604706 49.136422 43.226709 50.168811 47.520191 52.654138 56.175369 48.361501 51.505419 50.294393 50.772509 50.432528 47.200024 47.737498 46.706895 51.675360 52.979326 46.944021 49.634905 50.897287 50.429660 48.536543 50.041699 44.697462 51.421861 48.379652 47.566217 50.363979 50.071970 47.555855 54.599689 50.632407 45.459463 48.087385 46.596111 51.509572 50.045052 47.207882 48.398953 50.945652 48.218720 48.417769 50.046844 46.100304 49.966066 52.893708 51.538891 51.898890 46.805349 48.048101 47.138609 49.868641 50.569468 54.184280 47.285662 52.103895 52.113044 43.907398 51.596205 45.329625 49.764063 48.672078 46.665641 
46.873633 51.075245 46.993616 50.595116 46.365580 49.526000 50.984701 49.280971 52.197585 48.928814 51.279656 47.120997 46.781153 45.872388 49.660772 48.691289 47.240715 47.835773 48.548093 50.873264 46.156867 51.415397 49.187194 44.336490 54.086673 49.739424 47.400938 50.260766 54.390489 47.214320 48.006561 49.043397 47.346698 50.003759 48.842358 51.955682 54.749809 52.217572 54.673673 46.854182 50.735004 50.217421 45.217068 50.037623 48.096927 50.789696 49.248050 49.686066 46.380501 50.096221 48.576901 48.702420 51.444411 46.208404 48.965456 46.933771 49.326615 42.688165 46.352491 45.686453 54.920945 49.433769 44.635599 49.824590 45.490716 48.332035 48.700483 54.022910 52.109683 48.116362 49.133300 49.374475 47.098252 52.863205 45.043390 53.155542 50.799813 49.945953 51.334849 47.859606 47.938080 48.343343 50.212536 46.242776 50.771839 46.948674 46.290538 51.181054 51.805953 53.726588 52.354838 48.111206 49.821969 51.945455 48.569985 51.071512 49.284605 49.488586 49.013991 50.428301 48.383645 47.434287 47.753841 48.791257 46.907735 45.842935 49.140351 50.390005 52.589177 46.912671 50.446795 49.427777 46.374889 49.464433 52.167853 48.869310 51.115238 48.336725 48.760187 53.713861 47.775074 51.363928 49.109230 49.344545 46.472096 49.593836 50.175252 51.081797 51.333284 47.873507 46.437705 50.620163 46.764783 54.171667 48.726400 51.927298 49.398547 51.039845 48.795058 45.471630 50.960084 48.106604 53.774804 54.157502 47.839558 50.027299 49.931692 54.322359 51.216437 47.811708 48.438548 46.727491 48.095173 53.633126 46.967730 50.353727 50.320519 47.511974 48.032726 51.438829 44.798365 53.953488 49.152231 46.508004 50.865156 50.938551 49.557031 52.418239 51.485534 48.065430 47.201847 49.310561 51.805206 48.193695 48.791562 49.405498 50.299648 47.227379 48.566125 49.006341 45.856838 49.928450 51.466228 51.094254 49.785886 43.236704 49.254366 47.701198 49.101503 51.116964 53.935400 47.831228 52.773488 49.503186 43.901466 51.920581 47.550311 49.886907 49.358821 46.288517 
47.346688 51.329182 50.728522 49.626087 48.447586 47.237721 51.177588 50.526877 53.865065 47.032011 49.715454 47.377937 48.636288 47.990159 50.343760 51.951813 48.869739 48.001165 48.875476 49.252147 49.928216 50.726019 48.654205 44.859447 52.453743 56.644449 50.034924 51.895301 57.021260 49.735798 48.678574 47.518988 45.761360 49.509863 47.266991 48.781819 54.230976 53.583557 53.162821 47.307410 49.907505 50.516453 44.205899 51.133771 49.953657 50.906535 47.769248 50.808269 49.965968 51.951551 49.980911 48.474794 49.827101 47.501468 48.816918 48.505258 49.821787 42.538329 51.071433 46.611350 54.306265 47.766982 45.153712 49.534214 44.287030 46.557315 49.052028 51.947208 53.406777 47.011768 49.524004 49.752725 50.197916 52.968729 49.886035 52.667859 51.215523 48.817521 53.990943 52.791294 50.993071 52.901014 49.480377 46.179122 51.632149 47.767529 46.312848 55.564966 52.538166 51.582229 50.546966 48.316470 50.731748 52.411761 49.709842 49.886859 48.427490 47.811308 47.777607 48.925821 47.983089 45.927064 49.367485 49.073649 50.354117 50.379137 50.687687 50.721022 51.829443 48.696181 50.089065 48.565725 47.114406 50.844262 52.881164 50.017248 50.910236 50.474809 49.765828 55.129244 49.795370 51.867905 48.181506 49.736954 50.212154 51.230338 50.579879 51.374532 51.156720 50.404039 48.003481 51.322174 47.570718 52.487671 49.443395 52.867264 50.102227 52.079835 53.587223 43.814407 52.797058 49.376991 52.247989 52.768334 50.251123 51.152019 51.708537 49.858531 51.299149 48.991341 48.561431 48.823517 48.542417 54.126096 45.935232 52.443486 50.483067 52.441164 51.025531 51.114039 45.238288 53.354745 49.852791 47.628577 53.160640 50.546464 47.895478 57.065096 52.081930 46.719589 50.187303 49.598674 52.692182 49.543447 49.835921 50.514163 51.899275 49.669899 49.860561 50.079968 50.218389 51.196390 52.593245 51.303902 53.680297 46.569829 49.598477 48.148610 48.302060 51.875736 53.227463 47.945448 51.944794 51.361387 47.009173 51.808648 47.785864 53.070599 50.012032 46.572508 
48.505536 53.897354 50.192083 53.282497 49.516981 49.808309 55.765094 54.646054 55.381332 47.101525 53.394144 50.270593 51.635746 49.014648 50.840167 51.502584 53.118532 50.271222 50.155105 50.158543 51.229405 54.238668 51.362941 46.295676 55.610547 56.004094 51.128267 53.680925 56.969856 51.866964 51.212850 49.702464 49.123784 50.781322 52.713048 52.166490 56.058028 51.497678 55.649413 50.074778 53.319707 52.382611 46.921431 53.910227 49.695642 53.474886 49.677953 50.771146 49.380491 51.782388 52.893619 49.177391 53.179974 50.583471 52.489182 49.612053 51.753958 45.426317 52.722869 49.653061 56.402807 51.377949 47.136508 52.480337 48.135419 49.498826 50.132668 54.962640 55.629178 51.915574 50.894579 51.755689 51.532820 53.030350 50.453971 55.415801 51.269467 49.742107 56.596526 53.819542 51.986259 52.281921 52.693722 48.572767 54.279742 48.856262 47.300907 56.985634 54.981078 56.238050 55.223967 49.408470 50.319702 55.181265 51.561126 50.861639 50.367800 51.722910 49.724328 50.843885 51.334708 47.551671 49.981261 52.139171 48.631358 51.213664 53.313052 49.554514 55.136672 49.712879 53.951283 52.950903 50.514254 49.563386 54.614970 52.432416 53.064609 50.881871 52.423966 55.190916 51.988260 55.676728 48.898976 53.835476 51.890058 51.179482 51.128053 52.503230 53.403068 50.055497 48.859210 51.099096 49.841485 54.401274 49.913015 56.286439 51.867620 52.576473 52.107126 46.878805 53.071027 49.871974 53.338911 57.256035 51.306644 52.419903 52.407609 51.735437 51.297619 49.715150 50.651049 50.184542 54.221575 56.460145 49.643350 51.356024 52.425930 52.745121 54.029721 51.828359 45.772752 53.736184 52.619490 51.779490 53.743155 50.941024 49.740154 56.132953 55.702778 51.515568 49.190900 50.262031 54.516863 53.829219 52.509600 48.602603 54.497261 48.666133 48.755609 51.780857 51.005800 51.876131 56.492852 54.328547 53.520899 48.241044 50.158419 51.596612 52.616337 52.538911 53.723125 49.755980 55.828431 50.098193 48.163149 56.331671 47.877127 53.501673 50.603116 47.741040 
51.137926 53.187203 52.536741 51.841372 49.197175 49.281499 53.274137 52.380927 52.889428 47.723114 52.028004 47.805687 48.097254 49.677400 49.642899 52.797416 49.817268 49.074215 48.218101 50.037336 50.728628 52.101638 50.787080 48.478554 53.151449 57.670786 49.088011 54.341667 56.767270 49.793273 47.739008 51.280131 48.294525 50.004126 50.995402 51.242687 52.784870 54.906760 53.896839 49.455620 51.286442 52.714181 47.969253 53.044277 49.757872 52.731598 49.678835 52.406495 47.649061 50.521665 49.624401 48.491037 52.882594 48.818606 50.627429 50.158926 50.384626 43.822937 52.565023 51.661114 57.906116 48.263831 46.348964 53.170490 46.546574 50.757902 51.648840 52.752701 51.219840 49.608625 53.193882 47.737110 50.506614 54.103402 50.815812 55.195430 48.858699 49.448532 53.211288 54.800532 50.459181 52.154242 50.864295 47.043059 56.583002 48.175071 45.641729 56.374574 53.442426 54.366312 52.054101 50.160072 49.553548 54.359003 50.622198 51.347444 50.296977 47.590647 50.546585 50.496797 50.581913 46.716880 50.155608 50.243361 49.757478 49.428581 51.753342 49.965061 53.720541 49.441489 52.608399 48.902665 49.026833 48.073616 55.025332 50.990533 49.117179 50.628691 53.181560 54.263534 51.111350 52.232462 49.557626 54.637145 48.529814 50.855188 52.412854 52.771587 55.185999 50.091203 50.404274 51.800045 49.477535 55.206333 49.673721 55.776256 50.104309 52.642415 51.005736 45.543722 53.175565 48.444148 53.626501 55.943234 52.378981 52.858002 54.022106 52.471389 52.033697 49.728996 49.603487 47.762586 52.370069 53.021345 48.535883 52.901152 52.418841 51.221697 52.041962 50.484709 47.338954 56.360268 49.235528 50.408382 53.039842 52.235713 47.930475 55.803614 52.284482 50.394377 50.468701 50.813996 50.972567 51.363754 49.115516 49.197698 51.460836 50.049417 52.657458 49.811603 47.134843 49.928528 53.485553 55.801225 53.601502 46.730291 50.955701 49.943939 52.594859 50.661205 54.303261 48.825843 54.094919 50.420101 48.448369 53.240256 46.888217 53.878608 50.821314 48.313229 
46.620084 49.481245 47.102326 49.307035 44.159728 45.722258 50.562846 49.129993 49.902049 45.376040 48.382095 47.089697 47.540156 46.741713 48.016370 49.379120 46.130387 46.613214 48.343778 48.656565 47.668449 51.632670 48.816320 43.332023 50.648918 53.481068 47.688436 50.982486 52.708884 48.979288 45.856235 47.854350 45.927925 46.091312 47.507009 49.142036 52.403068 51.244631 49.988320 44.392827 51.410541 49.116948 45.169502 48.136391 45.421182 49.239408 48.528483 49.253691 46.447694 48.080815 50.529965 45.518382 47.307385 46.293054 47.089330 47.527323 48.380064 41.292575 46.859960 47.437887 51.534741 46.802024 43.259290 47.578813 44.243812 48.421807 48.556272 51.201822 51.001973 44.885211 49.024883 47.745165 46.717303 48.825774 46.545297 51.731994 44.235562 47.634499 52.271683 50.700665 49.289394 49.619907 48.748519 44.708631 50.915569 44.819692 43.702837 53.819423 50.090072 51.832672 48.797550 45.471546 47.265784 50.600998 47.286795 48.244687 47.057405 45.309974 48.550932 46.309824 49.001283 44.746884 47.228550 47.866970 47.993009 46.955528 49.169494 47.955084 51.028713 43.993386 47.665489 49.714282 45.115418 45.151872 50.611489 45.081597 48.589145 49.983202 48.405020 53.164525 47.177620 50.168970 46.493487 48.105898 46.669964 48.093559 49.436873 46.712570 52.825524 47.535935 43.972557 46.733250 48.617403 51.092543 47.463420 51.972871 49.580621 50.770065 48.635371 43.566607 47.592906 46.337234 49.054608 53.984679 47.661205 50.860773 48.280051 50.238227 50.166213 46.264507 48.204598 47.805275 49.497052 50.829741 44.438848 49.637665 48.073114 49.278270 47.769763 48.635956 45.057557 51.393128 48.413922 46.611527 51.148706 48.790266 45.751194 52.842402 51.001696 48.817061 46.556565 49.764852 50.643573 48.310046 45.879198 48.140178 46.205168 44.481686 48.824969 48.138992 46.690429 47.559590 49.498732 49.687708 51.371562 46.202023 47.283079 47.019550 48.757871 50.375474 51.918717 46.101038 51.559450 48.422883 46.539807 49.905109 46.679747 50.024777 48.670636 45.153596 
45.346995 46.889101 47.897583 45.413658 42.354271 46.954702 46.221879 45.102560 48.195223 43.858776 44.879178 44.844337 43.962829 44.213698 46.610211 47.405740 43.767026 45.023732 44.188817 46.176860 46.587736 49.721525 44.962184 42.297309 49.666155 50.557219 43.933572 49.460616 52.031478 45.685460 42.558260 44.082825 42.230281 44.928488 43.676139 45.143883 47.725125 48.204016 48.862472 44.543945 44.668029 48.861392 42.656223 45.857462 44.824994 46.776001 44.466217 46.133342 46.228283 43.786310 46.052831 42.556652 47.321252 43.112144 44.878585 44.592276 46.837828 39.309052 43.645522 42.874727 49.604545 46.942429 40.528919 46.032592 41.905745 42.985407 45.621785 47.136840 50.113391 44.961885 46.706319 44.326463 46.451549 48.405641 45.537665 50.429648 44.473104 43.411676 49.075972 47.986420 46.331008 45.602982 45.606948 43.022964 47.746634 42.570404 43.900885 48.714199 49.056199 47.418046 47.733625 45.681968 47.478158 50.855767 46.230537 46.581034 43.547079 44.037315 44.821361 45.261402 44.573477 43.080558 42.229192 45.084247 45.861115 45.779393 45.298426 47.548249 48.988366 43.391838 45.674019 46.066342 44.291283 46.013117 48.805753 45.889904 47.288092 43.923284 45.872784 47.704481 46.703812 48.110659 44.695780 48.062774 45.796863 46.649859 47.960133 48.021821 48.500870 45.450917 41.871313 47.087944 44.279316 46.732778 44.841960 51.977539 47.077452 47.235051 45.187843 44.008151 47.186223 45.520312 46.657564 52.555099 45.777452 49.790243 47.858626 48.213981 45.836682 45.351973 46.436134 45.657398 46.141423 50.328389 42.799013 47.389282 47.080321 47.291582 45.035197 46.536284 41.128569 49.784704 46.174561 44.954722 47.673488 46.407902 44.937523 49.304173 46.672315 45.551060 44.146672 45.979083 50.295075 45.217114 45.147196 46.576151 47.642017 43.677568 46.673939 46.970212 45.214458 46.086287 48.224027 48.551718 50.004340 41.673131 44.932731 43.480607 44.246624 48.366725 49.346528 45.625403 46.759671 47.271907 44.190338 50.148998 43.616623 47.503281 44.604285 43.440030 
45.007700 48.000546 46.330557 48.151185 45.567906 45.162157 44.108546 47.286593 48.426663 44.409223 47.066966 47.162516 41.908188 43.649782 46.133453 48.602274 45.101852 46.888543 45.485550 46.792580 44.559442 48.238255 44.473349 41.672625 49.056929 47.993144 45.760014 47.727842 54.702442 46.952350 45.208421 46.589557 44.185983 45.383542 46.209698 46.880232 47.973882 47.122581 49.588440 43.428349 47.189422 49.712633 42.362542 47.226728 42.929128 48.980543 45.887157 46.212000 43.576584 45.489320 48.440532 42.864987 51.289710 47.788246 45.527842 43.873484 48.550989 40.713730 44.462682 45.141793 50.588576 47.879262 41.957989 48.263436 43.777158 45.709178 44.171719 48.454509 48.099981 43.540212 48.883723 45.448302 44.478516 47.999970 46.154554 49.804390 46.745440 45.236101 49.091362 46.694195 48.149593 45.947345 48.074909 43.548536 47.517094 42.440232 43.076159 51.031726 47.885964 49.494001 49.309395 43.585937 46.386113 48.484152 45.568232 46.348633 45.704376 45.912486 46.722500 44.383418 46.581408 43.450608 46.586936 43.582151 43.048378 44.088605 44.960998 48.643746 50.065131 44.722653 46.836693 47.599536 44.490017 44.406797 49.214580 46.529571 45.901428 47.892460 48.429255 47.498754 46.098992 46.990629 43.965271 47.001363 43.857588 45.221791 46.832364 47.924693 48.998258 45.243117 44.770752 47.204278 44.292601 52.353056 44.843083 49.433535 47.973290 48.232926 46.092075 45.922766 50.597595 44.973541 47.126301 51.737105 47.981066 49.734846 46.325283 48.996618 48.352226 45.298189 47.441363 43.648112 47.161721 51.812702 42.103432 47.537365 48.141596 45.879448 45.280244 47.282482 42.115739 48.370137 46.328104 45.921342 46.698953 47.252754 44.176463 50.758228 49.915799 46.175711 43.438309 46.502401 47.604283 46.465524 44.178300 45.135886 49.323827 42.139873 46.648947 47.970171 44.999478 47.126929 48.267873 48.624095 49.550134 43.466862 44.516008 44.008423 45.593732 47.922816 48.419423 46.157321 49.710445 49.337386 45.693609 49.544201 43.754615 50.356033 46.180823 44.595173 
48.227106 49.919092 49.599046 49.690015 45.420205 47.953687 52.292341 50.965037 52.520906 46.137337 50.929898 50.517634 46.386971 49.389850 48.022561 48.454061 49.259828 48.001026 50.936019 49.553390 48.112307 51.841306 49.228601 47.363053 51.921278 52.810579 48.092474 52.382318 52.346769 48.406755 45.917022 50.417448 45.982888 49.112544 49.135494 49.224233 54.990588 50.494558 52.132014 47.329859 52.683478 52.920739 46.275354 51.068376 47.318174 49.751739 48.612098 48.084626 47.645000 48.792703 48.688040 50.306106 50.368180 47.795278 46.408595 47.536794 50.195905 42.681821 49.010658 49.636152 55.042977 46.561014 44.304947 51.209330 46.592464 48.833371 49.348511 53.659705 53.519516 47.039116 51.804992 47.443875 47.499016 51.237498 47.786058 53.862174 48.671650 48.780483 52.932267 50.390842 47.954684 51.097769 49.770826 47.537288 52.490744 47.949414 46.974863 54.234117 49.487154 51.889334 52.258915 47.307237 49.051438 53.021436 48.887763 50.104379 49.652200 44.760038 50.469980 49.105787 49.009704 47.475571 47.436021 50.365114 48.897860 49.021630 49.652803 50.192229 50.493029 47.984437 48.986749 46.077216 46.544699 49.714704 50.645848 50.809322 49.055549 50.901317 50.580116 51.577114 48.652488 49.777198 48.160663 50.353715 48.030379 49.830757 51.079363 48.331699 53.522459 49.537687 43.227236 48.476327 47.552176 54.212906 49.694474 53.838008 50.072496 53.673762 49.993303 44.918176 50.876907 47.525358 51.216401 53.444740 47.625723 52.357744 50.889912 52.483946 49.033836 49.504410 49.927631 48.733937 50.815630 54.829832 47.211650 49.808152 51.853012 53.081206 49.445394 51.654968 43.775669 52.620612 50.556973 48.672053 51.102796 49.362351 45.527790 57.149997 50.511494 48.377225 48.778629 51.129547 50.924939 48.639829 48.432795 49.791927 49.087468 44.812773 50.602593 48.554458 48.328441 49.814098 52.410503 50.026243 54.214644 46.834245 50.423607 46.967908 48.824092 51.124850 49.570436 47.874178 52.039111 48.880938 45.983193 52.981617 44.826998 54.819936 50.007589 45.611016 
48.806879 50.791391 48.521605 51.822023 46.157669 47.479073 50.840374 49.254609 50.674639 46.794938 47.377595 46.526508 46.242748 46.282134 49.935573 50.311541 48.570314 50.697329 48.675401 47.165180 49.852259 51.986524 48.599417 45.459901 52.185424 54.261257 48.732275 51.529821 53.170088 48.111317 45.878666 49.994547 47.541544 48.773282 48.005017 49.461940 51.836268 49.670121 52.006672 45.360153 49.541456 52.248031 47.753696 50.847876 47.438131 50.222294 49.938356 50.324010 47.654243 50.521760 48.953837 48.904542 51.853927 47.587364 47.367450 45.717183 48.725352 44.095940 48.201392 47.926094 57.377426 45.725605 43.258808 50.462031 47.562729 49.308471 49.494919 51.192793 52.541610 46.729898 51.501378 49.896033 48.352717 52.289632 50.599417 52.958052 48.555818 49.229003 52.265306 50.566897 50.804840 50.621735 49.494948 46.150114 52.292745 47.221832 47.181513 53.329680 52.083824 51.804706 51.537129 48.780235 50.419818 51.878468 47.917053 51.909257 49.406352 48.116361 49.168320 45.616518 46.783898 46.170965 50.326079 49.803380 47.120760 47.190592 50.275464 50.260387 52.197867 46.735954 48.495757 47.039747 47.592072 48.097128 53.359718 48.795728 50.416546 47.096308 49.020501 54.128924 48.102450 52.202493 48.718520 48.844671 49.395922 50.401836 50.236949 50.913053 54.258963 49.437083 49.089281 50.440071 46.952777 53.535845 46.058435 56.094591 51.024808 50.045015 49.178398 45.128208 52.856085 47.673343 52.210402 56.236501 49.718438 53.946005 52.499964 49.650693 49.806926 48.829882 47.207868 47.717322 49.077082 53.893927 45.532089 50.417287 51.836513 50.185823 47.968812 51.623682 44.691942 53.495893 48.939779 48.989261 50.930525 50.133574 50.337371 52.474279 50.309232 46.570349 49.365973 47.036174 51.475205 48.196595 49.808254 46.654410 49.882533 47.571352 50.211049 49.111545 48.449202 48.408176 52.875081 51.703427 52.154820 47.650279 46.251272 49.472910 50.198066 50.122625 50.971740 47.049372 53.812894 49.190063 45.927922 51.953150 46.897820 52.503308 50.533327 45.998012 
47.265209 47.928149 50.922582 50.362416 46.334914 48.199122 50.353700 50.961187 51.704693 46.067721 49.122448 46.455327 49.329671 47.363262 46.210553 49.201292 46.185543 50.311908 46.867483 48.507810 46.488434 51.922932 50.918898 42.641308 52.900442 52.046321 48.247724 52.656466 55.447132 47.486803 46.402198 51.322563 46.904393 47.889342 47.368676 49.575381 52.216951 50.231513 52.138660 48.943059 50.767869 50.426229 46.322412 51.123399 48.687257 51.269569 49.564140 48.377498 47.207600 50.302417 49.180618 46.329192 50.446890 46.413276 49.330155 48.393199 49.389089 43.876536 47.627836 48.194356 52.671352 47.742356 43.997579 50.193554 44.645518 49.110307 50.022603 51.639381 50.497946 47.642935 49.270046 46.995907 48.442615 52.092487 46.993452 53.839350 48.403653 48.233014 53.148736 51.680488 49.541577 50.995992 49.166171 45.682358 51.908603 44.956313 44.817691 54.279279 51.098667 52.472442 51.784646 48.342566 50.861728 54.209354 47.700940 49.558642 49.159423 48.816979 49.480932 47.301887 49.846970 47.619086 48.745770 50.401694 47.253719 47.538513 49.168092 47.375271 50.972525 44.482583 49.677605 47.532685 48.772708 47.899245 52.940866 49.973739 47.914813 48.862576 49.528404 53.272833 49.621553 52.012071 48.366676 49.496054 49.244210 50.834503 48.815551 50.155743 51.262612 47.771517 49.196983 50.970091 49.098597 51.996247 48.249655 54.659072 49.283728 53.250641 48.973271 46.212034 51.762146 46.771902 52.304025 56.019885 50.291160 50.495973 51.340053 50.957867 48.798264 47.665309 50.080256 48.050473 51.944052 53.501697 46.859115 51.277731 51.338590 50.652675 49.413049 49.636336 46.319319 53.412257 48.856145 47.188153 48.740209 48.523433 49.045021 52.845495 53.118087 47.632895 46.018568 47.834384 51.532228 51.360725 48.597667 47.694714 49.519863 46.907024 47.727507 49.614495 48.313715 48.919158 53.474004 51.604689 50.710004 44.932267 46.627444 48.757123 49.529811 49.329710 51.625995 48.071035 51.139863 50.422839 47.015761 51.550221 47.405673 51.362890 48.953876 45.346337 
50.742340 54.793999 52.282540 52.577080 49.838989 50.670262 55.256375 54.689640 55.098883 49.807414 51.548090 51.250068 51.203037 50.960296 52.502010 53.066233 52.779274 50.197124 52.149152 51.784793 51.905999 55.031753 51.526188 47.571135 53.682038 55.331663 52.220942 51.993357 58.508330 50.331966 49.605959 52.902105 48.750497 51.574804 51.620047 53.706130 57.447644 55.785168 54.940145 49.472612 54.412637 56.155089 49.971368 52.006213 50.632666 54.487127 50.828803 54.466203 49.555572 50.714758 52.598591 51.740556 54.303935 50.808538 50.666716 50.437146 52.759244 46.158327 53.036778 50.101504 58.548233 52.855825 48.744644 53.026523 50.142049 52.067835 52.068941 51.442708 55.294898 50.930994 54.739207 51.149117 51.000764 53.735818 49.716366 57.516994 52.760472 50.594190 56.279463 55.911653 54.643935 54.159965 53.916552 49.864857 54.745563 48.998924 46.945527 57.126203 52.952784 55.333229 52.804839 49.197813 53.355431 54.337073 51.747921 53.094272 51.078098 50.953621 51.227653 51.247323 50.528124 48.607860 49.363129 49.858073 50.689886 50.731531 53.567036 51.244534 55.689200 49.866200 53.214615 51.324386 52.512556 49.355278 56.434626 52.955025 52.403439 52.516369 56.071059 55.362333 50.546532 55.344523 51.251192 52.750838 50.419787 51.840497 53.989899 54.371708 56.063596 50.675373 49.278572 55.841832 49.636929 54.096994 50.354300 56.928151 53.569860 55.230940 50.170840 50.319074 53.124357 50.924403 54.535045 56.411203 52.995488 52.262100 55.366053 54.827155 52.191886 50.470556 51.338909 49.507375 54.161103 55.205408 47.277468 55.277629 54.777185 54.476705 52.341219 51.138676 50.322013 57.621181 49.926901 51.949067 53.834754 52.891896 50.518840 58.854655 54.468306 51.603177 51.892148 51.779522 54.249106 50.910163 51.436216 49.977190 52.185823 48.000344 52.792290 54.751045 51.060603 54.166787 55.574181 56.228548 56.344935 50.622080 52.127152 50.937236 52.555671 53.060372 54.939568 50.273071 54.187901 55.444291 47.954826 51.928687 47.023179 55.780455 49.788069 47.705856 
50.830096 53.518917 53.455270 54.262184 51.045686 50.955651 52.719925 52.366885 54.690813 49.162161 53.064272 49.373388 49.952810 49.237246 53.055812 51.964361 51.577998 50.731045 50.814347 53.001332 50.316036 51.784228 51.609510 48.752932 54.711002 57.553837 50.082387 53.095300 57.961921 51.365674 50.341205 52.631699 49.260593 51.352627 52.760557 51.497054 56.788544 55.164377 56.609391 50.245787 54.765821 54.050595 47.897925 54.224539 52.524019 51.565154 51.971510 52.350285 52.106898 52.493347 52.131522 49.345723 52.127606 49.468636 50.959897 51.860912 50.703803 45.274055 52.391125 51.231257 58.420755 51.835683 49.543388 52.577156 47.450424 51.674221 51.696587 54.523245 53.052133 51.995603 53.324059 51.457003 48.380499 54.075883 49.971993 58.407819 52.591759 49.445221 54.657200 53.932460 55.212820 54.470013 53.353522 48.601298 55.439264 48.626651 47.972834 56.729993 53.547419 57.518037 53.677690 50.749064 50.440061 54.231606 50.732608 51.485133 52.134910 50.873036 52.062697 50.798066 51.547329 46.856666 48.793194 49.440931 51.224556 50.496125 52.803438 52.038908 55.257094 51.645285 52.639632 51.155300 51.490820 52.909566 55.706792 51.744642 49.774258 51.612934 51.784029 55.632591 49.839351 55.571134 50.089848 53.231459 51.930239 52.946169 53.476806 53.575037 55.787016 54.769455 50.628093 53.294137 51.660353 55.102096 50.719395 56.514691 52.454897 54.744022 55.148292 49.144962 55.307659 48.119394 54.828822 56.406608 53.849590 55.510624 52.473401 55.957934 50.872487 51.464290 52.056070 50.796828 52.599466 56.899093 47.949001 53.936419 55.000588 53.875212 51.673259 51.449914 47.789057 56.275467 52.589665 52.265935 54.548667 52.826477 50.202796 56.349490 55.089704 51.320906 51.764268 52.808889 54.496985 51.826077 49.195057 52.427474 51.973733 49.450715 51.453948 53.440935 49.602015 50.282101 52.647889 53.639351 53.320429 48.398643 51.240560 51.738502 52.884073 54.287219 54.067269 50.398031 55.282872 50.843844 50.159951 57.239726 48.480819 54.885189 50.744257 48.623323 
47.288426 46.967664 46.108482 48.088285 45.150312 45.966149 51.311515 48.402339 49.483884 45.892226 49.355849 46.505371 43.748390 47.104989 50.647950 48.443953 46.834834 47.125396 46.789968 47.679721 47.590693 48.092340 45.715974 41.851819 52.257340 51.879150 47.114694 50.378515 53.908751 48.353745 46.312651 45.913785 45.619430 47.249973 45.958894 50.443348 49.564729 50.324991 51.430728 47.579687 48.129215 48.081540 46.452609 48.764823 48.157731 47.661592 48.450825 46.942163 45.316450 48.176896 48.328550 45.760063 49.129653 46.575239 46.679779 44.905849 48.503562 40.680879 44.419230 44.272394 51.307161 47.256520 43.569614 47.156759 44.110178 46.598135 48.861365 52.024168 52.289437 46.723854 48.914094 46.002366 45.234880 48.421607 44.816520 50.549682 47.566303 48.593367 49.404642 49.353232 47.774606 47.954528 49.153707 43.924948 49.926018 45.746802 43.645059 52.389989 51.275130 50.391739 50.719430 48.184441 49.281116 50.775657 47.670237 48.588820 47.086195 45.178016 47.593780 47.653606 48.366012 43.557247 45.781311 47.373949 46.281789 47.241324 47.007424 47.803553 49.895798 47.171962 48.225787 46.631342 44.076126 47.844352 50.123832 49.312622 48.138280 47.616794 49.401325 53.336057 46.148371 50.718816 44.839386 49.791248 46.145943 48.273939 48.756526 48.969324 51.771415 46.097436 44.060772 46.788406 46.443448 51.838979 47.021987 50.673921 50.652748 48.790795 49.218295 45.067311 49.380904 48.326806 49.697081 52.866359 45.268336 50.993732 48.914292 50.745087 47.356844 47.515903 45.648753 49.362825 48.683689 51.086514 45.931545 49.311272 51.336200 46.135620 48.016879 49.850572 42.988050 52.216257 48.504818 44.788938 50.956202 48.742636 45.103895 53.489369 48.905802 46.200041 47.018010 49.053075 51.284986 46.718405 47.398506 48.698734 48.934009 45.745723 46.508098 46.976958 45.203280 50.022084 50.404263 50.932844 49.528382 42.362610 46.463649 44.874507 47.236987 48.798004 53.711278 46.867496 52.968616 47.975971 44.598145 50.252424 45.029936 49.059577 50.958866 45.637042 
51.099207 53.582389 51.567791 53.111621 49.495355 50.286125 50.940400 51.218394 55.197800 47.960676 52.100408 51.114960 51.182628 50.806348 53.555733 51.098425 51.279309 47.480135 50.048412 50.114833 52.278457 54.122002 52.818620 48.969086 53.553117 57.782982 51.059931 54.777334 56.911604 50.892801 51.411493 52.535985 48.396153 50.817342 52.377175 51.658535 56.979332 56.298121 54.260107 46.359015 53.509936 52.713957 48.226465 52.356358 49.547121 52.427553 50.388891 52.910605 51.119471 50.493311 51.971615 50.326337 53.401615 50.156283 52.130235 47.342291 51.062645 45.119029 52.233144 51.036314 55.583236 51.316205 46.780771 50.571029 48.465071 51.166962 50.609975 53.544661 53.449396 50.077311 52.009167 53.046594 48.646786 52.199854 50.801543 55.188450 49.431318 51.005522 55.344955 52.358376 53.071996 52.693532 52.884216 48.652058 55.275083 49.930356 49.268514 55.606709 52.505526 55.439015 53.067048 48.019089 51.888464 54.121383 51.842709 52.684579 52.716964 51.052971 51.168814 50.309216 50.892531 47.778757 51.009160 50.835102 52.273335 51.436829 50.906195 51.114342 53.732575 48.840099 53.099889 52.961713 50.086461 51.322875 54.425230 52.248601 52.182426 52.201355 50.884047 56.245872 53.495847 52.039522 50.541348 53.878555 51.279779 53.496280 51.517148 51.304683 52.938529 51.139283 48.377115 54.888155 50.989035 53.891653 50.242879 56.399942 51.766842 54.191943 49.982095 47.965290 54.955271 48.789583 51.772624 57.411773 49.213701 54.865402 52.923614 54.260405 52.544303 50.491882 53.443763 48.673045 53.179331 58.103420 47.516468 54.389140 54.384931 56.721756 52.619877 54.186259 46.589692 51.536489 51.258888 52.779843 54.189873 53.367692 47.720527 55.908243 55.794485 52.017403 51.433344 50.646573 54.176146 52.637084 50.610317 49.315584 52.111497 47.795649 53.890948 51.868858 47.969006 51.114275 52.848516 53.768981 53.120517 46.723322 51.372193 51.645033 51.318878 54.349904 55.456438 51.239479 55.445440 53.730342 49.384418 54.415706 48.693591 52.777907 49.768610 45.442438 
50.333144 53.531791 53.733937 52.523991 49.172835 51.145985 53.806415 53.056157 51.977091 49.504160 52.870053 49.098595 50.502876 50.137239 52.644550 52.196674 51.115965 48.582355 50.280720 52.818187 50.989324 53.387198 51.752714 47.901297 54.754812 56.030426 52.234234 53.521880 59.064533 50.514770 50.232265 52.209125 47.639822 51.612959 49.317304 51.557362 53.074898 57.879827 54.621318 48.844455 54.826220 54.590796 46.823994 54.502457 50.080018 53.714613 50.179731 53.687372 49.553399 51.032716 50.057246 50.803857 53.642438 48.094007 51.089425 46.322258 51.319917 46.703489 51.721908 50.487402 55.860935 50.291539 47.409919 52.148831 47.212971 50.424675 51.254252 55.001515 51.439407 48.763730 51.892228 52.701044 49.327814 53.828447 49.825005 57.256055 50.909251 51.030349 55.362912 51.534723 53.472954 50.797625 52.691788 47.832612 55.605548 46.631248 47.603117 57.846669 52.596292 55.147921 51.988507 47.241539 53.891694 54.332798 53.534622 50.543548 49.524223 52.316653 50.416583 50.434318 50.529573 46.894718 48.880607 48.720290 49.180960 48.567652 53.630165 49.325282 55.162575 51.177471 52.661638 53.193826 49.855982 52.069697 54.631407 52.735857 50.945819 50.689159 53.390253 56.412783 50.305599 50.181180 52.221464 52.406394 50.381485 50.495439 53.694782 51.946765 52.615135 52.697991 48.196031 52.602525 51.514751 56.565730 51.525312 56.097908 52.621856 55.430058 51.747835 48.608895 54.636453 50.853352 55.660059 54.538438 52.129809 52.179340 52.362570 55.092386 52.966497 50.474062 51.832143 49.000031 51.161607 58.393856 49.046185 53.361441 52.724325 54.897196 51.685846 51.937621 47.205227 55.151188 52.155876 48.490437 52.918029 53.176249 49.511985 55.773770 53.618304 51.547500 49.824522 50.815496 53.958158 52.877711 48.809818 51.413125 51.996732 49.446989 52.167723 51.459869 49.440730 52.652686 52.285999 54.739625 52.553631 45.951110 49.801880 53.022643 51.511558 52.200019 56.074843 49.559140 54.272196 50.266609 48.734478 57.507996 48.397127 54.837324 51.089484 48.829209 
50.066146 53.355764 51.635065 53.588048 51.886243 51.862322 54.197572 53.908308 54.504437 49.873850 53.284139 51.104277 49.675912 49.358883 52.347046 53.033372 51.004686 54.955416 52.156335 51.207366 52.922152 55.882881 51.121800 47.851048 57.084916 57.114771 48.835153 55.704638 59.725618 50.253185 50.421353 50.734912 50.763513 50.379788 51.586435 54.688991 56.390941 55.265857 54.628659 50.654053 55.374158 53.922017 50.253868 53.980941 49.957705 52.151432 51.361941 53.810731 50.216061 52.344335 52.006652 52.685717 53.417490 52.741106 49.894491 50.298683 52.561071 45.559773 52.494782 50.430796 57.221141 49.358144 47.354489 52.837137 50.158638 50.395494 52.055543 54.576261 54.466538 49.143327 54.826325 52.522860 50.834153 55.304054 52.219510 57.132591 52.610470 51.755704 53.305378 53.205602 55.002244 53.494181 52.261979 48.486626 56.618061 48.748623 48.745041 58.108112 54.352626 56.162653 57.470836 50.625651 53.859705 54.221725 50.779608 52.974253 52.492691 50.887335 53.571375 49.685007 51.807393 47.996241 51.947428 51.642391 51.014671 50.001602 54.284235 50.353537 54.842699 51.612569 53.270614 52.595518 50.697112 53.563322 54.959032 53.263352 53.868319 52.278924 52.755087 57.931344 51.559903 55.641352 50.457950 55.471966 50.908988 52.891524 51.901853 52.328263 55.596805 53.038162 50.591053 55.693807 52.557677 57.517420 49.701452 56.699490 51.326396 54.712914 52.271482 46.594919 56.331660 52.575043 58.042914 59.176470 52.233206 55.154373 53.456882 53.576326 53.941919 52.437768 51.937227 50.707323 52.641989 56.100784 48.624733 57.097529 55.584859 55.722425 52.330361 53.879573 48.939319 56.175666 52.442941 52.394130 53.123429 53.980216 50.015423 55.532296 54.926613 49.227874 52.057752 50.379331 56.020796 53.247432 49.005902 51.586675 54.493563 48.643198 52.700145 51.908960 51.337050 51.503347 57.295244 55.133736 54.544841 51.597803 50.964477 52.098151 53.524894 54.134812 55.888850 48.840962 55.232532 54.380374 48.816356 55.830278 49.733266 55.264256 52.351819 49.896251 
51.263977 51.229742 51.214849 49.600286 49.907812 49.037456 53.721091 53.143863 53.424356 48.534008 50.066462 48.894526 50.104104 47.693598 49.148649 52.283974 50.079262 49.706822 49.332953 50.423635 49.288617 53.845757 50.135699 45.870337 52.881125 52.474928 50.600293 54.865518 56.943895 47.936564 46.104887 49.973994 47.256746 50.378404 49.087717 50.845460 54.798750 52.946069 54.357246 47.132593 53.457228 53.701423 47.683990 51.182955 49.818501 52.109290 51.027148 49.722780 47.922197 49.029667 52.178302 49.428563 51.709875 48.844889 50.369522 50.542498 50.881235 45.178434 47.607317 48.558138 54.224368 50.439741 46.739226 51.465684 48.356887 49.853364 50.702372 52.957090 51.601812 48.483132 51.925400 48.121967 48.070174 52.085697 50.231203 55.064505 48.966765 50.957722 55.003351 52.130225 50.422511 51.309364 52.367709 47.619949 53.049764 47.905611 44.164796 54.204322 53.225819 54.447498 51.716946 46.110169 50.596087 52.272449 49.377876 50.422270 49.093882 49.747613 49.531890 48.795879 48.978207 47.056019 49.430748 49.139235 46.704351 46.626259 48.848060 51.061282 53.869673 47.547656 49.203365 50.443326 50.556406 48.033561 55.392235 50.370435 53.145516 47.601059 51.534637 53.768291 49.072819 50.194728 51.282582 52.959794 48.674185 49.534869 48.166385 51.797225 53.482612 47.724442 48.974396 51.677969 48.511557 53.339100 48.272652 53.819264 50.759400 51.722877 49.117746 49.977383 54.108913 47.508201 52.983538 55.223559 50.283554 50.902429 51.813794 52.511630 50.827819 50.336571 50.329215 47.885588 52.713553 55.093126 45.653974 53.216425 52.988709 52.381061 49.975607 51.485182 48.266566 53.508746 48.720272 50.041510 50.162710 50.016180 48.465897 54.285581 53.621665 49.112821 47.497682 51.190819 51.880245 49.806245 50.118130 49.970541 51.290164 45.944856 49.479833 52.594495 50.710505 50.898000 53.732049 53.067852 52.732485 48.241073 49.415755 50.565472 49.424937 50.417190 53.044882 48.814016 52.453492 51.425315 46.475252 53.033523 46.220744 51.836346 48.722326 46.322899 
47.851440 51.245997 49.851871 52.549230 47.833141 47.578738 51.539523 50.937392 52.627140 46.843925 51.039238 47.436195 47.659393 46.226011 47.194651 51.709196 48.923966 47.959233 49.311488 48.130634 48.197484 52.729298 50.113433 46.809962 52.283510 52.349570 49.927942 49.820645 53.319569 48.120327 50.034121 50.302874 47.176302 49.186595 49.474648 50.590850 52.000744 53.064477 54.176924 46.870383 53.119760 52.582858 46.687589 51.627663 46.175841 49.800515 49.405243 48.176468 46.221254 48.536149 49.187853 47.062703 51.909373 48.165592 48.528528 47.355425 51.013242 42.705356 50.126491 46.951878 55.305276 46.965240 45.272902 50.467537 46.885369 50.398826 52.382860 53.128437 51.341602 49.121882 49.796952 46.235615 46.946876 51.652005 48.071767 51.858758 49.644230 50.827015 52.387551 52.533315 51.259499 52.143724 50.378426 48.812786 53.589395 46.102187 45.937953 54.894743 52.255175 53.583055 52.372175 49.183550 51.883141 51.483459 50.026097 49.650461 47.718722 47.335708 48.019762 49.427568 50.595975 45.206961 48.504317 50.114870 46.785963 47.281709 50.624235 49.565924 51.613809 46.004602 51.426461 45.841633 46.498992 46.954421 51.675504 49.354358 49.485868 49.502821 52.293193 53.961445 47.570723 51.403708 52.208777 51.180551 48.420380 49.056926 49.986954 51.018282 53.060852 49.000548 46.583859 49.867599 50.719352 53.067423 48.329046 54.327014 50.286970 51.871297 50.786312 46.385117 51.974995 47.889876 51.496767 54.868958 49.366541 49.857760 49.410736 53.221515 50.991628 48.707449 49.565884 51.503880 50.758379 52.597249 47.573175 51.664065 50.798568 50.215428 47.406325 50.896536 44.971949 54.555791 49.319127 48.158165 50.750167 50.279908 49.819244 54.389191 50.145925 48.063447 48.384690 50.120025 53.100653 51.368419 49.219619 49.943296 49.630705 46.572539 49.331373 51.950703 47.049259 51.388657 52.850935 51.005077 52.606997 44.046983 48.010295 49.391933 50.051710 51.521613 52.550196 45.543175 52.226770 47.480899 42.575354 51.398110 44.759503 50.853271 50.745979 45.923348 
47.933213 53.950231 48.968150 54.401022 46.701744 50.208587 53.580058 53.556800 53.963833 48.229278 51.730218 48.550486 49.643584 48.062935 50.005270 54.346138 49.153865 48.610604 48.772425 50.372284 47.990934 53.384761 50.711824 47.477841 55.113795 55.002028 49.539460 50.962672 55.246068 48.404801 48.400498 49.698291 46.354246 50.124519 53.045280 50.549656 56.252557 53.804352 53.129991 48.067081 52.722514 54.821381 48.249885 52.309754 49.508125 53.464320 49.407061 51.363513 49.683742 51.205515 50.534330 49.618881 51.589244 48.405441 51.465698 50.694753 50.087179 43.153175 51.961559 48.973452 58.297619 51.117535 45.187559 51.987931 48.277795 50.584889 50.574403 54.300903 53.960986 50.702370 49.248642 50.561164 48.550916 53.110984 49.264673 52.331269 50.188474 49.240573 54.925002 51.391356 51.301159 50.454927 52.000532 49.594071 55.803662 49.612148 49.142858 54.676560 53.835242 56.949119 53.900501 49.058566 53.408835 55.922889 51.409529 48.570954 49.783524 50.346911 51.758775 50.401611 50.135796 45.065356 49.022503 48.272703 47.831230 48.942386 54.363065 50.681792 53.420795 50.458833 50.871910 51.197557 50.099263 48.971141 52.501167 50.363335 48.791215 50.944148 51.567022 53.858702 49.121711 53.804049 50.432026 50.755267 50.999435 48.497234 52.901912 53.605646 53.076209 50.326328 47.944802 51.305918 49.621747 54.800480 51.116961 55.323757 51.169026 53.061184 51.015190 47.151494 51.236845 48.365692 52.740646 55.276845 51.749002 51.771884 51.385837 55.502838 49.997799 47.964274 51.073001 48.723330 50.846661 55.585109 46.728039 52.852162 52.052121 53.710336 49.890385 50.540143 44.374742 55.726417 52.654687 51.447672 52.670381 53.845199 51.383113 54.542629 54.428680 50.051056 47.312619 50.799080 55.037185 51.062018 48.785799 50.850811 52.928181 50.182822 50.132471 50.571819 49.351210 50.795749 54.013230 52.759002 54.629969 47.335405 51.642791 51.520369 51.612438 52.640507 54.968848 48.312209 54.513963 49.534111 48.838806 55.044704 48.442732 53.643764 50.198825 47.756817 
48.617929 52.402752 49.850906 53.325771 47.827519 50.803280 52.776185 51.655559 53.703639 47.009840 51.655530 48.486681 49.198746 48.036848 49.536114 51.150699 48.633079 47.921292 50.625792 51.415530 51.670189 56.531368 50.793649 47.552148 55.831564 52.734134 48.775340 52.986144 56.251085 49.015522 49.892881 51.261523 49.170621 52.605285 51.461769 51.453167 56.653502 53.057625 53.073299 49.412253 51.369017 55.035481 47.097606 53.910684 50.272088 52.931314 50.273557 49.883822 50.889958 51.568111 50.249732 48.194999 54.643831 49.573437 50.988024 48.002428 51.262582 44.497517 51.625233 49.809556 55.357376 51.263400 48.448085 52.724521 48.163425 50.616889 51.584010 55.561032 53.111331 48.107784 51.305333 51.250111 50.680554 53.876339 49.096479 54.690083 50.293693 53.128668 53.854765 51.953455 50.946351 52.687646 52.454930 47.851710 53.670343 46.021537 49.082417 55.298618 52.742151 56.223855 53.630029 48.939159 51.908703 55.021262 50.321040 51.421241 48.029101 49.049918 50.482178 49.027741 49.730477 47.171190 50.071407 48.820200 51.601882 50.214035 52.794482 50.660274 54.322342 49.597906 50.114398 52.223417 50.372755 51.734299 56.388974 50.393977 52.190075 52.682317 52.685773 54.750572 51.774087 52.932273 52.298453 50.347096 49.483052 49.662976 52.536558 51.712619 54.044650 51.767463 48.312932 51.785511 50.653134 54.477876 49.223003 54.804262 52.931195 52.998210 51.707080 47.498986 52.584447 50.350928 53.403310 56.806716 51.480945 54.826928 52.627356 55.525704 51.947202 46.704848 51.883352 48.529483 53.467122 56.026238 46.041797 54.364089 52.451120 53.004183 50.049654 51.270522 47.169521 54.254856 51.696539 46.410805 52.600767 53.225437 49.839366 56.326177 52.784906 50.510375 48.992912 51.883912 54.373204 53.881291 49.822603 51.277042 52.738105 47.286673 51.363081 52.156705 50.214410 51.720847 54.982784 53.815840 53.545473 47.653895 50.611131 49.980546 48.581898 52.698873 55.667267 48.913724 53.646138 50.845809 46.791153 54.069078 46.556336 52.917999 49.811446 48.005066 
52.315757 53.432753 54.388219 55.372664 51.059140 53.727763 55.691009 54.402761 57.219796 51.057650 55.753696 52.201554 50.554515 53.950217 56.330949 54.440158 53.397997 51.254376 53.050524 54.562420 55.606426 57.466394 52.885805 49.090515 57.844408 58.436507 50.608532 54.596048 59.496191 52.452600 52.638667 53.702197 51.879725 55.382155 51.897831 53.473626 58.084810 57.203718 57.617587 51.923652 54.838062 55.573223 49.818708 52.956800 52.672085 53.290692 52.779739 53.247215 52.356588 53.991819 54.211400 51.522715 57.556606 50.659448 54.457992 50.601090 52.968493 47.236033 53.553886 52.020789 59.584416 53.030339 49.536367 55.528247 46.859644 52.795614 56.908079 58.130363 56.857597 53.947765 56.066170 51.719776 53.270940 54.274984 52.936724 59.071278 51.816341 52.548054 55.967296 55.489162 54.559584 54.811033 54.648079 49.492780 58.002721 51.863021 50.701166 57.699515 56.191035 58.801582 56.483676 52.367605 53.994645 58.117129 54.228454 53.135536 53.532986 51.353566 52.592449 52.855015 54.984242 51.015740 50.467496 52.893707 52.199916 52.567890 55.194850 53.432888 56.803375 51.065799 55.280713 52.109111 52.316047 53.073287 54.049537 54.284237 52.052399 52.323329 53.744492 56.938009 51.996708 57.516999 53.527770 56.082131 52.749830 52.895120 52.968874 53.072320 55.416936 53.580726 53.083512 52.950687 52.431790 57.714877 52.886296 58.370716 54.476515 56.114716 51.756812 48.279152 56.177596 54.641772 55.898232 58.335413 55.224032 55.032059 56.413749 56.268180 54.037037 51.296747 53.563150 54.137214 56.088609 57.041990 50.811920 56.983026 54.504282 54.576700 53.599754 57.235387 47.900309 58.576469 53.847225 53.252512 56.298358 55.139423 51.179546 57.402186 56.558884 52.164779 52.668351 54.173550 55.364562 53.428541 52.247269 53.347558 54.543464 50.979521 51.579704 53.727232 49.923521 52.577904 56.269282 58.711294 56.675100 48.939042 51.158850 51.800335 54.915533 56.271448 57.810674 51.608876 57.284017 54.659669 50.416730 56.069189 49.323127 54.774495 54.920600 50.399571 
49.952179 55.189508 48.121209 53.716117 48.524786 47.025224 52.880809 51.051574 53.169337 49.331526 51.892048 49.682589 49.335903 47.791651 51.056251 52.211621 51.037806 48.487275 50.556296 47.266354 51.839818 51.390646 49.325620 46.882191 56.431096 54.748635 50.739263 50.720543 56.671706 49.220017 48.511919 50.616969 46.755863 50.962795 51.645597 50.933944 56.803221 53.437531 53.436956 47.909545 52.979718 50.458812 46.417509 54.263137 51.472184 52.192393 50.024801 50.699050 47.040099 50.177667 51.449134 48.330085 52.973513 49.589027 51.586720 50.107675 48.889267 45.914149 51.714694 48.558476 56.325922 50.768371 48.353696 51.933023 46.107464 50.740926 50.543332 54.278514 53.765285 50.483541 51.476099 50.835346 50.616493 51.923574 49.219235 53.186571 50.918422 50.296457 54.920669 51.560728 52.373793 52.218673 50.449163 48.424147 54.103012 46.735363 46.305027 55.070956 51.905202 52.996605 54.548350 49.937830 50.353911 53.273228 51.485296 49.841845 48.184482 49.165233 50.932691 50.973966 48.176063 48.558520 48.474710 48.232184 50.364132 48.473331 50.723386 52.566853 54.479282 49.384572 50.803091 49.760354 48.168322 47.746085 54.715387 51.858413 51.002322 51.349380 51.157663 56.030017 50.193171 54.474900 52.376724 52.110709 50.566500 51.222829 52.637975 52.241709 53.645181 50.768892 47.831821 53.273650 50.591180 55.673047 48.705790 53.643591 51.029389 54.413203 49.841868 47.301403 53.237785 49.598557 54.296962 54.946229 50.818848 51.963100 52.046268 54.278197 49.784818 51.009780 49.746050 47.417756 51.303974 55.867093 46.152054 52.209319 55.391282 53.373298 49.089091 48.330340 45.916760 54.751614 50.817077 49.620688 52.418214 52.834554 50.021933 54.775786 53.540885 49.001950 47.506321 52.154818 54.394477 51.813521 50.718601 48.394334 51.314690 46.772089 48.342387 52.415065 48.651032 51.340671 53.474304 53.944735 53.540946 48.162659 48.953957 52.227566 49.532175 52.716008 52.956052 47.587980 52.990664 51.157149 47.509623 53.606143 47.378187 52.580329 47.692363 45.042388 
47.445968 51.655477 50.436860 47.348688 46.515887 48.613704 49.560848 50.546419 51.358164 46.857677 49.169975 44.777073 46.828376 44.729865 46.666582 50.053858 46.917016 46.954567 48.721981 50.280873 48.298152 50.564243 49.661347 44.828768 50.716908 53.077920 47.757333 52.545896 54.848666 45.326341 48.098630 47.706506 45.620571 49.165679 48.662752 49.727753 53.616022 50.857552 52.131703 47.296958 48.665209 49.620424 44.077998 50.015803 49.238218 51.538208 48.132553 48.695478 47.124548 48.874149 47.909835 47.537389 49.465314 46.921123 47.775378 45.956495 49.355424 42.271578 46.147423 49.318689 54.186972 46.315954 44.382259 48.923789 45.122117 47.526699 47.132054 50.489240 50.038740 46.596772 50.344563 46.970863 45.156122 50.124648 46.912519 53.054402 49.518646 47.427799 52.351187 49.983157 48.184697 48.972732 48.151697 46.590733 49.488051 45.654146 45.835731 53.319359 50.134827 53.122554 49.264473 44.409200 48.620177 50.516998 50.111326 48.641843 49.445842 46.902012 48.378335 48.826384 47.657673 45.554946 48.029667 47.808383 48.113675 45.472129 49.313288 49.002655 50.552457 47.125721 47.526285 48.993554 47.185229 48.122414 52.658211 47.479101 50.050980 47.054430 49.140223 52.225256 50.424521 49.220865 49.218390 48.795156 48.443527 49.286529 49.626752 49.159444 50.842118 47.212413 45.454519 48.915608 46.098191 51.501501 48.493977 53.219896 47.492603 50.498724 49.072642 43.807168 52.346330 47.478746 51.398122 54.734665 49.321222 51.722535 49.925385 50.957442 50.305537 49.924479 49.796183 45.632559 48.178736 53.264128 44.815471 49.846146 50.989663 50.506769 47.605511 48.945749 44.743304 53.787702 50.536607 48.684815 49.829426 50.586455 48.443424 52.988998 52.068677 48.283885 49.015186 51.255304 50.442159 48.925737 48.574113 50.837575 47.758487 45.493983 49.690094 49.565013 48.750693 49.876648 50.791478 51.698647 50.851283 44.999355 47.364743 46.387566 47.803684 51.372447 50.681685 46.844211 52.488776 49.152121 46.621636 52.141683 47.458925 53.579030 47.362774 44.813183 
52.667430 55.898813 53.453316 55.352339 54.555243 54.080760 55.293908 58.223561 56.615984 49.971336 56.186311 52.365664 52.438017 52.396411 53.742070 57.382524 51.180509 55.083781 54.638708 53.638818 52.920765 55.914235 53.330182 48.566952 58.443247 57.531730 50.992651 55.219223 60.619144 52.072183 52.125991 54.873574 50.423935 53.548873 54.441862 55.714279 58.857098 57.802264 58.193689 52.627636 56.102302 58.006583 52.330547 56.387176 54.046146 55.275410 53.085800 53.109596 52.157828 53.295702 55.072469 52.906050 55.637831 52.696093 53.789883 52.939325 53.627161 47.181292 54.609233 51.865148 59.251369 53.174935 51.198033 56.337075 49.348390 54.534020 56.088582 56.852085 56.914098 51.860515 54.508644 54.275481 54.214217 55.358153 50.849865 60.453247 52.808985 56.304493 57.104318 55.386820 55.123789 54.212477 53.536489 51.337106 58.340915 51.848536 50.780690 57.896834 55.707706 58.538981 56.077540 53.862255 54.862453 59.079943 53.760458 54.534653 52.295200 52.588399 53.095223 53.360694 54.955045 48.932415 51.510150 53.616406 51.597096 52.829604 55.211025 52.839028 56.528627 51.577392 56.132497 53.460796 55.346493 53.091075 58.857654 54.112445 54.572452 56.476983 55.677983 56.869395 51.965768 58.304241 53.868735 54.967344 55.209025 52.414791 54.939681 56.871171 56.223107 54.637768 50.818200 52.725744 52.443877 59.399118 53.033122 58.646952 54.876267 56.960500 55.354433 52.520157 56.415564 51.296522 56.716403 60.882784 52.544309 57.377069 53.921259 56.836123 56.206775 50.896820 52.116091 54.197233 54.538581 59.974684 49.977893 58.185993 56.542522 55.078540 54.691038 54.959184 48.787353 59.149200 55.276022 51.085505 55.429403 56.717487 51.761895 59.074146 59.036084 50.968858 51.524964 52.890915 58.751382 52.535464 54.975139 52.554329 54.220351 49.343359 51.488063 56.568959 52.718021 52.810078 57.615109 56.997833 57.541749 53.259368 50.805167 54.797281 55.202021 55.700080 58.885164 50.621688 56.957645 53.501967 50.204116 57.283610 47.805881 54.396806 53.476897 51.683440 
47.389710 52.881526 53.726376 52.220419 50.290564 52.121303 53.489805 52.482004 56.033789 48.613862 52.439579 49.576812 49.627144 50.529759 48.351794 52.036352 50.388686 51.398553 53.160432 53.085533 49.789576 53.658509 51.924252 45.163066 53.950788 55.486876 50.914707 53.642945 55.803207 50.373445 51.642075 51.635270 47.335432 50.945684 51.262873 51.159726 57.292245 52.079563 55.364282 46.839609 54.302582 53.181074 48.558136 52.860552 49.661852 54.109027 51.238979 52.429453 48.412153 51.901511 52.898941 50.762157 54.474096 49.095247 51.181412 49.284272 51.397782 45.810902 51.527389 51.278659 57.724945 49.896596 47.851712 52.831196 48.052773 51.319253 49.416540 52.832328 57.120671 48.871883 53.249534 51.626077 50.410801 55.567306 49.184278 57.311430 51.081387 50.852466 54.450094 52.119844 53.320111 51.436635 51.444893 49.255446 53.464273 48.956331 50.312052 56.974075 54.497835 55.842895 52.722814 49.216984 54.155779 53.520086 50.949990 51.668618 50.836686 52.082048 52.609618 50.460399 50.210607 48.861815 50.296819 51.883011 49.706090 49.863542 53.841679 51.126389 55.546730 47.976592 52.016764 51.246513 50.333673 50.108868 56.031832 51.729717 52.306459 49.945869 52.938559 53.836159 51.351570 52.556500 50.892756 53.965483 51.267509 50.929479 51.584713 52.569181 54.105576 51.839110 50.396282 52.855480 48.191363 56.083560 49.266072 56.899520 50.421015 56.326181 53.296356 46.733140 53.038991 50.877249 52.702117 57.087527 53.675045 55.351790 53.543770 54.071600 53.175870 50.785005 51.700407 50.611160 52.652098 56.018803 48.787396 52.280970 53.143465 52.597826 50.891434 52.122679 48.825597 56.981285 53.765406 51.447589 52.309140 51.810334 51.139613 55.439258 52.977718 49.850034 48.750426 52.898468 54.022432 52.408860 51.785385 52.318999 52.035193 47.162779 52.079766 53.369704 48.419795 52.246871 56.054484 55.474370 57.471696 50.418386 50.481125 48.560651 54.068685 53.437019 53.666331 47.901110 53.667417 51.113520 47.196959 55.059155 47.391770 54.713086 52.653025 48.215916 
48.282173 51.476563 49.556199 50.267988 46.715691 48.509765 50.991240 51.105229 53.261621 48.816112 49.956357 48.651577 46.823904 47.762651 50.088565 51.253196 48.259422 49.856794 49.256383 51.284021 49.540702 53.327823 48.295530 45.279104 53.060690 55.730502 49.063805 49.546309 56.074805 49.218341 47.157712 49.830714 47.615349 49.381019 48.702844 49.147091 53.232986 54.079721 53.466693 46.318991 51.098945 51.349364 46.754268 49.888585 47.687536 51.320549 47.707307 50.512243 46.027155 49.243385 49.684637 49.616491 50.243679 47.028673 48.478440 47.477129 47.882211 42.878983 50.602924 48.787680 54.801443 49.631120 44.487112 52.614020 46.841268 50.678510 49.147283 52.263270 53.753097 48.390629 48.964527 49.413051 49.413675 51.226516 47.870398 53.023046 48.186336 49.412050 54.348772 52.934707 51.510762 51.255798 49.667365 46.147666 53.194342 48.037396 48.617900 54.996234 52.687959 51.936904 48.897505 48.584563 51.658118 53.070550 48.779344 52.643016 48.188075 46.946356 48.041643 46.722992 50.329680 46.725377 48.360815 50.118835 45.508922 48.228408 50.833955 49.805997 50.778184 49.208026 49.801590 47.939263 49.045908 48.669289 52.762762 48.262835 51.601029 49.598725 51.395288 53.262419 48.454280 50.720785 50.009213 48.205869 50.689952 48.388945 50.234545 52.479583 50.558746 48.972942 47.511594 50.770619 48.686409 54.146770 47.485205 55.163864 50.360267 51.917897 50.250467 45.640157 51.508196 48.115553 51.971617 53.705595 52.197227 53.052767 49.481187 50.197171 51.650369 47.774881 49.074615 49.557928 50.825814 53.358615 47.273472 52.844884 51.958699 52.615463 47.026087 51.442279 45.545458 54.501640 50.343246 49.299244 51.227635 49.804875 46.706987 55.079126 51.366120 46.243403 49.083023 50.752375 53.222158 48.207136 50.200238 50.146806 52.504006 48.730269 51.720101 50.672011 45.858394 49.940477 51.277486 52.071651 53.874849 46.996496 48.548030 49.113553 50.190847 50.600141 55.400004 48.348781 52.098766 51.212662 46.668750 51.562387 45.089615 51.916756 48.054545 47.791348 
50.421860 52.845044 52.512442 54.466471 49.187898 48.573353 53.218850 54.289121 56.732380 47.964819 52.912067 53.727441 52.565305 49.578688 51.235001 49.414195 52.897128 49.524017 52.155862 49.043628 50.022422 53.023905 52.229073 47.523511 56.399366 55.008667 49.224795 53.576166 57.485440 50.718304 47.941839 51.537879 47.558157 52.069577 51.988738 52.419378 57.816113 54.150589 55.342461 48.476258 54.222913 53.367791 49.110668 52.855608 48.389326 54.599689 48.498251 51.946331 48.403327 50.287722 50.848215 49.402579 54.156768 50.017035 51.235654 48.747330 50.667120 46.041857 53.961311 50.622516 57.418707 49.625558 47.913476 52.155603 48.404656 50.473352 52.454914 53.228218 55.200351 50.268610 53.092083 51.885365 49.690059 53.376120 48.887823 55.792822 52.794923 49.736395 55.764438 54.427785 52.265328 52.026761 50.779333 48.311855 53.759217 47.677975 44.825612 58.143048 51.522139 54.180816 55.094706 49.801949 51.567371 53.508685 51.724225 52.634210 50.342271 50.554259 52.774031 51.193452 50.886919 48.681394 49.053917 53.172201 49.842105 49.198583 50.807411 52.302825 56.170328 48.428277 54.182361 51.347975 51.169806 49.224653 56.425273 51.019995 52.254540 53.033057 54.168459 56.987283 52.015512 54.248403 51.532208 52.333849 50.024982 51.591126 51.021327 51.486395 54.895043 51.406384 47.805873 51.665981 50.668627 54.303111 48.425791 54.603516 53.237890 53.257726 51.368609 48.041579 55.580044 49.193103 53.786172 58.054765 52.232602 52.185794 53.012376 54.740111 53.055459 50.669697 52.227994 49.318382 52.773836 57.009520 48.280710 52.518922 54.256124 52.584290 52.067256 51.499592 47.256520 54.531391 50.395625 50.924654 52.517203 52.195839 46.977234 59.318234 54.110530 49.754701 50.218425 52.089025 52.878134 53.709987 49.438592 51.242907 51.251122 48.504610 52.637542 53.364487 48.521927 52.448033 55.157940 55.351272 55.005583 48.573728 50.349540 51.565516 50.433304 52.089166 53.932274 51.178235 53.291115 51.678380 48.111857 53.597126 47.025891 54.822244 50.815447 48.048436 
46.543559 50.886257 46.706369 49.713642 45.415611 46.587078 48.641977 49.629910 49.897922 46.766026 47.496138 43.484105 46.943170 48.014173 47.911351 48.996697 45.752757 47.352357 45.706772 47.521904 47.723904 49.982911 44.916297 44.022188 51.020298 51.325449 45.870795 49.974788 56.366689 47.170314 46.672672 47.995767 46.631288 46.664560 45.427662 48.837481 50.201207 50.805006 52.192941 47.189796 49.183452 49.327125 45.035624 47.457271 46.294213 49.916031 48.654079 48.759049 45.234857 48.769444 46.745890 46.520989 49.425027 45.558347 47.733673 46.977624 47.292526 43.377668 49.281927 46.215894 53.623612 46.914707 42.419304 50.094439 44.144936 45.904801 46.540096 50.290480 51.718573 47.100180 49.303414 48.331068 45.494967 50.933368 45.118057 53.857602 46.058096 47.318195 50.899573 49.178869 49.984392 49.228488 50.358684 44.614088 51.513732 46.157422 42.866262 52.163176 49.623584 50.500733 50.227076 45.500502 49.476085 50.672709 49.323229 48.891408 47.101907 46.807797 46.593137 48.353276 49.168152 44.201802 48.137395 47.518841 44.687924 46.143330 52.170514 49.346436 50.254715 46.257958 48.892745 45.704064 46.549302 47.141972 50.339949 49.644750 47.465962 46.468813 49.365246 52.072762 44.793718 50.582270 47.705705 49.726704 49.568052 48.721449 49.105621 51.017101 48.655221 45.562701 48.609254 50.126605 45.379059 51.156611 46.081920 51.544725 48.021556 47.822672 47.158814 43.892276 50.292749 47.142357 49.279398 51.581760 49.114966 48.975469 48.552188 49.360214 48.371416 45.288169 47.472115 47.212076 46.942728 53.731897 45.555788 47.661322 48.221366 52.055480 47.697329 49.020166 42.810964 48.884028 48.708192 48.356515 47.604279 48.041587 47.989433 51.653998 50.344800 43.486411 46.939691 45.859980 48.648314 49.283677 47.204549 45.587718 49.417238 46.194052 47.565815 48.800411 45.157153 48.886337 48.520345 48.996327 49.624963 46.201886 48.117972 47.721983 47.379430 47.322989 52.274799 46.560156 51.160257 47.045202 44.161173 51.077244 42.668572 49.453042 45.346549 44.892804 
48.263566 54.772861 49.904560 51.882105 46.481462 49.220613 51.581313 50.449817 54.420923 50.778317 50.615323 48.291543 49.890944 49.225031 49.944601 51.787897 48.850430 50.042358 49.325725 49.582846 47.515588 52.758779 50.186945 45.025437 53.877931 55.676480 48.195411 49.487231 55.956003 47.450953 49.230597 51.221176 46.109503 50.679089 48.600596 50.100121 53.465847 54.306261 53.282539 47.246916 51.237254 53.161089 49.030515 52.927977 48.931667 52.061732 47.183735 48.755059 47.099270 50.574483 47.730295 49.360791 52.018588 45.133993 49.194219 46.639001 48.537001 44.421832 49.846812 45.801732 57.533566 49.018985 47.224219 50.272435 47.340649 51.926969 51.620156 52.978204 53.880480 49.938008 50.215551 50.481861 50.019271 52.186550 47.788859 53.481607 50.526745 49.527667 52.363174 52.536156 49.377357 50.958029 51.807459 49.123697 54.245855 45.943517 43.229301 55.883272 52.701817 54.987128 52.773388 49.728271 52.267045 54.395223 50.724293 53.386293 48.265277 49.944404 47.746632 50.095862 49.921956 44.777242 48.070935 51.432167 47.934714 48.597450 49.948301 48.803078 50.886756 48.434856 50.887993 48.147443 49.288421 49.330802 53.274860 50.695616 47.902066 50.755334 50.775771 54.554630 48.314929 52.250945 49.268569 50.326882 49.608031 50.196480 50.458441 51.373816 52.340860 49.498055 46.215797 52.011640 49.064174 53.614556 48.951905 54.477731 51.391159 49.749454 49.175189 44.863816 54.008871 46.158753 55.546371 55.137414 51.184317 52.712168 51.555585 52.608382 50.325507 48.933610 50.633463 47.869070 48.725091 54.161667 46.064485 51.085082 54.757615 50.543821 48.146293 50.971952 44.157013 52.467093 50.904542 49.891433 51.532774 51.118008 48.139369 53.875357 52.921838 49.066220 49.029927 50.836687 53.734961 48.851743 50.138628 49.790089 51.480806 47.613933 48.792391 51.283449 50.152728 50.129340 51.930222 50.825903 53.014618 45.887924 48.296785 48.840816 48.267507 51.495171 53.248377 49.173811 53.767626 52.994396 44.912797 50.969840 46.489585 54.402683 50.226102 44.730530 
49.148474 48.395416 47.182992 51.192223 46.178802 48.431146 51.237632 51.532691 52.494589 46.924922 50.905151 48.501258 49.004769 49.603317 48.777704 48.237544 46.211448 48.989652 48.461262 48.419187 49.620719 50.977685 49.309972 42.702092 53.829117 54.184233 48.430770 51.630294 55.943140 46.727236 47.523862 48.519416 45.485902 49.608699 47.164236 48.613989 53.203849 52.909734 52.890089 45.917865 51.344106 50.383094 46.453979 50.337560 48.662513 49.739177 46.832203 46.461705 45.876423 47.549137 47.577264 46.635170 52.087952 45.457330 49.514326 48.099888 49.104338 40.949294 50.120834 47.530671 53.443523 47.064174 45.590347 50.321034 44.117693 48.946102 50.268869 51.601321 52.509075 46.980932 50.129944 49.392366 49.339363 50.635178 45.005269 53.820555 49.286672 49.244823 51.311184 48.889544 48.951180 49.841477 48.543338 47.712885 52.499896 45.394681 45.215093 54.305355 50.217173 50.737040 50.656895 47.783976 50.755611 52.905972 48.434886 48.965172 48.629079 50.393039 49.042885 48.747810 47.630349 46.598772 46.205681 51.057624 48.237153 48.371271 51.007872 49.192354 52.639878 46.623306 46.407174 46.768138 46.955476 48.048829 50.862144 46.646060 49.351069 47.593787 48.491599 53.184779 49.622325 51.710606 48.708710 50.299783 47.754202 50.404731 49.138531 48.527310 51.294096 48.996635 44.718982 49.413024 48.559421 52.096094 46.631813 56.565429 47.856401 52.248914 47.801806 45.708374 50.440309 46.082917 49.626074 53.398461 48.178856 52.197648 51.872245 50.374672 49.574408 47.602325 48.112710 46.977806 47.404701 52.077597 45.530846 49.081413 51.429327 50.939438 47.355937 49.926027 45.544364 53.191011 48.018480 46.169860 52.808831 50.281906 47.186365 54.550407 49.597528 49.266854 48.456446 51.683280 51.776862 50.719863 47.735451 50.421363 46.777967 47.253191 50.701033 46.471752 45.985803 51.395859 52.927095 50.337456 52.824716 46.603408 48.992908 46.298960 46.651009 52.324684 50.569032 45.163267 51.553821 50.112261 44.750715 51.906066 45.943291 52.922853 48.581463 45.052468 
49.647855 49.757863 50.113612 51.314181 49.458891 50.169392 52.114135 52.532378 51.235643 49.250314 49.777135 51.393997 48.244661 50.673828 52.208670 52.972938 51.622917 49.454981 49.555126 50.956799 49.485014 52.463424 49.295513 46.646969 53.287342 57.314929 51.436074 52.918039 57.108170 49.589282 49.590168 50.029158 48.549789 50.134842 50.297666 50.873984 52.184190 55.779722 56.076196 48.323766 54.784694 53.732265 45.389216 52.020011 49.769649 50.822012 50.468043 51.285826 47.722161 50.354629 51.882382 50.162187 54.202705 48.431886 50.345073 49.417943 49.518567 45.013506 49.845046 49.258746 56.605090 50.583418 46.395099 53.794410 46.705916 51.223594 51.229344 53.871047 51.501958 48.811103 52.354357 51.268984 50.011650 53.165354 49.477549 55.625361 49.857561 49.468931 54.414262 54.719819 52.389458 52.327599 52.926860 46.515881 54.294821 48.256089 47.891651 57.421786 52.720570 54.191356 53.607811 49.682295 51.303906 53.576791 50.222334 49.366294 49.228229 49.706277 48.577708 50.327834 50.031404 47.251592 48.638698 49.158530 47.724610 49.547473 52.620342 49.481677 53.565068 48.440808 53.291877 50.419480 47.919201 48.836897 52.018185 52.083420 51.242430 50.348594 50.606204 56.265193 48.438976 51.903316 50.426075 52.330693 50.371609 49.563297 51.695711 53.445031 52.242506 49.779397 49.586341 51.818957 49.170041 54.383733 49.906862 55.573090 49.638586 52.001867 48.269120 46.696279 50.985774 49.409538 54.313292 57.147820 51.732013 53.382534 51.665505 51.906988 51.060290 49.744393 50.003731 49.233928 50.398796 54.121959 48.024467 53.689524 55.490213 53.097562 51.101305 53.172709 45.375903 55.775542 50.963046 49.981105 50.959126 50.103001 48.864140 53.090951 52.900328 52.844366 48.841494 51.554039 54.556792 50.183508 50.389372 49.657835 53.875883 47.848337 52.668717 50.009100 49.248878 50.959132 52.327198 53.894882 53.187600 46.276410 49.877994 51.255478 50.508994 50.952765 53.788666 48.585674 51.833174 50.219577 47.788452 55.409098 47.067959 54.050660 51.059823 49.325958 
51.110149 52.368710 52.624684 50.337817 47.868883 50.891098 49.105124 52.209635 55.957165 48.389909 49.665157 48.306587 48.373655 49.067485 50.811578 50.498095 49.757875 45.571991 47.401123 50.708129 48.939811 52.876690 52.037715 47.474867 53.288993 55.371714 48.430946 51.597745 59.414947 51.102190 49.755762 51.712298 49.027186 50.788677 50.916982 52.002807 54.806606 53.372211 54.782817 49.182469 51.057798 54.400477 46.442449 51.549225 47.839814 53.674219 51.449024 51.687743 47.756851 51.130839 50.936414 47.398529 53.293349 49.089100 49.908886 49.309407 49.770439 43.747179 52.345281 48.971750 53.306677 51.300637 45.799520 49.742282 46.228428 49.331260 50.977234 51.912854 52.451789 50.612298 53.074480 50.777686 46.911798 52.470892 47.660924 55.076234 47.635103 48.115585 54.130309 52.498807 53.016158 52.249708 52.811414 46.943804 53.875876 47.680300 48.231253 54.636625 51.912881 55.846389 51.029572 50.181784 50.499304 53.017221 49.455126 52.601192 51.075734 50.232982 49.331604 48.918181 52.156036 45.117183 49.571718 50.857445 48.884704 48.763424 52.324633 50.644352 53.922267 46.555642 52.910028 50.559131 48.038082 51.170409 52.781026 49.078657 48.652734 48.536249 51.594536 54.542407 49.785251 53.551877 50.249039 51.493061 51.368995 51.394350 53.086607 51.980574 52.289462 51.558719 46.636805 54.069490 49.866620 53.626905 50.252402 55.967737 49.467649 52.947883 50.640231 48.096705 56.569410 50.290151 52.187225 54.050012 53.325470 52.023799 53.295247 51.184688 52.144036 48.715196 50.994964 50.638353 53.166223 55.068153 46.489091 54.151454 52.471698 51.646509 49.264873 51.449194 46.515545 54.526599 53.555043 51.149105 51.645170 50.567014 47.810628 55.604809 54.550777 48.672304 48.643469 51.227819 55.318253 50.843539 50.217187 50.416244 51.659287 48.095033 52.229965 52.693966 45.903774 53.052992 51.786885 54.255435 53.142550 47.034702 51.540860 49.110582 50.169370 52.068754 53.692778 50.146097 50.462280 50.779667 47.016977 54.092120 45.252271 52.549262 50.181905 46.290333 
50.343322 53.239783 53.256267 52.367183 51.912478 50.187480 52.690761 53.434332 53.493761 46.155534 51.719670 50.393331 49.125960 48.153810 52.361570 55.549029 50.262113 53.041378 51.448000 53.160462 50.055993 54.792345 50.437708 48.931459 55.159363 56.489483 51.992562 54.101249 56.288197 52.607135 49.727310 51.626963 49.114192 49.637426 52.478622 51.878381 55.101266 56.227644 55.806690 46.769139 55.054643 53.809109 48.685767 53.930578 49.558653 51.926444 53.276090 53.045095 50.414832 52.653144 56.155909 50.568416 54.465218 51.590150 49.037916 48.856094 51.952580 47.387603 50.746680 51.131955 55.494568 51.320855 48.346525 54.198297 48.574235 51.555128 52.176249 54.768837 54.740362 48.715362 54.367319 52.234512 49.818038 53.366351 50.877571 54.435138 51.198643 51.539434 54.730295 52.361483 53.411086 51.532411 52.360602 48.467864 57.689493 50.214183 49.398938 57.791373 53.004550 57.235981 53.412316 52.107531 51.728904 54.263199 52.903232 51.285669 51.495875 53.065349 49.930501 49.842845 52.531040 48.080516 51.029703 50.598498 50.210019 49.058593 53.575708 50.492693 54.778792 50.022542 54.674462 52.956406 51.473621 48.788905 52.555371 51.671900 53.257106 53.343198 53.209518 57.274863 49.530497 52.024717 49.027915 52.881377 51.400364 49.520931 51.575079 52.413939 53.742552 51.410155 49.718950 51.750750 49.292001 55.455468 49.016347 57.817384 53.731224 55.406153 53.573801 47.700588 55.021841 49.963802 55.268193 56.175322 50.915019 56.422536 50.306856 53.755190 54.734732 50.331284 50.403569 53.498988 52.223745 57.332971 48.524715 53.941941 54.757877 53.302960 50.204617 52.649748 48.064617 54.790317 52.160629 51.443768 52.143888 54.970322 48.249461 56.361535 55.893965 50.670078 51.236038 51.287951 56.657322 52.504803 49.765894 50.070792 52.094950 46.291435 51.668080 52.763649 51.057136 50.073135 56.305663 55.060704 55.080931 49.045019 51.154125 51.667630 52.406919 53.672502 55.928831 49.839762 53.879450 51.797792 49.261360 55.638250 48.576059 53.585488 52.764695 50.651149 
47.149371 49.762745 47.217620 49.845657 46.331746 46.059288 50.034637 49.200847 49.969651 46.018670 49.887184 45.865021 46.185289 44.834206 46.101470 48.759466 47.621955 47.404511 48.023896 47.749016 48.350390 50.014201 46.126013 45.739188 52.335187 51.182936 47.946066 49.382252 55.607056 48.398838 44.708159 46.482063 46.428935 47.426044 47.500926 49.355916 53.472658 50.327459 50.646635 45.156234 50.515414 51.035719 45.451668 47.895203 47.820527 46.726271 46.938111 48.918349 44.354401 48.808808 48.340052 46.469344 49.288498 46.214974 47.619799 47.196068 48.437828 43.084312 48.536649 46.435469 51.908798 47.396825 43.768034 50.658780 45.344607 46.869695 47.722753 50.618360 51.709158 45.499409 48.953483 46.672083 46.569743 50.682749 47.457283 53.203014 46.735281 47.694822 50.380025 47.640106 49.195249 50.153881 48.028767 43.499078 50.819810 44.121792 43.964049 50.662455 50.013041 53.109284 50.700642 45.788348 47.868635 50.111172 47.552976 48.109927 48.995363 47.873867 48.465515 46.579374 47.426572 44.600780 46.958249 46.666956 45.606547 47.965959 50.094921 49.369252 50.424673 46.583552 50.427353 48.009469 45.493044 46.624838 51.431378 49.332095 47.407570 49.550784 51.382740 51.634375 47.191467 49.796206 46.799425 51.011299 46.271874 47.933260 49.115212 48.569380 49.995659 48.143763 47.244529 48.793489 47.021847 52.664924 47.224234 52.972619 47.806301 50.207113 49.048940 43.593439 50.758385 47.290220 51.115864 51.004826 48.289870 51.310589 48.434000 52.544940 48.750155 46.104410 48.595179 45.464203 49.671469 53.884647 43.943474 50.864404 50.969104 50.415665 46.903957 49.890011 43.042896 53.627753 48.447106 46.551474 50.125353 48.981988 45.862554 52.875217 50.280715 46.512554 47.301255 48.219440 49.403860 48.513885 46.422815 47.096032 49.610294 46.401242 48.540252 48.770352 44.961422 48.472272 52.044747 50.466200 51.354854 45.699521 46.290467 46.376315 48.766653 50.015348 51.264306 47.539342 52.804986 48.536155 45.950133 50.106210 45.387931 50.422972 48.507497 45.912025 
45.808411 46.217078 46.847674 50.867959 45.787618 46.606415 47.391411 47.964474 50.730573 41.701310 47.103894 46.228085 45.384894 43.976865 46.106492 46.955663 48.403749 44.599415 47.485999 45.814262 45.299404 48.441361 47.838636 43.082123 50.675745 50.345380 46.585879 47.091259 48.997946 45.008263 46.496433 46.112724 42.467722 47.634834 48.145752 46.155504 50.623572 47.983818 49.312458 43.391179 48.747798 49.105657 44.003774 48.408128 47.195392 49.755092 46.801072 46.189269 45.007055 47.123070 47.776953 45.248593 50.191486 46.488820 46.448497 43.591419 47.515744 42.286083 46.719722 45.772153 52.993371 45.303959 42.914878 47.516100 43.624521 46.554135 46.202247 49.313770 50.319029 43.890080 48.383041 46.180266 45.036447 49.814145 45.965772 50.848859 48.467570 46.901240 50.833970 48.868869 47.678057 46.355119 48.089502 43.011019 49.270073 42.701052 42.799927 50.715477 48.687581 52.170599 47.747976 46.003006 46.531689 50.003148 47.293031 47.386297 45.999787 46.073047 45.274373 45.802648 45.101957 43.342163 45.380766 46.688304 46.488435 44.165274 46.656974 46.131683 48.548895 42.752914 47.747200 47.373658 44.221362 45.334355 48.227528 47.829179 47.367469 47.182316 49.218856 52.151257 45.677396 45.872697 43.241989 47.187495 45.488902 46.220081 46.922809 46.615226 51.281449 47.639192 44.297585 48.532051 46.024316 48.659359 42.417754 51.484430 47.403910 49.563123 49.230116 41.874253 49.608696 43.655086 51.250083 52.246963 46.835865 51.628647 48.772725 48.597751 45.607004 44.821622 45.137120 46.456258 48.633699 50.193680 43.352757 47.041757 49.265831 46.633764 47.386163 46.414626 41.532089 48.205449 44.598487 44.978740 46.915151 47.745848 45.478195 50.327300 49.859513 45.770408 45.727149 46.317207 47.227243 49.114886 43.765870 44.603958 46.638878 43.503504 45.668531 47.364145 44.715707 47.949814 50.154093 51.846818 49.936889 41.760201 44.162650 45.481001 46.417699 48.852276 49.837108 44.531561 50.295532 45.949060 44.055187 51.652037 44.078555 49.526794 47.623257 43.404910 
50.090815 54.752094 52.843801 54.702241 48.778199 50.279304 52.608082 52.597511 53.738073 48.334702 53.161226 49.039067 48.249895 49.907763 50.569491 52.042430 49.863147 47.851145 52.287583 50.504200 51.208383 53.498051 50.343062 46.604691 53.739349 56.183538 51.110997 53.929782 55.591005 49.964411 50.844145 52.806812 49.099128 51.041697 51.196096 51.396121 56.253931 53.949621 54.427273 48.221860 54.852323 53.549532 48.188468 53.929303 49.747981 51.538469 49.099190 53.249265 49.732489 54.617689 54.837198 47.367566 52.515513 49.560825 50.398977 51.034483 48.720274 43.799698 52.100512 51.513033 55.927671 51.628331 48.868276 53.480720 44.362591 51.394810 52.403908 55.779814 54.515527 52.155164 53.122452 51.683644 48.393791 54.358829 50.576257 57.704990 50.634576 50.112452 54.131630 52.054864 53.421240 51.415624 52.062796 50.666009 55.035965 48.379106 48.372609 55.367641 53.396532 55.325649 52.889346 50.139735 51.661182 55.671429 52.346722 51.130563 50.281898 52.384068 49.947981 53.679770 51.765416 48.997268 49.857579 50.395287 51.835270 49.754108 53.229713 52.082426 55.943827 49.222309 52.029971 51.248236 47.664674 51.019428 51.954593 51.799251 48.557845 50.529705 52.449469 53.861287 49.784108 53.622517 50.586706 50.802642 50.745984 51.724302 51.863267 52.719665 53.179751 53.729425 48.565576 51.823658 49.524830 57.210467 49.018466 57.873011 50.504458 54.191509 50.178418 46.946032 52.155493 51.548007 51.781211 55.882667 52.391384 54.399733 52.561252 52.056442 52.603958 51.309105 53.623114 50.396409 49.893132 56.973365 46.270396 52.443709 54.075899 54.207911 50.595856 51.176208 45.877940 54.575675 52.366728 52.187519 54.076459 54.018325 49.913461 58.462427 55.356141 50.174666 48.935821 52.003939 54.140662 53.738147 48.548513 52.159892 51.170137 49.071950 52.411449 50.154731 49.566262 52.551779 52.584395 54.417980 55.825894 48.052763 51.683913 50.884571 52.761159 56.344585 54.226015 49.888450 53.126496 50.592439 48.447833 56.601394 47.545481 54.934320 51.400137 47.897905 
47.698570 52.515884 51.478007 51.631195 48.582356 52.126372 49.039482 50.346181 54.224270 49.604169 50.736897 51.723476 50.375284 48.184200 51.665135 52.519782 47.642492 48.770094 49.135181 52.132225 48.502813 51.327356 51.520120 45.562110 55.137309 53.946224 52.483424 51.714926 56.662991 50.168731 51.078932 50.566229 50.293410 50.045036 47.453594 51.691798 55.291239 52.944079 55.473608 45.857803 52.718446 50.640134 45.222529 52.905101 50.521832 49.709043 51.824404 50.437069 49.632919 50.512469 51.379921 47.162981 52.847544 49.523333 51.472261 48.450803 50.105862 44.702378 48.271973 47.073792 54.040105 51.320411 44.231022 51.684076 49.127004 48.538451 48.736393 52.626500 51.691575 46.648366 52.080836 50.802546 49.496421 53.763243 49.046929 53.546478 49.993366 50.232240 52.088908 52.296776 51.160553 50.364830 50.103798 47.323263 53.518162 46.635284 48.751650 55.239873 52.939756 55.091166 49.253624 47.395404 50.571525 53.198079 50.067033 51.623854 50.067048 51.925900 49.637864 47.418319 48.142837 45.724080 50.081298 50.012811 49.349375 49.120599 51.219559 50.536250 53.148729 46.821950 50.688616 51.473012 46.222858 49.478968 53.198414 49.874908 52.107965 51.618121 50.600595 53.397798 49.723376 49.193526 50.921367 49.502802 50.411589 50.673196 51.639554 48.944937 53.603896 50.177019 48.068164 50.518515 49.250693 53.040763 49.883628 54.549837 52.638211 52.544415 50.217061 49.257026 54.243123 49.941107 51.753451 53.129019 52.133005 52.464523 51.804544 54.176539 49.957807 51.682342 49.827991 49.004372 50.887639 55.492840 47.863113 52.530261 52.779466 52.015082 47.783954 51.685194 49.335336 53.473656 50.258984 48.233297 53.208211 50.553623 47.389822 51.719225 53.959650 50.660167 47.978811 51.566419 52.756532 50.241942 50.273046 50.177422 53.560447 48.064668 52.268011 52.155340 49.094689 50.876917 53.155484 51.975153 52.734330 47.256502 48.688840 48.746019 49.718802 51.413830 52.683095 49.343616 52.160657 50.948668 47.487163 56.283033 49.024329 52.581175 48.480987 46.541910 
46.799261 51.414240 50.362004 51.637926 49.192008 50.200956 50.755731 52.587120 54.636073 49.606786 52.340045 50.706559 47.876558 49.032270 51.378741 52.185281 50.360184 49.972174 49.222490 50.218227 51.063477 53.128495 51.013696 45.468938 55.984859 55.346092 49.944799 50.928313 58.173373 48.957438 50.138347 50.284772 48.527259 50.847904 50.239174 50.638344 54.298010 56.175689 53.012981 48.181932 53.547450 54.000941 45.988723 50.870930 47.291664 51.210532 48.753103 51.071339 49.033404 48.932973 51.642117 51.352954 51.465955 48.508995 50.812598 48.951099 51.744238 43.893477 51.983785 49.381462 59.026792 50.146363 47.045960 52.580417 48.218499 50.609080 51.891266 54.185483 52.085331 48.645841 55.602811 51.801651 49.599570 51.760909 49.935039 56.461796 50.704617 49.612205 52.240390 52.349596 53.267308 50.436024 50.777576 48.302169 54.244719 47.800495 45.087593 56.087664 53.048991 56.415249 51.971488 49.748268 51.813995 54.800934 50.735003 50.854255 52.325651 49.624558 50.998749 48.163183 48.137190 46.388782 49.900683 50.513170 49.428945 50.803871 51.163661 52.657164 53.878067 47.000026 51.686647 49.777218 48.859736 48.921049 54.373238 49.463772 51.876487 51.528063 50.820164 55.002662 49.452955 49.565928 48.312125 51.473971 51.654457 50.368117 51.849198 49.877733 53.289309 50.928284 47.692960 51.674778 48.720115 52.707158 50.053937 55.559869 49.929625 51.604553 51.831250 44.067155 53.212903 50.067506 53.957886 54.988268 54.462769 51.526292 55.063322 52.498914 53.367780 50.005908 51.011554 47.428222 53.643437 55.790701 46.738722 54.981812 51.233890 53.182632 50.094659 51.580321 46.095969 56.398165 50.224955 51.781233 52.931803 49.845344 48.208318 54.120277 54.390966 50.896253 51.393279 49.152694 51.627287 50.958440 49.248658 49.653515 51.818527 47.299240 53.720193 52.118697 51.023099 52.262672 55.193287 52.928518 54.795887 47.334977 52.064437 50.243801 50.836005 52.230896 50.820445 49.596611 53.822392 51.330537 46.302173 54.861030 48.069296 53.231519 50.199624 47.988561 
51.045105 52.559391 50.621180 54.201261 49.547837 50.806721 52.353685 52.852188 54.523514 47.437727 50.850104 51.391460 48.480844 47.729881 52.945500 54.153206 48.099592 52.633768 48.867121 49.611379 50.421337 53.058923 51.602540 48.433456 55.846826 55.765501 51.548438 53.964151 58.320592 48.984871 50.267131 53.050871 51.678792 51.131755 51.694692 52.242987 56.149687 54.712447 55.712998 48.343392 51.231269 54.369480 48.390208 53.271534 49.290239 51.438601 51.836860 50.471184 48.450194 49.306935 51.923841 48.804062 52.882140 50.579955 50.281238 50.588147 48.746731 45.267459 52.776135 50.693470 55.533991 51.288198 47.368564 53.636524 47.543381 51.329792 50.225422 54.864651 55.348529 50.978866 53.481875 50.411535 50.556150 53.136743 50.397217 57.264017 49.582228 51.727432 53.987725 54.387103 50.644412 52.183807 51.982322 47.464184 54.448984 48.958794 48.479515 57.183110 52.972156 54.984774 53.945872 49.125788 53.191892 56.022975 51.161261 52.997406 51.047677 51.476143 48.781266 48.788767 52.744324 47.537171 50.533984 50.684304 49.151760 48.190233 52.578253 50.219310 55.397399 48.221573 52.864915 50.464319 50.827858 50.770651 53.101929 49.996644 51.656562 52.373494 51.497456 57.290036 49.178360 54.417331 51.786652 50.562396 51.980501 52.303806 52.840098 52.815885 53.915439 49.245211 48.448814 52.155394 48.751557 55.192678 49.340074 55.746025 48.498608 51.587244 50.642127 48.628892 55.161565 51.873868 52.897928 55.797954 51.824126 53.657316 50.837799 52.641068 51.706932 50.661451 50.763509 50.450163 52.036290 55.254365 48.263745 54.760482 55.822816 53.999980 49.566992 52.271955 45.913445 54.342471 52.456558 47.707766 53.180682 50.546020 50.708591 55.092247 55.910033 50.082942 47.756800 50.385137 53.066100 53.469847 49.684230 50.682897 51.802120 50.547294 50.728510 51.991717 48.248590 51.914996 53.193265 52.666481 55.304900 47.941734 49.792612 51.489450 51.752609 53.884467 54.224820 48.855852 53.854769 50.228296 47.914331 54.213522 46.996455 54.672044 50.400059 48.087693 
49.305034 49.709420 52.185387 52.575406 47.746643 50.157700 50.772510 50.949752 52.211720 47.871634 51.290659 48.297400 48.263827 48.414312 51.574680 50.646365 48.354242 49.913652 48.294402 47.903459 48.946809 52.419548 49.079711 46.560245 54.641452 52.791175 48.601205 52.886520 55.755111 46.525165 47.894734 49.632073 47.563507 51.811882 49.000821 51.680628 53.189497 51.063711 56.163705 49.128782 50.762786 52.625060 47.276419 52.119984 48.510227 49.029816 49.525344 49.455446 50.238827 50.137778 52.039518 48.093470 51.099024 46.385696 50.763823 47.831886 49.904879 44.120856 49.233998 46.397580 52.976262 49.908782 45.550419 52.112879 44.718057 49.254728 49.371869 51.863611 51.840277 47.629810 51.373939 50.434614 47.127408 50.983848 47.757922 53.565161 51.220612 49.593887 51.315401 51.621834 49.027554 51.774058 53.838749 46.018778 52.764042 46.598541 47.357099 53.799698 52.967490 52.477400 52.084692 48.840677 50.736141 53.746854 47.472144 49.647502 48.093206 48.537089 48.971244 48.630186 48.508299 47.065436 48.562585 45.254963 47.846496 50.087172 49.535535 48.623693 51.226041 49.909100 51.512789 48.872501 47.800144 48.173668 51.186774 50.832920 49.880154 50.349250 50.336601 55.360447 48.171982 52.834946 52.602100 52.779211 49.059836 49.049699 51.566694 50.931667 51.283765 49.231350 49.059264 49.046980 47.278046 54.278310 48.020687 53.016063 49.865128 50.555257 49.890011 45.890349 51.994930 47.828614 53.249736 53.966984 49.012141 52.600606 49.817009 51.061769 52.350940 49.422487 49.197204 49.362226 52.583858 52.476283 48.220697 53.343604 50.400917 50.072528 49.704247 50.692903 44.209515 53.385506 50.381775 48.512423 50.828788 49.070271 45.626712 52.669631 51.177241 48.366635 47.160775 48.854860 54.019296 49.784474 48.717227 50.459954 49.125336 48.230717 48.700489 52.763846 48.462296 50.556102 50.470307 52.774367 53.321366 47.166932 47.642401 48.195257 50.747084 51.818562 53.281089 48.373814 51.494065 48.409255 46.983427 53.349830 44.993747 52.325901 48.465156 46.306659 
48.201250 51.280657 50.778353 51.230345 46.657426 47.979223 48.257656 50.285666 51.605765 47.132753 49.480317 46.617288 48.828473 46.804364 48.503539 50.105674 47.752676 46.687280 48.001314 47.588821 47.775692 48.605639 49.795973 43.435170 52.611746 51.042495 50.361553 50.683226 54.853272 47.277962 50.690753 48.867341 45.322922 49.604853 47.263158 48.936018 51.413844 53.745023 52.910745 46.899688 50.858680 49.153808 46.914856 52.172920 48.931013 50.695788 47.167953 48.799755 45.224257 47.163977 48.903777 49.067056 51.048828 45.246110 46.069874 46.363912 47.632158 41.741780 48.778925 44.930904 51.944134 48.452868 44.916446 50.831477 44.488632 49.514068 47.956249 48.848995 52.041297 46.597709 52.096788 50.268494 46.628582 50.328728 46.373316 54.312627 48.971932 46.265247 50.031224 51.852556 50.231772 49.414181 51.404275 47.797888 54.170778 43.587209 45.737610 54.300680 50.859760 51.646231 50.278058 46.624528 49.219847 51.739964 49.223969 50.103530 48.193650 47.675754 46.048452 49.114882 47.697033 44.795013 49.507011 47.822363 48.297025 48.163878 49.866582 49.656044 51.331637 47.357606 48.554618 47.603552 47.314988 47.349239 50.510502 49.294277 49.610162 48.211730 52.939832 53.591071 47.687059 52.319341 47.384605 50.730273 49.584692 49.895140 50.102683 48.188806 50.642924 48.861618 46.404511 50.255772 49.301268 50.769532 49.649518 53.968500 49.182373 50.603271 49.533720 45.950155 51.611631 46.990129 50.580207 52.684652 51.263800 52.160664 49.980860 50.126695 49.318998 50.511026 48.985210 46.995920 47.912532 52.949993 45.679516 52.285988 51.303108 51.184443 46.449658 49.603519 44.064118 52.898405 48.578728 46.797188 50.547107 49.172879 48.390378 53.089391 51.920508 48.640920 47.931814 49.234640 52.153161 48.849244 47.235596 48.589092 49.091708 46.405994 49.178689 49.038167 47.950268 50.214379 48.884787 50.961693 53.481468 44.657503 47.468161 47.478040 48.921150 51.435057 51.291592 47.349432 51.495965 47.473585 43.908867 52.626455 47.069837 51.758266 49.400244 45.997873 
51.226088 52.932725 53.384703 52.932505 51.422175 53.184333 52.761376 53.778132 53.980035 50.917104 52.999864 52.377617 49.852622 50.937370 52.212747 52.173631 52.587403 53.688024 51.749224 53.540684 49.825662 53.670241 54.812335 47.506563 55.602466 57.218302 50.935738 56.296500 57.489859 49.788130 50.624414 53.836984 50.061996 52.045017 50.586879 52.975993 56.315276 55.561458 56.372518 48.982617 54.927760 54.974093 48.125502 53.091737 50.633980 53.233083 50.763518 52.863755 50.758462 51.270815 51.794846 51.397643 53.161497 50.927295 52.443489 50.259659 50.806822 46.029813 50.793361 50.052453 57.513471 52.382497 47.164587 53.209759 46.014568 52.453145 52.119175 55.313793 54.428485 47.720125 55.269949 53.930989 49.565572 54.712402 49.946392 56.526513 52.317106 51.223892 55.444587 52.228386 54.171098 54.623609 53.407215 49.501165 57.800149 49.431122 49.555110 56.929296 54.064978 54.032324 54.097921 51.407364 54.004870 56.640153 50.329575 50.160542 52.202427 50.050341 52.593365 50.201914 51.497673 50.087150 49.262402 52.103332 52.233222 51.632569 53.799730 52.340841 53.942150 50.688476 53.783179 52.250133 51.121178 51.978184 55.510030 53.740092 50.986348 51.088359 51.985571 55.674984 52.018774 52.894622 53.131190 50.494817 51.440739 51.399042 52.771129 51.711498 56.092243 52.633779 48.112996 52.005563 50.513794 56.944795 51.493346 59.366027 52.291584 55.263461 50.140346 47.839636 54.043678 51.400792 55.428604 57.303775 53.007919 57.926911 53.327345 56.640141 54.305627 51.602421 53.418489 50.770723 53.149347 57.719431 50.254621 54.109292 55.675815 54.982677 51.737122 52.580293 47.392178 55.578807 52.139238 52.910115 53.353467 54.808607 49.895087 58.145643 54.669947 51.590100 51.289649 53.328339 56.589334 53.898834 50.937583 53.877155 52.628613 48.445822 52.488933 53.915994 51.647070 52.109386 55.154238 55.801433 55.459105 49.241695 50.745508 50.080754 51.946506 55.880282 55.351416 52.628345 55.694797 51.621087 48.759823 57.955655 51.257852 56.821981 51.749327 49.325893 
47.215336 51.863865 48.148523 52.478025 48.124798 48.442047 48.951652 50.074834 53.641854 45.849284 51.034108 45.691299 48.414046 45.604965 47.677198 49.303974 47.957257 49.622907 48.023431 48.159182 49.844319 49.321978 49.214386 45.242818 53.751039 54.417204 48.686519 49.928347 55.538825 47.878124 47.386407 51.626409 44.046097 49.629308 48.894225 51.398360 53.472868 51.910952 52.288831 47.291091 51.576190 51.605996 45.820934 52.615372 47.310566 51.901690 47.237368 47.932826 46.284275 49.780632 48.460780 48.354264 51.272250 47.359921 50.100730 47.051197 47.896423 44.790742 50.360573 47.858026 55.542956 47.938440 44.423194 49.104041 46.700275 52.199340 49.398195 52.943874 52.656724 49.792612 48.411085 48.297558 47.084601 51.186093 48.904772 53.552667 48.189496 48.103537 52.251478 50.730613 48.501058 49.781554 51.007570 45.871319 55.622828 45.684794 43.542622 54.358417 50.089328 53.753239 49.336508 47.495950 51.154861 53.936928 49.031730 48.417932 48.958773 47.633433 49.304599 47.126704 47.347379 44.492646 48.338911 48.814405 46.885259 47.051710 49.657827 49.959064 52.351314 47.984461 49.882234 48.147409 48.037951 46.996236 53.243221 49.122621 50.143189 48.423138 51.182095 52.095884 45.504100 49.745777 50.122189 49.682825 49.576863 47.923426 49.361435 50.768421 52.353520 47.460023 46.454785 49.827762 49.228935 53.305695 49.123917 54.184344 46.754686 51.414613 48.852484 44.363766 52.050638 46.420791 51.897366 55.057042 49.808234 52.410102 50.075213 51.448536 51.746505 48.065150 49.748623 48.175757 51.168273 54.323505 47.269394 52.452094 51.380134 51.049092 47.821313 49.481484 44.543379 53.648613 48.505329 50.535051 49.526471 50.404869 49.792452 52.499444 53.431312 46.959758 48.870933 47.744999 51.044015 47.860573 47.104019 46.682591 50.084303 44.727892 48.411777 50.291733 46.637342 49.382686 50.661422 52.340796 52.442625 45.988538 47.540043 50.001837 50.795117 49.980037 51.461058 48.994037 52.946818 48.877453 46.887499 53.288089 46.087416 51.092264 49.722649 46.841828 
51.765793 53.315861 52.435060 56.444586 51.695350 54.481064 53.386363 54.272633 56.094842 52.488162 52.897134 52.295406 53.272485 52.432396 55.881582 53.656552 54.131011 52.072417 50.746948 50.659674 52.803763 56.323274 54.197745 51.155462 57.476779 58.403793 53.215892 55.056102 59.967713 51.206261 51.983584 53.355494 51.335619 53.813167 52.339134 53.149394 56.868361 54.956331 56.937219 48.727454 55.507862 54.831983 48.686622 52.648574 53.367929 54.912160 54.956394 52.798063 52.024406 51.022549 51.629704 53.342307 56.836636 51.948902 53.290543 50.242263 52.527090 45.496534 53.282958 50.226483 57.884191 51.120200 49.624178 53.741173 47.773679 52.338217 51.922387 56.583274 56.077619 49.942651 54.829216 53.633734 51.583882 56.675589 51.245177 56.211111 53.434720 52.978842 56.082101 53.731898 54.194518 55.217368 54.817260 47.766212 56.095740 50.295263 53.509072 59.571857 56.957457 56.404736 54.912296 51.669934 55.251189 58.679829 52.044246 51.900654 51.260949 52.037716 50.793491 50.940120 49.879821 49.562754 50.081163 53.180368 52.727639 51.334032 55.564865 51.196311 54.629174 49.940111 53.355615 53.373203 53.183985 50.921922 56.933769 54.528487 53.432285 54.192467 54.748129 57.411855 52.518102 56.431070 52.832865 55.131548 52.704656 52.680356 55.627931 55.145244 56.021858 51.601453 52.273342 56.739312 53.445489 56.394104 51.745050 58.253098 51.937480 55.418936 53.006828 48.988028 55.488868 52.397660 57.152545 58.579393 55.198229 55.200169 53.860692 55.577393 54.729863 53.164007 53.687799 48.952195 54.349984 56.959027 50.469340 55.147647 55.535653 54.286980 51.787352 53.656600 48.390101 56.489186 53.257803 51.965922 55.720582 53.935972 49.443947 55.941223 56.408244 55.126109 50.550906 54.147632 57.418688 53.512921 52.147614 50.409399 55.192260 51.452751 52.035494 52.982169 50.738732 52.633916 54.965478 56.026492 54.992838 51.185569 51.182789 53.730557 53.622612 55.962574 53.882738 50.670540 56.399924 53.294533 49.199525 57.835266 50.945562 56.639976 52.579027 51.904827 
44.237885 46.700115 42.995688 44.169229 42.379312 44.612578 46.468117 46.585271 45.158359 43.143911 46.217613 45.065990 43.549618 44.597770 44.378661 45.003719 43.674367 44.771760 44.854750 46.567194 45.371604 47.642100 44.094214 39.836567 46.900539 49.301050 41.924246 49.527284 51.063355 45.767423 41.389983 46.097413 43.018532 44.319031 44.241779 48.392466 48.600510 47.662883 48.369330 43.910100 48.715656 47.049585 41.186148 47.108056 45.515054 45.356625 45.413803 48.006711 42.826499 45.293454 44.584519 43.208973 45.284959 43.442337 44.401207 45.216092 46.083625 39.856850 43.815402 42.761201 49.309416 45.902358 40.603387 47.056572 40.846835 41.795921 45.402360 46.788754 47.090006 41.926303 48.412571 44.369723 43.634974 47.927267 43.374601 50.017189 46.149674 44.998919 45.362554 45.937468 45.969559 48.508770 47.845271 42.669238 46.067981 40.873842 43.741727 49.156069 47.546163 46.789969 46.477629 42.226267 44.521298 48.286016 44.745419 45.149283 45.257002 44.926399 44.512880 42.637016 46.728074 41.972654 46.441988 44.499183 43.536127 45.699084 46.342018 45.366657 49.041426 43.764258 46.378058 44.884895 42.522273 44.126369 47.211223 44.565361 43.516485 45.845395 45.751870 48.314691 43.281447 46.140086 44.010593 46.773499 46.364915 46.049921 47.018002 47.843011 45.600129 45.142427 45.974934 44.592038 41.724958 50.941003 42.563405 50.043827 43.116794 46.607328 44.868857 41.623405 47.954376 45.887177 46.178581 49.671541 46.411147 47.496156 45.490432 45.083824 45.445947 43.808460 43.163837 45.636100 47.690580 49.644487 42.297318 45.706113 48.648102 47.653202 46.470196 48.959434 41.170623 47.563093 46.466179 43.999952 46.335854 45.589225 44.440265 47.270374 47.845891 42.878914 42.579758 44.631452 47.166399 46.141302 42.664316 44.246529 46.286732 42.694978 47.395845 45.355580 42.501645 45.309103 47.048219 46.863050 46.415388 42.517236 44.677428 41.575573 44.764542 46.266206 48.280166 46.722664 46.752757 45.900235 43.670036 47.400536 41.028612 46.725655 43.515883 42.077543 
48.660552 49.283571 48.804935 49.326176 47.416679 47.952912 51.366618 49.906294 52.061468 44.039900 48.886884 46.008062 46.555285 47.468274 47.748987 50.820889 48.360324 47.248018 48.109937 46.525923 48.331116 49.978370 46.656556 45.409561 51.774489 53.206140 49.147897 53.291057 56.551336 48.116029 47.771090 49.627667 49.124770 47.902098 47.136034 50.996139 51.398077 50.165644 53.069613 45.529592 48.948425 51.636524 45.071115 51.314808 47.531193 49.397500 48.813263 48.245565 47.182132 49.152327 48.408267 48.827654 50.648886 47.770504 48.057342 46.575648 46.931898 44.431206 48.526414 47.727693 52.092467 49.142872 45.379867 49.665751 44.931991 49.587963 49.250908 49.882653 51.096607 49.257257 51.030687 47.680618 46.191658 50.523724 45.860645 54.822601 46.690861 47.239758 51.975403 51.963979 50.696198 50.136992 51.482797 45.232891 51.541176 45.306094 44.035027 53.734200 50.812409 52.463265 48.879223 45.622070 49.368610 50.856625 47.399580 51.008381 47.719629 48.785452 46.899487 48.646270 50.094018 46.064376 46.184981 49.317645 47.659048 48.775420 48.709581 47.419822 51.561079 47.499498 49.972717 47.934060 47.898692 47.444865 52.347314 50.569606 49.825961 47.182112 51.967397 52.375273 47.898687 50.575288 46.174665 49.613142 46.001823 47.850498 48.218535 48.998096 50.800456 47.921694 47.019301 50.041596 48.828889 53.096341 47.097302 52.495441 48.706365 52.551671 49.009529 46.245546 50.164836 44.679897 50.101987 54.136315 48.438060 52.170291 47.821917 51.562597 48.611300 47.910107 47.357523 48.602985 51.424019 53.199874 47.322440 49.912503 51.009046 51.072752 50.148892 50.697129 44.842887 51.085264 48.484823 47.009660 50.313554 49.204488 46.224316 54.697886 50.117281 48.321215 48.912726 46.597223 51.451016 49.398717 48.575527 48.817038 49.029129 44.922975 50.756010 50.041401 45.782828 48.301608 48.982654 49.837536 52.871156 42.536378 48.367157 47.362424 49.246167 48.403475 52.790064 47.300098 49.830761 48.126048 46.206667 54.125636 42.925704 51.529177 47.339764 45.392481 
53.642956 59.780935 57.263172 57.623627 54.113777 53.489418 57.907029 54.351107 57.915878 52.022222 56.049248 51.354317 52.082639 52.101948 56.093631 55.446093 54.953171 52.648708 54.686954 54.953004 53.987675 57.157692 55.812051 49.089096 58.381770 58.500306 55.161274 55.410365 60.168951 54.035858 51.821187 55.379643 49.701420 56.703366 54.086178 57.002961 60.747189 58.501087 56.139533 50.932892 55.668979 56.228216 51.669383 56.663408 51.133304 54.144061 53.402375 55.641027 51.129451 55.926703 54.758331 52.960628 57.589678 50.293547 55.597152 51.714609 53.180437 47.309067 57.519779 51.837534 62.119123 53.023665 52.989287 55.188254 50.173954 54.483818 56.169743 59.696902 54.940147 51.253976 55.631914 53.404903 52.084679 58.273611 55.508950 62.760019 52.988411 53.708658 57.134817 55.839556 55.919039 57.731156 55.139944 51.531368 56.251788 51.257812 51.011044 57.461980 57.083832 57.145007 55.620786 51.128755 55.271402 56.842684 55.655801 55.640643 53.765142 55.744954 55.935857 55.877240 54.300060 52.801234 51.709519 54.494350 54.500693 52.886466 56.146625 55.346600 58.946870 52.911602 58.158037 54.484787 51.206986 53.777545 58.083013 56.771513 55.362622 53.648549 56.562093 59.449721 52.540048 58.105731 54.593720 54.496629 53.101606 55.426779 56.525046 54.372423 56.427403 57.146518 51.358115 56.915923 54.141966 59.032332 52.236196 59.295176 52.217421 56.456593 55.881872 50.003491 55.645487 53.947176 57.281663 60.518043 54.802565 58.078580 57.689406 57.727962 56.237496 56.062189 55.242365 53.769298 56.317828 61.336524 50.339305 56.436023 55.106157 56.617870 55.305598 54.947454 50.874759 60.196165 57.420581 54.558468 59.247917 56.639682 53.752256 58.026215 56.186126 54.429982 53.524186 53.114623 57.855426 56.198905 54.128051 54.538041 54.314193 51.532369 55.356402 57.859380 52.762784 53.772524 57.471347 58.975191 56.635053 51.083269 51.483083 52.762139 55.519037 58.633211 55.471333 55.321624 59.633537 53.736401 49.189983 58.356956 51.291239 56.306691 55.742740 50.964589 
47.649123 51.555243 52.047138 48.363158 46.569247 50.227904 46.069678 47.958450 50.932214 49.109534 49.266716 46.431126 44.921275 45.566293 48.285105 48.215823 46.619805 48.449706 48.013579 49.226928 47.586475 49.986141 47.988496 43.422072 52.667410 51.030018 46.705237 49.749364 55.137161 45.316682 46.265554 49.903559 44.643964 49.865501 46.521131 48.520039 53.206967 50.907379 52.247983 44.835915 49.424044 50.686228 45.320048 54.069014 47.879327 49.489923 46.667875 47.740382 45.713475 47.471193 46.115786 45.504449 49.337378 48.048308 48.162030 46.959092 49.218401 43.914495 48.410855 46.606311 55.604825 49.764992 45.336910 49.252675 46.404933 47.977112 48.251185 53.397030 51.518867 45.597720 51.215630 48.984964 46.833355 50.128393 49.899676 52.690048 46.654661 49.631399 49.731427 49.586910 48.832549 49.123688 50.332426 45.063794 50.155438 42.054840 46.052383 51.358264 52.256616 52.851183 48.383591 46.781979 49.631088 51.345013 49.391713 49.511956 49.401150 47.877473 48.535581 46.259860 47.675851 46.532618 46.048761 49.827150 46.290701 45.990863 48.167107 48.126404 50.504161 45.899342 46.952525 48.628888 46.964975 47.485675 51.307992 47.376978 46.726016 48.458844 50.591866 51.764306 47.259337 48.763277 49.222043 48.747160 47.926222 47.918487 49.274840 48.566367 51.593004 47.536490 45.721049 47.720915 48.170057 52.222282 46.963424 54.910031 49.217407 50.571789 48.334823 44.241599 51.637913 47.118175 51.707918 51.583602 48.884645 51.242194 50.223266 53.369908 49.699280 48.718456 47.565317 46.455618 50.149289 53.861705 45.098968 49.972536 51.560785 48.424311 47.420474 48.305485 46.418071 51.343123 50.193936 45.426810 48.053449 48.907509 46.298889 50.809397 49.894275 50.955086 44.981540 48.505284 49.805152 46.799638 46.300373 48.354931 49.406490 45.885406 48.863405 50.326000 46.645216 48.121373 49.447473 50.067254 51.068446 42.913387 46.512658 47.444611 47.313828 50.530865 48.775157 45.229963 52.383131 49.240434 45.837654 53.127501 45.668623 51.352847 47.839297 46.774873 
43.627698 47.006669 48.749382 50.506837 45.810997 47.833803 44.873367 50.618528 51.239632 44.802637 46.877490 47.865103 45.737964 45.934197 46.337553 50.387258 44.385893 47.550442 46.684645 45.705656 44.929956 47.890402 46.082185 43.956658 49.915266 50.573858 47.104804 48.421571 52.671555 46.286562 44.695359 46.528598 43.310930 47.898212 46.445997 46.967472 49.700743 48.847194 48.964296 42.094557 47.853433 50.597463 44.500347 48.224477 46.238634 49.661191 46.225547 47.748666 45.590212 46.363281 45.062901 45.020049 49.673319 46.207973 46.024395 44.887704 46.432091 43.526171 46.562882 45.005922 54.619613 48.075592 44.871871 48.723471 46.172645 47.359900 49.796512 46.822127 51.131062 45.879772 47.622732 45.757329 46.119095 48.306329 44.169379 50.251562 47.480775 48.627311 50.051769 45.823365 48.017451 47.419757 47.993150 42.761071 47.330475 43.609348 42.727463 52.323333 50.202515 50.592729 48.181638 46.478534 47.772286 51.586790 48.156524 47.209877 46.410094 45.676207 46.256283 45.704749 47.296398 42.410763 45.326793 46.739248 45.157958 44.012875 48.696482 46.488197 50.879931 44.738858 47.145556 46.064881 47.774952 48.321834 51.957628 46.561302 46.016245 46.794676 49.740461 49.487333 45.383539 47.698430 45.421361 47.822706 47.561497 48.912459 48.186612 47.748556 51.664364 48.771198 46.537118 47.308508 45.701085 49.597893 46.398654 52.515708 48.701499 47.903313 48.590082 45.479121 51.809049 44.339372 50.133511 51.828669 46.224081 49.715400 47.139580 50.596006 45.255619 44.965083 45.711211 47.789617 49.517481 52.273810 45.036617 48.878573 50.115839 47.292995 44.724028 47.602708 40.589123 51.713605 46.328173 44.087356 48.698354 47.709935 46.286175 51.841469 48.799528 46.292923 46.703888 47.884098 48.770205 47.813505 46.820127 46.884596 47.622155 44.002361 46.218009 48.433704 45.066648 47.961977 49.718285 47.503939 51.459756 42.294279 46.557449 47.300619 45.702425 46.608109 48.277193 44.843952 52.276547 46.820858 43.784155 48.841261 44.406356 49.400289 47.422461 44.816360 
49.111384 51.789739 48.182023 50.292883 47.834943 50.008791 53.500465 53.463006 51.910046 46.004264 51.622324 51.730713 49.221795 49.254133 52.013963 50.245696 48.788410 50.077140 49.027084 49.493778 48.542167 50.388542 51.056276 46.558468 52.126516 55.734805 47.960975 51.924028 55.435911 48.568448 48.315819 49.274140 46.781874 48.892273 49.422072 52.725983 55.617081 53.656426 54.131889 47.815105 53.381392 51.307892 46.603249 52.313284 48.497144 51.115831 48.357743 49.496225 48.570349 50.590622 50.774071 50.954144 49.871507 48.895689 49.903300 50.341263 48.720892 44.359745 50.547860 47.724114 53.957250 50.610080 45.384371 51.388184 47.573409 48.345395 50.621782 51.261477 52.295848 46.790567 50.802215 49.321517 48.929643 52.917468 49.152020 56.728956 47.767479 49.566849 54.295054 54.454776 49.706560 53.207826 51.624003 47.468716 50.856095 44.838921 45.588010 54.830660 52.149240 50.486803 53.265994 48.171299 51.891892 53.854065 48.737404 49.038007 48.384872 47.777302 49.167557 48.281563 51.712907 45.616980 49.805098 48.612695 47.598899 49.074118 52.760966 49.962793 52.289932 46.071634 50.609936 49.927001 49.218189 50.531883 53.051832 48.796154 48.740708 51.742472 50.630891 52.914154 47.695924 48.546005 51.410144 51.571320 49.894383 51.733847 50.980209 52.327065 51.596570 49.509454 48.467559 50.197257 50.165465 54.993620 49.877449 52.421273 49.930400 53.912621 50.933670 46.563935 52.642420 49.850457 51.490268 53.813397 52.234557 51.406950 52.419994 51.972221 49.499508 48.220102 49.403799 49.244776 51.328427 54.096031 46.763484 51.701385 51.838135 54.148805 52.198058 52.718276 41.780475 52.262535 51.214021 48.003629 49.808578 49.864472 48.731143 54.439368 53.895021 47.656031 49.199619 47.729152 51.440151 53.000371 49.838975 49.385233 49.277417 48.057269 47.741585 50.744558 47.838479 50.431867 53.459288 54.418680 52.964680 48.397036 48.448087 50.491323 50.456140 51.283592 53.587851 48.550699 53.233423 50.259219 46.140858 52.809631 43.366347 51.206607 47.711528 47.244863 
45.975095 49.694298 49.661709 47.897556 48.517477 47.062361 49.973341 48.027913 50.793503 45.637507 48.862639 45.654413 44.624966 46.407802 49.404702 50.500127 46.092424 46.983616 46.473654 48.407676 46.051053 48.777514 47.502099 44.903337 50.098565 53.216120 48.449776 48.632999 55.110793 47.013282 47.386113 46.522545 45.784739 47.292467 47.148538 48.326831 52.195196 52.385178 52.542177 45.672245 49.665938 50.410310 44.724280 50.138623 46.067325 48.936313 47.559131 48.016980 46.951754 49.013756 48.963342 45.998888 49.914524 45.548015 47.253039 46.668705 46.254897 39.450605 47.651721 44.758538 54.240448 48.047502 45.915600 48.770675 45.153757 48.239155 47.887808 48.756168 51.235298 44.400671 49.885948 47.543191 45.981471 49.898175 48.160433 52.732650 44.522273 47.425887 50.028257 49.661561 49.754719 49.289512 45.690758 45.551320 50.550646 44.868906 43.703807 53.284489 48.310468 51.199133 48.212768 46.158193 48.176239 51.217450 49.778317 49.347468 48.813066 48.073359 45.725220 48.732070 48.791023 42.863361 46.007388 47.026446 46.220502 46.679119 48.908534 47.595099 51.070638 45.490979 49.082444 47.919855 45.538423 46.616806 51.813660 49.873468 46.602792 50.314097 49.691349 51.260138 47.957174 49.250488 48.711210 47.091701 47.719693 47.521497 50.625385 49.704000 50.177564 47.423094 46.249298 48.431448 44.623866 51.598144 46.374411 49.433409 48.822158 49.093703 49.682212 44.193412 51.793040 48.749511 51.082532 50.232772 48.528105 51.321210 47.598705 51.034813 48.830391 46.481825 49.737220 46.784508 47.248881 54.724722 42.759027 49.610790 49.781561 50.319007 49.787564 46.876400 44.275089 50.548541 48.465679 44.347942 49.171971 49.947915 45.302556 53.024878 51.191284 46.566743 46.429998 49.739066 48.159479 49.844420 47.084677 45.731263 49.361903 46.068944 48.805335 49.093160 46.255145 47.726751 52.104978 49.743351 51.986587 44.440437 47.561676 48.057342 46.205960 49.917235 50.174257 44.854925 52.717988 48.187776 44.029071 53.053555 44.489621 50.944340 48.108274 46.130169 
45.755885 47.481033 48.278856 51.226926 45.963455 45.641643 47.257824 49.018914 50.620555 44.221082 47.894275 45.817907 45.294574 45.077897 45.734347 46.981591 44.472051 47.922676 45.611980 44.712881 45.767247 49.529676 46.568423 43.290054 50.690833 50.790367 46.321610 49.171376 53.875754 46.959018 45.649799 43.939072 43.788441 46.867806 47.855949 47.726508 50.629845 50.005648 50.721330 43.661595 48.850763 48.389798 45.203133 47.565863 45.645543 47.134528 45.201812 46.388782 46.128740 47.797891 46.557095 45.100164 50.551694 45.745669 47.356755 44.668332 47.163540 42.748090 48.098183 46.114357 51.912583 46.970341 43.049572 49.646947 43.761619 46.611515 46.236893 49.989452 47.761695 45.407147 49.079049 46.434952 45.623881 47.539192 42.884968 52.176540 46.354511 47.268226 50.920486 47.844918 50.085082 45.570362 46.175832 43.262336 49.206754 45.560004 41.937632 54.389476 48.269406 50.267845 48.241037 46.090401 48.021148 49.201191 46.655067 46.719249 48.380848 46.159687 46.979957 46.527991 46.152852 43.623651 46.969957 47.534633 47.557954 44.937842 47.159311 49.363277 52.239630 45.538542 46.944991 46.478624 45.908509 46.681422 49.937903 45.836136 49.347421 48.665637 46.908127 50.690639 45.728154 48.005691 45.311969 48.907332 47.200158 44.487299 48.966619 48.886271 46.973175 46.900040 43.917853 47.141517 44.428493 51.932538 45.698567 50.189141 46.393547 48.109044 48.864251 41.723960 49.171860 45.479513 50.003157 50.985620 48.067692 49.971196 46.847136 50.257121 50.246707 46.133099 44.922922 44.200629 46.151201 52.799590 45.097100 49.207119 51.181721 48.438909 46.406406 48.382340 42.463007 50.013312 47.775453 46.573019 51.091144 47.796738 46.474945 49.914348 49.850340 45.045415 48.120993 45.530815 50.002926 48.169593 48.167027 46.554547 48.197962 43.471749 47.969569 48.531616 45.952249 48.790385 50.548830 47.963270 50.983760 43.329401 45.037881 45.746627 46.572899 48.191585 49.576526 44.081898 47.790587 47.840533 44.680713 49.895940 42.852425 48.974014 47.516980 45.101173 
46.976457 51.374281 50.376096 50.322421 45.731781 49.020570 49.595785 50.566432 53.730270 46.499487 49.994120 49.583835 47.290024 46.535403 49.105027 49.941250 47.832560 48.271754 49.098312 49.108059 47.124150 49.454321 51.369453 43.569775 52.037211 54.365961 48.628819 50.899441 54.918935 47.090761 46.578632 50.708936 47.061900 50.141670 46.870256 50.551123 54.098533 51.320372 49.722784 45.868523 51.245450 51.142469 46.508372 51.491857 46.616481 50.389631 44.556342 49.178527 47.339908 48.415964 48.309926 46.305157 50.819340 47.546415 48.424860 47.385506 47.131989 41.315518 47.124737 46.464666 53.854944 49.052035 44.687463 48.949951 45.484509 50.249710 49.313613 48.354200 52.689092 46.954156 51.010644 50.387669 48.306158 50.322042 48.004204 55.009585 48.889504 48.624731 52.579801 51.384806 46.894405 49.513668 48.794958 46.527568 50.823687 44.685389 45.927279 52.637741 50.681323 51.226748 50.754377 45.976810 49.497350 51.587294 47.256674 50.583992 49.771936 48.419818 47.775868 47.384681 47.918413 45.687277 45.850873 49.747183 48.949224 46.918295 47.533825 49.447637 51.040539 45.611194 51.208859 48.225881 46.605440 48.439277 53.544199 49.694836 47.437334 49.695578 51.881784 52.137908 49.531238 50.578982 48.816345 49.009765 47.731322 49.705602 49.629354 47.932418 51.430520 49.219823 45.504424 49.280426 47.480814 53.400083 47.988019 51.334589 48.118789 48.532845 47.016655 45.556903 53.363850 46.182370 52.766915 54.161611 50.229394 51.836012 48.669260 51.155440 48.026548 51.006091 50.395710 45.815984 49.839170 52.570238 45.452446 51.817267 52.558221 51.494428 48.373207 50.159673 44.078713 49.821699 49.510707 45.994831 51.101898 47.754037 45.117465 54.365537 53.335629 46.362505 47.179710 49.090978 50.213228 49.334839 49.376176 49.338885 49.619185 44.208229 50.053232 49.675845 46.653604 50.424025 48.715457 52.881020 53.263302 45.370089 47.344852 48.988284 48.986643 48.120582 51.621275 49.604553 50.376788 50.262766 47.424648 52.587640 44.853157 52.808328 48.094987 45.107586 
45.571473 47.593639 47.399259 49.762172 48.059311 47.605239 49.220154 49.400837 52.134596 44.520365 48.821435 47.793524 46.446454 45.466391 49.437703 50.440338 47.054689 48.208866 49.116321 47.578755 46.932698 50.963889 49.638046 44.745656 52.287127 51.287014 49.638534 53.085487 57.333287 46.363988 46.209487 48.654056 45.810138 48.591184 48.974996 51.082518 53.703688 52.446049 51.378172 44.920430 50.776484 50.852177 44.265319 49.667959 49.497130 49.991318 48.986272 48.149132 46.853642 47.685342 51.053859 47.703157 50.216538 45.805613 47.959252 47.050882 49.215866 44.040581 47.809895 48.810047 54.073604 46.027646 44.787443 50.814110 44.939599 47.177854 48.893791 49.752601 50.159730 44.965310 50.174551 47.764671 46.916581 50.087827 46.980783 53.240110 46.327022 50.213571 52.946485 51.303117 51.203959 49.579999 50.658005 44.705132 49.635797 45.166790 46.068780 54.335566 51.647427 51.773834 49.924319 45.015244 50.392326 53.889520 50.729199 46.003319 48.085967 48.776556 50.816727 48.270001 47.495197 46.573557 45.819020 47.463233 48.424876 45.605817 49.867505 48.105502 52.149295 46.469115 48.778024 48.481443 45.972044 49.112980 51.644650 50.286181 49.413726 48.875093 50.601835 52.387328 46.336635 48.404221 48.348194 49.586419 47.527753 49.455402 48.016922 50.636842 52.354003 47.931682 47.330990 49.012882 45.717155 51.191759 45.400664 52.552064 48.393107 53.230347 47.356097 44.154223 50.296690 46.580722 50.433304 52.148865 49.032074 52.818943 51.118956 50.735414 49.121753 47.179935 47.547341 47.421206 48.260516 54.919604 45.858070 51.023448 51.619497 49.861718 47.972993 49.531334 46.280253 54.487244 48.890627 47.540714 47.566788 49.806480 46.225667 51.520004 51.485085 48.350049 47.697089 49.266624 51.348913 48.471068 46.476217 47.081396 50.074441 46.309438 47.655381 47.932938 45.332044 49.775991 50.401507 53.492155 50.725972 46.087891 46.493452 47.239164 48.743619 49.738426 51.539398 46.321469 52.057017 47.604129 46.342703 49.342668 46.317367 51.495814 50.161984 46.288020 
48.537495 52.186791 53.856380 53.278235 50.267837 53.921293 51.813132 52.237859 57.024144 48.332377 52.439627 50.465933 48.894440 48.462116 50.979486 53.410336 50.000242 50.763617 52.433185 52.959243 50.308336 53.353859 51.308367 49.246168 56.193212 57.761205 51.943229 54.774733 58.166753 50.123479 52.230930 53.015014 49.091159 53.825171 52.606267 52.091546 56.985824 55.087020 56.290231 49.022303 52.602300 54.963722 48.923546 53.078805 50.813914 53.881094 49.780386 52.385030 49.402850 48.448987 50.138194 53.249035 53.984745 50.522217 51.060134 48.448453 51.469381 46.164640 53.398739 49.566808 56.133693 51.418562 48.378309 53.164428 48.998831 55.273027 50.148617 54.184305 55.780776 50.369818 52.632237 50.115062 50.353472 55.436586 51.043089 56.144344 50.603023 51.327879 54.937545 55.619125 51.272838 53.806393 53.330856 47.463136 55.187242 49.417893 50.081582 56.191364 55.181861 56.595488 53.281116 49.395298 53.927662 56.160113 50.191349 53.491248 52.081844 48.961518 51.767251 51.120695 51.207683 47.751049 47.911660 54.163379 50.470626 50.621420 53.726694 51.486778 54.660293 50.925138 52.561477 50.405502 51.038924 53.033844 55.995698 52.095010 52.510820 52.266116 52.902142 54.511981 50.808785 54.151297 50.148216 51.940260 50.947710 51.238310 52.120885 52.529724 55.213303 51.144903 48.322972 54.713463 52.729668 54.043871 52.108266 55.868001 50.257846 52.604473 51.884491 47.507664 52.732804 50.096239 55.515501 58.274335 51.384332 56.562722 53.718137 52.742797 54.327191 49.592499 52.941073 49.672163 54.927086 54.961548 50.328385 54.285234 54.541017 52.578452 52.058324 54.076429 47.709753 55.708513 53.803305 51.886609 54.074662 51.356877 50.493279 59.531739 53.826750 51.413008 52.224149 52.890259 55.779370 51.729008 51.680644 53.446530 53.966628 48.258656 53.190863 54.941617 49.089533 50.450991 54.786620 54.528743 56.556958 47.512082 51.204826 51.645980 53.137131 52.585826 54.905574 49.283518 54.367421 51.961439 46.415218 54.205274 46.928068 55.100886 52.928879 48.610816 
48.694528 52.647173 52.428478 50.373579 48.965385 52.357445 54.106793 53.925863 53.234340 49.483294 53.153512 51.244175 49.344370 49.553666 49.664665 52.776217 51.103505 49.045382 51.445063 52.539065 50.953556 51.637354 51.412626 49.112967 54.246284 54.353926 50.806037 53.562207 58.173813 50.279512 49.434530 51.156241 49.534689 52.648397 51.846057 50.779464 56.923456 53.162264 53.903221 47.557444 55.310219 55.572960 47.141918 53.558636 48.879311 53.002589 52.534689 51.671037 49.152608 49.769299 53.239482 52.948506 51.112668 52.372774 50.473865 48.473827 51.504068 45.857818 51.304048 49.811620 57.774098 49.096092 46.893173 53.453240 47.889764 50.885562 52.011823 55.124593 53.566543 48.418129 52.296331 50.215894 47.432528 50.364307 50.763817 56.526349 48.874772 53.025283 53.754879 53.044169 51.417314 52.686620 52.135105 47.838682 53.526656 50.816617 48.084507 54.971029 53.831181 55.331671 52.637654 49.173401 53.573335 55.755080 50.642726 52.452061 49.715370 49.304884 51.799477 49.116985 48.644293 46.716532 50.466495 51.606120 48.321237 48.826118 51.850883 52.304051 52.139207 49.114360 50.967102 48.892805 48.902127 52.228224 55.082862 48.530456 54.509649 52.633233 51.433244 56.247593 50.505517 52.753156 48.993267 52.693384 49.776692 49.496093 53.229312 51.191758 55.205058 52.504241 47.027082 51.935446 49.473986 54.653747 52.990500 56.786765 51.164214 52.501477 52.591035 46.390326 53.019957 50.759577 51.911412 56.433742 51.154806 52.244367 54.899879 54.781708 52.660129 49.823773 49.947244 49.891046 54.052297 58.851295 44.992901 53.696721 52.674482 53.600251 52.207165 53.095508 47.883018 55.434971 52.193521 49.841603 53.530919 51.972380 49.272763 57.712842 52.566278 50.050360 49.997446 51.806884 52.876154 50.723857 50.855148 50.723783 52.205253 46.643850 52.222659 50.766046 51.844467 50.165138 56.052072 50.408008 54.825985 45.920775 49.476483 50.643531 51.670530 52.710803 52.974415 48.404117 54.542089 50.163233 48.088816 53.197491 48.353195 53.440249 50.850337 47.526246 
49.540516 50.955306 49.254106 49.053333 44.999030 46.803860 53.255119 47.583193 50.886163 46.097346 49.704779 46.119744 48.489073 47.409047 50.417209 49.583730 49.006455 47.058035 47.927910 48.392793 48.524405 52.863663 49.357395 45.309864 51.730191 52.894564 48.824108 49.982961 54.945198 47.317890 47.764405 49.041954 47.226305 49.873808 50.305082 49.157170 52.505068 49.518932 51.184245 47.797862 52.188310 50.582925 44.144220 49.891356 47.902355 48.301254 49.353172 48.087962 47.283016 48.843638 51.517799 47.018771 50.492196 49.537407 48.200868 46.417360 48.491055 42.628681 47.159650 46.048754 53.163305 45.894580 45.451778 50.561041 43.799912 47.534013 48.881922 51.911562 52.574704 47.973751 51.669256 47.447716 45.517010 49.513604 47.197228 54.150228 50.454039 48.514052 50.035163 50.902929 49.012869 49.558616 49.984189 45.733760 48.485899 44.467945 46.542069 54.335214 50.213170 52.633722 53.044329 47.026596 50.553517 51.339998 49.398044 49.359229 47.497832 49.050292 49.127190 47.044206 49.280773 44.001690 46.311374 47.384139 46.790476 44.757239 47.697288 47.373705 53.485970 47.961737 49.423977 48.208383 46.255927 48.889520 52.786868 48.482316 50.748489 49.738257 52.493115 52.757515 46.919857 52.270202 48.173501 52.519514 46.369410 45.912454 50.690906 48.743079 52.871179 49.764607 45.821552 49.807587 47.749645 55.038291 47.621487 52.518013 48.297179 52.849993 49.976176 46.930991 51.763151 47.530026 53.144958 54.746757 49.906593 50.636214 51.217296 52.132743 48.790934 48.762248 48.752646 47.527410 51.812849 52.534334 47.375595 50.789815 51.217971 49.879938 49.724597 49.583740 46.740238 53.923893 47.825891 46.380981 49.988350 50.150324 46.283410 53.345160 51.694563 46.788216 47.968209 50.446656 51.969501 48.618461 47.736280 47.831284 49.173063 46.864067 46.979989 51.639424 44.447090 47.353221 51.875087 52.357667 51.405471 45.807675 48.591308 47.392063 48.921591 51.307030 51.981801 47.371107 52.536747 48.775191 43.956470 52.690761 45.157446 53.803398 48.316581 46.111507 
50.335437 52.579791 52.117876 52.134092 47.824535 49.915453 51.873234 50.961566 50.746938 44.961195 48.037011 46.836574 47.863600 48.316304 48.996099 50.645533 50.208527 49.283223 49.444951 51.617036 49.602983 50.359910 48.494201 45.688382 51.449399 54.807236 50.266385 51.185264 56.231933 48.633916 47.962884 50.913855 48.273139 49.308708 47.767355 51.456843 54.535969 53.396114 49.612938 47.203768 48.916047 51.560016 47.433995 51.920056 49.971122 50.095806 49.711778 49.076995 46.995572 50.286222 49.077423 47.167616 51.919474 46.842053 50.715090 45.624377 49.200635 44.279075 48.666499 48.534188 53.570863 50.610407 47.655403 49.884163 46.188774 52.597573 51.884017 52.186237 52.120797 47.052513 50.912635 48.449493 46.673947 50.880427 47.222843 57.473383 48.879613 49.163527 53.948893 51.225588 50.777762 51.253093 51.568658 45.621503 53.755770 43.485949 46.872358 54.653750 51.491090 52.195544 49.426476 48.501893 50.742090 52.610163 49.358050 48.941641 48.065570 48.308684 46.113128 48.937014 49.466228 45.447552 46.906345 48.140943 47.064146 48.062935 49.798792 50.404765 53.567651 48.831861 50.827806 48.566814 48.155565 50.056149 55.046992 50.395325 51.916775 48.354614 52.683794 54.356381 49.698428 51.342422 50.493327 51.151264 49.763805 48.124795 49.090497 50.310678 51.045787 49.668909 47.141858 51.131154 46.892483 54.090670 47.142791 53.957352 49.673268 53.606325 51.363744 45.339532 52.570079 49.953517 55.249575 55.600908 49.443664 52.353003 49.690851 52.143252 51.020042 47.162178 52.793689 48.401513 50.503668 53.175297 45.441775 53.314652 52.156216 50.799342 50.979484 50.448983 44.513212 55.358829 49.589089 47.336048 51.053063 50.841500 50.743432 53.230057 51.036352 47.093411 48.282726 51.546223 52.548850 51.356055 47.984416 49.265288 51.423228 47.151419 50.074835 50.114676 46.122542 48.105561 50.730717 52.106205 52.200055 45.617363 48.390781 49.201819 47.633307 51.735784 53.396513 46.859810 54.134973 48.429091 48.568649 53.542453 47.875814 52.352349 50.068351 47.733671 
45.124251 50.383712 48.052493 48.970585 46.759539 46.157417 48.885392 46.990462 50.284699 45.383764 48.685611 44.933649 43.550156 47.194415 49.549955 48.710077 45.046318 46.153633 47.299343 47.087568 48.406928 51.763364 47.452640 46.567963 49.069443 52.636349 46.931702 50.137982 52.899642 46.035080 47.222018 46.113176 45.373673 46.497101 47.586855 49.373434 50.493527 51.601587 51.095369 44.349291 47.934755 51.269225 45.510791 51.601578 46.728552 47.820596 48.445845 47.646403 46.764057 49.944570 47.411603 45.563574 48.553101 46.324499 47.833344 45.193151 48.223733 41.764300 47.251444 47.148683 52.158778 45.876923 45.956288 49.289876 46.793185 47.775685 48.011468 52.836589 47.434417 44.197458 48.688682 47.174466 44.842578 51.314290 46.485281 51.528932 45.691507 49.862185 52.278262 50.827694 48.919805 49.489862 50.036343 46.138709 50.823463 44.131021 46.900301 52.534834 49.618178 53.049327 49.465358 46.429212 47.277552 51.533392 47.575339 47.902930 48.604889 47.516052 48.645468 46.477615 46.222754 43.872377 46.835058 45.666776 47.123172 45.174292 50.220976 45.656874 51.200051 46.557549 49.041795 48.174998 48.092498 49.436983 50.536710 48.998577 48.050890 50.511748 48.090482 50.479533 45.764874 50.485755 48.449548 50.304718 46.213451 46.278054 50.414024 47.372195 49.290774 48.283715 42.489997 49.375958 47.834991 49.528679 46.445208 52.543811 50.427929 51.616946 49.083293 41.978634 49.156875 46.722938 51.866038 52.789949 46.710071 48.929199 51.006118 50.078300 49.063072 45.673864 46.066526 45.683142 49.651512 51.542936 44.884840 49.898194 50.441052 51.300332 47.113798 49.366810 42.812738 51.182437 50.618952 46.775992 51.753410 47.390876 45.797470 49.933600 48.300133 46.865922 46.670854 47.417466 51.816074 48.671743 47.387332 46.380248 46.781131 43.056106 47.409250 48.100751 48.855756 46.346146 50.486966 51.172917 48.528415 47.100180 46.496246 48.110726 46.045565 49.199304 49.232643 46.155454 50.564147 48.471255 44.628258 50.184066 45.974515 51.133888 50.728880 44.334178 
43.380020 45.237122 43.613376 44.087589 41.434479 45.047446 45.758980 44.951464 45.646622 41.928687 44.528017 43.000542 43.195904 42.456646 46.226883 44.862227 44.609399 42.382036 45.881114 43.341528 43.359271 46.953672 44.522058 41.896335 48.091898 48.145119 44.485551 48.756227 49.330078 42.459082 42.226588 44.544119 42.789139 45.862771 45.701571 44.366251 48.958820 46.241929 47.608154 44.464481 45.846127 47.411115 40.759533 45.648414 44.771295 47.755568 42.633972 41.732910 43.575535 46.213633 45.692006 42.515416 46.506158 42.684570 42.184536 42.989276 44.349341 38.932936 45.172154 41.539090 48.477300 44.198778 40.220389 44.807859 41.436571 43.942709 44.375779 48.315769 46.389497 43.768819 45.180536 43.141883 44.903983 46.483370 44.141641 45.919131 44.911150 44.446333 47.126362 46.655585 45.226049 47.404111 46.038919 42.366595 47.360921 41.976903 43.327917 49.453545 47.806725 48.301089 47.183784 44.596753 46.321005 46.461686 45.928887 43.041974 42.565172 42.782219 43.571469 43.045122 46.944449 40.655157 42.544205 42.621902 43.546765 42.109632 45.049908 45.467889 46.244240 42.283911 43.525412 44.208803 41.415606 44.605721 44.662018 44.651050 44.581188 46.688409 44.484434 48.495599 43.491810 48.772091 43.857755 45.900802 43.701587 44.365104 45.696800 47.231684 47.338514 45.825978 40.608519 46.767071 41.693342 48.225231 42.542255 47.309461 46.065965 48.110413 45.246561 41.729923 48.665330 44.413586 48.110370 49.269959 44.369624 44.736640 44.698035 45.115493 44.338554 44.505593 44.606454 41.979021 45.992025 48.540886 41.828714 46.479482 47.444714 45.479579 44.117818 45.253334 41.433373 48.130293 45.662698 43.380567 46.385373 45.327332 43.500622 50.300198 46.540017 43.391965 41.031623 46.276493 49.481820 44.414583 42.362345 46.187905 47.176058 43.123505 43.759472 42.621127 42.601274 46.008782 47.317806 47.016856 45.691130 40.936954 44.594737 43.716323 43.497731 48.328216 49.488709 41.759636 46.714267 44.676189 42.662785 47.897768 41.647079 48.140326 44.727185 43.480435 
46.198397 51.620995 49.621320 51.463840 46.550070 48.594228 51.094666 52.528452 54.499229 46.094118 49.692311 47.854473 48.228865 46.689533 50.304659 51.387208 47.811761 48.838987 48.399495 52.172440 48.317059 53.332644 49.710307 45.095555 53.815769 53.958375 47.953624 49.816972 56.119868 50.229912 48.165163 50.404104 46.149303 46.625151 48.883787 50.900044 55.539944 54.413507 51.978412 45.272088 51.487387 53.373395 47.738695 53.399484 48.886574 48.575748 47.689494 51.331242 47.668012 49.007160 50.642582 47.227388 49.643500 48.321123 50.448825 49.360069 48.208747 43.255727 48.475129 47.637707 53.086164 48.695951 46.478953 51.594496 47.761625 50.139640 50.250079 52.796128 54.823835 48.240769 50.002816 50.708358 49.326158 51.345153 47.605016 54.444845 49.493205 48.350847 52.587092 52.540026 50.755029 52.144547 51.599345 47.567076 53.853062 45.250663 45.716434 54.837639 51.692088 52.637715 50.368885 50.103005 52.470478 53.933932 51.236599 50.717815 49.154034 50.263450 48.244052 46.913161 48.683577 46.309196 47.173421 49.365119 47.895546 47.331365 51.260064 49.458198 54.270716 45.574481 51.552093 48.749475 47.775231 48.986474 53.009571 49.081119 48.531578 48.999561 51.457891 54.107146 47.983408 51.566879 50.048060 50.684338 51.178575 49.366895 50.221789 50.296387 51.232265 49.431346 47.057987 50.765018 49.283993 54.406200 49.029903 57.128796 47.639774 50.928254 51.114369 45.445097 55.014210 48.958528 51.473146 52.776869 51.996885 50.785881 51.219129 52.835525 48.927975 46.985263 50.804442 49.757189 49.618935 54.362965 46.047431 52.052848 52.492486 52.045755 47.607140 50.136103 44.042887 54.025265 52.393240 45.740229 51.306551 50.116987 48.822196 52.290850 53.432871 46.912761 46.879464 49.623397 51.584047 51.474627 48.252582 48.935662 49.876992 46.123589 49.409518 49.500098 48.046537 48.114399 52.339766 53.821051 54.009079 45.597716 48.667146 48.766338 51.524127 50.993544 53.957271 48.585199 52.517774 47.465411 46.476401 52.228164 47.849953 52.836578 50.357728 45.768483 
46.036376 49.264796 48.039504 50.628459 47.270132 48.731373 48.620981 50.423477 52.947359 46.581581 50.115184 48.626529 46.905159 47.238454 50.623159 49.423877 47.657858 47.981274 48.720115 50.996972 47.976609 50.345117 51.183899 45.263333 51.868464 53.398733 48.805342 49.553085 54.658706 47.211623 47.684967 48.987869 45.115261 48.807429 49.362338 50.440093 54.316655 51.377031 49.777194 47.052845 50.483980 50.939822 46.289001 50.223519 48.364327 51.000311 46.411610 48.862340 47.638965 48.558626 49.139968 49.456689 52.365264 45.932563 49.872253 43.892927 49.306368 43.341037 48.378949 48.838138 55.135472 48.011670 45.661804 52.526029 45.697121 49.997428 49.251097 51.559091 50.971369 44.511997 47.634521 49.694770 48.716250 49.431542 47.025805 54.136544 48.859323 48.815451 52.021176 51.623909 49.901459 50.516715 47.750648 46.211754 53.720402 46.581736 45.735451 54.617253 49.841407 50.982131 50.888860 47.647407 48.570486 53.483786 48.965774 48.721499 48.414625 48.236226 48.167361 48.721867 50.052794 45.145839 48.097701 48.081536 50.602713 48.549499 50.763633 48.576780 51.762648 47.689789 52.808976 50.304379 47.886382 50.183599 50.821966 49.372634 47.880532 51.131855 50.010820 52.905371 48.523534 50.739591 48.121024 48.784188 49.893518 50.595045 51.530613 48.546457 49.912747 48.826139 44.891906 52.987205 48.205918 52.807931 48.969730 53.255125 50.909096 51.483667 50.752066 45.249043 53.560225 46.829861 51.922793 51.357768 51.286134 52.125583 50.801991 51.028825 50.167995 47.106603 48.902465 47.294039 49.413584 53.263103 45.426763 50.408168 51.828407 52.950248 46.366219 50.303295 43.232725 53.753293 49.798722 47.868786 49.876564 49.767048 47.574469 53.492369 52.121481 47.290653 48.649078 49.422091 52.680527 49.878843 46.637790 47.383453 47.829486 47.626544 49.466229 50.284126 45.283380 49.366085 52.518017 51.918375 52.633516 46.700961 47.051963 47.324356 49.335118 49.362764 52.522125 48.927964 50.473446 48.661126 45.621456 49.543922 45.162255 50.556327 49.266670 45.819242 
45.893073 49.739026 47.264205 46.949627 44.802089 46.072874 49.297695 47.569319 49.899363 42.522395 48.917525 45.975733 45.450505 44.381628 46.038719 47.930444 47.232752 47.965718 45.390680 45.812328 45.345486 45.429883 45.784396 42.374209 48.484322 48.948685 45.555970 47.743695 51.160010 44.829328 44.569295 46.791894 45.180890 46.511265 45.817626 47.011344 51.274602 47.875224 50.608945 45.029416 44.859325 49.238173 42.290076 47.677651 43.801948 48.562388 45.115924 46.095131 45.068049 45.946195 46.034895 45.187214 50.025629 45.523262 45.283749 45.820941 45.622265 41.067474 47.373461 44.667590 51.905895 45.078473 42.819298 48.662710 45.239907 43.799960 46.541308 50.782600 48.759682 44.633736 46.221195 44.798519 45.743425 47.045421 46.283195 51.177675 46.691549 46.266633 48.313548 46.734405 45.831765 47.188863 46.518180 43.364075 48.046471 43.095474 44.171239 48.947277 49.454534 48.814770 50.680570 44.896667 48.751559 47.582535 46.704849 48.165896 46.655832 49.047712 46.869258 45.766448 47.183215 43.504615 43.959127 46.716354 43.425457 43.472747 43.802070 45.402195 49.429114 45.713068 46.367886 44.912415 45.004771 47.220735 49.239941 45.409047 46.497440 45.515062 47.672976 49.961341 46.349956 48.712540 47.184347 45.356489 42.593187 47.323717 47.095254 46.984629 49.690113 46.774658 46.094651 47.494375 44.818308 52.750713 46.132926 49.519071 46.313036 48.754256 46.570356 43.225009 49.301627 45.549198 49.338595 49.062000 47.729596 48.253706 46.778371 46.931267 47.264979 47.253794 47.035818 48.030084 48.723235 49.426600 45.408291 48.718612 45.639526 47.712446 46.256566 48.555684 41.118504 50.882494 46.831143 44.863288 48.686943 47.595655 46.541547 52.208562 49.782870 42.722652 44.968301 45.676193 47.267416 47.947590 44.450821 47.026486 46.093469 42.939389 46.426307 47.202782 44.206347 45.974454 51.096705 49.025492 48.862759 43.092741 45.322346 44.564491 46.842640 47.050845 49.837599 46.839441 50.027180 46.280549 42.686223 48.720212 43.240502 50.753435 45.283315 43.439927 
46.821769 48.048533 47.277753 50.692047 45.955353 47.355932 47.313690 49.630423 50.555709 45.729613 49.630230 47.237610 45.014196 44.149700 49.121397 48.648809 47.442327 47.941754 48.146267 44.795270 46.653485 48.233028 49.168553 43.296295 51.257562 51.478708 45.787662 50.251088 52.301805 46.902490 46.424958 47.925934 45.868939 47.762847 48.353010 47.949504 52.684691 49.823107 52.984979 44.802167 48.850171 48.518140 45.821774 48.415792 46.622335 49.561619 47.413386 46.772268 46.026631 47.604509 47.526005 45.296352 49.108013 47.967836 47.595937 45.666319 48.093714 43.476234 47.698752 46.746234 54.448144 48.291179 41.384859 49.434029 42.296768 45.448083 46.474474 51.742839 52.054774 46.672234 49.758780 48.469992 46.840434 49.105643 46.872810 50.582016 48.877482 48.459860 51.001933 50.679705 49.057420 48.677645 47.667165 45.810525 49.584350 46.478873 44.779751 52.948859 51.049795 49.180790 51.034947 47.251858 49.132994 50.387087 49.272476 47.183466 48.998324 47.804488 46.385317 43.933820 47.742936 45.896112 47.723856 47.704046 47.147948 45.317759 48.973932 48.928243 50.482329 46.141254 46.007086 46.947662 47.192435 46.472342 48.053765 47.227078 48.650830 49.474362 48.614891 50.140661 47.606869 49.579585 47.130105 48.672680 47.414496 47.916840 49.798388 49.032937 50.472839 50.123460 46.017357 48.846386 45.788146 52.241362 47.654938 52.590211 47.434781 50.365003 48.610911 42.929741 50.504881 47.758119 49.543365 53.648276 48.594682 50.154957 47.840888 49.566439 48.232432 46.558476 47.303413 47.783657 48.127548 51.758870 44.741410 49.487680 50.970371 48.046742 47.555144 50.115012 41.701415 52.015638 49.894526 46.774144 50.322979 51.097990 46.516770 53.856484 49.557348 43.175163 45.577675 45.742563 49.647675 46.435375 48.192846 46.155583 49.120579 44.635945 46.195442 47.159226 45.394171 49.551156 49.430996 51.226331 50.252815 44.073561 44.388819 45.771055 48.227177 49.772045 49.108656 45.751207 51.996193 48.545354 47.492719 50.549563 47.474387 51.501664 50.042886 46.642994 
48.618028 51.744111 49.764032 50.615298 47.094633 49.271842 51.835138 52.429952 52.274256 46.868397 50.281493 49.082377 47.934100 46.872051 49.745884 49.124613 46.992725 48.797302 49.062889 50.402497 49.355280 51.993576 49.156962 46.754314 53.128841 55.666949 46.377561 51.867690 57.288764 48.305869 49.963980 48.201711 49.553958 49.780497 46.993187 51.035091 53.066501 52.627143 51.534023 48.425468 51.185530 52.202885 46.586143 51.035008 45.953127 50.814468 49.860030 51.704850 48.230464 50.695018 51.153685 48.737262 50.963662 50.508669 50.645706 47.002663 47.101421 43.917654 48.966414 49.778631 53.212663 49.710256 44.441805 50.865242 45.455829 50.023514 50.765870 51.173882 51.890722 49.154854 52.237113 49.741423 49.492856 51.435902 47.935642 55.832232 48.161958 49.709316 50.966544 50.753849 51.526072 49.903420 50.554296 46.772818 53.393319 46.752331 47.159003 56.658186 51.994510 54.418654 52.844304 48.476055 51.237476 52.891549 46.810199 51.009719 47.671940 47.497115 49.101869 48.583080 49.004614 47.674594 47.624669 47.156448 47.571804 48.134345 50.366700 49.414484 52.102099 47.394118 49.975105 48.967356 47.415895 50.794972 52.396305 49.377371 50.744195 47.922285 50.266045 55.224889 49.903008 51.260838 48.509948 51.991802 48.792853 49.050865 50.258662 50.914172 51.963709 49.011536 44.962911 52.224431 49.845523 54.978520 48.282210 55.518392 49.611518 53.475853 49.727829 46.401417 54.035443 48.004360 53.679271 55.028501 50.828201 54.176127 50.938240 53.289795 50.804108 49.691819 50.953674 50.725999 49.784329 53.337655 44.910521 53.034986 54.452710 52.048094 49.198456 52.324387 46.102377 52.028304 50.609400 47.398594 50.499974 50.644395 45.627630 54.296998 52.731947 48.096338 49.033491 50.892524 54.202033 50.281100 48.874134 49.469167 50.105298 45.778233 53.146313 49.407343 46.778265 48.217449 52.961241 52.108922 52.982692 47.259097 49.814509 48.864682 49.724923 53.279065 53.214745 47.674110 50.884854 48.707854 46.328547 53.562756 47.626153 52.248145 49.831059 45.835281 
48.177902 50.031524 47.776535 50.247882 45.612726 47.976356 47.709677 50.535182 51.337540 45.931190 49.250216 47.464086 46.688948 45.260243 48.901221 50.249291 47.566022 47.377530 48.867823 46.700142 46.744935 49.066957 47.490822 44.458261 51.195561 51.863846 46.906099 49.861139 54.313230 46.985730 47.855539 47.474223 45.665405 45.973672 49.365988 49.400041 52.344400 51.918055 52.483389 45.751693 48.614483 49.632612 44.444294 50.369885 46.532865 50.908483 47.716634 49.015664 46.183008 47.024042 50.172386 45.146340 48.856234 46.080855 48.767243 46.807351 48.984296 41.526292 47.585103 47.000556 49.897985 47.841388 44.344733 49.115225 44.640608 48.233204 47.397160 50.922958 51.254263 46.061841 48.243177 47.087909 44.563365 48.549006 46.242038 51.516961 47.112285 46.597611 52.078767 50.464916 48.273497 47.467558 48.117450 46.141204 52.581075 46.251765 45.632493 53.248548 49.418341 50.448480 50.571627 46.679023 50.121474 50.633117 48.280020 46.517983 46.864519 48.002935 47.910189 47.882670 46.402134 45.149698 46.616529 46.200145 47.063299 46.075761 48.665868 48.892550 49.687501 47.664590 50.597498 48.310660 47.949028 47.246683 50.489026 48.060334 48.555207 47.605675 47.628626 53.549359 47.746011 50.832557 48.891208 48.660648 46.265176 46.576318 47.654154 48.342510 50.330146 47.357642 44.432437 50.611326 48.196519 49.113603 48.069319 53.514852 49.391469 51.513074 49.222583 46.439064 49.483578 46.163682 49.815675 51.140883 47.215474 50.643789 49.350211 51.505247 47.354356 48.496441 46.978577 46.438233 48.108406 53.237903 45.971245 51.114122 49.764389 50.372008 46.652532 48.427076 46.107092 51.237722 47.950758 46.378495 47.749119 47.817521 44.987303 53.655551 49.541139 47.636494 46.995675 50.037142 50.494463 49.077945 45.981086 47.862117 48.273332 46.554380 47.053350 49.363662 45.089026 49.961628 49.016274 51.174866 49.749863 43.796506 46.085084 47.533004 48.365757 49.030393 50.499991 45.595311 50.212240 49.163208 44.452996 51.188158 45.024451 50.027622 48.086437 45.136520 
48.631803 51.885047 49.574214 48.937980 48.547188 48.868603 53.560804 50.679600 51.778614 44.493177 50.136227 49.228578 46.166144 47.966346 47.507541 49.455052 48.368198 45.885568 48.473673 50.065470 47.012987 48.710509 48.091210 47.168071 51.267760 53.478357 48.672693 50.746311 54.996605 50.279724 47.995849 48.324889 47.187593 49.165523 48.204995 50.613851 53.442876 49.730260 53.077752 47.247332 50.495465 52.047145 44.698611 50.457388 47.497641 49.883369 49.344654 49.362304 47.492382 49.795357 50.373990 48.350421 51.290910 49.091100 49.221779 48.455458 47.696996 42.798382 50.502481 47.220427 53.399540 50.552838 45.226036 51.621110 46.398473 48.196467 47.277175 53.370776 52.037406 48.920596 51.145943 50.749173 47.597151 51.241386 49.022755 55.293582 47.430322 48.119204 51.577562 49.187481 48.097110 51.845540 49.667279 45.944804 53.024868 45.913773 46.694903 52.916095 51.016643 52.221141 51.632429 47.878090 47.981446 50.986787 48.764052 50.535203 47.034475 47.499453 47.291457 47.405594 49.757130 44.323904 48.980474 48.095202 48.299471 49.142775 49.989980 50.315528 51.263827 47.439877 52.735349 48.081659 45.772762 47.781144 52.774359 51.013600 50.208965 49.283588 50.703111 55.407623 47.326239 52.688641 49.425917 51.885260 49.351919 50.311137 49.195599 51.928222 52.738491 49.318965 46.959899 49.160737 46.828771 52.751490 47.090013 52.575956 49.975603 51.610257 50.167749 45.928480 52.911106 48.579707 51.829955 52.980906 50.146223 52.008821 47.355717 53.698495 50.085513 48.131608 48.014968 49.100699 50.816981 53.793418 45.716190 51.069312 51.842538 48.999458 47.701475 50.860429 44.227080 53.012341 50.844688 48.911109 51.368318 49.359375 46.373126 54.707825 53.553520 47.457047 47.843019 49.812694 53.552263 50.831886 47.173276 48.761612 49.958167 46.084249 48.412878 50.289819 46.459321 48.565596 50.562089 51.740417 52.320419 46.030047 47.697550 48.771262 50.122376 49.712038 54.199003 47.457745 51.594030 46.130128 47.120896 53.616434 45.085364 51.537413 48.669768 47.029251 
46.465278 49.386580 49.537096 49.094761 45.784395 48.516119 48.507427 49.998335 48.192224 44.984281 46.975992 45.907999 45.711275 44.153286 48.203048 48.290058 46.419490 46.991998 49.392778 47.034838 45.440415 54.430373 48.031380 45.438303 50.638077 50.701996 47.000475 50.500938 54.734696 44.875924 46.587987 50.813849 44.168842 47.536351 47.618285 46.362124 51.650465 50.745117 51.976493 45.158383 51.613131 53.223261 45.982879 50.238389 44.968515 50.352447 47.867572 47.664799 47.205065 46.447597 48.494346 46.202225 51.211009 46.694118 43.957161 45.670014 49.776819 43.787363 47.291069 47.505998 52.342985 45.914008 44.977892 50.722772 46.186795 48.498407 49.773484 51.129952 52.578162 46.406829 50.827522 44.375877 46.153677 48.615288 48.048215 52.932067 46.198353 48.355441 51.686670 48.596782 49.069455 49.227969 48.804092 46.978357 52.019185 45.113021 47.733317 52.672645 49.553758 51.292258 49.370487 47.189607 49.579833 52.186674 48.809655 47.118493 47.842441 47.833820 48.416946 47.076636 48.299828 45.154574 46.448564 48.681156 46.939499 44.009671 47.523907 48.494581 49.386893 45.455782 51.512648 47.520690 47.203473 47.462569 50.035244 48.136860 46.982721 46.079281 50.864080 50.187811 46.559031 47.901894 48.907090 49.978193 46.608582 45.988978 48.320899 47.808999 50.568772 47.097752 46.469138 49.370735 47.202760 52.351065 46.835299 54.332725 47.890625 49.282045 47.466414 44.921026 50.940438 46.619777 50.946137 52.802738 48.073042 51.821228 49.287057 49.167945 47.573103 47.432238 50.482031 46.685059 48.660644 52.850197 46.823846 51.139264 52.617161 51.414263 45.763143 50.406129 44.747037 50.991249 48.674623 48.579248 48.968605 50.807647 47.184321 53.812587 49.938969 45.979370 48.347432 47.608615 50.768784 50.006640 45.490898 47.294133 48.501762 44.532073 47.047142 47.700943 46.886792 49.486523 50.258848 52.686923 48.104235 43.086490 48.838623 46.923405 50.442521 49.660368 51.861919 47.500546 51.150336 49.258475 44.242170 50.790828 45.332235 50.581401 47.081309 46.382924 
42.926009 46.526613 47.143978 46.066045 42.790356 43.669970 47.770206 47.911646 46.478905 43.203208 47.804480 45.347457 42.783984 45.003757 44.597962 45.272848 43.519354 44.050286 44.474198 44.964424 44.884854 47.056841 44.033535 40.967474 47.255634 46.754715 45.826789 46.152100 49.473434 44.990679 43.251203 45.005208 40.211929 45.416695 42.782211 45.140409 46.541265 47.560683 46.802826 42.813617 47.878383 46.227273 41.517735 45.195557 41.510154 42.895903 43.590180 43.643559 45.152959 44.315376 46.278603 41.874739 47.589118 44.169159 42.049971 42.271957 43.161403 39.630309 47.243191 43.032076 49.035388 45.289729 41.774710 46.149693 41.245722 43.593233 44.760740 49.136533 47.823150 42.680098 44.600749 45.902526 45.491453 47.392246 45.182441 50.149951 44.998520 43.292890 48.020030 43.236063 45.963568 45.934034 46.903282 42.019296 46.056247 42.519852 40.795145 50.130227 46.623621 46.899831 47.891365 44.593444 44.468696 47.206618 44.261057 45.657600 44.543393 44.719438 45.920578 43.483896 46.021340 41.911597 44.524467 43.329043 43.813450 41.103454 44.853220 44.640649 46.437455 42.088377 47.993772 44.767526 44.628782 44.076778 47.558771 46.026072 45.924014 45.327235 48.061110 47.162065 42.900640 46.789311 45.021146 46.320580 45.072384 44.433009 44.758508 44.382857 48.699720 44.746253 44.186504 44.937297 45.411342 49.192321 43.399263 48.339462 46.355791 45.439488 44.419623 40.914903 46.856433 45.739818 47.754827 48.522148 45.404737 46.173127 44.838528 46.863597 44.464371 45.407356 45.567598 44.749471 48.632951 49.583438 42.330761 47.652932 47.698492 46.716539 43.270137 45.032927 42.527185 47.415259 44.344854 43.121771 46.546921 45.104909 42.501804 48.957413 45.281032 44.517773 42.146066 44.696968 46.633312 43.857047 43.424281 44.812872 47.180346 42.761530 43.917494 45.959420 44.057818 44.160032 47.329956 47.236541 48.392020 42.983753 44.168690 44.900667 46.110027 44.406115 46.917169 43.789018 48.522033 44.583503 43.198320 48.267977 40.524695 48.216890 48.595768 41.720760 
49.021229 51.557266 49.352427 50.549475 47.768095 48.452632 49.315069 49.574325 48.987859 46.659188 49.495404 48.756603 47.659131 47.784739 49.208826 48.805039 46.682788 47.980949 47.884503 48.251169 47.892746 48.659522 50.092451 44.251141 51.418664 51.275496 48.164650 49.712982 55.339634 45.639372 48.102368 50.850661 46.852317 49.082569 48.224771 48.915240 53.195442 50.421822 52.389692 45.888959 50.398134 51.356755 45.994571 51.067626 49.588131 51.076640 48.909078 48.025270 48.217237 49.331157 50.004037 48.661952 51.067451 47.323302 50.150167 47.070111 49.439367 44.025525 48.739307 47.479984 53.021588 48.356558 44.537681 51.097866 45.478258 49.378557 48.252458 52.037400 51.445935 46.054252 53.418236 49.122047 47.243641 50.248756 47.313545 54.629455 50.104084 50.348028 50.076692 50.942241 50.615446 50.382685 47.237750 48.820918 53.205842 44.877842 45.911438 52.367975 49.607509 52.553544 50.299754 48.961556 49.786073 52.979061 49.273254 49.246578 49.516794 49.742986 47.988944 49.078834 47.205729 45.007644 48.632369 48.061846 49.316521 47.393764 49.205914 50.344036 52.043472 46.231448 49.894623 47.679660 47.734852 48.132168 51.259160 48.084040 48.023614 48.809393 50.571104 53.103911 47.493923 51.033608 47.507073 47.898412 49.392840 49.322475 50.975544 49.378539 52.621453 47.738792 47.289195 51.426990 47.797428 51.578232 48.202727 52.882402 50.422963 51.543832 47.526689 47.461088 51.874245 47.284461 51.762988 52.033699 50.446228 52.375271 50.300751 52.229615 47.981098 48.153520 49.402054 47.980979 49.532025 54.362272 44.957282 49.986496 51.069294 49.959159 48.670608 52.118881 44.385277 52.224395 49.612043 46.664328 49.512517 50.022393 47.788026 53.121610 52.005417 49.826098 48.002337 49.764176 48.246809 49.275395 46.804979 48.471300 48.488913 46.528276 49.239586 48.913048 47.481098 49.656621 52.483651 51.872451 49.009527 45.300835 46.517298 46.690776 48.385126 50.996524 49.870958 47.070445 54.824872 50.592891 45.295553 52.973161 47.741612 52.641487 49.452596 45.190444 
40.323384 45.287843 43.204742 44.907975 43.607866 43.319870 46.128769 45.300303 46.272379 43.647456 44.311573 45.251234 43.210774 44.307489 44.939608 47.031680 45.582461 43.262831 44.365145 42.475864 42.021027 45.635308 45.381934 39.813576 46.930798 47.282820 45.064973 45.484255 50.498437 44.750483 44.704308 44.039277 42.105446 42.518729 46.902961 47.449121 49.504618 46.641326 47.303265 40.956041 46.879212 45.840805 41.338807 46.548445 42.798485 46.683243 46.894083 42.108922 42.887059 44.629172 44.042205 43.947176 48.350618 43.087622 42.913769 43.147336 45.006102 39.309825 45.671450 44.683694 47.613145 42.706985 41.355247 43.832011 41.526170 45.508626 45.160135 46.875547 46.494309 39.479474 45.297223 44.587036 41.761668 44.695052 41.900460 47.835244 43.568925 42.789997 47.405826 46.129075 46.153269 46.363405 45.335747 43.625570 47.971509 41.470173 41.612869 49.991771 44.832483 46.288287 48.591026 42.657272 42.526385 46.173085 43.705793 46.061494 45.269597 44.073198 43.791793 43.401179 46.488587 40.397582 42.625717 44.465697 44.919559 42.627001 45.477839 43.059080 46.878367 42.217575 45.623638 45.131869 43.706379 43.858902 47.486785 46.592509 44.250536 43.896697 45.293383 49.552628 43.768244 47.045109 43.545224 45.489785 44.028030 43.797745 45.794959 44.023277 47.733221 46.668516 41.943182 45.311220 43.786297 46.851493 43.264977 47.817632 46.117047 46.977565 45.802286 40.952231 46.699355 43.265990 47.291557 47.909779 45.842345 48.250075 45.236973 47.781749 43.832053 43.750916 44.201645 42.034011 44.721738 48.510610 40.582935 45.563431 47.682089 45.897745 43.013809 45.478460 41.483726 49.172167 46.174485 42.484662 44.695246 45.091450 42.602539 50.429120 46.006443 44.254965 44.594945 46.609954 49.206536 45.879832 43.913600 44.155953 45.082653 41.100067 42.922455 45.350043 42.593448 44.732542 47.643055 44.821724 46.766760 40.520793 43.107049 42.426266 42.797797 44.690821 48.082220 42.140883 46.614966 43.097937 43.272495 46.777259 42.446047 46.358185 45.874479 40.957612 
48.080647 49.982995 46.789694 49.766250 47.172349 46.550183 49.433145 50.008896 51.241624 47.167007 48.395988 48.192689 48.518500 46.596337 48.250125 50.539575 48.873751 49.335623 47.225621 49.471191 49.442902 51.453517 48.583672 46.635535 52.341804 54.148176 47.575734 49.990559 54.075933 47.839705 46.688201 48.567793 45.414881 47.420492 48.304499 51.448566 51.345631 50.949975 51.460845 44.449298 51.918261 50.060286 47.447234 47.130429 47.964829 48.674006 49.174946 50.040784 45.761998 52.522636 51.454381 48.181409 49.354970 47.771475 48.532072 47.589655 48.117124 42.779771 47.489769 46.629323 52.092083 48.124048 43.718577 50.981739 46.000861 49.486340 47.183160 53.589794 52.040083 46.035140 49.508877 48.563175 47.169834 52.824399 47.108931 53.361525 48.128895 48.794070 53.608131 50.659683 50.245615 51.160931 50.834631 46.403772 53.407907 44.764591 46.063303 50.871744 51.631474 54.406093 49.741177 47.062053 48.528462 52.643288 47.932380 49.201317 49.572440 50.652287 50.229428 46.591567 50.009666 43.918801 50.408775 47.193238 48.783720 46.996885 50.304898 50.633894 52.138723 49.282080 51.097047 47.827161 46.494267 47.449497 52.786820 49.404486 50.093315 48.338868 51.286411 53.933504 47.446142 50.531809 47.923774 50.036243 49.110126 50.308358 50.796500 50.524940 50.744636 48.726595 46.430785 50.861266 48.433040 53.633828 44.581673 53.003895 50.095903 51.030320 49.270904 45.252447 50.041095 47.752467 52.410212 52.563016 47.766328 52.391721 48.046274 51.965494 49.984527 47.635224 48.649746 46.761751 48.076534 53.614773 44.788978 52.838968 51.126609 52.113021 47.358216 52.064899 42.760234 53.352376 49.163163 49.926861 51.597976 50.819318 47.393610 53.482034 52.776230 46.656826 48.856510 49.114709 51.830870 50.017767 46.707463 50.384022 51.089290 45.486281 49.632228 49.767020 46.565993 49.665927 50.609143 52.305871 49.839685 46.458273 49.946999 47.000217 49.135680 50.816775 53.450039 49.484185 52.382517 49.027556 45.553451 52.474995 46.622011 53.706582 48.196042 44.357367 
48.895555 52.486105 48.516110 48.480635 48.346531 47.695750 52.891747 50.208575 51.627913 48.357259 49.765517 48.543192 47.116635 48.261505 48.220075 50.678267 48.809123 47.727704 49.425405 50.029259 47.675990 51.290718 50.094383 45.848635 52.491185 55.532151 48.301572 51.000592 57.133308 51.602330 50.608599 48.807475 44.668088 45.961227 49.688047 50.018174 51.526561 51.072650 52.155143 45.985663 51.415158 50.821917 44.388358 53.502201 48.741773 51.336690 48.682207 48.802667 47.401852 48.410345 48.463917 47.561977 52.839499 48.892320 51.384090 44.990785 49.914012 43.037035 48.392461 46.684614 53.746713 50.189446 45.872081 49.357492 46.405977 50.692352 49.592575 54.986679 52.769917 47.491621 50.483208 48.796224 48.824737 49.449469 48.787993 52.417641 46.507566 50.676327 50.694747 51.792621 52.038389 50.699636 49.742819 48.065737 54.157025 46.126343 44.992199 55.560160 51.764584 52.838962 53.012720 49.774892 51.786878 51.907364 50.729963 50.400713 48.658864 48.706939 49.256287 49.451712 49.473635 43.144855 47.992183 49.269591 49.422083 49.838816 49.532105 49.100057 51.226693 48.435395 51.620168 50.536747 47.225222 48.391282 54.872312 51.337154 49.797718 48.646775 49.407468 54.512173 48.748142 51.464306 48.420676 50.776481 49.388442 50.137836 50.394125 51.009522 51.453279 50.649156 44.823090 51.719559 49.479052 54.242484 49.081112 54.553339 49.996776 54.259497 52.236640 46.621962 52.387098 48.187277 51.396552 54.756592 49.692395 53.236011 52.168453 52.427701 49.801552 49.304722 46.591887 47.776771 50.306893 54.893421 45.856670 50.484823 52.761850 51.992605 48.537789 49.874411 44.427851 54.929119 49.408103 45.552643 51.343051 51.732575 46.232184 55.492571 51.535984 48.518577 49.294167 50.857105 52.929250 48.901058 50.551794 48.873643 49.303329 46.661167 49.061674 51.388462 46.685220 51.910445 54.211112 53.105528 51.869394 44.656109 49.275877 46.838185 49.015538 51.113050 55.307078 47.076607 51.585900 51.146926 44.140942 52.319369 45.505880 51.504561 48.693799 46.207353 
47.741781 51.480089 52.480109 52.250832 50.775935 51.657974 51.798244 50.023202 54.947350 48.515354 53.426080 49.045648 50.042086 50.007838 53.218664 54.029696 50.427957 49.397467 49.726222 50.476032 50.138163 53.809160 49.715058 47.919752 55.146426 54.324399 50.526093 52.473867 59.029076 49.660633 51.361300 51.507363 50.930441 52.197372 50.532472 51.917930 56.315190 55.733232 55.993221 49.459039 51.481437 53.164205 47.749207 51.237842 50.121647 50.500871 52.020493 51.955083 48.931928 50.700252 52.618716 50.748901 51.082024 49.595462 49.874559 49.057725 49.512812 45.310771 50.980614 47.355302 54.649932 50.289145 46.565084 52.570837 45.124541 49.048122 50.668528 52.286543 55.091011 50.239877 54.090270 54.860220 46.824267 54.837527 48.984697 56.525775 51.772319 51.776571 52.920973 52.511797 52.234116 51.992377 52.520390 47.495980 53.513999 49.468637 49.937547 54.344740 52.860832 55.085699 54.084217 49.068467 52.337296 54.298220 51.116559 53.083326 51.439640 49.609365 49.814920 50.918088 51.337463 47.110251 48.404330 48.037729 50.255184 49.858741 51.787954 51.229371 53.039127 48.905578 52.071291 50.215345 49.222220 51.866826 53.879563 53.068078 52.895549 50.648461 52.473839 56.116232 52.326475 55.699546 50.799250 52.272021 49.540112 52.555234 52.225145 53.038288 53.483952 51.622064 52.608152 53.728076 50.072613 55.215378 48.579379 53.930168 49.929206 52.276520 50.829717 48.831503 53.179090 50.773694 54.243692 58.495786 50.611252 53.632156 52.449307 51.864732 53.780695 49.381315 53.527324 48.984173 50.941093 56.763171 46.123855 53.901076 51.903657 52.381023 53.002041 54.107841 46.640333 55.683707 51.226688 49.554251 52.656795 52.318991 47.390240 57.709766 55.379615 48.703090 50.453534 49.470503 55.027209 50.074742 49.285122 51.025051 53.566094 49.367141 51.405482 51.408179 48.355887 50.084400 53.141841 55.147886 53.041303 47.135755 49.069951 50.033707 51.001270 53.203860 55.283651 49.739510 55.493195 51.758164 46.079748 54.905029 48.448992 54.373985 51.079566 48.701662 
41.411485 43.668853 44.058634 44.145217 42.189570 42.295746 45.716640 46.562900 46.283302 40.508925 44.430391 42.554208 42.013521 39.536762 41.095533 43.196711 40.022055 42.407923 40.249593 42.196673 39.505399 44.670320 42.365825 39.560800 45.014422 46.652141 43.452843 45.505251 46.658268 42.907737 41.728703 42.721966 39.973580 41.277286 43.938969 43.640154 46.563036 46.308454 44.326505 41.214230 42.624700 45.705098 41.675252 44.483914 42.527133 43.137904 42.332454 41.519822 41.044627 43.470113 42.898788 40.773660 45.418308 41.579926 43.317502 41.678258 41.989719 37.662078 44.318995 39.858611 48.220355 46.179835 37.382103 44.391650 40.394649 41.633514 42.772725 46.007080 44.920826 40.041108 44.972553 43.922648 42.076169 44.466492 40.244307 46.791949 41.248758 43.039840 47.711860 45.109987 43.973798 44.344427 42.219321 40.014310 45.697642 42.567598 41.722293 47.340963 43.619200 47.007617 43.039121 41.710501 42.262061 47.119288 41.347298 43.041274 41.680273 41.901532 43.966166 42.492898 44.986017 40.741847 40.782966 43.185340 41.006839 40.511446 42.380900 43.702786 46.732134 41.191598 43.131994 42.119074 40.578231 41.014967 44.623794 43.515539 43.498725 44.289029 43.965804 46.370298 41.358645 44.424836 42.687195 44.351217 41.138888 44.725729 45.878266 44.326338 45.431349 41.662949 39.980674 44.284923 41.447140 46.377924 40.549033 46.632898 40.519705 45.873954 44.874003 40.906175 43.365291 42.130315 44.527666 46.230237 43.402659 45.716934 42.786540 45.465118 44.963368 42.189666 42.778497 42.432738 42.771126 43.792907 38.995283 46.267971 43.897371 41.838023 42.831668 44.099579 38.765984 45.452888 42.646663 41.992187 42.934853 46.272372 39.039169 47.916360 46.168135 40.001007 42.584718 40.934813 47.875233 43.568795 41.501972 42.931222 43.043978 39.853402 44.104558 45.615641 41.475340 42.188301 45.500462 43.442066 43.980115 39.435329 40.379146 40.951810 41.560458 42.982846 44.346368 40.668922 46.223250 43.374952 40.549952 46.397208 39.645204 46.431720 43.207161 40.536573 
50.543231 55.437403 52.155363 52.041680 49.134004 52.758222 52.569818 52.628675 54.738876 49.566712 54.919064 51.676632 49.139257 49.613409 50.502556 50.823560 49.739607 51.553512 51.365615 53.155289 51.004976 53.456002 52.867778 47.497236 54.204470 58.296354 51.071764 54.121466 58.635964 50.313603 51.141074 50.981567 48.607704 52.605261 49.045699 54.096576 57.457816 55.530100 54.231549 48.452195 54.651906 52.485490 47.308182 54.428925 49.731761 51.524675 49.860101 51.756785 49.192404 52.999121 50.806487 51.654674 54.666968 49.328855 51.015262 47.931060 51.305540 44.767738 52.630591 49.366943 57.643359 52.764838 47.788523 53.851405 49.423356 52.461668 50.853044 55.203044 52.125075 48.363635 53.631733 51.969710 50.291839 52.324775 51.323783 54.911932 52.581276 53.281348 55.730246 51.549041 49.817248 54.096398 52.633104 48.259809 53.818242 49.088984 50.817183 57.695294 54.519395 56.151283 51.937802 50.602861 53.448629 54.073604 50.444115 52.409239 52.087359 51.745980 51.599521 50.012339 52.718484 48.704334 51.051526 50.954386 50.725722 48.151622 53.857369 49.770750 53.332215 51.292596 54.828699 50.803290 52.120925 51.270119 53.303195 52.279729 52.567094 52.347023 53.705523 55.345859 50.967501 54.126236 52.162554 52.580565 49.750750 50.949147 51.918880 52.203348 56.125801 53.604598 48.802225 51.853258 50.581824 55.101730 49.796841 58.046069 51.086180 55.672143 51.315728 48.763426 54.526299 50.380173 56.690814 54.513241 51.591388 53.979809 53.707196 55.100574 53.646581 53.354527 52.060613 49.981224 51.387672 55.393879 48.720308 55.810319 55.730361 52.547511 49.463160 54.990897 49.087831 54.989945 51.572864 49.503407 54.751022 55.014321 50.063625 55.931450 54.493935 51.288647 51.564695 52.811211 55.867062 51.854093 51.501883 52.767762 53.507931 46.936449 53.859195 50.712235 49.373552 51.603308 54.729774 53.884054 51.998148 48.421073 51.041525 49.812563 50.323659 53.184192 53.440419 50.822922 53.961442 54.332135 48.216823 54.749976 48.795798 55.941502 51.136538 49.005143 
46.832615 52.450212 50.608921 52.414823 48.334045 47.532643 52.201716 50.382424 52.026062 49.715712 50.523363 48.558650 49.346230 47.260671 49.831270 51.605446 50.213960 48.640686 50.634419 49.639082 49.204057 52.659756 50.509352 44.954000 55.022547 54.669125 51.771911 51.482234 56.717589 49.227140 48.455327 50.996073 46.816955 50.388678 52.510386 51.923036 55.737806 52.191390 53.592335 47.709447 53.468648 52.783688 49.618641 52.762896 50.417742 51.957082 49.672846 51.991757 48.494379 52.507730 50.334835 49.265006 52.877326 48.675028 48.885971 48.887511 50.269089 46.586647 51.134150 49.990062 57.662267 49.974876 47.473533 52.128773 49.247753 51.219325 50.070433 53.652200 54.812445 48.615599 51.810090 50.146731 49.682497 53.396283 50.688897 56.976134 50.140089 48.724488 53.447460 54.359647 53.174753 53.370386 49.770935 47.367426 51.800660 46.741738 47.501758 56.642925 51.144821 53.520108 52.201485 49.974419 51.557016 53.429615 51.181324 52.752755 50.577760 51.541955 49.223134 49.165780 51.466922 47.195798 49.560269 51.693234 49.246417 49.669877 50.464140 52.023080 52.957777 49.173630 50.479173 51.773815 48.497613 50.946743 55.006370 52.542678 51.503718 50.777566 53.179321 56.780285 49.616737 54.880843 48.911909 51.735597 50.663771 51.921884 53.962776 51.830344 53.484389 52.085777 48.980079 53.664292 49.868946 55.542910 49.655007 55.216330 51.544885 53.969972 53.677233 46.770811 53.479760 48.960951 54.030783 54.514259 51.467189 55.922654 51.407485 54.483261 48.600825 49.502505 49.150347 51.312588 51.095062 55.947195 45.921712 52.452462 56.077352 53.294761 49.515401 51.770739 46.872445 54.770842 52.319022 49.349553 51.625263 51.502674 49.152002 55.832519 52.384139 49.232185 50.805314 52.737169 54.987616 51.451007 50.167795 48.309141 52.142754 48.925628 49.199698 52.781431 47.426718 51.707759 55.676626 51.957410 54.866994 48.036374 49.660522 48.579220 51.267981 51.521473 53.766808 50.433090 54.143388 51.437601 46.398050 53.603973 50.014944 53.575201 51.370560 46.265038 
48.153945 50.909607 50.038565 55.038232 50.694519 51.709785 53.360024 53.212936 53.291989 50.932271 50.656586 51.818197 50.723337 51.540414 53.518975 54.460208 50.838892 51.146232 51.127083 51.157761 51.028902 54.784984 50.258852 46.482325 53.698848 55.172076 51.626255 51.626194 58.957163 49.843070 49.174167 53.138530 48.762306 50.750768 49.949465 51.738826 55.789766 54.539911 53.372362 47.191964 51.482607 55.417111 48.031631 52.076683 52.154579 53.015246 50.135613 51.373275 47.804038 52.682522 52.557319 50.905835 51.989765 48.247565 53.152003 49.592168 51.827633 46.025861 51.763795 48.046875 58.415001 49.519700 48.061892 53.373031 46.428219 50.977875 53.075844 56.239009 53.751960 48.011505 52.305668 49.143062 50.896979 53.376367 51.453006 58.400557 52.107465 52.802928 53.730057 51.269064 52.360799 51.267720 51.483975 46.837330 55.244742 49.040828 47.968787 57.299753 54.917816 53.763082 54.550388 49.297264 55.224642 53.802565 52.076463 51.128227 51.236323 50.926094 51.105245 51.931489 49.891980 47.065305 48.997853 50.017148 50.648321 52.460155 52.119808 51.586530 54.214156 50.182847 51.969087 52.176910 50.000263 51.629850 56.383511 53.089109 54.378290 51.021370 51.667396 56.048313 49.003511 53.283480 51.471218 52.981379 50.402500 50.897133 53.288479 51.869718 54.276683 51.451824 51.516303 53.040870 48.768743 56.013086 51.061227 54.979625 51.332035 52.894664 52.444639 46.170675 53.538078 51.401411 55.228183 57.611852 50.710169 54.996523 52.617033 54.902253 52.701239 50.801971 51.479692 48.399898 55.355067 56.253918 49.256694 54.838575 51.971706 54.845890 53.242551 52.597347 46.258160 56.664580 51.369937 49.106124 52.440843 50.914904 50.070124 55.032853 52.236514 50.147182 49.235780 51.843151 53.083431 51.741226 50.541347 49.164995 53.479132 48.433063 50.352910 52.791355 50.834762 52.104307 54.664422 53.546061 54.102814 47.447756 49.936355 51.220341 51.251039 52.798670 55.941516 49.979373 55.722633 53.027950 45.155199 55.946589 49.813231 52.940271 52.138767 49.050727 
53.635698 55.991572 53.766950 54.661931 49.786342 52.768406 56.208314 54.349466 57.113415 51.195256 55.840771 52.460306 54.382006 51.479888 56.296629 55.432781 53.558967 54.537119 51.086851 55.882459 52.663684 55.271844 55.357019 48.883659 58.755107 60.239816 51.083818 57.065060 61.626432 53.529290 53.141882 56.378266 52.646643 54.877108 54.419997 58.754089 59.777558 58.371597 58.672965 51.766343 56.310374 56.353755 52.200394 55.064364 53.456902 56.039298 53.654195 54.121296 48.470813 56.531363 54.755968 52.827022 56.705590 53.492272 56.226930 51.825033 52.911217 48.753036 55.623518 51.846340 59.298742 53.717677 49.744825 53.748773 50.797515 55.841266 54.620886 58.359802 55.847682 52.032195 53.856079 54.941849 51.783622 57.904959 50.912848 58.892343 54.113411 54.731914 59.420350 55.519530 54.872933 53.140349 54.990182 50.017575 59.328684 50.886186 51.355870 59.950746 58.853668 61.447330 54.198202 52.966793 53.194154 59.629793 51.057118 56.480481 54.773887 51.757768 54.978038 52.573579 54.309186 49.848506 51.941545 53.413107 53.679324 54.239524 55.079135 53.934705 57.654511 53.576209 56.501991 53.256036 52.167489 54.821713 56.951028 53.732444 54.155984 53.392166 56.311657 59.852500 53.893848 55.685499 52.852427 57.202178 52.426063 53.362704 55.787085 54.065351 58.905645 52.856855 49.078141 55.272215 52.586703 59.743425 53.267983 59.938534 54.392940 55.906069 55.951964 50.532569 57.502187 53.118727 58.335733 59.038302 55.050273 57.940872 55.670344 60.409720 55.153354 52.739790 52.772925 51.785999 55.827164 57.824450 51.610734 56.381727 56.398794 56.621587 53.638959 56.325848 49.359649 55.545180 55.124408 53.448249 56.437650 54.849565 52.598013 58.441274 56.063011 54.280327 53.164567 53.904767 58.753825 55.056833 54.246948 53.866443 54.843409 49.797073 55.547466 56.564493 53.001259 53.797088 58.903842 56.512905 57.974678 50.862415 51.250531 54.347580 52.013391 56.099520 59.524926 51.179200 56.952066 55.516126 52.073058 58.303335 51.067080 56.213393 54.241752 50.456406 
47.193390 50.673094 50.063171 48.446473 47.354290 46.228142 49.075598 51.175777 50.722026 44.294432 51.247258 46.326292 49.971004 46.882763 49.609944 51.470467 47.505979 45.943209 47.087769 46.715581 49.251906 49.929784 47.989781 44.098411 51.537356 52.148175 47.456398 49.629799 54.783550 46.446937 48.062899 49.132377 46.737797 48.014253 49.584448 47.513985 53.246576 50.921252 53.615992 46.603447 50.876345 51.512621 44.855005 50.471584 48.017512 51.214784 47.729436 49.457510 45.052129 48.039699 48.140095 45.564135 49.986997 46.834655 47.644126 47.391995 47.625466 44.066150 50.022352 48.027720 53.009418 48.478118 43.703647 50.983735 45.216920 48.618933 49.151526 51.899235 52.304153 50.104389 50.019748 48.155798 47.683246 50.600031 46.917095 53.633058 47.785780 46.398066 51.693844 48.461347 49.859187 48.228286 47.333117 45.453595 53.551190 45.686541 44.243982 52.612570 50.323351 52.974709 50.550319 47.160287 47.442866 52.435891 49.505780 49.182313 49.113854 48.431208 48.686021 46.788142 48.576177 43.091395 47.070957 48.467146 46.326631 47.623377 48.739041 48.795792 51.626195 45.025107 50.123430 49.547257 45.198743 47.829311 51.099313 48.898660 47.060860 46.108881 49.397361 53.521294 48.036543 50.356753 48.433161 52.025389 47.543424 49.472448 49.183713 50.278554 52.117400 48.699611 48.427415 49.706496 46.570845 53.734072 47.780602 52.386042 47.057635 50.605465 49.045399 43.984536 52.334298 47.099234 50.941207 51.908824 51.534589 51.666063 49.409364 52.929087 47.854759 46.059635 46.964483 48.505109 50.219862 51.960448 46.692978 49.853451 50.351083 51.201203 48.311312 51.219119 43.716563 51.933305 47.341091 48.620889 50.195545 49.995249 46.853851 53.005317 51.957801 45.860443 47.939636 48.666597 50.783774 46.340220 45.833243 45.472929 50.269183 46.886365 48.909981 48.030348 44.080377 49.041767 50.656210 50.670592 51.267556 44.434706 48.696384 48.405402 49.279975 48.322479 52.611150 46.787476 52.174015 47.663993 46.222205 54.889031 45.190758 50.922065 47.979803 46.312254 
45.673706 50.092125 47.822262 49.600552 44.243779 48.702064 49.045814 48.309934 51.727161 44.897847 49.385375 48.983850 43.995573 47.288471 48.107058 47.892575 47.529883 47.495753 48.632639 47.340967 48.643503 48.436152 47.900028 45.390164 52.046569 49.137535 46.188277 48.532900 51.798428 47.026895 46.508383 47.120020 45.491681 47.100347 48.454127 47.418038 52.433495 49.922889 51.398716 43.612786 50.324981 48.565215 41.428282 48.036314 46.138918 47.155332 45.439058 47.456766 46.417413 48.294754 47.566062 46.164520 48.762744 46.615116 48.288270 44.528970 47.189659 42.596847 48.670872 46.058768 51.993119 47.935592 43.530731 48.819182 42.971722 46.687349 48.387573 50.731999 51.562538 46.264076 48.534822 44.852331 46.102903 48.712880 47.622872 50.353999 49.223263 46.295167 51.044242 48.767163 48.690014 50.608770 49.533337 44.788231 49.996835 46.690617 46.040070 51.952467 49.545499 48.874648 50.381677 45.090488 49.994873 49.651206 49.073543 48.229381 47.525511 45.586706 45.893484 45.534043 49.391130 44.103794 46.309667 47.830041 44.789375 45.831815 50.391758 46.676560 49.804966 46.942747 48.484766 47.787854 48.369179 48.425642 48.603664 47.180071 46.636348 48.547123 47.938947 51.007168 44.469398 50.471440 49.016600 50.203112 46.186409 47.076073 49.037057 48.055627 50.800271 46.329417 44.375359 48.809733 46.549898 51.647635 48.361556 52.205256 49.768778 51.890081 47.492948 43.823847 52.332415 48.338725 49.164104 48.845167 46.467608 49.460592 47.722748 51.371986 45.471541 46.139907 46.356252 48.582348 49.010966 54.400094 45.682126 49.100542 47.709425 49.893802 46.369758 49.012413 43.876430 51.592543 49.368424 44.457701 49.121399 46.237001 47.230465 49.328596 49.993991 46.008133 46.592158 47.771442 49.611790 49.181358 46.115935 47.984702 49.145210 45.795664 45.829434 48.875887 44.683180 48.093770 49.648908 48.709540 49.287922 43.433598 46.479985 45.246500 47.790123 50.844061 50.403552 45.530938 51.316992 47.117722 43.921854 51.399015 43.716435 49.492252 46.486371 43.270486 
46.357059 48.142329 46.582167 48.268653 46.004204 46.822945 47.410176 48.199805 51.630184 46.781539 48.583033 46.090785 47.079425 44.925412 49.364293 46.512389 46.543258 46.897098 46.429760 45.400197 45.574467 47.615019 47.613051 43.064133 51.814846 51.477874 46.536897 47.647943 54.309634 47.132269 45.982894 46.258717 45.379835 47.764220 44.136980 49.280795 49.536730 50.582861 51.073503 46.241711 47.379550 48.253271 44.533346 50.357967 46.433873 49.375815 46.201709 47.168431 44.076433 48.698385 49.637677 44.679827 48.212011 43.480458 46.906671 46.190970 46.217037 43.172956 45.332639 44.682380 49.775769 48.021553 39.186183 48.244954 42.498529 44.647299 46.236536 51.132966 48.237870 44.998735 48.399826 48.300390 46.523910 48.907986 44.095782 52.332702 46.667048 46.218287 53.005801 47.800120 46.523598 45.885433 48.076373 44.735659 51.408048 43.728114 46.275265 52.590042 49.847402 50.170107 48.077984 46.839915 48.283147 51.881288 46.498180 48.758823 47.067229 47.390052 46.069833 45.401863 47.755472 45.658904 46.727965 46.411355 45.410242 44.469521 47.422139 48.240134 51.075878 46.342412 48.651468 46.417089 45.349311 47.161898 49.782674 45.780609 49.419067 49.016991 49.307952 49.707156 47.665772 48.995128 45.891280 47.197095 46.925618 48.925545 48.188787 47.835483 49.632406 46.923644 42.802893 48.187926 45.764666 51.286054 44.470890 52.632980 48.405899 48.640583 48.867261 42.581443 50.520652 46.021645 52.303064 53.262504 49.213542 48.880838 49.558714 49.838416 47.653733 45.849751 46.498021 45.195037 46.054036 50.521096 43.950099 49.553490 48.423805 45.711249 46.377807 49.095888 42.566258 50.860819 48.619274 45.711343 46.637500 48.319118 45.054283 51.515755 50.209133 45.123078 43.816648 47.195971 51.106314 45.417337 42.609279 47.444766 48.486752 46.291822 47.904626 48.122676 45.528750 48.311726 50.123994 50.368888 49.148402 44.196924 43.086842 46.574506 45.758570 47.135898 48.617600 45.215210 49.640202 47.684425 46.747954 50.397462 44.679549 49.177078 49.662603 44.939430 
46.219344 51.290900 48.249469 49.430615 45.153204 46.589092 49.224844 47.125281 51.284188 44.508493 47.835673 47.131229 45.187931 46.823121 47.674863 48.764216 47.563681 45.955852 46.310708 48.084696 46.534754 47.949843 47.225241 41.942067 49.369318 53.007097 47.003383 48.988193 54.359459 46.797080 46.158939 48.631592 45.312295 48.304505 46.723035 49.860357 53.886852 50.993519 49.557014 45.809588 48.223853 48.419808 42.788940 50.179696 43.882558 48.346032 46.599465 45.936300 43.777509 48.758936 48.990955 44.657251 48.492854 45.599835 45.223310 47.381511 48.040344 39.096417 48.457785 44.573613 51.395710 46.463306 43.229326 48.850576 43.482823 46.453337 47.614941 51.433862 47.477262 45.120326 49.913613 46.930277 45.762819 50.032711 46.421210 53.352053 46.861170 45.179467 50.473627 47.114925 45.302199 47.040282 47.220603 47.299148 49.204691 45.524376 44.490996 51.339074 50.405829 49.783089 48.342942 43.393210 48.284101 50.423362 46.332249 51.257275 47.607248 47.694099 47.796127 44.523080 46.521878 45.171609 46.299320 44.519148 46.711032 46.676963 46.286956 49.509683 50.202901 45.467771 48.979183 46.929391 43.895551 48.206444 49.409145 49.273646 48.166513 49.205604 47.487570 52.641501 44.084106 50.087911 46.772257 46.665989 45.668752 47.114086 49.475862 48.500051 50.204610 48.192096 45.334033 48.102560 44.402504 49.978662 46.082033 50.772771 46.025417 48.775452 48.230493 44.100561 50.324229 46.188025 50.664708 50.716014 47.563046 48.844115 48.634172 50.104683 48.592225 48.597786 48.561132 45.990686 47.300962 50.666218 43.405362 50.400211 49.018726 47.070519 46.787813 46.958112 44.287421 50.267217 46.663111 45.886376 50.903909 47.143574 45.621172 52.300488 49.993523 46.543203 44.915744 46.967385 50.145933 45.951807 46.490835 46.800084 49.157267 43.265542 48.199513 49.816864 47.264583 47.929193 47.563485 51.404376 48.609234 41.351898 45.752908 46.311211 45.963020 49.267240 48.626755 46.260904 49.475189 47.213072 43.646022 50.977967 45.365037 52.412960 46.186012 41.725203 
46.888260 48.197882 49.683612 49.140169 45.450034 46.093550 50.387691 49.647698 49.550580 44.631861 47.875831 50.344022 45.116766 47.104431 47.898090 48.505654 47.974366 45.786963 46.990506 47.968523 46.275030 50.157115 49.797438 44.657176 52.098631 51.332900 45.711849 50.082439 53.816859 46.919369 44.684267 48.045571 45.501061 46.535635 50.255308 46.429898 51.135624 48.846729 49.181839 45.248094 51.405895 49.523507 45.131723 48.876747 46.536402 47.215040 47.968497 47.317982 46.251736 48.054630 48.330466 46.755617 47.251603 45.441778 48.115335 47.185935 47.078681 41.278560 46.764557 48.027322 53.258129 47.530263 43.768068 48.594429 44.575231 47.605982 48.795578 50.650534 50.032556 45.395036 48.438479 47.777459 46.975181 49.831510 45.924875 52.830204 47.891245 46.430071 51.457853 48.330818 46.827648 49.173550 49.428509 45.942615 52.549080 44.982765 44.561344 52.912470 49.538187 48.713844 50.431500 46.563534 48.892987 50.953894 47.006418 50.322665 46.567300 46.632424 47.329460 43.648211 46.816033 45.974688 47.199137 46.241504 46.629127 44.910658 49.127160 49.503741 48.475974 46.347285 49.775499 47.486418 45.991705 48.347148 49.837482 46.906456 48.064374 47.449428 49.515040 52.061671 47.161442 50.191723 46.284195 49.086894 47.207065 49.156646 49.496494 47.715598 49.384691 48.456041 44.643171 49.821899 44.694983 51.017470 44.107831 53.215467 47.330225 49.932879 47.211391 42.762559 51.611695 45.082452 49.873976 51.769743 48.414350 49.749789 50.404862 50.664203 47.514868 45.677491 47.669716 44.288866 49.117332 53.084296 44.280984 47.204139 50.501766 50.571838 47.480622 46.837549 42.489448 50.644376 49.174646 46.613813 48.172249 47.565663 43.103099 51.590103 52.113594 46.675560 44.811191 49.790755 49.929946 47.085793 44.037113 46.818045 49.877614 47.014612 48.029840 46.928239 45.550049 47.998941 48.627399 51.456646 49.920270 43.169102 47.935884 46.995249 49.399004 48.289587 50.662631 47.428650 48.573572 45.752825 45.288071 51.947089 44.935648 51.957318 46.818365 43.101380 
47.804799 51.839456 49.978432 50.640940 49.619813 47.749103 48.006710 51.077077 55.069535 47.086250 49.217119 50.195594 48.479909 43.372126 48.556098 51.459312 49.522423 48.486825 47.396970 49.859568 47.337272 52.148762 49.765323 45.375397 53.200962 55.232019 52.545498 52.304074 55.588290 49.809467 46.359792 51.176969 44.775894 50.033038 49.179005 47.287242 52.612415 53.109515 50.876207 46.833968 50.226959 53.093276 45.642236 50.295608 47.235113 50.865418 47.712940 48.694050 44.980798 47.973190 49.469049 49.212004 48.957121 46.246326 46.962259 46.422224 48.544105 43.908887 48.491190 47.460827 54.749716 49.845869 46.860601 50.711863 46.645404 50.498157 49.932241 51.810139 50.722482 47.885521 49.043020 47.260443 47.064310 51.320208 47.832124 53.452148 47.802321 47.681528 52.556013 50.356682 48.897657 48.160507 49.548123 46.943508 50.012868 44.396782 45.410158 55.639536 51.903652 53.202063 48.517551 45.944491 50.998128 52.817927 49.889750 49.775620 45.059530 48.595757 49.205330 48.690045 48.792252 44.452309 44.960483 51.035048 47.417733 49.651936 47.487427 49.039149 53.373710 49.145236 48.841570 49.129504 46.958324 47.577467 53.344521 50.474350 49.460131 51.272533 48.796867 52.056974 46.320646 50.251182 48.683449 47.458319 49.673420 49.316287 50.827962 48.511434 52.370698 49.682491 46.405303 49.728206 49.103820 51.835945 48.407073 54.113170 45.800357 51.825458 49.962452 45.190216 51.544889 47.751994 53.117383 55.073002 49.989483 51.574584 49.189152 51.900405 50.201394 49.179319 49.859632 46.807778 50.943086 53.981095 46.665389 52.434496 52.821622 51.736502 47.333793 47.707757 45.064235 53.195650 50.001072 48.378228 48.945314 49.814012 48.205012 55.929042 49.700260 47.612861 47.807931 49.086263 53.515451 49.394191 47.184895 49.284318 51.106594 46.334091 49.555067 51.248113 47.265491 48.314679 51.743371 49.379227 52.171190 44.531255 48.042721 46.695132 48.588605 49.720955 52.369206 49.036498 49.902617 50.149577 44.940117 51.126806 47.217194 51.254755 48.865849 48.749858 
49.970085 54.454479 52.145096 54.989424 49.302660 51.622183 53.022881 50.634352 54.243792 47.666415 50.551977 50.629672 49.313609 50.097654 51.551354 51.254761 52.029919 51.148892 52.203700 52.124178 51.277304 52.563894 51.465926 48.440525 53.535443 56.385068 50.796516 51.512212 57.754389 51.549566 49.372542 51.353859 46.769212 52.601187 50.637498 50.556527 55.152666 52.412935 53.952326 49.169361 53.278073 51.948209 47.430561 53.351293 48.988888 53.015634 50.155807 50.595087 48.930955 52.042332 51.456781 52.572551 53.101838 51.183478 52.708505 47.873156 50.938965 46.923521 52.800347 50.315549 58.740027 51.793348 48.486010 53.002490 48.526807 52.269864 52.301708 55.428240 54.800640 50.726046 53.500990 50.746874 49.106661 55.178799 51.919141 57.366705 52.133744 50.963147 55.411266 51.911858 50.641420 53.673643 53.930814 47.231751 53.684821 47.794221 49.597513 57.736773 52.915137 52.980310 53.283701 48.553447 51.005025 53.887104 50.168206 52.226867 50.648662 50.254831 49.872829 48.847211 49.680175 47.758331 49.395510 52.488677 48.315377 51.485977 53.323741 52.357609 54.433142 52.149214 51.751796 48.479929 48.941359 50.656523 55.879986 51.012168 53.468998 50.469171 51.794867 55.064567 49.933724 54.544696 50.620923 55.828232 52.135341 51.389263 53.278906 52.928200 52.532367 51.665392 48.596512 53.243973 51.871340 56.575153 51.135734 56.050376 51.693666 52.463323 51.872045 46.251447 54.152795 49.862842 54.000726 58.094746 51.344916 52.890619 52.567503 55.762392 51.941742 52.113211 50.999851 51.835134 52.938399 56.676215 50.464628 52.540880 53.378127 53.845092 50.465538 51.820508 44.743804 55.040639 52.340749 51.227336 55.462740 50.030544 49.766922 54.572187 52.894435 50.355288 51.826309 50.753717 55.419891 49.879011 50.490507 49.684651 52.170590 47.941398 51.306390 52.707938 48.801505 50.673236 53.708139 53.083964 53.981091 48.904571 49.596897 50.649253 50.976301 55.357911 52.186687 50.117950 55.163777 50.745638 48.368512 55.580452 48.675573 55.289363 52.684648 46.834371 
43.911303 48.618032 49.008080 49.123221 44.433854 46.424354 50.036347 47.660927 48.432404 45.321542 49.346404 45.952438 44.655413 45.214476 44.980633 48.586531 45.797842 47.487225 48.810883 47.581770 47.834190 51.492685 47.330442 44.425481 48.848293 49.780291 46.937382 49.857557 54.270612 45.937114 45.928454 47.370686 45.363296 46.067761 46.028688 48.411521 50.441828 50.586512 49.765941 45.119631 48.544158 51.207060 42.966432 47.163031 44.076722 47.527727 46.429963 47.114558 43.644400 46.627170 48.424059 44.705099 48.692167 43.574252 47.663869 44.443954 47.359224 42.150436 46.884083 43.191213 51.725855 47.085823 42.373835 47.073630 43.644337 47.198430 45.127967 49.181885 48.647389 42.643236 49.904552 45.643200 46.597143 48.826597 46.713607 52.381587 44.884238 49.407329 52.815621 47.682574 47.544636 47.065218 48.896328 42.915397 50.882941 45.490794 44.021977 53.408030 49.406613 49.749970 48.090903 41.552332 48.493018 49.581129 47.569812 48.600398 46.150995 45.126491 46.260674 45.751648 46.645204 42.542200 46.174965 44.465651 46.973337 43.668258 46.848325 47.868111 48.266283 45.704261 47.210746 46.988051 46.438609 46.597850 50.397975 46.609610 47.890927 47.484428 50.504445 51.867995 45.920253 48.016223 47.200447 48.318734 43.469828 44.916478 48.831788 47.470321 51.953791 45.385630 42.322247 46.818257 45.383028 50.924276 45.184729 50.355658 48.633864 47.832647 46.265725 43.974766 47.883115 46.379544 50.738067 52.810618 46.560112 50.878290 46.339948 50.448356 48.448209 46.179207 47.385711 43.999731 47.924870 52.606630 42.295142 49.281835 48.687195 48.564474 46.918861 47.434532 45.146214 48.379826 45.902575 45.188951 49.092406 48.672702 43.885580 49.892993 48.954707 47.596676 45.245740 48.922556 48.142967 47.255923 45.589198 46.117901 48.453217 43.020918 46.350745 48.449933 46.661581 49.527348 46.349237 50.297255 50.243832 43.695826 44.372559 47.663577 46.967428 45.990681 48.814339 44.380865 50.096677 46.286692 46.509575 49.751569 44.141808 51.565643 47.493879 43.583177 
42.884385 45.720804 44.615831 46.262307 43.080891 43.978138 43.699662 45.180047 48.056059 41.433575 44.475430 44.098339 39.952726 42.277081 44.114265 46.608746 42.641180 43.565253 42.001573 45.361326 42.085826 46.384141 44.605900 39.834859 48.534943 49.795331 42.300302 44.143968 49.935490 42.435686 44.126506 43.278873 41.154117 44.738226 43.973582 46.345447 47.681174 45.226457 46.047621 44.080475 43.961487 47.334785 39.554343 46.620936 42.154639 46.544190 42.591146 44.396036 42.853784 43.278479 44.781081 44.088056 46.533349 42.873120 43.075188 43.354691 43.296171 38.103467 44.365734 42.360091 50.642883 45.346758 40.634213 45.709591 41.947331 43.366654 45.774614 44.539975 45.895654 42.353842 45.610772 43.645347 42.712823 44.339466 43.523074 49.199816 43.402555 42.133062 45.449359 47.388881 44.905011 43.200806 45.637472 41.281304 45.987420 41.161006 41.168639 49.573260 44.416131 48.432442 45.441372 43.163238 44.206810 47.647003 44.335143 46.767246 43.914282 42.171598 43.576758 44.581488 43.158948 41.185224 42.620847 43.079059 42.729115 44.106889 44.429800 45.008771 43.900457 44.031258 44.425177 43.846239 42.052236 43.762312 47.083718 45.612425 43.987933 43.247848 43.913979 46.918561 43.664887 45.317945 43.489544 44.890105 43.375655 44.605765 47.568593 45.289836 46.169575 46.394838 43.134046 45.144266 43.279001 48.296195 42.668439 46.470372 45.206617 45.144939 45.438863 40.529859 47.779040 42.891031 46.407991 48.927234 46.804309 46.816528 45.692511 46.007535 44.967390 43.790181 44.909415 44.285779 44.468736 50.154638 41.055442 46.470890 46.299306 44.728223 43.648357 44.334029 38.595141 47.900756 44.833884 43.389342 45.658701 45.243040 41.642175 49.514334 46.134409 44.501600 44.147113 43.389698 46.189353 44.803086 45.339029 43.350469 45.965606 42.482831 45.562219 44.037423 42.175266 45.627300 46.267709 48.130547 49.961611 40.687228 44.444070 44.125369 44.592523 44.853865 47.036036 44.413412 45.205968 44.818486 43.583205 47.140958 41.409962 47.359959 44.626538 42.101785 
49.235621 49.808435 51.197744 52.099615 49.343010 49.368732 52.630076 53.265892 53.495677 49.410164 52.487053 49.922348 49.083152 46.959035 50.115527 51.671127 48.828620 50.225044 49.901242 49.220592 50.311720 53.504179 50.824247 46.014320 54.342913 54.731801 52.646233 55.117416 59.398111 48.880972 49.887171 52.307348 49.021922 50.099310 50.427057 49.942394 53.334163 55.064030 56.372465 48.063444 54.318473 54.495320 48.096612 53.970077 50.121738 52.980507 50.620788 52.277226 47.588328 50.537529 50.615208 46.107838 52.182073 49.551659 50.030654 50.376103 51.590811 45.359762 52.096929 49.393872 56.437814 50.606812 47.608380 51.359998 46.431460 49.501412 49.429156 54.818027 53.953365 48.573105 52.928446 51.840507 48.981500 51.190788 49.333074 54.216726 49.764320 51.151618 54.753446 51.290967 50.989066 52.164313 50.707645 46.709486 53.951686 47.657007 47.040743 54.732806 52.076053 55.499086 51.339564 48.894905 51.546810 54.970864 47.688618 52.871988 50.302550 52.246629 48.865161 48.686796 49.293433 46.269085 48.911502 49.931599 47.822792 48.205670 51.137038 52.917724 52.650830 49.265197 52.409583 49.925175 48.811997 49.036292 55.200293 50.981263 49.155335 49.878736 49.693431 54.656396 49.933819 51.701446 50.737549 50.721945 50.422927 52.241503 50.906751 51.010264 53.003065 51.525154 48.417643 51.661799 49.038123 53.639729 49.203444 55.558511 49.190640 50.647587 51.451548 48.397351 54.157202 50.028346 52.633281 55.982121 51.208051 52.546981 52.864424 50.898292 51.745586 48.094261 52.718700 46.770140 51.786354 57.179466 45.729465 53.032022 52.361165 53.704741 50.127566 50.447926 45.829873 53.151410 50.326585 48.524114 51.965343 54.033257 47.882488 56.001862 53.197627 49.307123 47.745348 51.333590 51.882274 49.375355 50.662804 49.022985 49.964234 48.115909 50.392337 51.317352 52.206068 53.394194 53.942948 52.294622 53.187705 47.476597 49.646384 51.801226 48.447568 50.429054 51.550197 50.336936 54.636533 51.415596 46.459699 54.908246 47.346059 53.990287 49.821029 47.248204 
46.582597 51.790361 47.454844 49.072741 46.564298 46.927548 50.928126 49.681198 51.400728 45.898023 48.936778 45.328116 45.959419 46.904377 47.399178 50.316227 47.590331 46.946470 49.102220 47.808732 47.818915 52.881248 46.610844 45.883137 52.690164 53.371387 46.695025 50.557747 54.177300 47.859460 44.446507 46.329192 45.275707 48.117302 48.599799 47.252924 52.699940 52.095772 51.797901 45.748078 48.477754 53.975128 43.383553 47.324232 46.747550 48.926341 49.653736 48.822017 47.565253 49.339060 49.097738 48.484804 50.412908 47.808941 46.352262 46.831370 47.918829 43.114318 48.510936 48.405902 53.741370 47.194501 45.320505 49.322229 46.098757 48.422129 49.057591 47.982641 52.348192 47.994425 50.823405 46.839616 46.066737 50.745778 46.352356 53.159777 48.481029 50.188838 49.804711 49.080567 50.608265 49.129562 49.369661 45.489169 48.633868 47.064094 44.371294 52.533971 50.486739 55.479747 51.455738 47.381380 49.075041 51.506715 48.289754 49.379118 47.249098 45.805225 50.895112 48.427056 49.209437 42.825658 48.549880 47.113566 46.952225 46.989556 48.101262 47.870665 51.431974 45.845463 50.157838 48.184732 48.676667 47.121871 52.784335 47.697403 49.599461 48.281596 50.250856 51.857119 48.213396 51.399439 45.111421 49.965198 46.827620 45.913278 51.069518 50.090045 51.446525 47.105976 47.860733 51.465729 49.573552 53.148893 48.127994 52.410226 51.248556 51.751749 49.336222 46.339639 50.910268 46.046224 52.583874 56.761460 48.389150 53.608579 49.576516 51.972592 50.252809 48.050384 48.206425 47.477063 50.728810 52.809408 45.444770 51.890824 52.206496 51.255562 49.649817 52.102858 45.508781 53.595673 49.858644 48.819953 48.747266 49.339129 49.875380 53.000541 50.902661 47.035840 48.476462 48.421801 50.287827 49.824573 49.339641 47.766044 50.130159 45.389014 48.850421 49.358332 47.312685 47.702678 52.674077 51.897416 53.854542 45.356942 48.701826 47.338513 49.190872 50.965154 53.187880 47.945137 52.204937 50.067539 46.793414 49.249675 44.458969 50.100606 49.765855 46.308304 
49.012327 53.105584 52.548484 54.785927 49.439005 50.144131 54.620524 53.370556 52.784949 50.269557 52.510456 49.196764 52.594093 51.309241 51.010954 53.177782 49.699400 51.070089 50.841202 51.021971 51.017819 54.265105 52.370351 48.460716 55.818582 55.583066 51.936339 55.391470 59.154584 51.463364 51.713638 51.125653 48.799273 49.828175 50.403605 50.008209 55.539947 55.811757 56.083893 49.183815 53.209548 53.735271 47.387256 52.819179 49.820802 52.465891 50.912512 52.442763 49.586555 52.985315 51.764574 49.241941 52.227672 49.971479 53.061290 48.926066 50.244460 46.572745 51.517482 48.315837 56.527925 50.039800 50.399660 51.866132 47.621723 50.612801 50.704794 52.857635 54.412057 47.935300 51.926587 51.768880 50.829874 53.405859 49.373684 55.787824 50.025733 51.035965 53.964711 53.634491 52.803377 53.668713 52.132188 48.846766 54.385148 48.787277 47.697922 56.754700 55.715154 54.156888 53.915457 48.586097 51.991525 54.935317 52.700753 53.745420 50.825679 49.899430 50.988599 50.607268 52.579605 46.184311 49.641232 51.248085 49.902331 50.786232 52.507147 50.486306 55.040801 51.392283 49.647808 49.987571 50.164715 50.573496 55.494281 52.181289 50.767574 50.782504 52.409831 56.066628 49.774181 54.625026 51.990372 53.062369 50.939272 51.640025 54.997308 52.544825 52.175783 53.026820 47.995281 49.921776 50.187560 58.295940 51.665903 57.425639 50.504759 54.714794 51.392501 48.415421 54.544646 51.469628 52.834364 56.504996 51.877091 54.831215 52.170650 51.340088 52.517660 51.402166 53.128086 47.242545 51.185537 58.034890 48.400873 53.697408 54.220614 52.392596 52.071366 50.848655 46.229460 54.273525 51.237209 48.679083 53.878379 52.929358 48.019500 54.625699 53.301352 51.027818 49.410364 52.434177 52.401886 53.147121 52.918342 50.053743 51.125692 48.448182 52.183192 52.098955 49.644695 52.545321 53.888259 54.071638 54.035561 47.673962 49.106934 51.560029 53.186546 52.183399 55.214844 50.695555 55.180692 52.384758 48.997554 56.963596 48.388914 55.137337 50.482775 47.827719 
48.976474 51.004201 48.824128 50.583291 44.621392 47.590457 51.832800 50.569133 51.009797 47.826656 48.666881 50.255037 49.317800 48.394415 50.509410 52.156965 46.147936 47.485242 46.722840 49.125839 47.814910 49.174105 50.052079 46.788236 52.583738 53.680384 48.214789 53.236651 57.411605 49.119772 46.996882 48.742698 48.411691 48.551608 47.873688 49.904893 51.995588 52.235422 53.687259 47.052805 50.546075 51.317297 46.263636 49.466976 48.670336 50.269391 49.257413 48.355042 48.194186 48.883405 50.012691 47.993584 51.098505 46.701224 49.118040 47.279581 48.312964 41.694485 49.258945 47.123930 52.851418 50.932181 45.312459 51.310728 45.147968 46.840223 49.285671 52.145572 53.227279 48.471038 51.556875 49.482874 47.821675 52.596714 46.219845 53.856279 50.877218 51.009566 51.422583 51.401862 50.394336 50.599497 50.193241 47.570598 52.499118 46.232094 45.081052 55.459147 50.587485 51.448953 49.397655 47.652664 48.683795 52.618716 49.192253 50.013536 48.858905 50.626521 48.051476 48.477067 49.185392 44.816321 48.843120 47.078752 48.241674 45.482744 48.727323 49.269518 51.396145 48.144523 50.548412 47.784050 47.167706 48.816386 52.188143 49.863488 50.073750 51.261322 51.603943 54.015279 48.881972 51.852457 49.321740 49.833966 49.208599 50.148878 50.792748 51.087079 52.876623 47.111737 46.499049 52.405229 47.692734 52.967561 48.650023 53.615111 48.572809 51.998901 48.558821 47.068474 54.236374 48.202710 50.986003 53.482986 49.469097 50.426298 48.243535 53.022480 49.424851 48.445492 49.552995 49.412659 50.337900 53.588697 46.357968 51.877497 51.857394 51.255779 47.072372 52.911706 43.436427 51.655820 48.617702 47.765825 53.454083 49.320913 47.364408 55.856026 50.825890 48.204327 46.538253 50.950227 53.093098 49.295533 48.132454 48.025548 48.863328 47.040277 48.233218 48.814588 49.116316 50.474964 52.504627 50.997536 51.212963 46.212537 48.649373 48.897519 47.223244 51.206421 52.474513 50.101018 51.745096 49.775767 47.994224 51.180880 47.267385 51.835780 49.647137 44.455441 
48.873485 53.178384 49.241103 53.247672 49.467165 49.590561 55.108900 52.967690 56.153031 47.872554 51.110030 48.628955 50.793976 48.669874 51.658953 52.829628 50.894517 49.791245 50.050041 50.332655 50.430096 54.439526 53.749804 46.962231 54.830483 54.797217 51.881807 51.979061 56.562658 50.788727 50.853255 52.419267 46.860249 51.181929 51.902953 51.786651 56.184380 51.950955 53.444749 48.135401 53.319170 51.870542 47.778410 51.789881 50.137023 52.351386 50.849371 52.611338 49.572979 53.263167 51.588591 50.643729 52.002381 48.625052 50.377462 49.356119 50.426268 44.929492 48.386054 50.864687 57.388269 51.377826 47.241499 52.033010 47.638075 50.108272 52.005365 53.935628 55.800140 50.534776 51.062911 50.767638 48.959449 53.624090 48.803255 58.618506 49.199021 48.960495 57.062267 51.862908 51.751037 52.931403 50.667818 49.479805 53.867964 49.041013 49.740243 54.659101 50.810769 55.437824 54.145391 46.996269 51.657735 53.662344 52.121431 51.179924 50.784143 52.035000 51.216261 51.730781 51.907448 46.731279 49.164135 50.804287 49.577146 48.433238 52.052534 52.395184 54.938093 50.253030 52.039118 52.468079 50.934933 51.723026 54.537575 53.047513 52.485394 51.604266 54.102200 55.665781 48.921014 54.103050 49.277547 53.324761 49.238308 52.460612 52.567011 50.302091 53.236568 51.035995 49.490780 52.176307 49.483191 54.445577 50.087974 54.959591 51.882537 52.696118 52.155659 46.658758 53.260993 49.270740 54.251750 56.209364 50.690242 54.807544 51.791384 53.892675 50.183689 50.547065 51.572379 50.182601 52.849706 56.005695 47.444374 53.170062 53.222886 52.323401 50.636859 53.136478 45.719595 53.829942 51.701761 50.134208 53.738410 53.280968 49.822224 57.152555 54.515719 47.942304 49.322585 51.739311 53.592166 51.730544 50.793854 51.066716 51.434201 48.052306 50.327174 52.398101 48.002596 51.184694 50.979195 53.627662 53.464192 46.588614 50.665543 50.661044 52.468415 51.117243 54.428698 51.720462 54.686067 49.417766 46.798833 56.226978 48.186332 54.291367 52.131984 47.778135 
48.097830 53.736634 51.739302 52.993079 50.070073 49.371388 51.054470 52.961405 54.600408 47.831203 52.131854 50.254965 47.856608 48.283330 54.321942 53.221493 51.393830 49.449653 51.715321 50.434860 49.685331 52.351106 49.663269 48.087171 54.269173 54.554038 49.899238 53.123846 55.367920 49.964017 51.693865 51.594365 49.421586 49.690432 51.140819 51.238217 57.277564 54.724215 53.589091 48.036654 52.196164 55.386900 47.559120 51.374946 48.657944 52.093349 50.911601 52.929747 49.228270 52.056814 52.761503 51.575076 52.778095 52.545076 51.004067 48.511974 51.211645 46.183163 53.912104 49.679467 56.278593 52.176879 48.296040 52.463119 48.405454 51.145778 52.533220 53.564802 54.380606 49.764488 52.296907 50.569394 49.790792 52.259290 48.355632 56.236347 49.998800 52.158297 54.397458 52.793823 53.081342 53.005360 50.790786 49.716777 54.979907 49.936971 47.542775 56.878852 53.835241 54.097585 53.543393 48.418013 51.542965 52.606414 50.369802 52.190675 49.918340 50.416442 48.613023 51.055619 51.041063 46.801558 50.240882 51.564299 48.842350 49.877133 51.789900 52.802792 54.302010 48.276468 52.314374 49.711521 48.440487 53.474284 53.076549 50.508593 49.152269 52.697773 53.765673 55.948327 51.516799 53.784249 48.788114 51.527490 49.672802 49.722671 52.841516 52.671043 54.128803 52.653952 44.809084 53.630621 48.000812 55.893187 50.579673 53.783277 52.973686 52.335890 53.229453 47.294169 56.509923 50.735860 54.502258 56.947807 51.786953 53.183380 52.314879 54.031801 50.836282 49.601247 51.517121 48.992932 52.583466 56.063893 45.521048 54.623237 52.798558 54.075881 51.386458 51.204215 43.767915 53.140519 53.509079 50.557197 53.725057 52.174841 51.053738 56.582902 54.952130 47.120236 49.979805 51.435361 54.706649 51.914409 49.529900 49.547488 51.591499 45.580903 50.778217 53.154052 50.681120 51.936139 52.762682 54.177126 54.959190 47.273295 49.456458 50.044669 51.291651 54.220028 55.393422 48.664022 52.383984 50.618838 48.741476 54.417146 46.805956 53.696018 49.532089 46.500602 
46.894937 50.540038 48.452364 50.461631 46.967817 50.321325 50.263375 49.941947 52.984359 48.338629 51.739339 49.849513 49.629845 50.131559 50.844131 49.516941 47.001476 47.493317 49.736486 48.970677 49.476336 50.436599 47.769294 43.594008 52.465499 56.610911 48.495248 49.979376 56.933911 47.983342 47.409551 48.924007 46.295230 49.229223 46.749285 50.778070 54.297336 52.626195 53.665419 47.947926 52.725190 50.135241 45.886208 51.824193 47.467050 50.480357 47.568039 49.000428 45.953492 49.108534 50.143362 47.746411 51.455417 46.312910 50.081244 47.888014 48.828178 43.293211 50.575972 45.489782 53.773808 48.293056 46.257942 48.934129 47.261990 47.708214 48.773008 52.343226 52.926201 46.267310 50.577899 48.697790 46.056677 50.824603 46.482139 54.527994 48.132274 48.303841 53.267836 50.510123 49.212025 51.547071 50.930432 48.638720 50.956805 46.394545 47.511750 54.259115 52.312609 54.374293 51.460986 48.505148 49.460883 53.585621 47.529609 51.154479 48.880519 49.034904 50.471954 48.459457 49.509800 44.662971 47.339403 48.451170 47.091259 46.651187 49.409879 49.698830 50.504066 48.650793 48.279188 49.039132 46.389242 49.579020 51.613533 50.808631 49.023466 49.554720 49.626857 52.983795 45.467607 50.791618 50.171701 53.126615 49.794575 48.223127 50.420403 51.557830 51.296389 49.455048 45.504379 49.324125 49.205601 51.706847 48.589300 52.831766 49.850397 52.695972 48.034895 45.876687 51.508122 48.295962 52.702544 55.656334 50.240022 51.246673 49.563267 50.754888 50.687020 49.271968 50.150145 49.342135 50.661323 53.714829 48.100419 51.773136 51.277815 51.392331 46.203213 49.923568 42.587410 51.713849 48.866993 48.592506 50.947769 48.027993 47.952352 51.288894 51.264338 49.820270 47.313721 49.333937 53.983676 47.576193 48.343024 48.618392 50.313946 44.243581 50.893733 50.229383 47.215425 49.386639 51.452521 51.547171 51.054519 47.632436 48.004325 47.551327 47.516619 48.556278 54.145949 47.944119 50.816787 50.767727 46.102308 52.986175 43.685364 50.588003 47.689810 43.530869 
46.479163 48.337998 49.139164 50.089551 44.819366 46.819703 47.807596 50.732842 50.002078 46.239336 47.620437 47.768382 45.770111 47.142912 47.348004 49.901472 46.492320 47.168372 47.597547 49.735595 46.741313 49.116491 49.408947 45.748793 51.891141 53.602605 48.507689 51.892899 52.594352 46.549140 47.537459 48.213848 43.831279 47.950131 47.878390 47.375442 50.081537 50.417576 47.127493 47.636099 49.084890 50.482767 43.539723 48.693546 47.533614 49.395762 47.537956 47.816466 48.630600 49.241600 49.806409 46.073008 50.460318 46.652800 48.837223 48.362483 50.432877 40.591001 49.325121 47.664623 55.080588 47.061446 43.531639 49.941194 46.402091 47.199631 49.710329 51.838163 50.917909 44.936406 47.978501 44.572379 48.872922 50.548701 50.334728 52.660878 48.074144 48.421887 50.868775 49.980763 47.803366 49.349524 50.313557 46.362656 49.789737 45.037582 45.308805 55.360334 51.779716 52.074891 51.154357 47.172172 48.948515 52.234752 49.843491 46.750273 48.244605 46.007568 48.329573 48.455654 49.149839 44.132098 48.196610 46.830620 46.320397 46.544501 49.329273 46.854252 49.488092 46.097981 48.252700 47.217482 47.109187 48.690284 48.782566 47.255390 46.894165 48.912369 50.307099 51.333338 48.655317 48.510651 45.728718 49.506726 46.541442 48.086285 48.920579 48.166589 52.045375 47.561748 46.988887 50.462251 47.144680 52.757293 47.691122 52.449075 49.503420 52.813529 49.415827 43.752653 50.883853 45.177653 53.193775 53.198482 48.730298 49.607818 48.032229 50.286050 49.582261 49.189652 48.971722 47.429133 49.502695 50.870030 45.017566 49.608661 50.205036 50.486865 49.354594 49.402820 42.400467 50.697613 46.732554 44.697055 48.968103 50.355054 47.325918 53.344477 51.279435 48.996941 48.628848 49.604609 49.035069 49.804340 48.076485 48.608258 47.905421 47.139088 47.675741 47.461786 48.761369 48.479567 51.860959 50.007073 51.940835 43.884178 48.597509 48.736693 49.732570 48.338128 51.606266 45.872017 49.323693 48.753126 46.215076 49.312350 47.613679 51.797378 49.111522 43.398003 
48.440421 49.814996 51.264493 51.486051 48.518892 49.144372 48.173065 50.682086 52.628220 49.302826 46.299079 49.310193 47.077945 47.939769 50.103190 53.131607 48.745609 50.504559 48.563967 48.104165 48.003697 53.040667 49.862307 46.211358 53.822881 55.327281 47.651552 53.535841 56.653952 48.092382 47.213930 50.887481 47.786319 49.530281 48.975382 49.346748 53.591008 53.823876 54.561801 47.468021 50.385577 54.520056 46.990512 51.780356 47.458708 50.464707 51.218075 49.299149 46.950230 50.197933 51.204357 47.099645 51.160769 51.121961 49.023918 48.662674 52.125938 43.432068 51.997280 49.748339 54.568322 50.118046 47.970204 52.257574 44.709797 48.377958 50.635972 53.645713 54.366737 45.803722 50.608561 47.532554 47.213832 53.404112 49.340973 54.500204 48.043447 51.234882 52.612163 50.527414 50.308966 50.961167 49.625076 46.152738 53.398320 47.646972 47.768699 53.525705 53.366890 52.931231 51.842920 49.437130 50.641010 54.231332 49.692489 50.483081 49.931016 50.216484 48.180637 50.742829 50.061987 46.273248 48.805906 48.309007 48.444496 49.597624 51.205021 48.915970 51.247997 46.572436 50.922612 49.842263 48.306222 50.710657 50.844308 50.896841 48.256025 51.735830 50.181459 54.753349 48.208166 51.575141 49.009383 47.867772 50.643288 50.880225 51.053671 52.273599 50.682948 49.106860 48.712957 52.305681 47.447639 52.260762 48.305821 55.868076 50.315025 53.011809 51.081288 46.740353 53.845501 51.025885 53.111087 55.761357 49.971210 54.440083 50.972816 51.503396 50.765884 49.195069 50.844885 47.885894 48.383000 53.493463 46.181492 52.590377 53.986591 52.791890 49.745200 51.340987 45.559213 52.706034 52.074367 49.833116 51.660597 51.289043 48.282574 54.973144 52.336225 49.007391 46.169862 49.441643 54.176454 51.312564 49.325709 46.360597 52.071617 47.413110 50.898658 49.311032 52.261342 49.708524 52.149193 52.144215 51.686154 46.144121 49.053674 50.657195 50.393981 51.344686 54.248123 48.890172 51.177747 49.948915 48.403510 51.246919 46.296138 50.071695 48.751484 47.782321 
47.733610 51.006708 48.445946 49.223182 46.368855 45.756791 49.577449 47.097822 50.691119 43.514971 49.219718 47.873370 45.897443 44.478072 49.935508 48.805271 47.944636 48.635181 47.795728 46.856930 46.423819 51.970460 46.976758 45.616378 51.930495 53.716924 47.682711 51.353713 53.212431 46.574417 45.887955 48.873843 48.462394 46.216904 46.891225 50.426777 51.295942 49.321902 52.260952 44.712124 48.665150 51.278885 44.068552 49.568862 47.934899 49.654966 46.580366 49.172407 45.206234 49.080914 47.433230 48.188142 51.578840 45.516168 47.393984 46.557290 47.155653 43.849296 47.885266 45.037835 50.778802 47.264882 43.169893 48.258924 43.916818 46.962971 49.147628 50.905343 49.016627 47.233922 50.020121 50.296265 48.216828 49.868974 47.060279 52.239879 49.312104 49.548451 51.727187 50.486234 49.286361 49.878703 47.583221 44.112413 50.012756 44.287539 47.614442 53.283570 49.840038 51.476101 51.825653 47.300944 48.111594 52.636601 49.131014 49.021750 46.668893 49.609470 47.163638 46.916515 47.354689 45.491190 46.236318 46.990257 47.221102 47.522852 49.712803 50.216687 52.604587 47.731896 48.373511 47.253563 44.830502 49.286147 52.227065 47.472546 46.297226 48.498657 50.297592 51.320400 47.847594 49.930518 48.150522 49.299203 46.848030 48.989989 50.199847 49.559877 49.155152 51.000266 43.567925 48.993354 48.065885 53.767945 47.051284 53.483270 47.811205 51.990195 47.370165 42.803368 52.099540 47.147330 50.710847 51.695356 51.206013 48.466150 49.606042 52.666569 48.370333 47.306535 49.117166 46.784071 49.555137 54.714428 45.236481 49.223001 51.308414 50.875815 47.660827 50.577124 40.914899 51.093615 50.411981 48.801227 47.885983 49.372815 45.237586 54.094298 51.079596 47.514033 46.109200 48.696316 52.373657 48.518374 47.448421 46.634698 49.902972 45.379428 47.314441 50.285152 46.204184 48.753948 49.779933 51.106221 51.129174 44.045243 44.728833 46.120127 46.898890 49.644584 50.890355 48.286122 49.776490 48.908935 44.812354 51.000594 44.230799 50.787980 49.401078 46.350805 
49.021420 49.329641 48.838081 49.600373 47.228240 48.431489 47.840780 49.085525 49.720371 45.873163 47.001797 47.221359 46.596520 44.798882 48.404155 47.703222 46.827756 47.481218 47.189277 46.017692 45.808644 49.867332 47.013255 44.892624 50.601122 53.438532 47.727044 52.285023 53.933744 46.972346 45.040474 46.294015 43.829511 50.549121 47.170212 48.986760 53.211775 50.436749 51.343467 46.217277 48.442694 52.440489 45.508169 49.412032 46.790305 49.824122 46.797376 46.866767 46.936627 48.923402 49.901359 44.818104 48.900977 45.976143 46.196993 48.201617 47.597469 42.467714 47.837430 45.589322 51.493540 48.017956 43.332993 48.927934 42.804628 48.177374 47.628326 51.190536 50.346376 44.896369 47.946326 47.460520 44.387096 49.822945 44.686928 53.091951 46.166868 48.704697 52.173262 50.123845 47.709046 48.780958 48.895895 46.140472 50.092159 44.361115 47.233376 49.891219 51.906308 51.537552 49.025713 47.608479 48.431596 52.322704 46.759468 46.493124 47.602177 45.591941 47.821877 48.058360 47.998447 45.087095 46.488155 47.713153 47.786807 48.104133 49.031324 48.125710 50.008162 44.698859 48.778355 46.487561 46.225682 47.667552 51.919732 48.271307 49.506947 49.104520 48.822267 51.859920 47.533806 49.702641 47.178786 47.953564 48.300735 47.433191 49.494155 50.885943 50.913979 48.167335 44.438248 48.142869 46.611799 50.228482 47.556603 52.644357 49.285388 51.884409 49.304058 44.618178 50.380247 43.824868 50.401734 55.573395 47.579750 50.684836 47.418789 51.262638 49.571300 45.244884 49.107518 44.876913 50.387534 55.043979 44.006746 49.717846 50.244331 50.288671 48.022237 50.510829 43.236344 51.777977 47.066575 47.130098 47.546975 47.282192 47.404000 54.852709 49.106077 47.667290 45.353479 48.961916 50.721440 48.898100 46.253118 48.391816 48.963022 45.353798 50.175765 50.000106 47.220182 47.162898 49.078868 49.450898 50.510216 44.670971 46.387365 48.478939 47.021737 49.960602 50.696212 45.268217 51.999703 49.433552 47.680128 49.614586 44.925766 49.843674 47.188929 45.637447 
50.564988 54.912040 53.047266 52.417984 47.430039 51.073339 51.835877 51.866153 54.487526 48.492418 52.042099 51.946870 51.079362 48.815368 49.809846 51.865187 50.601285 49.593242 51.044529 50.245839 50.643422 52.550668 52.200394 46.308862 53.218628 55.465822 51.659710 53.908944 57.582085 51.949744 49.068790 51.894977 49.152318 51.721669 49.039935 52.193586 58.545784 53.011181 54.013251 50.926729 52.969423 54.428110 46.969056 53.858129 49.753402 50.536213 51.943067 53.420780 50.267991 52.836999 51.131769 51.062891 51.179603 47.828821 50.056702 47.366207 50.113735 45.007623 51.060978 49.489058 56.042921 50.416361 47.797125 52.131063 47.327474 50.078528 51.645856 54.111495 53.856537 49.497423 54.122472 52.055893 49.840680 53.276569 49.758333 57.225310 50.558070 49.893326 54.890832 50.888933 53.426276 53.954447 51.442947 48.266441 54.321373 49.555692 48.269654 55.158076 53.176673 53.352586 53.683739 48.621096 50.903878 54.010549 50.840101 52.556494 51.257932 51.953245 52.763024 48.507450 48.830958 49.074581 51.357655 50.506857 51.196017 52.754858 51.342277 52.040391 53.875661 50.258601 51.512761 50.799224 47.641356 54.792557 56.819351 50.895673 50.751804 51.825046 52.219127 56.253666 51.613694 52.199025 50.769604 52.748339 51.437328 53.163268 54.091718 53.766295 53.971381 52.632853 48.716868 53.289222 49.705843 54.953651 50.561459 56.625640 52.034163 53.194862 53.132513 47.912969 54.427756 49.280374 54.425041 55.851777 54.514879 53.585694 53.858950 53.653497 51.880247 50.022414 51.322070 50.334995 51.661393 57.078001 46.151471 52.545726 53.637980 53.718174 49.184192 53.097867 45.812766 55.650830 50.811913 51.001018 54.724302 51.890699 50.021755 55.780382 55.978376 48.499906 49.930570 50.795121 56.092329 50.885764 49.962548 51.493551 52.337599 48.157968 53.132184 52.276932 51.016084 51.761087 51.377923 53.570506 53.413971 48.513702 49.890591 49.445489 52.038875 52.475832 52.762708 52.514687 50.820438 49.537238 49.131184 54.382210 49.072587 56.967770 51.433049 46.363211 
48.929197 52.619093 49.484937 51.010359 46.324934 48.253123 51.715139 51.248465 52.400518 46.260344 51.793051 47.039226 45.927393 47.999271 49.119894 50.636743 50.383013 46.711562 49.288943 50.166083 48.301327 53.703700 49.931902 44.627381 55.069413 53.078945 49.011046 52.014022 57.251426 47.362697 46.389924 52.493342 48.810212 49.626771 51.948948 50.393242 53.580165 53.396409 52.826764 47.507466 50.499522 52.466659 45.601001 52.416039 49.333063 51.335915 50.149300 49.388027 47.426811 47.797062 50.592954 48.361442 53.311992 47.160881 50.119978 48.510942 49.952677 45.012902 50.303329 48.822016 53.951268 49.710565 46.535321 51.784550 48.259149 50.643458 49.768596 51.996443 50.690529 48.650931 49.932649 48.571874 47.879961 51.372907 48.343976 53.562071 50.381924 49.126823 52.150648 51.704094 47.930124 50.683864 52.561973 46.979426 53.112341 44.617347 47.986650 54.945001 51.599119 53.103911 49.852602 46.715445 51.215516 53.674674 51.848836 50.622593 48.336717 47.954956 49.772485 47.288368 50.460668 46.072846 50.296893 48.144243 48.658706 49.286312 51.520873 49.508736 52.395093 49.327358 52.516579 50.607488 49.006837 48.455403 52.087829 50.101822 51.437553 49.782757 52.897221 53.994688 48.312190 52.219768 47.547672 51.346901 49.524094 50.738730 50.771651 50.019500 51.641690 48.985021 47.939925 52.072949 48.582602 54.391465 47.757700 54.509574 48.919655 52.000219 49.088480 47.485560 51.185071 48.373522 51.576174 54.332152 49.855566 52.661470 52.027183 51.727255 50.930235 48.294725 50.465344 49.218208 51.066141 53.046197 46.850883 50.670372 53.804247 48.803492 50.864098 51.328531 45.954165 54.650031 51.475889 48.479153 51.062974 50.369595 48.174274 54.605572 52.897916 50.629603 48.288138 49.656926 51.614840 52.382713 48.668167 48.898267 52.842892 48.195188 50.789246 50.306857 46.395563 52.554504 51.222682 53.361822 51.791693 45.175079 49.917894 48.842082 47.777418 50.755388 55.616628 47.791590 52.040103 50.630982 47.304304 51.646536 46.748992 52.667242 47.422041 46.011898 
49.226960 51.768677 50.302785 50.619539 45.987368 49.397861 52.685139 49.177522 51.039205 46.071390 50.658404 46.379689 50.296589 47.258970 49.665569 51.289880 48.112714 45.461079 49.010235 49.358423 49.617391 49.798376 48.392350 44.900419 52.327935 54.229556 48.481521 53.498961 56.188709 47.786093 48.847505 49.414424 46.698742 49.610310 48.858156 51.602711 54.325687 50.765037 53.334607 46.112908 51.274156 49.988806 45.880349 52.213511 47.854226 52.324654 50.044035 49.319148 48.212273 49.811346 49.904921 49.179407 51.024998 48.345687 47.252905 46.394261 49.381628 45.504546 50.734886 47.129348 52.726253 48.587523 46.097266 51.392554 46.129278 48.698282 49.844116 51.699630 52.579450 48.202765 51.235727 49.412709 46.693400 51.754661 47.142910 54.147798 47.789828 51.088008 51.872129 53.566765 51.437582 49.964036 49.152940 46.882550 50.356291 46.193028 46.343761 54.078109 51.516488 55.061706 50.874450 47.504881 49.276051 49.775948 51.034105 51.008918 46.390447 49.837428 48.511753 49.996362 47.509872 46.949991 49.712610 46.906648 46.322731 46.049260 49.654037 48.768550 51.757798 46.645369 51.558149 49.087173 46.341509 49.802259 51.201807 51.937768 51.142915 48.029848 52.290542 55.405937 46.712436 51.949904 49.563347 52.635275 48.192140 50.726238 49.284841 50.766833 49.401032 48.962079 48.382153 51.801780 47.948079 50.650248 48.879807 52.559627 48.131140 53.647102 49.107955 45.686043 51.799109 49.082840 51.905918 54.551198 48.477874 51.403085 50.377834 51.934251 48.645252 48.705776 50.030512 48.468658 49.323523 53.660756 46.059441 51.822696 52.571037 52.034900 49.614529 49.825401 44.692632 52.708897 49.178871 47.979786 51.219388 50.208688 46.148560 54.914531 49.861113 48.536869 46.361215 48.284130 50.499626 50.855097 48.883897 47.802213 49.689406 45.493961 47.792949 49.699635 45.840348 50.235036 51.111804 52.737812 51.185094 45.754782 49.055031 49.721738 49.235524 51.075485 52.617066 44.527435 51.287559 49.192770 47.402237 52.922640 46.042127 51.346089 46.493191 44.393490 
49.372126 49.797289 53.237351 51.781115 48.977132 50.146838 49.790630 50.226927 51.718847 45.646099 48.316379 47.108142 47.643268 46.479387 48.316663 50.535405 45.207623 48.443014 47.612654 49.744722 49.157962 48.193378 50.065383 44.307965 52.173621 54.608745 48.503070 54.193160 56.438999 47.955383 48.189383 51.050547 46.295654 49.684953 47.667176 49.440361 52.554644 50.024443 52.321588 47.550047 51.905302 51.507070 46.041977 49.331996 48.702554 50.938404 48.235166 50.915641 46.735161 50.151807 47.396068 50.419320 49.893012 48.282579 49.058377 46.308934 48.525360 43.343061 49.194117 46.199570 52.589346 47.647560 47.104748 49.491748 44.864230 49.999037 51.592592 50.493217 51.754694 48.304311 51.644284 47.558264 47.132700 51.958719 48.586369 53.346838 48.736514 50.097373 50.315830 50.795591 50.879813 49.435950 48.525917 47.357737 52.645284 47.678776 46.660535 52.413967 51.659209 53.101503 50.624254 48.158158 49.874729 53.074596 48.613545 48.274192 47.536228 47.449119 49.870566 49.068353 49.951872 46.023807 48.202333 48.943774 45.121356 46.552631 49.090323 50.949317 51.137486 52.346460 49.584325 47.747501 46.248903 50.396002 51.497778 49.845687 48.591203 49.497306 50.407203 54.323787 49.047906 50.890841 51.369509 52.695633 49.115643 49.068118 49.319728 51.047069 49.672292 46.729892 47.228154 50.536740 49.334233 53.826991 49.086531 55.192284 49.017667 52.900618 50.588777 47.616216 53.071094 46.790984 51.767518 53.726810 48.966486 52.573762 49.534507 50.084843 51.728861 48.242378 49.121320 51.531685 48.989394 53.397476 46.569592 51.549484 52.944484 52.389405 49.920272 52.186731 43.250737 51.948009 50.657224 49.422824 51.587661 50.433699 47.369893 54.088191 54.970200 45.664465 49.946360 49.432183 54.314002 49.237285 48.562189 49.178796 49.701345 47.816416 47.155686 51.692918 48.066700 49.034978 50.725481 52.520337 50.562560 45.998734 46.587110 49.147679 48.230150 51.437406 52.645197 48.457605 51.450962 51.392757 46.240696 52.001431 46.228072 50.395693 47.110457 45.532131 
50.566696 54.205530 52.006601 50.966688 46.728404 50.814737 53.883122 50.477219 53.028697 47.415230 51.112917 51.109974 49.468274 50.803971 51.973778 50.697960 48.938603 49.296669 49.868502 50.587520 49.183426 54.479315 49.890162 46.875560 53.476448 55.084306 49.523834 53.240819 55.028008 49.018199 49.353018 49.895215 50.104419 50.906462 47.929089 51.907142 55.068020 52.888212 54.527870 48.528944 52.281288 51.833145 44.828565 51.412906 49.271914 49.820902 50.249362 48.300690 47.930096 50.101873 51.358244 49.216819 50.870413 49.548578 49.406631 50.690051 51.454522 42.972052 51.307507 47.937581 54.115682 50.731172 47.484000 52.501029 48.595998 49.126171 52.669730 54.993405 53.243223 47.485457 52.121591 49.417111 50.017328 53.665073 49.919226 56.647098 48.557585 49.631501 55.198680 51.415196 49.699523 51.484132 51.839330 48.652496 52.634776 48.841203 46.899280 53.866787 51.492511 54.182204 53.587949 47.864820 50.387852 53.593735 51.063117 52.083412 49.465143 50.846967 48.678153 50.252710 50.458300 47.150363 49.353612 49.416008 48.965709 49.756741 53.136702 50.182855 52.579703 47.544811 51.365217 49.531899 50.256317 49.495004 52.718277 50.948731 50.244464 52.790764 51.689934 54.690145 48.280142 52.611925 50.381909 51.468267 47.890443 48.841113 51.224404 50.088167 53.894363 49.446347 47.129878 49.747783 49.436336 52.830160 48.977211 54.613086 52.647900 53.715645 48.417203 46.792978 51.795753 48.256025 55.186256 57.142866 50.498447 51.739871 50.842475 54.310137 49.494313 47.940758 52.216870 50.241680 53.081566 55.218858 46.642112 50.621042 51.750523 53.337336 50.271421 53.182859 48.603293 51.758812 49.912203 48.312969 52.910679 51.100086 49.158027 56.128188 52.986999 49.772041 49.996821 51.490640 52.431362 51.427599 50.708869 48.348788 51.146954 46.017918 48.793589 50.986653 49.663813 50.314522 53.104109 54.449515 51.172944 45.867088 48.636667 51.531753 52.282743 49.876268 53.726789 49.478415 53.827082 50.319060 47.713434 53.251521 46.306170 52.368436 48.854692 47.455495 
53.974901 51.035051 53.294272 53.078560 48.792716 52.986004 53.195805 53.296491 53.041046 49.346529 50.786751 51.749276 49.825289 49.333540 50.137594 52.984811 50.757499 52.613653 49.943887 54.055426 49.880756 56.171434 54.824124 48.130962 53.593032 56.545704 50.676487 53.221970 58.194682 50.138860 51.897795 54.001283 48.171459 52.342167 50.078761 53.112180 55.545672 53.846118 55.269784 49.744148 53.949289 56.194987 49.167318 54.049516 50.711094 54.468764 51.236876 51.738467 50.018393 51.547493 53.801464 49.406879 54.730595 51.039227 51.208075 50.704655 52.065024 43.682325 50.327249 50.211295 58.279287 53.366681 47.341928 53.527317 49.736798 52.696017 53.513809 55.391177 55.714967 49.930477 52.399897 48.659751 51.739608 55.461788 51.511638 56.722689 51.187245 51.947540 55.211219 53.917936 52.610356 53.400225 54.562706 50.342009 54.507917 47.945419 50.083617 57.341324 55.143069 56.717368 51.836381 51.029651 54.440914 58.465548 50.915184 51.961208 53.768064 52.697000 52.198276 49.273532 52.610015 49.056544 50.541866 50.986180 49.951916 50.438027 51.817912 50.559453 55.003817 48.446999 52.382199 50.922817 51.467548 51.434931 55.033108 50.873542 52.638789 50.975007 53.345601 55.181141 50.391485 53.033061 51.065211 53.726868 51.469702 51.890699 53.719434 53.201913 53.687306 49.759978 50.143449 53.644098 49.104163 54.396891 51.272855 56.746742 53.183163 54.520136 52.711786 47.951238 54.651710 50.678713 54.850163 56.812293 54.344243 53.101479 53.250579 56.586112 52.600359 49.950714 52.730425 50.128066 54.450294 56.204893 48.578130 52.055984 55.865027 54.596776 49.512411 53.866196 48.971122 54.763957 52.158729 49.857553 53.602791 50.854366 51.754161 54.346619 53.210103 53.731344 49.085057 54.192290 53.520949 53.392012 50.426471 52.208945 54.430082 49.567812 54.655160 53.186316 49.991660 51.014481 56.299863 54.556939 54.811045 48.420161 51.262222 50.495750 52.438554 53.429309 54.276646 50.338601 54.511685 52.501192 48.551889 56.596698 49.690033 56.048697 53.798660 45.250936 
48.979698 52.299080 49.136285 51.854088 47.294617 49.915518 51.447437 52.201000 53.912593 47.643376 52.758274 48.428126 48.344892 49.960270 50.071128 51.908142 49.892315 51.160807 49.632169 49.929075 50.041819 51.826268 50.198615 45.539685 51.142621 53.174217 48.133794 52.592843 56.504161 48.990042 48.817765 50.733421 48.188817 50.568027 48.451186 51.709278 53.901224 54.710705 56.326924 49.498875 50.308593 54.065685 46.328047 51.279565 47.872445 51.506589 48.559225 51.039632 46.663089 49.914145 49.989665 47.310359 50.724691 48.532814 49.380720 50.521330 48.934167 42.657366 49.926390 49.978959 57.106692 48.192291 46.749664 51.730848 45.655682 48.064777 49.348401 51.875230 52.033147 46.718884 52.522464 48.979290 48.288510 54.482013 48.067092 56.104790 51.398872 50.808392 54.980330 52.300206 50.025995 52.102039 52.787196 46.451254 50.091394 48.994161 46.208957 54.302958 54.396563 54.473613 53.042345 47.716704 53.546023 52.655561 51.168491 48.268626 50.326601 48.877567 51.711538 48.325548 50.807119 47.041746 48.089011 48.214257 48.544276 48.723096 52.134212 47.767580 51.259064 48.087264 52.015876 49.482981 48.536864 48.690314 51.380888 54.105350 49.603381 49.964825 50.887218 53.786474 49.150296 54.185104 51.563847 50.563927 47.963652 49.819267 52.264311 53.340542 51.345502 48.207470 49.423605 48.994176 47.965606 54.276188 50.190017 54.601222 49.984877 52.730435 51.102729 47.844717 49.779308 49.737289 51.475210 56.188926 50.935331 52.580230 50.481233 53.757097 52.139535 48.353308 50.370554 51.292995 51.197988 54.181873 47.929955 54.073607 50.812607 53.559988 50.409691 53.452135 44.002475 55.108606 52.378436 48.805490 51.034772 49.539522 49.798411 54.265968 52.827105 49.091201 47.007271 48.813243 53.342305 50.715716 49.606907 50.043687 49.956257 46.344480 49.440886 52.617778 49.572143 51.037350 51.571817 52.388511 53.854432 48.547395 49.497713 48.668680 49.040944 50.862929 55.270343 47.943596 52.828754 48.437276 47.698706 53.361819 46.003036 53.030618 48.441536 46.907535 
50.427614 51.559598 50.167134 51.942926 47.631453 47.917163 51.843430 51.778377 51.798859 49.048363 49.679674 51.065672 47.292844 47.864014 51.596627 50.600007 50.569604 49.664388 49.411462 48.703512 48.840495 52.338142 50.910497 43.807015 53.117335 56.906949 48.732332 52.830993 56.740556 49.365089 49.959984 51.511245 48.267958 49.678710 48.084731 51.409264 53.517248 53.690934 54.576120 48.178652 54.193688 51.829560 50.156726 52.302770 49.018760 51.362239 50.911674 48.864758 47.391376 51.615727 50.698856 49.438441 50.962369 48.037479 48.785701 50.249114 49.668100 45.708935 52.331572 46.586353 56.510104 49.989181 47.498574 51.969895 49.039242 50.893927 53.722725 56.299606 51.260865 47.692492 51.128245 49.972092 47.479696 52.014607 49.858618 55.549609 47.004658 51.396822 52.744595 51.134634 52.746040 51.082788 50.705541 47.832983 53.137366 48.659447 47.982033 55.384982 52.020894 55.199516 53.957608 49.272428 51.467433 53.202779 49.580872 51.376468 50.085257 50.362316 50.494883 50.063997 50.564538 45.956167 50.765064 49.865745 48.873626 50.296472 49.665073 51.183186 54.015241 49.189309 51.027373 49.297564 48.250385 51.179770 54.198714 52.247620 50.685970 49.088024 50.559010 54.258817 48.037413 51.249212 50.957707 51.586885 50.023783 49.568355 51.442659 51.839544 53.447929 51.026398 46.630070 50.669456 48.514250 54.555672 49.950353 54.123401 51.066961 51.542292 50.479564 46.523172 52.404832 47.781087 53.965200 55.166063 51.717709 52.366991 51.411298 54.437115 51.475182 50.281291 50.794631 48.007363 50.753258 56.047134 46.934865 52.216382 54.370668 52.785563 49.744654 52.137831 43.931846 52.772806 52.316416 50.619671 52.610660 53.194315 49.231706 54.929134 53.324607 48.008357 49.114862 49.511526 53.838643 51.954206 51.763103 49.695924 50.822316 44.845796 49.331643 50.579231 49.560663 49.526654 53.412829 51.749581 52.976871 48.123800 48.646834 51.964076 51.228905 50.391198 53.728537 48.820008 51.591986 48.914659 46.186380 54.173531 47.666807 51.546980 49.045675 46.586159 
46.292008 49.636653 49.807842 47.724245 46.991900 46.557297 49.091680 50.556972 50.190901 44.617996 49.927942 47.024053 48.244833 44.312271 50.424197 48.890891 47.207403 45.186156 48.510898 48.444437 47.187106 48.552345 49.231734 46.060479 54.156067 53.781686 47.303554 49.597662 54.696158 45.215994 47.020831 49.508414 46.828077 49.346360 48.955597 46.631575 52.349578 51.478749 53.201008 43.891490 51.416267 49.827531 44.086975 50.750949 46.427775 49.576140 47.222722 49.358710 45.311885 46.540281 46.792073 49.350007 50.241289 47.229610 46.917812 45.425855 46.697226 42.514758 50.566345 48.492902 52.488198 46.735152 43.995781 50.953585 45.971853 47.940097 47.656696 49.945922 49.795786 47.947175 50.279035 51.226652 47.205318 50.968470 46.171499 52.164934 47.976594 47.450720 51.752839 49.690111 46.618382 48.962324 48.063315 44.702438 51.972974 46.465456 46.894411 51.925193 48.430337 51.569216 50.920251 46.474024 49.604798 52.348174 46.388231 48.495115 47.520746 47.790945 48.468358 47.309054 45.299859 44.024883 45.693996 47.051315 45.137418 45.334534 50.831349 47.188143 50.507750 46.600471 48.061797 49.235822 47.396594 47.352673 51.835885 47.188323 47.718526 47.314807 48.368090 53.728182 47.546895 49.058897 47.669134 50.899641 47.821549 48.507681 48.848738 48.560190 51.454816 47.331900 44.051971 50.026862 47.668127 51.112996 49.417861 51.861005 47.041227 51.461556 47.794412 41.477676 52.818325 47.149481 53.445504 52.175265 49.389336 50.867694 49.886733 50.533267 49.922360 45.802190 50.148975 46.299627 48.799159 52.054155 44.184963 47.330222 50.104192 51.555077 46.750135 49.108152 42.973912 51.405380 49.839238 47.415839 49.138429 50.089830 44.723547 53.972615 51.116976 48.000367 47.835355 49.563211 51.472597 47.430229 48.572966 46.594649 46.972416 44.863413 48.095778 47.425334 47.236427 48.769307 50.605611 50.664605 50.879668 47.586536 47.689230 50.317056 48.938757 47.960455 48.306122 44.431161 51.933184 47.554539 45.836609 50.077387 43.651762 50.212329 49.561965 45.458529 
50.888546 52.430487 52.883133 55.765726 51.570977 52.800321 52.393857 54.510759 54.874079 48.294019 52.227804 52.566743 51.861549 51.912932 50.170308 52.180466 49.798670 52.334143 52.512667 52.192041 51.472248 52.635116 53.304744 48.109316 55.602358 56.289533 51.880017 56.648250 58.668062 50.890296 50.673755 53.030261 51.673186 53.280682 51.531962 51.542786 55.019571 55.147450 56.106176 50.110616 53.524069 52.687239 49.536788 54.338170 49.709394 53.459283 49.404806 51.526947 49.708092 52.896386 53.021866 50.559322 54.729095 50.026075 52.618346 49.880188 50.161988 46.393740 51.476497 50.844471 55.266677 52.057961 50.164517 55.567621 48.007629 52.681334 53.106546 55.122236 54.893693 49.046431 52.695760 53.003239 51.788561 54.593049 49.771746 56.673194 51.668757 51.591643 55.365919 53.430689 51.087609 54.314737 52.916760 48.918872 56.492734 48.687016 50.833323 57.818263 56.499494 54.856099 54.597384 50.475961 53.028197 54.106367 50.549006 52.338559 52.181058 50.497831 49.940146 50.479807 51.588290 49.882315 51.745210 49.243702 52.306192 50.032313 54.588290 50.189938 53.936533 51.301977 53.148568 53.006025 52.234251 51.935344 55.849737 53.730174 53.568721 52.707043 54.458933 57.561659 52.678412 54.936751 52.751689 52.639720 51.351709 53.570777 51.881473 53.342856 54.274121 52.583405 51.609918 54.306451 49.783616 54.996561 48.946252 58.048222 51.851186 55.940135 51.559182 47.309077 54.269216 51.767881 54.413172 57.740224 52.646538 54.696751 53.598125 53.393684 54.869242 51.658785 53.222347 51.293423 54.764698 56.960980 51.397813 54.979974 53.977063 53.054600 52.079238 53.502988 46.714618 55.524063 51.382645 49.590764 54.089791 52.904032 50.181300 56.403738 54.470952 51.485656 48.642391 52.130713 56.172907 53.712635 51.383407 51.418652 53.369448 50.820989 52.791411 51.225906 49.982027 52.415549 54.926934 57.422527 55.520888 48.492839 51.074200 52.745871 53.221356 53.056320 56.394167 48.663047 54.277594 51.689937 48.294190 56.360307 49.147956 54.153693 52.048828 49.724386 
48.243712 51.472009 51.240691 48.475924 47.804801 49.876597 51.192106 53.039071 50.998298 48.004357 50.280912 50.421435 47.448367 47.502113 48.445960 49.516381 49.935461 49.611629 47.903067 49.679209 50.324519 49.207822 52.260110 44.833321 51.940058 53.830508 47.924877 52.254958 57.031868 49.047140 48.645855 47.901105 46.948048 50.053739 49.800823 51.880799 53.089497 53.274500 53.592325 47.819026 52.515010 52.079388 47.146795 52.583964 48.236965 50.365925 47.634390 49.430728 48.887429 50.776961 52.153293 47.252705 50.455990 47.211485 48.988469 48.730746 49.733745 43.943340 47.702911 49.112172 55.353474 51.740388 44.573062 51.021324 46.444906 52.039882 50.422200 49.663408 51.589568 47.251549 51.777234 47.779504 50.200413 52.041377 49.254760 55.774420 50.028876 50.138021 54.567963 51.832111 49.796504 49.883590 51.477556 47.623791 53.734954 46.428754 44.685971 53.210789 52.285893 52.551171 52.213631 48.954434 51.529016 53.402812 49.853425 49.158275 49.618641 49.968442 49.947033 47.133500 50.157007 48.036365 49.559059 50.074552 49.736377 49.190022 50.085429 49.983383 51.468727 48.466021 53.448690 48.948222 49.576784 47.218458 53.872844 50.708018 50.024233 49.251752 50.876487 54.004556 50.783935 51.471087 51.340117 49.413398 50.384785 51.080372 50.171728 51.207675 53.553016 48.327289 48.232729 49.389417 46.458337 51.955957 48.081680 52.870312 51.363851 50.257737 51.167572 46.919602 53.328734 47.960331 52.751741 54.403510 50.400156 54.708697 48.563609 51.738965 49.830652 51.436483 48.279009 46.019535 49.634647 55.723106 48.186985 52.598291 56.454199 51.948081 51.011206 51.606165 45.648602 52.528193 51.068926 49.552263 49.652231 48.872866 48.988106 54.984037 54.133050 47.223900 47.818671 49.676548 52.661523 50.524169 48.181140 49.828605 51.437101 46.011659 50.343619 50.524730 48.589182 50.462565 53.426994 52.915387 53.953599 47.131802 49.222107 51.836510 48.432494 49.897248 53.317063 49.823416 53.482092 49.091371 49.385211 53.511622 47.806218 51.689059 48.332709 44.431128 
46.549173 50.324006 47.608395 46.946772 46.446637 48.000420 49.953484 47.112541 49.567707 45.884322 48.012610 45.846412 45.356476 47.173722 47.643699 49.307872 45.720695 46.733603 45.036888 46.871219 46.889857 48.112241 48.261248 46.583924 51.034379 51.063636 45.501245 49.707151 53.829110 47.524638 45.895374 45.453810 45.757190 47.234074 47.036071 48.016695 50.771224 50.018624 50.828704 42.311252 49.979334 48.622256 44.097129 48.611957 47.501066 47.767321 48.472936 47.549849 46.477654 48.120951 50.882672 46.117258 50.515035 45.426826 46.999936 46.343656 45.837738 40.717164 46.193311 45.322690 53.241430 46.864002 43.562228 48.864714 47.277964 47.261883 45.961442 49.669306 50.601551 45.129443 47.774501 48.014862 45.000466 49.124104 46.841030 50.476727 46.827209 48.528787 51.082507 48.146711 48.893996 48.272400 49.493919 44.989812 51.043956 44.231840 46.379067 49.843264 49.822540 51.760922 49.012402 46.286344 47.721874 50.610516 48.142583 44.771411 47.424927 47.225211 47.024519 45.321690 48.025532 41.344186 47.077231 44.490808 46.266613 46.170525 49.783645 48.314147 52.336645 46.848091 49.771228 48.416442 45.773810 48.126197 52.655118 45.625552 51.090342 47.023511 49.619324 52.051031 48.039906 49.349069 46.628357 49.802053 46.974621 48.327105 47.848096 50.365426 49.004486 47.519142 46.782686 47.816492 43.403338 51.835160 46.130762 51.621614 47.508124 50.443542 48.502751 45.886589 50.526177 47.016178 48.965387 51.606874 46.971235 51.447472 48.395236 48.405873 49.520793 47.464673 45.365206 45.125952 48.319698 55.699173 42.952394 49.442998 51.319022 48.959257 48.252459 50.994625 42.625727 51.687126 48.281089 46.652239 51.745529 50.045108 45.704410 52.508103 52.934524 45.108665 46.365675 48.855490 51.981113 50.525081 48.055208 47.809915 48.241785 45.504027 47.469715 49.168518 46.524689 49.049624 50.605929 50.626520 49.137691 46.327381 46.356934 48.963858 47.759601 49.436025 54.318834 45.832757 51.577586 48.402927 43.647728 51.061227 43.308482 49.052310 46.073285 46.042771 
46.593179 49.969829 49.004331 49.856641 47.741280 48.084482 51.433356 50.956794 50.779826 48.054469 48.903716 47.772235 49.218010 49.468039 50.093826 49.817172 49.732618 47.665962 50.150736 51.960475 50.106927 52.293596 49.930530 46.905192 53.552928 53.196148 49.940056 51.804301 56.318265 50.093756 49.741166 49.702821 45.531048 48.953434 48.989886 51.037518 55.351923 52.043734 53.194470 47.170644 51.596684 52.914094 45.232953 49.367203 48.517902 51.027882 50.180316 49.754607 47.915045 50.794050 51.476939 47.016072 51.165955 49.196760 49.552111 47.121251 49.652365 42.310177 49.110797 47.843423 53.856462 49.369350 45.022615 51.498549 45.199971 48.288605 49.104010 52.880244 53.904131 45.733764 52.106333 49.575492 48.108647 52.031294 48.795182 55.076334 49.971441 49.501453 51.868921 51.940399 50.318798 51.306823 51.086923 48.536905 50.708668 47.398479 48.453455 54.788884 52.588197 52.673379 51.772012 47.983260 51.985012 53.186569 50.732979 50.368771 47.262068 50.514993 49.208458 48.606167 50.363603 45.247333 48.127597 48.392346 49.081044 48.609753 51.415766 51.263225 51.714233 47.798665 52.675263 49.685360 47.150993 49.100704 52.093181 50.188440 51.915629 49.135580 52.536356 56.925196 47.010251 53.358232 51.338300 51.184022 46.615907 47.654561 51.614859 49.938512 52.436097 48.137828 47.488041 49.477816 48.305349 53.329580 46.725772 52.301504 51.190986 53.916243 50.119215 46.722697 52.073023 49.443633 51.001144 52.765951 49.355462 50.602765 49.729216 51.754101 49.626778 47.936915 48.738475 48.422191 51.251388 53.635192 45.076714 52.896053 51.201019 50.612617 48.921703 50.550561 46.349339 54.652009 50.108021 49.019393 50.052116 51.040669 47.642921 54.719044 53.413606 46.526110 48.716520 51.023445 51.218969 50.093612 47.272836 49.177394 50.060392 46.559364 47.570657 49.809176 48.180421 51.882232 51.792093 54.835055 51.813773 46.920367 46.805484 48.383079 48.433084 50.668268 53.876803 50.463272 52.443642 49.836899 46.966426 50.750841 47.287028 52.907595 48.613757 48.332833 
47.695806 48.967483 47.023077 47.308081 45.706303 48.692042 51.687521 48.810736 49.596010 44.514604 49.651825 46.824249 45.747992 47.251303 48.707522 48.725945 46.107405 47.439651 46.875048 46.985159 46.940503 48.270511 46.826479 43.548275 51.571693 53.170258 46.458305 49.742913 52.390514 45.858170 48.079174 44.655990 46.155999 48.397483 48.103663 50.462193 51.892323 49.360732 51.933778 45.870846 50.557704 47.394117 44.148609 50.930779 48.402621 48.970834 47.107861 46.605902 43.253165 46.723192 47.204381 45.485868 51.653569 48.127879 47.927970 46.398479 48.457240 43.162390 46.665784 45.591278 52.620518 49.435347 43.469117 48.859420 45.705929 46.113407 46.270579 52.659533 50.505139 45.285568 48.015754 47.027300 46.042319 48.223560 45.107254 51.802563 46.940253 49.604713 50.189453 47.125724 47.838449 48.638998 49.241713 44.966882 50.131960 42.281761 46.065609 55.912489 50.412294 53.195207 51.119335 46.284278 47.184183 50.493538 46.168628 45.912680 48.123371 49.466821 46.187445 47.034356 47.805531 43.535515 46.370790 48.717132 46.231762 44.723185 49.299042 46.537029 49.139845 45.823757 46.722948 47.974180 46.707588 46.366421 50.556764 47.972409 52.486725 48.953945 48.614987 49.541957 47.647691 47.310696 46.025379 50.244287 48.629562 45.241597 46.118161 49.732493 50.508820 46.073503 45.525633 47.604327 45.942779 50.454426 46.037063 50.902204 48.550343 51.674945 48.311247 43.315782 49.785885 47.475137 52.064350 53.527092 48.909898 49.927917 49.565546 50.912257 49.833520 46.268458 48.156482 44.243864 48.905639 53.081487 44.989559 48.149622 50.659329 47.481105 47.789362 48.394190 43.739663 50.980434 48.719689 46.732149 47.565992 48.584742 46.506538 51.465671 49.451220 48.435878 44.561167 50.907801 51.107858 48.415739 47.116926 46.476043 51.593604 44.359661 47.693171 46.295130 44.033470 48.301745 51.992918 51.320345 49.271344 46.808433 45.909120 46.826609 46.526545 48.535774 50.363143 45.064119 53.526157 46.906549 44.752530 50.240028 42.684104 49.448637 48.055209 45.861619 
48.550306 49.952505 48.753508 48.594670 47.873446 48.520419 50.494802 50.273924 50.401202 46.776412 48.295750 49.945629 46.734899 46.173410 49.499788 48.342641 49.327437 48.170508 49.616531 47.875558 47.621285 50.132688 48.645833 45.853471 52.283925 53.726798 48.549568 49.725105 53.564894 47.048861 47.973672 49.529176 43.892646 50.973839 47.533168 49.071090 51.919618 50.496688 51.949822 45.750136 51.105354 51.588006 45.597732 48.502162 45.983146 48.926365 48.304610 49.263431 47.716955 46.308156 50.492829 46.545302 50.224392 47.775826 48.007185 46.901270 48.290038 45.507989 48.216267 47.311645 53.036431 48.381596 45.142136 50.429270 47.000813 49.337596 50.255276 52.646346 50.753957 46.313943 48.486451 49.588555 48.673867 50.571151 46.636050 53.523485 47.169099 50.792869 56.235896 48.911529 49.429080 49.867974 48.908823 46.311939 50.158000 46.269690 46.204942 53.285987 51.178285 49.599767 49.303785 46.504494 50.168897 52.772062 51.032589 47.451670 47.975882 49.366565 46.435605 47.287446 48.514021 47.289634 47.562729 50.478383 45.752982 47.071146 50.984910 48.488661 51.585778 44.857146 50.328707 48.599819 47.756880 47.983268 50.021569 45.782999 49.446084 48.931616 50.908592 51.587709 47.663675 51.159966 48.537136 48.765731 47.928626 48.111977 50.540597 48.632999 50.046388 46.933219 44.219631 48.855106 47.107854 51.268042 46.613911 54.349348 50.634134 49.783959 48.848075 45.549256 50.820129 46.289290 49.319744 52.475641 48.735026 49.893374 48.887971 50.085695 47.675241 46.058698 47.804820 47.327350 48.019132 52.503751 45.722615 48.763184 52.790692 50.882008 46.884658 49.389042 43.992809 49.762258 49.697108 48.155316 49.883075 47.897825 46.147734 53.325147 49.761323 49.766490 47.186167 48.260660 51.180889 50.029445 47.622620 48.322717 49.110263 45.871764 49.326305 51.440820 46.314316 48.586552 50.773274 49.049402 52.573502 47.134552 45.108700 49.691812 48.159643 47.901592 50.130820 46.029475 50.392238 47.010871 46.392509 52.459289 46.033993 50.711884 49.345160 44.766555 
47.002172 53.160657 52.855328 51.352573 46.277770 50.359667 51.408101 49.129411 52.924857 47.198937 52.618251 48.674962 47.574681 47.445681 48.102326 50.757421 48.745954 49.125070 49.324257 49.537453 49.152018 52.746350 48.034744 46.516336 53.089901 54.734529 50.190332 51.206093 55.192646 48.831736 47.574173 46.804172 47.115605 51.684789 47.650116 48.410762 51.362464 52.201016 51.868283 47.409107 48.692188 51.437737 47.094721 50.916387 45.824542 50.216590 48.553074 48.149896 48.664198 50.613300 47.402062 46.423681 51.803443 46.549238 46.139598 48.350678 49.823645 42.753070 51.590847 47.274184 56.415597 47.655102 44.061969 48.993478 48.290905 48.838787 48.972782 53.859570 52.414340 49.365530 51.754949 48.755965 48.964837 52.502535 49.350606 53.684743 48.697013 48.627418 52.806990 50.068174 49.785424 49.592091 50.712763 47.606268 49.533476 46.582734 49.079355 54.790117 51.404547 55.290992 52.098487 49.234132 50.265322 52.720073 49.134897 53.011052 48.186033 49.126717 50.489258 48.491994 50.615668 45.636235 47.121068 47.976666 46.197678 46.276213 50.713545 49.599545 53.763195 47.590509 50.304950 48.522055 47.777040 50.222077 52.643977 48.199770 49.030048 50.855706 50.333113 55.519125 47.204200 52.585236 48.593378 50.541528 49.540581 50.393437 52.048878 49.127379 51.012730 49.964577 47.113186 51.686668 49.976956 53.470482 49.133112 54.209462 48.540811 52.930544 49.228957 45.886800 52.227290 49.661218 53.562925 56.423764 49.825519 51.362712 48.847606 52.513062 51.097369 50.657502 50.613278 49.184800 51.830428 56.091048 46.589041 51.376245 49.727922 53.227241 46.636932 51.644279 46.969148 53.807948 50.493612 47.296706 51.752666 50.217158 49.245231 52.774656 51.250411 50.516196 48.127100 49.880379 51.972881 50.503316 47.664459 51.504720 50.957354 47.575637 51.864232 50.941755 47.471383 48.225094 52.048581 52.416571 52.603571 45.560626 47.818559 49.015874 50.112604 49.642733 51.990402 49.387428 50.894830 51.713327 46.927941 54.113470 45.333960 53.172356 50.698693 47.345185 
45.498685 51.578987 49.716351 49.342165 46.832026 46.718132 47.950542 46.613853 48.441466 44.412016 45.323986 46.523835 45.189816 44.951457 47.114405 48.721869 46.102641 47.257314 47.845296 47.411748 48.198702 49.408771 45.569497 45.276541 50.755590 52.075177 48.686273 50.577143 54.206889 45.675055 47.884803 48.410520 47.696367 47.155403 44.961017 45.909057 50.719863 49.689414 51.325718 42.677420 49.494475 49.627938 44.208918 49.309440 46.097853 45.920448 46.801784 47.233727 44.740845 47.196378 46.996916 47.171318 50.412569 46.179054 47.943681 42.842010 45.656753 43.715909 47.844777 47.541221 52.368916 45.657411 45.678841 52.181702 45.384744 46.788004 45.451342 48.523480 49.484745 44.862372 51.055994 48.671647 46.243873 48.976345 47.575164 52.293263 47.772353 46.487073 50.813842 48.382850 46.980764 48.179094 47.046453 44.139876 51.384676 44.245993 45.173096 52.651516 49.909060 48.750256 48.799958 44.911000 48.207201 50.881589 47.641836 48.303891 47.979634 47.796125 46.200610 45.755239 44.873063 44.610490 46.158372 47.511405 48.348452 47.150128 49.204582 45.928379 49.508330 45.141659 50.226007 47.488525 46.584344 47.307316 50.687068 49.021684 48.547751 46.060428 50.521503 51.699506 46.512874 50.663829 47.195386 46.744449 47.276619 47.457038 46.969597 47.529539 49.000636 48.043800 44.463654 47.687422 43.784932 50.083949 46.542268 52.756420 47.727070 49.372717 47.595899 43.060962 49.874343 46.378899 50.649262 51.528678 46.727658 51.054175 49.259125 48.567809 45.961433 47.035488 47.401610 43.981396 48.297420 50.998351 45.907578 48.635570 51.382402 50.773539 45.916724 48.402757 43.945558 50.331147 47.567540 46.105716 50.871565 47.959650 45.602637 51.313220 49.273402 49.220715 49.794576 48.545018 48.865271 48.357272 48.273648 45.391127 47.276483 44.842923 46.175688 47.517327 48.044363 46.842258 51.754988 50.360227 49.026819 42.954447 44.037275 45.410197 48.212057 46.974461 49.293512 46.527477 51.468704 46.574271 43.799492 51.055818 45.442873 50.058765 47.874850 44.910498 
47.008293 50.183422 48.509016 49.298354 48.566473 48.558558 49.347506 49.963235 51.058783 45.719916 51.516373 47.797525 46.270672 45.781762 49.362860 49.564503 47.062690 46.869809 46.836301 47.242677 50.561240 51.214866 48.637023 45.487543 52.882556 53.103589 48.096180 50.691099 55.099364 48.371014 46.889506 47.238153 45.476677 49.628695 47.320387 51.217631 51.525155 49.057832 52.774749 47.334230 50.572586 53.204467 45.103609 49.518828 48.309310 49.468314 49.512263 50.442401 46.574413 48.116937 48.901416 47.763478 51.881571 46.367491 48.179901 46.305696 48.834847 42.057157 49.297912 46.576099 53.874456 46.013527 44.721408 49.354412 45.836532 47.791631 48.151372 52.042407 51.893124 45.892318 49.396797 47.667895 48.131123 50.958730 47.000416 53.160992 47.401273 49.366721 52.000378 45.708429 49.667991 48.532260 48.318753 44.931288 51.922918 46.019699 46.010579 50.993299 49.380578 54.074663 50.608112 48.498837 47.147786 50.545694 46.288179 49.400584 47.283629 48.672649 48.399209 48.571857 48.466892 44.852817 48.244758 48.466443 46.603697 47.145360 49.118997 47.685235 49.823239 46.966020 49.185631 48.090870 45.581167 47.712707 51.164315 50.704107 49.235889 48.818290 49.500587 51.999295 47.509308 50.673571 45.672270 48.330722 47.921544 47.272741 48.423578 49.330507 52.969532 49.022360 45.964640 48.509524 47.433381 51.530408 48.657946 53.570244 51.256947 52.076531 48.530058 44.062127 51.231575 47.258722 52.613993 54.535111 48.314262 51.462402 50.804703 51.696668 48.668087 46.642139 45.569314 45.806880 49.700494 54.155610 45.654700 50.503792 50.036069 50.394864 46.731397 49.819225 42.615337 52.127888 47.931240 47.269421 50.950244 49.966726 47.275550 53.394317 50.075349 48.961394 48.085919 49.398401 51.651624 48.007981 47.130201 48.447636 50.400358 45.985995 48.621757 48.529111 46.302826 47.856664 52.893511 50.872497 51.142497 45.320577 47.890481 46.784861 48.939629 49.286805 53.383664 47.747703 50.615674 50.602637 44.567939 51.099313 44.529280 49.157228 49.020394 45.746571 
47.900124 53.467335 50.955159 50.413322 48.241082 49.917771 53.980753 52.149072 53.015271 47.766410 51.608376 49.203092 49.087590 49.289756 49.879395 52.897860 51.209305 49.936611 50.976773 51.152619 51.698660 53.920242 49.144117 49.423373 53.015092 56.012451 49.814202 53.076518 56.055953 49.164635 49.309772 50.174939 48.664806 49.177555 53.076128 51.418915 54.693096 52.001997 53.110444 48.788432 51.999125 55.459025 46.983195 52.501068 51.022604 50.742308 49.097210 50.219551 49.356854 49.444292 50.909444 49.871181 51.029640 50.311662 53.004988 49.223713 49.696507 45.323856 50.846739 49.981549 55.454659 51.530075 46.418179 53.430943 49.311133 51.502114 50.808458 50.407743 55.848881 48.799728 50.257853 50.813979 50.294558 54.575081 49.114845 55.945628 50.038787 52.866596 56.263624 52.973177 52.084001 52.569716 52.121424 46.071424 52.547917 47.071996 49.232948 56.058005 52.026798 53.434643 51.065267 49.805258 49.920789 53.966746 52.650944 50.669224 49.873350 49.623882 50.120410 48.422358 50.518100 45.609262 49.838282 48.614598 48.788948 48.359591 54.394117 48.964584 53.526466 50.416879 52.300921 51.825919 50.665361 50.380515 55.271172 50.478891 50.099271 51.627918 52.800423 51.741789 50.079265 52.722765 50.541252 52.209019 49.464257 48.897047 51.457759 52.113732 52.821302 51.539828 49.213676 50.279418 48.599998 55.236544 49.457991 56.449264 51.374572 53.983461 51.936833 46.695005 53.798559 50.095240 51.987139 55.399217 49.347004 55.891642 51.253345 52.592188 50.850541 48.354771 48.679762 49.491173 53.942630 55.969331 47.428324 54.846451 53.443141 54.609297 51.982083 52.642591 45.142513 53.071174 52.068207 49.579579 52.641627 51.721673 49.587145 54.588901 50.808749 50.284456 50.532194 50.299905 53.759797 49.950192 51.674999 47.382381 50.755310 49.074321 49.181195 52.014022 50.089799 50.364566 54.304239 53.362365 55.034544 48.844830 48.925826 51.599219 50.000020 51.219132 56.504044 48.491578 54.813392 51.400621 51.623706 55.282990 44.935149 53.865630 52.031594 47.215605 
46.760549 49.506061 47.926815 48.038161 47.474708 46.401202 48.167233 49.720990 50.135263 46.753974 50.822001 47.819749 45.969021 47.194395 48.422009 48.093759 45.846051 48.417464 46.969983 48.018685 47.067865 49.406872 48.294773 43.395638 51.260372 52.251595 47.447541 47.933954 53.043170 45.218398 46.982285 46.803592 45.915698 47.893033 47.181512 50.097660 48.093232 51.144791 50.342071 44.082536 50.029656 47.605457 44.250231 49.189297 46.494223 48.120790 49.670731 46.931032 46.443208 47.623159 48.872100 45.919615 50.585953 46.364959 45.763655 46.078364 49.073550 41.562728 45.867443 46.647917 51.399194 46.308467 42.515808 48.585717 45.173161 46.666904 48.548649 50.376669 48.459064 47.025157 49.094874 46.663922 46.992014 49.335022 45.939391 53.906089 44.032380 48.509912 51.732658 47.912284 49.691932 47.408863 49.641507 43.717533 51.163785 45.824093 44.502207 52.488363 48.769229 52.751054 51.293673 44.493502 47.551647 51.504587 48.683962 47.099392 47.410887 46.462308 45.370364 47.643104 48.360519 43.737723 46.492333 45.665004 44.881425 45.067683 48.330232 46.870027 51.217203 45.362678 46.297531 46.624994 47.498354 48.099374 50.722988 48.111191 47.473122 47.308138 48.805537 50.219263 47.118763 47.199786 44.377915 50.058475 46.775341 48.778286 48.788712 47.370101 49.842410 47.598091 44.274545 46.964280 44.628849 50.688810 45.996386 52.290475 47.944164 47.763030 47.421046 44.113668 49.691579 46.674900 51.210056 53.520006 46.682173 50.917950 48.349331 49.223229 47.623857 48.361680 47.840009 44.538413 46.975714 51.796453 42.829629 48.860461 50.032903 50.294102 48.363731 49.618894 42.923265 50.327680 46.249068 47.173843 47.785851 48.820252 45.659300 52.861329 51.529331 48.724018 45.818679 49.250035 50.652195 47.463619 45.589233 47.200289 48.187367 43.507335 49.643985 46.481216 46.041849 47.953402 49.500312 48.486191 49.678957 43.913409 47.614598 47.401352 46.575817 48.013239 49.513422 44.280450 50.414929 46.527983 44.098485 51.937427 43.736403 49.249434 48.444048 44.885536 
50.619502 53.592023 52.671859 52.081543 49.344794 49.062317 53.613030 54.637620 52.475816 49.826290 54.596484 50.559170 48.333544 47.951015 51.749723 51.711072 50.782218 52.499315 51.119897 50.692650 52.070823 54.341873 52.103729 47.854504 57.878090 54.788581 49.302694 54.523488 60.340668 52.140446 50.862293 52.177984 49.920232 49.870572 51.562664 50.825264 54.684572 55.908037 55.008175 48.170700 53.581480 52.426749 47.613295 53.871746 49.231718 53.777089 52.081819 50.895912 47.891277 49.715413 52.809629 48.731668 53.096536 51.308978 51.759236 50.532648 52.613010 46.852634 53.559351 51.078813 55.496289 51.420459 48.120556 52.742819 47.621358 50.995899 52.148755 56.134781 54.379748 51.097395 54.350335 50.910747 49.406459 51.695413 52.508624 55.649101 47.883662 50.703105 56.002072 53.144542 53.450760 53.522891 52.649938 48.584347 56.710089 48.328206 47.533890 56.861098 54.007885 53.155907 53.520070 50.606833 53.808958 56.249801 49.636702 52.688562 50.892318 49.131113 49.706150 49.711212 50.719537 49.183384 52.121690 51.303576 49.846865 51.001443 53.574607 52.064391 53.450276 49.023431 52.713057 50.550875 53.331453 51.258021 55.126299 48.625172 52.538148 51.825693 50.160286 56.343285 53.947248 53.637247 49.297653 53.130842 51.952699 50.653576 52.084958 51.091382 53.988075 52.997128 47.210280 53.543737 51.063683 55.707494 50.524194 58.143843 50.987334 53.187214 54.246214 48.122061 53.561088 50.231595 53.151618 57.330461 53.469631 54.652747 53.936475 52.923438 53.752880 50.930261 53.302084 50.789037 52.081032 57.701196 46.429538 53.346114 52.672097 56.687341 53.157724 53.491652 47.446153 54.998597 52.508901 50.123731 54.677593 53.424096 49.288661 54.497970 55.289601 50.028913 50.199724 53.167611 55.312315 53.751477 52.197659 51.821030 52.319906 49.184539 51.953773 51.550731 51.145164 52.448346 56.139504 51.993814 55.280681 47.331790 49.256027 50.615352 52.144140 54.987753 52.566051 48.079595 55.514572 50.774316 49.046782 56.626416 49.261001 53.785384 53.038486 47.818792 
46.022504 49.518616 47.498580 48.183266 46.502506 45.428704 48.321977 47.559641 50.209642 42.640461 48.980543 47.616494 46.865068 44.206550 49.923213 48.443705 49.162697 46.811723 48.735879 46.986837 46.249892 47.798322 48.103304 44.352898 52.169073 50.418605 46.787883 48.833713 53.171266 47.009936 49.514405 48.131326 44.233065 48.198374 48.149391 48.644015 53.017841 49.802443 52.128254 46.855135 48.242845 49.807479 44.016137 51.235482 47.379332 50.334962 46.559659 46.936693 45.830489 45.943393 48.989671 45.965612 49.865152 46.638093 47.010191 45.131378 45.708027 42.220801 48.654569 44.127198 52.064333 46.749579 43.353840 48.834177 43.780512 46.939965 46.097317 49.600200 51.687735 46.463774 49.394546 48.330819 46.122119 49.489444 45.855365 50.972081 50.604407 47.002171 50.379492 47.954360 48.759012 47.829598 49.183444 44.851220 49.915909 45.860291 45.331930 52.369481 48.814432 51.468803 52.055274 48.157685 46.599306 49.714006 47.323548 47.464934 47.582496 45.462356 48.641026 47.029611 48.176549 44.701169 47.705796 47.255094 46.940909 47.695643 46.384350 47.054613 49.971306 46.540924 49.800879 46.901481 46.342186 45.839988 50.542856 50.596766 47.981303 48.189189 50.433883 50.027324 47.969130 50.997074 45.776631 48.322121 46.348546 46.573607 48.151801 46.732623 51.688194 48.090143 45.431940 47.435498 46.965893 50.449365 46.533301 50.831295 49.967642 49.526378 49.056261 45.104576 51.048679 46.002560 49.957195 53.624848 46.762614 50.526847 49.479698 52.653420 48.117184 47.790554 47.182789 46.872406 49.484789 51.348472 45.981597 50.409857 52.113709 49.381231 46.703618 47.535875 43.320820 50.053935 48.589133 47.966126 49.505669 48.597045 45.997797 53.034959 49.689284 47.423176 46.198847 47.866623 53.067463 48.015597 46.322545 47.804687 50.655932 43.799387 44.294770 49.167056 45.151571 47.584659 51.428584 52.093385 51.954231 44.550241 47.637830 47.658149 48.021208 51.546743 51.516352 48.017031 49.065034 47.456795 45.176228 50.577980 44.723737 50.173975 49.630654 45.164930 
50.034803 52.750083 51.736324 50.307444 48.009470 50.764532 52.886737 52.681011 52.869919 48.948577 50.836527 52.081115 49.793375 48.996998 52.201529 53.275358 48.662380 49.332772 50.982112 51.759015 50.200155 54.149600 50.899880 50.163129 55.262640 54.368456 50.359699 53.407560 58.922630 47.092169 49.578095 50.934949 48.284978 50.114425 50.504645 51.777399 55.781087 53.622167 53.489297 47.566776 53.878360 53.618773 45.943135 53.121076 50.878640 50.999793 51.523938 49.745374 47.947645 49.600930 51.513538 49.857282 51.447009 50.649422 52.865389 49.834251 51.813265 46.036236 51.629317 49.712154 54.567061 50.565807 48.432552 54.135480 49.566603 50.365957 50.963712 53.704548 53.646559 47.585537 54.112514 50.086965 49.822696 53.115246 49.732729 56.163761 50.366808 52.029345 55.402901 53.694022 51.484505 54.333731 53.595898 46.995588 54.742774 46.726036 48.877411 55.258825 52.183397 55.037444 51.241123 49.816026 50.737632 53.272650 51.397401 52.166184 50.992413 50.846520 49.549778 49.697715 50.031059 47.789433 50.427711 48.962049 47.983282 47.751515 52.410345 50.293087 52.056455 47.570396 52.481407 50.224496 50.197053 52.206440 54.689738 51.653763 51.757801 51.168333 51.902807 56.127120 49.253378 52.052535 50.827947 54.682476 50.484544 49.181336 52.177643 51.871110 53.437065 50.495758 48.242844 52.049034 48.993806 54.836086 49.196309 55.552606 52.284088 54.103405 52.280517 48.168934 54.116045 50.465785 53.136965 55.852513 50.770858 52.663271 51.916635 53.561290 53.275857 47.965206 49.944239 50.582426 52.237849 57.720386 48.220589 53.786211 52.841164 53.455857 50.698233 53.257943 46.342247 53.120067 51.307486 46.781985 51.889045 53.143729 49.441674 53.819218 52.566958 50.263990 49.832191 51.793383 53.949893 51.810481 51.191220 49.188589 49.951056 47.739193 50.178511 52.121339 48.628428 50.220251 53.492801 54.817083 52.244744 46.833655 50.637320 51.435131 50.066573 53.190750 53.914797 48.758367 53.877620 49.552658 47.699416 55.273244 46.558734 54.192280 52.050223 46.704559 
45.359877 45.683911 46.947699 46.791082 45.356022 46.820341 47.956341 46.871451 48.487370 42.709116 48.291051 44.846744 44.760479 45.630946 48.138748 47.791071 47.503983 44.735888 46.065773 45.955767 46.441350 48.818381 46.832919 43.690882 49.739174 49.720973 44.723977 48.310173 51.341066 46.811578 45.165189 45.311346 45.825310 45.375535 45.466704 46.683574 49.587364 48.908041 49.570192 43.345292 47.679054 49.016499 43.025218 48.499572 44.666436 46.272321 45.122309 47.075477 46.651524 47.143605 47.876659 45.480922 46.138325 45.464606 45.556971 43.504625 45.132598 40.922673 46.095728 44.623200 50.388945 45.862668 41.448317 47.637576 43.885904 46.229331 47.228018 47.984116 49.166435 43.249156 48.647682 46.360081 45.024264 47.509030 45.107860 52.044360 44.086362 48.105441 49.997725 48.237915 47.820600 46.394972 47.548410 42.884804 49.976446 41.993865 44.654512 50.768334 48.878195 51.236432 46.640981 45.689424 46.871704 48.579092 47.240612 45.544905 46.721040 44.445499 45.742204 44.411495 44.746459 41.532871 45.465212 48.383369 46.569382 47.499627 45.813658 45.761455 48.329658 45.633199 44.772286 46.455103 43.555604 45.767026 49.610786 47.758670 45.633679 47.808342 48.083707 49.151859 45.284758 46.020195 44.857865 46.074722 44.870257 45.573838 47.037566 45.546421 50.064407 47.326675 42.228659 46.543785 45.224740 49.382527 45.224220 50.666755 48.853140 49.890287 48.188224 41.662341 50.545452 45.722874 50.101886 50.851009 46.402093 51.284276 48.565937 49.036996 47.561239 45.032441 43.480914 46.003524 45.783726 51.557783 42.873804 50.389949 49.124276 47.763105 44.956556 47.405498 41.366239 49.698140 45.944875 46.412874 48.595555 46.453824 44.273235 50.739727 49.874760 45.720086 47.101064 46.383060 49.473959 44.416598 43.976963 45.725605 47.595386 43.193507 48.689716 46.653338 43.856869 46.185853 48.506146 49.482538 51.404410 43.384820 44.122295 45.202397 45.714121 50.592852 49.290218 43.484717 48.906577 46.783074 45.667265 49.101084 43.916432 48.911206 47.570102 43.627898 
51.638121 56.113247 54.251506 54.147032 50.098687 51.541752 53.438602 54.216896 55.814601 47.951134 56.356099 50.313640 49.553510 50.846265 50.771945 51.234569 50.970675 50.410936 50.979195 49.171362 51.417948 52.810329 50.393143 47.717962 54.316572 55.881136 53.585748 53.740644 59.352888 50.574979 51.197956 50.757637 47.855457 51.751114 52.558080 49.557533 57.203366 56.527351 56.965529 51.149159 53.058551 53.677694 47.801344 54.821757 49.286196 52.940039 49.871967 50.490931 47.898426 53.667906 49.973792 47.911070 54.391610 51.346491 51.127269 49.109516 52.490998 44.936290 54.063310 50.310882 59.285440 51.219693 49.783098 52.521266 48.687413 51.667228 53.606665 56.221141 55.367479 49.479729 55.094700 51.166774 50.381318 52.759679 51.008317 56.104512 50.610192 50.373657 57.947987 52.617938 50.435482 52.437822 52.535206 48.970658 54.870792 46.969993 48.355964 57.366546 52.450738 56.487368 53.453944 48.665045 52.109475 53.473705 51.878383 53.755759 53.920473 51.538371 52.622295 51.422461 51.037702 46.912429 50.599378 53.515234 51.518782 50.252117 53.545752 52.789084 56.168497 50.179570 53.565349 50.718589 48.883116 51.274185 55.653849 51.807613 48.603021 54.295415 51.643161 55.944664 51.289387 55.274532 50.248719 52.542619 50.476141 52.407517 53.942487 51.907560 52.929558 51.483658 47.743196 50.694198 51.114348 54.322318 49.635137 55.567106 51.906480 53.216259 52.888192 47.292498 53.780644 51.816062 53.058117 57.602782 52.609348 53.281288 53.496548 53.082378 53.838063 52.685222 51.605911 51.624663 52.825024 58.304397 51.741092 51.886630 54.033164 55.200978 51.673549 50.747506 46.201795 53.954900 52.740374 48.558372 56.568158 52.941706 51.877337 57.297404 56.761504 51.907557 52.660210 51.835213 54.857926 52.961089 50.748551 51.862590 51.824134 48.937793 52.345610 53.278445 50.345004 54.561062 54.046152 55.345415 53.990385 46.772206 52.200710 50.413743 48.880685 55.471761 54.378529 48.448826 56.943024 51.336490 48.884879 57.357926 49.052253 58.234078 54.288220 48.565580 
50.811613 54.611437 54.057651 55.174730 51.085152 51.466907 51.337075 52.316090 54.901557 51.410702 52.222911 50.479072 51.829573 48.824688 54.249692 53.755582 50.889435 51.098693 51.296058 53.341265 50.360189 54.441150 54.201981 46.921041 55.360451 56.480337 51.320179 54.919511 58.168769 50.816477 50.209412 55.307666 49.697309 52.759183 51.814888 53.912361 57.670975 54.679375 55.966108 50.547528 54.922635 54.528607 50.320172 54.015092 52.559122 53.524952 53.432982 54.512406 50.664017 51.721037 53.187234 50.213436 55.282035 50.917665 55.723328 50.999461 52.333449 47.390322 52.337826 51.638860 58.618056 51.156272 47.654620 55.845235 48.734114 52.445050 53.163179 55.220830 54.440920 50.430603 53.610243 49.436165 50.243533 56.808216 51.623753 56.912080 53.820266 52.685177 55.265584 53.291433 54.652945 53.840638 52.979981 50.884093 57.850707 49.519858 51.792404 57.274170 55.956343 57.685938 53.237471 50.792770 52.858926 54.911578 53.206881 52.178796 53.486183 51.441921 51.209404 52.179682 52.127303 50.380231 50.536082 51.332476 50.149065 49.112034 54.618045 53.195596 55.399766 51.356142 53.500715 54.854028 52.177720 53.814318 52.877524 53.049355 51.159071 51.819930 54.464308 55.456520 50.526938 55.761972 52.022259 55.131910 51.101085 51.728480 54.651322 54.976374 54.983673 50.899738 50.557824 55.672120 49.959536 58.022245 51.128063 59.638430 53.858999 55.503634 52.447315 48.870119 57.491069 51.240714 55.664786 55.997923 53.145721 55.112992 54.589048 55.240317 52.822791 50.977250 52.612557 53.134757 55.415536 56.064741 48.355953 55.205654 54.079694 54.319723 52.675704 55.162691 45.558803 55.703662 52.061807 50.412253 52.058279 53.662873 52.600584 56.311004 56.299638 50.265200 49.978022 52.501636 55.061246 53.453201 50.408264 51.293409 51.700480 50.750895 52.921095 53.968486 51.207332 54.002355 55.528651 55.660030 53.793784 49.613048 51.487175 50.632431 52.216127 55.149167 57.798732 50.292257 55.129511 52.980234 49.636331 56.255009 50.281464 55.073116 52.374162 49.159581 
46.546427 50.036482 47.428585 48.750590 46.217199 47.805976 48.509414 49.579681 48.438907 44.692377 47.574677 47.178758 48.241330 47.684818 48.627398 50.950931 47.987943 48.003873 49.445866 47.233195 49.349806 50.034926 47.141768 43.274153 49.380668 53.015132 47.629952 49.943400 53.812934 44.558173 46.450223 46.628510 46.582934 47.833532 47.819012 47.548477 51.969333 49.447453 50.244375 44.624542 49.534170 49.323385 44.691078 50.040966 46.294792 50.180799 47.252844 46.730647 45.774050 47.268478 49.172919 46.095237 51.216989 46.456390 46.452856 44.274571 48.395605 42.497054 49.283857 45.678675 54.682879 48.960229 43.234400 50.284022 45.990237 48.535594 49.665864 49.282028 49.718571 45.816693 50.141931 47.367700 46.680510 48.490799 46.984862 54.019626 47.477564 48.332453 49.935453 47.762229 47.719049 47.194726 46.086808 46.738838 49.487021 46.198805 45.063905 52.531217 50.640438 50.150388 48.943008 47.024759 48.591038 53.030173 47.877944 48.098330 46.074420 47.613873 46.471183 46.369270 47.370180 40.678714 47.229696 45.497455 47.830232 43.956613 49.636655 50.562517 52.229277 44.565673 51.133959 47.980866 46.050958 47.324482 50.522472 46.243856 49.808617 45.488011 49.221224 52.860467 46.169942 49.916312 45.719144 49.852969 48.455059 47.416922 47.918285 47.564982 52.143049 48.216670 47.033510 49.822374 46.197242 50.668862 44.924165 52.000819 47.570062 49.479898 46.806121 44.389703 50.135281 47.618244 50.810849 52.091073 47.878567 49.936487 50.449688 48.814103 47.894949 49.407285 46.400137 44.782370 49.469941 51.642940 44.476815 49.885808 51.047298 51.313333 46.338796 47.903866 46.035812 51.598103 47.483090 48.300886 50.158762 50.055708 46.715822 51.752736 50.545142 47.313052 48.100348 46.750711 49.980839 47.557869 46.601652 47.158886 47.914431 46.190323 46.457137 49.240329 47.203088 49.783221 51.824146 49.967157 49.441667 44.918753 46.295510 48.282314 47.216964 46.453917 49.801779 46.441673 49.944348 45.899423 43.408870 50.719948 42.239372 49.867253 46.021649 46.981295 
47.135000 50.405137 48.187215 48.482494 47.766465 48.705539 50.644070 48.935303 50.629732 48.993738 51.361850 47.319662 47.033483 46.743706 49.115571 49.723541 48.689356 48.215194 47.084757 47.991067 46.543233 50.606173 48.348306 43.049973 53.034074 51.239301 48.659656 52.707533 56.742495 48.317847 46.883836 49.381631 48.100800 49.036568 49.644724 51.499270 53.178690 50.704938 54.712397 46.416844 51.825713 50.058169 45.967717 51.655228 47.672678 49.612617 49.058032 48.376850 43.894471 51.440959 50.634088 45.993756 50.928669 47.647131 50.378544 46.246590 48.474982 43.946829 47.393220 46.816740 52.692782 48.344702 46.347166 49.740530 43.983540 47.846016 46.660147 53.863637 49.998452 47.552761 50.488174 48.686129 47.128381 51.035462 46.274950 53.869784 48.673954 49.106418 52.339541 51.391013 49.507626 50.117596 49.553588 44.612389 52.322779 44.827402 46.508176 53.752984 53.506074 51.854532 49.879785 48.226165 51.091739 50.818876 48.014681 49.801817 47.321942 48.637896 48.227267 47.538783 49.409743 45.000849 46.248421 50.072107 48.674253 49.091469 51.921244 48.470180 52.017009 49.479601 49.021032 48.166496 46.416395 46.433615 51.902414 48.669961 47.852705 50.926176 49.704107 52.889585 48.842894 52.139241 48.494300 50.234723 47.894356 48.102314 51.256124 49.922581 50.661826 48.055552 46.115484 50.473992 46.460438 53.645779 46.249102 53.755772 48.028216 51.099921 50.711404 44.394595 51.118564 47.422963 50.651456 52.403160 50.002013 50.803922 52.590785 51.573236 49.775528 46.924570 49.064386 46.219960 50.876219 51.770944 45.981565 50.793408 50.530139 48.389194 50.519325 49.918674 45.745730 52.320840 50.241807 49.394987 48.458370 47.627110 46.972531 52.459535 50.864057 47.833599 46.211145 50.594934 52.025806 49.410206 47.362415 48.479860 51.465999 46.117771 49.315123 49.416455 46.413866 50.419386 52.304380 51.502385 51.179090 46.825229 47.691255 46.000170 48.552545 49.404093 51.430129 47.270938 51.252175 47.963925 45.912840 53.761757 46.170875 51.464654 49.281836 47.255436 
47.270135 51.370958 49.457501 52.800015 49.438343 51.072986 51.264957 51.941225 53.285626 46.403497 48.890907 49.945775 49.332577 47.135533 50.875768 51.318542 47.695111 48.598795 49.503458 52.415028 50.329515 53.618270 48.254943 45.868530 51.319045 53.938504 49.821873 50.672501 55.203173 48.886331 47.884966 49.080127 47.260808 49.380446 48.267194 50.925041 53.835563 52.106572 52.698064 45.476370 53.021033 51.061305 46.579372 51.697549 48.066717 50.829819 47.701656 51.622556 49.009027 50.885565 50.610286 48.361103 51.466982 51.729401 49.077928 45.972967 48.645805 43.650244 48.351422 48.951058 54.167961 48.017609 45.918870 53.912913 46.339935 48.597742 49.678472 52.838495 54.019199 47.831470 50.274909 48.743426 51.154651 53.074268 48.090779 54.392235 49.777327 49.008132 51.956313 52.478246 50.647114 51.874369 49.628146 45.938531 52.224467 45.992724 47.892781 54.180776 50.632696 52.853926 51.199556 48.531358 50.825474 51.763901 50.926672 50.526148 48.339724 51.111788 47.904771 49.120795 51.075090 47.030846 50.209036 48.088752 49.704981 46.516518 50.623366 48.276495 51.074919 46.964322 50.811703 49.868017 48.698546 48.932953 52.388630 49.906948 52.471958 51.233567 52.011664 54.412914 48.002093 52.821554 47.907874 49.756071 48.641876 50.022673 51.240060 49.464011 52.743117 49.100429 47.427182 50.083287 49.747649 54.341688 47.320602 54.772574 51.582278 51.978801 49.691694 45.250800 53.031079 49.676740 52.414909 54.333859 49.442772 50.356289 50.467020 54.658710 49.406840 47.189279 50.268499 48.502649 50.796704 53.938330 45.786151 52.947047 51.758057 53.605916 49.487640 51.312539 46.630389 52.306999 49.782709 48.472144 50.794470 52.612059 48.343321 54.104408 51.017664 46.779399 47.969375 50.825609 51.960468 48.541410 48.799315 50.063119 49.588680 46.883263 49.288426 49.300399 47.571227 47.161553 53.431837 52.441110 52.850936 47.497127 48.925566 45.595135 49.868661 50.962126 54.504737 49.510495 52.953968 50.909306 45.640158 53.965466 47.080116 52.009982 49.570378 46.655840 
46.732530 51.763556 50.506331 48.946544 46.846087 49.486137 51.176664 50.989893 52.344240 47.375078 49.685882 46.808533 47.697443 45.550054 50.248637 51.973029 48.802697 47.023437 48.655106 50.349480 48.589049 50.619863 47.585394 43.724742 52.159099 52.468002 49.871467 50.902774 55.494076 49.109168 47.426291 49.333719 46.241403 48.290343 48.460334 50.035153 52.956838 52.759614 51.619739 48.132662 50.698806 51.129415 45.315055 51.248993 47.835585 49.712252 48.102887 50.833523 46.274065 48.829265 49.479143 48.765042 50.334994 49.205516 48.692853 45.062131 48.890373 44.580292 49.801175 48.703482 52.316093 47.688444 44.576073 53.635621 46.598607 49.165483 49.431192 51.358168 51.007779 47.448160 51.056407 49.046981 47.554653 51.800941 46.697103 55.847600 48.356959 49.395837 53.967216 50.629285 50.547951 50.022182 47.460372 47.450744 51.609270 46.220538 47.961106 55.475192 50.217425 52.183315 50.119123 47.895145 48.572764 50.520744 50.438846 51.477886 49.315379 48.844227 46.732116 48.114722 47.817712 46.467707 47.747155 52.286670 45.772185 47.011832 49.731991 49.515577 51.561765 45.190833 50.911603 49.357272 47.321040 47.950200 50.314348 49.155137 49.952397 48.591433 51.323087 51.025760 49.124134 51.312120 47.907530 49.978319 48.961158 48.605512 48.609644 50.117170 51.933417 49.522600 47.689068 50.429684 47.631356 54.295953 47.785323 53.580111 48.836396 50.480109 50.362229 45.441258 51.533970 49.717922 52.017676 53.006452 49.731965 52.308960 50.919781 49.922118 49.516520 50.634624 47.784883 49.364808 49.185144 52.442819 45.932476 53.084473 50.703553 50.027652 48.390568 50.677724 45.033950 53.178508 50.971733 47.883562 49.481603 50.598046 49.529814 53.460762 50.823939 45.834970 51.340885 47.239722 51.744590 48.962317 49.478126 48.098468 49.674645 46.250600 49.689462 49.749303 47.040761 48.503941 51.499673 53.152664 52.329217 46.033291 47.410391 48.143400 47.746240 51.769264 53.216204 45.804297 51.749399 50.848467 48.873410 54.004429 44.358814 51.298351 49.220035 46.929328 
50.889612 52.161674 51.909854 53.385131 48.180308 50.103112 52.274631 51.691626 52.368870 49.124844 50.628559 49.328800 49.640991 48.974233 52.137548 49.813577 52.047787 49.596680 50.479252 46.666938 51.420995 53.326169 50.699428 46.375898 53.257067 54.870689 49.736105 52.027756 56.283038 52.593973 47.978286 50.906369 48.351998 49.538249 48.422994 52.372439 54.724111 53.766942 54.743102 46.371476 54.851340 53.305604 49.398838 52.167769 49.172719 50.363448 50.965189 51.530730 48.121705 50.128438 51.832400 46.815947 52.108024 49.595206 50.905998 46.931254 52.776640 44.984916 50.087432 49.772587 55.965011 47.535381 44.641267 51.224417 46.688220 49.389897 48.129455 54.392843 53.781027 47.429920 51.756885 50.892619 49.403935 53.057882 50.056577 55.434526 48.823155 51.481501 56.337667 50.246983 53.634840 50.929836 51.928486 47.293687 53.064119 49.824978 46.878637 53.360384 54.620831 53.468981 51.239078 50.118898 52.806803 53.613678 50.092010 53.108073 51.219409 50.431761 49.324636 48.217599 50.024391 48.211135 49.927152 51.227640 50.430663 47.473308 51.916032 50.688041 53.775415 47.079293 51.809088 49.463214 50.667025 49.648637 52.902944 51.278558 51.511636 51.176049 52.644187 55.262237 50.067669 52.623020 49.981872 52.441472 47.913984 50.402245 50.307450 51.445498 53.936487 51.047216 47.590050 50.884599 48.949007 54.115637 48.842795 56.582878 51.004373 51.464674 50.577214 44.637338 52.311820 48.311250 54.206645 54.768093 48.201849 53.646640 51.113085 54.631539 50.967618 48.408318 47.448563 49.822742 51.442315 54.416960 47.086854 51.194487 51.617058 53.309531 50.887622 53.730307 47.368736 52.134207 50.131977 48.352358 52.914671 52.386479 48.297506 54.618923 52.471003 48.755288 48.943965 50.715594 52.806473 50.868720 50.669930 49.435661 51.932391 46.892500 49.881290 51.809544 47.513256 50.580289 53.163680 51.457007 52.179284 46.841290 49.716291 49.632977 49.693144 51.191639 54.004657 48.534612 54.142896 50.640571 47.421853 55.185239 46.271399 52.558328 51.539786 47.325623 
47.350989 52.881295 53.214939 52.768454 48.424414 52.068314 53.085593 54.580315 54.124440 49.235868 52.698222 50.148624 52.100478 52.205162 52.757469 54.338758 50.208137 50.605720 52.906310 51.044595 52.562663 53.856676 51.674423 46.787152 57.280359 56.241322 48.854802 53.456435 58.512247 50.003716 50.052737 51.957461 49.975425 52.046961 54.582150 56.586721 57.730809 55.192181 56.182136 50.036210 52.430728 54.298103 47.865732 54.705390 49.795968 53.940828 49.593763 52.744563 51.026861 52.175489 53.520021 51.360436 55.146906 51.583041 53.342620 50.612057 53.987557 45.897096 52.976033 51.703215 58.369941 51.827578 49.064015 55.237003 48.975165 53.467117 51.913339 54.486936 56.811560 50.380541 53.960729 50.759023 51.536023 52.637909 48.888437 57.401246 52.081997 50.278836 54.770593 56.075409 54.310611 56.646373 52.799644 48.307120 56.257426 48.191582 46.341764 59.549754 54.936094 54.850813 52.953115 51.792299 52.722986 54.889880 52.724107 54.940314 52.679877 51.946284 52.268375 50.363825 52.847390 49.916071 52.923744 53.013610 52.670278 48.720301 50.829601 52.212658 52.476658 48.791663 54.779916 52.642069 51.857249 50.979490 57.704627 51.753712 55.640694 51.062167 54.555509 58.184139 52.153591 55.063073 50.891852 53.366554 52.653724 52.427935 54.411663 54.924323 57.128573 52.396201 50.066865 53.643297 49.233902 56.622721 49.642681 57.729567 53.177023 54.825044 55.070676 47.416309 54.542048 51.928697 55.365990 57.138452 52.297464 57.623091 54.555685 56.002677 53.990576 51.038029 52.988077 50.371603 52.892189 58.226327 49.662613 56.107328 52.996829 54.271966 53.367429 52.961699 48.082283 57.419085 53.438877 51.620496 52.434942 54.198365 48.778494 57.584410 54.770476 50.060062 52.052265 54.127035 54.237367 53.554077 53.971067 49.523841 54.031351 47.153971 52.912491 53.294476 49.715728 53.096411 57.216505 55.140468 56.961528 47.093100 52.518174 50.797938 53.312971 52.852252 53.409893 51.480688 56.007799 51.051585 48.642779 56.701610 48.247728 54.376888 52.242153 49.232124 
45.531121 47.777983 46.950396 48.052597 44.254716 47.201695 49.418790 48.534122 49.301274 47.279643 47.794250 47.223152 46.991315 46.652965 47.809738 47.356717 47.346807 47.886140 47.690743 48.250621 43.725522 50.262714 46.816102 42.873209 50.882990 50.851831 44.304974 47.575091 53.098697 46.365277 46.768681 49.485929 45.705894 46.639543 45.959836 47.794908 48.754926 49.768179 50.122713 43.277847 47.267380 49.115382 43.562317 47.912147 45.484682 48.030563 47.656403 47.573594 43.830022 47.191284 48.375048 45.946147 49.161223 46.818864 47.825061 45.909991 47.853075 42.466500 45.665790 44.137861 51.602616 46.587511 43.664173 48.920042 42.119681 44.923397 46.725927 50.512835 51.916534 44.643879 47.370591 45.761821 44.460214 48.428373 44.105930 50.757540 46.310422 46.339169 49.858708 47.343069 46.807615 49.288162 48.393697 43.893020 50.384809 43.165277 44.730877 51.971426 50.370632 49.969620 49.912916 46.223500 49.574252 49.413404 47.212106 48.268145 44.559960 45.692782 47.944253 45.471613 48.881371 43.885722 47.042126 47.331908 44.224640 46.243737 46.820018 46.562224 48.703042 46.620615 49.339647 46.938492 46.058112 45.420138 51.782051 46.018841 47.756571 45.534478 48.349579 51.852174 45.402762 49.483104 46.238810 48.009516 46.820864 46.916174 47.559596 48.199199 49.158936 47.345631 45.280861 47.328597 44.790224 52.193201 45.440426 53.996268 46.524520 50.064559 48.453724 44.922728 49.367358 48.128627 48.603448 52.352423 48.131896 49.749476 47.717067 48.633537 47.306729 45.894398 48.018927 45.723515 47.913864 51.560868 44.295377 49.453184 48.380726 46.953544 47.427889 47.638909 41.595744 51.320959 46.916904 45.741795 46.517534 47.613870 44.014747 51.681303 49.360308 44.771350 44.742741 46.662085 49.277808 47.980807 44.520437 45.686287 49.242100 43.367912 47.967405 49.471297 44.922178 45.976694 49.773878 48.206017 50.230876 42.668492 45.353071 44.921377 45.987006 47.178828 51.576498 46.624298 48.636325 46.450911 43.591555 50.920592 43.414285 49.994925 46.181103 41.662243 
47.152193 49.114385 49.013244 50.242220 48.588613 46.478461 50.082560 48.468942 50.954226 44.499927 47.977552 47.351753 47.781179 45.923827 49.567862 48.933573 48.231713 50.140083 45.966196 46.174811 47.547847 51.428723 48.358969 44.236211 50.806994 52.610332 49.355105 50.899914 54.830664 49.401946 47.291744 48.969469 47.110459 48.121844 47.751548 48.816354 53.000367 50.011002 52.964999 46.041005 50.438323 51.004047 47.203266 48.496850 47.161780 47.956894 51.175893 48.794716 44.034670 48.447666 50.060690 46.118223 49.809424 48.542373 47.252023 48.381687 49.628161 43.293203 48.054216 47.748660 55.367923 45.880176 45.223285 51.163567 45.462906 47.997188 47.876186 51.634607 50.525077 46.295212 52.217947 49.183865 47.222111 51.449904 49.363051 54.916009 49.117267 49.617109 52.404494 48.626023 52.477646 49.091216 49.270207 45.947201 50.225754 46.759381 46.075563 51.795778 53.010169 51.522090 51.021056 49.106245 48.817581 52.651238 48.035815 49.939069 47.825477 49.685756 47.882396 46.055963 48.023460 46.613404 47.257658 47.949575 46.960908 47.399697 49.235253 48.870833 53.508651 46.430736 50.117449 47.835999 46.892687 47.236502 52.057359 48.122098 50.543547 49.613412 49.760488 53.424968 47.789334 50.028889 49.344104 51.911430 48.254028 47.669526 50.517415 49.565736 50.620228 50.386040 47.774763 49.005067 46.069087 53.498738 47.990477 53.678028 46.279377 50.554367 48.382618 46.693796 51.507520 46.963682 51.743738 53.039828 50.238722 49.996060 48.732740 48.290303 50.820085 48.591834 47.283780 46.630199 50.841975 53.834185 45.585283 49.868952 50.888131 51.344868 49.549382 49.939186 44.198572 50.784232 49.379938 48.042316 51.430084 48.717328 47.071032 52.115361 52.036266 46.136016 45.574701 47.815515 51.407127 49.338989 48.355285 45.908464 51.326249 44.675055 47.953295 51.624732 47.163703 47.554847 52.056999 49.169216 52.347692 47.890966 46.883875 48.647934 49.215390 50.365703 49.613860 48.501524 50.899074 48.158621 45.468829 52.700038 42.932383 52.164350 48.090850 45.564984 
47.890747 50.016952 48.192782 50.728081 45.972954 48.554986 50.615869 49.500154 50.902545 44.860157 49.882431 48.189946 45.375511 47.909908 45.196504 48.572988 47.859656 47.327571 46.546007 47.847786 47.834908 47.838479 49.052891 43.681466 51.198619 51.958101 45.112366 50.137608 53.596214 48.912021 45.962288 49.267100 45.058242 47.585067 48.107409 49.479842 53.458941 51.578527 52.474977 45.157144 49.829193 52.347780 43.206679 51.993028 45.129312 48.081748 46.974619 48.711744 46.815512 47.588722 48.224864 47.325390 48.650885 46.575510 47.643420 46.635991 46.754028 41.756178 48.882133 47.982363 50.444304 47.740032 43.726559 47.908462 44.452110 48.711473 49.573146 49.185915 49.519911 46.396328 49.347464 47.432845 45.671045 51.573905 47.930232 53.278506 47.226959 48.404311 50.887534 49.025306 48.862199 46.637465 48.953727 46.338242 52.041654 44.839841 44.384430 51.350125 50.447602 51.506746 49.947277 46.896789 49.083751 51.966594 46.504026 47.725250 46.961938 46.510255 49.642161 46.707327 45.411046 45.489382 48.234772 46.799449 47.266869 48.970084 49.681426 48.197848 50.252668 47.739004 50.826292 48.119053 45.800991 48.505723 52.694298 48.957500 46.886761 47.817336 49.485442 52.197912 48.268318 49.058396 49.629489 48.950519 46.279948 48.535114 48.464118 47.839503 50.363149 47.754507 45.731707 47.975926 47.986800 52.597757 49.547579 53.798142 48.814721 51.934448 47.627240 46.061019 49.226172 46.002639 48.657031 53.576619 47.062322 54.228481 48.817296 52.281236 49.923464 47.922500 46.381059 48.360520 47.841040 52.539319 46.844644 51.243789 52.010392 50.253881 48.283247 50.511022 43.301905 51.477439 49.721957 49.507494 51.307161 48.728958 47.418949 52.108954 50.929584 47.910407 47.738957 46.976135 51.968369 50.283721 47.222753 47.498235 48.449052 44.951708 47.687397 49.425509 47.497473 47.753513 50.580664 51.814217 53.174845 44.749963 46.388356 50.237229 49.308257 49.909705 51.060360 47.305009 51.345182 48.399161 46.682386 50.802407 46.052403 50.535590 48.976847 44.031561 
50.736042 53.407044 51.922582 52.526011 49.245768 51.094215 55.623375 52.215381 54.209858 48.928033 52.878342 51.183393 47.657594 48.287059 50.405312 51.709310 50.065054 49.801895 50.977273 52.031465 51.537261 54.143142 50.983015 46.931546 55.641063 56.229279 52.439438 53.481553 56.576310 49.881353 48.193713 50.712872 48.377382 50.745362 48.642176 51.394590 54.545597 54.341450 53.630747 48.481260 55.525539 55.765111 47.330947 51.965450 48.374233 51.526656 51.569300 50.792243 48.605125 49.708416 50.897400 48.213058 53.382694 49.658836 50.384907 48.290058 51.276156 46.623322 48.879745 49.822552 56.241115 50.786704 46.009755 52.616671 48.805014 50.966941 52.344755 53.224664 53.786861 50.031831 53.315978 50.351502 49.831113 55.303418 50.347787 55.331622 50.220691 52.155947 55.026791 53.278694 51.751000 50.461695 51.192368 48.520454 52.084208 47.165789 46.746391 54.677436 51.547252 55.450232 54.691014 48.423951 51.963532 55.212481 50.570591 51.996004 47.455726 49.649466 51.392498 50.390721 52.302986 46.860067 50.287263 51.366291 48.662229 50.588945 49.902207 51.715562 54.599625 48.313491 52.421534 51.012266 46.723895 49.918509 51.967729 53.507484 51.611559 53.210417 52.560170 54.433171 47.902927 53.089807 51.306336 51.122749 48.784621 51.066925 51.929497 48.822258 53.554648 49.746374 48.074665 49.895700 51.860315 54.238048 51.682389 53.699272 51.400463 53.329132 48.941846 47.713689 52.932356 50.103148 54.749794 56.143271 50.306646 53.660206 53.472011 54.697793 51.598961 51.298591 51.608480 50.989985 52.776205 55.001269 48.281294 54.571223 54.494028 55.026971 51.117990 51.630546 47.841395 54.202425 52.569723 50.032536 53.072930 51.015587 49.947815 53.255647 53.628061 48.713515 49.791740 50.392001 54.475160 52.975499 49.659212 52.392584 51.887592 47.573972 49.525092 51.877120 49.253239 49.973351 55.103011 55.549258 53.253677 47.976545 50.545373 47.777496 49.970258 52.764327 55.622890 52.111019 54.093986 51.729318 47.690614 54.799726 46.330976 52.473231 50.070678 47.816687 
46.094675 52.430359 51.343972 52.328333 48.856003 50.070824 51.462396 53.070303 51.654525 47.689751 50.896120 48.458623 48.577104 48.772024 48.341385 51.264680 49.614579 51.031029 49.348040 49.288058 49.484820 52.163158 49.681421 45.965600 52.590251 55.038357 48.296369 51.020390 55.962204 50.652845 47.846962 50.246892 46.766156 49.206297 49.606030 49.589052 53.770412 51.676879 54.397999 48.043024 50.225544 52.946635 48.680495 50.322782 47.846516 49.380551 49.025228 49.625753 47.858042 50.939042 51.972491 48.000880 53.432238 49.035108 49.886006 46.871300 51.648588 46.959355 51.848169 48.187364 57.337729 48.828064 45.589876 53.833602 45.767616 49.660493 49.964727 51.903121 54.830254 46.076922 51.372548 48.484430 47.361059 51.027521 48.179869 55.185343 48.894459 49.308404 54.293384 50.991346 51.533782 51.678616 48.386826 48.022926 53.562481 49.434451 46.102170 53.556675 51.075782 53.116954 53.228019 51.000352 51.754126 52.570371 50.961358 50.619352 50.195841 50.156729 51.084278 49.692652 49.389792 46.150018 50.412344 48.967177 49.706525 47.146748 52.942402 50.661098 53.228034 50.005623 52.600929 47.502239 49.482314 45.744054 53.214883 52.411004 49.780458 49.343533 49.932092 53.731189 49.811797 53.823909 50.667401 52.899831 49.020073 48.762733 52.822327 51.596060 52.482471 49.814185 50.094011 52.000305 46.637428 54.044107 47.138642 55.227643 50.468743 51.851298 50.691253 45.290227 52.697504 50.060515 53.100295 55.590804 52.211728 55.480461 50.734986 53.298054 52.490186 49.246232 49.866537 48.675846 49.461562 55.484820 47.489966 51.703191 49.590074 52.626580 49.386378 52.710862 45.365484 56.991490 50.861233 50.825258 51.145179 51.284643 49.745893 53.639308 52.564875 46.561634 50.705848 47.678822 51.694369 50.794734 51.773628 47.938245 51.797762 44.568905 51.954917 53.403134 48.456766 50.933962 53.016868 53.200007 54.807280 48.194042 48.133103 47.810291 51.841245 51.551408 53.567997 48.335405 54.909781 51.320923 47.887475 53.048002 45.319594 53.927337 51.285328 47.951989 
45.416200 49.828610 47.663489 51.228413 47.740813 46.207789 49.626436 49.411406 52.499649 45.016200 48.238107 48.486807 45.514596 46.822929 49.760723 49.111318 47.290028 49.533643 48.587050 46.689729 46.818322 52.068725 48.976314 44.787945 52.603571 52.003478 48.523962 50.479564 53.856778 46.508980 49.216878 46.823370 47.338980 47.546246 45.707618 50.128847 51.463152 51.785779 51.288085 45.945634 47.932647 50.308040 43.552005 51.618952 46.024531 49.588397 47.202910 49.840184 46.213094 49.429043 48.411925 46.596962 51.713395 45.843944 48.976988 48.247821 49.833284 42.576290 48.525448 47.432424 54.442883 48.635595 42.995327 48.123941 47.421009 46.368433 46.830631 52.175192 50.591568 45.992170 50.483498 48.459050 47.856050 50.304549 48.926060 54.255220 47.320840 52.480970 53.094850 52.067080 50.038511 51.601408 51.103057 43.675651 49.411190 44.454175 47.645236 53.924382 53.539071 52.503258 50.987874 46.556631 51.138637 51.840108 50.801546 48.054345 49.547828 47.316763 51.765261 48.032731 49.268219 47.362503 48.329185 47.922497 46.621292 45.569622 51.619252 47.512671 51.278914 47.163349 48.487718 48.266798 45.647287 47.647876 53.279476 50.053258 52.131606 48.756292 50.394385 52.784264 47.653716 50.042692 48.500973 49.118525 47.033004 51.675321 49.726801 48.930256 53.254556 49.931403 46.498948 48.540219 48.355404 50.110326 48.811055 54.394624 49.017572 52.142189 47.508561 42.288493 50.634562 47.736705 50.774902 54.873648 49.751849 52.159601 50.340147 52.393495 48.974199 46.972086 48.729764 48.212897 51.358047 54.654667 47.066682 50.343178 49.220932 51.232202 46.749698 50.431434 45.627784 51.703244 49.453397 48.278089 50.073236 49.181774 46.307079 49.723635 51.193513 47.886147 47.330870 46.417313 50.950422 51.567312 48.789551 46.646387 50.664312 43.854792 49.030297 50.709252 47.591298 49.106924 53.554525 51.367265 50.227529 43.678220 48.284229 48.390941 49.085476 47.663480 49.460817 48.372918 52.910961 48.861373 45.187939 50.473550 45.514799 49.528548 48.936156 44.686569 
47.197149 52.979766 50.127478 52.365536 48.129508 48.847891 50.134557 50.015179 51.772136 48.291091 52.094627 49.134800 47.189588 46.031280 48.310722 51.272020 48.337801 48.659686 52.061956 48.735484 50.244546 53.039761 48.130407 45.984510 51.749906 53.903193 50.894548 50.885577 55.977993 50.214096 49.827761 50.009831 46.611848 48.034561 49.675132 50.368327 55.522581 53.957059 51.439046 46.798126 52.057435 51.583044 46.301938 52.731531 49.428197 51.283866 49.517619 52.170880 47.449578 49.606493 48.793831 46.832581 49.269179 48.774369 50.320944 48.124282 49.011739 44.124378 49.453040 47.704444 54.289170 48.547729 45.225411 50.134611 46.669657 50.253482 49.392239 50.978249 52.328613 47.108359 49.978092 48.429341 46.784372 50.266786 49.617014 54.968970 46.965046 48.527426 52.703548 51.733332 51.175771 50.229754 51.907732 44.653446 50.925017 45.615118 46.431647 52.178117 51.811783 53.708671 50.750151 45.941528 52.697607 50.771774 51.099061 50.061416 50.171625 46.669024 47.553556 48.074911 50.042249 45.507516 48.904256 49.996252 47.496007 47.501606 48.530309 51.657058 53.259058 46.091932 47.655158 51.104712 48.787331 46.681672 54.292315 50.310080 48.794338 50.030205 51.576720 51.856138 49.878148 51.108187 48.121861 52.346503 48.178698 49.178682 50.147866 50.290277 51.274669 52.059950 48.319624 48.347747 49.807009 53.770326 48.779801 53.778771 51.229430 50.500419 50.140841 45.640249 51.156436 47.866758 51.422158 57.321310 50.103347 53.248415 50.581539 48.930592 50.189117 48.453295 48.316688 46.760675 52.390397 55.313994 45.843463 50.844529 51.164600 51.068689 47.825455 49.363142 44.668644 50.719066 50.187466 46.459944 49.907682 51.318575 48.512041 51.923983 52.361934 46.571086 48.460899 48.767312 50.587345 51.384282 48.234429 49.135355 51.104746 44.770299 48.802114 51.639620 46.107697 48.904300 51.454226 52.117255 51.512227 43.282736 46.666417 48.220571 49.989218 51.000553 52.858248 48.983395 53.613495 49.730221 47.537812 53.568018 47.311709 49.776047 48.579487 45.715620 
45.748557 49.763708 49.239099 50.141446 46.363634 49.577075 50.432760 51.838274 50.842177 47.236366 48.731397 49.425060 48.853463 49.651980 47.800285 50.016118 47.975541 47.839014 50.188180 50.940747 48.803561 50.030150 51.568722 43.195726 52.235968 51.410596 50.566402 51.581378 55.191623 48.694558 46.498806 48.924249 46.990466 48.859158 48.573104 49.970278 53.810505 53.060945 51.730621 45.942826 50.881664 50.738921 45.993585 51.663756 46.433675 49.646581 48.198735 47.808429 46.734561 50.370891 50.922086 46.916758 48.952335 47.527569 48.323097 46.649025 48.993615 44.549004 51.168739 48.515465 53.072927 49.306617 45.772873 50.603655 44.940662 49.390184 50.574859 52.023424 52.265443 45.562866 48.973596 48.853369 49.816636 49.858216 47.654557 55.200881 47.855255 50.102365 53.357900 51.936870 50.535107 51.351057 48.842237 47.990922 53.527410 46.884867 45.374874 54.774496 51.063595 50.814802 51.666666 48.173509 49.433406 52.463390 48.963412 50.942691 47.840616 50.072088 46.856304 47.765408 49.910879 44.577159 50.152709 48.603385 46.934008 47.176956 51.045184 49.611814 50.020221 46.287195 49.476299 48.280905 49.578373 47.540785 51.631829 48.739982 51.656778 48.695198 50.797708 52.167820 50.449573 50.281142 48.114320 50.203687 49.170563 49.963364 50.545292 48.576841 53.438861 50.462444 47.607900 48.269827 48.220236 52.465046 46.422296 55.224713 50.482348 50.719541 48.214909 45.991169 50.705070 47.698894 50.752705 54.946440 48.209094 54.574710 51.164609 51.806025 48.300711 49.426407 48.532267 47.098129 48.492431 54.490530 44.712227 51.714504 52.154474 50.771929 49.347749 50.855693 48.258373 54.609529 50.938599 47.076222 50.945806 48.849285 47.506394 53.008673 51.514375 47.324497 46.136433 48.431695 52.642480 48.333865 49.468734 49.781195 49.895583 45.094307 48.806815 48.393155 46.978646 49.283616 53.226880 51.048125 51.221964 44.942282 47.203520 45.962329 49.512506 49.862150 52.215357 46.083589 51.708295 48.501802 48.337795 51.179692 48.299455 50.540342 49.640148 45.745679 
45.103320 49.085531 49.658788 50.754260 46.518417 46.510108 50.467922 49.301082 49.912458 44.722676 49.520116 47.044590 46.308173 45.011398 49.688166 51.069805 47.943413 49.645970 49.096718 48.100538 49.518148 51.449594 48.222021 42.906529 50.984930 50.899817 47.633162 50.515180 57.044042 45.176077 46.932401 47.808570 47.969925 48.573583 48.339433 48.251232 53.904061 50.040998 50.971655 46.692093 48.470755 50.087897 45.532544 48.788620 45.691595 47.428289 47.949372 50.032677 44.813424 49.902427 49.796794 45.705928 51.295835 48.073726 48.909129 45.726630 50.425086 45.526467 47.338110 46.050475 53.134831 47.494113 45.757545 51.374835 45.730460 48.177922 50.197529 51.048303 52.997031 45.732430 50.600489 47.745589 46.139803 50.204370 46.978065 54.935098 46.448508 49.394932 52.015396 49.454324 48.129691 48.970903 47.838298 43.453731 51.102266 44.736616 44.897610 53.054923 51.574450 51.130991 50.683512 43.315669 49.103088 49.710833 48.630764 49.660124 48.143142 47.222102 48.108882 47.038790 47.973287 45.714358 47.220251 48.346717 47.028970 44.737392 48.013783 49.878219 50.408472 45.621230 49.198977 47.640125 47.636580 48.809411 51.141149 49.335269 50.754486 47.175857 49.662233 53.373642 47.402252 50.762471 47.005247 51.073378 46.934049 48.496112 50.546494 49.382691 51.349307 48.878466 46.312241 48.831647 49.371528 53.452049 45.755018 52.528068 49.649156 50.324496 46.916868 43.984110 49.878416 48.307092 52.955885 55.781556 49.687112 52.165708 47.385529 49.026659 50.924255 47.769063 47.242598 46.508917 47.817499 53.940561 44.511379 50.370618 50.777959 51.251081 47.346925 48.890404 42.188970 51.489226 49.587353 46.400253 50.894683 48.938269 45.831660 51.184810 50.400740 46.423745 47.939941 46.125204 51.631293 47.098265 47.403413 48.037851 49.650100 43.592759 45.824471 51.712954 47.004248 48.962509 49.619577 51.858843 51.286912 45.115926 45.649537 45.244559 48.621354 48.903404 51.697288 46.826687 51.199331 48.388658 46.435323 50.723621 44.980045 51.018710 49.369010 44.292702 
48.844591 54.098260 50.630727 50.432365 47.730279 47.458382 52.187443 51.163663 53.649215 46.784015 51.263840 48.632306 49.599720 48.294037 50.451779 52.587097 50.119639 47.199420 48.222092 47.509618 48.388611 51.410748 49.270013 46.474152 53.907049 53.742881 48.512978 53.217655 57.508062 48.916744 48.012184 50.568940 47.498936 51.101136 50.137655 50.053635 54.512973 52.475817 52.963766 47.138444 51.245526 50.242545 45.772748 52.659830 48.675595 49.696788 50.248414 49.736850 47.518208 48.983907 51.336277 48.310820 53.504533 49.437589 50.251365 47.468393 49.173031 45.829807 51.354520 49.283117 55.006550 45.647807 46.914379 53.127371 46.726604 50.370103 50.445502 51.514052 52.321945 47.846223 51.764059 48.757483 47.224507 52.295309 48.101461 54.588764 49.466585 49.848520 55.417100 51.261384 50.615481 53.193424 51.189055 48.114910 52.392476 47.003320 45.948688 54.636906 52.388583 53.218202 54.206225 48.087858 50.510473 52.107237 50.881593 50.005499 49.078848 49.632261 50.750895 50.183594 49.991523 48.099424 52.500189 50.866780 49.217236 48.612389 50.003233 52.353580 53.152359 48.172066 54.758198 48.768606 48.261781 48.345456 54.927557 48.254444 50.887881 51.532145 52.657865 55.143050 54.290009 53.552157 50.271864 52.516556 48.913885 49.346285 50.950352 51.510037 52.522803 49.458601 48.361500 50.818265 48.885114 55.268998 47.769546 53.899412 48.583493 51.908494 50.215170 45.904580 53.980247 46.567968 52.694492 54.735226 50.663713 51.149480 51.501012 51.744137 51.205976 48.297964 49.610153 49.217416 52.236993 55.271066 44.815211 53.357004 51.202786 51.866174 51.349495 49.896067 46.693119 53.286303 50.865931 48.659350 53.017155 50.977962 48.596171 55.078484 55.085961 49.093199 49.135256 50.143573 52.776830 51.764318 50.840724 51.054987 51.475190 48.041174 49.542519 52.242906 49.171478 51.416974 54.362879 52.978177 51.768052 45.183979 50.062398 47.975388 49.160484 52.109368 52.796474 48.529886 52.368546 50.131814 47.775927 54.228203 46.583655 54.195036 50.033901 45.271351 
51.816099 53.827533 52.537045 56.017241 50.103469 52.280031 53.300239 54.766185 57.039913 48.152088 53.078302 52.063832 50.999798 52.277249 54.227673 55.693177 51.343947 53.790135 51.480943 54.448582 52.855090 55.368380 54.986950 48.997600 57.437434 58.806395 53.255266 56.619799 60.148335 50.341546 49.650214 51.506558 51.373352 51.906689 52.431095 54.843722 58.033626 55.671213 55.474730 49.528406 53.125916 56.724289 51.834917 54.616615 50.937722 53.757226 51.670068 51.978802 53.056057 51.934688 54.635269 54.236186 54.663947 49.439029 53.483250 49.652635 53.385454 46.575518 52.640665 53.265459 57.979064 51.425632 47.236264 55.185591 51.583538 54.200141 52.619921 55.011416 56.566210 50.084837 55.816429 52.545327 51.962287 56.279790 52.899450 60.870854 52.605654 52.448393 56.969593 58.656109 53.317158 52.564123 53.980228 49.205119 57.563754 49.192824 48.256751 59.525397 56.052468 56.592190 52.746531 51.323259 55.233377 56.185978 52.619631 53.185398 52.700125 52.193255 51.335634 50.311618 52.507453 49.223560 51.644505 51.348897 52.097225 51.359214 54.509982 54.469661 56.352317 49.263230 55.549578 53.560939 50.611739 53.613129 55.892701 53.870007 55.848607 53.255896 54.239617 59.053988 51.206006 53.937589 51.733443 55.412758 53.390611 52.954275 54.137164 51.815262 57.011470 52.300779 48.646641 55.023907 52.378222 55.707837 53.457092 59.293299 53.475929 56.404708 51.890269 48.268922 56.040681 50.250558 56.336644 56.806694 52.280585 57.143028 52.710338 57.798717 54.292322 52.582501 51.696279 54.562475 54.191874 57.309167 51.113722 57.755298 55.560773 57.006492 51.416780 54.907045 46.792001 57.352201 53.729212 54.213016 55.955942 53.275705 50.426904 56.799118 55.591837 52.193821 53.172839 51.517970 57.341649 53.358760 52.724353 52.985801 52.783175 50.229173 53.229088 55.303369 52.172979 53.749865 56.295037 55.875176 57.678063 49.459472 50.224876 52.401393 53.838485 55.937298 56.070340 53.349003 56.830926 52.758869 49.047216 57.400309 50.881294 55.557548 55.619901 50.271542 
48.736351 52.929640 50.559473 51.047879 48.136189 49.529034 50.590978 52.469343 52.432257 48.794578 49.585878 49.158573 48.145451 47.026340 51.551539 50.434753 50.522288 50.086137 52.723595 51.818116 49.505352 51.909756 49.163577 46.759600 53.852096 55.748168 50.708008 52.067509 57.789108 52.030911 48.451285 52.330318 47.504301 48.586090 49.116305 52.430733 52.730302 52.729253 53.221284 46.365576 52.905892 54.090972 46.556248 52.672930 47.549492 51.646209 52.677884 50.423944 48.980226 50.439669 53.028418 49.145459 50.751881 50.443982 48.696508 48.053495 49.703427 43.940095 47.387491 47.934768 53.695460 49.153773 46.770051 49.867195 47.232550 51.408160 52.531367 53.831413 52.661446 47.694591 52.303351 49.698118 47.001456 51.670877 49.239523 56.193157 48.000414 51.938515 54.120540 51.983394 52.797336 50.498271 50.879157 47.740377 51.362212 46.396102 46.537525 54.218370 52.767368 52.675756 48.835991 49.143405 51.392707 54.882360 50.390644 51.569860 48.238587 48.489782 50.860226 49.753120 48.481152 46.587377 48.287229 49.112517 47.624819 47.584294 51.377066 50.619526 54.100233 47.490326 53.578333 49.980586 47.283767 48.865578 55.027311 48.974004 50.936502 52.006791 51.764184 55.657625 46.348841 52.209989 51.183045 50.440017 48.945706 50.463246 50.856239 49.025233 53.151161 49.527546 47.785331 50.498206 49.422241 53.575577 48.062358 55.525705 50.876119 51.504609 50.473625 46.305803 52.245586 49.883354 52.460546 53.431727 49.061236 54.400358 51.023064 53.714254 51.453259 49.410736 49.162385 50.865002 49.655855 55.529185 46.217422 51.221465 53.166740 51.275113 49.739543 50.496506 46.340389 53.722687 51.013209 49.838683 50.992162 49.458791 46.229583 54.479460 53.824709 50.239422 48.512939 51.607368 52.778964 51.103712 50.067077 47.586909 51.339740 47.050257 49.176894 53.503613 49.245477 51.413007 51.508856 52.469311 50.734818 46.441444 48.791065 50.955486 50.242837 50.593721 53.117517 48.901658 53.047541 49.331904 49.080441 53.160186 46.219723 52.358512 50.651937 46.727385 
51.028292 52.077704 54.555220 52.459452 49.113735 49.681308 52.082256 51.674521 52.863383 47.371252 51.500512 50.094050 47.974463 48.364874 49.786768 52.597430 51.618216 49.096020 49.169340 50.715562 49.745003 52.978441 51.811615 47.551821 55.522337 54.011338 49.459278 52.578950 56.674562 49.932552 49.087770 51.815616 47.472811 49.376293 51.444029 49.951757 55.480558 54.367801 54.040639 46.250757 54.068351 54.489265 47.106038 51.374473 48.973836 51.983754 51.389053 51.978074 48.307106 50.805773 50.192085 51.374835 52.150423 50.145192 50.131764 48.057347 52.037276 46.345729 53.096425 50.546827 56.639245 48.607700 47.826785 53.701617 46.291293 53.571263 52.191356 52.052513 53.295870 49.525337 52.685042 49.528705 48.753159 52.912232 50.515396 55.775827 50.080426 51.234387 55.166018 51.690874 52.827452 50.860120 51.884543 47.125894 55.197684 49.090984 49.202940 55.021311 52.267905 54.671485 54.284488 49.759100 53.035707 54.198823 52.942251 50.862798 49.958217 48.501164 52.721223 51.608576 49.300553 49.597102 47.482896 51.508195 49.615689 49.238743 51.379872 50.334312 52.692558 50.022056 50.681921 49.534059 49.191626 52.417511 53.238176 52.509655 50.435366 51.224160 51.936244 55.397507 49.857932 52.051476 52.792560 54.109234 47.630382 48.629099 52.267383 52.501815 54.517895 52.749697 47.365453 50.830783 49.333282 55.149579 50.757685 56.344902 50.180656 54.206199 51.562160 45.491890 53.139232 49.260812 54.257715 55.512596 52.813579 54.960547 54.020599 54.322351 51.124255 47.363206 51.160318 48.958703 52.809176 56.969715 46.733001 51.847885 53.672385 54.183916 52.025629 51.758934 46.229094 55.097190 52.927039 50.730575 50.534066 53.229207 49.213065 56.998512 53.968922 49.629775 51.575924 50.978790 54.322327 50.760702 52.551261 51.025507 50.944623 46.819753 51.050607 53.006229 48.247889 50.999082 53.970067 55.486656 53.982882 46.719802 50.840960 49.379848 51.846799 52.250873 53.003544 47.902842 52.835290 51.428048 49.908610 55.613753 47.754806 53.303750 51.060761 49.388009 
47.593599 51.434426 53.055928 53.338988 49.353995 49.042757 50.969137 49.724905 54.547912 47.408964 49.311513 51.521568 50.358583 49.815145 49.926051 52.260243 50.335934 51.756359 47.807303 50.948610 50.416540 52.206158 52.738687 45.251857 54.091571 57.363302 49.934279 53.939991 55.028292 51.291888 49.743685 49.621923 49.331175 52.346018 50.907013 53.031501 55.048983 51.648622 56.039578 46.768184 54.665470 51.482125 50.540360 52.523137 51.287938 49.691291 50.962812 50.373542 47.933277 52.754024 51.585481 50.490906 53.624775 49.673874 49.870654 50.185257 51.532775 44.754395 50.869685 49.612484 56.948821 48.599991 45.543281 53.863182 46.789164 53.040847 51.867406 54.274528 52.160814 49.397982 52.046941 48.673845 49.964098 54.882112 50.821732 56.759504 50.887157 51.230976 53.804665 53.952121 51.922192 53.244655 52.312015 48.583707 54.441832 48.124889 49.577193 56.603236 52.721527 54.643623 51.964498 49.967721 51.972971 56.610644 50.091563 50.785972 50.771084 52.272671 51.868628 49.389140 49.263027 49.046178 48.798389 52.250366 52.850628 50.290193 54.336237 47.531004 53.960072 48.569658 51.712489 50.650670 50.283667 52.227965 53.479925 53.480761 53.248081 52.156123 53.138063 55.093926 50.196331 52.323588 52.036311 51.414404 52.337446 50.361788 51.177120 54.654253 53.992348 51.441456 51.107639 53.010073 49.957107 55.780462 49.071371 57.015518 50.068646 56.226707 50.154242 46.384207 52.026133 47.600885 52.628403 55.526705 54.150368 53.441198 51.314349 54.474678 51.925027 50.036710 49.205891 50.896266 50.912965 55.987285 50.185125 53.835474 52.554777 53.565713 51.825710 54.631320 47.511587 57.435649 50.564238 49.078565 52.687535 50.471082 48.713178 56.921367 54.807485 50.291156 49.510042 50.152554 54.972169 52.141571 50.720270 51.200658 53.521347 48.943062 52.234796 51.810088 49.352687 50.887373 55.072915 54.859655 54.297781 48.916552 49.263435 48.848262 52.852531 52.365121 54.273690 49.626323 50.857283 51.143611 45.539432 51.779112 47.088237 53.917936 50.247556 48.980689 
47.695626 52.118257 50.482482 52.621781 48.991843 48.313424 51.179279 51.228602 53.235343 47.232932 52.037824 50.415784 48.172426 47.204091 49.520143 52.171012 49.332743 51.087463 50.735410 49.599611 47.055675 52.410821 49.357696 44.870517 54.161387 53.898146 49.126404 52.584258 56.251838 49.708794 49.733755 52.145393 46.310420 49.127002 50.502005 51.394190 56.592549 52.623912 52.799128 47.348430 51.873129 52.112188 47.954419 54.137622 48.651123 50.992146 48.182614 51.223195 48.545526 50.188219 48.997823 49.440539 50.485115 49.445803 48.099478 49.440687 48.612342 42.671243 47.727993 49.552454 53.298567 48.011761 46.264402 53.767665 48.806990 50.794507 49.664310 53.013760 52.961254 50.673203 51.759590 50.314797 49.352293 51.136202 48.158710 55.792268 48.940598 49.091774 53.308354 51.385595 52.532591 51.260425 51.126662 47.896038 52.427411 45.627501 48.392584 54.443513 50.729156 53.741396 53.198558 47.502731 50.170292 52.292235 50.404204 53.234870 49.957966 47.197445 49.880139 49.665564 49.456934 47.547100 48.195652 50.321989 48.536123 48.528309 50.171522 49.507414 52.435474 49.462146 49.157777 50.688251 50.638227 50.549860 50.800983 51.794683 48.820693 50.175304 51.839775 53.383781 49.723005 51.226202 49.107788 50.708172 50.245504 50.246019 50.637847 51.204636 51.595154 50.869346 49.760431 50.435900 49.346724 54.287674 49.024191 55.532414 49.960926 53.513853 49.366133 46.623340 52.715789 47.769427 52.365998 53.146608 50.515215 53.656305 54.452355 51.875817 50.082878 49.325122 50.006268 49.815342 48.511534 53.945342 46.596685 54.760587 53.903945 52.150058 50.012217 50.725500 44.134230 53.028788 52.041482 48.926646 51.040650 52.266473 47.414328 55.783818 55.333703 47.004950 49.739143 50.109124 53.381176 50.570075 50.265919 50.372749 51.519527 46.743097 48.285415 52.450595 48.163751 51.437634 50.149081 54.283798 55.671044 48.087569 50.529253 48.265831 51.590294 52.956776 55.156300 46.835388 50.887679 50.557778 45.770139 53.346377 46.628665 53.678072 48.190849 47.864279 
47.577126 51.619032 50.598255 52.037819 49.805926 48.507362 51.719880 49.825141 51.870078 46.283800 50.761257 48.946536 45.337400 47.615592 48.981674 48.711564 48.359329 50.161860 47.015465 47.146238 49.284923 50.874751 50.152882 44.945342 50.520209 53.897495 50.200577 49.132945 56.998029 50.257379 47.449361 49.721641 47.750173 48.399602 46.619987 49.747513 51.232544 50.960276 53.926773 48.352432 50.239386 50.915535 46.119304 50.595415 48.420303 50.129129 48.548064 51.129069 47.073412 49.953571 48.608095 47.505306 52.189793 45.591410 50.124485 46.581805 48.576304 43.410031 50.419676 46.941729 55.010805 46.772303 45.474146 51.235106 44.997911 48.943615 48.421229 52.510840 49.776210 45.987078 52.203271 47.707606 48.477604 52.867660 48.389873 53.828516 50.788641 50.668706 53.354983 48.652060 50.479840 51.476711 50.212467 45.522339 51.549403 46.655393 46.339748 54.772624 51.491386 51.188219 52.211425 49.695910 50.275841 51.539122 49.264196 51.823444 48.462743 47.165170 47.508807 46.657078 49.290100 48.089632 48.499268 48.452263 46.209643 47.059959 51.467805 50.150738 51.392882 48.607281 52.476712 48.210361 47.719536 48.430385 52.156664 52.101575 50.431358 50.427182 48.885628 54.867117 45.831952 52.459923 50.159014 51.004350 49.844782 50.410064 50.804282 50.991747 50.253381 49.464368 49.423295 49.690076 46.745164 52.750964 49.323774 53.969721 48.738526 52.130456 51.389423 44.893272 54.200440 48.147069 53.161785 52.808841 51.768374 53.056039 49.983431 50.070907 51.133921 48.117641 47.204104 50.395274 51.972783 54.701225 48.539209 49.426168 50.430241 50.551645 48.916308 51.669532 43.160840 53.610272 49.302884 45.767686 51.750163 49.427058 48.248858 50.975399 52.477277 48.815110 49.942976 48.646793 52.361629 48.861447 50.272916 47.021705 49.034519 47.424055 49.975119 52.227815 46.285216 48.506810 52.078980 53.740137 52.271578 45.605924 46.937587 47.592163 49.245823 50.594409 54.175458 47.894529 53.001315 51.278869 44.038220 54.487153 44.269370 51.673559 50.491104 46.911461 
48.873482 51.253173 49.817636 51.249475 48.076859 49.328302 48.841360 51.111512 51.688577 47.452510 50.002789 48.301258 45.736417 47.664248 48.353411 49.797649 47.649124 48.495035 47.022085 49.087489 49.217162 50.991136 49.405725 45.514065 54.181341 51.119687 48.286954 52.353421 54.169260 49.350848 47.628121 49.221933 47.019322 50.106553 50.314399 48.343830 54.963583 50.761599 51.287875 46.437898 50.217112 50.989413 45.315669 51.040735 49.180434 49.977305 48.658684 50.621386 46.616610 49.224055 48.417074 48.078048 53.302310 47.839162 48.850037 47.355985 48.415705 42.780865 48.982991 48.059601 54.545285 49.094946 47.778701 52.830129 44.533669 47.674481 48.073520 51.313939 52.973391 46.801772 52.853135 49.915363 46.380630 49.618517 47.097457 54.861163 50.261253 49.678856 51.175544 46.496428 49.359805 49.461544 51.028182 46.120905 50.857897 45.801117 46.871069 52.320636 51.615920 52.951155 50.777777 46.899418 49.113656 52.854668 49.250123 49.868553 50.503791 48.939153 47.855191 49.776314 48.326297 45.840861 48.527607 48.936478 48.603696 46.573283 51.555097 49.020638 51.309648 49.137132 49.649494 47.668970 47.851523 48.947588 51.287567 50.138087 49.279676 49.431499 50.530527 53.226971 48.970343 50.647076 46.151882 51.777489 48.273434 48.523045 52.566455 48.972156 51.436342 49.746030 46.894279 50.043690 46.753153 54.514699 49.510812 54.164928 49.290091 51.713377 47.981005 45.359018 53.091878 48.638347 52.840951 53.008437 48.460955 51.241676 51.204810 51.820106 48.085359 48.977091 49.438184 46.326905 50.956113 55.569540 47.303330 52.115504 53.132420 51.554790 47.596023 49.991719 43.288144 52.065437 47.572584 49.033326 51.643832 51.126493 47.162009 54.666801 52.500579 47.907892 47.855407 50.506598 51.513016 50.114968 51.555355 47.691065 50.182829 45.562980 49.602271 49.681069 47.287306 51.350679 52.243394 51.132702 52.408946 44.207413 46.492745 46.832444 48.317913 49.812563 51.418854 49.315834 52.657936 49.841392 44.733472 50.930833 45.124287 51.129764 48.895333 46.919922 
48.255526 52.035182 50.205320 49.671925 48.179046 49.032852 50.751457 52.054928 52.219081 47.989818 49.965165 47.838109 48.245689 48.634304 50.128118 53.598349 50.386782 45.857562 48.815188 48.197983 47.874528 54.284638 49.060222 46.229657 54.465906 54.904077 47.394872 51.050170 56.281512 48.280514 46.628854 49.848621 48.347298 48.750653 51.720694 48.837823 53.283241 53.022095 53.223580 45.296954 52.276511 50.475408 45.208640 52.465034 49.561334 52.124103 48.402192 51.112058 48.094405 50.023391 50.992341 48.066127 52.237106 48.439417 49.401239 48.409935 48.239992 45.265519 51.156829 50.083230 54.262214 49.177269 45.549200 52.739777 47.358421 50.109355 51.573377 51.961930 52.114067 47.578647 49.065462 49.084633 48.388321 52.076318 47.684762 53.766565 46.527378 47.058621 52.020822 51.727833 53.257573 51.018182 48.518681 47.720174 55.840504 47.760677 44.857873 53.990680 53.577332 53.206484 50.835978 49.356915 50.485921 53.751194 50.319115 50.415108 49.938643 49.822098 49.263814 49.984835 48.418747 47.124295 49.422299 49.513087 49.981738 50.616091 51.182940 49.754346 49.941556 47.480682 51.639354 48.306659 49.541038 49.286378 54.246961 50.993501 50.598916 49.657768 51.296537 52.427119 47.943307 50.051976 48.329977 49.963537 50.386360 48.898497 52.269062 51.767065 53.842780 51.085647 48.559365 52.172236 49.610687 54.991934 46.840107 53.197607 51.762629 54.159687 51.541852 43.900344 52.391654 49.077602 51.761455 54.173822 52.163557 52.592117 53.007455 52.991633 49.212345 49.013605 50.302641 48.277924 51.863138 54.580046 47.137211 52.409218 51.759695 54.644813 50.504895 49.968881 47.248195 55.607169 50.696530 50.408642 50.914049 51.446282 46.422173 55.127672 51.296617 46.621223 48.497938 51.109197 53.676881 48.445235 50.690816 48.083566 52.083575 48.830440 50.578801 48.767270 45.878037 50.501555 52.737977 54.712245 53.345363 47.022547 49.460165 49.501091 52.139316 51.501590 53.734444 48.679357 52.991054 50.334408 46.844955 53.886825 47.705779 51.849223 48.485826 47.310812 
49.618235 51.338072 50.462935 52.190477 46.956168 49.880161 52.403250 52.877779 53.127150 49.305062 53.806705 50.109851 50.316869 48.950349 51.220167 51.864321 50.054936 49.597460 49.184697 48.115290 50.439838 52.005217 52.453677 45.782765 53.636359 53.964472 50.447457 51.831159 57.129017 50.083980 51.094691 52.113201 47.296405 51.387829 52.161005 51.235888 56.764632 54.061011 54.810706 49.889984 53.130330 54.062419 47.380024 51.475708 49.311322 51.092017 51.227698 51.289963 46.907225 51.330011 51.586724 49.293194 53.051950 49.622090 49.694282 47.691661 51.612673 46.963054 50.910293 48.582063 56.240941 52.125340 47.538927 51.106263 46.076026 50.841447 51.347866 53.825767 53.742780 48.467834 52.813211 50.621233 46.536196 50.552782 48.535240 56.184897 49.154144 52.060994 55.005473 50.899700 51.949732 50.863897 52.726798 47.833149 53.776503 48.420275 46.992404 54.718467 51.334928 53.241027 54.259370 47.263970 51.273296 53.270044 50.367791 50.978628 51.180266 48.763881 51.018620 49.949030 49.772310 46.764701 49.423385 49.861484 49.902318 49.581580 49.815587 52.207225 52.337275 50.449004 50.542265 50.250550 49.300434 50.898315 53.422532 51.726443 49.622404 52.102273 50.756480 55.404014 51.732179 53.418916 52.622416 53.222248 48.845646 51.575475 53.064752 51.107439 55.517588 51.726642 48.387074 51.916358 49.620833 56.086095 50.656750 54.884453 48.812502 51.867461 49.814073 46.745224 53.540610 50.694761 54.471171 56.648480 51.505613 53.898058 52.031851 52.258893 50.422027 48.403312 52.099949 48.529747 53.455560 57.666166 46.860587 53.077257 52.565223 53.896002 50.965219 52.459868 44.815304 53.531032 49.556250 49.155062 52.631205 52.815276 49.719037 55.489641 53.450395 48.904510 50.141679 51.635690 54.021399 52.284689 50.489580 49.110243 49.937581 46.076528 49.558899 54.153862 48.093183 52.417237 52.046282 53.176585 53.218544 47.328492 49.130402 49.493643 50.126269 51.552487 52.897082 48.828117 53.838548 52.034906 49.216136 54.255524 48.166759 54.417111 51.382708 46.855688 
49.707551 53.655777 53.352507 52.787526 49.380556 51.698513 53.692633 53.304795 56.359944 51.224842 51.366150 49.521894 49.243728 48.794342 51.194467 52.113241 48.844752 49.765877 51.323702 52.568653 51.958131 54.177880 50.459841 46.877379 55.360763 57.566371 51.440179 55.762512 60.317681 53.568934 49.825076 52.594761 50.916152 49.882311 50.933100 52.326964 57.381632 55.053959 55.227307 49.842625 54.170718 52.989948 49.139778 54.592131 49.467435 51.903272 52.290881 55.141075 49.294076 54.681595 51.686641 48.794288 54.329750 49.913088 53.779426 48.352103 50.887195 47.696328 52.258640 52.372631 57.742008 51.943215 48.320364 54.053215 48.894968 50.848518 51.814328 53.846286 55.179493 49.520038 54.069677 51.306724 48.685764 54.028001 51.176838 56.517190 49.195557 51.132990 55.809465 53.717728 54.107892 52.707865 51.526376 48.904829 54.212749 47.548467 50.856888 58.266889 54.813685 57.469275 52.836333 50.786698 52.784855 55.244936 53.278812 53.515215 53.278353 50.391427 52.562598 51.062933 49.769562 49.722266 49.757748 52.382941 50.160811 48.965631 54.541306 50.710779 54.429629 50.861272 51.934743 52.229940 50.695605 54.218785 55.242867 54.304068 52.495508 52.889098 53.047338 55.183959 50.507849 53.182471 51.492478 51.167423 52.914104 53.362628 51.371232 52.845389 52.311500 52.388158 50.556379 52.452749 48.799894 53.358121 51.262720 56.525367 52.838596 56.814809 54.682681 47.664202 54.470352 50.561516 56.016411 56.273412 52.750847 55.993216 54.063916 52.991698 53.540506 50.057805 49.444446 52.271955 52.362114 55.220289 49.097035 53.834068 55.170045 53.450592 49.491903 53.115670 46.492338 56.903319 51.657450 50.300682 53.355472 52.855239 48.958710 55.106830 54.662167 50.583961 52.102105 55.316977 54.805087 52.178529 51.944208 51.375874 54.355209 51.198646 51.187649 52.543453 48.981121 53.329435 53.523235 54.471265 52.367895 48.530113 50.931632 49.971171 50.702247 52.492572 57.667340 48.182255 54.370302 52.119527 51.048761 53.660677 47.735175 54.172422 50.950063 47.356114 
43.965840 45.940049 45.380424 47.525853 43.617540 46.771412 45.614660 46.278659 47.385899 43.049995 45.923727 43.395936 43.945440 41.994918 45.464471 44.730314 44.568084 44.452106 45.790821 46.462404 43.391602 47.526364 47.241846 41.388956 47.834014 47.509929 43.916652 47.460222 49.770255 43.318016 45.248441 45.693442 42.933357 47.026529 44.663719 45.770223 49.910587 48.177544 49.055078 44.143784 45.402762 50.055017 41.522510 45.653084 45.807356 47.271449 45.870012 47.282737 46.002935 44.915002 44.748695 45.174631 48.898179 42.966740 46.750437 43.715696 44.669665 40.729775 43.705980 44.614307 49.984865 44.495355 41.010303 47.443107 41.640515 43.964611 43.250803 47.842741 46.575957 41.954116 47.974311 43.591613 43.942531 47.851520 45.141018 50.243732 47.458603 45.263207 46.253804 45.803365 44.712314 47.001227 47.313922 40.731806 45.460719 43.368049 43.280555 47.594463 47.113318 47.916433 46.533504 44.167979 46.580201 47.924195 44.568358 45.244277 45.286969 43.637974 43.994248 41.944125 46.020819 43.034568 43.840741 43.107323 43.418272 41.940905 47.279665 43.383471 48.924953 42.924745 44.250590 45.221564 43.917889 45.364470 48.108958 45.957159 47.535767 45.554745 46.403774 47.148700 45.034098 45.263584 44.729461 47.050544 45.619850 42.824213 48.011154 45.700909 47.915229 44.155454 43.751988 48.989518 45.363426 50.290487 46.704883 50.182545 46.645202 48.658881 45.964257 44.281941 48.403233 44.762852 46.805814 50.000613 47.938338 46.339296 46.057341 48.512170 45.058185 42.938084 46.406191 46.433347 48.632375 47.831425 41.103164 48.598852 45.932903 46.511242 45.584813 48.478070 41.005835 46.977457 45.962203 42.407415 46.604179 47.099461 45.421398 47.016553 47.853092 44.601024 42.702276 43.925301 47.800537 45.153317 44.526401 44.803662 44.938712 44.573173 45.265260 46.495655 45.880546 46.298521 47.836342 49.642431 46.947827 42.296448 43.223759 44.972186 47.544869 47.361938 47.775027 44.519507 49.427263 45.386438 41.381334 47.560797 41.764197 46.405611 46.668498 41.863915 
45.373264 48.671868 49.127825 50.322219 48.780797 46.492699 50.293876 48.725251 50.460303 46.135601 49.846673 46.531426 48.807101 46.717542 47.328353 51.596685 46.906513 46.828203 45.755913 47.289284 48.432163 49.025886 47.905553 45.115991 51.976978 54.691206 49.063984 52.683761 55.235573 46.736442 47.527070 48.394281 45.777344 48.680634 45.639222 49.742072 52.746024 50.664638 51.904528 45.167029 51.207082 49.437917 45.374607 51.123950 48.093670 48.813075 46.609143 47.906518 46.578772 48.822398 48.609930 46.626611 49.162875 44.940533 48.452479 46.083812 47.491014 41.497523 47.934921 45.289627 53.395012 45.910766 44.950338 50.020599 42.508005 47.248284 47.636911 50.998979 49.302353 46.242989 49.485176 46.646939 46.746382 49.840715 45.925595 51.803479 49.275563 49.104397 53.674210 50.568213 48.246095 50.870662 49.333163 44.585931 51.822039 45.731653 46.120124 51.668081 49.880942 51.816489 49.607254 47.574663 49.466769 53.508198 48.475516 46.591892 47.449043 47.293000 47.332554 48.870929 47.522469 46.275928 46.129629 46.562986 48.557661 45.721236 50.273035 47.231505 49.916451 46.982782 51.081980 47.944027 45.618030 46.436802 49.949735 49.299556 47.882444 49.274751 49.876563 51.328813 48.927472 49.641215 49.377545 49.021044 47.292392 48.928899 50.095300 48.674428 49.361530 47.379178 46.441977 47.007704 47.805892 51.518538 47.621679 53.180237 45.871396 51.151576 47.640420 43.403740 50.250439 45.822273 52.374028 51.664256 48.931813 51.949716 49.149740 51.905661 49.240649 46.655796 47.786821 46.550970 47.925149 52.320827 45.008236 50.466921 51.230565 53.033666 49.772905 48.632165 42.425483 51.312030 47.578030 48.234297 51.069476 50.402859 45.171528 53.166423 51.048243 46.045390 46.521703 48.367641 51.105712 50.875174 49.642105 46.813415 48.686884 46.562342 46.482668 51.134136 49.177899 50.221502 51.670992 49.899389 52.771924 46.004080 46.439457 48.844017 46.548034 49.202632 50.545206 46.078120 51.464101 47.723283 47.404842 51.829604 45.227291 50.093362 48.139068 45.508415 
50.561682 55.075206 53.727408 50.760766 50.511211 52.557169 53.958669 51.703096 55.381715 48.440802 53.433614 48.131868 48.806012 50.227843 51.742462 53.447687 51.208974 50.019969 52.141780 52.239212 52.022238 53.446584 47.597453 49.589480 55.027080 57.031150 51.846849 53.194285 56.171648 51.478335 50.641541 49.675062 50.119030 51.678572 52.051336 52.961451 55.735786 54.056402 56.899001 50.551333 52.629587 53.784764 48.356808 53.279305 50.986150 53.167678 51.840801 53.305993 48.540525 51.433924 52.882658 49.477220 54.586916 50.512964 51.505742 50.629696 52.768829 46.130428 51.525221 49.396866 57.469355 50.895864 46.859564 54.422561 47.890517 50.367790 50.466483 53.514070 56.255325 49.573950 53.780572 50.315181 51.037377 54.513847 50.524796 56.395930 51.282160 52.101664 55.959086 53.070020 53.014816 52.498343 52.357039 47.679308 54.764682 50.842566 48.956304 55.915548 52.621127 54.376635 55.863176 52.929239 52.135763 53.686648 50.722267 53.226013 50.976968 50.927583 49.885638 54.526182 49.875047 49.058621 50.069040 50.436657 50.347211 48.184485 54.441901 52.320189 55.701465 48.791360 52.628531 51.020759 48.428377 53.176307 54.182095 52.969580 51.871781 52.053473 52.953783 54.758203 50.550021 55.107921 50.338761 51.910548 50.148733 51.590810 53.972817 54.522240 53.917899 51.459327 47.591644 54.332165 49.482330 56.045383 51.205595 57.369110 52.275185 53.247979 51.201756 47.399850 53.504700 51.514731 55.720706 57.607283 50.947682 55.380290 54.096134 53.526086 52.526096 50.190485 50.715198 52.564177 52.713261 56.474778 48.100932 54.360133 54.233865 54.886430 52.809188 52.673410 47.560220 54.659233 51.868780 49.584431 54.010467 51.008753 50.491442 57.018065 52.694563 51.239198 50.709505 53.600466 54.904922 51.829792 52.845551 51.025217 51.652073 48.469440 52.266791 52.249423 49.185598 51.535989 56.665096 55.079789 53.584028 47.770646 51.186962 50.523891 51.596708 51.750994 54.525086 48.492802 55.998479 50.901415 47.508445 55.685675 46.875871 54.034119 53.512507 49.313476 
51.758614 53.464353 51.703492 53.751357 49.043890 51.191412 52.656967 53.256337 55.386623 48.043867 53.494310 52.417521 51.157526 48.802491 52.444916 52.375635 51.671045 53.513564 51.212308 50.595665 50.478699 52.844191 52.055889 45.786225 55.470740 56.721406 50.833855 53.834787 57.222721 52.407860 49.965546 52.650701 47.905802 50.568794 49.690704 52.611148 57.466960 54.340918 56.256581 46.891478 53.824427 52.894106 47.630115 54.100666 48.592794 53.762016 51.793439 52.315526 47.218287 52.178484 49.438682 52.561948 53.496054 50.094689 48.604572 48.103066 49.808853 45.085192 53.645615 47.651501 55.458052 49.521667 48.748831 53.378927 47.741655 51.324889 52.287089 53.932047 54.329348 49.452421 53.652472 52.031610 51.279541 52.768000 49.183267 55.007580 51.564200 52.064095 53.711086 51.039436 53.595688 53.227014 50.357084 48.975416 55.603105 48.647562 48.793901 56.846920 53.740538 54.885325 53.675782 51.074959 51.337586 51.938789 50.204946 53.383473 51.369413 51.408563 51.378623 51.853021 51.076162 47.248556 51.258951 51.323219 50.330587 51.283893 50.913640 50.743336 54.703953 49.675097 53.160093 50.748538 50.815271 50.800144 54.051739 52.911745 54.166243 50.343224 53.613645 55.271764 50.387845 53.365048 51.357592 55.378689 49.680920 50.614277 51.083889 52.630009 53.549728 51.805302 50.572264 52.041335 49.458405 57.695310 49.192144 56.277085 51.737773 54.610020 52.942188 46.819697 53.747731 49.191334 54.705005 55.810017 51.721931 51.453912 54.784566 55.416252 54.014443 50.990996 50.170349 51.388570 53.106301 57.035321 47.987335 54.036256 54.762042 52.527256 52.424443 55.448197 46.109183 55.481953 50.388488 49.488026 54.482696 54.080431 49.743424 57.665369 53.124331 49.123136 50.864533 50.830490 54.947108 50.994631 52.615446 50.260360 52.574576 48.439070 50.138926 52.198693 47.997192 51.402722 53.344875 54.345193 54.739206 48.269658 52.994784 49.553266 51.739693 56.226712 55.502927 49.051277 52.550258 51.854130 46.234830 54.129460 47.268993 54.441244 50.963795 49.080684 
50.416316 53.305177 47.780330 51.442090 46.554744 48.265239 52.352380 53.966077 52.176285 48.476009 50.559103 50.235223 49.423493 48.555201 49.723741 51.103176 51.435761 50.540111 51.442755 49.048645 50.776543 52.118252 50.039804 46.660420 55.428710 55.352693 49.525760 51.180251 56.797435 49.064054 49.597421 50.195731 47.992914 49.344778 49.625794 53.013504 54.391153 55.441955 52.099711 46.645248 52.723546 52.443780 46.615130 53.958009 48.984365 51.375773 48.916677 50.246619 46.759789 49.793437 48.456425 47.592537 53.170762 48.390014 48.841791 47.937479 49.393964 44.300697 52.352393 47.949022 53.622437 48.353888 46.804405 51.482908 48.576785 50.791802 53.156168 53.152861 53.751915 48.897460 50.380801 51.265549 50.193926 51.368191 48.201867 56.789183 48.859903 51.164798 55.222358 52.096216 51.167616 55.207020 51.753387 47.625571 54.026158 46.656402 46.231411 54.746484 53.488690 50.850214 53.017374 49.877249 51.022284 53.680811 50.492494 51.226276 48.436459 47.537385 47.575147 49.504739 49.675278 48.375566 49.689213 50.134216 47.607145 49.222791 53.931147 50.690628 51.448044 47.412237 51.514845 47.798507 49.764892 50.982936 53.784278 51.061750 51.780653 51.245223 52.601279 56.875491 49.631858 53.110694 51.354149 53.028904 49.486749 52.512216 51.347738 51.071121 53.078933 51.662688 48.198271 50.809867 51.297167 55.078831 47.292803 54.821991 48.107655 51.409220 48.438909 43.748855 51.682148 49.197547 52.177684 55.184570 49.962979 52.225964 51.567932 53.384842 50.222508 48.867638 49.750988 48.205011 49.449269 55.387669 45.439376 54.137310 54.660817 53.524498 51.628121 49.326277 44.909267 54.452242 51.608879 46.790894 52.205812 51.885688 48.466485 53.603658 52.862296 50.442427 48.125072 51.706112 54.459344 51.240658 50.976539 50.655996 49.827382 48.397150 51.661580 50.157863 47.134002 51.771918 51.540328 54.248187 52.582861 46.524724 48.589054 49.274408 49.394691 51.364946 54.557137 46.532440 54.982477 49.477947 47.869956 53.190612 46.597341 52.848405 49.691848 47.047120 
50.351033 53.931320 53.333564 54.701095 49.510700 50.745461 55.002050 54.547236 55.424235 50.302145 52.514084 52.151182 49.539911 48.744785 51.464987 53.184129 51.045102 52.246081 49.859433 51.346177 51.359085 55.409987 54.838154 46.618462 55.582821 57.896525 51.656295 56.138506 58.612628 52.375772 49.973413 51.492700 48.381859 54.599248 52.553128 53.255018 55.758178 55.966563 54.671696 50.807482 53.904808 53.283481 51.932197 53.347180 49.494223 52.926613 51.614272 51.762179 48.110954 54.954739 50.860417 49.775356 54.417184 48.744026 51.044662 49.811646 51.900074 45.241513 52.651456 51.043641 57.804440 51.554994 50.188118 53.792363 48.775983 53.157180 52.599349 55.642973 52.684637 49.335015 53.149381 52.319153 50.553505 54.558616 50.935111 57.303956 52.821494 53.848452 56.858181 54.138852 52.743758 53.242725 53.641421 50.070705 52.549885 49.002226 50.108786 57.009619 54.935347 55.504871 54.903520 52.113949 54.377578 55.697751 51.302288 53.179811 52.017544 50.773365 51.754110 50.783961 53.709405 49.733799 51.347801 52.193684 50.381544 50.405554 54.187119 51.514670 53.207960 50.244032 52.062335 51.896567 52.173271 50.274986 54.652617 52.547568 52.794986 52.228653 51.585076 56.222743 53.091348 54.760838 52.048347 50.920794 52.446852 52.699628 54.795257 52.623251 55.359310 53.741017 51.673531 52.306879 51.547822 56.815166 53.045512 58.004971 49.192125 54.438131 51.953531 48.414466 54.232700 50.042690 57.636749 58.519949 52.500467 55.896810 53.830022 52.998472 53.506015 51.955910 51.312361 50.193099 53.405414 58.383495 47.826300 53.861981 56.303904 52.920877 51.851274 55.089857 46.899830 55.471994 54.990599 50.046847 55.513010 53.920119 50.664511 57.821988 52.678872 50.477302 50.554504 50.639303 56.889037 53.360221 54.321821 54.707103 50.502167 48.378177 52.811396 55.123983 51.719699 49.744619 56.422451 53.785925 57.123678 47.541108 49.802432 51.833187 50.353010 52.795472 54.730671 50.394847 54.435347 53.788048 49.230443 54.452183 47.501373 55.672001 51.610673 47.177562 
44.570583 47.189560 46.724743 46.846046 42.120388 45.273175 46.192494 48.324801 48.468204 42.597257 45.363907 45.373599 45.902036 44.337012 44.441186 46.683345 43.292752 45.383890 45.992403 47.477154 44.019075 49.003091 44.638657 43.389476 46.750826 50.153433 43.579933 46.859588 51.053936 46.769292 43.133986 48.454316 44.480623 45.017366 44.254812 46.207495 49.253356 49.098080 49.204312 42.374475 49.590914 48.940086 42.614942 47.713276 43.509883 47.361622 45.575184 46.619630 42.310214 45.433069 47.563886 45.327541 45.583771 45.961764 46.634286 44.308793 46.142387 43.274433 45.801868 45.188422 49.400089 45.175645 42.489955 47.596006 42.620961 45.386290 46.206966 48.353978 49.109835 43.859138 48.029435 46.204816 46.063625 47.654961 45.826548 49.516619 44.904265 47.040840 49.364310 47.223825 46.032330 47.093740 47.516444 42.815122 49.892972 42.340446 41.573061 51.272234 48.288717 48.684880 50.851083 45.011180 47.385449 48.925377 45.182324 47.480217 43.597016 43.725883 45.149706 44.189232 44.149956 41.840802 44.922658 44.625331 44.081898 46.422714 47.370768 46.107555 47.307697 44.550130 47.821654 44.605594 44.506830 46.705666 49.501032 45.591290 44.092745 45.514279 45.650582 52.652628 44.670639 45.981656 45.574809 45.714030 46.123305 45.152049 44.839365 46.698683 47.912263 46.136286 42.582541 45.885479 44.227980 50.820565 43.482551 49.569078 45.593517 47.997883 45.805379 43.676231 47.579923 46.001759 50.326366 50.088598 45.931535 49.398025 45.034706 47.726358 46.814095 43.496547 46.001458 46.775207 46.031689 49.768954 42.071414 48.243667 47.736644 49.367304 47.347065 47.396193 40.756078 48.038187 46.664954 43.091360 46.123629 47.034821 42.442368 51.136382 50.726618 42.867360 44.361391 45.000596 46.775332 45.572458 44.156795 44.863688 45.493723 40.805389 45.286371 45.210452 43.409724 46.267020 48.906721 47.930100 48.766707 41.034031 44.219807 44.944899 45.764251 46.282406 49.306738 42.318183 46.308909 46.864896 41.977516 47.757762 42.752373 48.485668 44.288055 41.896953 
48.273580 50.224295 47.486811 50.150670 46.011783 48.212904 49.841418 51.160665 51.170320 46.203601 50.889806 46.505280 47.900314 47.421930 51.837822 50.476257 45.773748 47.592020 46.768866 48.198528 47.316325 52.147305 50.049557 45.843005 51.453771 51.787927 48.137001 49.059447 52.722702 46.162814 46.143043 49.086180 45.380120 50.207005 47.652275 50.370470 54.419360 53.880490 52.582762 45.294844 50.796859 51.406158 44.606292 49.800184 47.476232 50.029799 48.389624 47.081719 46.384500 48.240930 49.598557 48.281964 49.831082 45.810099 46.945625 48.293671 48.252645 43.274814 46.967201 45.919260 53.107193 47.830310 43.454197 47.793902 45.627139 49.001811 49.187547 51.915023 50.614725 46.147109 48.249458 48.456579 47.034791 53.054641 47.413798 54.178541 49.777272 51.342540 51.648761 49.707729 50.716905 49.514565 48.694722 46.150064 51.735621 45.084988 45.073895 51.293585 50.549860 51.734292 50.183883 47.570980 49.598724 50.962556 47.873284 49.574725 47.945703 47.257885 48.219258 49.371908 49.920226 45.025051 47.086840 45.376250 46.288171 48.646140 49.459631 50.958353 49.862980 45.123837 49.788637 47.586971 45.144574 48.920844 50.318116 48.307318 50.888760 51.570255 49.601857 54.183964 47.326309 50.807149 50.382180 47.859947 48.456421 49.319274 49.542957 49.723438 50.475311 46.654414 44.813763 48.160043 48.555785 53.381181 47.767728 51.817465 47.532039 49.444600 46.473359 43.824136 50.494977 47.935662 53.184943 54.544402 47.893641 49.561911 50.120518 52.042408 47.715660 47.224581 48.033550 45.337279 50.394810 54.508167 44.848339 51.487431 52.022110 49.654546 49.115091 50.549840 44.056239 50.553651 47.830916 47.095770 51.433370 48.541122 48.018730 55.011641 50.253369 47.592189 43.423450 48.954838 51.239899 47.349869 47.648175 49.765682 49.828746 47.978287 47.912710 50.976288 45.618115 49.855574 52.306531 51.132910 50.820737 45.278543 48.281328 46.974529 47.234179 53.871359 50.969610 47.438825 52.433338 50.444578 44.471158 52.520050 46.974215 50.522622 50.662903 46.599327 
50.099061 53.693102 50.423581 51.235390 48.757509 47.286342 52.433279 51.288290 52.763882 47.438068 52.915846 46.640684 49.551244 47.732996 49.979764 51.621487 50.250233 49.282036 50.254569 49.800007 51.230586 52.725329 52.889761 46.262526 52.593470 55.331357 51.968622 53.698327 56.980297 50.792344 48.662159 50.866652 47.017372 50.330570 50.408242 51.941698 55.354430 53.259505 53.631460 48.777251 54.212347 50.551975 49.131709 51.418505 50.802443 53.889569 49.979313 52.745309 47.345913 51.123687 52.017881 50.075344 51.408436 46.944238 49.263835 48.861289 49.119692 44.674347 51.320307 48.988524 55.807043 51.987445 46.833096 51.887678 47.150243 51.600748 51.822914 53.028466 53.172323 49.599037 52.327867 49.725836 48.540343 53.856392 49.529826 53.951521 51.072583 49.340956 55.223529 53.081287 51.751166 52.327858 52.144412 49.845229 53.526353 48.161605 49.303016 56.817084 52.903822 54.496551 52.695442 49.428730 49.403483 55.672400 51.428202 49.556656 48.992540 48.803102 49.342999 47.197626 51.049155 46.775086 48.036740 48.831543 47.388210 47.559099 53.089821 51.345348 55.047557 49.465785 51.314597 51.034679 48.617942 49.798167 52.410125 49.067416 50.510339 49.716551 53.651003 55.755718 49.917675 52.203844 50.545452 54.755178 51.287824 49.911492 50.891104 52.740621 53.052416 51.652945 49.045524 51.065202 49.882525 55.047082 52.143112 54.922955 51.142105 52.939734 52.046864 46.432714 52.729882 49.945765 55.319797 55.281758 51.829506 55.308589 51.529183 52.134547 52.489790 50.774695 48.238506 52.258954 52.853333 56.717445 47.616857 53.635295 55.087105 53.036426 49.885770 51.754432 46.362032 55.338625 51.520367 50.721407 52.051067 52.781245 50.685506 55.804643 53.955615 48.044026 50.177755 50.405899 53.556618 52.576466 49.544188 49.487134 51.090558 49.209074 49.413196 52.399296 47.738876 52.406205 52.113824 54.147253 54.421216 49.206023 50.107553 50.855844 51.210854 53.500463 55.689567 48.802928 54.767594 49.300862 49.414562 54.740340 47.000916 54.276388 50.897875 47.669884 
46.462977 50.370975 48.325998 47.938013 47.381287 47.319190 48.593574 49.073757 49.907702 45.733315 48.856932 46.717524 44.668020 45.141538 48.030091 49.035236 46.153065 46.747666 47.019112 47.047306 45.778486 48.680030 46.544352 44.358201 50.821543 52.164754 45.293398 49.253714 53.523648 45.806681 45.046028 46.275817 46.082088 48.273262 46.267808 48.560908 50.873187 51.072107 53.143631 45.303830 48.885715 49.531517 42.467947 49.586141 45.867972 47.620561 46.964256 47.836226 44.903739 49.109452 48.813156 45.564655 48.745806 45.020681 47.919314 46.291876 48.532555 42.405312 48.761555 45.526118 52.140439 47.330450 44.405005 48.145080 43.076076 46.793176 49.329607 50.395697 49.828558 45.217632 48.156945 46.292700 45.110323 49.651438 45.518392 51.508451 46.849470 49.022395 51.104982 49.663456 47.932176 49.336190 47.277704 43.491977 50.883423 45.200983 43.806611 50.684839 49.113912 49.695090 47.752186 45.862681 48.062762 48.975926 48.174939 48.400157 47.752856 47.167785 45.908149 47.805493 48.807964 42.918370 47.114750 46.679860 47.179954 47.747551 47.743205 47.603835 51.000011 46.892414 49.346926 44.825268 43.519321 46.208332 49.717953 47.213098 46.212461 47.246626 48.111167 52.431838 44.749132 49.862549 48.965222 48.271307 46.545940 45.729567 48.139291 48.345942 47.317642 48.761434 43.493722 47.408452 44.725896 50.642979 44.624955 49.973926 49.236817 46.595676 48.467861 42.454565 51.044349 46.115928 49.173410 53.143507 46.723829 48.695045 46.531826 49.712470 49.563686 47.260687 45.391124 47.595029 47.817957 54.075211 45.388529 49.816665 48.710618 47.929006 46.222214 48.422037 41.475565 50.415644 49.299428 46.417495 51.266717 47.437452 46.900496 52.224893 48.978548 45.469843 45.183791 48.262868 51.183254 45.978239 46.381840 48.120432 49.910091 45.757229 48.641053 48.328595 45.394946 48.525010 48.248761 51.736715 50.001828 44.040837 46.118611 47.147614 47.879251 50.930788 52.245736 46.339944 51.314604 48.674663 44.576299 50.710716 44.453564 47.534221 46.939468 45.636881 
50.514574 54.240740 53.975297 56.089331 50.328224 51.725523 52.149995 53.040930 55.474532 49.198009 49.964110 52.147890 52.207841 48.330965 50.306494 54.234378 50.535472 51.351643 53.286350 51.277527 50.923727 53.586654 52.012691 47.757037 55.464268 56.782194 52.238842 55.162696 57.910976 53.866972 52.225899 51.910996 48.761780 52.373071 50.672358 53.807223 55.757291 56.490756 54.772083 50.009145 55.437468 55.213166 50.805596 54.895975 51.410584 53.871796 52.146316 52.216243 50.380668 54.016612 52.112858 49.015845 55.683471 50.130983 51.119194 50.233879 53.960503 46.366687 53.862222 49.467753 55.856445 51.349744 47.897839 52.481669 47.550216 51.354918 54.033195 54.705928 56.225540 50.196647 53.585944 52.104293 52.015566 54.962534 49.239290 57.246914 51.691885 53.713555 55.261274 54.710222 53.319852 54.369081 53.669006 50.657957 55.770034 49.123221 49.942162 59.525737 55.839654 56.386495 53.620299 51.483635 54.109543 56.269775 52.134264 51.077685 51.704917 51.124818 50.506085 52.939522 53.364862 47.596971 50.456274 50.874324 51.323820 50.884950 54.361969 52.193140 55.806298 50.720583 53.366421 50.788034 49.616787 53.931594 54.474952 52.459980 54.428027 52.644768 54.797616 57.050448 51.543207 54.389014 52.060250 55.712882 52.218588 51.996326 53.501722 54.660753 53.792011 52.728139 49.565286 52.760351 51.778954 56.052752 51.658977 56.660381 52.597175 55.181089 55.511993 48.265996 54.524233 51.943914 55.577412 57.101889 52.735874 54.609359 51.730821 54.170853 54.792538 50.393925 53.246748 55.175358 53.937021 58.681088 48.364413 55.029157 54.304125 52.963821 51.247191 54.974967 48.219721 57.508617 54.681755 49.246520 54.499179 52.885216 52.443500 57.365368 56.176034 51.180158 50.429546 53.028297 56.753977 54.199591 51.988798 52.776277 53.351234 48.513898 51.562419 54.989170 52.824575 52.797654 55.715414 55.233903 54.235694 49.183280 49.340049 50.070229 52.597515 53.469635 56.997093 49.910645 54.444253 51.308006 48.641771 54.286042 48.579053 55.009815 53.590657 48.057380 
46.713379 48.033872 48.546800 48.025610 45.487406 45.268972 48.030166 48.414573 49.392103 45.694886 47.071106 46.164978 46.993609 43.704800 45.567145 49.305936 47.618506 46.837936 45.549731 47.433777 45.074540 48.882790 48.821011 40.682738 50.349204 51.224705 45.414581 46.604765 50.537356 44.241747 46.350583 47.103246 42.678657 46.686181 44.723301 46.538152 49.407443 48.409505 49.264867 45.886271 48.161710 47.786641 43.886081 46.960729 45.999654 50.191318 46.717475 45.301227 45.240962 45.149706 46.434082 47.093670 48.837868 44.482066 47.140534 44.547340 47.950515 39.470677 46.745196 43.143915 50.958612 46.741253 40.121438 48.681638 42.674083 45.521725 47.668912 49.016219 48.012462 44.056730 46.892924 47.088669 46.975765 49.489847 45.987775 50.682383 47.292048 47.159466 49.770987 47.413706 45.661191 47.974902 46.542620 44.854574 50.339988 44.299305 44.443666 50.672128 49.322750 49.940403 50.020353 46.266773 48.437771 50.344176 46.914865 46.377200 44.523918 44.019392 45.711944 46.652588 45.479667 44.260311 45.726870 44.057711 45.586080 43.795538 47.770429 47.121870 47.353262 44.767150 49.093327 46.956514 46.396390 45.727797 48.506973 47.129796 46.136819 45.531835 47.619899 50.783995 46.367472 49.644628 46.117999 47.921726 44.868309 47.091670 46.636300 47.452117 47.132917 46.111069 45.963045 47.922104 46.009869 49.316047 45.729789 50.737453 47.788839 48.526966 46.564270 43.340488 47.003061 45.672816 52.097183 50.597611 48.299408 50.278051 49.551395 49.764683 48.889357 47.909619 45.458169 47.394731 46.507723 49.014007 44.547053 49.647300 47.407055 47.179793 47.738168 50.020144 42.457274 51.853871 47.623128 45.706675 48.441964 47.280364 45.916202 50.585654 50.155627 46.318423 46.571535 45.361176 49.555647 46.969065 46.559857 44.878829 48.477953 44.408108 45.507808 47.220170 45.858168 48.244670 48.418335 51.244100 48.394062 43.307460 45.938766 45.509947 49.165405 48.363280 50.752784 43.895690 45.978053 47.295309 42.555381 48.069815 42.148341 49.285828 47.020562 43.428217 
48.797907 52.364742 52.783553 52.209667 48.037733 49.820021 52.099159 53.041292 52.294509 48.469419 53.079227 49.677502 49.749341 49.097068 53.224285 53.847796 47.860127 51.654825 51.182335 51.250015 52.108522 53.629264 51.368935 46.475043 52.691954 54.853390 48.434571 55.500298 57.570556 50.899485 49.911436 51.623180 48.800364 51.009298 50.592479 53.128708 55.626176 55.675307 55.605117 50.286583 52.390735 53.106846 46.279257 52.181583 47.853458 54.000165 52.388104 51.132048 48.485537 49.355758 51.665314 51.284561 53.748710 51.101310 50.872331 50.567093 51.500780 46.614505 53.155215 50.107618 59.115736 48.155863 48.831191 54.122904 45.556475 50.668792 53.279369 55.497136 52.622060 49.734570 54.341045 49.424939 49.405823 53.350268 50.563923 57.680865 50.039761 53.102890 53.689282 52.290083 52.543783 51.890385 51.181598 46.275050 54.342150 49.925216 46.686585 58.141193 56.282463 53.822700 53.997867 49.830912 52.726996 55.396665 51.151589 50.452278 50.487784 47.604210 51.971587 50.143594 51.427014 47.462307 48.676607 51.548893 49.826732 49.634385 51.879647 51.057962 54.024689 49.077536 50.353041 50.382431 50.416233 52.192347 53.510303 51.877880 51.714929 51.275879 52.077547 57.581946 50.197105 52.175646 50.618517 52.545715 50.302319 51.933424 52.463886 51.776024 52.503890 51.573006 49.211849 50.746214 51.102103 56.361499 52.418263 57.283991 50.544646 54.608101 51.488659 47.988883 53.149397 50.548216 53.533822 57.178412 52.796359 53.384247 53.472544 52.679677 54.697804 51.885134 50.626098 50.777461 51.122284 55.680501 48.701849 56.301375 53.389341 55.842966 50.834306 52.799291 43.233386 54.631946 51.209929 49.751988 52.833240 52.568978 49.486898 57.336083 53.108088 49.331320 50.292514 51.629097 53.725742 52.362878 50.273111 51.231419 49.826140 46.417893 51.140585 52.034896 49.812710 51.771513 55.812630 54.241374 53.268163 48.480608 49.470075 49.381297 49.482233 53.844813 52.815428 48.487398 52.681128 51.650663 47.149293 55.140259 49.972639 55.142597 51.238370 48.597940 
49.155274 55.811471 51.957343 49.768650 50.317216 50.489682 51.942182 50.746184 51.338142 48.353529 48.230383 49.119674 46.272716 50.370212 52.079712 53.026528 50.510331 48.221504 48.881555 49.457090 49.624029 54.574980 49.380946 47.459746 52.486331 55.722971 49.218678 53.223060 57.015602 49.790960 48.879694 51.724237 47.651788 49.152819 48.620817 50.787898 52.789439 53.897713 53.091149 46.491044 52.774009 53.454740 47.009799 53.757942 48.119432 52.014044 51.319689 50.774792 48.343536 50.272654 49.124140 50.385191 54.750581 48.666010 49.303608 47.103572 48.714249 42.734184 51.449607 51.151711 56.443571 49.368500 47.142397 49.495328 48.391534 51.001142 51.863914 54.486542 51.632630 47.183874 50.648303 50.817766 48.176920 53.227603 48.242898 55.792119 48.353675 50.481772 53.014352 51.497890 53.714569 51.635992 52.054639 49.583580 53.995274 47.586974 48.232230 56.386513 53.269007 52.784871 51.961296 51.068987 49.196163 54.432982 49.374719 52.063226 50.129639 49.659602 50.934080 49.723219 49.697971 46.686635 49.599988 49.752568 49.067095 49.953667 53.275445 49.184152 52.643931 48.239826 52.051437 49.873566 47.406281 51.070464 54.641777 51.194011 50.689335 49.352967 53.527443 55.199636 49.566830 48.621460 50.188339 51.550204 50.581035 50.504968 50.756313 50.451522 53.775309 50.729464 47.425108 52.649200 50.134760 54.336848 48.683994 55.542455 53.671390 55.001050 52.776846 46.093581 53.780449 48.786892 51.897822 53.996600 50.509709 52.500042 54.403463 52.968200 50.294012 48.030092 51.987820 49.790683 51.599098 55.723306 47.027547 52.907419 54.615769 51.545149 50.424655 51.808369 48.473730 54.788733 52.869988 51.153297 53.088010 49.389508 50.611257 56.282130 50.263165 51.440001 51.271691 51.769778 52.480304 52.587252 51.938643 47.503437 53.176372 48.322439 50.811271 49.465088 48.436875 50.145972 52.985115 55.767090 51.979096 48.418336 50.338163 51.038491 51.705103 50.761489 54.096717 49.390625 55.666287 51.636619 46.996386 52.483346 49.102187 52.399949 51.606502 50.107696 
50.494791 54.617313 51.010888 53.543647 50.186062 48.201788 51.650819 51.999239 54.780232 46.989553 52.032149 49.154641 46.306357 49.245881 50.581874 51.154420 50.405498 50.845696 49.582802 51.485793 51.889752 52.272456 54.105645 48.808560 54.571184 55.156177 50.615333 54.761259 56.044065 51.384151 48.298075 52.594608 48.181013 50.402620 51.613811 51.814957 55.317324 53.117760 53.478885 49.415350 51.360489 54.903206 48.490480 50.677746 50.842911 53.614383 49.915262 49.513415 49.358253 51.097845 51.298040 49.898857 50.946061 48.435939 50.020359 50.562432 51.178619 44.442686 50.831623 49.983475 56.414945 51.854076 47.910902 51.625249 47.103294 51.432728 52.324792 54.970055 53.132261 49.274334 51.251406 49.379070 47.530990 53.477777 48.931036 56.445718 49.411475 50.338243 55.215700 52.446454 52.565120 52.562191 53.500781 49.359829 55.428407 48.921048 48.070814 55.626243 52.497209 54.669681 53.151821 49.659494 51.557929 54.883533 49.570871 52.685212 51.433608 47.883877 51.023910 50.997573 52.947281 46.438991 50.868729 51.131151 50.283801 51.051240 52.267005 50.485029 53.831102 49.014612 51.535642 51.735457 52.150440 50.670721 53.474342 53.122233 51.170228 53.667977 52.965916 54.303339 50.645250 53.479353 50.412941 49.965966 50.977115 52.895897 53.114086 52.480880 55.228563 50.159612 48.284738 53.054641 51.448905 55.586972 51.108510 56.566299 52.984794 56.222992 51.026697 46.374437 53.951940 47.860835 53.271008 57.650051 50.996040 54.524431 52.592062 54.348582 52.255263 50.193745 52.981358 51.699132 53.723441 55.346994 46.682087 54.024025 52.989913 53.367410 52.513475 53.937630 46.110665 57.132485 52.510101 49.565025 53.244728 51.923759 51.262246 58.099478 53.318937 51.068617 51.763534 49.794064 54.774717 51.626184 49.218778 52.420014 50.950911 49.421410 50.896205 53.267494 49.153759 51.629078 53.345683 53.814641 53.703881 46.740735 50.838344 49.691367 51.512117 55.315278 54.816431 50.826803 54.060026 52.091152 50.667954 53.625905 49.885399 54.099067 52.719263 48.105276 
46.906928 49.490137 49.387607 51.803156 46.881211 45.997637 48.955184 49.482419 52.082611 45.885054 48.243407 49.423365 48.422180 46.525483 50.897879 51.978804 47.481554 50.267078 48.776351 47.667080 48.148380 50.401970 49.453730 44.823011 55.239887 53.430137 48.141906 52.095989 54.184175 47.961520 48.503255 47.541022 45.724947 48.954326 47.723477 48.522156 53.645460 50.127623 51.775050 45.884760 49.508265 49.607351 45.595539 52.824765 49.014225 49.789082 48.100753 47.338583 47.218564 46.912087 49.834190 49.696243 51.356436 46.591018 48.502627 46.750737 48.346443 44.697549 49.587363 45.377127 53.682384 48.190339 45.123532 50.936630 43.910203 49.048817 47.662391 51.563462 53.196384 44.912269 51.284875 48.808144 47.545716 49.097075 47.723027 54.574433 48.924145 47.982413 50.239181 49.178321 49.246064 49.695567 48.678652 45.253720 53.472299 45.662661 47.437101 55.242583 52.205342 53.029322 49.447389 47.817651 49.704503 49.687539 49.539771 48.503332 47.939503 47.641070 48.475852 49.825879 47.349844 44.693522 47.109194 46.987628 49.017737 48.478534 49.139050 49.509457 50.955754 48.567072 50.064281 47.530248 47.000494 47.872883 51.380344 53.240139 51.678655 51.765266 48.957287 52.834956 47.594612 52.164728 45.911515 49.660514 48.248834 49.657870 49.355094 49.589369 50.587407 49.212972 47.251615 50.160169 47.907096 53.595793 45.964000 52.541036 49.033663 53.715375 50.442115 44.862352 51.614676 45.923454 51.017100 53.251890 47.971347 53.687840 50.567964 51.591922 49.318846 50.287461 47.582008 48.432730 50.748745 55.307240 46.383464 52.990305 51.428364 49.459203 47.832543 50.042593 44.066059 53.560961 49.132109 48.389862 51.192850 50.845220 46.686699 52.704493 51.844502 46.746317 47.618607 50.031052 52.374487 49.228341 47.763214 48.536302 49.635630 44.669334 48.794680 48.772113 46.219489 47.370232 50.995140 51.637038 52.407709 44.284046 47.944736 45.137846 49.335702 52.540368 51.932238 47.382221 49.227713 47.320733 44.578492 50.897056 45.572603 51.873717 48.180055 45.677346 
46.954532 50.908786 52.561873 53.355230 48.648159 50.198436 52.515262 50.931820 52.593088 48.583238 51.969810 49.938483 46.336729 47.741689 50.843420 52.468968 50.448284 49.024621 48.654493 49.135374 49.648617 52.743825 48.425197 45.368323 55.040765 52.595955 51.283334 52.082478 58.443479 50.193599 51.767621 48.130416 50.415396 51.362720 51.017611 48.977096 53.601543 54.187989 55.410961 49.718743 52.347065 51.877791 47.518923 50.814029 46.708347 50.003472 53.029907 48.584951 50.249794 51.527904 50.525708 46.821627 53.973907 48.643955 50.823072 47.332206 50.896525 43.017414 50.917004 48.232648 56.359937 52.805743 48.168782 52.742216 47.128107 50.978848 51.993119 52.698212 54.172565 49.061649 51.754780 51.474642 49.066498 51.107829 47.243771 55.153934 50.112832 51.385987 52.330779 51.422919 49.087577 52.156322 51.127070 46.307970 53.031301 47.510303 45.887977 53.812050 53.418391 53.940963 51.339402 49.348702 50.495311 53.030612 50.792916 50.432927 50.862251 52.258517 48.737509 49.362185 51.296122 45.828338 48.452698 49.315448 48.816546 49.512299 52.264257 49.005581 55.186809 48.992252 51.403091 49.010368 47.019148 49.849692 54.448514 50.462632 51.477576 50.259781 51.313097 56.379420 50.788554 52.238756 49.280414 50.652245 49.993804 51.839992 53.756288 51.318543 50.966097 50.786935 50.077374 51.504887 47.693434 54.297795 49.460445 52.469836 50.515386 52.297120 50.722672 47.447910 54.858946 48.910775 53.598430 54.030436 50.987792 50.856750 51.939524 53.045639 50.955160 49.959589 50.710760 48.589633 51.597067 55.164349 47.621907 53.240130 50.995401 52.070448 48.961279 52.188539 47.110159 54.593833 51.825415 47.754976 54.768984 50.156551 48.960777 55.600577 54.147636 50.705907 50.055697 51.760263 52.876016 49.315453 49.988983 50.422071 53.046293 47.870154 52.082314 51.270397 47.626588 50.749133 53.553465 51.520528 51.189342 44.631443 49.942794 48.522259 50.959762 52.859270 54.297049 47.484340 55.623179 49.064976 49.048399 54.567366 45.794005 53.088526 51.745091 47.127153 
47.551667 49.223893 48.008943 49.865997 45.147288 48.254869 48.668995 48.396026 49.497045 45.435175 48.914415 45.210169 46.307486 44.210833 47.625386 47.816542 44.509522 47.482966 47.620283 46.622632 47.190281 50.857456 47.946158 43.348157 51.444652 52.292933 49.457926 51.097270 53.712699 46.889699 44.856115 48.213487 43.269350 47.303362 46.031685 47.621016 53.274608 49.398140 49.827955 45.715078 49.773844 50.348957 43.348388 49.215914 45.483439 47.972525 47.943733 48.136425 45.656502 49.658056 47.578139 44.930855 50.230588 46.236309 46.869466 44.830472 44.504277 42.090286 47.095593 45.116173 53.129498 45.979608 44.009539 47.675672 44.767435 45.912100 48.607557 49.925392 51.225704 44.709260 48.733700 48.169577 47.528104 48.154872 46.297853 52.046191 46.538756 48.271239 49.820879 46.823287 48.094682 47.876612 49.622190 43.465772 48.093044 42.869723 46.279908 52.149187 48.448648 50.756328 49.556341 44.886467 47.682895 51.806714 47.285874 47.339603 47.323153 44.892889 47.470019 46.005587 45.596861 44.524193 45.264326 48.075126 46.215994 45.391438 46.582998 49.174668 50.404677 46.020466 46.158080 46.828382 44.496679 48.018769 50.190536 47.797606 46.395923 47.896498 49.401035 50.163055 46.472693 47.918587 46.240794 50.186381 46.811889 46.710507 50.829932 46.962133 49.650725 46.324783 43.570480 48.079870 47.402115 52.046740 45.785634 52.841661 47.563701 50.071291 47.364065 44.326945 50.113241 46.634787 49.999182 51.768068 47.375650 50.821272 49.766006 48.723698 48.044927 48.311503 48.331555 47.682542 48.134355 51.719279 44.274173 47.972410 49.854574 50.920050 45.577585 48.095900 43.126933 49.014297 48.483103 43.208722 49.406898 48.402160 44.414658 49.491832 52.688867 47.382732 47.234304 47.507654 51.713164 48.706227 46.589458 50.473612 48.317391 45.161639 48.521161 49.344661 45.636727 48.860219 48.639779 49.852037 48.979915 43.631346 46.956103 44.057234 46.829665 50.130946 47.167904 44.555693 49.802037 47.410229 43.604026 51.242652 43.711137 50.467826 46.975895 45.874144 
45.405363 46.669327 45.886001 51.899324 44.760834 46.444236 50.595027 50.681955 51.381414 46.262527 46.719163 49.941455 47.429523 46.771663 47.648468 47.516410 48.090888 48.759191 46.199704 48.396906 46.921230 49.359674 48.292960 43.918701 53.320689 50.453962 45.922171 48.498519 55.171818 46.579917 46.757512 47.932099 46.380947 47.048464 47.036259 48.355816 52.153204 49.245051 49.627542 41.472420 49.812614 50.574970 45.120575 46.815076 45.224237 48.758644 47.312599 46.555620 44.367072 47.031418 47.213940 49.347299 50.279043 46.650548 47.706045 44.642817 48.582148 43.434061 49.215554 45.081352 51.316668 45.445346 44.405671 49.393931 44.883397 47.629700 47.590029 49.562977 51.730376 46.197373 49.181452 48.858635 47.318585 49.123049 46.031435 52.756721 46.632214 46.971947 50.898082 49.848159 47.839431 48.773409 47.902496 42.805931 52.654024 44.657698 42.682340 52.764982 49.819276 49.783471 49.234974 43.864253 49.999915 51.953455 46.060946 48.965366 47.335770 46.459394 49.084377 46.828885 47.241590 42.613579 46.695521 48.558469 46.443374 48.224499 47.987110 49.718044 50.149304 46.792027 47.367176 46.696407 48.612845 45.405895 50.544315 48.161839 49.431110 46.862830 48.299246 52.804633 46.825591 50.361276 46.577546 48.120468 45.944033 48.107396 48.149590 45.717288 51.434692 47.377345 45.693207 50.048195 47.969633 51.644878 44.118647 51.418507 47.481600 49.138984 47.666938 43.734560 48.828797 45.808146 47.834769 52.721075 47.245816 50.428422 49.228893 50.058939 49.769003 48.281154 50.894521 43.612280 48.656720 51.286975 43.562740 49.806935 49.055068 49.894579 49.066571 47.259245 42.591376 52.423956 47.925477 46.381903 50.525048 48.203669 43.282819 51.928111 50.734363 47.176267 49.520412 47.186410 49.600847 47.717844 47.802384 48.821422 48.518688 45.616302 47.320730 48.073233 46.294566 47.919733 50.927922 49.876260 51.673752 44.885676 46.144640 46.203765 50.004707 49.418420 50.036064 48.472533 51.323250 47.738603 42.462274 50.574501 45.390491 50.734471 47.189242 44.380120 
45.201533 47.384496 47.075755 49.113226 44.941729 46.355097 48.251544 47.498165 49.367090 44.610075 47.005597 46.640723 45.067426 47.133692 46.109974 50.089909 45.300686 44.387137 44.853782 46.269355 46.172032 45.838798 46.319152 42.567464 50.012833 51.963066 46.290823 49.235091 52.764013 46.375010 45.576183 47.946724 44.790655 46.733359 45.592040 46.528004 50.994491 49.351777 51.169520 44.508405 49.641911 49.118146 44.415759 48.364451 47.841174 47.995910 46.128165 45.734939 44.766683 47.863975 49.045156 45.365463 49.280518 47.052715 46.508602 44.337246 46.491258 42.151924 47.125442 44.637400 51.217518 47.769255 43.016061 48.013324 42.927568 47.231226 48.304459 47.612605 51.872014 45.811745 46.342642 46.987000 44.736940 50.505027 43.577954 51.189633 48.569317 48.360602 49.117306 48.951751 46.062397 45.844113 47.317848 45.695895 48.855888 43.944270 45.442138 51.958035 47.270000 51.061596 47.265375 45.451454 46.090226 51.758084 46.219135 45.648154 46.276818 46.032962 48.725830 46.515521 46.509481 42.667761 42.981944 45.515992 45.456436 48.018897 46.112565 47.778299 50.361363 47.510988 46.938190 45.387557 45.739093 47.599979 50.141648 48.597064 45.588720 47.938095 47.112475 50.606074 46.846763 49.375350 46.024988 47.735138 44.855435 48.261895 47.513688 47.411634 49.057598 46.474535 45.292625 48.308491 45.797135 51.185044 45.709518 49.852086 47.875302 49.827937 47.332695 44.629193 48.158776 46.096693 49.064864 51.815040 45.556570 50.512025 47.710113 49.609951 49.245895 44.988556 45.805057 47.864807 47.348311 50.600330 45.059862 48.671602 48.692714 47.803735 46.877670 48.646282 41.566998 51.323573 47.390434 45.851954 48.755721 46.633062 45.818472 53.707730 50.693166 45.758695 45.704654 47.911306 51.739451 48.029775 46.560984 49.558247 46.524166 43.224742 46.228509 50.581393 45.342776 46.612094 50.044612 50.773193 48.274767 43.765006 47.505158 43.665297 45.815319 50.194818 51.889011 45.399359 48.309272 49.940735 42.663761 48.287010 41.507243 50.062643 47.549411 44.060775 
46.007153 50.470119 49.653620 47.895502 44.674696 48.276252 50.344960 47.150399 49.265399 45.420011 46.902979 46.617495 44.418398 45.673917 46.783780 48.951116 47.986217 46.727636 45.906176 45.700580 46.256329 50.464609 49.368192 44.890537 51.151068 51.760127 46.276373 50.281274 54.303579 46.648990 44.088582 47.364531 44.189030 47.486280 48.859717 47.643098 50.505418 48.950844 49.269402 45.911734 46.700960 50.624105 44.729806 45.996107 46.421665 47.669192 46.825651 48.263672 47.915768 47.389284 46.766450 47.103417 48.834100 44.887431 46.349871 44.463405 47.230564 41.108234 48.301170 45.570721 54.043128 47.584154 44.788121 46.852800 44.955830 48.341689 49.564057 48.388266 49.174699 46.352140 49.163307 45.210187 46.086741 48.731826 46.205484 51.141205 46.377654 47.152926 50.264957 50.751909 49.439442 49.984127 49.177657 43.050687 50.264537 45.335984 42.991542 52.325174 47.640340 50.150424 50.288203 45.344669 48.507033 50.012449 48.426794 46.278061 45.402653 46.618915 47.913152 44.643932 45.808799 43.479774 44.382267 48.504269 46.032108 43.758610 47.618825 45.246218 48.864855 45.423162 47.290657 46.566838 47.952780 48.357101 50.556909 47.416431 46.155643 48.709659 48.471267 48.682467 46.241992 50.736783 48.226127 48.110797 44.537532 46.588225 51.556815 48.995670 51.958423 48.090453 44.036319 49.535040 47.070836 52.508598 45.661417 51.363063 48.262519 51.284022 45.997390 45.570095 51.685555 46.049112 50.679057 51.601436 48.587311 49.227777 50.028149 47.176430 47.550115 46.384423 48.453833 44.253237 48.038808 51.755072 43.988235 51.996522 50.687573 49.251404 47.776592 47.795607 44.728026 53.280613 47.791876 46.745463 49.243658 49.897585 45.964830 52.884787 50.154284 45.848088 47.150495 46.811165 51.155098 46.489213 48.076608 46.547460 46.746383 45.753320 46.675301 50.056275 45.377243 48.674299 49.723995 52.637344 50.058911 45.243367 43.929165 46.687172 48.306450 48.773350 47.792638 46.913134 50.240941 50.543759 47.919957 49.998434 44.797694 51.037684 47.582135 45.937758 
49.152044 51.249953 49.171525 52.171530 46.384694 47.752035 52.365150 49.571077 52.535402 47.221465 50.525112 47.980907 48.976099 48.849080 51.627497 50.470530 47.495396 47.880656 46.400134 48.308119 46.607265 49.696576 50.304003 46.537143 54.375130 53.848255 49.778425 52.598834 55.903057 47.704614 47.101837 49.533936 47.464049 50.431184 48.673335 51.796206 53.635244 51.452512 52.651369 45.211785 50.192126 51.809052 44.932081 50.564663 48.245978 51.320167 49.883509 49.458588 47.921377 50.656214 49.629158 48.076899 50.808138 47.971571 50.395078 47.561265 46.409032 43.154393 50.486419 47.237373 54.582641 48.519000 45.839725 50.382876 44.693710 48.860135 49.520470 52.198156 54.849418 48.204284 49.344033 51.049644 47.501113 50.865110 47.165394 54.312206 47.578921 49.927238 53.366053 52.302518 47.581251 49.833290 49.400123 44.660401 52.320492 46.937150 45.995271 53.798911 50.452004 51.721711 50.592573 46.207540 48.931860 54.725968 48.736386 50.653061 50.338075 48.989723 49.350243 48.768765 48.777736 44.625208 49.549552 49.942011 47.681325 48.543147 50.818697 49.939202 53.002352 47.014483 51.531620 49.140115 47.658463 49.140848 53.622683 49.054557 48.213469 51.605847 51.821486 56.434717 48.729714 52.323893 48.115637 49.710642 45.767266 51.067439 54.392745 48.857363 51.111499 49.267872 45.741673 49.452813 47.856324 54.354714 48.223912 52.145613 48.224016 50.643503 48.304558 44.951472 52.098914 48.741248 50.979914 54.210322 49.592246 53.326211 51.053395 50.445509 48.968120 49.176674 48.003412 45.452626 50.767238 53.998137 45.598373 50.868380 49.377739 52.012406 50.131397 50.707494 43.823580 53.305583 51.320508 46.407800 53.340230 48.658612 46.119940 55.359857 53.793357 48.740475 48.477453 49.238452 52.401079 50.039536 49.168253 49.998256 46.703136 47.244935 49.988874 50.615878 47.386725 52.370268 51.727095 53.985863 52.647596 46.038323 48.668794 48.002228 49.751367 50.942476 52.525308 48.212788 51.920315 50.404046 46.718070 51.880269 45.610444 54.061928 47.834352 46.874153 
46.623520 48.599063 48.871030 49.068024 45.710033 44.885410 49.527818 49.370371 49.403098 45.338501 49.023271 47.886702 43.989201 44.314223 46.365893 46.860471 47.818236 44.749708 48.559923 46.872314 45.958295 49.354799 45.997040 43.285310 49.168548 51.749386 47.127645 50.057320 51.578249 47.841797 46.656952 47.906294 47.241201 46.145888 47.488192 48.403330 52.961364 49.131217 51.235365 42.418977 50.687634 48.063897 45.043426 49.920622 45.516539 48.011152 46.824941 48.426012 41.806510 46.469096 47.511669 46.294403 47.375645 45.503781 43.583667 45.710539 47.060063 42.955489 49.373298 44.873591 49.270071 46.944202 44.650207 49.941102 44.729214 46.975483 47.962661 49.499412 48.455075 43.996290 49.252635 48.355882 44.955447 51.693025 46.210372 51.881358 46.939792 46.757469 50.823911 49.187024 47.298512 48.396744 47.699910 44.357715 48.321733 45.493367 45.231543 50.886909 49.177301 49.377865 49.508229 44.584964 48.338560 50.277277 45.932993 50.156690 48.276554 46.870179 44.605603 47.308865 46.532377 46.356269 46.814591 46.608585 45.462868 47.746406 49.506408 46.301083 50.732161 45.655437 47.945455 47.767320 44.077543 47.999902 48.807596 49.648748 45.881021 48.348826 49.768202 52.787947 46.691607 48.847051 46.182421 47.630333 44.574950 47.194164 47.610247 47.592361 48.176853 50.218422 44.551151 47.622399 45.159722 51.811458 44.807834 51.037432 46.287056 49.675692 49.519656 42.066506 47.707229 45.984956 50.127473 52.499498 47.593725 51.584299 47.364812 49.743137 49.385566 46.800983 47.251797 48.189540 48.126752 50.995437 42.522380 48.771387 50.884549 49.753719 49.290581 47.791617 43.537537 49.804026 50.480938 44.551998 49.763086 47.232866 42.682380 53.019387 47.860797 46.815103 45.453068 47.773009 50.455061 47.574156 46.846804 46.418075 49.212068 44.842403 49.061956 47.806317 43.210635 48.862662 49.261638 50.104276 49.887046 44.392905 45.520609 46.733569 48.647208 48.489698 48.727907 43.454007 51.529698 47.197011 44.912149 52.447881 45.021480 50.588652 46.856026 44.366086 
47.877322 49.195791 49.502284 51.273030 45.398670 47.863537 50.349737 50.323689 51.618971 47.379856 50.035100 47.398188 45.639053 46.829846 46.772414 50.036817 47.543602 48.031038 49.324057 49.849800 48.955121 52.309253 49.222804 44.778778 53.932331 54.174035 46.645822 51.199485 58.308033 46.600757 46.060012 48.424282 46.821781 49.934482 49.391600 49.148108 54.228273 53.850385 50.659236 47.593489 51.019280 50.390172 44.547870 52.334631 48.392843 49.474748 46.701704 49.335795 48.663223 48.322131 48.515890 48.076851 50.736030 45.269967 49.721745 47.085437 48.795686 42.628347 51.871475 49.395847 54.021789 48.692776 46.511981 53.752622 45.124337 48.283037 49.963189 51.360529 51.556102 47.439418 51.355837 48.237571 46.969063 49.662443 48.040913 52.712663 48.131912 48.432268 52.032528 51.817653 49.835582 53.526193 49.214889 43.468355 52.946360 45.747076 45.492919 53.897638 49.584330 53.236206 51.644355 47.131693 50.392376 53.087194 49.435159 47.880011 48.137561 47.408676 51.653617 46.867670 50.167819 46.128007 49.580506 47.910926 47.917271 46.751296 50.431625 49.481217 50.551636 49.501803 49.083174 48.361818 47.712123 50.538901 52.612884 49.199066 50.232400 49.878675 51.722833 53.097281 49.048096 50.962733 47.187924 50.295373 48.915883 49.606182 50.559989 51.069868 51.229439 50.859557 47.441858 50.539733 49.571830 52.637213 47.304863 53.282433 47.876873 53.228153 50.131489 44.781362 52.275607 48.300831 51.940636 53.156229 53.094797 51.013761 51.855933 54.472125 49.681293 48.743155 49.345200 47.920223 49.794436 53.333033 45.122176 53.707045 52.642914 52.973679 47.307120 50.645397 44.686626 53.738482 51.289468 47.882140 50.425775 52.148307 46.078014 53.742186 50.705103 49.058922 50.075152 49.836496 51.620829 49.529542 48.769298 49.946653 50.222221 46.363890 50.642877 49.724921 47.426738 50.647505 51.332428 51.579544 53.221438 45.039356 48.186378 48.317224 48.924307 50.987701 50.959809 47.258539 51.830071 50.029099 46.768548 51.417041 45.292933 51.142510 50.258429 44.750022 
44.594926 47.318430 48.087387 48.173864 43.763962 43.860222 47.635851 45.750942 46.939991 43.975031 44.142690 43.444907 45.230737 43.166201 45.741335 48.168989 44.353872 45.014531 44.466344 45.668518 45.284298 46.048903 43.750217 40.806067 50.513753 49.946087 45.073954 48.987269 52.283743 45.455212 43.928745 47.605391 42.661582 44.468139 43.701184 46.317197 48.568498 49.748411 48.721486 42.424487 46.571596 47.384746 43.376609 50.019360 44.076645 47.247292 44.838520 46.055603 43.355331 45.772884 44.996089 46.402860 44.629643 43.022671 44.390580 42.552566 45.450703 40.987215 45.234580 43.239724 50.856522 46.864160 42.710524 45.300296 42.795472 46.372175 44.982869 46.702249 47.322573 43.120660 49.290348 47.178764 42.901964 49.432806 43.607952 51.242607 46.261919 46.963845 48.734746 47.219141 47.032874 47.987858 48.151851 44.044745 48.007022 41.278851 40.352066 49.552234 48.713054 48.272416 44.848596 43.772096 47.342343 48.758347 44.868982 47.319987 43.949324 44.033378 43.176158 45.919888 46.183232 43.957610 44.347567 44.205084 45.239006 43.118654 47.086105 45.112531 49.567203 44.255548 47.524062 45.096518 43.971073 45.244986 49.748830 44.960858 46.324417 43.245335 47.203583 49.898178 44.610958 48.681895 44.781519 44.502460 45.599266 46.451709 46.438142 46.914715 46.562890 45.077780 43.303330 47.289454 44.670934 48.083089 44.314254 50.591172 44.395924 47.402321 46.799768 42.732335 49.009796 41.586843 48.934546 51.297000 46.923864 49.096860 46.402050 47.104825 46.235329 43.409840 46.522973 44.231668 45.749113 48.452853 41.643582 44.593518 48.523038 47.462729 45.115865 45.951729 41.952081 49.041292 46.447555 45.092863 47.269322 45.865312 44.731358 49.064978 47.848792 45.619421 45.246290 45.517746 47.685993 45.606907 46.011555 44.438408 44.783031 42.569834 45.934812 45.786021 46.090003 46.357580 48.049152 45.805194 49.994606 42.747015 44.316943 46.801432 44.644979 47.145551 45.495465 44.183330 50.446435 45.408443 43.306531 48.008639 42.149543 47.694402 46.585497 42.393903 
